"period","subba","subba-name","parent","parent-name","value","value-units"
"2026-10-07T07","ACMA","City of Acoma Pueblo","PNM","Public Service Company of New Mexico","2","megawatthours"
"2026-10-07T07","CYGA","City of Gallup","PNM","Public Service Company of New Mexico","15","megawatthours"
"2026-10-07T07","Frep","Freeport","PNM","Public Service Company of New Mexico","44","megawatthours"
"2026-10-07T07","Jica","Jicarilla Apache Nation","PNM","Public Service Company of New Mexico","2","megawatthours"
"2026-10-07T07","KAFB","Kirtland Air Force Base","PNM","Public Service Company of New Mexico","52","megawatthours"
"2026-10-07T07","KCEC","Kit Carson Electric Cooperative","PNM","Public Service Company of New Mexico","25","megawatthours"
"2026-10-07T07","LAC","Los Alamos County","PNM","Public Service Company of New Mexico","69","megawatthours"
"2026-10-07T07","PNM","PNM System Firm Load","PNM","Public Service Company of New Mexico","1049","megawatthours"
"2026-10-07T07","TSGT","Tri-State Generation and Transmission","PNM","Public Service Company of New Mexico","213","megawatthours"
"2026-10-07T06","ACMA","City of Acoma Pueblo","PNM","Public Service Company of New Mexico","2","megawatthours"
"2026-10-07T06","CYGA","City of Gallup","PNM","Public Service Company of New Mexico","17","megawatthours"
"2026-10-07T06","Frep","Freeport","PNM","Public Service Company of New Mexico","44","megawatthours"
"2026-10-07T06","Jica","Jicarilla Apache Nation","PNM","Public Service Company of New Mexico","2","megawatthours"
"2026-10-07T06","KAFB","Kirtland Air Force Base","PNM","Public Service Company of New Mexico","52","megawatthours"
"2026-10-07T06","KCEC","Kit Carson Electric Cooperative","PNM","Public Service Company of New Mexico","26","megawatthours"
"2026-10-07T06","LAC","Los Alamos County","PNM","Public Service Company of New Mexico","70","megawatthours"
"2026-10-07T06","PNM","PNM System Firm Load","PNM","Public Service Company of New Mexico","1113","megawatthours"
"2026-10-07T06","TSGT","Tri-State Generation and Transmission","PNM","Public Service Company of New Mexico","222","megawatthours"
"2026-10-07T05","ACMA","City of Acoma Pueblo","PNM","Public Service Company of New Mexico","2","megawatthours"
"2026-10-07T05","CYGA","City of Gallup","PNM","Public Service Company of New Mexico","17","megawatthours"
"2026-10-07T05","Frep","Freeport","PNM","Public Service Company of New Mexico","44","megawatthours"
"2026-10-07T05","Jica","Jicarilla Apache Nation","PNM","Public Service Company of New Mexico","2","megawatthours"
"2026-10-07T05","KAFB","Kirtland Air Force Base","PNM","Public Service Company of New Mexico","53","megawatthours"
"2026-10-07T05","KCEC","Kit Carson Electric Cooperative","PNM","Public Service Company of New Mexico","27","megawatthours"
"2026-10-07T05","LAC","Los Alamos County","PNM","Public Service Company of New Mexico","71","megawatthours"
"2026-10-07T05","PNM","PNM System Firm Load","PNM","Public Service Company of New Mexico","1191","megawatthours"
"2026-10-07T05","TSGT","Tri-State Generation and Transmission","PNM","Public Service Company of New Mexico","237","megawatthours"
"2026-10-07T04","ZONA","West","NYIS","New York Independent System Operator","1431","megawatthours"
"2026-10-07T04","ZONB","Genesee","NYIS","New York Independent System Operator","918","megawatthours"
"2026-10-07T04","ZONC","Central","NYIS","New York Independent System Operator","1492","megawatthours"
"2026-10-07T04","ZOND","North","NYIS","New York Independent System Operator","553","megawatthours"
"2026-10-07T04","ZONE","Mohawk Valley","NYIS","New York Independent System Operator","734","megawatthours"
"2026-10-07T04","ZONF","Capital","NYIS","New York Independent System Operator","1087","megawatthours"
"2026-10-07T04","ZONG","Hudson Valley","NYIS","New York Independent System Operator","925","megawatthours"
"2026-10-07T04","ZONH","Millwood","NYIS","New York Independent System Operator","195","megawatthours"
"2026-10-07T04","ZONI","Dunwoodie","NYIS","New York Independent System Operator","508","megawatthours"
"2026-10-07T04","ZONJ","New York City","NYIS","New York Independent System Operator","4471","megawatthours"
"2026-10-07T04","ZONK","Long Island","NYIS","New York Independent System Operator","1764","megawatthours"
"2026-10-07T04","ACMA","City of Acoma Pueblo","PNM","Public Service Company of New Mexico","2","megawatthours"
"2026-10-07T04","CYGA","City of Gallup","PNM","Public Service Company of New Mexico","20","megawatthours"
"2026-10-07T04","Frep","Freeport","PNM","Public Service Company of New Mexico","45","megawatthours"
"2026-10-07T04","Jica","Jicarilla Apache Nation","PNM","Public Service Company of New Mexico","2","megawatthours"
"2026-10-07T04","KAFB","Kirtland Air Force Base","PNM","Public Service Company of New Mexico","54","megawatthours"
"2026-10-07T04","KCEC","Kit Carson Electric Cooperative","PNM","Public Service Company of New Mexico","24","megawatthours"
"2026-10-07T04","LAC","Los Alamos County","PNM","Public Service Company of New Mexico","72","megawatthours"
"2026-10-07T04","PNM","PNM System Firm Load","PNM","Public Service Company of New Mexico","1276","megawatthours"
"2026-10-07T04","TSGT","Tri-State Generation and Transmission","PNM","Public Service Company of New Mexico","246","megawatthours"
"2026-10-07T03","ZONA","West","NYIS","New York Independent System Operator","1508","megawatthours"
"2026-10-07T03","ZONB","Genesee","NYIS","New York Independent System Operator","989","megawatthours"
"2026-10-07T03","ZONC","Central","NYIS","New York Independent System Operator","1566","megawatthours"
"2026-10-07T03","ZOND","North","NYIS","New York Independent System Operator","573","megawatthours"
"2026-10-07T03","ZONE","Mohawk Valley","NYIS","New York Independent System Operator","780","megawatthours"
"2026-10-07T03","ZONF","Capital","NYIS","New York Independent System Operator","1146","megawatthours"
"2026-10-07T03","ZONG","Hudson Valley","NYIS","New York Independent System Operator","990","megawatthours"
"2026-10-07T03","ZONH","Millwood","NYIS","New York Independent System Operator","215","megawatthours"
"2026-10-07T03","ZONI","Dunwoodie","NYIS","New York Independent System Operator","549","megawatthours"
"2026-10-07T03","ZONJ","New York City","NYIS","New York Independent System Operator","4803","megawatthours"
"2026-10-07T03","ZONK","Long Island","NYIS","New York Independent System Operator","1924","megawatthours"
"2026-10-07T03","ACMA","City of Acoma Pueblo","PNM","Public Service Company of New Mexico","2","megawatthours"
"2026-10-07T03","CYGA","City of Gallup","PNM","Public Service Company of New Mexico","21","megawatthours"
"2026-10-07T03","Frep","Freeport","PNM","Public Service Company of New Mexico","46","megawatthours"
"2026-10-07T03","Jica","Jicarilla Apache Nation","PNM","Public Service Company of New Mexico","2","megawatthours"
"2026-10-07T03","KAFB","Kirtland Air Force Base","PNM","Public Service Company of New Mexico","55","megawatthours"
"2026-10-07T03","KCEC","Kit Carson Electric Cooperative","PNM","Public Service Company of New Mexico","25","megawatthours"
"2026-10-07T03","LAC","Los Alamos County","PNM","Public Service Company of New Mexico","74","megawatthours"
"2026-10-07T03","PNM","PNM System Firm Load","PNM","Public Service Company of New Mexico","1352","megawatthours"
"2026-10-07T03","TSGT","Tri-State Generation and Transmission","PNM","Public Service Company of New Mexico","261","megawatthours"
"2026-10-07T02","ZONA","West","NYIS","New York Independent System Operator","1599","megawatthours"
"2026-10-07T02","ZONB","Genesee","NYIS","New York Independent System Operator","1063","megawatthours"
"2026-10-07T02","ZONC","Central","NYIS","New York Independent System Operator","1659","megawatthours"
"2026-10-07T02","ZOND","North","NYIS","New York Independent System Operator","581","megawatthours"
"2026-10-07T02","ZONE","Mohawk Valley","NYIS","New York Independent System Operator","836","megawatthours"
"2026-10-07T02","ZONF","Capital","NYIS","New York Independent System Operator","1236","megawatthours"
"2026-10-07T02","ZONG","Hudson Valley","NYIS","New York Independent System Operator","1065","megawatthours"
"2026-10-07T02","ZONH","Millwood","NYIS","New York Independent System Operator","237","megawatthours"
"2026-10-07T02","ZONI","Dunwoodie","NYIS","New York Independent System Operator","590","megawatthours"
"2026-10-07T02","ZONJ","New York City","NYIS","New York Independent System Operator","5081","megawatthours"
"2026-10-07T02","ZONK","Long Island","NYIS","New York Independent System Operator","2061","megawatthours"
"2026-10-07T02","ACMA","City of Acoma Pueblo","PNM","Public Service Company of New Mexico","2","megawatthours"
"2026-10-07T02","CYGA","City of Gallup","PNM","Public Service Company of New Mexico","24","megawatthours"
"2026-10-07T02","Frep","Freeport","PNM","Public Service Company of New Mexico","42","megawatthours"
"2026-10-07T02","Jica","Jicarilla Apache Nation","PNM","Public Service Company of New Mexico","2","megawatthours"
"2026-10-07T02","KAFB","Kirtland Air Force Base","PNM","Public Service Company of New Mexico","55","megawatthours"
"2026-10-07T02","KCEC","Kit Carson Electric Cooperative","PNM","Public Service Company of New Mexico","26","megawatthours"
"2026-10-07T02","LAC","Los Alamos County","PNM","Public Service Company of New Mexico","74","megawatthours"
"2026-10-07T02","PNM","PNM System Firm Load","PNM","Public Service Company of New Mexico","1408","megawatthours"
"2026-10-07T02","TSGT","Tri-State Generation and Transmission","PNM","Public Service Company of New Mexico","269","megawatthours"
"2026-10-07T01","ZONA","West","NYIS","New York Independent System Operator","1670","megawatthours"
"2026-10-07T01","ZONB","Genesee","NYIS","New York Independent System Operator","1115","megawatthours"
"2026-10-07T01","ZONC","Central","NYIS","New York Independent System Operator","1736","megawatthours"
"2026-10-07T01","ZOND","North","NYIS","New York Independent System Operator","586","megawatthours"
"2026-10-07T01","ZONE","Mohawk Valley","NYIS","New York Independent System Operator","880","megawatthours"
"2026-10-07T01","ZONF","Capital","NYIS","New York Independent System Operator","1308","megawatthours"
"2026-10-07T01","ZONG","Hudson Valley","NYIS","New York Independent System Operator","1115","megawatthours"
"2026-10-07T01","ZONH","Millwood","NYIS","New York Independent System Operator","253","megawatthours"
"2026-10-07T01","ZONI","Dunwoodie","NYIS","New York Independent System Operator","608","megawatthours"
"2026-10-07T01","ZONJ","New York City","NYIS","New York Independent System Operator","5311","megawatthours"
"2026-10-07T01","ZONK","Long Island","NYIS","New York Independent System Operator","2193","megawatthours"
"2026-10-07T01","ACMA","City of Acoma Pueblo","PNM","Public Service Company of New Mexico","2","megawatthours"
"2026-10-07T01","CYGA","City of Gallup","PNM","Public Service Company of New Mexico","23","megawatthours"
"2026-10-07T01","Frep","Freeport","PNM","Public Service Company of New Mexico","43","megawatthours"
"2026-10-07T01","Jica","Jicarilla Apache Nation","PNM","Public Service Company of New Mexico","2","megawatthours"
"2026-10-07T01","KAFB","Kirtland Air Force Base","PNM","Public Service Company of New Mexico","55","megawatthours"
"2026-10-07T01","KCEC","Kit Carson Electric Cooperative","PNM","Public Service Company of New Mexico","31","megawatthours"
"2026-10-07T01","LAC","Los Alamos County","PNM","Public Service Company of New Mexico","74","megawatthours"
"2026-10-07T01","PNM","PNM System Firm Load","PNM","Public Service Company of New Mexico","1438","megawatthours"
"2026-10-07T01","TSGT","Tri-State Generation and Transmission","PNM","Public Service Company of New Mexico","273","megawatthours"
"2026-10-07T00","ZONA","West","NYIS","New York Independent System Operator","1701","megawatthours"
"2026-10-07T00","ZONB","Genesee","NYIS","New York Independent System Operator","1143","megawatthours"
"2026-10-07T00","ZONC","Central","NYIS","New York Independent System Operator","1777","megawatthours"
"2026-10-07T00","ZOND","North","NYIS","New York Independent System Operator","607","megawatthours"
"2026-10-07T00","ZONE","Mohawk Valley","NYIS","New York Independent System Operator","899","megawatthours"
"2026-10-07T00","ZONF","Capital","NYIS","New York Independent System Operator","1358","megawatthours"
"2026-10-07T00","ZONG","Hudson Valley","NYIS","New York Independent System Operator","1148","megawatthours"
"2026-10-07T00","ZONH","Millwood","NYIS","New York Independent System Operator","264","megawatthours"
"2026-10-07T00","ZONI","Dunwoodie","NYIS","New York Independent System Operator","629","megawatthours"
"2026-10-07T00","ZONJ","New York City","NYIS","New York Independent System Operator","5494","megawatthours"
"2026-10-07T00","ZONK","Long Island","NYIS","New York Independent System Operator","2272","megawatthours"
"2026-10-07T00","ACMA","City of Acoma Pueblo","PNM","Public Service Company of New Mexico","3","megawatthours"
"2026-10-07T00","CYGA","City of Gallup","PNM","Public Service Company of New Mexico","24","megawatthours"
"2026-10-07T00","Frep","Freeport","PNM","Public Service Company of New Mexico","42","megawatthours"
"2026-10-07T00","Jica","Jicarilla Apache Nation","PNM","Public Service Company of New Mexico","2","megawatthours"
"2026-10-07T00","KAFB","Kirtland Air Force Base","PNM","Public Service Company of New Mexico","58","megawatthours"
"2026-10-07T00","KCEC","Kit Carson Electric Cooperative","PNM","Public Service Company of New Mexico","25","megawatthours"
"2026-10-07T00","LAC","Los Alamos County","PNM","Public Service Company of New Mexico","77","megawatthours"
"2026-10-07T00","PNM","PNM System Firm Load","PNM","Public Service Company of New Mexico","1447","megawatthours"
"2026-10-07T00","TSGT","Tri-State Generation and Transmission","PNM","Public Service Company of New Mexico","266","megawatthours"
"2026-10-06T23","ZONA","West","NYIS","New York Independent System Operator","1652","megawatthours"
"2026-10-06T23","ZONB","Genesee","NYIS","New York Independent System Operator","1111","megawatthours"
"2026-10-06T23","ZONC","Central","NYIS","New York Independent System Operator","1700","megawatthours"
"2026-10-06T23","ZOND","North","NYIS","New York Independent System Operator","600","megawatthours"
"2026-10-06T23","ZONE","Mohawk Valley","NYIS","New York Independent System Operator","863","megawatthours"
"2026-10-06T23","ZONF","Capital","NYIS","New York Independent System Operator","1333","megawatthours"
"2026-10-06T23","ZONG","Hudson Valley","NYIS","New York Independent System Operator","1123","megawatthours"
"2026-10-06T23","ZONH","Millwood","NYIS","New York Independent System Operator","258","megawatthours"
"2026-10-06T23","ZONI","Dunwoodie","NYIS","New York Independent System Operator","624","megawatthours"
"2026-10-06T23","ZONJ","New York City","NYIS","New York Independent System Operator","5547","megawatthours"
"2026-10-06T23","ZONK","Long Island","NYIS","New York Independent System Operator","2217","megawatthours"
"2026-10-06T23","ACMA","City of Acoma Pueblo","PNM","Public Service Company of New Mexico","2","megawatthours"
"2026-10-06T23","CYGA","City of Gallup","PNM","Public Service Company of New Mexico","26","megawatthours"
"2026-10-06T23","Frep","Freeport","PNM","Public Service Company of New Mexico","42","megawatthours"
"2026-10-06T23","Jica","Jicarilla Apache Nation","PNM","Public Service Company of New Mexico","2","megawatthours"
"2026-10-06T23","KAFB","Kirtland Air Force Base","PNM","Public Service Company of New Mexico","61","megawatthours"
"2026-10-06T23","KCEC","Kit Carson Electric Cooperative","PNM","Public Service Company of New Mexico","19","megawatthours"
"2026-10-06T23","LAC","Los Alamos County","PNM","Public Service Company of New Mexico","80","megawatthours"
"2026-10-06T23","PNM","PNM System Firm Load","PNM","Public Service Company of New Mexico","1386","megawatthours"
"2026-10-06T23","TSGT","Tri-State Generation and Transmission","PNM","Public Service Company of New Mexico","264","megawatthours"
"2026-10-06T22","ZONA","West","NYIS","New York Independent System Operator","1528","megawatthours"
"2026-10-06T22","ZONB","Genesee","NYIS","New York Independent System Operator","976","megawatthours"
"2026-10-06T22","ZONC","Central","NYIS","New York Independent System Operator","1464","megawatthours"
"2026-10-06T22","ZOND","North","NYIS","New York Independent System Operator","568","megawatthours"
"2026-10-06T22","ZONE","Mohawk Valley","NYIS","New York Independent System Operator","699","megawatthours"
"2026-10-06T22","ZONF","Capital","NYIS","New York Independent System Operator","1175","megawatthours"
"2026-10-06T22","ZONG","Hudson Valley","NYIS","New York Independent System Operator","1023","megawatthours"
"2026-10-06T22","ZONH","Millwood","NYIS","New York Independent System Operator","232","megawatthours"
"2026-10-06T22","ZONI","Dunwoodie","NYIS","New York Independent System Operator","610","megawatthours"
"2026-10-06T22","ZONJ","New York City","NYIS","New York Independent System Operator","5607","megawatthours"
"2026-10-06T22","ZONK","Long Island","NYIS","New York Independent System Operator","2065","megawatthours"
"2026-10-06T22","ACMA","City of Acoma Pueblo","PNM","Public Service Company of New Mexico","2","megawatthours"
"2026-10-06T22","CYGA","City of Gallup","PNM","Public Service Company of New Mexico","26","megawatthours"
"2026-10-06T22","Frep","Freeport","PNM","Public Service Company of New Mexico","42","megawatthours"
"2026-10-06T22","Jica","Jicarilla Apache Nation","PNM","Public Service Company of New Mexico","2","megawatthours"
"2026-10-06T22","KAFB","Kirtland Air Force Base","PNM","Public Service Company of New Mexico","63","megawatthours"
"2026-10-06T22","KCEC","Kit Carson Electric Cooperative","PNM","Public Service Company of New Mexico","2","megawatthours"
"2026-10-06T22","LAC","Los Alamos County","PNM","Public Service Company of New Mexico","76","megawatthours"
"2026-10-06T22","PNM","PNM System Firm Load","PNM","Public Service Company of New Mexico","1290","megawatthours"
"2026-10-06T22","TSGT","Tri-State Generation and Transmission","PNM","Public Service Company of New Mexico","258","megawatthours"
"2026-10-06T21","ZONA","West","NYIS","New York Independent System Operator","1365","megawatthours"
"2026-10-06T21","ZONB","Genesee","NYIS","New York Independent System Operator","785","megawatthours"
"2026-10-06T21","ZONC","Central","NYIS","New York Independent System Operator","1098","megawatthours"
"2026-10-06T21","ZOND","North","NYIS","New York Independent System Operator","506","megawatthours"
"2026-10-06T21","ZONE","Mohawk Valley","NYIS","New York Independent System Operator","486","megawatthours"
"2026-10-06T21","ZONF","Capital","NYIS","New York Independent System Operator","905","megawatthours"
"2026-10-06T21","ZONG","Hudson Valley","NYIS","New York Independent System Operator","854","megawatthours"
"2026-10-06T21","ZONH","Millwood","NYIS","New York Independent System Operator","202","megawatthours"
"2026-10-06T21","ZONI","Dunwoodie","NYIS","New York Independent System Operator","592","megawatthours"
"2026-10-06T21","ZONJ","New York City","NYIS","New York Independent System Operator","5516","megawatthours"
"2026-10-06T21","ZONK","Long Island","NYIS","New York Independent System Operator","1860","megawatthours"
"2026-10-06T21","ACMA","City of Acoma Pueblo","PNM","Public Service Company of New Mexico","2","megawatthours"
"2026-10-06T21","CYGA","City of Gallup","PNM","Public Service Company of New Mexico","25","megawatthours"
"2026-10-06T21","Frep","Freeport","PNM","Public Service Company of New Mexico","44","megawatthours"
"2026-10-06T21","Jica","Jicarilla Apache Nation","PNM","Public Service Company of New Mexico","2","megawatthours"
"2026-10-06T21","KAFB","Kirtland Air Force Base","PNM","Public Service Company of New Mexico","64","megawatthours"
"2026-10-06T21","LAC","Los Alamos County","PNM","Public Service Company of New Mexico","77","megawatthours"
"2026-10-06T21","PNM","PNM System Firm Load","PNM","Public Service Company of New Mexico","1213","megawatthours"
"2026-10-06T21","TSGT","Tri-State Generation and Transmission","PNM","Public Service Company of New Mexico","240","megawatthours"
"2026-10-06T20","ZONA","West","NYIS","New York Independent System Operator","1310","megawatthours"
"2026-10-06T20","ZONB","Genesee","NYIS","New York Independent System Operator","711","megawatthours"
"2026-10-06T20","ZONC","Central","NYIS","New York Independent System Operator","928","megawatthours"
"2026-10-06T20","ZOND","North","NYIS","New York Independent System Operator","494","megawatthours"
"2026-10-06T20","ZONE","Mohawk Valley","NYIS","New York Independent System Operator","376","megawatthours"
"2026-10-06T20","ZONF","Capital","NYIS","New York Independent System Operator","719","megawatthours"
"2026-10-06T20","ZONG","Hudson Valley","NYIS","New York Independent System Operator","714","megawatthours"
"2026-10-06T20","ZONH","Millwood","NYIS","New York Independent System Operator","180","megawatthours"
"2026-10-06T20","ZONI","Dunwoodie","NYIS","New York Independent System Operator","551","megawatthours"
"2026-10-06T20","ZONJ","New York City","NYIS","New York Independent System Operator","5423","megawatthours"
"2026-10-06T20","ZONK","Long Island","NYIS","New York Independent System Operator","1659","megawatthours"
"2026-10-06T20","ACMA","City of Acoma Pueblo","PNM","Public Service Company of New Mexico","2","megawatthours"
"2026-10-06T20","CYGA","City of Gallup","PNM","Public Service Company of New Mexico","24","megawatthours"
"2026-10-06T20","Frep","Freeport","PNM","Public Service Company of New Mexico","43","megawatthours"
"2026-10-06T20","Jica","Jicarilla Apache Nation","PNM","Public Service Company of New Mexico","2","megawatthours"
"2026-10-06T20","KAFB","Kirtland Air Force Base","PNM","Public Service Company of New Mexico","62","megawatthours"
"2026-10-06T20","LAC","Los Alamos County","PNM","Public Service Company of New Mexico","74","megawatthours"
"2026-10-06T20","PNM","PNM System Firm Load","PNM","Public Service Company of New Mexico","1137","megawatthours"
"2026-10-06T20","TSGT","Tri-State Generation and Transmission","PNM","Public Service Company of New Mexico","228","megawatthours"
"2026-10-06T19","ZONA","West","NYIS","New York Independent System Operator","1314","megawatthours"
"2026-10-06T19","ZONB","Genesee","NYIS","New York Independent System Operator","689","megawatthours"
"2026-10-06T19","ZONC","Central","NYIS","New York Independent System Operator","890","megawatthours"
"2026-10-06T19","ZOND","North","NYIS","New York Independent System Operator","490","megawatthours"
"2026-10-06T19","ZONE","Mohawk Valley","NYIS","New York Independent System Operator","361","megawatthours"
"2026-10-06T19","ZONF","Capital","NYIS","New York Independent System Operator","642","megawatthours"
"2026-10-06T19","ZONG","Hudson Valley","NYIS","New York Independent System Operator","636","megawatthours"
"2026-10-06T19","ZONH","Millwood","NYIS","New York Independent System Operator","161","megawatthours"
"2026-10-06T19","ZONI","Dunwoodie","NYIS","New York Independent System Operator","534","megawatthours"
"2026-10-06T19","ZONJ","New York City","NYIS","New York Independent System Operator","5332","megawatthours"
"2026-10-06T19","ZONK","Long Island","NYIS","New York Independent System Operator","1527","megawatthours"
"2026-10-06T19","ACMA","City of Acoma Pueblo","PNM","Public Service Company of New Mexico","2","megawatthours"
"2026-10-06T19","CYGA","City of Gallup","PNM","Public Service Company of New Mexico","23","megawatthours"
"2026-10-06T19","Frep","Freeport","PNM","Public Service Company of New Mexico","42","megawatthours"
"2026-10-06T19","Jica","Jicarilla Apache Nation","PNM","Public Service Company of New Mexico","2","megawatthours"
"2026-10-06T19","KAFB","Kirtland Air Force Base","PNM","Public Service Company of New Mexico","61","megawatthours"
"2026-10-06T19","LAC","Los Alamos County","PNM","Public Service Company of New Mexico","73","megawatthours"
"2026-10-06T19","PNM","PNM System Firm Load","PNM","Public Service Company of New Mexico","1082","megawatthours"
"2026-10-06T19","TSGT","Tri-State Generation and Transmission","PNM","Public Service Company of New Mexico","224","megawatthours"
"2026-10-06T18","ZONA","West","NYIS","New York Independent System Operator","1321","megawatthours"
"2026-10-06T18","ZONB","Genesee","NYIS","New York Independent System Operator","702","megawatthours"
"2026-10-06T18","ZONC","Central","NYIS","New York Independent System Operator","909","megawatthours"
"2026-10-06T18","ZOND","North","NYIS","New York Independent System Operator","493","megawatthours"
"2026-10-06T18","ZONE","Mohawk Valley","NYIS","New York Independent System Operator","369","megawatthours"
"2026-10-06T18","ZONF","Capital","NYIS","New York Independent System Operator","625","megawatthours"
"2026-10-06T18","ZONG","Hudson Valley","NYIS","New York Independent System Operator","604","megawatthours"
"2026-10-06T18","ZONH","Millwood","NYIS","New York Independent System Operator","158","megawatthours"
"2026-10-06T18","ZONI","Dunwoodie","NYIS","New York Independent System Operator","528","megawatthours"
"2026-10-06T18","ZONJ","New York City","NYIS","New York Independent System Operator","5292","megawatthours"
"2026-10-06T18","ZONK","Long Island","NYIS","New York Independent System Operator","1456","megawatthours"
"2026-10-06T18","ACMA","City of Acoma Pueblo","PNM","Public Service Company of New Mexico","2","megawatthours"
"2026-10-06T18","CYGA","City of Gallup","PNM","Public Service Company of New Mexico","23","megawatthours"
"2026-10-06T18","Frep","Freeport","PNM","Public Service Company of New Mexico","45","megawatthours"
"2026-10-06T18","Jica","Jicarilla Apache Nation","PNM","Public Service Company of New Mexico","2","megawatthours"
"2026-10-06T18","KAFB","Kirtland Air Force Base","PNM","Public Service Company of New Mexico","61","megawatthours"
"2026-10-06T18","LAC","Los Alamos County","PNM","Public Service Company of New Mexico","71","megawatthours"
"2026-10-06T18","PNM","PNM System Firm Load","PNM","Public Service Company of New Mexico","1065","megawatthours"
"2026-10-06T18","TSGT","Tri-State Generation and Transmission","PNM","Public Service Company of New Mexico","218","megawatthours"
"2026-10-06T17","ZONA","West","NYIS","New York Independent System Operator","1315","megawatthours"
"2026-10-06T17","ZONB","Genesee","NYIS","New York Independent System Operator","703","megawatthours"
"2026-10-06T17","ZONC","Central","NYIS","New York Independent System Operator","920","megawatthours"
"2026-10-06T17","ZOND","North","NYIS","New York Independent System Operator","497","megawatthours"
"2026-10-06T17","ZONE","Mohawk Valley","NYIS","New York Independent System Operator","372","megawatthours"
"2026-10-06T17","ZONF","Capital","NYIS","New York Independent System Operator","638","megawatthours"
"2026-10-06T17","ZONG","Hudson Valley","NYIS","New York Independent System Operator","593","megawatthours"
"2026-10-06T17","ZONH","Millwood","NYIS","New York Independent System Operator","159","megawatthours"
"2026-10-06T17","ZONI","Dunwoodie","NYIS","New York Independent System Operator","527","megawatthours"
"2026-10-06T17","ZONJ","New York City","NYIS","New York Independent System Operator","5253","megawatthours"
"2026-10-06T17","ZONK","Long Island","NYIS","New York Independent System Operator","1446","megawatthours"
"2026-10-06T17","ACMA","City of Acoma Pueblo","PNM","Public Service Company of New Mexico","2","megawatthours"
"2026-10-06T17","CYGA","City of Gallup","PNM","Public Service Company of New Mexico","22","megawatthours"
"2026-10-06T17","Frep","Freeport","PNM","Public Service Company of New Mexico","44","megawatthours"
"2026-10-06T17","Jica","Jicarilla Apache Nation","PNM","Public Service Company of New Mexico","2","megawatthours"
"2026-10-06T17","KAFB","Kirtland Air Force Base","PNM","Public Service Company of New Mexico","60","megawatthours"
"2026-10-06T17","LAC","Los Alamos County","PNM","Public Service Company of New Mexico","70","megawatthours"
"2026-10-06T17","PNM","PNM System Firm Load","PNM","Public Service Company of New Mexico","1077","megawatthours"
"2026-10-06T17","TSGT","Tri-State Generation and Transmission","PNM","Public Service Company of New Mexico","220","megawatthours"
"2026-10-06T16","ZONA","West","NYIS","New York Independent System Operator","1321","megawatthours"
"2026-10-06T16","ZONB","Genesee","NYIS","New York Independent System Operator","718","megawatthours"
"2026-10-06T16","ZONC","Central","NYIS","New York Independent System Operator","934","megawatthours"
"2026-10-06T16","ZOND","North","NYIS","New York Independent System Operator","503","megawatthours"
"2026-10-06T16","ZONE","Mohawk Valley","NYIS","New York Independent System Operator","376","megawatthours"
"2026-10-06T16","ZONF","Capital","NYIS","New York Independent System Operator","660","megawatthours"
"2026-10-06T16","ZONG","Hudson Valley","NYIS","New York Independent System Operator","614","megawatthours"
"2026-10-06T16","ZONH","Millwood","NYIS","New York Independent System Operator","162","megawatthours"
"2026-10-06T16","ZONI","Dunwoodie","NYIS","New York Independent System Operator","535","megawatthours"
"2026-10-06T16","ZONJ","New York City","NYIS","New York Independent System Operator","5241","megawatthours"
"2026-10-06T16","ZONK","Long Island","NYIS","New York Independent System Operator","1484","megawatthours"
"2026-10-06T16","ACMA","City of Acoma Pueblo","PNM","Public Service Company of New Mexico","2","megawatthours"
"2026-10-06T16","CYGA","City of Gallup","PNM","Public Service Company of New Mexico","21","megawatthours"
"2026-10-06T16","Frep","Freeport","PNM","Public Service Company of New Mexico","39","megawatthours"
"2026-10-06T16","Jica","Jicarilla Apache Nation","PNM","Public Service Company of New Mexico","2","megawatthours"
"2026-10-06T16","KAFB","Kirtland Air Force Base","PNM","Public Service Company of New Mexico","58","megawatthours"
"2026-10-06T16","LAC","Los Alamos County","PNM","Public Service Company of New Mexico","71","megawatthours"
"2026-10-06T16","PNM","PNM System Firm Load","PNM","Public Service Company of New Mexico","1098","megawatthours"
"2026-10-06T16","TSGT","Tri-State Generation and Transmission","PNM","Public Service Company of New Mexico","221","megawatthours"
"2026-10-06T15","ZONA","West","NYIS","New York Independent System Operator","1352","megawatthours"
"2026-10-06T15","ZONB","Genesee","NYIS","New York Independent System Operator","738","megawatthours"
"2026-10-06T15","ZONC","Central","NYIS","New York Independent System Operator","975","megawatthours"
"2026-10-06T15","ZOND","North","NYIS","New York Independent System Operator","521","megawatthours"
"2026-10-06T15","ZONE","Mohawk Valley","NYIS","New York Independent System Operator","397","megawatthours"
"2026-10-06T15","ZONF","Capital","NYIS","New York Independent System Operator","715","megawatthours"
"2026-10-06T15","ZONG","Hudson Valley","NYIS","New York Independent System Operator","671","megawatthours"
"2026-10-06T15","ZONH","Millwood","NYIS","New York Independent System Operator","176","megawatthours"
"2026-10-06T15","ZONI","Dunwoodie","NYIS","New York Independent System Operator","547","megawatthours"
"2026-10-06T15","ZONJ","New York City","NYIS","New York Independent System Operator","5241","megawatthours"
"2026-10-06T15","ZONK","Long Island","NYIS","New York Independent System Operator","1560","megawatthours"
"2026-10-06T15","ACMA","City of Acoma Pueblo","PNM","Public Service Company of New Mexico","3","megawatthours"
"2026-10-06T15","CYGA","City of Gallup","PNM","Public Service Company of New Mexico","20","megawatthours"
"2026-10-06T15","Frep","Freeport","PNM","Public Service Company of New Mexico","37","megawatthours"
"2026-10-06T15","Jica","Jicarilla Apache Nation","PNM","Public Service Company of New Mexico","2","megawatthours"
"2026-10-06T15","KAFB","Kirtland Air Force Base","PNM","Public Service Company of New Mexico","56","megawatthours"
"2026-10-06T15","KCEC","Kit Carson Electric Cooperative","PNM","Public Service Company of New Mexico","6","megawatthours"
"2026-10-06T15","LAC","Los Alamos County","PNM","Public Service Company of New Mexico","73","megawatthours"
"2026-10-06T15","PNM","PNM System Firm Load","PNM","Public Service Company of New Mexico","1119","megawatthours"
"2026-10-06T15","TSGT","Tri-State Generation and Transmission","PNM","Public Service Company of New Mexico","225","megawatthours"
"2026-10-06T14","ZONA","West","NYIS","New York Independent System Operator","1427","megawatthours"
"2026-10-06T14","ZONB","Genesee","NYIS","New York Independent System Operator","806","megawatthours"
"2026-10-06T14","ZONC","Central","NYIS","New York Independent System Operator","1116","megawatthours"
"2026-10-06T14","ZOND","North","NYIS","New York Independent System Operator","538","megawatthours"
"2026-10-06T14","ZONE","Mohawk Valley","NYIS","New York Independent System Operator","480","megawatthours"
"2026-10-06T14","ZONF","Capital","NYIS","New York Independent System Operator","847","megawatthours"
"2026-10-06T14","ZONG","Hudson Valley","NYIS","New York Independent System Operator","773","megawatthours"
"2026-10-06T14","ZONH","Millwood","NYIS","New York Independent System Operator","186","megawatthours"
"2026-10-06T14","ZONI","Dunwoodie","NYIS","New York Independent System Operator","566","megawatthours"
"2026-10-06T14","ZONJ","New York City","NYIS","New York Independent System Operator","5237","megawatthours"
"2026-10-06T14","ZONK","Long Island","NYIS","New York Independent System Operator","1678","megawatthours"
"2026-10-06T14","ACMA","City of Acoma Pueblo","PNM","Public Service Company of New Mexico","2","megawatthours"
"2026-10-06T14","CYGA","City of Gallup","PNM","Public Service Company of New Mexico","20","megawatthours"
"2026-10-06T14","Frep","Freeport","PNM","Public Service Company of New Mexico","36","megawatthours"
"2026-10-06T14","Jica","Jicarilla Apache Nation","PNM","Public Service Company of New Mexico","2","megawatthours"
"2026-10-06T14","KAFB","Kirtland Air Force Base","PNM","Public Service Company of New Mexico","54","megawatthours"
"2026-10-06T14","KCEC","Kit Carson Electric Cooperative","PNM","Public Service Company of New Mexico","27","megawatthours"
"2026-10-06T14","LAC","Los Alamos County","PNM","Public Service Company of New Mexico","72","megawatthours"
"2026-10-06T14","PNM","PNM System Firm Load","PNM","Public Service Company of New Mexico","1105","megawatthours"
"2026-10-06T14","TSGT","Tri-State Generation and Transmission","PNM","Public Service Company of New Mexico","231","megawatthours"
"2026-10-06T13","ZONA","West","NYIS","New York Independent System Operator","1555","megawatthours"
"2026-10-06T13","ZONB","Genesee","NYIS","New York Independent System Operator","963","megawatthours"
"2026-10-06T13","ZONC","Central","NYIS","New York Independent System Operator","1436","megawatthours"
"2026-10-06T13","ZOND","North","NYIS","New York Independent System Operator","573","megawatthours"
"2026-10-06T13","ZONE","Mohawk Valley","NYIS","New York Independent System Operator","650","megawatthours"
"2026-10-06T13","ZONF","Capital","NYIS","New York Independent System Operator","1064","megawatthours"
"2026-10-06T13","ZONG","Hudson Valley","NYIS","New York Independent System Operator","912","megawatthours"
"2026-10-06T13","ZONH","Millwood","NYIS","New York Independent System Operator","211","megawatthours"
"2026-10-06T13","ZONI","Dunwoodie","NYIS","New York Independent System Operator","571","megawatthours"
"2026-10-06T13","ZONJ","New York City","NYIS","New York Independent System Operator","5152","megawatthours"
"2026-10-06T13","ZONK","Long Island","NYIS","New York Independent System Operator","1816","megawatthours"
"2026-10-06T13","ACMA","City of Acoma Pueblo","PNM","Public Service Company of New Mexico","2","megawatthours"
"2026-10-06T13","CYGA","City of Gallup","PNM","Public Service Company of New Mexico","18","megawatthours"
"2026-10-06T13","Frep","Freeport","PNM","Public Service Company of New Mexico","37","megawatthours"
"2026-10-06T13","Jica","Jicarilla Apache Nation","PNM","Public Service Company of New Mexico","2","megawatthours"
"2026-10-06T13","KAFB","Kirtland Air Force Base","PNM","Public Service Company of New Mexico","53","megawatthours"
"2026-10-06T13","KCEC","Kit Carson Electric Cooperative","PNM","Public Service Company of New Mexico","30","megawatthours"
"2026-10-06T13","LAC","Los Alamos County","PNM","Public Service Company of New Mexico","72","megawatthours"
"2026-10-06T13","PNM","PNM System Firm Load","PNM","Public Service Company of New Mexico","1097","megawatthours"
"2026-10-06T13","TSGT","Tri-State Generation and Transmission","PNM","Public Service Company of New Mexico","231","megawatthours"
"2026-10-06T12","ZONA","West","NYIS","New York Independent System Operator","1612","megawatthours"
"2026-10-06T12","ZONB","Genesee","NYIS","New York Independent System Operator","1061","megawatthours"
"2026-10-06T12","ZONC","Central","NYIS","New York Independent System Operator","1680","megawatthours"
"2026-10-06T12","ZOND","North","NYIS","New York Independent System Operator","583","megawatthours"
"2026-10-06T12","ZONE","Mohawk Valley","NYIS","New York Independent System Operator","826","megawatthours"
"2026-10-06T12","ZONF","Capital","NYIS","New York Independent System Operator","1244","megawatthours"
"2026-10-06T12","ZONG","Hudson Valley","NYIS","New York Independent System Operator","991","megawatthours"
"2026-10-06T12","ZONH","Millwood","NYIS","New York Independent System Operator","221","megawatthours"
"2026-10-06T12","ZONI","Dunwoodie","NYIS","New York Independent System Operator","557","megawatthours"
"2026-10-06T12","ZONJ","New York City","NYIS","New York Independent System Operator","4951","megawatthours"
"2026-10-06T12","ZONK","Long Island","NYIS","New York Independent System Operator","1896","megawatthours"
"2026-10-06T12","ACMA","City of Acoma Pueblo","PNM","Public Service Company of New Mexico","2","megawatthours"
"2026-10-06T12","CYGA","City of Gallup","PNM","Public Service Company of New Mexico","16","megawatthours"
"2026-10-06T12","Frep","Freeport","PNM","Public Service Company of New Mexico","38","megawatthours"
"2026-10-06T12","Jica","Jicarilla Apache Nation","PNM","Public Service Company of New Mexico","2","megawatthours"
"2026-10-06T12","KAFB","Kirtland Air Force Base","PNM","Public Service Company of New Mexico","52","megawatthours"
"2026-10-06T12","KCEC","Kit Carson Electric Cooperative","PNM","Public Service Company of New Mexico","26","megawatthours"
"2026-10-06T12","LAC","Los Alamos County","PNM","Public Service Company of New Mexico","70","megawatthours"
"2026-10-06T12","PNM","PNM System Firm Load","PNM","Public Service Company of New Mexico","1029","megawatthours"
"2026-10-06T12","TSGT","Tri-State Generation and Transmission","PNM","Public Service Company of New Mexico","213","megawatthours"
"2026-10-06T11","ZONA","West","NYIS","New York Independent System Operator","1532","megawatthours"
"2026-10-06T11","ZONB","Genesee","NYIS","New York Independent System Operator","999","megawatthours"
"2026-10-06T11","ZONC","Central","NYIS","New York Independent System Operator","1622","megawatthours"
"2026-10-06T11","ZOND","North","NYIS","New York Independent System Operator","571","megawatthours"
"2026-10-06T11","ZONE","Mohawk Valley","NYIS","New York Independent System Operator","820","megawatthours"
"2026-10-06T11","ZONF","Capital","NYIS","New York Independent System Operator","1202","megawatthours"
"2026-10-06T11","ZONG","Hudson Valley","NYIS","New York Independent System Operator","947","megawatthours"
"2026-10-06T11","ZONH","Millwood","NYIS","New York Independent System Operator","207","megawatthours"
"2026-10-06T11","ZONI","Dunwoodie","NYIS","New York Independent System Operator","517","megawatthours"
"2026-10-06T11","ZONJ","New York City","NYIS","New York Independent System Operator","4536","megawatthours"
"2026-10-06T11","ZONK","Long Island","NYIS","New York Independent System Operator","1806","megawatthours"
"2026-10-06T11","ACMA","City of Acoma Pueblo","PNM","Public Service Company of New Mexico","2","megawatthours"
"2026-10-06T11","CYGA","City of Gallup","PNM","Public Service Company of New Mexico","16","megawatthours"
"2026-10-06T11","Frep","Freeport","PNM","Public Service Company of New Mexico","37","megawatthours"
"2026-10-06T11","Jica","Jicarilla Apache Nation","PNM","Public Service Company of New Mexico","2","megawatthours"
"2026-10-06T11","KAFB","Kirtland Air Force Base","PNM","Public Service Company of New Mexico","51","megawatthours"
"2026-10-06T11","KCEC","Kit Carson Electric Cooperative","PNM","Public Service Company of New Mexico","25","megawatthours"
"2026-10-06T11","LAC","Los Alamos County","PNM","Public Service Company of New Mexico","67","megawatthours"
"2026-10-06T11","PNM","PNM System Firm Load","PNM","Public Service Company of New Mexico","999","megawatthours"
"2026-10-06T11","TSGT","Tri-State Generation and Transmission","PNM","Public Service Company of New Mexico","204","megawatthours"
"2026-10-06T10","ZONA","West","NYIS","New York Independent System Operator","1425","megawatthours"
"2026-10-06T10","ZONB","Genesee","NYIS","New York Independent System Operator","892","megawatthours"
"2026-10-06T10","ZONC","Central","NYIS","New York Independent System Operator","1458","megawatthours"
"2026-10-06T10","ZOND","North","NYIS","New York Independent System Operator","573","megawatthours"
"2026-10-06T10","ZONE","Mohawk Valley","NYIS","New York Independent System Operator","729","megawatthours"
"2026-10-06T10","ZONF","Capital","NYIS","New York Independent System Operator","1083","megawatthours"
"2026-10-06T10","ZONG","Hudson Valley","NYIS","New York Independent System Operator","858","megawatthours"
"2026-10-06T10","ZONH","Millwood","NYIS","New York Independent System Operator","180","megawatthours"
"2026-10-06T10","ZONI","Dunwoodie","NYIS","New York Independent System Operator","468","megawatthours"
"2026-10-06T10","ZONJ","New York City","NYIS","New York Independent System Operator","4060","megawatthours"
"2026-10-06T10","ZONK","Long Island","NYIS","New York Independent System Operator","1631","megawatthours"
"2026-10-06T10","ACMA","City of Acoma Pueblo","PNM","Public Service Company of New Mexico","2","megawatthours"
"2026-10-06T10","CYGA","City of Gallup","PNM","Public Service Company of New Mexico","14","megawatthours"
"2026-10-06T10","Frep","Freeport","PNM","Public Service Company of New Mexico","39","megawatthours"
"2026-10-06T10","Jica","Jicarilla Apache Nation","PNM","Public Service Company of New Mexico","2","megawatthours"
"2026-10-06T10","KAFB","Kirtland Air Force Base","PNM","Public Service Company of New Mexico","51","megawatthours"
"2026-10-06T10","KCEC","Kit Carson Electric Cooperative","PNM","Public Service Company of New Mexico","24","megawatthours"
"2026-10-06T10","LAC","Los Alamos County","PNM","Public Service Company of New Mexico","67","megawatthours"
"2026-10-06T10","PNM","PNM System Firm Load","PNM","Public Service Company of New Mexico","993","megawatthours"
"2026-10-06T10","TSGT","Tri-State Generation and Transmission","PNM","Public Service Company of New Mexico","197","megawatthours"
"2026-10-06T09","ZONA","West","NYIS","New York Independent System Operator","1361","megawatthours"
"2026-10-06T09","ZONB","Genesee","NYIS","New York Independent System Operator","838","megawatthours"
"2026-10-06T09","ZONC","Central","NYIS","New York Independent System Operator","1361","megawatthours"
"2026-10-06T09","ZOND","North","NYIS","New York Independent System Operator","563","megawatthours"
"2026-10-06T09","ZONE","Mohawk Valley","NYIS","New York Independent System Operator","675","megawatthours"
"2026-10-06T09","ZONF","Capital","NYIS","New York Independent System Operator","1012","megawatthours"
"2026-10-06T09","ZONG","Hudson Valley","NYIS","New York Independent System Operator","815","megawatthours"
"2026-10-06T09","ZONH","Millwood","NYIS","New York Independent System Operator","165","megawatthours"
"2026-10-06T09","ZONI","Dunwoodie","NYIS","New York Independent System Operator","443","megawatthours"
"2026-10-06T09","ZONJ","New York City","NYIS","New York Independent System Operator","3849","megawatthours"
"2026-10-06T09","ZONK","Long Island","NYIS","New York Independent System Operator","1530","megawatthours"
"2026-10-06T09","ACMA","City of Acoma Pueblo","PNM","Public Service Company of New Mexico","2","megawatthours"
"2026-10-06T09","CYGA","City of Gallup","PNM","Public Service Company of New Mexico","15","megawatthours"
"2026-10-06T09","Frep","Freeport","PNM","Public Service Company of New Mexico","38","megawatthours"
"2026-10-06T09","Jica","Jicarilla Apache Nation","PNM","Public Service Company of New Mexico","2","megawatthours"
"2026-10-06T09","KAFB","Kirtland Air Force Base","PNM","Public Service Company of New Mexico","51","megawatthours"
"2026-10-06T09","KCEC","Kit Carson Electric Cooperative","PNM","Public Service Company of New Mexico","24","megawatthours"
"2026-10-06T09","LAC","Los Alamos County","PNM","Public Service Company of New Mexico","68","megawatthours"
"2026-10-06T09","PNM","PNM System Firm Load","PNM","Public Service Company of New Mexico","987","megawatthours"
"2026-10-06T09","TSGT","Tri-State Generation and Transmission","PNM","Public Service Company of New Mexico","202","megawatthours"
"2026-10-06T08","ZONA","West","NYIS","New York Independent System Operator","1331","megawatthours"
"2026-10-06T08","ZONB","Genesee","NYIS","New York Independent System Operator","826","megawatthours"
"2026-10-06T08","ZONC","Central","NYIS","New York Independent System Operator","1325","megawatthours"
"2026-10-06T08","ZOND","North","NYIS","New York Independent System Operator","559","megawatthours"
"2026-10-06T08","ZONE","Mohawk Valley","NYIS","New York Independent System Operator","653","megawatthours"
"2026-10-06T08","ZONF","Capital","NYIS","New York Independent System Operator","985","megawatthours"
"2026-10-06T08","ZONG","Hudson Valley","NYIS","New York Independent System Operator","804","megawatthours"
"2026-10-06T08","ZONH","Millwood","NYIS","New York Independent System Operator","171","megawatthours"
"2026-10-06T08","ZONI","Dunwoodie","NYIS","New York Independent System Operator","432","megawatthours"
"2026-10-06T08","ZONJ","New York City","NYIS","New York Independent System Operator","3819","megawatthours"
"2026-10-06T08","ZONK","Long Island","NYIS","New York Independent System Operator","1506","megawatthours"
"2026-10-06T08","ACMA","City of Acoma Pueblo","PNM","Public Service Company of New Mexico","2","megawatthours"
"2026-10-06T08","CYGA","City of Gallup","PNM","Public Service Company of New Mexico","15","megawatthours"
"2026-10-06T08","Frep","Freeport","PNM","Public Service Company of New Mexico","36","megawatthours"
"2026-10-06T08","Jica","Jicarilla Apache Nation","PNM","Public Service Company of New Mexico","2","megawatthours"
"2026-10-06T08","KAFB","Kirtland Air Force Base","PNM","Public Service Company of New Mexico","51","megawatthours"
"2026-10-06T08","KCEC","Kit Carson Electric Cooperative","PNM","Public Service Company of New Mexico","24","megawatthours"
"2026-10-06T08","LAC","Los Alamos County","PNM","Public Service Company of New Mexico","67","megawatthours"
"2026-10-06T08","PNM","PNM System Firm Load","PNM","Public Service Company of New Mexico","1008","megawatthours"
"2026-10-06T08","TSGT","Tri-State Generation and Transmission","PNM","Public Service Company of New Mexico","204","megawatthours"
"2026-10-06T07","PGAE","Pacific Gas and Electric","CISO","California Independent System Operator","12898","megawatthours"
"2026-10-06T07","SCE","Southern California Edison","CISO","California Independent System Operator","16344","megawatthours"
"2026-10-06T07","SDGE","San Diego Gas and Electric","CISO","California Independent System Operator","3625","megawatthours"
"2026-10-06T07","VEA","Valley Electric Association","CISO","California Independent System Operator","57","megawatthours"
"2026-10-06T07","ZONA","West","NYIS","New York Independent System Operator","1335","megawatthours"
"2026-10-06T07","ZONB","Genesee","NYIS","New York Independent System Operator","828","megawatthours"
"2026-10-06T07","ZONC","Central","NYIS","New York Independent System Operator","1327","megawatthours"
"2026-10-06T07","ZOND","North","NYIS","New York Independent System Operator","554","megawatthours"
"2026-10-06T07","ZONE","Mohawk Valley","NYIS","New York Independent System Operator","654","megawatthours"
"2026-10-06T07","ZONF","Capital","NYIS","New York Independent System Operator","989","megawatthours"
"2026-10-06T07","ZONG","Hudson Valley","NYIS","New York Independent System Operator","813","megawatthours"
"2026-10-06T07","ZONH","Millwood","NYIS","New York Independent System Operator","174","megawatthours"
"2026-10-06T07","ZONI","Dunwoodie","NYIS","New York Independent System Operator","439","megawatthours"
"2026-10-06T07","ZONJ","New York City","NYIS","New York Independent System Operator","3892","megawatthours"
"2026-10-06T07","ZONK","Long Island","NYIS","New York Independent System Operator","1529","megawatthours"
"2026-10-06T07","ACMA","City of Acoma Pueblo","PNM","Public Service Company of New Mexico","2","megawatthours"
"2026-10-06T07","CYGA","City of Gallup","PNM","Public Service Company of New Mexico","16","megawatthours"
"2026-10-06T07","Frep","Freeport","PNM","Public Service Company of New Mexico","38","megawatthours"
"2026-10-06T07","Jica","Jicarilla Apache Nation","PNM","Public Service Company of New Mexico","2","megawatthours"
"2026-10-06T07","KAFB","Kirtland Air Force Base","PNM","Public Service Company of New Mexico","51","megawatthours"
"2026-10-06T07","KCEC","Kit Carson Electric Cooperative","PNM","Public Service Company of New Mexico","25","megawatthours"
"2026-10-06T07","LAC","Los Alamos County","PNM","Public Service Company of New Mexico","69","megawatthours"
"2026-10-06T07","PNM","PNM System Firm Load","PNM","Public Service Company of New Mexico","1036","megawatthours"
"2026-10-06T07","TSGT","Tri-State Generation and Transmission","PNM","Public Service Company of New Mexico","210","megawatthours"
"2026-10-06T06","BASI","Basin Electric Power Cooperative","BHBA","Black Hills Energy","205","megawatthours"
"2026-10-06T06","SDE","Black Hills Energy South Dakota Electric","BHBA","Black Hills Energy","236","megawatthours"
"2026-10-06T06","WYE","Black Hills Energy Wyoming Electric","BHBA","Black Hills Energy","365","megawatthours"
"2026-10-06T06","PGAE","Pacific Gas and Electric","CISO","California Independent System Operator","14136","megawatthours"
"2026-10-06T06","SCE","Southern California Edison","CISO","California Independent System Operator","17741","megawatthours"
"2026-10-06T06","SDGE","San Diego Gas and Electric","CISO","California Independent System Operator","3932","megawatthours"
"2026-10-06T06","VEA","Valley Electric Association","CISO","California Independent System Operator","64","megawatthours"
"2026-10-06T06","ZONA","West","NYIS","New York Independent System Operator","1349","megawatthours"
"2026-10-06T06","ZONB","Genesee","NYIS","New York Independent System Operator","843","megawatthours"
"2026-10-06T06","ZONC","Central","NYIS","New York Independent System Operator","1348","megawatthours"
"2026-10-06T06","ZOND","North","NYIS","New York Independent System Operator","552","megawatthours"
"2026-10-06T06","ZONE","Mohawk Valley","NYIS","New York Independent System Operator","660","megawatthours"
"2026-10-06T06","ZONF","Capital","NYIS","New York Independent System Operator","1004","megawatthours"
"2026-10-06T06","ZONG","Hudson Valley","NYIS","New York Independent System Operator","834","megawatthours"
"2026-10-06T06","ZONH","Millwood","NYIS","New York Independent System Operator","182","megawatthours"
"2026-10-06T06","ZONI","Dunwoodie","NYIS","New York Independent System Operator","453","megawatthours"
"2026-10-06T06","ZONJ","New York City","NYIS","New York Independent System Operator","4031","megawatthours"
"2026-10-06T06","ZONK","Long Island","NYIS","New York Independent System Operator","1577","megawatthours"
"2026-10-06T06","ACMA","City of Acoma Pueblo","PNM","Public Service Company of New Mexico","3","megawatthours"
"2026-10-06T06","CYGA","City of Gallup","PNM","Public Service Company of New Mexico","16","megawatthours"
"2026-10-06T06","Frep","Freeport","PNM","Public Service Company of New Mexico","39","megawatthours"
"2026-10-06T06","Jica","Jicarilla Apache Nation","PNM","Public Service Company of New Mexico","2","megawatthours"
"2026-10-06T06","KAFB","Kirtland Air Force Base","PNM","Public Service Company of New Mexico","51","megawatthours"
"2026-10-06T06","KCEC","Kit Carson Electric Cooperative","PNM","Public Service Company of New Mexico","26","megawatthours"
"2026-10-06T06","LAC","Los Alamos County","PNM","Public Service Company of New Mexico","70","megawatthours"
"2026-10-06T06","PNM","PNM System Firm Load","PNM","Public Service Company of New Mexico","1090","megawatthours"
"2026-10-06T06","TSGT","Tri-State Generation and Transmission","PNM","Public Service Company of New Mexico","219","megawatthours"
"2026-10-06T05","BASI","Basin Electric Power Cooperative","BHBA","Black Hills Energy","210","megawatthours"
"2026-10-06T05","SDE","Black Hills Energy South Dakota Electric","BHBA","Black Hills Energy","253","megawatthours"
"2026-10-06T05","WYE","Black Hills Energy Wyoming Electric","BHBA","Black Hills Energy","374","megawatthours"
"2026-10-06T05","PGAE","Pacific Gas and Electric","CISO","California Independent System Operator","15429","megawatthours"
"2026-10-06T05","SCE","Southern California Edison","CISO","California Independent System Operator","19220","megawatthours"
"2026-10-06T05","SDGE","San Diego Gas and Electric","CISO","California Independent System Operator","4216","megawatthours"
"2026-10-06T05","VEA","Valley Electric Association","CISO","California Independent System Operator","73","megawatthours"
"2026-10-06T05","COAS","Coast","ERCO","Electric Reliability Council of Texas, Inc.","15435","megawatthours"
"2026-10-06T05","EAST","East","ERCO","Electric Reliability Council of Texas, Inc.","1673","megawatthours"
"2026-10-06T05","FWES","Far West","ERCO","Electric Reliability Council of Texas, Inc.","7075","megawatthours"
"2026-10-06T05","NCEN","North Central","ERCO","Electric Reliability Council of Texas, Inc.","13651","megawatthours"
"2026-10-06T05","NRTH","North","ERCO","Electric Reliability Council of Texas, Inc.","1413","megawatthours"
"2026-10-06T05","SCEN","South Central","ERCO","Electric Reliability Council of Texas, Inc.","8903","megawatthours"
"2026-10-06T05","SOUT","South","ERCO","Electric Reliability Council of Texas, Inc.","4633","megawatthours"
"2026-10-06T05","WEST","West","ERCO","Electric Reliability Council of Texas, Inc.","2036","megawatthours"
"2026-10-06T05","0001","Zone 1","MISO","Midcontinent Independent System Operator, Inc.","9595","megawatthours"
"2026-10-06T05","0004","Zone 4","MISO","Midcontinent Independent System Operator, Inc.","4298","megawatthours"
"2026-10-06T05","0006","Zone 6","MISO","Midcontinent Independent System Operator, Inc.","8468","megawatthours"
"2026-10-06T05","0027","Zones 2 and 7","MISO","Midcontinent Independent System Operator, Inc.","16093","megawatthours"
"2026-10-06T05","0035","Zones 3 and 5","MISO","Midcontinent Independent System Operator, Inc.","9076","megawatthours"
"2026-10-06T05","8910","Zones 8, 9, and 10","MISO","Midcontinent Independent System Operator, Inc.","19872","megawatthours"
"2026-10-06T05","ZONA","West","NYIS","New York Independent System Operator","1368","megawatthours"
"2026-10-06T05","ZONB","Genesee","NYIS","New York Independent System Operator","867","megawatthours"
"2026-10-06T05","ZONC","Central","NYIS","New York Independent System Operator","1391","megawatthours"
"2026-10-06T05","ZOND","North","NYIS","New York Independent System Operator","563","megawatthours"
"2026-10-06T05","ZONE","Mohawk Valley","NYIS","New York Independent System Operator","678","megawatthours"
"2026-10-06T05","ZONF","Capital","NYIS","New York Independent System Operator","1032","megawatthours"
"2026-10-06T05","ZONG","Hudson Valley","NYIS","New York Independent System Operator","866","megawatthours"
"2026-10-06T05","ZONH","Millwood","NYIS","New York Independent System Operator","187","megawatthours"
"2026-10-06T05","ZONI","Dunwoodie","NYIS","New York Independent System Operator","472","megawatthours"
"2026-10-06T05","ZONJ","New York City","NYIS","New York Independent System Operator","4230","megawatthours"
"2026-10-06T05","ZONK","Long Island","NYIS","New York Independent System Operator","1668","megawatthours"
"2026-10-06T05","ACMA","City of Acoma Pueblo","PNM","Public Service Company of New Mexico","2","megawatthours"
"2026-10-06T05","CYGA","City of Gallup","PNM","Public Service Company of New Mexico","19","megawatthours"
"2026-10-06T05","Frep","Freeport","PNM","Public Service Company of New Mexico","38","megawatthours"
"2026-10-06T05","Jica","Jicarilla Apache Nation","PNM","Public Service Company of New Mexico","2","megawatthours"
"2026-10-06T05","KAFB","Kirtland Air Force Base","PNM","Public Service Company of New Mexico","52","megawatthours"
"2026-10-06T05","KCEC","Kit Carson Electric Cooperative","PNM","Public Service Company of New Mexico","27","megawatthours"
"2026-10-06T05","LAC","Los Alamos County","PNM","Public Service Company of New Mexico","70","megawatthours"
"2026-10-06T05","PNM","PNM System Firm Load","PNM","Public Service Company of New Mexico","1178","megawatthours"
"2026-10-06T05","TSGT","Tri-State Generation and Transmission","PNM","Public Service Company of New Mexico","230","megawatthours"
"2026-10-06T05","CSWS","AEPW American Electric Power West","SWPP","Southwest Power Pool","4747","megawatthours"
"2026-10-06T05","EDE","Empire District Electric Company","SWPP","Southwest Power Pool","519","megawatthours"
"2026-10-06T05","GRDA","Grand River Dam Authority","SWPP","Southwest Power Pool","1176","megawatthours"
"2026-10-06T05","INDN","Independence Power & Light","SWPP","Southwest Power Pool","89","megawatthours"
"2026-10-06T05","KACY","Kansas City Board of Public Utilities","SWPP","Southwest Power Pool","221","megawatthours"
"2026-10-06T05","KCPL","Kansas City Power & Light","SWPP","Southwest Power Pool","1646","megawatthours"
"2026-10-06T05","LES","Lincoln Electric System","SWPP","Southwest Power Pool","435","megawatthours"
"2026-10-06T05","MPS","KCP&L Greater Missouri Operations","SWPP","Southwest Power Pool","979","megawatthours"
"2026-10-06T05","NPPD","Nebraska Public Power District","SWPP","Southwest Power Pool","1674","megawatthours"
"2026-10-06T05","OKGE","Oklahoma Gas and Electric Co.","SWPP","Southwest Power Pool","4100","megawatthours"
"2026-10-06T05","OPPD","Omaha Public Power District","SWPP","Southwest Power Pool","1839","megawatthours"
"2026-10-06T05","SECI","Sunflower Electric","SWPP","Southwest Power Pool","741","megawatthours"
"2026-10-06T05","SPRM","City of Springfield","SWPP","Southwest Power Pool","320","megawatthours"
"2026-10-06T05","SPS","Southwestern Public Service Company","SWPP","Southwest Power Pool","4012","megawatthours"
"2026-10-06T05","WAUE","Western Area Power Upper Great Plains East","SWPP","Southwest Power Pool","3823","megawatthours"
"2026-10-06T05","WFEC","Western Farmers Electric Cooperative","SWPP","Southwest Power Pool","976","megawatthours"
"2026-10-06T05","WR","Westar Energy","SWPP","Southwest Power Pool","2929","megawatthours"
"2026-10-06T05","PRPA","Platte River Power Authority - PRPA","SWPW","Southwest Power Pool West Balancing Authority Area","398","megawatthours"
"2026-10-06T05","WACM","Western Area Power Administration - Colorado Missouri Region - WACM","SWPW","Southwest Power Pool West Balancing Authority Area","2304","megawatthours"
"2026-10-06T05","WAUW","Western Area Power Administration - Upper Great Plains West - WAUW","SWPW","Southwest Power Pool West Balancing Authority Area","57","megawatthours"
"2026-10-06T04","BASI","Basin Electric Power Cooperative","BHBA","Black Hills Energy","219","megawatthours"
"2026-10-06T04","SDE","Black Hills Energy South Dakota Electric","BHBA","Black Hills Energy","275","megawatthours"
"2026-10-06T04","WYE","Black Hills Energy Wyoming Electric","BHBA","Black Hills Energy","382","megawatthours"
"2026-10-06T04","PGAE","Pacific Gas and Electric","CISO","California Independent System Operator","16334","megawatthours"
"2026-10-06T04","SCE","Southern California Edison","CISO","California Independent System Operator","20018","megawatthours"
"2026-10-06T04","SDGE","San Diego Gas and Electric","CISO","California Independent System Operator","4537","megawatthours"
"2026-10-06T04","VEA","Valley Electric Association","CISO","California Independent System Operator","81","megawatthours"
"2026-10-06T04","COAS","Coast","ERCO","Electric Reliability Council of Texas, Inc.","16151","megawatthours"
"2026-10-06T04","EAST","East","ERCO","Electric Reliability Council of Texas, Inc.","1784","megawatthours"
"2026-10-06T04","FWES","Far West","ERCO","Electric Reliability Council of Texas, Inc.","6933","megawatthours"
"2026-10-06T04","NCEN","North Central","ERCO","Electric Reliability Council of Texas, Inc.","14616","megawatthours"
"2026-10-06T04","NRTH","North","ERCO","Electric Reliability Council of Texas, Inc.","1332","megawatthours"
"2026-10-06T04","SCEN","South Central","ERCO","Electric Reliability Council of Texas, Inc.","9293","megawatthours"
"2026-10-06T04","SOUT","South","ERCO","Electric Reliability Council of Texas, Inc.","4876","megawatthours"
"2026-10-06T04","WEST","West","ERCO","Electric Reliability Council of Texas, Inc.","2137","megawatthours"
"2026-10-06T04","0001","Zone 1","MISO","Midcontinent Independent System Operator, Inc.","10163","megawatthours"
"2026-10-06T04","0004","Zone 4","MISO","Midcontinent Independent System Operator, Inc.","4549","megawatthours"
"2026-10-06T04","0006","Zone 6","MISO","Midcontinent Independent System Operator, Inc.","8804","megawatthours"
"2026-10-06T04","0027","Zones 2 and 7","MISO","Midcontinent Independent System Operator, Inc.","16068","megawatthours"
"2026-10-06T04","0035","Zones 3 and 5","MISO","Midcontinent Independent System Operator, Inc.","9501","megawatthours"
"2026-10-06T04","8910","Zones 8, 9, and 10","MISO","Midcontinent Independent System Operator, Inc.","21154","megawatthours"
"2026-10-06T04","ZONA","West","NYIS","New York Independent System Operator","1413","megawatthours"
"2026-10-06T04","ZONB","Genesee","NYIS","New York Independent System Operator","910","megawatthours"
"2026-10-06T04","ZONC","Central","NYIS","New York Independent System Operator","1442","megawatthours"
"2026-10-06T04","ZOND","North","NYIS","New York Independent System Operator","563","megawatthours"
"2026-10-06T04","ZONE","Mohawk Valley","NYIS","New York Independent System Operator","708","megawatthours"
"2026-10-06T04","ZONF","Capital","NYIS","New York Independent System Operator","1071","megawatthours"
"2026-10-06T04","ZONG","Hudson Valley","NYIS","New York Independent System Operator","912","megawatthours"
"2026-10-06T04","ZONH","Millwood","NYIS","New York Independent System Operator","194","megawatthours"
"2026-10-06T04","ZONI","Dunwoodie","NYIS","New York Independent System Operator","502","megawatthours"
"2026-10-06T04","ZONJ","New York City","NYIS","New York Independent System Operator","4499","megawatthours"
"2026-10-06T04","ZONK","Long Island","NYIS","New York Independent System Operator","1786","megawatthours"
"2026-10-06T04","AE","Atlantic Electric zone","PJM","PJM Interconnection, LLC","911","megawatthours"
"2026-10-06T04","AEP","American Electric Power zone","PJM","PJM Interconnection, LLC","14597","megawatthours"
"2026-10-06T04","AP","Allegheny Power zone","PJM","PJM Interconnection, LLC","4612","megawatthours"
"2026-10-06T04","ATSI","American Transmission Systems, Inc. zone","PJM","PJM Interconnection, LLC","6470","megawatthours"
"2026-10-06T04","BC","Baltimore Gas & Electric zone","PJM","PJM Interconnection, LLC","2598","megawatthours"
"2026-10-06T04","CE","Commonwealth Edison zone","PJM","PJM Interconnection, LLC","9640","megawatthours"
"2026-10-06T04","DAY","Dayton Power & Light zone","PJM","PJM Interconnection, LLC","1654","megawatthours"
"2026-10-06T04","DEOK","Duke Energy Ohio/Kentucky zone","PJM","PJM Interconnection, LLC","2250","megawatthours"
"2026-10-06T04","DOM","Dominion Virginia Power zone","PJM","PJM Interconnection, LLC","14124","megawatthours"
"2026-10-06T04","DPL","Delmarva Power & Light zone","PJM","PJM Interconnection, LLC","1531","megawatthours"
"2026-10-06T04","DUQ","Duquesne Lighting Company zone","PJM","PJM Interconnection, LLC","1186","megawatthours"
"2026-10-06T04","EKPC","East Kentucky Power Cooperative zone","PJM","PJM Interconnection, LLC","1218","megawatthours"
"2026-10-06T04","JC","Jersey Central Power & Light zone","PJM","PJM Interconnection, LLC","1994","megawatthours"
"2026-10-06T04","ME","Metropolitan Edison zone","PJM","PJM Interconnection, LLC","1389","megawatthours"
"2026-10-06T04","PE","PECO Energy zone","PJM","PJM Interconnection, LLC","3324","megawatthours"
"2026-10-06T04","PEP","Potomac Electric Power zone","PJM","PJM Interconnection, LLC","2472","megawatthours"
"2026-10-06T04","PL","Pennsylvania Power & Light zone","PJM","PJM Interconnection, LLC","3740","megawatthours"
"2026-10-06T04","PN","Pennsylvania Electric zone","PJM","PJM Interconnection, LLC","1547","megawatthours"
"2026-10-06T04","PS","Public Service Electric & Gas zone","PJM","PJM Interconnection, LLC","3937","megawatthours"
"2026-10-06T04","RECO","Rockland Electric (East) zone","PJM","PJM Interconnection, LLC","136","megawatthours"
"2026-10-06T04","ACMA","City of Acoma Pueblo","PNM","Public Service Company of New Mexico","2","megawatthours"
"2026-10-06T04","CYGA","City of Gallup","PNM","Public Service Company of New Mexico","19","megawatthours"
"2026-10-06T04","Frep","Freeport","PNM","Public Service Company of New Mexico","41","megawatthours"
"2026-10-06T04","Jica","Jicarilla Apache Nation","PNM","Public Service Company of New Mexico","2","megawatthours"
"2026-10-06T04","KAFB","Kirtland Air Force Base","PNM","Public Service Company of New Mexico","53","megawatthours"
"2026-10-06T04","KCEC","Kit Carson Electric Cooperative","PNM","Public Service Company of New Mexico","24","megawatthours"
"2026-10-06T04","LAC","Los Alamos County","PNM","Public Service Company of New Mexico","72","megawatthours"
"2026-10-06T04","PNM","PNM System Firm Load","PNM","Public Service Company of New Mexico","1244","megawatthours"
"2026-10-06T04","TSGT","Tri-State Generation and Transmission","PNM","Public Service Company of New Mexico","247","megawatthours"
"2026-10-06T04","CSWS","AEPW American Electric Power West","SWPP","Southwest Power Pool","5116","megawatthours"
"2026-10-06T04","EDE","Empire District Electric Company","SWPP","Southwest Power Pool","566","megawatthours"
"2026-10-06T04","GRDA","Grand River Dam Authority","SWPP","Southwest Power Pool","1187","megawatthours"
"2026-10-06T04","INDN","Independence Power & Light","SWPP","Southwest Power Pool","97","megawatthours"
"2026-10-06T04","KACY","Kansas City Board of Public Utilities","SWPP","Southwest Power Pool","228","megawatthours"
"2026-10-06T04","KCPL","Kansas City Power & Light","SWPP","Southwest Power Pool","1764","megawatthours"
"2026-10-06T04","LES","Lincoln Electric System","SWPP","Southwest Power Pool","477","megawatthours"
"2026-10-06T04","MPS","KCP&L Greater Missouri Operations","SWPP","Southwest Power Pool","962","megawatthours"
"2026-10-06T04","NPPD","Nebraska Public Power District","SWPP","Southwest Power Pool","1754","megawatthours"
"2026-10-06T04","OKGE","Oklahoma Gas and Electric Co.","SWPP","Southwest Power Pool","4315","megawatthours"
"2026-10-06T04","OPPD","Omaha Public Power District","SWPP","Southwest Power Pool","1928","megawatthours"
"2026-10-06T04","SECI","Sunflower Electric","SWPP","Southwest Power Pool","767","megawatthours"
"2026-10-06T04","SPRM","City of Springfield","SWPP","Southwest Power Pool","346","megawatthours"
"2026-10-06T04","SPS","Southwestern Public Service Company","SWPP","Southwest Power Pool","4115","megawatthours"
"2026-10-06T04","WAUE","Western Area Power Upper Great Plains East","SWPP","Southwest Power Pool","3921","megawatthours"
"2026-10-06T04","WFEC","Western Farmers Electric Cooperative","SWPP","Southwest Power Pool","1029","megawatthours"
"2026-10-06T04","WR","Westar Energy","SWPP","Southwest Power Pool","3148","megawatthours"
"2026-10-06T04","PRPA","Platte River Power Authority - PRPA","SWPW","Southwest Power Pool West Balancing Authority Area","442","megawatthours"
"2026-10-06T04","WACM","Western Area Power Administration - Colorado Missouri Region - WACM","SWPW","Southwest Power Pool West Balancing Authority Area","2425","megawatthours"
"2026-10-06T04","WAUW","Western Area Power Administration - Upper Great Plains West - WAUW","SWPW","Southwest Power Pool West Balancing Authority Area","70","megawatthours"
"2026-10-06T03","BASI","Basin Electric Power Cooperative","BHBA","Black Hills Energy","221","megawatthours"
"2026-10-06T03","SDE","Black Hills Energy South Dakota Electric","BHBA","Black Hills Energy","299","megawatthours"
"2026-10-06T03","WYE","Black Hills Energy Wyoming Electric","BHBA","Black Hills Energy","390","megawatthours"
"2026-10-06T03","PGAE","Pacific Gas and Electric","CISO","California Independent System Operator","17039","megawatthours"
"2026-10-06T03","SCE","Southern California Edison","CISO","California Independent System Operator","20750","megawatthours"
"2026-10-06T03","SDGE","San Diego Gas and Electric","CISO","California Independent System Operator","4680","megawatthours"
"2026-10-06T03","VEA","Valley Electric Association","CISO","California Independent System Operator","89","megawatthours"
"2026-10-06T03","COAS","Coast","ERCO","Electric Reliability Council of Texas, Inc.","16565","megawatthours"
"2026-10-06T03","EAST","East","ERCO","Electric Reliability Council of Texas, Inc.","1865","megawatthours"
"2026-10-06T03","FWES","Far West","ERCO","Electric Reliability Council of Texas, Inc.","6957","megawatthours"
"2026-10-06T03","NCEN","North Central","ERCO","Electric Reliability Council of Texas, Inc.","15798","megawatthours"
"2026-10-06T03","NRTH","North","ERCO","Electric Reliability Council of Texas, Inc.","1361","megawatthours"
"2026-10-06T03","SCEN","South Central","ERCO","Electric Reliability Council of Texas, Inc.","9923","megawatthours"
"2026-10-06T03","SOUT","South","ERCO","Electric Reliability Council of Texas, Inc.","5043","megawatthours"
"2026-10-06T03","WEST","West","ERCO","Electric Reliability Council of Texas, Inc.","2202","megawatthours"
"2026-10-06T03","0001","Zone 1","MISO","Midcontinent Independent System Operator, Inc.","10739","megawatthours"
"2026-10-06T03","0004","Zone 4","MISO","Midcontinent Independent System Operator, Inc.","4780","megawatthours"
"2026-10-06T03","0006","Zone 6","MISO","Midcontinent Independent System Operator, Inc.","9292","megawatthours"
"2026-10-06T03","0027","Zones 2 and 7","MISO","Midcontinent Independent System Operator, Inc.","16726","megawatthours"
"2026-10-06T03","0035","Zones 3 and 5","MISO","Midcontinent Independent System Operator, Inc.","10042","megawatthours"
"2026-10-06T03","8910","Zones 8, 9, and 10","MISO","Midcontinent Independent System Operator, Inc.","22107","megawatthours"
"2026-10-06T03","ZONA","West","NYIS","New York Independent System Operator","1469","megawatthours"
"2026-10-06T03","ZONB","Genesee","NYIS","New York Independent System Operator","983","megawatthours"
"2026-10-06T03","ZONC","Central","NYIS","New York Independent System Operator","1515","megawatthours"
"2026-10-06T03","ZOND","North","NYIS","New York Independent System Operator","570","megawatthours"
"2026-10-06T03","ZONE","Mohawk Valley","NYIS","New York Independent System Operator","754","megawatthours"
"2026-10-06T03","ZONF","Capital","NYIS","New York Independent System Operator","1126","megawatthours"
"2026-10-06T03","ZONG","Hudson Valley","NYIS","New York Independent System Operator","979","megawatthours"
"2026-10-06T03","ZONH","Millwood","NYIS","New York Independent System Operator","218","megawatthours"
"2026-10-06T03","ZONI","Dunwoodie","NYIS","New York Independent System Operator","539","megawatthours"
"2026-10-06T03","ZONJ","New York City","NYIS","New York Independent System Operator","4830","megawatthours"
"2026-10-06T03","ZONK","Long Island","NYIS","New York Independent System Operator","1953","megawatthours"
"2026-10-06T03","AE","Atlantic Electric zone","PJM","PJM Interconnection, LLC","985","megawatthours"
"2026-10-06T03","AEP","American Electric Power zone","PJM","PJM Interconnection, LLC","15219","megawatthours"
"2026-10-06T03","AP","Allegheny Power zone","PJM","PJM Interconnection, LLC","4902","megawatthours"
"2026-10-06T03","ATSI","American Transmission Systems, Inc. zone","PJM","PJM Interconnection, LLC","6796","megawatthours"
"2026-10-06T03","BC","Baltimore Gas & Electric zone","PJM","PJM Interconnection, LLC","2829","megawatthours"
"2026-10-06T03","CE","Commonwealth Edison zone","PJM","PJM Interconnection, LLC","10140","megawatthours"
"2026-10-06T03","DAY","Dayton Power & Light zone","PJM","PJM Interconnection, LLC","1762","megawatthours"
"2026-10-06T03","DEOK","Duke Energy Ohio/Kentucky zone","PJM","PJM Interconnection, LLC","2412","megawatthours"
"2026-10-06T03","DOM","Dominion Virginia Power zone","PJM","PJM Interconnection, LLC","14840","megawatthours"
"2026-10-06T03","DPL","Delmarva Power & Light zone","PJM","PJM Interconnection, LLC","1665","megawatthours"
"2026-10-06T03","DUQ","Duquesne Lighting Company zone","PJM","PJM Interconnection, LLC","1240","megawatthours"
"2026-10-06T03","EKPC","East Kentucky Power Cooperative zone","PJM","PJM Interconnection, LLC","1294","megawatthours"
"2026-10-06T03","JC","Jersey Central Power & Light zone","PJM","PJM Interconnection, LLC","2130","megawatthours"
"2026-10-06T03","ME","Metropolitan Edison zone","PJM","PJM Interconnection, LLC","1478","megawatthours"
"2026-10-06T03","PE","PECO Energy zone","PJM","PJM Interconnection, LLC","3588","megawatthours"
"2026-10-06T03","PEP","Potomac Electric Power zone","PJM","PJM Interconnection, LLC","2688","megawatthours"
"2026-10-06T03","PL","Pennsylvania Power & Light zone","PJM","PJM Interconnection, LLC","3962","megawatthours"
"2026-10-06T03","PN","Pennsylvania Electric zone","PJM","PJM Interconnection, LLC","1632","megawatthours"
"2026-10-06T03","PS","Public Service Electric & Gas zone","PJM","PJM Interconnection, LLC","4212","megawatthours"
"2026-10-06T03","RECO","Rockland Electric (East) zone","PJM","PJM Interconnection, LLC","146","megawatthours"
"2026-10-06T03","ACMA","City of Acoma Pueblo","PNM","Public Service Company of New Mexico","2","megawatthours"
"2026-10-06T03","CYGA","City of Gallup","PNM","Public Service Company of New Mexico","22","megawatthours"
"2026-10-06T03","Frep","Freeport","PNM","Public Service Company of New Mexico","38","megawatthours"
"2026-10-06T03","Jica","Jicarilla Apache Nation","PNM","Public Service Company of New Mexico","2","megawatthours"
"2026-10-06T03","KAFB","Kirtland Air Force Base","PNM","Public Service Company of New Mexico","53","megawatthours"
"2026-10-06T03","KCEC","Kit Carson Electric Cooperative","PNM","Public Service Company of New Mexico","25","megawatthours"
"2026-10-06T03","LAC","Los Alamos County","PNM","Public Service Company of New Mexico","72","megawatthours"
"2026-10-06T03","PNM","PNM System Firm Load","PNM","Public Service Company of New Mexico","1313","megawatthours"
"2026-10-06T03","TSGT","Tri-State Generation and Transmission","PNM","Public Service Company of New Mexico","257","megawatthours"
"2026-10-06T03","CSWS","AEPW American Electric Power West","SWPP","Southwest Power Pool","5526","megawatthours"
"2026-10-06T03","EDE","Empire District Electric Company","SWPP","Southwest Power Pool","621","megawatthours"
"2026-10-06T03","GRDA","Grand River Dam Authority","SWPP","Southwest Power Pool","1213","megawatthours"
"2026-10-06T03","INDN","Independence Power & Light","SWPP","Southwest Power Pool","107","megawatthours"
"2026-10-06T03","KACY","Kansas City Board of Public Utilities","SWPP","Southwest Power Pool","245","megawatthours"
"2026-10-06T03","KCPL","Kansas City Power & Light","SWPP","Southwest Power Pool","1896","megawatthours"
"2026-10-06T03","LES","Lincoln Electric System","SWPP","Southwest Power Pool","509","megawatthours"
"2026-10-06T03","MPS","KCP&L Greater Missouri Operations","SWPP","Southwest Power Pool","1019","megawatthours"
"2026-10-06T03","NPPD","Nebraska Public Power District","SWPP","Southwest Power Pool","1862","megawatthours"
"2026-10-06T03","OKGE","Oklahoma Gas and Electric Co.","SWPP","Southwest Power Pool","4562","megawatthours"
"2026-10-06T03","OPPD","Omaha Public Power District","SWPP","Southwest Power Pool","2032","megawatthours"
"2026-10-06T03","SECI","Sunflower Electric","SWPP","Southwest Power Pool","797","megawatthours"
"2026-10-06T03","SPRM","City of Springfield","SWPP","Southwest Power Pool","379","megawatthours"
"2026-10-06T03","SPS","Southwestern Public Service Company","SWPP","Southwest Power Pool","4247","megawatthours"
"2026-10-06T03","WAUE","Western Area Power Upper Great Plains East","SWPP","Southwest Power Pool","4005","megawatthours"
"2026-10-06T03","WFEC","Western Farmers Electric Cooperative","SWPP","Southwest Power Pool","1083","megawatthours"
"2026-10-06T03","WR","Westar Energy","SWPP","Southwest Power Pool","3370","megawatthours"
"2026-10-06T03","PRPA","Platte River Power Authority - PRPA","SWPW","Southwest Power Pool West Balancing Authority Area","469","megawatthours"
"2026-10-06T03","WACM","Western Area Power Administration - Colorado Missouri Region - WACM","SWPW","Southwest Power Pool West Balancing Authority Area","2548","megawatthours"
"2026-10-06T03","WAUW","Western Area Power Administration - Upper Great Plains West - WAUW","SWPW","Southwest Power Pool West Balancing Authority Area","69","megawatthours"
"2026-10-06T02","BASI","Basin Electric Power Cooperative","BHBA","Black Hills Energy","218","megawatthours"
"2026-10-06T02","SDE","Black Hills Energy South Dakota Electric","BHBA","Black Hills Energy","321","megawatthours"
"2026-10-06T02","WYE","Black Hills Energy Wyoming Electric","BHBA","Black Hills Energy","397","megawatthours"
"2026-10-06T02","PGAE","Pacific Gas and Electric","CISO","California Independent System Operator","17872","megawatthours"
"2026-10-06T02","SCE","Southern California Edison","CISO","California Independent System Operator","21633","megawatthours"
"2026-10-06T02","SDGE","San Diego Gas and Electric","CISO","California Independent System Operator","4868","megawatthours"
"2026-10-06T02","VEA","Valley Electric Association","CISO","California Independent System Operator","99","megawatthours"
"2026-10-06T02","COAS","Coast","ERCO","Electric Reliability Council of Texas, Inc.","17116","megawatthours"
"2026-10-06T02","EAST","East","ERCO","Electric Reliability Council of Texas, Inc.","1974","megawatthours"
"2026-10-06T02","FWES","Far West","ERCO","Electric Reliability Council of Texas, Inc.","7039","megawatthours"
"2026-10-06T02","NCEN","North Central","ERCO","Electric Reliability Council of Texas, Inc.","16829","megawatthours"
"2026-10-06T02","NRTH","North","ERCO","Electric Reliability Council of Texas, Inc.","1462","megawatthours"
"2026-10-06T02","SCEN","South Central","ERCO","Electric Reliability Council of Texas, Inc.","10752","megawatthours"
"2026-10-06T02","SOUT","South","ERCO","Electric Reliability Council of Texas, Inc.","5201","megawatthours"
"2026-10-06T02","WEST","West","ERCO","Electric Reliability Council of Texas, Inc.","2243","megawatthours"
"2026-10-06T02","0001","Zone 1","MISO","Midcontinent Independent System Operator, Inc.","11202","megawatthours"
"2026-10-06T02","0004","Zone 4","MISO","Midcontinent Independent System Operator, Inc.","4991","megawatthours"
"2026-10-06T02","0006","Zone 6","MISO","Midcontinent Independent System Operator, Inc.","9824","megawatthours"
"2026-10-06T02","0027","Zones 2 and 7","MISO","Midcontinent Independent System Operator, Inc.","17626","megawatthours"
"2026-10-06T02","0035","Zones 3 and 5","MISO","Midcontinent Independent System Operator, Inc.","10429","megawatthours"
"2026-10-06T02","8910","Zones 8, 9, and 10","MISO","Midcontinent Independent System Operator, Inc.","23047","megawatthours"
"2026-10-06T02","ZONA","West","NYIS","New York Independent System Operator","1517","megawatthours"
"2026-10-06T02","ZONB","Genesee","NYIS","New York Independent System Operator","1049","megawatthours"
"2026-10-06T02","ZONC","Central","NYIS","New York Independent System Operator","1610","megawatthours"
"2026-10-06T02","ZOND","North","NYIS","New York Independent System Operator","564","megawatthours"
"2026-10-06T02","ZONE","Mohawk Valley","NYIS","New York Independent System Operator","822","megawatthours"
"2026-10-06T02","ZONF","Capital","NYIS","New York Independent System Operator","1224","megawatthours"
"2026-10-06T02","ZONG","Hudson Valley","NYIS","New York Independent System Operator","1055","megawatthours"
"2026-10-06T02","ZONH","Millwood","NYIS","New York Independent System Operator","238","megawatthours"
"2026-10-06T02","ZONI","Dunwoodie","NYIS","New York Independent System Operator","583","megawatthours"
"2026-10-06T02","ZONJ","New York City","NYIS","New York Independent System Operator","5137","megawatthours"
"2026-10-06T02","ZONK","Long Island","NYIS","New York Independent System Operator","2104","megawatthours"
"2026-10-06T02","AE","Atlantic Electric zone","PJM","PJM Interconnection, LLC","1066","megawatthours"
"2026-10-06T02","AEP","American Electric Power zone","PJM","PJM Interconnection, LLC","15924","megawatthours"
"2026-10-06T02","AP","Allegheny Power zone","PJM","PJM Interconnection, LLC","5161","megawatthours"
"2026-10-06T02","ATSI","American Transmission Systems, Inc. zone","PJM","PJM Interconnection, LLC","7157","megawatthours"
"2026-10-06T02","BC","Baltimore Gas & Electric zone","PJM","PJM Interconnection, LLC","3068","megawatthours"
"2026-10-06T02","CE","Commonwealth Edison zone","PJM","PJM Interconnection, LLC","10560","megawatthours"
"2026-10-06T02","DAY","Dayton Power & Light zone","PJM","PJM Interconnection, LLC","1874","megawatthours"
"2026-10-06T02","DEOK","Duke Energy Ohio/Kentucky zone","PJM","PJM Interconnection, LLC","2578","megawatthours"
"2026-10-06T02","DOM","Dominion Virginia Power zone","PJM","PJM Interconnection, LLC","15572","megawatthours"
"2026-10-06T02","DPL","Delmarva Power & Light zone","PJM","PJM Interconnection, LLC","1814","megawatthours"
"2026-10-06T02","DUQ","Duquesne Lighting Company zone","PJM","PJM Interconnection, LLC","1276","megawatthours"
"2026-10-06T02","EKPC","East Kentucky Power Cooperative zone","PJM","PJM Interconnection, LLC","1413","megawatthours"
"2026-10-06T02","JC","Jersey Central Power & Light zone","PJM","PJM Interconnection, LLC","2297","megawatthours"
"2026-10-06T02","ME","Metropolitan Edison zone","PJM","PJM Interconnection, LLC","1597","megawatthours"
"2026-10-06T02","PE","PECO Energy zone","PJM","PJM Interconnection, LLC","3853","megawatthours"
"2026-10-06T02","PEP","Potomac Electric Power zone","PJM","PJM Interconnection, LLC","2891","megawatthours"
"2026-10-06T02","PL","Pennsylvania Power & Light zone","PJM","PJM Interconnection, LLC","4257","megawatthours"
"2026-10-06T02","PN","Pennsylvania Electric zone","PJM","PJM Interconnection, LLC","1721","megawatthours"
"2026-10-06T02","PS","Public Service Electric & Gas zone","PJM","PJM Interconnection, LLC","4480","megawatthours"
"2026-10-06T02","RECO","Rockland Electric (East) zone","PJM","PJM Interconnection, LLC","157","megawatthours"
"2026-10-06T02","ACMA","City of Acoma Pueblo","PNM","Public Service Company of New Mexico","2","megawatthours"
"2026-10-06T02","CYGA","City of Gallup","PNM","Public Service Company of New Mexico","23","megawatthours"
"2026-10-06T02","Frep","Freeport","PNM","Public Service Company of New Mexico","39","megawatthours"
"2026-10-06T02","Jica","Jicarilla Apache Nation","PNM","Public Service Company of New Mexico","2","megawatthours"
"2026-10-06T02","KAFB","Kirtland Air Force Base","PNM","Public Service Company of New Mexico","53","megawatthours"
"2026-10-06T02","KCEC","Kit Carson Electric Cooperative","PNM","Public Service Company of New Mexico","26","megawatthours"
"2026-10-06T02","LAC","Los Alamos County","PNM","Public Service Company of New Mexico","73","megawatthours"
"2026-10-06T02","PNM","PNM System Firm Load","PNM","Public Service Company of New Mexico","1354","megawatthours"
"2026-10-06T02","TSGT","Tri-State Generation and Transmission","PNM","Public Service Company of New Mexico","261","megawatthours"
"2026-10-06T02","CSWS","AEPW American Electric Power West","SWPP","Southwest Power Pool","5874","megawatthours"
"2026-10-06T02","EDE","Empire District Electric Company","SWPP","Southwest Power Pool","665","megawatthours"
"2026-10-06T02","GRDA","Grand River Dam Authority","SWPP","Southwest Power Pool","1241","megawatthours"
"2026-10-06T02","INDN","Independence Power & Light","SWPP","Southwest Power Pool","118","megawatthours"
"2026-10-06T02","KACY","Kansas City Board of Public Utilities","SWPP","Southwest Power Pool","253","megawatthours"
"2026-10-06T02","KCPL","Kansas City Power & Light","SWPP","Southwest Power Pool","2006","megawatthours"
"2026-10-06T02","LES","Lincoln Electric System","SWPP","Southwest Power Pool","539","megawatthours"
"2026-10-06T02","MPS","KCP&L Greater Missouri Operations","SWPP","Southwest Power Pool","1077","megawatthours"
"2026-10-06T02","NPPD","Nebraska Public Power District","SWPP","Southwest Power Pool","1948","megawatthours"
"2026-10-06T02","OKGE","Oklahoma Gas and Electric Co.","SWPP","Southwest Power Pool","4736","megawatthours"
"2026-10-06T02","OPPD","Omaha Public Power District","SWPP","Southwest Power Pool","2130","megawatthours"
"2026-10-06T02","SECI","Sunflower Electric","SWPP","Southwest Power Pool","821","megawatthours"
"2026-10-06T02","SPRM","City of Springfield","SWPP","Southwest Power Pool","401","megawatthours"
"2026-10-06T02","SPS","Southwestern Public Service Company","SWPP","Southwest Power Pool","4347","megawatthours"
"2026-10-06T02","WAUE","Western Area Power Upper Great Plains East","SWPP","Southwest Power Pool","4109","megawatthours"
"2026-10-06T02","WFEC","Western Farmers Electric Cooperative","SWPP","Southwest Power Pool","1124","megawatthours"
"2026-10-06T02","WR","Westar Energy","SWPP","Southwest Power Pool","3590","megawatthours"
"2026-10-06T02","PRPA","Platte River Power Authority - PRPA","SWPW","Southwest Power Pool West Balancing Authority Area","502","megawatthours"
"2026-10-06T02","WACM","Western Area Power Administration - Colorado Missouri Region - WACM","SWPW","Southwest Power Pool West Balancing Authority Area","2667","megawatthours"
"2026-10-06T02","WAUW","Western Area Power Administration - Upper Great Plains West - WAUW","SWPW","Southwest Power Pool West Balancing Authority Area","73","megawatthours"
"2026-10-06T01","BASI","Basin Electric Power Cooperative","BHBA","Black Hills Energy","212","megawatthours"
"2026-10-06T01","SDE","Black Hills Energy South Dakota Electric","BHBA","Black Hills Energy","334","megawatthours"
"2026-10-06T01","WYE","Black Hills Energy Wyoming Electric","BHBA","Black Hills Energy","401","megawatthours"
"2026-10-06T01","PGAE","Pacific Gas and Electric","CISO","California Independent System Operator","18164","megawatthours"
"2026-10-06T01","SCE","Southern California Edison","CISO","California Independent System Operator","22567","megawatthours"
"2026-10-06T01","SDGE","San Diego Gas and Electric","CISO","California Independent System Operator","5044","megawatthours"
"2026-10-06T01","VEA","Valley Electric Association","CISO","California Independent System Operator","103","megawatthours"
"2026-10-06T01","COAS","Coast","ERCO","Electric Reliability Council of Texas, Inc.","17444","megawatthours"
"2026-10-06T01","EAST","East","ERCO","Electric Reliability Council of Texas, Inc.","2128","megawatthours"
"2026-10-06T01","FWES","Far West","ERCO","Electric Reliability Council of Texas, Inc.","7096","megawatthours"
"2026-10-06T01","NCEN","North Central","ERCO","Electric Reliability Council of Texas, Inc.","17493","megawatthours"
"2026-10-06T01","NRTH","North","ERCO","Electric Reliability Council of Texas, Inc.","1552","megawatthours"
"2026-10-06T01","SCEN","South Central","ERCO","Electric Reliability Council of Texas, Inc.","11346","megawatthours"
"2026-10-06T01","SOUT","South","ERCO","Electric Reliability Council of Texas, Inc.","5211","megawatthours"
"2026-10-06T01","WEST","West","ERCO","Electric Reliability Council of Texas, Inc.","2276","megawatthours"
"2026-10-06T01","0001","Zone 1","MISO","Midcontinent Independent System Operator, Inc.","11459","megawatthours"
"2026-10-06T01","0004","Zone 4","MISO","Midcontinent Independent System Operator, Inc.","5167","megawatthours"
"2026-10-06T01","0006","Zone 6","MISO","Midcontinent Independent System Operator, Inc.","10177","megawatthours"
"2026-10-06T01","0027","Zones 2 and 7","MISO","Midcontinent Independent System Operator, Inc.","18278","megawatthours"
"2026-10-06T01","0035","Zones 3 and 5","MISO","Midcontinent Independent System Operator, Inc.","10831","megawatthours"
"2026-10-06T01","8910","Zones 8, 9, and 10","MISO","Midcontinent Independent System Operator, Inc.","23691","megawatthours"
"2026-10-06T01","ZONA","West","NYIS","New York Independent System Operator","1579","megawatthours"
"2026-10-06T01","ZONB","Genesee","NYIS","New York Independent System Operator","1106","megawatthours"
"2026-10-06T01","ZONC","Central","NYIS","New York Independent System Operator","1692","megawatthours"
"2026-10-06T01","ZOND","North","NYIS","New York Independent System Operator","582","megawatthours"
"2026-10-06T01","ZONE","Mohawk Valley","NYIS","New York Independent System Operator","882","megawatthours"
"2026-10-06T01","ZONF","Capital","NYIS","New York Independent System Operator","1306","megawatthours"
"2026-10-06T01","ZONG","Hudson Valley","NYIS","New York Independent System Operator","1122","megawatthours"
"2026-10-06T01","ZONH","Millwood","NYIS","New York Independent System Operator","260","megawatthours"
"2026-10-06T01","ZONI","Dunwoodie","NYIS","New York Independent System Operator","615","megawatthours"
"2026-10-06T01","ZONJ","New York City","NYIS","New York Independent System Operator","5373","megawatthours"
"2026-10-06T01","ZONK","Long Island","NYIS","New York Independent System Operator","2247","megawatthours"
"2026-10-06T01","AE","Atlantic Electric zone","PJM","PJM Interconnection, LLC","1132","megawatthours"
"2026-10-06T01","AEP","American Electric Power zone","PJM","PJM Interconnection, LLC","16394","megawatthours"
"2026-10-06T01","AP","Allegheny Power zone","PJM","PJM Interconnection, LLC","5449","megawatthours"
"2026-10-06T01","ATSI","American Transmission Systems, Inc. zone","PJM","PJM Interconnection, LLC","7385","megawatthours"
"2026-10-06T01","BC","Baltimore Gas & Electric zone","PJM","PJM Interconnection, LLC","3255","megawatthours"
"2026-10-06T01","CE","Commonwealth Edison zone","PJM","PJM Interconnection, LLC","10847","megawatthours"
"2026-10-06T01","DAY","Dayton Power & Light zone","PJM","PJM Interconnection, LLC","1966","megawatthours"
"2026-10-06T01","DEOK","Duke Energy Ohio/Kentucky zone","PJM","PJM Interconnection, LLC","2725","megawatthours"
"2026-10-06T01","DOM","Dominion Virginia Power zone","PJM","PJM Interconnection, LLC","16230","megawatthours"
"2026-10-06T01","DPL","Delmarva Power & Light zone","PJM","PJM Interconnection, LLC","1939","megawatthours"
"2026-10-06T01","DUQ","Duquesne Lighting Company zone","PJM","PJM Interconnection, LLC","1334","megawatthours"
"2026-10-06T01","EKPC","East Kentucky Power Cooperative zone","PJM","PJM Interconnection, LLC","1401","megawatthours"
"2026-10-06T01","JC","Jersey Central Power & Light zone","PJM","PJM Interconnection, LLC","2425","megawatthours"
"2026-10-06T01","ME","Metropolitan Edison zone","PJM","PJM Interconnection, LLC","1690","megawatthours"
"2026-10-06T01","PE","PECO Energy zone","PJM","PJM Interconnection, LLC","4032","megawatthours"
"2026-10-06T01","PEP","Potomac Electric Power zone","PJM","PJM Interconnection, LLC","3056","megawatthours"
"2026-10-06T01","PL","Pennsylvania Power & Light zone","PJM","PJM Interconnection, LLC","4478","megawatthours"
"2026-10-06T01","PN","Pennsylvania Electric zone","PJM","PJM Interconnection, LLC","1796","megawatthours"
"2026-10-06T01","PS","Public Service Electric & Gas zone","PJM","PJM Interconnection, LLC","4688","megawatthours"
"2026-10-06T01","RECO","Rockland Electric (East) zone","PJM","PJM Interconnection, LLC","164","megawatthours"
"2026-10-06T01","ACMA","City of Acoma Pueblo","PNM","Public Service Company of New Mexico","2","megawatthours"
"2026-10-06T01","CYGA","City of Gallup","PNM","Public Service Company of New Mexico","24","megawatthours"
"2026-10-06T01","Frep","Freeport","PNM","Public Service Company of New Mexico","37","megawatthours"
"2026-10-06T01","Jica","Jicarilla Apache Nation","PNM","Public Service Company of New Mexico","2","megawatthours"
"2026-10-06T01","KAFB","Kirtland Air Force Base","PNM","Public Service Company of New Mexico","54","megawatthours"
"2026-10-06T01","KCEC","Kit Carson Electric Cooperative","PNM","Public Service Company of New Mexico","30","megawatthours"
"2026-10-06T01","LAC","Los Alamos County","PNM","Public Service Company of New Mexico","72","megawatthours"
"2026-10-06T01","PNM","PNM System Firm Load","PNM","Public Service Company of New Mexico","1366","megawatthours"
"2026-10-06T01","TSGT","Tri-State Generation and Transmission","PNM","Public Service Company of New Mexico","262","megawatthours"
"2026-10-06T01","CSWS","AEPW American Electric Power West","SWPP","Southwest Power Pool","6174","megawatthours"
"2026-10-06T01","EDE","Empire District Electric Company","SWPP","Southwest Power Pool","695","megawatthours"
"2026-10-06T01","GRDA","Grand River Dam Authority","SWPP","Southwest Power Pool","1255","megawatthours"
"2026-10-06T01","INDN","Independence Power & Light","SWPP","Southwest Power Pool","126","megawatthours"
"2026-10-06T01","KACY","Kansas City Board of Public Utilities","SWPP","Southwest Power Pool","263","megawatthours"
"2026-10-06T01","KCPL","Kansas City Power & Light","SWPP","Southwest Power Pool","2073","megawatthours"
"2026-10-06T01","LES","Lincoln Electric System","SWPP","Southwest Power Pool","553","megawatthours"
"2026-10-06T01","MPS","KCP&L Greater Missouri Operations","SWPP","Southwest Power Pool","1113","megawatthours"
"2026-10-06T01","NPPD","Nebraska Public Power District","SWPP","Southwest Power Pool","1995","megawatthours"
"2026-10-06T01","OKGE","Oklahoma Gas and Electric Co.","SWPP","Southwest Power Pool","4915","megawatthours"
"2026-10-06T01","OPPD","Omaha Public Power District","SWPP","Southwest Power Pool","2191","megawatthours"
"2026-10-06T01","SECI","Sunflower Electric","SWPP","Southwest Power Pool","809","megawatthours"
"2026-10-06T01","SPRM","City of Springfield","SWPP","Southwest Power Pool","422","megawatthours"
"2026-10-06T01","SPS","Southwestern Public Service Company","SWPP","Southwest Power Pool","4388","megawatthours"
"2026-10-06T01","WAUE","Western Area Power Upper Great Plains East","SWPP","Southwest Power Pool","4132","megawatthours"
"2026-10-06T01","WFEC","Western Farmers Electric Cooperative","SWPP","Southwest Power Pool","1154","megawatthours"
"2026-10-06T01","WR","Westar Energy","SWPP","Southwest Power Pool","3890","megawatthours"
"2026-10-06T01","PRPA","Platte River Power Authority - PRPA","SWPW","Southwest Power Pool West Balancing Authority Area","520","megawatthours"
"2026-10-06T01","WACM","Western Area Power Administration - Colorado Missouri Region - WACM","SWPW","Southwest Power Pool West Balancing Authority Area","2732","megawatthours"
"2026-10-06T01","WAUW","Western Area Power Administration - Upper Great Plains West - WAUW","SWPW","Southwest Power Pool West Balancing Authority Area","77","megawatthours"
"2026-10-06T00","BASI","Basin Electric Power Cooperative","BHBA","Black Hills Energy","240","megawatthours"
"2026-10-06T00","SDE","Black Hills Energy South Dakota Electric","BHBA","Black Hills Energy","352","megawatthours"
"2026-10-06T00","WYE","Black Hills Energy Wyoming Electric","BHBA","Black Hills Energy","409","megawatthours"
"2026-10-06T00","PGAE","Pacific Gas and Electric","CISO","California Independent System Operator","17392","megawatthours"
"2026-10-06T00","SCE","Southern California Edison","CISO","California Independent System Operator","23725","megawatthours"
"2026-10-06T00","SDGE","San Diego Gas and Electric","CISO","California Independent System Operator","4993","megawatthours"
"2026-10-06T00","VEA","Valley Electric Association","CISO","California Independent System Operator","103","megawatthours"
"2026-10-06T00","COAS","Coast","ERCO","Electric Reliability Council of Texas, Inc.","17598","megawatthours"
"2026-10-06T00","EAST","East","ERCO","Electric Reliability Council of Texas, Inc.","2144","megawatthours"
"2026-10-06T00","FWES","Far West","ERCO","Electric Reliability Council of Texas, Inc.","7180","megawatthours"
"2026-10-06T00","NCEN","North Central","ERCO","Electric Reliability Council of Texas, Inc.","18190","megawatthours"
"2026-10-06T00","NRTH","North","ERCO","Electric Reliability Council of Texas, Inc.","1911","megawatthours"
"2026-10-06T00","SCEN","South Central","ERCO","Electric Reliability Council of Texas, Inc.","11752","megawatthours"
"2026-10-06T00","SOUT","South","ERCO","Electric Reliability Council of Texas, Inc.","5253","megawatthours"
"2026-10-06T00","WEST","West","ERCO","Electric Reliability Council of Texas, Inc.","2294","megawatthours"
"2026-10-06T00","0001","Zone 1","MISO","Midcontinent Independent System Operator, Inc.","11310","megawatthours"
"2026-10-06T00","0004","Zone 4","MISO","Midcontinent Independent System Operator, Inc.","5178","megawatthours"
"2026-10-06T00","0006","Zone 6","MISO","Midcontinent Independent System Operator, Inc.","10233","megawatthours"
"2026-10-06T00","0027","Zones 2 and 7","MISO","Midcontinent Independent System Operator, Inc.","18265","megawatthours"
"2026-10-06T00","0035","Zones 3 and 5","MISO","Midcontinent Independent System Operator, Inc.","10981","megawatthours"
"2026-10-06T00","8910","Zones 8, 9, and 10","MISO","Midcontinent Independent System Operator, Inc.","23969","megawatthours"
"2026-10-06T00","ZONA","West","NYIS","New York Independent System Operator","1615","megawatthours"
"2026-10-06T00","ZONB","Genesee","NYIS","New York Independent System Operator","1150","megawatthours"
"2026-10-06T00","ZONC","Central","NYIS","New York Independent System Operator","1757","megawatthours"
"2026-10-06T00","ZOND","North","NYIS","New York Independent System Operator","632","megawatthours"
"2026-10-06T00","ZONE","Mohawk Valley","NYIS","New York Independent System Operator","917","megawatthours"
"2026-10-06T00","ZONF","Capital","NYIS","New York Independent System Operator","1362","megawatthours"
"2026-10-06T00","ZONG","Hudson Valley","NYIS","New York Independent System Operator","1166","megawatthours"
"2026-10-06T00","ZONH","Millwood","NYIS","New York Independent System Operator","278","megawatthours"
"2026-10-06T00","ZONI","Dunwoodie","NYIS","New York Independent System Operator","639","megawatthours"
"2026-10-06T00","ZONJ","New York City","NYIS","New York Independent System Operator","5581","megawatthours"
"2026-10-06T00","ZONK","Long Island","NYIS","New York Independent System Operator","2337","megawatthours"
"2026-10-06T00","AE","Atlantic Electric zone","PJM","PJM Interconnection, LLC","1174","megawatthours"
"2026-10-06T00","AEP","American Electric Power zone","PJM","PJM Interconnection, LLC","16493","megawatthours"
"2026-10-06T00","AP","Allegheny Power zone","PJM","PJM Interconnection, LLC","5547","megawatthours"
"2026-10-06T00","ATSI","American Transmission Systems, Inc. zone","PJM","PJM Interconnection, LLC","7444","megawatthours"
"2026-10-06T00","BC","Baltimore Gas & Electric zone","PJM","PJM Interconnection, LLC","3356","megawatthours"
"2026-10-06T00","CE","Commonwealth Edison zone","PJM","PJM Interconnection, LLC","10847","megawatthours"
"2026-10-06T00","DAY","Dayton Power & Light zone","PJM","PJM Interconnection, LLC","1996","megawatthours"
"2026-10-06T00","DEOK","Duke Energy Ohio/Kentucky zone","PJM","PJM Interconnection, LLC","2783","megawatthours"
"2026-10-06T00","DOM","Dominion Virginia Power zone","PJM","PJM Interconnection, LLC","16749","megawatthours"
"2026-10-06T00","DPL","Delmarva Power & Light zone","PJM","PJM Interconnection, LLC","2013","megawatthours"
"2026-10-06T00","DUQ","Duquesne Lighting Company zone","PJM","PJM Interconnection, LLC","1366","megawatthours"
"2026-10-06T00","EKPC","East Kentucky Power Cooperative zone","PJM","PJM Interconnection, LLC","1394","megawatthours"
"2026-10-06T00","JC","Jersey Central Power & Light zone","PJM","PJM Interconnection, LLC","2517","megawatthours"
"2026-10-06T00","ME","Metropolitan Edison zone","PJM","PJM Interconnection, LLC","1746","megawatthours"
"2026-10-06T00","PE","PECO Energy zone","PJM","PJM Interconnection, LLC","4161","megawatthours"
"2026-10-06T00","PEP","Potomac Electric Power zone","PJM","PJM Interconnection, LLC","3159","megawatthours"
"2026-10-06T00","PL","Pennsylvania Power & Light zone","PJM","PJM Interconnection, LLC","4637","megawatthours"
"2026-10-06T00","PN","Pennsylvania Electric zone","PJM","PJM Interconnection, LLC","1818","megawatthours"
"2026-10-06T00","PS","Public Service Electric & Gas zone","PJM","PJM Interconnection, LLC","4837","megawatthours"
"2026-10-06T00","RECO","Rockland Electric (East) zone","PJM","PJM Interconnection, LLC","169","megawatthours"
"2026-10-06T00","ACMA","City of Acoma Pueblo","PNM","Public Service Company of New Mexico","2","megawatthours"
"2026-10-06T00","CYGA","City of Gallup","PNM","Public Service Company of New Mexico","24","megawatthours"
"2026-10-06T00","Frep","Freeport","PNM","Public Service Company of New Mexico","37","megawatthours"
"2026-10-06T00","Jica","Jicarilla Apache Nation","PNM","Public Service Company of New Mexico","2","megawatthours"
"2026-10-06T00","KAFB","Kirtland Air Force Base","PNM","Public Service Company of New Mexico","57","megawatthours"
"2026-10-06T00","KCEC","Kit Carson Electric Cooperative","PNM","Public Service Company of New Mexico","19","megawatthours"
"2026-10-06T00","LAC","Los Alamos County","PNM","Public Service Company of New Mexico","74","megawatthours"
"2026-10-06T00","PNM","PNM System Firm Load","PNM","Public Service Company of New Mexico","1367","megawatthours"
"2026-10-06T00","TSGT","Tri-State Generation and Transmission","PNM","Public Service Company of New Mexico","264","megawatthours"
"2026-10-06T00","CSWS","AEPW American Electric Power West","SWPP","Southwest Power Pool","6517","megawatthours"
"2026-10-06T00","EDE","Empire District Electric Company","SWPP","Southwest Power Pool","729","megawatthours"
"2026-10-06T00","GRDA","Grand River Dam Authority","SWPP","Southwest Power Pool","1287","megawatthours"
"2026-10-06T00","INDN","Independence Power & Light","SWPP","Southwest Power Pool","124","megawatthours"
"2026-10-06T00","KACY","Kansas City Board of Public Utilities","SWPP","Southwest Power Pool","266","megawatthours"
"2026-10-06T00","KCPL","Kansas City Power & Light","SWPP","Southwest Power Pool","2125","megawatthours"
"2026-10-06T00","LES","Lincoln Electric System","SWPP","Southwest Power Pool","564","megawatthours"
"2026-10-06T00","MPS","KCP&L Greater Missouri Operations","SWPP","Southwest Power Pool","1135","megawatthours"
"2026-10-06T00","NPPD","Nebraska Public Power District","SWPP","Southwest Power Pool","2022","megawatthours"
"2026-10-06T00","OKGE","Oklahoma Gas and Electric Co.","SWPP","Southwest Power Pool","5128","megawatthours"
"2026-10-06T00","OPPD","Omaha Public Power District","SWPP","Southwest Power Pool","2239","megawatthours"
"2026-10-06T00","SECI","Sunflower Electric","SWPP","Southwest Power Pool","808","megawatthours"
"2026-10-06T00","SPRM","City of Springfield","SWPP","Southwest Power Pool","448","megawatthours"
"2026-10-06T00","SPS","Southwestern Public Service Company","SWPP","Southwest Power Pool","4453","megawatthours"
"2026-10-06T00","WAUE","Western Area Power Upper Great Plains East","SWPP","Southwest Power Pool","4165","megawatthours"
"2026-10-06T00","WFEC","Western Farmers Electric Cooperative","SWPP","Southwest Power Pool","1205","megawatthours"
"2026-10-06T00","WR","Westar Energy","SWPP","Southwest Power Pool","3874","megawatthours"
"2026-10-06T00","PRPA","Platte River Power Authority - PRPA","SWPW","Southwest Power Pool West Balancing Authority Area","541","megawatthours"
"2026-10-06T00","WACM","Western Area Power Administration - Colorado Missouri Region - WACM","SWPW","Southwest Power Pool West Balancing Authority Area","2772","megawatthours"
"2026-10-06T00","WAUW","Western Area Power Administration - Upper Great Plains West - WAUW","SWPW","Southwest Power Pool West Balancing Authority Area","70","megawatthours"
"2026-10-05T23","BASI","Basin Electric Power Cooperative","BHBA","Black Hills Energy","241","megawatthours"
"2026-10-05T23","SDE","Black Hills Energy South Dakota Electric","BHBA","Black Hills Energy","363","megawatthours"
"2026-10-05T23","WYE","Black Hills Energy Wyoming Electric","BHBA","Black Hills Energy","412","megawatthours"
"2026-10-05T23","PGAE","Pacific Gas and Electric","CISO","California Independent System Operator","16383","megawatthours"
"2026-10-05T23","SCE","Southern California Edison","CISO","California Independent System Operator","24361","megawatthours"
"2026-10-05T23","SDGE","San Diego Gas and Electric","CISO","California Independent System Operator","4829","megawatthours"
"2026-10-05T23","VEA","Valley Electric Association","CISO","California Independent System Operator","99","megawatthours"
"2026-10-05T23","COAS","Coast","ERCO","Electric Reliability Council of Texas, Inc.","18432","megawatthours"
"2026-10-05T23","EAST","East","ERCO","Electric Reliability Council of Texas, Inc.","1982","megawatthours"
"2026-10-05T23","FWES","Far West","ERCO","Electric Reliability Council of Texas, Inc.","7380","megawatthours"
"2026-10-05T23","NCEN","North Central","ERCO","Electric Reliability Council of Texas, Inc.","19222","megawatthours"
"2026-10-05T23","NRTH","North","ERCO","Electric Reliability Council of Texas, Inc.","2043","megawatthours"
"2026-10-05T23","SCEN","South Central","ERCO","Electric Reliability Council of Texas, Inc.","12182","megawatthours"
"2026-10-05T23","SOUT","South","ERCO","Electric Reliability Council of Texas, Inc.","5374","megawatthours"
"2026-10-05T23","WEST","West","ERCO","Electric Reliability Council of Texas, Inc.","2348","megawatthours"
"2026-10-05T23","0001","Zone 1","MISO","Midcontinent Independent System Operator, Inc.","11057","megawatthours"
"2026-10-05T23","0004","Zone 4","MISO","Midcontinent Independent System Operator, Inc.","4995","megawatthours"
"2026-10-05T23","0006","Zone 6","MISO","Midcontinent Independent System Operator, Inc.","10233","megawatthours"
"2026-10-05T23","0027","Zones 2 and 7","MISO","Midcontinent Independent System Operator, Inc.","18132","megawatthours"
"2026-10-05T23","0035","Zones 3 and 5","MISO","Midcontinent Independent System Operator, Inc.","11174","megawatthours"
"2026-10-05T23","8910","Zones 8, 9, and 10","MISO","Midcontinent Independent System Operator, Inc.","24403","megawatthours"
"2026-10-05T23","ZONA","West","NYIS","New York Independent System Operator","1558","megawatthours"
"2026-10-05T23","ZONB","Genesee","NYIS","New York Independent System Operator","1121","megawatthours"
"2026-10-05T23","ZONC","Central","NYIS","New York Independent System Operator","1713","megawatthours"
"2026-10-05T23","ZOND","North","NYIS","New York Independent System Operator","592","megawatthours"
"2026-10-05T23","ZONE","Mohawk Valley","NYIS","New York Independent System Operator","889","megawatthours"
"2026-10-05T23","ZONF","Capital","NYIS","New York Independent System Operator","1341","megawatthours"
"2026-10-05T23","ZONG","Hudson Valley","NYIS","New York Independent System Operator","1149","megawatthours"
"2026-10-05T23","ZONH","Millwood","NYIS","New York Independent System Operator","264","megawatthours"
"2026-10-05T23","ZONI","Dunwoodie","NYIS","New York Independent System Operator","654","megawatthours"
"2026-10-05T23","ZONJ","New York City","NYIS","New York Independent System Operator","5661","megawatthours"
"2026-10-05T23","ZONK","Long Island","NYIS","New York Independent System Operator","2309","megawatthours"
"2026-10-05T23","AE","Atlantic Electric zone","PJM","PJM Interconnection, LLC","1154","megawatthours"
"2026-10-05T23","AEP","American Electric Power zone","PJM","PJM Interconnection, LLC","16530","megawatthours"
"2026-10-05T23","AP","Allegheny Power zone","PJM","PJM Interconnection, LLC","5445","megawatthours"
"2026-10-05T23","ATSI","American Transmission Systems, Inc. zone","PJM","PJM Interconnection, LLC","7340","megawatthours"
"2026-10-05T23","BC","Baltimore Gas & Electric zone","PJM","PJM Interconnection, LLC","3312","megawatthours"
"2026-10-05T23","CE","Commonwealth Edison zone","PJM","PJM Interconnection, LLC","10755","megawatthours"
"2026-10-05T23","DAY","Dayton Power & Light zone","PJM","PJM Interconnection, LLC","1997","megawatthours"
"2026-10-05T23","DEOK","Duke Energy Ohio/Kentucky zone","PJM","PJM Interconnection, LLC","2801","megawatthours"
"2026-10-05T23","DOM","Dominion Virginia Power zone","PJM","PJM Interconnection, LLC","16756","megawatthours"
"2026-10-05T23","DPL","Delmarva Power & Light zone","PJM","PJM Interconnection, LLC","2003","megawatthours"
"2026-10-05T23","DUQ","Duquesne Lighting Company zone","PJM","PJM Interconnection, LLC","1344","megawatthours"
"2026-10-05T23","EKPC","East Kentucky Power Cooperative zone","PJM","PJM Interconnection, LLC","1410","megawatthours"
"2026-10-05T23","JC","Jersey Central Power & Light zone","PJM","PJM Interconnection, LLC","2533","megawatthours"
"2026-10-05T23","ME","Metropolitan Edison zone","PJM","PJM Interconnection, LLC","1715","megawatthours"
"2026-10-05T23","PE","PECO Energy zone","PJM","PJM Interconnection, LLC","4158","megawatthours"
"2026-10-05T23","PEP","Potomac Electric Power zone","PJM","PJM Interconnection, LLC","3164","megawatthours"
"2026-10-05T23","PL","Pennsylvania Power & Light zone","PJM","PJM Interconnection, LLC","4593","megawatthours"
"2026-10-05T23","PN","Pennsylvania Electric zone","PJM","PJM Interconnection, LLC","1783","megawatthours"
"2026-10-05T23","PS","Public Service Electric & Gas zone","PJM","PJM Interconnection, LLC","4797","megawatthours"
"2026-10-05T23","RECO","Rockland Electric (East) zone","PJM","PJM Interconnection, LLC","168","megawatthours"
"2026-10-05T23","ACMA","City of Acoma Pueblo","PNM","Public Service Company of New Mexico","2","megawatthours"
"2026-10-05T23","CYGA","City of Gallup","PNM","Public Service Company of New Mexico","25","megawatthours"
"2026-10-05T23","Frep","Freeport","PNM","Public Service Company of New Mexico","40","megawatthours"
"2026-10-05T23","Jica","Jicarilla Apache Nation","PNM","Public Service Company of New Mexico","2","megawatthours"
"2026-10-05T23","KAFB","Kirtland Air Force Base","PNM","Public Service Company of New Mexico","59","megawatthours"
"2026-10-05T23","KCEC","Kit Carson Electric Cooperative","PNM","Public Service Company of New Mexico","2","megawatthours"
"2026-10-05T23","LAC","Los Alamos County","PNM","Public Service Company of New Mexico","74","megawatthours"
"2026-10-05T23","PNM","PNM System Firm Load","PNM","Public Service Company of New Mexico","1324","megawatthours"
"2026-10-05T23","TSGT","Tri-State Generation and Transmission","PNM","Public Service Company of New Mexico","257","megawatthours"
"2026-10-05T23","CSWS","AEPW American Electric Power West","SWPP","Southwest Power Pool","6815","megawatthours"
"2026-10-05T23","EDE","Empire District Electric Company","SWPP","Southwest Power Pool","757","megawatthours"
"2026-10-05T23","GRDA","Grand River Dam Authority","SWPP","Southwest Power Pool","1307","megawatthours"
"2026-10-05T23","INDN","Independence Power & Light","SWPP","Southwest Power Pool","125","megawatthours"
"2026-10-05T23","KACY","Kansas City Board of Public Utilities","SWPP","Southwest Power Pool","272","megawatthours"
"2026-10-05T23","KCPL","Kansas City Power & Light","SWPP","Southwest Power Pool","2178","megawatthours"
"2026-10-05T23","LES","Lincoln Electric System","SWPP","Southwest Power Pool","581","megawatthours"
"2026-10-05T23","MPS","KCP&L Greater Missouri Operations","SWPP","Southwest Power Pool","1156","megawatthours"
"2026-10-05T23","NPPD","Nebraska Public Power District","SWPP","Southwest Power Pool","2026","megawatthours"
"2026-10-05T23","OKGE","Oklahoma Gas and Electric Co.","SWPP","Southwest Power Pool","5275","megawatthours"
"2026-10-05T23","OPPD","Omaha Public Power District","SWPP","Southwest Power Pool","2276","megawatthours"
"2026-10-05T23","SECI","Sunflower Electric","SWPP","Southwest Power Pool","826","megawatthours"
"2026-10-05T23","SPRM","City of Springfield","SWPP","Southwest Power Pool","469","megawatthours"
"2026-10-05T23","SPS","Southwestern Public Service Company","SWPP","Southwest Power Pool","4444","megawatthours"
"2026-10-05T23","WAUE","Western Area Power Upper Great Plains East","SWPP","Southwest Power Pool","4195","megawatthours"
"2026-10-05T23","WFEC","Western Farmers Electric Cooperative","SWPP","Southwest Power Pool","1225","megawatthours"
"2026-10-05T23","WR","Westar Energy","SWPP","Southwest Power Pool","4037","megawatthours"
"2026-10-05T23","PRPA","Platte River Power Authority - PRPA","SWPW","Southwest Power Pool West Balancing Authority Area","531","megawatthours"
"2026-10-05T23","WACM","Western Area Power Administration - Colorado Missouri Region - WACM","SWPW","Southwest Power Pool West Balancing Authority Area","2718","megawatthours"
"2026-10-05T23","WAUW","Western Area Power Administration - Upper Great Plains West - WAUW","SWPW","Southwest Power Pool West Balancing Authority Area","71","megawatthours"
"2026-10-05T22","BASI","Basin Electric Power Cooperative","BHBA","Black Hills Energy","238","megawatthours"
"2026-10-05T22","SDE","Black Hills Energy South Dakota Electric","BHBA","Black Hills Energy","359","megawatthours"
"2026-10-05T22","WYE","Black Hills Energy Wyoming Electric","BHBA","Black Hills Energy","413","megawatthours"
"2026-10-05T22","PGAE","Pacific Gas and Electric","CISO","California Independent System Operator","15419","megawatthours"
"2026-10-05T22","SCE","Southern California Edison","CISO","California Independent System Operator","23682","megawatthours"
"2026-10-05T22","SDGE","San Diego Gas and Electric","CISO","California Independent System Operator","4644","megawatthours"
"2026-10-05T22","VEA","Valley Electric Association","CISO","California Independent System Operator","92","megawatthours"
"2026-10-05T22","COAS","Coast","ERCO","Electric Reliability Council of Texas, Inc.","19071","megawatthours"
"2026-10-05T22","EAST","East","ERCO","Electric Reliability Council of Texas, Inc.","1930","megawatthours"
"2026-10-05T22","FWES","Far West","ERCO","Electric Reliability Council of Texas, Inc.","7598","megawatthours"
"2026-10-05T22","NCEN","North Central","ERCO","Electric Reliability Council of Texas, Inc.","19329","megawatthours"
"2026-10-05T22","NRTH","North","ERCO","Electric Reliability Council of Texas, Inc.","2094","megawatthours"
"2026-10-05T22","SCEN","South Central","ERCO","Electric Reliability Council of Texas, Inc.","12224","megawatthours"
"2026-10-05T22","SOUT","South","ERCO","Electric Reliability Council of Texas, Inc.","5360","megawatthours"
"2026-10-05T22","WEST","West","ERCO","Electric Reliability Council of Texas, Inc.","2346","megawatthours"
"2026-10-05T22","0001","Zone 1","MISO","Midcontinent Independent System Operator, Inc.","10698","megawatthours"
"2026-10-05T22","0004","Zone 4","MISO","Midcontinent Independent System Operator, Inc.","4610","megawatthours"
"2026-10-05T22","0006","Zone 6","MISO","Midcontinent Independent System Operator, Inc.","10295","megawatthours"
"2026-10-05T22","0027","Zones 2 and 7","MISO","Midcontinent Independent System Operator, Inc.","18039","megawatthours"
"2026-10-05T22","0035","Zones 3 and 5","MISO","Midcontinent Independent System Operator, Inc.","11155","megawatthours"
"2026-10-05T22","8910","Zones 8, 9, and 10","MISO","Midcontinent Independent System Operator, Inc.","24644","megawatthours"
"2026-10-05T22","ZONA","West","NYIS","New York Independent System Operator","1422","megawatthours"
"2026-10-05T22","ZONB","Genesee","NYIS","New York Independent System Operator","994","megawatthours"
"2026-10-05T22","ZONC","Central","NYIS","New York Independent System Operator","1506","megawatthours"
"2026-10-05T22","ZOND","North","NYIS","New York Independent System Operator","590","megawatthours"
"2026-10-05T22","ZONE","Mohawk Valley","NYIS","New York Independent System Operator","815","megawatthours"
"2026-10-05T22","ZONF","Capital","NYIS","New York Independent System Operator","1198","megawatthours"
"2026-10-05T22","ZONG","Hudson Valley","NYIS","New York Independent System Operator","1057","megawatthours"
"2026-10-05T22","ZONH","Millwood","NYIS","New York Independent System Operator","241","megawatthours"
"2026-10-05T22","ZONI","Dunwoodie","NYIS","New York Independent System Operator","643","megawatthours"
"2026-10-05T22","ZONJ","New York City","NYIS","New York Independent System Operator","5782","megawatthours"
"2026-10-05T22","ZONK","Long Island","NYIS","New York Independent System Operator","2211","megawatthours"
"2026-10-05T22","AE","Atlantic Electric zone","PJM","PJM Interconnection, LLC","1082","megawatthours"
"2026-10-05T22","AEP","American Electric Power zone","PJM","PJM Interconnection, LLC","16594","megawatthours"
"2026-10-05T22","AP","Allegheny Power zone","PJM","PJM Interconnection, LLC","5432","megawatthours"
"2026-10-05T22","ATSI","American Transmission Systems, Inc. zone","PJM","PJM Interconnection, LLC","7398","megawatthours"
"2026-10-05T22","BC","Baltimore Gas & Electric zone","PJM","PJM Interconnection, LLC","3260","megawatthours"
"2026-10-05T22","CE","Commonwealth Edison zone","PJM","PJM Interconnection, LLC","10466","megawatthours"
"2026-10-05T22","DAY","Dayton Power & Light zone","PJM","PJM Interconnection, LLC","2011","megawatthours"
"2026-10-05T22","DEOK","Duke Energy Ohio/Kentucky zone","PJM","PJM Interconnection, LLC","2840","megawatthours"
"2026-10-05T22","DOM","Dominion Virginia Power zone","PJM","PJM Interconnection, LLC","16724","megawatthours"
"2026-10-05T22","DPL","Delmarva Power & Light zone","PJM","PJM Interconnection, LLC","1895","megawatthours"
"2026-10-05T22","DUQ","Duquesne Lighting Company zone","PJM","PJM Interconnection, LLC","1368","megawatthours"
"2026-10-05T22","EKPC","East Kentucky Power Cooperative zone","PJM","PJM Interconnection, LLC","1413","megawatthours"
"2026-10-05T22","JC","Jersey Central Power & Light zone","PJM","PJM Interconnection, LLC","2350","megawatthours"
"2026-10-05T22","ME","Metropolitan Edison zone","PJM","PJM Interconnection, LLC","1700","megawatthours"
"2026-10-05T22","PE","PECO Energy zone","PJM","PJM Interconnection, LLC","4164","megawatthours"
"2026-10-05T22","PEP","Potomac Electric Power zone","PJM","PJM Interconnection, LLC","3185","megawatthours"
"2026-10-05T22","PL","Pennsylvania Power & Light zone","PJM","PJM Interconnection, LLC","4481","megawatthours"
"2026-10-05T22","PN","Pennsylvania Electric zone","PJM","PJM Interconnection, LLC","1755","megawatthours"
"2026-10-05T22","PS","Public Service Electric & Gas zone","PJM","PJM Interconnection, LLC","4657","megawatthours"
"2026-10-05T22","RECO","Rockland Electric (East) zone","PJM","PJM Interconnection, LLC","167","megawatthours"
"2026-10-05T22","ACMA","City of Acoma Pueblo","PNM","Public Service Company of New Mexico","2","megawatthours"
"2026-10-05T22","CYGA","City of Gallup","PNM","Public Service Company of New Mexico","24","megawatthours"
"2026-10-05T22","Frep","Freeport","PNM","Public Service Company of New Mexico","39","megawatthours"
"2026-10-05T22","Jica","Jicarilla Apache Nation","PNM","Public Service Company of New Mexico","2","megawatthours"
"2026-10-05T22","KAFB","Kirtland Air Force Base","PNM","Public Service Company of New Mexico","61","megawatthours"
"2026-10-05T22","LAC","Los Alamos County","PNM","Public Service Company of New Mexico","74","megawatthours"
"2026-10-05T22","PNM","PNM System Firm Load","PNM","Public Service Company of New Mexico","1245","megawatthours"
"2026-10-05T22","TSGT","Tri-State Generation and Transmission","PNM","Public Service Company of New Mexico","242","megawatthours"
"2026-10-05T22","CSWS","AEPW American Electric Power West","SWPP","Southwest Power Pool","6877","megawatthours"
"2026-10-05T22","EDE","Empire District Electric Company","SWPP","Southwest Power Pool","756","megawatthours"
"2026-10-05T22","GRDA","Grand River Dam Authority","SWPP","Southwest Power Pool","1311","megawatthours"
"2026-10-05T22","INDN","Independence Power & Light","SWPP","Southwest Power Pool","121","megawatthours"
"2026-10-05T22","KACY","Kansas City Board of Public Utilities","SWPP","Southwest Power Pool","272","megawatthours"
"2026-10-05T22","KCPL","Kansas City Power & Light","SWPP","Southwest Power Pool","2171","megawatthours"
"2026-10-05T22","LES","Lincoln Electric System","SWPP","Southwest Power Pool","576","megawatthours"
"2026-10-05T22","MPS","KCP&L Greater Missouri Operations","SWPP","Southwest Power Pool","1125","megawatthours"
"2026-10-05T22","NPPD","Nebraska Public Power District","SWPP","Southwest Power Pool","2018","megawatthours"
"2026-10-05T22","OKGE","Oklahoma Gas and Electric Co.","SWPP","Southwest Power Pool","5302","megawatthours"
"2026-10-05T22","OPPD","Omaha Public Power District","SWPP","Southwest Power Pool","2248","megawatthours"
"2026-10-05T22","SECI","Sunflower Electric","SWPP","Southwest Power Pool","832","megawatthours"
"2026-10-05T22","SPRM","City of Springfield","SWPP","Southwest Power Pool","474","megawatthours"
"2026-10-05T22","SPS","Southwestern Public Service Company","SWPP","Southwest Power Pool","4402","megawatthours"
"2026-10-05T22","WAUE","Western Area Power Upper Great Plains East","SWPP","Southwest Power Pool","4197","megawatthours"
"2026-10-05T22","WFEC","Western Farmers Electric Cooperative","SWPP","Southwest Power Pool","1221","megawatthours"
"2026-10-05T22","WR","Westar Energy","SWPP","Southwest Power Pool","4076","megawatthours"
"2026-10-05T22","PRPA","Platte River Power Authority - PRPA","SWPW","Southwest Power Pool West Balancing Authority Area","502","megawatthours"
"2026-10-05T22","WACM","Western Area Power Administration - Colorado Missouri Region - WACM","SWPW","Southwest Power Pool West Balancing Authority Area","2593","megawatthours"
"2026-10-05T22","WAUW","Western Area Power Administration - Upper Great Plains West - WAUW","SWPW","Southwest Power Pool West Balancing Authority Area","72","megawatthours"
"2026-10-05T21","BASI","Basin Electric Power Cooperative","BHBA","Black Hills Energy","228","megawatthours"
"2026-10-05T21","SDE","Black Hills Energy South Dakota Electric","BHBA","Black Hills Energy","349","megawatthours"
"2026-10-05T21","WYE","Black Hills Energy Wyoming Electric","BHBA","Black Hills Energy","413","megawatthours"
"2026-10-05T21","PGAE","Pacific Gas and Electric","CISO","California Independent System Operator","14626","megawatthours"
"2026-10-05T21","SCE","Southern California Edison","CISO","California Independent System Operator","22843","megawatthours"
"2026-10-05T21","SDGE","San Diego Gas and Electric","CISO","California Independent System Operator","4742","megawatthours"
"2026-10-05T21","VEA","Valley Electric Association","CISO","California Independent System Operator","84","megawatthours"
"2026-10-05T21","COAS","Coast","ERCO","Electric Reliability Council of Texas, Inc.","19162","megawatthours"
"2026-10-05T21","EAST","East","ERCO","Electric Reliability Council of Texas, Inc.","1874","megawatthours"
"2026-10-05T21","FWES","Far West","ERCO","Electric Reliability Council of Texas, Inc.","7609","megawatthours"
"2026-10-05T21","NCEN","North Central","ERCO","Electric Reliability Council of Texas, Inc.","18838","megawatthours"
"2026-10-05T21","NRTH","North","ERCO","Electric Reliability Council of Texas, Inc.","2072","megawatthours"
"2026-10-05T21","SCEN","South Central","ERCO","Electric Reliability Council of Texas, Inc.","11865","megawatthours"
"2026-10-05T21","SOUT","South","ERCO","Electric Reliability Council of Texas, Inc.","5170","megawatthours"
"2026-10-05T21","WEST","West","ERCO","Electric Reliability Council of Texas, Inc.","2269","megawatthours"
"2026-10-05T21","0001","Zone 1","MISO","Midcontinent Independent System Operator, Inc.","10551","megawatthours"
"2026-10-05T21","0004","Zone 4","MISO","Midcontinent Independent System Operator, Inc.","4334","megawatthours"
"2026-10-05T21","0006","Zone 6","MISO","Midcontinent Independent System Operator, Inc.","10169","megawatthours"
"2026-10-05T21","0027","Zones 2 and 7","MISO","Midcontinent Independent System Operator, Inc.","18049","megawatthours"
"2026-10-05T21","0035","Zones 3 and 5","MISO","Midcontinent Independent System Operator, Inc.","10999","megawatthours"
"2026-10-05T21","8910","Zones 8, 9, and 10","MISO","Midcontinent Independent System Operator, Inc.","24353","megawatthours"
"2026-10-05T21","ZONA","West","NYIS","New York Independent System Operator","1281","megawatthours"
"2026-10-05T21","ZONB","Genesee","NYIS","New York Independent System Operator","831","megawatthours"
"2026-10-05T21","ZONC","Central","NYIS","New York Independent System Operator","1230","megawatthours"
"2026-10-05T21","ZOND","North","NYIS","New York Independent System Operator","561","megawatthours"
"2026-10-05T21","ZONE","Mohawk Valley","NYIS","New York Independent System Operator","693","megawatthours"
"2026-10-05T21","ZONF","Capital","NYIS","New York Independent System Operator","968","megawatthours"
"2026-10-05T21","ZONG","Hudson Valley","NYIS","New York Independent System Operator","910","megawatthours"
"2026-10-05T21","ZONH","Millwood","NYIS","New York Independent System Operator","211","megawatthours"
"2026-10-05T21","ZONI","Dunwoodie","NYIS","New York Independent System Operator","619","megawatthours"
"2026-10-05T21","ZONJ","New York City","NYIS","New York Independent System Operator","5745","megawatthours"
"2026-10-05T21","ZONK","Long Island","NYIS","New York Independent System Operator","2040","megawatthours"
"2026-10-05T21","AE","Atlantic Electric zone","PJM","PJM Interconnection, LLC","947","megawatthours"
"2026-10-05T21","AEP","American Electric Power zone","PJM","PJM Interconnection, LLC","16512","megawatthours"
"2026-10-05T21","AP","Allegheny Power zone","PJM","PJM Interconnection, LLC","5283","megawatthours"
"2026-10-05T21","ATSI","American Transmission Systems, Inc. zone","PJM","PJM Interconnection, LLC","7418","megawatthours"
"2026-10-05T21","BC","Baltimore Gas & Electric zone","PJM","PJM Interconnection, LLC","3108","megawatthours"
"2026-10-05T21","CE","Commonwealth Edison zone","PJM","PJM Interconnection, LLC","10263","megawatthours"
"2026-10-05T21","DAY","Dayton Power & Light zone","PJM","PJM Interconnection, LLC","1987","megawatthours"
"2026-10-05T21","DEOK","Duke Energy Ohio/Kentucky zone","PJM","PJM Interconnection, LLC","2804","megawatthours"
"2026-10-05T21","DOM","Dominion Virginia Power zone","PJM","PJM Interconnection, LLC","16405","megawatthours"
"2026-10-05T21","DPL","Delmarva Power & Light zone","PJM","PJM Interconnection, LLC","1733","megawatthours"
"2026-10-05T21","DUQ","Duquesne Lighting Company zone","PJM","PJM Interconnection, LLC","1394","megawatthours"
"2026-10-05T21","EKPC","East Kentucky Power Cooperative zone","PJM","PJM Interconnection, LLC","1424","megawatthours"
"2026-10-05T21","JC","Jersey Central Power & Light zone","PJM","PJM Interconnection, LLC","2176","megawatthours"
"2026-10-05T21","ME","Metropolitan Edison zone","PJM","PJM Interconnection, LLC","1661","megawatthours"
"2026-10-05T21","PE","PECO Energy zone","PJM","PJM Interconnection, LLC","4101","megawatthours"
"2026-10-05T21","PEP","Potomac Electric Power zone","PJM","PJM Interconnection, LLC","3075","megawatthours"
"2026-10-05T21","PL","Pennsylvania Power & Light zone","PJM","PJM Interconnection, LLC","4334","megawatthours"
"2026-10-05T21","PN","Pennsylvania Electric zone","PJM","PJM Interconnection, LLC","1744","megawatthours"
"2026-10-05T21","PS","Public Service Electric & Gas zone","PJM","PJM Interconnection, LLC","4365","megawatthours"
"2026-10-05T21","RECO","Rockland Electric (East) zone","PJM","PJM Interconnection, LLC","165","megawatthours"
"2026-10-05T21","ACMA","City of Acoma Pueblo","PNM","Public Service Company of New Mexico","3","megawatthours"
"2026-10-05T21","CYGA","City of Gallup","PNM","Public Service Company of New Mexico","25","megawatthours"
"2026-10-05T21","Frep","Freeport","PNM","Public Service Company of New Mexico","38","megawatthours"
"2026-10-05T21","Jica","Jicarilla Apache Nation","PNM","Public Service Company of New Mexico","2","megawatthours"
"2026-10-05T21","KAFB","Kirtland Air Force Base","PNM","Public Service Company of New Mexico","62","megawatthours"
"2026-10-05T21","LAC","Los Alamos County","PNM","Public Service Company of New Mexico","74","megawatthours"
"2026-10-05T21","PNM","PNM System Firm Load","PNM","Public Service Company of New Mexico","1163","megawatthours"
"2026-10-05T21","TSGT","Tri-State Generation and Transmission","PNM","Public Service Company of New Mexico","238","megawatthours"
"2026-10-05T21","CSWS","AEPW American Electric Power West","SWPP","Southwest Power Pool","6787","megawatthours"
"2026-10-05T21","EDE","Empire District Electric Company","SWPP","Southwest Power Pool","732","megawatthours"
"2026-10-05T21","GRDA","Grand River Dam Authority","SWPP","Southwest Power Pool","1305","megawatthours"
"2026-10-05T21","INDN","Independence Power & Light","SWPP","Southwest Power Pool","114","megawatthours"
"2026-10-05T21","KACY","Kansas City Board of Public Utilities","SWPP","Southwest Power Pool","263","megawatthours"
"2026-10-05T21","KCPL","Kansas City Power & Light","SWPP","Southwest Power Pool","2124","megawatthours"
"2026-10-05T21","LES","Lincoln Electric System","SWPP","Southwest Power Pool","558","megawatthours"
"2026-10-05T21","MPS","KCP&L Greater Missouri Operations","SWPP","Southwest Power Pool","1082","megawatthours"
"2026-10-05T21","NPPD","Nebraska Public Power District","SWPP","Southwest Power Pool","1994","megawatthours"
"2026-10-05T21","OKGE","Oklahoma Gas and Electric Co.","SWPP","Southwest Power Pool","5194","megawatthours"
"2026-10-05T21","OPPD","Omaha Public Power District","SWPP","Southwest Power Pool","2209","megawatthours"
"2026-10-05T21","SECI","Sunflower Electric","SWPP","Southwest Power Pool","818","megawatthours"
"2026-10-05T21","SPRM","City of Springfield","SWPP","Southwest Power Pool","461","megawatthours"
"2026-10-05T21","SPS","Southwestern Public Service Company","SWPP","Southwest Power Pool","4337","megawatthours"
"2026-10-05T21","WAUE","Western Area Power Upper Great Plains East","SWPP","Southwest Power Pool","4161","megawatthours"
"2026-10-05T21","WFEC","Western Farmers Electric Cooperative","SWPP","Southwest Power Pool","1180","megawatthours"
"2026-10-05T21","WR","Westar Energy","SWPP","Southwest Power Pool","3986","megawatthours"
"2026-10-05T21","PRPA","Platte River Power Authority - PRPA","SWPW","Southwest Power Pool West Balancing Authority Area","470","megawatthours"
"2026-10-05T21","WACM","Western Area Power Administration - Colorado Missouri Region - WACM","SWPW","Southwest Power Pool West Balancing Authority Area","2494","megawatthours"
"2026-10-05T21","WAUW","Western Area Power Administration - Upper Great Plains West - WAUW","SWPW","Southwest Power Pool West Balancing Authority Area","69","megawatthours"
"2026-10-05T20","BASI","Basin Electric Power Cooperative","BHBA","Black Hills Energy","229","megawatthours"
"2026-10-05T20","SDE","Black Hills Energy South Dakota Electric","BHBA","Black Hills Energy","336","megawatthours"
"2026-10-05T20","WYE","Black Hills Energy Wyoming Electric","BHBA","Black Hills Energy","412","megawatthours"
"2026-10-05T20","PGAE","Pacific Gas and Electric","CISO","California Independent System Operator","14138","megawatthours"
"2026-10-05T20","SCE","Southern California Edison","CISO","California Independent System Operator","22721","megawatthours"
"2026-10-05T20","SDGE","San Diego Gas and Electric","CISO","California Independent System Operator","4514","megawatthours"
"2026-10-05T20","VEA","Valley Electric Association","CISO","California Independent System Operator","75","megawatthours"
"2026-10-05T20","COAS","Coast","ERCO","Electric Reliability Council of Texas, Inc.","18644","megawatthours"
"2026-10-05T20","EAST","East","ERCO","Electric Reliability Council of Texas, Inc.","1793","megawatthours"
"2026-10-05T20","FWES","Far West","ERCO","Electric Reliability Council of Texas, Inc.","7605","megawatthours"
"2026-10-05T20","NCEN","North Central","ERCO","Electric Reliability Council of Texas, Inc.","18220","megawatthours"
"2026-10-05T20","NRTH","North","ERCO","Electric Reliability Council of Texas, Inc.","2027","megawatthours"
"2026-10-05T20","SCEN","South Central","ERCO","Electric Reliability Council of Texas, Inc.","11441","megawatthours"
"2026-10-05T20","SOUT","South","ERCO","Electric Reliability Council of Texas, Inc.","5137","megawatthours"
"2026-10-05T20","WEST","West","ERCO","Electric Reliability Council of Texas, Inc.","2276","megawatthours"
"2026-10-05T20","0001","Zone 1","MISO","Midcontinent Independent System Operator, Inc.","10441","megawatthours"
"2026-10-05T20","0004","Zone 4","MISO","Midcontinent Independent System Operator, Inc.","4175","megawatthours"
"2026-10-05T20","0006","Zone 6","MISO","Midcontinent Independent System Operator, Inc.","10057","megawatthours"
"2026-10-05T20","0027","Zones 2 and 7","MISO","Midcontinent Independent System Operator, Inc.","18223","megawatthours"
"2026-10-05T20","0035","Zones 3 and 5","MISO","Midcontinent Independent System Operator, Inc.","10767","megawatthours"
"2026-10-05T20","8910","Zones 8, 9, and 10","MISO","Midcontinent Independent System Operator, Inc.","24046","megawatthours"
"2026-10-05T20","ZONA","West","NYIS","New York Independent System Operator","1239","megawatthours"
"2026-10-05T20","ZONB","Genesee","NYIS","New York Independent System Operator","777","megawatthours"
"2026-10-05T20","ZONC","Central","NYIS","New York Independent System Operator","1097","megawatthours"
"2026-10-05T20","ZOND","North","NYIS","New York Independent System Operator","532","megawatthours"
"2026-10-05T20","ZONE","Mohawk Valley","NYIS","New York Independent System Operator","579","megawatthours"
"2026-10-05T20","ZONF","Capital","NYIS","New York Independent System Operator","773","megawatthours"
"2026-10-05T20","ZONG","Hudson Valley","NYIS","New York Independent System Operator","799","megawatthours"
"2026-10-05T20","ZONH","Millwood","NYIS","New York Independent System Operator","191","megawatthours"
"2026-10-05T20","ZONI","Dunwoodie","NYIS","New York Independent System Operator","594","megawatthours"
"2026-10-05T20","ZONJ","New York City","NYIS","New York Independent System Operator","5683","megawatthours"
"2026-10-05T20","ZONK","Long Island","NYIS","New York Independent System Operator","1867","megawatthours"
"2026-10-05T20","AE","Atlantic Electric zone","PJM","PJM Interconnection, LLC","830","megawatthours"
"2026-10-05T20","AEP","American Electric Power zone","PJM","PJM Interconnection, LLC","16383","megawatthours"
"2026-10-05T20","AP","Allegheny Power zone","PJM","PJM Interconnection, LLC","5147","megawatthours"
"2026-10-05T20","ATSI","American Transmission Systems, Inc. zone","PJM","PJM Interconnection, LLC","7427","megawatthours"
"2026-10-05T20","BC","Baltimore Gas & Electric zone","PJM","PJM Interconnection, LLC","2952","megawatthours"
"2026-10-05T20","CE","Commonwealth Edison zone","PJM","PJM Interconnection, LLC","10184","megawatthours"
"2026-10-05T20","DAY","Dayton Power & Light zone","PJM","PJM Interconnection, LLC","1977","megawatthours"
"2026-10-05T20","DEOK","Duke Energy Ohio/Kentucky zone","PJM","PJM Interconnection, LLC","2757","megawatthours"
"2026-10-05T20","DOM","Dominion Virginia Power zone","PJM","PJM Interconnection, LLC","16065","megawatthours"
"2026-10-05T20","DPL","Delmarva Power & Light zone","PJM","PJM Interconnection, LLC","1655","megawatthours"
"2026-10-05T20","DUQ","Duquesne Lighting Company zone","PJM","PJM Interconnection, LLC","1385","megawatthours"
"2026-10-05T20","EKPC","East Kentucky Power Cooperative zone","PJM","PJM Interconnection, LLC","1488","megawatthours"
"2026-10-05T20","JC","Jersey Central Power & Light zone","PJM","PJM Interconnection, LLC","1980","megawatthours"
"2026-10-05T20","ME","Metropolitan Edison zone","PJM","PJM Interconnection, LLC","1620","megawatthours"
"2026-10-05T20","PE","PECO Energy zone","PJM","PJM Interconnection, LLC","4057","megawatthours"
"2026-10-05T20","PEP","Potomac Electric Power zone","PJM","PJM Interconnection, LLC","2926","megawatthours"
"2026-10-05T20","PL","Pennsylvania Power & Light zone","PJM","PJM Interconnection, LLC","4193","megawatthours"
"2026-10-05T20","PN","Pennsylvania Electric zone","PJM","PJM Interconnection, LLC","1753","megawatthours"
"2026-10-05T20","PS","Public Service Electric & Gas zone","PJM","PJM Interconnection, LLC","4065","megawatthours"
"2026-10-05T20","RECO","Rockland Electric (East) zone","PJM","PJM Interconnection, LLC","162","megawatthours"
"2026-10-05T20","ACMA","City of Acoma Pueblo","PNM","Public Service Company of New Mexico","2","megawatthours"
"2026-10-05T20","CYGA","City of Gallup","PNM","Public Service Company of New Mexico","24","megawatthours"
"2026-10-05T20","Frep","Freeport","PNM","Public Service Company of New Mexico","38","megawatthours"
"2026-10-05T20","Jica","Jicarilla Apache Nation","PNM","Public Service Company of New Mexico","2","megawatthours"
"2026-10-05T20","KAFB","Kirtland Air Force Base","PNM","Public Service Company of New Mexico","60","megawatthours"
"2026-10-05T20","LAC","Los Alamos County","PNM","Public Service Company of New Mexico","74","megawatthours"
"2026-10-05T20","PNM","PNM System Firm Load","PNM","Public Service Company of New Mexico","1119","megawatthours"
"2026-10-05T20","TSGT","Tri-State Generation and Transmission","PNM","Public Service Company of New Mexico","230","megawatthours"
"2026-10-05T20","CSWS","AEPW American Electric Power West","SWPP","Southwest Power Pool","6572","megawatthours"
"2026-10-05T20","EDE","Empire District Electric Company","SWPP","Southwest Power Pool","702","megawatthours"
"2026-10-05T20","GRDA","Grand River Dam Authority","SWPP","Southwest Power Pool","1300","megawatthours"
"2026-10-05T20","INDN","Independence Power & Light","SWPP","Southwest Power Pool","108","megawatthours"
"2026-10-05T20","KACY","Kansas City Board of Public Utilities","SWPP","Southwest Power Pool","274","megawatthours"
"2026-10-05T20","KCPL","Kansas City Power & Light","SWPP","Southwest Power Pool","2061","megawatthours"
"2026-10-05T20","LES","Lincoln Electric System","SWPP","Southwest Power Pool","547","megawatthours"
"2026-10-05T20","MPS","KCP&L Greater Missouri Operations","SWPP","Southwest Power Pool","1035","megawatthours"
"2026-10-05T20","NPPD","Nebraska Public Power District","SWPP","Southwest Power Pool","1972","megawatthours"
"2026-10-05T20","OKGE","Oklahoma Gas and Electric Co.","SWPP","Southwest Power Pool","5028","megawatthours"
"2026-10-05T20","OPPD","Omaha Public Power District","SWPP","Southwest Power Pool","2163","megawatthours"
"2026-10-05T20","SECI","Sunflower Electric","SWPP","Southwest Power Pool","800","megawatthours"
"2026-10-05T20","SPRM","City of Springfield","SWPP","Southwest Power Pool","444","megawatthours"
"2026-10-05T20","SPS","Southwestern Public Service Company","SWPP","Southwest Power Pool","4265","megawatthours"
"2026-10-05T20","WAUE","Western Area Power Upper Great Plains East","SWPP","Southwest Power Pool","4133","megawatthours"
"2026-10-05T20","WFEC","Western Farmers Electric Cooperative","SWPP","Southwest Power Pool","1124","megawatthours"
"2026-10-05T20","WR","Westar Energy","SWPP","Southwest Power Pool","3851","megawatthours"
"2026-10-05T20","PRPA","Platte River Power Authority - PRPA","SWPW","Southwest Power Pool West Balancing Authority Area","442","megawatthours"
"2026-10-05T20","WACM","Western Area Power Administration - Colorado Missouri Region - WACM","SWPW","Southwest Power Pool West Balancing Authority Area","2407","megawatthours"
"2026-10-05T20","WAUW","Western Area Power Administration - Upper Great Plains West - WAUW","SWPW","Southwest Power Pool West Balancing Authority Area","64","megawatthours"
"2026-10-05T19","BASI","Basin Electric Power Cooperative","BHBA","Black Hills Energy","232","megawatthours"
"2026-10-05T19","SDE","Black Hills Energy South Dakota Electric","BHBA","Black Hills Energy","324","megawatthours"
"2026-10-05T19","WYE","Black Hills Energy Wyoming Electric","BHBA","Black Hills Energy","414","megawatthours"
"2026-10-05T19","PGAE","Pacific Gas and Electric","CISO","California Independent System Operator","13703","megawatthours"
"2026-10-05T19","SCE","Southern California Edison","CISO","California Independent System Operator","23616","megawatthours"
"2026-10-05T19","SDGE","San Diego Gas and Electric","CISO","California Independent System Operator","4345","megawatthours"
"2026-10-05T19","VEA","Valley Electric Association","CISO","California Independent System Operator","67","megawatthours"
"2026-10-05T19","COAS","Coast","ERCO","Electric Reliability Council of Texas, Inc.","17981","megawatthours"
"2026-10-05T19","EAST","East","ERCO","Electric Reliability Council of Texas, Inc.","1697","megawatthours"
"2026-10-05T19","FWES","Far West","ERCO","Electric Reliability Council of Texas, Inc.","7655","megawatthours"
"2026-10-05T19","NCEN","North Central","ERCO","Electric Reliability Council of Texas, Inc.","17516","megawatthours"
"2026-10-05T19","NRTH","North","ERCO","Electric Reliability Council of Texas, Inc.","1958","megawatthours"
"2026-10-05T19","SCEN","South Central","ERCO","Electric Reliability Council of Texas, Inc.","10959","megawatthours"
"2026-10-05T19","SOUT","South","ERCO","Electric Reliability Council of Texas, Inc.","5157","megawatthours"
"2026-10-05T19","WEST","West","ERCO","Electric Reliability Council of Texas, Inc.","2217","megawatthours"
"2026-10-05T19","0001","Zone 1","MISO","Midcontinent Independent System Operator, Inc.","10307","megawatthours"
"2026-10-05T19","0004","Zone 4","MISO","Midcontinent Independent System Operator, Inc.","4069","megawatthours"
"2026-10-05T19","0006","Zone 6","MISO","Midcontinent Independent System Operator, Inc.","10064","megawatthours"
"2026-10-05T19","0027","Zones 2 and 7","MISO","Midcontinent Independent System Operator, Inc.","18364","megawatthours"
"2026-10-05T19","0035","Zones 3 and 5","MISO","Midcontinent Independent System Operator, Inc.","10617","megawatthours"
"2026-10-05T19","8910","Zones 8, 9, and 10","MISO","Midcontinent Independent System Operator, Inc.","23384","megawatthours"
"2026-10-05T19","ZONA","West","NYIS","New York Independent System Operator","1236","megawatthours"
"2026-10-05T19","ZONB","Genesee","NYIS","New York Independent System Operator","765","megawatthours"
"2026-10-05T19","ZONC","Central","NYIS","New York Independent System Operator","1048","megawatthours"
"2026-10-05T19","ZOND","North","NYIS","New York Independent System Operator","518","megawatthours"
"2026-10-05T19","ZONE","Mohawk Valley","NYIS","New York Independent System Operator","513","megawatthours"
"2026-10-05T19","ZONF","Capital","NYIS","New York Independent System Operator","730","megawatthours"
"2026-10-05T19","ZONG","Hudson Valley","NYIS","New York Independent System Operator","763","megawatthours"
"2026-10-05T19","ZONH","Millwood","NYIS","New York Independent System Operator","174","megawatthours"
"2026-10-05T19","ZONI","Dunwoodie","NYIS","New York Independent System Operator","564","megawatthours"
"2026-10-05T19","ZONJ","New York City","NYIS","New York Independent System Operator","5632","megawatthours"
"2026-10-05T19","ZONK","Long Island","NYIS","New York Independent System Operator","1772","megawatthours"
"2026-10-05T19","AE","Atlantic Electric zone","PJM","PJM Interconnection, LLC","765","megawatthours"
"2026-10-05T19","AEP","American Electric Power zone","PJM","PJM Interconnection, LLC","16287","megawatthours"
"2026-10-05T19","AP","Allegheny Power zone","PJM","PJM Interconnection, LLC","5155","megawatthours"
"2026-10-05T19","ATSI","American Transmission Systems, Inc. zone","PJM","PJM Interconnection, LLC","7469","megawatthours"
"2026-10-05T19","BC","Baltimore Gas & Electric zone","PJM","PJM Interconnection, LLC","2848","megawatthours"
"2026-10-05T19","CE","Commonwealth Edison zone","PJM","PJM Interconnection, LLC","10108","megawatthours"
"2026-10-05T19","DAY","Dayton Power & Light zone","PJM","PJM Interconnection, LLC","1984","megawatthours"
"2026-10-05T19","DEOK","Duke Energy Ohio/Kentucky zone","PJM","PJM Interconnection, LLC","2736","megawatthours"
"2026-10-05T19","DOM","Dominion Virginia Power zone","PJM","PJM Interconnection, LLC","15878","megawatthours"
"2026-10-05T19","DPL","Delmarva Power & Light zone","PJM","PJM Interconnection, LLC","1611","megawatthours"
"2026-10-05T19","DUQ","Duquesne Lighting Company zone","PJM","PJM Interconnection, LLC","1398","megawatthours"
"2026-10-05T19","EKPC","East Kentucky Power Cooperative zone","PJM","PJM Interconnection, LLC","1370","megawatthours"
"2026-10-05T19","JC","Jersey Central Power & Light zone","PJM","PJM Interconnection, LLC","1928","megawatthours"
"2026-10-05T19","ME","Metropolitan Edison zone","PJM","PJM Interconnection, LLC","1610","megawatthours"
"2026-10-05T19","PE","PECO Energy zone","PJM","PJM Interconnection, LLC","4047","megawatthours"
"2026-10-05T19","PEP","Potomac Electric Power zone","PJM","PJM Interconnection, LLC","2816","megawatthours"
"2026-10-05T19","PL","Pennsylvania Power & Light zone","PJM","PJM Interconnection, LLC","4197","megawatthours"
"2026-10-05T19","PN","Pennsylvania Electric zone","PJM","PJM Interconnection, LLC","1809","megawatthours"
"2026-10-05T19","PS","Public Service Electric & Gas zone","PJM","PJM Interconnection, LLC","3922","megawatthours"
"2026-10-05T19","RECO","Rockland Electric (East) zone","PJM","PJM Interconnection, LLC","157","megawatthours"
"2026-10-05T19","ACMA","City of Acoma Pueblo","PNM","Public Service Company of New Mexico","2","megawatthours"
"2026-10-05T19","CYGA","City of Gallup","PNM","Public Service Company of New Mexico","23","megawatthours"
"2026-10-05T19","Frep","Freeport","PNM","Public Service Company of New Mexico","38","megawatthours"
"2026-10-05T19","Jica","Jicarilla Apache Nation","PNM","Public Service Company of New Mexico","2","megawatthours"
"2026-10-05T19","KAFB","Kirtland Air Force Base","PNM","Public Service Company of New Mexico","60","megawatthours"
"2026-10-05T19","LAC","Los Alamos County","PNM","Public Service Company of New Mexico","72","megawatthours"
"2026-10-05T19","PNM","PNM System Firm Load","PNM","Public Service Company of New Mexico","1072","megawatthours"
"2026-10-05T19","TSGT","Tri-State Generation and Transmission","PNM","Public Service Company of New Mexico","230","megawatthours"
"2026-10-05T19","CSWS","AEPW American Electric Power West","SWPP","Southwest Power Pool","6231","megawatthours"
"2026-10-05T19","EDE","Empire District Electric Company","SWPP","Southwest Power Pool","672","megawatthours"
"2026-10-05T19","GRDA","Grand River Dam Authority","SWPP","Southwest Power Pool","1283","megawatthours"
"2026-10-05T19","INDN","Independence Power & Light","SWPP","Southwest Power Pool","102","megawatthours"
"2026-10-05T19","KACY","Kansas City Board of Public Utilities","SWPP","Southwest Power Pool","275","megawatthours"
"2026-10-05T19","KCPL","Kansas City Power & Light","SWPP","Southwest Power Pool","2011","megawatthours"
"2026-10-05T19","LES","Lincoln Electric System","SWPP","Southwest Power Pool","535","megawatthours"
"2026-10-05T19","MPS","KCP&L Greater Missouri Operations","SWPP","Southwest Power Pool","1005","megawatthours"
"2026-10-05T19","NPPD","Nebraska Public Power District","SWPP","Southwest Power Pool","1943","megawatthours"
"2026-10-05T19","OKGE","Oklahoma Gas and Electric Co.","SWPP","Southwest Power Pool","4828","megawatthours"
"2026-10-05T19","OPPD","Omaha Public Power District","SWPP","Southwest Power Pool","2120","megawatthours"
"2026-10-05T19","SECI","Sunflower Electric","SWPP","Southwest Power Pool","777","megawatthours"
"2026-10-05T19","SPRM","City of Springfield","SWPP","Southwest Power Pool","428","megawatthours"
"2026-10-05T19","SPS","Southwestern Public Service Company","SWPP","Southwest Power Pool","4203","megawatthours"
"2026-10-05T19","WAUE","Western Area Power Upper Great Plains East","SWPP","Southwest Power Pool","4066","megawatthours"
"2026-10-05T19","WFEC","Western Farmers Electric Cooperative","SWPP","Southwest Power Pool","1074","megawatthours"
"2026-10-05T19","WR","Westar Energy","SWPP","Southwest Power Pool","3726","megawatthours"
"2026-10-05T19","PRPA","Platte River Power Authority - PRPA","SWPW","Southwest Power Pool West Balancing Authority Area","417","megawatthours"
"2026-10-05T19","WACM","Western Area Power Administration - Colorado Missouri Region - WACM","SWPW","Southwest Power Pool West Balancing Authority Area","2344","megawatthours"
"2026-10-05T19","WAUW","Western Area Power Administration - Upper Great Plains West - WAUW","SWPW","Southwest Power Pool West Balancing Authority Area","64","megawatthours"
"2026-10-05T18","BASI","Basin Electric Power Cooperative","BHBA","Black Hills Energy","239","megawatthours"
"2026-10-05T18","SDE","Black Hills Energy South Dakota Electric","BHBA","Black Hills Energy","307","megawatthours"
"2026-10-05T18","WYE","Black Hills Energy Wyoming Electric","BHBA","Black Hills Energy","413","megawatthours"
"2026-10-05T18","PGAE","Pacific Gas and Electric","CISO","California Independent System Operator","13346","megawatthours"
"2026-10-05T18","SCE","Southern California Edison","CISO","California Independent System Operator","23387","megawatthours"
"2026-10-05T18","SDGE","San Diego Gas and Electric","CISO","California Independent System Operator","4268","megawatthours"
"2026-10-05T18","VEA","Valley Electric Association","CISO","California Independent System Operator","60","megawatthours"
"2026-10-05T18","COAS","Coast","ERCO","Electric Reliability Council of Texas, Inc.","17059","megawatthours"
"2026-10-05T18","EAST","East","ERCO","Electric Reliability Council of Texas, Inc.","1606","megawatthours"
"2026-10-05T18","FWES","Far West","ERCO","Electric Reliability Council of Texas, Inc.","7664","megawatthours"
"2026-10-05T18","NCEN","North Central","ERCO","Electric Reliability Council of Texas, Inc.","16763","megawatthours"
"2026-10-05T18","NRTH","North","ERCO","Electric Reliability Council of Texas, Inc.","1884","megawatthours"
"2026-10-05T18","SCEN","South Central","ERCO","Electric Reliability Council of Texas, Inc.","10426","megawatthours"
"2026-10-05T18","SOUT","South","ERCO","Electric Reliability Council of Texas, Inc.","4947","megawatthours"
"2026-10-05T18","WEST","West","ERCO","Electric Reliability Council of Texas, Inc.","2102","megawatthours"
"2026-10-05T18","0001","Zone 1","MISO","Midcontinent Independent System Operator, Inc.","10203","megawatthours"
"2026-10-05T18","0004","Zone 4","MISO","Midcontinent Independent System Operator, Inc.","3917","megawatthours"
"2026-10-05T18","0006","Zone 6","MISO","Midcontinent Independent System Operator, Inc.","9904","megawatthours"
"2026-10-05T18","0027","Zones 2 and 7","MISO","Midcontinent Independent System Operator, Inc.","18339","megawatthours"
"2026-10-05T18","0035","Zones 3 and 5","MISO","Midcontinent Independent System Operator, Inc.","10397","megawatthours"
"2026-10-05T18","8910","Zones 8, 9, and 10","MISO","Midcontinent Independent System Operator, Inc.","22499","megawatthours"
"2026-10-05T18","ZONA","West","NYIS","New York Independent System Operator","1265","megawatthours"
"2026-10-05T18","ZONB","Genesee","NYIS","New York Independent System Operator","755","megawatthours"
"2026-10-05T18","ZONC","Central","NYIS","New York Independent System Operator","1058","megawatthours"
"2026-10-05T18","ZOND","North","NYIS","New York Independent System Operator","507","megawatthours"
"2026-10-05T18","ZONE","Mohawk Valley","NYIS","New York Independent System Operator","524","megawatthours"
"2026-10-05T18","ZONF","Capital","NYIS","New York Independent System Operator","838","megawatthours"
"2026-10-05T18","ZONG","Hudson Valley","NYIS","New York Independent System Operator","728","megawatthours"
"2026-10-05T18","ZONH","Millwood","NYIS","New York Independent System Operator","163","megawatthours"
"2026-10-05T18","ZONI","Dunwoodie","NYIS","New York Independent System Operator","563","megawatthours"
"2026-10-05T18","ZONJ","New York City","NYIS","New York Independent System Operator","5670","megawatthours"
"2026-10-05T18","ZONK","Long Island","NYIS","New York Independent System Operator","1802","megawatthours"
"2026-10-05T18","AE","Atlantic Electric zone","PJM","PJM Interconnection, LLC","723","megawatthours"
"2026-10-05T18","AEP","American Electric Power zone","PJM","PJM Interconnection, LLC","16367","megawatthours"
"2026-10-05T18","AP","Allegheny Power zone","PJM","PJM Interconnection, LLC","5134","megawatthours"
"2026-10-05T18","ATSI","American Transmission Systems, Inc. zone","PJM","PJM Interconnection, LLC","7553","megawatthours"
"2026-10-05T18","BC","Baltimore Gas & Electric zone","PJM","PJM Interconnection, LLC","2799","megawatthours"
"2026-10-05T18","CE","Commonwealth Edison zone","PJM","PJM Interconnection, LLC","9955","megawatthours"
"2026-10-05T18","DAY","Dayton Power & Light zone","PJM","PJM Interconnection, LLC","1974","megawatthours"
"2026-10-05T18","DEOK","Duke Energy Ohio/Kentucky zone","PJM","PJM Interconnection, LLC","2711","megawatthours"
"2026-10-05T18","DOM","Dominion Virginia Power zone","PJM","PJM Interconnection, LLC","15666","megawatthours"
"2026-10-05T18","DPL","Delmarva Power & Light zone","PJM","PJM Interconnection, LLC","1597","megawatthours"
"2026-10-05T18","DUQ","Duquesne Lighting Company zone","PJM","PJM Interconnection, LLC","1385","megawatthours"
"2026-10-05T18","EKPC","East Kentucky Power Cooperative zone","PJM","PJM Interconnection, LLC","1297","megawatthours"
"2026-10-05T18","JC","Jersey Central Power & Light zone","PJM","PJM Interconnection, LLC","1839","megawatthours"
"2026-10-05T18","ME","Metropolitan Edison zone","PJM","PJM Interconnection, LLC","1610","megawatthours"
"2026-10-05T18","PE","PECO Energy zone","PJM","PJM Interconnection, LLC","4061","megawatthours"
"2026-10-05T18","PEP","Potomac Electric Power zone","PJM","PJM Interconnection, LLC","2755","megawatthours"
"2026-10-05T18","PL","Pennsylvania Power & Light zone","PJM","PJM Interconnection, LLC","4238","megawatthours"
"2026-10-05T18","PN","Pennsylvania Electric zone","PJM","PJM Interconnection, LLC","1862","megawatthours"
"2026-10-05T18","PS","Public Service Electric & Gas zone","PJM","PJM Interconnection, LLC","3905","megawatthours"
"2026-10-05T18","RECO","Rockland Electric (East) zone","PJM","PJM Interconnection, LLC","155","megawatthours"
"2026-10-05T18","ACMA","City of Acoma Pueblo","PNM","Public Service Company of New Mexico","2","megawatthours"
"2026-10-05T18","CYGA","City of Gallup","PNM","Public Service Company of New Mexico","23","megawatthours"
"2026-10-05T18","Frep","Freeport","PNM","Public Service Company of New Mexico","41","megawatthours"
"2026-10-05T18","Jica","Jicarilla Apache Nation","PNM","Public Service Company of New Mexico","2","megawatthours"
"2026-10-05T18","KAFB","Kirtland Air Force Base","PNM","Public Service Company of New Mexico","59","megawatthours"
"2026-10-05T18","LAC","Los Alamos County","PNM","Public Service Company of New Mexico","72","megawatthours"
"2026-10-05T18","PNM","PNM System Firm Load","PNM","Public Service Company of New Mexico","1046","megawatthours"
"2026-10-05T18","TSGT","Tri-State Generation and Transmission","PNM","Public Service Company of New Mexico","224","megawatthours"
"2026-10-05T18","CSWS","AEPW American Electric Power West","SWPP","Southwest Power Pool","5881","megawatthours"
"2026-10-05T18","EDE","Empire District Electric Company","SWPP","Southwest Power Pool","640","megawatthours"
"2026-10-05T18","GRDA","Grand River Dam Authority","SWPP","Southwest Power Pool","1267","megawatthours"
"2026-10-05T18","INDN","Independence Power & Light","SWPP","Southwest Power Pool","96","megawatthours"
"2026-10-05T18","KACY","Kansas City Board of Public Utilities","SWPP","Southwest Power Pool","272","megawatthours"
"2026-10-05T18","KCPL","Kansas City Power & Light","SWPP","Southwest Power Pool","1967","megawatthours"
"2026-10-05T18","LES","Lincoln Electric System","SWPP","Southwest Power Pool","527","megawatthours"
"2026-10-05T18","MPS","KCP&L Greater Missouri Operations","SWPP","Southwest Power Pool","996","megawatthours"
"2026-10-05T18","NPPD","Nebraska Public Power District","SWPP","Southwest Power Pool","1902","megawatthours"
"2026-10-05T18","OKGE","Oklahoma Gas and Electric Co.","SWPP","Southwest Power Pool","4592","megawatthours"
"2026-10-05T18","OPPD","Omaha Public Power District","SWPP","Southwest Power Pool","2078","megawatthours"
"2026-10-05T18","SECI","Sunflower Electric","SWPP","Southwest Power Pool","760","megawatthours"
"2026-10-05T18","SPRM","City of Springfield","SWPP","Southwest Power Pool","408","megawatthours"
"2026-10-05T18","SPS","Southwestern Public Service Company","SWPP","Southwest Power Pool","4100","megawatthours"
"2026-10-05T18","WAUE","Western Area Power Upper Great Plains East","SWPP","Southwest Power Pool","4035","megawatthours"
"2026-10-05T18","WFEC","Western Farmers Electric Cooperative","SWPP","Southwest Power Pool","1032","megawatthours"
"2026-10-05T18","WR","Westar Energy","SWPP","Southwest Power Pool","3606","megawatthours"
"2026-10-05T18","PRPA","Platte River Power Authority - PRPA","SWPW","Southwest Power Pool West Balancing Authority Area","393","megawatthours"
"2026-10-05T18","WACM","Western Area Power Administration - Colorado Missouri Region - WACM","SWPW","Southwest Power Pool West Balancing Authority Area","2274","megawatthours"
"2026-10-05T18","WAUW","Western Area Power Administration - Upper Great Plains West - WAUW","SWPW","Southwest Power Pool West Balancing Authority Area","67","megawatthours"
"2026-10-05T17","BASI","Basin Electric Power Cooperative","BHBA","Black Hills Energy","236","megawatthours"
"2026-10-05T17","SDE","Black Hills Energy South Dakota Electric","BHBA","Black Hills Energy","295","megawatthours"
"2026-10-05T17","WYE","Black Hills Energy Wyoming Electric","BHBA","Black Hills Energy","408","megawatthours"
"2026-10-05T17","PGAE","Pacific Gas and Electric","CISO","California Independent System Operator","13182","megawatthours"
"2026-10-05T17","SCE","Southern California Edison","CISO","California Independent System Operator","22729","megawatthours"
"2026-10-05T17","SDGE","San Diego Gas and Electric","CISO","California Independent System Operator","4174","megawatthours"
"2026-10-05T17","VEA","Valley Electric Association","CISO","California Independent System Operator","57","megawatthours"
"2026-10-05T17","COAS","Coast","ERCO","Electric Reliability Council of Texas, Inc.","16184","megawatthours"
"2026-10-05T17","EAST","East","ERCO","Electric Reliability Council of Texas, Inc.","1527","megawatthours"
"2026-10-05T17","FWES","Far West","ERCO","Electric Reliability Council of Texas, Inc.","7650","megawatthours"
"2026-10-05T17","NCEN","North Central","ERCO","Electric Reliability Council of Texas, Inc.","16048","megawatthours"
"2026-10-05T17","NRTH","North","ERCO","Electric Reliability Council of Texas, Inc.","1798","megawatthours"
"2026-10-05T17","SCEN","South Central","ERCO","Electric Reliability Council of Texas, Inc.","9949","megawatthours"
"2026-10-05T17","SOUT","South","ERCO","Electric Reliability Council of Texas, Inc.","4679","megawatthours"
"2026-10-05T17","WEST","West","ERCO","Electric Reliability Council of Texas, Inc.","2181","megawatthours"
"2026-10-05T17","0001","Zone 1","MISO","Midcontinent Independent System Operator, Inc.","10155","megawatthours"
"2026-10-05T17","0004","Zone 4","MISO","Midcontinent Independent System Operator, Inc.","3868","megawatthours"
"2026-10-05T17","0006","Zone 6","MISO","Midcontinent Independent System Operator, Inc.","9833","megawatthours"
"2026-10-05T17","0027","Zones 2 and 7","MISO","Midcontinent Independent System Operator, Inc.","18253","megawatthours"
"2026-10-05T17","0035","Zones 3 and 5","MISO","Midcontinent Independent System Operator, Inc.","10230","megawatthours"
"2026-10-05T17","8910","Zones 8, 9, and 10","MISO","Midcontinent Independent System Operator, Inc.","21640","megawatthours"
"2026-10-05T17","ZONA","West","NYIS","New York Independent System Operator","1276","megawatthours"
"2026-10-05T17","ZONB","Genesee","NYIS","New York Independent System Operator","752","megawatthours"
"2026-10-05T17","ZONC","Central","NYIS","New York Independent System Operator","1118","megawatthours"
"2026-10-05T17","ZOND","North","NYIS","New York Independent System Operator","499","megawatthours"
"2026-10-05T17","ZONE","Mohawk Valley","NYIS","New York Independent System Operator","509","megawatthours"
"2026-10-05T17","ZONF","Capital","NYIS","New York Independent System Operator","1022","megawatthours"
"2026-10-05T17","ZONG","Hudson Valley","NYIS","New York Independent System Operator","700","megawatthours"
"2026-10-05T17","ZONH","Millwood","NYIS","New York Independent System Operator","171","megawatthours"
"2026-10-05T17","ZONI","Dunwoodie","NYIS","New York Independent System Operator","569","megawatthours"
"2026-10-05T17","ZONJ","New York City","NYIS","New York Independent System Operator","5682","megawatthours"
"2026-10-05T17","ZONK","Long Island","NYIS","New York Independent System Operator","1721","megawatthours"
"2026-10-05T17","AE","Atlantic Electric zone","PJM","PJM Interconnection, LLC","743","megawatthours"
"2026-10-05T17","AEP","American Electric Power zone","PJM","PJM Interconnection, LLC","16240","megawatthours"
"2026-10-05T17","AP","Allegheny Power zone","PJM","PJM Interconnection, LLC","5160","megawatthours"
"2026-10-05T17","ATSI","American Transmission Systems, Inc. zone","PJM","PJM Interconnection, LLC","7472","megawatthours"
"2026-10-05T17","BC","Baltimore Gas & Electric zone","PJM","PJM Interconnection, LLC","2807","megawatthours"
"2026-10-05T17","CE","Commonwealth Edison zone","PJM","PJM Interconnection, LLC","9849","megawatthours"
"2026-10-05T17","DAY","Dayton Power & Light zone","PJM","PJM Interconnection, LLC","1964","megawatthours"
"2026-10-05T17","DEOK","Duke Energy Ohio/Kentucky zone","PJM","PJM Interconnection, LLC","2693","megawatthours"
"2026-10-05T17","DOM","Dominion Virginia Power zone","PJM","PJM Interconnection, LLC","15569","megawatthours"
"2026-10-05T17","DPL","Delmarva Power & Light zone","PJM","PJM Interconnection, LLC","1553","megawatthours"
"2026-10-05T17","DUQ","Duquesne Lighting Company zone","PJM","PJM Interconnection, LLC","1399","megawatthours"
"2026-10-05T17","EKPC","East Kentucky Power Cooperative zone","PJM","PJM Interconnection, LLC","1323","megawatthours"
"2026-10-05T17","JC","Jersey Central Power & Light zone","PJM","PJM Interconnection, LLC","1817","megawatthours"
"2026-10-05T17","ME","Metropolitan Edison zone","PJM","PJM Interconnection, LLC","1609","megawatthours"
"2026-10-05T17","PE","PECO Energy zone","PJM","PJM Interconnection, LLC","4041","megawatthours"
"2026-10-05T17","PEP","Potomac Electric Power zone","PJM","PJM Interconnection, LLC","2774","megawatthours"
"2026-10-05T17","PL","Pennsylvania Power & Light zone","PJM","PJM Interconnection, LLC","4199","megawatthours"
"2026-10-05T17","PN","Pennsylvania Electric zone","PJM","PJM Interconnection, LLC","1841","megawatthours"
"2026-10-05T17","PS","Public Service Electric & Gas zone","PJM","PJM Interconnection, LLC","3999","megawatthours"
"2026-10-05T17","RECO","Rockland Electric (East) zone","PJM","PJM Interconnection, LLC","159","megawatthours"
"2026-10-05T17","ACMA","City of Acoma Pueblo","PNM","Public Service Company of New Mexico","2","megawatthours"
"2026-10-05T17","CYGA","City of Gallup","PNM","Public Service Company of New Mexico","21","megawatthours"
"2026-10-05T17","Frep","Freeport","PNM","Public Service Company of New Mexico","42","megawatthours"
"2026-10-05T17","Jica","Jicarilla Apache Nation","PNM","Public Service Company of New Mexico","2","megawatthours"
"2026-10-05T17","KAFB","Kirtland Air Force Base","PNM","Public Service Company of New Mexico","58","megawatthours"
"2026-10-05T17","LAC","Los Alamos County","PNM","Public Service Company of New Mexico","73","megawatthours"
"2026-10-05T17","PNM","PNM System Firm Load","PNM","Public Service Company of New Mexico","1042","megawatthours"
"2026-10-05T17","TSGT","Tri-State Generation and Transmission","PNM","Public Service Company of New Mexico","223","megawatthours"
"2026-10-05T17","CSWS","AEPW American Electric Power West","SWPP","Southwest Power Pool","5535","megawatthours"
"2026-10-05T17","EDE","Empire District Electric Company","SWPP","Southwest Power Pool","615","megawatthours"
"2026-10-05T17","GRDA","Grand River Dam Authority","SWPP","Southwest Power Pool","1253","megawatthours"
"2026-10-05T17","INDN","Independence Power & Light","SWPP","Southwest Power Pool","94","megawatthours"
"2026-10-05T17","KACY","Kansas City Board of Public Utilities","SWPP","Southwest Power Pool","267","megawatthours"
"2026-10-05T17","KCPL","Kansas City Power & Light","SWPP","Southwest Power Pool","1920","megawatthours"
"2026-10-05T17","LES","Lincoln Electric System","SWPP","Southwest Power Pool","515","megawatthours"
"2026-10-05T17","MPS","KCP&L Greater Missouri Operations","SWPP","Southwest Power Pool","963","megawatthours"
"2026-10-05T17","NPPD","Nebraska Public Power District","SWPP","Southwest Power Pool","1877","megawatthours"
"2026-10-05T17","OKGE","Oklahoma Gas and Electric Co.","SWPP","Southwest Power Pool","4413","megawatthours"
"2026-10-05T17","OPPD","Omaha Public Power District","SWPP","Southwest Power Pool","2032","megawatthours"
"2026-10-05T17","SECI","Sunflower Electric","SWPP","Southwest Power Pool","738","megawatthours"
"2026-10-05T17","SPRM","City of Springfield","SWPP","Southwest Power Pool","390","megawatthours"
"2026-10-05T17","SPS","Southwestern Public Service Company","SWPP","Southwest Power Pool","4022","megawatthours"
"2026-10-05T17","WAUE","Western Area Power Upper Great Plains East","SWPP","Southwest Power Pool","4019","megawatthours"
"2026-10-05T17","WFEC","Western Farmers Electric Cooperative","SWPP","Southwest Power Pool","1003","megawatthours"
"2026-10-05T17","WR","Westar Energy","SWPP","Southwest Power Pool","3510","megawatthours"
"2026-10-05T17","PRPA","Platte River Power Authority - PRPA","SWPW","Southwest Power Pool West Balancing Authority Area","376","megawatthours"
"2026-10-05T17","WACM","Western Area Power Administration - Colorado Missouri Region - WACM","SWPW","Southwest Power Pool West Balancing Authority Area","2213","megawatthours"
"2026-10-05T17","WAUW","Western Area Power Administration - Upper Great Plains West - WAUW","SWPW","Southwest Power Pool West Balancing Authority Area","66","megawatthours"
"2026-10-05T16","BASI","Basin Electric Power Cooperative","BHBA","Black Hills Energy","236","megawatthours"
"2026-10-05T16","SDE","Black Hills Energy South Dakota Electric","BHBA","Black Hills Energy","283","megawatthours"
"2026-10-05T16","WYE","Black Hills Energy Wyoming Electric","BHBA","Black Hills Energy","398","megawatthours"
"2026-10-05T16","PGAE","Pacific Gas and Electric","CISO","California Independent System Operator","13255","megawatthours"
"2026-10-05T16","SCE","Southern California Edison","CISO","California Independent System Operator","20376","megawatthours"
"2026-10-05T16","SDGE","San Diego Gas and Electric","CISO","California Independent System Operator","3877","megawatthours"
"2026-10-05T16","VEA","Valley Electric Association","CISO","California Independent System Operator","55","megawatthours"
"2026-10-05T16","COAS","Coast","ERCO","Electric Reliability Council of Texas, Inc.","15397","megawatthours"
"2026-10-05T16","EAST","East","ERCO","Electric Reliability Council of Texas, Inc.","1418","megawatthours"
"2026-10-05T16","FWES","Far West","ERCO","Electric Reliability Council of Texas, Inc.","7564","megawatthours"
"2026-10-05T16","NCEN","North Central","ERCO","Electric Reliability Council of Texas, Inc.","15350","megawatthours"
"2026-10-05T16","NRTH","North","ERCO","Electric Reliability Council of Texas, Inc.","1748","megawatthours"
"2026-10-05T16","SCEN","South Central","ERCO","Electric Reliability Council of Texas, Inc.","9500","megawatthours"
"2026-10-05T16","SOUT","South","ERCO","Electric Reliability Council of Texas, Inc.","4532","megawatthours"
"2026-10-05T16","WEST","West","ERCO","Electric Reliability Council of Texas, Inc.","2124","megawatthours"
"2026-10-05T16","0001","Zone 1","MISO","Midcontinent Independent System Operator, Inc.","10183","megawatthours"
"2026-10-05T16","0004","Zone 4","MISO","Midcontinent Independent System Operator, Inc.","3867","megawatthours"
"2026-10-05T16","0006","Zone 6","MISO","Midcontinent Independent System Operator, Inc.","9743","megawatthours"
"2026-10-05T16","0027","Zones 2 and 7","MISO","Midcontinent Independent System Operator, Inc.","18185","megawatthours"
"2026-10-05T16","0035","Zones 3 and 5","MISO","Midcontinent Independent System Operator, Inc.","10097","megawatthours"
"2026-10-05T16","8910","Zones 8, 9, and 10","MISO","Midcontinent Independent System Operator, Inc.","20716","megawatthours"
"2026-10-05T16","ZONA","West","NYIS","New York Independent System Operator","1274","megawatthours"
"2026-10-05T16","ZONB","Genesee","NYIS","New York Independent System Operator","782","megawatthours"
"2026-10-05T16","ZONC","Central","NYIS","New York Independent System Operator","1205","megawatthours"
"2026-10-05T16","ZOND","North","NYIS","New York Independent System Operator","511","megawatthours"
"2026-10-05T16","ZONE","Mohawk Valley","NYIS","New York Independent System Operator","553","megawatthours"
"2026-10-05T16","ZONF","Capital","NYIS","New York Independent System Operator","882","megawatthours"
"2026-10-05T16","ZONG","Hudson Valley","NYIS","New York Independent System Operator","721","megawatthours"
"2026-10-05T16","ZONH","Millwood","NYIS","New York Independent System Operator","180","megawatthours"
"2026-10-05T16","ZONI","Dunwoodie","NYIS","New York Independent System Operator","567","megawatthours"
"2026-10-05T16","ZONJ","New York City","NYIS","New York Independent System Operator","5608","megawatthours"
"2026-10-05T16","ZONK","Long Island","NYIS","New York Independent System Operator","1682","megawatthours"
"2026-10-05T16","AE","Atlantic Electric zone","PJM","PJM Interconnection, LLC","778","megawatthours"
"2026-10-05T16","AEP","American Electric Power zone","PJM","PJM Interconnection, LLC","16157","megawatthours"
"2026-10-05T16","AP","Allegheny Power zone","PJM","PJM Interconnection, LLC","5185","megawatthours"
"2026-10-05T16","ATSI","American Transmission Systems, Inc. zone","PJM","PJM Interconnection, LLC","7460","megawatthours"
"2026-10-05T16","BC","Baltimore Gas & Electric zone","PJM","PJM Interconnection, LLC","2821","megawatthours"
"2026-10-05T16","CE","Commonwealth Edison zone","PJM","PJM Interconnection, LLC","9740","megawatthours"
"2026-10-05T16","DAY","Dayton Power & Light zone","PJM","PJM Interconnection, LLC","1948","megawatthours"
"2026-10-05T16","DEOK","Duke Energy Ohio/Kentucky zone","PJM","PJM Interconnection, LLC","2658","megawatthours"
"2026-10-05T16","DOM","Dominion Virginia Power zone","PJM","PJM Interconnection, LLC","15561","megawatthours"
"2026-10-05T16","DPL","Delmarva Power & Light zone","PJM","PJM Interconnection, LLC","1568","megawatthours"
"2026-10-05T16","DUQ","Duquesne Lighting Company zone","PJM","PJM Interconnection, LLC","1386","megawatthours"
"2026-10-05T16","EKPC","East Kentucky Power Cooperative zone","PJM","PJM Interconnection, LLC","1304","megawatthours"
"2026-10-05T16","JC","Jersey Central Power & Light zone","PJM","PJM Interconnection, LLC","1910","megawatthours"
"2026-10-05T16","ME","Metropolitan Edison zone","PJM","PJM Interconnection, LLC","1617","megawatthours"
"2026-10-05T16","PE","PECO Energy zone","PJM","PJM Interconnection, LLC","4006","megawatthours"
"2026-10-05T16","PEP","Potomac Electric Power zone","PJM","PJM Interconnection, LLC","2770","megawatthours"
"2026-10-05T16","PL","Pennsylvania Power & Light zone","PJM","PJM Interconnection, LLC","4200","megawatthours"
"2026-10-05T16","PN","Pennsylvania Electric zone","PJM","PJM Interconnection, LLC","1839","megawatthours"
"2026-10-05T16","PS","Public Service Electric & Gas zone","PJM","PJM Interconnection, LLC","4073","megawatthours"
"2026-10-05T16","RECO","Rockland Electric (East) zone","PJM","PJM Interconnection, LLC","161","megawatthours"
"2026-10-05T16","ACMA","City of Acoma Pueblo","PNM","Public Service Company of New Mexico","2","megawatthours"
"2026-10-05T16","CYGA","City of Gallup","PNM","Public Service Company of New Mexico","20","megawatthours"
"2026-10-05T16","Frep","Freeport","PNM","Public Service Company of New Mexico","40","megawatthours"
"2026-10-05T16","Jica","Jicarilla Apache Nation","PNM","Public Service Company of New Mexico","2","megawatthours"
"2026-10-05T16","KAFB","Kirtland Air Force Base","PNM","Public Service Company of New Mexico","56","megawatthours"
"2026-10-05T16","LAC","Los Alamos County","PNM","Public Service Company of New Mexico","72","megawatthours"
"2026-10-05T16","PNM","PNM System Firm Load","PNM","Public Service Company of New Mexico","1051","megawatthours"
"2026-10-05T16","TSGT","Tri-State Generation and Transmission","PNM","Public Service Company of New Mexico","228","megawatthours"
"2026-10-05T16","CSWS","AEPW American Electric Power West","SWPP","Southwest Power Pool","5233","megawatthours"
"2026-10-05T16","EDE","Empire District Electric Company","SWPP","Southwest Power Pool","598","megawatthours"
"2026-10-05T16","GRDA","Grand River Dam Authority","SWPP","Southwest Power Pool","1230","megawatthours"
"2026-10-05T16","INDN","Independence Power & Light","SWPP","Southwest Power Pool","92","megawatthours"
"2026-10-05T16","KACY","Kansas City Board of Public Utilities","SWPP","Southwest Power Pool","259","megawatthours"
"2026-10-05T16","KCPL","Kansas City Power & Light","SWPP","Southwest Power Pool","1874","megawatthours"
"2026-10-05T16","LES","Lincoln Electric System","SWPP","Southwest Power Pool","502","megawatthours"
"2026-10-05T16","MPS","KCP&L Greater Missouri Operations","SWPP","Southwest Power Pool","940","megawatthours"
"2026-10-05T16","NPPD","Nebraska Public Power District","SWPP","Southwest Power Pool","1844","megawatthours"
"2026-10-05T16","OKGE","Oklahoma Gas and Electric Co.","SWPP","Southwest Power Pool","4224","megawatthours"
"2026-10-05T16","OPPD","Omaha Public Power District","SWPP","Southwest Power Pool","1985","megawatthours"
"2026-10-05T16","SECI","Sunflower Electric","SWPP","Southwest Power Pool","714","megawatthours"
"2026-10-05T16","SPRM","City of Springfield","SWPP","Southwest Power Pool","375","megawatthours"
"2026-10-05T16","SPS","Southwestern Public Service Company","SWPP","Southwest Power Pool","3971","megawatthours"
"2026-10-05T16","WAUE","Western Area Power Upper Great Plains East","SWPP","Southwest Power Pool","3958","megawatthours"
"2026-10-05T16","WFEC","Western Farmers Electric Cooperative","SWPP","Southwest Power Pool","977","megawatthours"
"2026-10-05T16","WR","Westar Energy","SWPP","Southwest Power Pool","3415","megawatthours"
"2026-10-05T16","PRPA","Platte River Power Authority - PRPA","SWPW","Southwest Power Pool West Balancing Authority Area","359","megawatthours"
"2026-10-05T16","WACM","Western Area Power Administration - Colorado Missouri Region - WACM","SWPW","Southwest Power Pool West Balancing Authority Area","2132","megawatthours"
"2026-10-05T16","WAUW","Western Area Power Administration - Upper Great Plains West - WAUW","SWPW","Southwest Power Pool West Balancing Authority Area","66","megawatthours"
"2026-10-05T15","BASI","Basin Electric Power Cooperative","BHBA","Black Hills Energy","231","megawatthours"
"2026-10-05T15","SDE","Black Hills Energy South Dakota Electric","BHBA","Black Hills Energy","274","megawatthours"
"2026-10-05T15","WYE","Black Hills Energy Wyoming Electric","BHBA","Black Hills Energy","387","megawatthours"
"2026-10-05T15","PGAE","Pacific Gas and Electric","CISO","California Independent System Operator","12918","megawatthours"
"2026-10-05T15","SCE","Southern California Edison","CISO","California Independent System Operator","14271","megawatthours"
"2026-10-05T15","SDGE","San Diego Gas and Electric","CISO","California Independent System Operator","3631","megawatthours"
"2026-10-05T15","VEA","Valley Electric Association","CISO","California Independent System Operator","54","megawatthours"
"2026-10-05T15","COAS","Coast","ERCO","Electric Reliability Council of Texas, Inc.","14570","megawatthours"
"2026-10-05T15","EAST","East","ERCO","Electric Reliability Council of Texas, Inc.","1356","megawatthours"
"2026-10-05T15","FWES","Far West","ERCO","Electric Reliability Council of Texas, Inc.","7390","megawatthours"
"2026-10-05T15","NCEN","North Central","ERCO","Electric Reliability Council of Texas, Inc.","14695","megawatthours"
"2026-10-05T15","NRTH","North","ERCO","Electric Reliability Council of Texas, Inc.","1707","megawatthours"
"2026-10-05T15","SCEN","South Central","ERCO","Electric Reliability Council of Texas, Inc.","9077","megawatthours"
"2026-10-05T15","SOUT","South","ERCO","Electric Reliability Council of Texas, Inc.","4310","megawatthours"
"2026-10-05T15","WEST","West","ERCO","Electric Reliability Council of Texas, Inc.","2095","megawatthours"
"2026-10-05T15","0001","Zone 1","MISO","Midcontinent Independent System Operator, Inc.","10233","megawatthours"
"2026-10-05T15","0004","Zone 4","MISO","Midcontinent Independent System Operator, Inc.","3906","megawatthours"
"2026-10-05T15","0006","Zone 6","MISO","Midcontinent Independent System Operator, Inc.","9672","megawatthours"
"2026-10-05T15","0027","Zones 2 and 7","MISO","Midcontinent Independent System Operator, Inc.","18145","megawatthours"
"2026-10-05T15","0035","Zones 3 and 5","MISO","Midcontinent Independent System Operator, Inc.","9873","megawatthours"
"2026-10-05T15","8910","Zones 8, 9, and 10","MISO","Midcontinent Independent System Operator, Inc.","20057","megawatthours"
"2026-10-05T15","ZONA","West","NYIS","New York Independent System Operator","1311","megawatthours"
"2026-10-05T15","ZONB","Genesee","NYIS","New York Independent System Operator","841","megawatthours"
"2026-10-05T15","ZONC","Central","NYIS","New York Independent System Operator","1252","megawatthours"
"2026-10-05T15","ZOND","North","NYIS","New York Independent System Operator","509","megawatthours"
"2026-10-05T15","ZONE","Mohawk Valley","NYIS","New York Independent System Operator","660","megawatthours"
"2026-10-05T15","ZONF","Capital","NYIS","New York Independent System Operator","741","megawatthours"
"2026-10-05T15","ZONG","Hudson Valley","NYIS","New York Independent System Operator","761","megawatthours"
"2026-10-05T15","ZONH","Millwood","NYIS","New York Independent System Operator","182","megawatthours"
"2026-10-05T15","ZONI","Dunwoodie","NYIS","New York Independent System Operator","563","megawatthours"
"2026-10-05T15","ZONJ","New York City","NYIS","New York Independent System Operator","5489","megawatthours"
"2026-10-05T15","ZONK","Long Island","NYIS","New York Independent System Operator","1700","megawatthours"
"2026-10-05T15","AE","Atlantic Electric zone","PJM","PJM Interconnection, LLC","796","megawatthours"
"2026-10-05T15","AEP","American Electric Power zone","PJM","PJM Interconnection, LLC","16117","megawatthours"
"2026-10-05T15","AP","Allegheny Power zone","PJM","PJM Interconnection, LLC","5185","megawatthours"
"2026-10-05T15","ATSI","American Transmission Systems, Inc. zone","PJM","PJM Interconnection, LLC","7384","megawatthours"
"2026-10-05T15","BC","Baltimore Gas & Electric zone","PJM","PJM Interconnection, LLC","2759","megawatthours"
"2026-10-05T15","CE","Commonwealth Edison zone","PJM","PJM Interconnection, LLC","9607","megawatthours"
"2026-10-05T15","DAY","Dayton Power & Light zone","PJM","PJM Interconnection, LLC","1931","megawatthours"
"2026-10-05T15","DEOK","Duke Energy Ohio/Kentucky zone","PJM","PJM Interconnection, LLC","2600","megawatthours"
"2026-10-05T15","DOM","Dominion Virginia Power zone","PJM","PJM Interconnection, LLC","15402","megawatthours"
"2026-10-05T15","DPL","Delmarva Power & Light zone","PJM","PJM Interconnection, LLC","1635","megawatthours"
"2026-10-05T15","DUQ","Duquesne Lighting Company zone","PJM","PJM Interconnection, LLC","1377","megawatthours"
"2026-10-05T15","EKPC","East Kentucky Power Cooperative zone","PJM","PJM Interconnection, LLC","1295","megawatthours"
"2026-10-05T15","JC","Jersey Central Power & Light zone","PJM","PJM Interconnection, LLC","1963","megawatthours"
"2026-10-05T15","ME","Metropolitan Edison zone","PJM","PJM Interconnection, LLC","1618","megawatthours"
"2026-10-05T15","PE","PECO Energy zone","PJM","PJM Interconnection, LLC","3990","megawatthours"
"2026-10-05T15","PEP","Potomac Electric Power zone","PJM","PJM Interconnection, LLC","2779","megawatthours"
"2026-10-05T15","PL","Pennsylvania Power & Light zone","PJM","PJM Interconnection, LLC","4278","megawatthours"
"2026-10-05T15","PN","Pennsylvania Electric zone","PJM","PJM Interconnection, LLC","1873","megawatthours"
"2026-10-05T15","PS","Public Service Electric & Gas zone","PJM","PJM Interconnection, LLC","4063","megawatthours"
"2026-10-05T15","RECO","Rockland Electric (East) zone","PJM","PJM Interconnection, LLC","161","megawatthours"
"2026-10-05T15","ACMA","City of Acoma Pueblo","PNM","Public Service Company of New Mexico","2","megawatthours"
"2026-10-05T15","CYGA","City of Gallup","PNM","Public Service Company of New Mexico","19","megawatthours"
"2026-10-05T15","Frep","Freeport","PNM","Public Service Company of New Mexico","36","megawatthours"
"2026-10-05T15","Jica","Jicarilla Apache Nation","PNM","Public Service Company of New Mexico","2","megawatthours"
"2026-10-05T15","KAFB","Kirtland Air Force Base","PNM","Public Service Company of New Mexico","53","megawatthours"
"2026-10-05T15","KCEC","Kit Carson Electric Cooperative","PNM","Public Service Company of New Mexico","8","megawatthours"
"2026-10-05T15","LAC","Los Alamos County","PNM","Public Service Company of New Mexico","72","megawatthours"
"2026-10-05T15","PNM","PNM System Firm Load","PNM","Public Service Company of New Mexico","1084","megawatthours"
"2026-10-05T15","TSGT","Tri-State Generation and Transmission","PNM","Public Service Company of New Mexico","230","megawatthours"
"2026-10-05T15","CSWS","AEPW American Electric Power West","SWPP","Southwest Power Pool","4934","megawatthours"
"2026-10-05T15","EDE","Empire District Electric Company","SWPP","Southwest Power Pool","581","megawatthours"
"2026-10-05T15","GRDA","Grand River Dam Authority","SWPP","Southwest Power Pool","1205","megawatthours"
"2026-10-05T15","INDN","Independence Power & Light","SWPP","Southwest Power Pool","90","megawatthours"
"2026-10-05T15","KACY","Kansas City Board of Public Utilities","SWPP","Southwest Power Pool","250","megawatthours"
"2026-10-05T15","KCPL","Kansas City Power & Light","SWPP","Southwest Power Pool","1828","megawatthours"
"2026-10-05T15","LES","Lincoln Electric System","SWPP","Southwest Power Pool","486","megawatthours"
"2026-10-05T15","MPS","KCP&L Greater Missouri Operations","SWPP","Southwest Power Pool","931","megawatthours"
"2026-10-05T15","NPPD","Nebraska Public Power District","SWPP","Southwest Power Pool","1821","megawatthours"
"2026-10-05T15","OKGE","Oklahoma Gas and Electric Co.","SWPP","Southwest Power Pool","4034","megawatthours"
"2026-10-05T15","OPPD","Omaha Public Power District","SWPP","Southwest Power Pool","1939","megawatthours"
"2026-10-05T15","SECI","Sunflower Electric","SWPP","Southwest Power Pool","700","megawatthours"
"2026-10-05T15","SPRM","City of Springfield","SWPP","Southwest Power Pool","357","megawatthours"
"2026-10-05T15","SPS","Southwestern Public Service Company","SWPP","Southwest Power Pool","3938","megawatthours"
"2026-10-05T15","WAUE","Western Area Power Upper Great Plains East","SWPP","Southwest Power Pool","3924","megawatthours"
"2026-10-05T15","WFEC","Western Farmers Electric Cooperative","SWPP","Southwest Power Pool","948","megawatthours"
"2026-10-05T15","WR","Westar Energy","SWPP","Southwest Power Pool","3311","megawatthours"
"2026-10-05T15","PRPA","Platte River Power Authority - PRPA","SWPW","Southwest Power Pool West Balancing Authority Area","351","megawatthours"
"2026-10-05T15","WACM","Western Area Power Administration - Colorado Missouri Region - WACM","SWPW","Southwest Power Pool West Balancing Authority Area","2142","megawatthours"
"2026-10-05T15","WAUW","Western Area Power Administration - Upper Great Plains West - WAUW","SWPW","Southwest Power Pool West Balancing Authority Area","59","megawatthours"
"2026-10-05T14","BASI","Basin Electric Power Cooperative","BHBA","Black Hills Energy","223","megawatthours"
"2026-10-05T14","SDE","Black Hills Energy South Dakota Electric","BHBA","Black Hills Energy","267","megawatthours"
"2026-10-05T14","WYE","Black Hills Energy Wyoming Electric","BHBA","Black Hills Energy","379","megawatthours"
"2026-10-05T14","PGAE","Pacific Gas and Electric","CISO","California Independent System Operator","12013","megawatthours"
"2026-10-05T14","SCE","Southern California Edison","CISO","California Independent System Operator","13183","megawatthours"
"2026-10-05T14","SDGE","San Diego Gas and Electric","CISO","California Independent System Operator","3054","megawatthours"
"2026-10-05T14","VEA","Valley Electric Association","CISO","California Independent System Operator","53","megawatthours"
"2026-10-05T14","COAS","Coast","ERCO","Electric Reliability Council of Texas, Inc.","13870","megawatthours"
"2026-10-05T14","EAST","East","ERCO","Electric Reliability Council of Texas, Inc.","1468","megawatthours"
"2026-10-05T14","FWES","Far West","ERCO","Electric Reliability Council of Texas, Inc.","7225","megawatthours"
"2026-10-05T14","NCEN","North Central","ERCO","Electric Reliability Council of Texas, Inc.","13955","megawatthours"
"2026-10-05T14","NRTH","North","ERCO","Electric Reliability Council of Texas, Inc.","1636","megawatthours"
"2026-10-05T14","SCEN","South Central","ERCO","Electric Reliability Council of Texas, Inc.","8667","megawatthours"
"2026-10-05T14","SOUT","South","ERCO","Electric Reliability Council of Texas, Inc.","4387","megawatthours"
"2026-10-05T14","WEST","West","ERCO","Electric Reliability Council of Texas, Inc.","2100","megawatthours"
"2026-10-05T14","0001","Zone 1","MISO","Midcontinent Independent System Operator, Inc.","10622","megawatthours"
"2026-10-05T14","0004","Zone 4","MISO","Midcontinent Independent System Operator, Inc.","4130","megawatthours"
"2026-10-05T14","0006","Zone 6","MISO","Midcontinent Independent System Operator, Inc.","9622","megawatthours"
"2026-10-05T14","0027","Zones 2 and 7","MISO","Midcontinent Independent System Operator, Inc.","17880","megawatthours"
"2026-10-05T14","0035","Zones 3 and 5","MISO","Midcontinent Independent System Operator, Inc.","9734","megawatthours"
"2026-10-05T14","8910","Zones 8, 9, and 10","MISO","Midcontinent Independent System Operator, Inc.","19628","megawatthours"
"2026-10-05T14","ZONA","West","NYIS","New York Independent System Operator","1385","megawatthours"
"2026-10-05T14","ZONB","Genesee","NYIS","New York Independent System Operator","879","megawatthours"
"2026-10-05T14","ZONC","Central","NYIS","New York Independent System Operator","1222","megawatthours"
"2026-10-05T14","ZOND","North","NYIS","New York Independent System Operator","519","megawatthours"
"2026-10-05T14","ZONE","Mohawk Valley","NYIS","New York Independent System Operator","578","megawatthours"
"2026-10-05T14","ZONF","Capital","NYIS","New York Independent System Operator","877","megawatthours"
"2026-10-05T14","ZONG","Hudson Valley","NYIS","New York Independent System Operator","810","megawatthours"
"2026-10-05T14","ZONH","Millwood","NYIS","New York Independent System Operator","191","megawatthours"
"2026-10-05T14","ZONI","Dunwoodie","NYIS","New York Independent System Operator","572","megawatthours"
"2026-10-05T14","ZONJ","New York City","NYIS","New York Independent System Operator","5412","megawatthours"
"2026-10-05T14","ZONK","Long Island","NYIS","New York Independent System Operator","1780","megawatthours"
"2026-10-05T14","AE","Atlantic Electric zone","PJM","PJM Interconnection, LLC","880","megawatthours"
"2026-10-05T14","AEP","American Electric Power zone","PJM","PJM Interconnection, LLC","15885","megawatthours"
"2026-10-05T14","AP","Allegheny Power zone","PJM","PJM Interconnection, LLC","5117","megawatthours"
"2026-10-05T14","ATSI","American Transmission Systems, Inc. zone","PJM","PJM Interconnection, LLC","7178","megawatthours"
"2026-10-05T14","BC","Baltimore Gas & Electric zone","PJM","PJM Interconnection, LLC","2794","megawatthours"
"2026-10-05T14","CE","Commonwealth Edison zone","PJM","PJM Interconnection, LLC","9545","megawatthours"
"2026-10-05T14","DAY","Dayton Power & Light zone","PJM","PJM Interconnection, LLC","1895","megawatthours"
"2026-10-05T14","DEOK","Duke Energy Ohio/Kentucky zone","PJM","PJM Interconnection, LLC","2519","megawatthours"
"2026-10-05T14","DOM","Dominion Virginia Power zone","PJM","PJM Interconnection, LLC","15256","megawatthours"
"2026-10-05T14","DPL","Delmarva Power & Light zone","PJM","PJM Interconnection, LLC","1673","megawatthours"
"2026-10-05T14","DUQ","Duquesne Lighting Company zone","PJM","PJM Interconnection, LLC","1361","megawatthours"
"2026-10-05T14","EKPC","East Kentucky Power Cooperative zone","PJM","PJM Interconnection, LLC","1316","megawatthours"
"2026-10-05T14","JC","Jersey Central Power & Light zone","PJM","PJM Interconnection, LLC","2022","megawatthours"
"2026-10-05T14","ME","Metropolitan Edison zone","PJM","PJM Interconnection, LLC","1635","megawatthours"
"2026-10-05T14","PE","PECO Energy zone","PJM","PJM Interconnection, LLC","3920","megawatthours"
"2026-10-05T14","PEP","Potomac Electric Power zone","PJM","PJM Interconnection, LLC","2863","megawatthours"
"2026-10-05T14","PL","Pennsylvania Power & Light zone","PJM","PJM Interconnection, LLC","4314","megawatthours"
"2026-10-05T14","PN","Pennsylvania Electric zone","PJM","PJM Interconnection, LLC","1799","megawatthours"
"2026-10-05T14","PS","Public Service Electric & Gas zone","PJM","PJM Interconnection, LLC","4112","megawatthours"
"2026-10-05T14","RECO","Rockland Electric (East) zone","PJM","PJM Interconnection, LLC","160","megawatthours"
"2026-10-05T14","ACMA","City of Acoma Pueblo","PNM","Public Service Company of New Mexico","2","megawatthours"
"2026-10-05T14","CYGA","City of Gallup","PNM","Public Service Company of New Mexico","18","megawatthours"
"2026-10-05T14","Frep","Freeport","PNM","Public Service Company of New Mexico","69","megawatthours"
"2026-10-05T14","Jica","Jicarilla Apache Nation","PNM","Public Service Company of New Mexico","2","megawatthours"
"2026-10-05T14","KAFB","Kirtland Air Force Base","PNM","Public Service Company of New Mexico","52","megawatthours"
"2026-10-05T14","KCEC","Kit Carson Electric Cooperative","PNM","Public Service Company of New Mexico","27","megawatthours"
"2026-10-05T14","LAC","Los Alamos County","PNM","Public Service Company of New Mexico","73","megawatthours"
"2026-10-05T14","PNM","PNM System Firm Load","PNM","Public Service Company of New Mexico","1062","megawatthours"
"2026-10-05T14","TSGT","Tri-State Generation and Transmission","PNM","Public Service Company of New Mexico","241","megawatthours"
"2026-10-05T14","CSWS","AEPW American Electric Power West","SWPP","Southwest Power Pool","4749","megawatthours"
"2026-10-05T14","EDE","Empire District Electric Company","SWPP","Southwest Power Pool","567","megawatthours"
"2026-10-05T14","GRDA","Grand River Dam Authority","SWPP","Southwest Power Pool","1175","megawatthours"
"2026-10-05T14","INDN","Independence Power & Light","SWPP","Southwest Power Pool","89","megawatthours"
"2026-10-05T14","KACY","Kansas City Board of Public Utilities","SWPP","Southwest Power Pool","243","megawatthours"
"2026-10-05T14","KCPL","Kansas City Power & Light","SWPP","Southwest Power Pool","1773","megawatthours"
"2026-10-05T14","LES","Lincoln Electric System","SWPP","Southwest Power Pool","471","megawatthours"
"2026-10-05T14","MPS","KCP&L Greater Missouri Operations","SWPP","Southwest Power Pool","912","megawatthours"
"2026-10-05T14","NPPD","Nebraska Public Power District","SWPP","Southwest Power Pool","1817","megawatthours"
"2026-10-05T14","OKGE","Oklahoma Gas and Electric Co.","SWPP","Southwest Power Pool","3891","megawatthours"
"2026-10-05T14","OPPD","Omaha Public Power District","SWPP","Southwest Power Pool","1911","megawatthours"
"2026-10-05T14","SECI","Sunflower Electric","SWPP","Southwest Power Pool","693","megawatthours"
"2026-10-05T14","SPRM","City of Springfield","SWPP","Southwest Power Pool","344","megawatthours"
"2026-10-05T14","SPS","Southwestern Public Service Company","SWPP","Southwest Power Pool","3911","megawatthours"
"2026-10-05T14","WAUE","Western Area Power Upper Great Plains East","SWPP","Southwest Power Pool","3916","megawatthours"
"2026-10-05T14","WFEC","Western Farmers Electric Cooperative","SWPP","Southwest Power Pool","932","megawatthours"
"2026-10-05T14","WR","Westar Energy","SWPP","Southwest Power Pool","3266","megawatthours"
"2026-10-05T14","PRPA","Platte River Power Authority - PRPA","SWPW","Southwest Power Pool West Balancing Authority Area","346","megawatthours"
"2026-10-05T14","WACM","Western Area Power Administration - Colorado Missouri Region - WACM","SWPW","Southwest Power Pool West Balancing Authority Area","2214","megawatthours"
"2026-10-05T14","WAUW","Western Area Power Administration - Upper Great Plains West - WAUW","SWPW","Southwest Power Pool West Balancing Authority Area","57","megawatthours"
"2026-10-05T13","BASI","Basin Electric Power Cooperative","BHBA","Black Hills Energy","209","megawatthours"
"2026-10-05T13","SDE","Black Hills Energy South Dakota Electric","BHBA","Black Hills Energy","250","megawatthours"
"2026-10-05T13","WYE","Black Hills Energy Wyoming Electric","BHBA","Black Hills Energy","374","megawatthours"
"2026-10-05T13","PGAE","Pacific Gas and Electric","CISO","California Independent System Operator","11177","megawatthours"
"2026-10-05T13","SCE","Southern California Edison","CISO","California Independent System Operator","12901","megawatthours"
"2026-10-05T13","SDGE","San Diego Gas and Electric","CISO","California Independent System Operator","2943","megawatthours"
"2026-10-05T13","VEA","Valley Electric Association","CISO","California Independent System Operator","50","megawatthours"
"2026-10-05T13","COAS","Coast","ERCO","Electric Reliability Council of Texas, Inc.","13655","megawatthours"
"2026-10-05T13","EAST","East","ERCO","Electric Reliability Council of Texas, Inc.","1677","megawatthours"
"2026-10-05T13","FWES","Far West","ERCO","Electric Reliability Council of Texas, Inc.","6928","megawatthours"
"2026-10-05T13","NCEN","North Central","ERCO","Electric Reliability Council of Texas, Inc.","13589","megawatthours"
"2026-10-05T13","NRTH","North","ERCO","Electric Reliability Council of Texas, Inc.","1273","megawatthours"
"2026-10-05T13","SCEN","South Central","ERCO","Electric Reliability Council of Texas, Inc.","8452","megawatthours"
"2026-10-05T13","SOUT","South","ERCO","Electric Reliability Council of Texas, Inc.","4407","megawatthours"
"2026-10-05T13","WEST","West","ERCO","Electric Reliability Council of Texas, Inc.","2061","megawatthours"
"2026-10-05T13","0001","Zone 1","MISO","Midcontinent Independent System Operator, Inc.","10756","megawatthours"
"2026-10-05T13","0004","Zone 4","MISO","Midcontinent Independent System Operator, Inc.","4372","megawatthours"
"2026-10-05T13","0006","Zone 6","MISO","Midcontinent Independent System Operator, Inc.","9424","megawatthours"
"2026-10-05T13","0027","Zones 2 and 7","MISO","Midcontinent Independent System Operator, Inc.","17593","megawatthours"
"2026-10-05T13","0035","Zones 3 and 5","MISO","Midcontinent Independent System Operator, Inc.","9614","megawatthours"
"2026-10-05T13","8910","Zones 8, 9, and 10","MISO","Midcontinent Independent System Operator, Inc.","19465","megawatthours"
"2026-10-05T13","ZONA","West","NYIS","New York Independent System Operator","1496","megawatthours"
"2026-10-05T13","ZONB","Genesee","NYIS","New York Independent System Operator","985","megawatthours"
"2026-10-05T13","ZONC","Central","NYIS","New York Independent System Operator","1416","megawatthours"
"2026-10-05T13","ZOND","North","NYIS","New York Independent System Operator","559","megawatthours"
"2026-10-05T13","ZONE","Mohawk Valley","NYIS","New York Independent System Operator","683","megawatthours"
"2026-10-05T13","ZONF","Capital","NYIS","New York Independent System Operator","1114","megawatthours"
"2026-10-05T13","ZONG","Hudson Valley","NYIS","New York Independent System Operator","913","megawatthours"
"2026-10-05T13","ZONH","Millwood","NYIS","New York Independent System Operator","211","megawatthours"
"2026-10-05T13","ZONI","Dunwoodie","NYIS","New York Independent System Operator","565","megawatthours"
"2026-10-05T13","ZONJ","New York City","NYIS","New York Independent System Operator","5291","megawatthours"
"2026-10-05T13","ZONK","Long Island","NYIS","New York Independent System Operator","1870","megawatthours"
"2026-10-05T13","AE","Atlantic Electric zone","PJM","PJM Interconnection, LLC","975","megawatthours"
"2026-10-05T13","AEP","American Electric Power zone","PJM","PJM Interconnection, LLC","15768","megawatthours"
"2026-10-05T13","AP","Allegheny Power zone","PJM","PJM Interconnection, LLC","5075","megawatthours"
"2026-10-05T13","ATSI","American Transmission Systems, Inc. zone","PJM","PJM Interconnection, LLC","7175","megawatthours"
"2026-10-05T13","BC","Baltimore Gas & Electric zone","PJM","PJM Interconnection, LLC","2862","megawatthours"
"2026-10-05T13","CE","Commonwealth Edison zone","PJM","PJM Interconnection, LLC","9673","megawatthours"
"2026-10-05T13","DAY","Dayton Power & Light zone","PJM","PJM Interconnection, LLC","1860","megawatthours"
"2026-10-05T13","DEOK","Duke Energy Ohio/Kentucky zone","PJM","PJM Interconnection, LLC","2476","megawatthours"
"2026-10-05T13","DOM","Dominion Virginia Power zone","PJM","PJM Interconnection, LLC","15210","megawatthours"
"2026-10-05T13","DPL","Delmarva Power & Light zone","PJM","PJM Interconnection, LLC","1726","megawatthours"
"2026-10-05T13","DUQ","Duquesne Lighting Company zone","PJM","PJM Interconnection, LLC","1323","megawatthours"
"2026-10-05T13","EKPC","East Kentucky Power Cooperative zone","PJM","PJM Interconnection, LLC","1296","megawatthours"
"2026-10-05T13","JC","Jersey Central Power & Light zone","PJM","PJM Interconnection, LLC","2106","megawatthours"
"2026-10-05T13","ME","Metropolitan Edison zone","PJM","PJM Interconnection, LLC","1614","megawatthours"
"2026-10-05T13","PE","PECO Energy zone","PJM","PJM Interconnection, LLC","3822","megawatthours"
"2026-10-05T13","PEP","Potomac Electric Power zone","PJM","PJM Interconnection, LLC","2936","megawatthours"
"2026-10-05T13","PL","Pennsylvania Power & Light zone","PJM","PJM Interconnection, LLC","4368","megawatthours"
"2026-10-05T13","PN","Pennsylvania Electric zone","PJM","PJM Interconnection, LLC","1833","megawatthours"
"2026-10-05T13","PS","Public Service Electric & Gas zone","PJM","PJM Interconnection, LLC","4201","megawatthours"
"2026-10-05T13","RECO","Rockland Electric (East) zone","PJM","PJM Interconnection, LLC","156","megawatthours"
"2026-10-05T13","ACMA","City of Acoma Pueblo","PNM","Public Service Company of New Mexico","2","megawatthours"
"2026-10-05T13","CYGA","City of Gallup","PNM","Public Service Company of New Mexico","18","megawatthours"
"2026-10-05T13","Frep","Freeport","PNM","Public Service Company of New Mexico","76","megawatthours"
"2026-10-05T13","Jica","Jicarilla Apache Nation","PNM","Public Service Company of New Mexico","2","megawatthours"
"2026-10-05T13","KAFB","Kirtland Air Force Base","PNM","Public Service Company of New Mexico","51","megawatthours"
"2026-10-05T13","KCEC","Kit Carson Electric Cooperative","PNM","Public Service Company of New Mexico","29","megawatthours"
"2026-10-05T13","LAC","Los Alamos County","PNM","Public Service Company of New Mexico","72","megawatthours"
"2026-10-05T13","PNM","PNM System Firm Load","PNM","Public Service Company of New Mexico","1068","megawatthours"
"2026-10-05T13","TSGT","Tri-State Generation and Transmission","PNM","Public Service Company of New Mexico","240","megawatthours"
"2026-10-05T13","CSWS","AEPW American Electric Power West","SWPP","Southwest Power Pool","4636","megawatthours"
"2026-10-05T13","EDE","Empire District Electric Company","SWPP","Southwest Power Pool","557","megawatthours"
"2026-10-05T13","GRDA","Grand River Dam Authority","SWPP","Southwest Power Pool","1151","megawatthours"
"2026-10-05T13","INDN","Independence Power & Light","SWPP","Southwest Power Pool","88","megawatthours"
"2026-10-05T13","KACY","Kansas City Board of Public Utilities","SWPP","Southwest Power Pool","231","megawatthours"
"2026-10-05T13","KCPL","Kansas City Power & Light","SWPP","Southwest Power Pool","1740","megawatthours"
"2026-10-05T13","LES","Lincoln Electric System","SWPP","Southwest Power Pool","463","megawatthours"
"2026-10-05T13","MPS","KCP&L Greater Missouri Operations","SWPP","Southwest Power Pool","890","megawatthours"
"2026-10-05T13","NPPD","Nebraska Public Power District","SWPP","Southwest Power Pool","1819","megawatthours"
"2026-10-05T13","OKGE","Oklahoma Gas and Electric Co.","SWPP","Southwest Power Pool","3846","megawatthours"
"2026-10-05T13","OPPD","Omaha Public Power District","SWPP","Southwest Power Pool","1886","megawatthours"
"2026-10-05T13","SECI","Sunflower Electric","SWPP","Southwest Power Pool","681","megawatthours"
"2026-10-05T13","SPRM","City of Springfield","SWPP","Southwest Power Pool","332","megawatthours"
"2026-10-05T13","SPS","Southwestern Public Service Company","SWPP","Southwest Power Pool","3901","megawatthours"
"2026-10-05T13","WAUE","Western Area Power Upper Great Plains East","SWPP","Southwest Power Pool","3907","megawatthours"
"2026-10-05T13","WFEC","Western Farmers Electric Cooperative","SWPP","Southwest Power Pool","931","megawatthours"
"2026-10-05T13","WR","Westar Energy","SWPP","Southwest Power Pool","3191","megawatthours"
"2026-10-05T13","PRPA","Platte River Power Authority - PRPA","SWPW","Southwest Power Pool West Balancing Authority Area","326","megawatthours"
"2026-10-05T13","WACM","Western Area Power Administration - Colorado Missouri Region - WACM","SWPW","Southwest Power Pool West Balancing Authority Area","2170","megawatthours"
"2026-10-05T13","WAUW","Western Area Power Administration - Upper Great Plains West - WAUW","SWPW","Southwest Power Pool West Balancing Authority Area","58","megawatthours"
"2026-10-05T12","BASI","Basin Electric Power Cooperative","BHBA","Black Hills Energy","219","megawatthours"
"2026-10-05T12","SDE","Black Hills Energy South Dakota Electric","BHBA","Black Hills Energy","222","megawatthours"
"2026-10-05T12","WYE","Black Hills Energy Wyoming Electric","BHBA","Black Hills Energy","365","megawatthours"
"2026-10-05T12","PGAE","Pacific Gas and Electric","CISO","California Independent System Operator","10976","megawatthours"
"2026-10-05T12","SCE","Southern California Edison","CISO","California Independent System Operator","12659","megawatthours"
"2026-10-05T12","SDGE","San Diego Gas and Electric","CISO","California Independent System Operator","2960","megawatthours"
"2026-10-05T12","VEA","Valley Electric Association","CISO","California Independent System Operator","47","megawatthours"
"2026-10-05T12","COAS","Coast","ERCO","Electric Reliability Council of Texas, Inc.","13569","megawatthours"
"2026-10-05T12","EAST","East","ERCO","Electric Reliability Council of Texas, Inc.","1621","megawatthours"
"2026-10-05T12","FWES","Far West","ERCO","Electric Reliability Council of Texas, Inc.","6987","megawatthours"
"2026-10-05T12","NCEN","North Central","ERCO","Electric Reliability Council of Texas, Inc.","13205","megawatthours"
"2026-10-05T12","NRTH","North","ERCO","Electric Reliability Council of Texas, Inc.","1281","megawatthours"
"2026-10-05T12","SCEN","South Central","ERCO","Electric Reliability Council of Texas, Inc.","8262","megawatthours"
"2026-10-05T12","SOUT","South","ERCO","Electric Reliability Council of Texas, Inc.","4421","megawatthours"
"2026-10-05T12","WEST","West","ERCO","Electric Reliability Council of Texas, Inc.","2042","megawatthours"
"2026-10-05T12","0001","Zone 1","MISO","Midcontinent Independent System Operator, Inc.","10161","megawatthours"
"2026-10-05T12","0004","Zone 4","MISO","Midcontinent Independent System Operator, Inc.","4286","megawatthours"
"2026-10-05T12","0006","Zone 6","MISO","Midcontinent Independent System Operator, Inc.","9175","megawatthours"
"2026-10-05T12","0027","Zones 2 and 7","MISO","Midcontinent Independent System Operator, Inc.","17006","megawatthours"
"2026-10-05T12","0035","Zones 3 and 5","MISO","Midcontinent Independent System Operator, Inc.","9148","megawatthours"
"2026-10-05T12","8910","Zones 8, 9, and 10","MISO","Midcontinent Independent System Operator, Inc.","19305","megawatthours"
"2026-10-05T12","ZONA","West","NYIS","New York Independent System Operator","1529","megawatthours"
"2026-10-05T12","ZONB","Genesee","NYIS","New York Independent System Operator","1027","megawatthours"
"2026-10-05T12","ZONC","Central","NYIS","New York Independent System Operator","1618","megawatthours"
"2026-10-05T12","ZOND","North","NYIS","New York Independent System Operator","573","megawatthours"
"2026-10-05T12","ZONE","Mohawk Valley","NYIS","New York Independent System Operator","814","megawatthours"
"2026-10-05T12","ZONF","Capital","NYIS","New York Independent System Operator","1233","megawatthours"
"2026-10-05T12","ZONG","Hudson Valley","NYIS","New York Independent System Operator","959","megawatthours"
"2026-10-05T12","ZONH","Millwood","NYIS","New York Independent System Operator","223","megawatthours"
"2026-10-05T12","ZONI","Dunwoodie","NYIS","New York Independent System Operator","549","megawatthours"
"2026-10-05T12","ZONJ","New York City","NYIS","New York Independent System Operator","5050","megawatthours"
"2026-10-05T12","ZONK","Long Island","NYIS","New York Independent System Operator","1902","megawatthours"
"2026-10-05T12","AE","Atlantic Electric zone","PJM","PJM Interconnection, LLC","1003","megawatthours"
"2026-10-05T12","AEP","American Electric Power zone","PJM","PJM Interconnection, LLC","15625","megawatthours"
"2026-10-05T12","AP","Allegheny Power zone","PJM","PJM Interconnection, LLC","5021","megawatthours"
"2026-10-05T12","ATSI","American Transmission Systems, Inc. zone","PJM","PJM Interconnection, LLC","7102","megawatthours"
"2026-10-05T12","BC","Baltimore Gas & Electric zone","PJM","PJM Interconnection, LLC","2904","megawatthours"
"2026-10-05T12","CE","Commonwealth Edison zone","PJM","PJM Interconnection, LLC","9320","megawatthours"
"2026-10-05T12","DAY","Dayton Power & Light zone","PJM","PJM Interconnection, LLC","1825","megawatthours"
"2026-10-05T12","DEOK","Duke Energy Ohio/Kentucky zone","PJM","PJM Interconnection, LLC","2480","megawatthours"
"2026-10-05T12","DOM","Dominion Virginia Power zone","PJM","PJM Interconnection, LLC","15118","megawatthours"
"2026-10-05T12","DPL","Delmarva Power & Light zone","PJM","PJM Interconnection, LLC","1727","megawatthours"
"2026-10-05T12","DUQ","Duquesne Lighting Company zone","PJM","PJM Interconnection, LLC","1264","megawatthours"
"2026-10-05T12","EKPC","East Kentucky Power Cooperative zone","PJM","PJM Interconnection, LLC","1291","megawatthours"
"2026-10-05T12","JC","Jersey Central Power & Light zone","PJM","PJM Interconnection, LLC","2151","megawatthours"
"2026-10-05T12","ME","Metropolitan Edison zone","PJM","PJM Interconnection, LLC","1596","megawatthours"
"2026-10-05T12","PE","PECO Energy zone","PJM","PJM Interconnection, LLC","3746","megawatthours"
"2026-10-05T12","PEP","Potomac Electric Power zone","PJM","PJM Interconnection, LLC","2908","megawatthours"
"2026-10-05T12","PL","Pennsylvania Power & Light zone","PJM","PJM Interconnection, LLC","4369","megawatthours"
"2026-10-05T12","PN","Pennsylvania Electric zone","PJM","PJM Interconnection, LLC","1793","megawatthours"
"2026-10-05T12","PS","Public Service Electric & Gas zone","PJM","PJM Interconnection, LLC","4243","megawatthours"
"2026-10-05T12","RECO","Rockland Electric (East) zone","PJM","PJM Interconnection, LLC","145","megawatthours"
"2026-10-05T12","ACMA","City of Acoma Pueblo","PNM","Public Service Company of New Mexico","3","megawatthours"
"2026-10-05T12","CYGA","City of Gallup","PNM","Public Service Company of New Mexico","17","megawatthours"
"2026-10-05T12","Frep","Freeport","PNM","Public Service Company of New Mexico","78","megawatthours"
"2026-10-05T12","Jica","Jicarilla Apache Nation","PNM","Public Service Company of New Mexico","2","megawatthours"
"2026-10-05T12","KAFB","Kirtland Air Force Base","PNM","Public Service Company of New Mexico","50","megawatthours"
"2026-10-05T12","KCEC","Kit Carson Electric Cooperative","PNM","Public Service Company of New Mexico","27","megawatthours"
"2026-10-05T12","LAC","Los Alamos County","PNM","Public Service Company of New Mexico","69","megawatthours"
"2026-10-05T12","PNM","PNM System Firm Load","PNM","Public Service Company of New Mexico","1008","megawatthours"
"2026-10-05T12","TSGT","Tri-State Generation and Transmission","PNM","Public Service Company of New Mexico","227","megawatthours"
"2026-10-05T12","CSWS","AEPW American Electric Power West","SWPP","Southwest Power Pool","4465","megawatthours"
"2026-10-05T12","EDE","Empire District Electric Company","SWPP","Southwest Power Pool","531","megawatthours"
"2026-10-05T12","GRDA","Grand River Dam Authority","SWPP","Southwest Power Pool","1142","megawatthours"
"2026-10-05T12","INDN","Independence Power & Light","SWPP","Southwest Power Pool","85","megawatthours"
"2026-10-05T12","KACY","Kansas City Board of Public Utilities","SWPP","Southwest Power Pool","224","megawatthours"
"2026-10-05T12","KCPL","Kansas City Power & Light","SWPP","Southwest Power Pool","1649","megawatthours"
"2026-10-05T12","LES","Lincoln Electric System","SWPP","Southwest Power Pool","436","megawatthours"
"2026-10-05T12","MPS","KCP&L Greater Missouri Operations","SWPP","Southwest Power Pool","839","megawatthours"
"2026-10-05T12","NPPD","Nebraska Public Power District","SWPP","Southwest Power Pool","1732","megawatthours"
"2026-10-05T12","OKGE","Oklahoma Gas and Electric Co.","SWPP","Southwest Power Pool","3722","megawatthours"
"2026-10-05T12","OPPD","Omaha Public Power District","SWPP","Southwest Power Pool","1807","megawatthours"
"2026-10-05T12","SECI","Sunflower Electric","SWPP","Southwest Power Pool","659","megawatthours"
"2026-10-05T12","SPRM","City of Springfield","SWPP","Southwest Power Pool","318","megawatthours"
"2026-10-05T12","SPS","Southwestern Public Service Company","SWPP","Southwest Power Pool","3843","megawatthours"
"2026-10-05T12","WAUE","Western Area Power Upper Great Plains East","SWPP","Southwest Power Pool","3787","megawatthours"
"2026-10-05T12","WFEC","Western Farmers Electric Cooperative","SWPP","Southwest Power Pool","915","megawatthours"
"2026-10-05T12","WR","Westar Energy","SWPP","Southwest Power Pool","3042","megawatthours"
"2026-10-05T12","PRPA","Platte River Power Authority - PRPA","SWPW","Southwest Power Pool West Balancing Authority Area","300","megawatthours"
"2026-10-05T12","WACM","Western Area Power Administration - Colorado Missouri Region - WACM","SWPW","Southwest Power Pool West Balancing Authority Area","2042","megawatthours"
"2026-10-05T12","WAUW","Western Area Power Administration - Upper Great Plains West - WAUW","SWPW","Southwest Power Pool West Balancing Authority Area","59","megawatthours"
"2026-10-05T11","BASI","Basin Electric Power Cooperative","BHBA","Black Hills Energy","216","megawatthours"
"2026-10-05T11","SDE","Black Hills Energy South Dakota Electric","BHBA","Black Hills Energy","207","megawatthours"
"2026-10-05T11","WYE","Black Hills Energy Wyoming Electric","BHBA","Black Hills Energy","359","megawatthours"
"2026-10-05T11","PGAE","Pacific Gas and Electric","CISO","California Independent System Operator","11116","megawatthours"
"2026-10-05T11","SCE","Southern California Edison","CISO","California Independent System Operator","12780","megawatthours"
"2026-10-05T11","SDGE","San Diego Gas and Electric","CISO","California Independent System Operator","3028","megawatthours"
"2026-10-05T11","VEA","Valley Electric Association","CISO","California Independent System Operator","46","megawatthours"
"2026-10-05T11","COAS","Coast","ERCO","Electric Reliability Council of Texas, Inc.","13133","megawatthours"
"2026-10-05T11","EAST","East","ERCO","Electric Reliability Council of Texas, Inc.","1586","megawatthours"
"2026-10-05T11","FWES","Far West","ERCO","Electric Reliability Council of Texas, Inc.","7322","megawatthours"
"2026-10-05T11","NCEN","North Central","ERCO","Electric Reliability Council of Texas, Inc.","12309","megawatthours"
"2026-10-05T11","NRTH","North","ERCO","Electric Reliability Council of Texas, Inc.","1473","megawatthours"
"2026-10-05T11","SCEN","South Central","ERCO","Electric Reliability Council of Texas, Inc.","7817","megawatthours"
"2026-10-05T11","SOUT","South","ERCO","Electric Reliability Council of Texas, Inc.","4194","megawatthours"
"2026-10-05T11","WEST","West","ERCO","Electric Reliability Council of Texas, Inc.","1987","megawatthours"
"2026-10-05T11","0001","Zone 1","MISO","Midcontinent Independent System Operator, Inc.","9272","megawatthours"
"2026-10-05T11","0004","Zone 4","MISO","Midcontinent Independent System Operator, Inc.","3993","megawatthours"
"2026-10-05T11","0006","Zone 6","MISO","Midcontinent Independent System Operator, Inc.","8800","megawatthours"
"2026-10-05T11","0027","Zones 2 and 7","MISO","Midcontinent Independent System Operator, Inc.","15695","megawatthours"
"2026-10-05T11","0035","Zones 3 and 5","MISO","Midcontinent Independent System Operator, Inc.","8520","megawatthours"
"2026-10-05T11","8910","Zones 8, 9, and 10","MISO","Midcontinent Independent System Operator, Inc.","18300","megawatthours"
"2026-10-05T11","ZONA","West","NYIS","New York Independent System Operator","1461","megawatthours"
"2026-10-05T11","ZONB","Genesee","NYIS","New York Independent System Operator","977","megawatthours"
"2026-10-05T11","ZONC","Central","NYIS","New York Independent System Operator","1579","megawatthours"
"2026-10-05T11","ZOND","North","NYIS","New York Independent System Operator","546","megawatthours"
"2026-10-05T11","ZONE","Mohawk Valley","NYIS","New York Independent System Operator","790","megawatthours"
"2026-10-05T11","ZONF","Capital","NYIS","New York Independent System Operator","1180","megawatthours"
"2026-10-05T11","ZONG","Hudson Valley","NYIS","New York Independent System Operator","923","megawatthours"
"2026-10-05T11","ZONH","Millwood","NYIS","New York Independent System Operator","209","megawatthours"
"2026-10-05T11","ZONI","Dunwoodie","NYIS","New York Independent System Operator","511","megawatthours"
"2026-10-05T11","ZONJ","New York City","NYIS","New York Independent System Operator","4649","megawatthours"
"2026-10-05T11","ZONK","Long Island","NYIS","New York Independent System Operator","1804","megawatthours"
"2026-10-05T11","AE","Atlantic Electric zone","PJM","PJM Interconnection, LLC","957","megawatthours"
"2026-10-05T11","AEP","American Electric Power zone","PJM","PJM Interconnection, LLC","15066","megawatthours"
"2026-10-05T11","AP","Allegheny Power zone","PJM","PJM Interconnection, LLC","4870","megawatthours"
"2026-10-05T11","ATSI","American Transmission Systems, Inc. zone","PJM","PJM Interconnection, LLC","6750","megawatthours"
"2026-10-05T11","BC","Baltimore Gas & Electric zone","PJM","PJM Interconnection, LLC","2760","megawatthours"
"2026-10-05T11","CE","Commonwealth Edison zone","PJM","PJM Interconnection, LLC","8562","megawatthours"
"2026-10-05T11","DAY","Dayton Power & Light zone","PJM","PJM Interconnection, LLC","1705","megawatthours"
"2026-10-05T11","DEOK","Duke Energy Ohio/Kentucky zone","PJM","PJM Interconnection, LLC","2331","megawatthours"
"2026-10-05T11","DOM","Dominion Virginia Power zone","PJM","PJM Interconnection, LLC","14645","megawatthours"
"2026-10-05T11","DPL","Delmarva Power & Light zone","PJM","PJM Interconnection, LLC","1648","megawatthours"
"2026-10-05T11","DUQ","Duquesne Lighting Company zone","PJM","PJM Interconnection, LLC","1194","megawatthours"
"2026-10-05T11","EKPC","East Kentucky Power Cooperative zone","PJM","PJM Interconnection, LLC","1236","megawatthours"
"2026-10-05T11","JC","Jersey Central Power & Light zone","PJM","PJM Interconnection, LLC","2001","megawatthours"
"2026-10-05T11","ME","Metropolitan Edison zone","PJM","PJM Interconnection, LLC","1514","megawatthours"
"2026-10-05T11","PE","PECO Energy zone","PJM","PJM Interconnection, LLC","3514","megawatthours"
"2026-10-05T11","PEP","Potomac Electric Power zone","PJM","PJM Interconnection, LLC","2741","megawatthours"
"2026-10-05T11","PL","Pennsylvania Power & Light zone","PJM","PJM Interconnection, LLC","4134","megawatthours"
"2026-10-05T11","PN","Pennsylvania Electric zone","PJM","PJM Interconnection, LLC","1691","megawatthours"
"2026-10-05T11","PS","Public Service Electric & Gas zone","PJM","PJM Interconnection, LLC","4026","megawatthours"
"2026-10-05T11","RECO","Rockland Electric (East) zone","PJM","PJM Interconnection, LLC","132","megawatthours"
"2026-10-05T11","ACMA","City of Acoma Pueblo","PNM","Public Service Company of New Mexico","2","megawatthours"
"2026-10-05T11","CYGA","City of Gallup","PNM","Public Service Company of New Mexico","15","megawatthours"
"2026-10-05T11","Frep","Freeport","PNM","Public Service Company of New Mexico","78","megawatthours"
"2026-10-05T11","Jica","Jicarilla Apache Nation","PNM","Public Service Company of New Mexico","2","megawatthours"
"2026-10-05T11","KAFB","Kirtland Air Force Base","PNM","Public Service Company of New Mexico","49","megawatthours"
"2026-10-05T11","KCEC","Kit Carson Electric Cooperative","PNM","Public Service Company of New Mexico","25","megawatthours"
"2026-10-05T11","LAC","Los Alamos County","PNM","Public Service Company of New Mexico","69","megawatthours"
"2026-10-05T11","PNM","PNM System Firm Load","PNM","Public Service Company of New Mexico","969","megawatthours"
"2026-10-05T11","TSGT","Tri-State Generation and Transmission","PNM","Public Service Company of New Mexico","212","megawatthours"
"2026-10-05T11","CSWS","AEPW American Electric Power West","SWPP","Southwest Power Pool","4142","megawatthours"
"2026-10-05T11","EDE","Empire District Electric Company","SWPP","Southwest Power Pool","480","megawatthours"
"2026-10-05T11","GRDA","Grand River Dam Authority","SWPP","Southwest Power Pool","1129","megawatthours"
"2026-10-05T11","INDN","Independence Power & Light","SWPP","Southwest Power Pool","80","megawatthours"
"2026-10-05T11","KACY","Kansas City Board of Public Utilities","SWPP","Southwest Power Pool","204","megawatthours"
"2026-10-05T11","KCPL","Kansas City Power & Light","SWPP","Southwest Power Pool","1514","megawatthours"
"2026-10-05T11","LES","Lincoln Electric System","SWPP","Southwest Power Pool","397","megawatthours"
"2026-10-05T11","MPS","KCP&L Greater Missouri Operations","SWPP","Southwest Power Pool","774","megawatthours"
"2026-10-05T11","NPPD","Nebraska Public Power District","SWPP","Southwest Power Pool","1612","megawatthours"
"2026-10-05T11","OKGE","Oklahoma Gas and Electric Co.","SWPP","Southwest Power Pool","3543","megawatthours"
"2026-10-05T11","OPPD","Omaha Public Power District","SWPP","Southwest Power Pool","1701","megawatthours"
"2026-10-05T11","SECI","Sunflower Electric","SWPP","Southwest Power Pool","633","megawatthours"
"2026-10-05T11","SPRM","City of Springfield","SWPP","Southwest Power Pool","289","megawatthours"
"2026-10-05T11","SPS","Southwestern Public Service Company","SWPP","Southwest Power Pool","3752","megawatthours"
"2026-10-05T11","WAUE","Western Area Power Upper Great Plains East","SWPP","Southwest Power Pool","3626","megawatthours"
"2026-10-05T11","WFEC","Western Farmers Electric Cooperative","SWPP","Southwest Power Pool","877","megawatthours"
"2026-10-05T11","WR","Westar Energy","SWPP","Southwest Power Pool","2803","megawatthours"
"2026-10-05T11","PRPA","Platte River Power Authority - PRPA","SWPW","Southwest Power Pool West Balancing Authority Area","285","megawatthours"
"2026-10-05T11","WACM","Western Area Power Administration - Colorado Missouri Region - WACM","SWPW","Southwest Power Pool West Balancing Authority Area","1971","megawatthours"
"2026-10-05T11","WAUW","Western Area Power Administration - Upper Great Plains West - WAUW","SWPW","Southwest Power Pool West Balancing Authority Area","52","megawatthours"
"2026-10-05T10","BASI","Basin Electric Power Cooperative","BHBA","Black Hills Energy","210","megawatthours"
"2026-10-05T10","SDE","Black Hills Energy South Dakota Electric","BHBA","Black Hills Energy","202","megawatthours"
"2026-10-05T10","WYE","Black Hills Energy Wyoming Electric","BHBA","Black Hills Energy","354","megawatthours"
"2026-10-05T10","PGAE","Pacific Gas and Electric","CISO","California Independent System Operator","11407","megawatthours"
"2026-10-05T10","SCE","Southern California Edison","CISO","California Independent System Operator","13201","megawatthours"
"2026-10-05T10","SDGE","San Diego Gas and Electric","CISO","California Independent System Operator","3098","megawatthours"
"2026-10-05T10","VEA","Valley Electric Association","CISO","California Independent System Operator","47","megawatthours"
"2026-10-05T10","COAS","Coast","ERCO","Electric Reliability Council of Texas, Inc.","12768","megawatthours"
"2026-10-05T10","EAST","East","ERCO","Electric Reliability Council of Texas, Inc.","1492","megawatthours"
"2026-10-05T10","FWES","Far West","ERCO","Electric Reliability Council of Texas, Inc.","7362","megawatthours"
"2026-10-05T10","NCEN","North Central","ERCO","Electric Reliability Council of Texas, Inc.","11801","megawatthours"
"2026-10-05T10","NRTH","North","ERCO","Electric Reliability Council of Texas, Inc.","1435","megawatthours"
"2026-10-05T10","SCEN","South Central","ERCO","Electric Reliability Council of Texas, Inc.","7571","megawatthours"
"2026-10-05T10","SOUT","South","ERCO","Electric Reliability Council of Texas, Inc.","4076","megawatthours"
"2026-10-05T10","WEST","West","ERCO","Electric Reliability Council of Texas, Inc.","1903","megawatthours"
"2026-10-05T10","0001","Zone 1","MISO","Midcontinent Independent System Operator, Inc.","8754","megawatthours"
"2026-10-05T10","0004","Zone 4","MISO","Midcontinent Independent System Operator, Inc.","3818","megawatthours"
"2026-10-05T10","0006","Zone 6","MISO","Midcontinent Independent System Operator, Inc.","8212","megawatthours"
"2026-10-05T10","0027","Zones 2 and 7","MISO","Midcontinent Independent System Operator, Inc.","15069","megawatthours"
"2026-10-05T10","0035","Zones 3 and 5","MISO","Midcontinent Independent System Operator, Inc.","8401","megawatthours"
"2026-10-05T10","8910","Zones 8, 9, and 10","MISO","Midcontinent Independent System Operator, Inc.","17986","megawatthours"
"2026-10-05T10","ZONA","West","NYIS","New York Independent System Operator","1369","megawatthours"
"2026-10-05T10","ZONB","Genesee","NYIS","New York Independent System Operator","871","megawatthours"
"2026-10-05T10","ZONC","Central","NYIS","New York Independent System Operator","1420","megawatthours"
"2026-10-05T10","ZOND","North","NYIS","New York Independent System Operator","525","megawatthours"
"2026-10-05T10","ZONE","Mohawk Valley","NYIS","New York Independent System Operator","699","megawatthours"
"2026-10-05T10","ZONF","Capital","NYIS","New York Independent System Operator","1073","megawatthours"
"2026-10-05T10","ZONG","Hudson Valley","NYIS","New York Independent System Operator","835","megawatthours"
"2026-10-05T10","ZONH","Millwood","NYIS","New York Independent System Operator","184","megawatthours"
"2026-10-05T10","ZONI","Dunwoodie","NYIS","New York Independent System Operator","454","megawatthours"
"2026-10-05T10","ZONJ","New York City","NYIS","New York Independent System Operator","4197","megawatthours"
"2026-10-05T10","ZONK","Long Island","NYIS","New York Independent System Operator","1640","megawatthours"
"2026-10-05T10","AE","Atlantic Electric zone","PJM","PJM Interconnection, LLC","874","megawatthours"
"2026-10-05T10","AEP","American Electric Power zone","PJM","PJM Interconnection, LLC","14104","megawatthours"
"2026-10-05T10","AP","Allegheny Power zone","PJM","PJM Interconnection, LLC","4529","megawatthours"
"2026-10-05T10","ATSI","American Transmission Systems, Inc. zone","PJM","PJM Interconnection, LLC","6210","megawatthours"
"2026-10-05T10","BC","Baltimore Gas & Electric zone","PJM","PJM Interconnection, LLC","2502","megawatthours"
"2026-10-05T10","CE","Commonwealth Edison zone","PJM","PJM Interconnection, LLC","8068","megawatthours"
"2026-10-05T10","DAY","Dayton Power & Light zone","PJM","PJM Interconnection, LLC","1541","megawatthours"
"2026-10-05T10","DEOK","Duke Energy Ohio/Kentucky zone","PJM","PJM Interconnection, LLC","2120","megawatthours"
"2026-10-05T10","DOM","Dominion Virginia Power zone","PJM","PJM Interconnection, LLC","13839","megawatthours"
"2026-10-05T10","DPL","Delmarva Power & Light zone","PJM","PJM Interconnection, LLC","1482","megawatthours"
"2026-10-05T10","DUQ","Duquesne Lighting Company zone","PJM","PJM Interconnection, LLC","1139","megawatthours"
"2026-10-05T10","EKPC","East Kentucky Power Cooperative zone","PJM","PJM Interconnection, LLC","1162","megawatthours"
"2026-10-05T10","JC","Jersey Central Power & Light zone","PJM","PJM Interconnection, LLC","1814","megawatthours"
"2026-10-05T10","ME","Metropolitan Edison zone","PJM","PJM Interconnection, LLC","1357","megawatthours"
"2026-10-05T10","PE","PECO Energy zone","PJM","PJM Interconnection, LLC","3199","megawatthours"
"2026-10-05T10","PEP","Potomac Electric Power zone","PJM","PJM Interconnection, LLC","2463","megawatthours"
"2026-10-05T10","PL","Pennsylvania Power & Light zone","PJM","PJM Interconnection, LLC","3706","megawatthours"
"2026-10-05T10","PN","Pennsylvania Electric zone","PJM","PJM Interconnection, LLC","1509","megawatthours"
"2026-10-05T10","PS","Public Service Electric & Gas zone","PJM","PJM Interconnection, LLC","3694","megawatthours"
"2026-10-05T10","RECO","Rockland Electric (East) zone","PJM","PJM Interconnection, LLC","121","megawatthours"
"2026-10-05T10","ACMA","City of Acoma Pueblo","PNM","Public Service Company of New Mexico","2","megawatthours"
"2026-10-05T10","CYGA","City of Gallup","PNM","Public Service Company of New Mexico","15","megawatthours"
"2026-10-05T10","Frep","Freeport","PNM","Public Service Company of New Mexico","77","megawatthours"
"2026-10-05T10","Jica","Jicarilla Apache Nation","PNM","Public Service Company of New Mexico","2","megawatthours"
"2026-10-05T10","KAFB","Kirtland Air Force Base","PNM","Public Service Company of New Mexico","48","megawatthours"
"2026-10-05T10","KCEC","Kit Carson Electric Cooperative","PNM","Public Service Company of New Mexico","24","megawatthours"
"2026-10-05T10","LAC","Los Alamos County","PNM","Public Service Company of New Mexico","68","megawatthours"
"2026-10-05T10","PNM","PNM System Firm Load","PNM","Public Service Company of New Mexico","952","megawatthours"
"2026-10-05T10","TSGT","Tri-State Generation and Transmission","PNM","Public Service Company of New Mexico","208","megawatthours"
"2026-10-05T10","CSWS","AEPW American Electric Power West","SWPP","Southwest Power Pool","3990","megawatthours"
"2026-10-05T10","EDE","Empire District Electric Company","SWPP","Southwest Power Pool","449","megawatthours"
"2026-10-05T10","GRDA","Grand River Dam Authority","SWPP","Southwest Power Pool","1127","megawatthours"
"2026-10-05T10","INDN","Independence Power & Light","SWPP","Southwest Power Pool","76","megawatthours"
"2026-10-05T10","KACY","Kansas City Board of Public Utilities","SWPP","Southwest Power Pool","195","megawatthours"
"2026-10-05T10","KCPL","Kansas City Power & Light","SWPP","Southwest Power Pool","1445","megawatthours"
"2026-10-05T10","LES","Lincoln Electric System","SWPP","Southwest Power Pool","379","megawatthours"
"2026-10-05T10","MPS","KCP&L Greater Missouri Operations","SWPP","Southwest Power Pool","731","megawatthours"
"2026-10-05T10","NPPD","Nebraska Public Power District","SWPP","Southwest Power Pool","1546","megawatthours"
"2026-10-05T10","OKGE","Oklahoma Gas and Electric Co.","SWPP","Southwest Power Pool","3459","megawatthours"
"2026-10-05T10","OPPD","Omaha Public Power District","SWPP","Southwest Power Pool","1647","megawatthours"
"2026-10-05T10","SECI","Sunflower Electric","SWPP","Southwest Power Pool","613","megawatthours"
"2026-10-05T10","SPRM","City of Springfield","SWPP","Southwest Power Pool","274","megawatthours"
"2026-10-05T10","SPS","Southwestern Public Service Company","SWPP","Southwest Power Pool","3719","megawatthours"
"2026-10-05T10","WAUE","Western Area Power Upper Great Plains East","SWPP","Southwest Power Pool","3537","megawatthours"
"2026-10-05T10","WFEC","Western Farmers Electric Cooperative","SWPP","Southwest Power Pool","860","megawatthours"
"2026-10-05T10","WR","Westar Energy","SWPP","Southwest Power Pool","2660","megawatthours"
"2026-10-05T10","PRPA","Platte River Power Authority - PRPA","SWPW","Southwest Power Pool West Balancing Authority Area","280","megawatthours"
"2026-10-05T10","WACM","Western Area Power Administration - Colorado Missouri Region - WACM","SWPW","Southwest Power Pool West Balancing Authority Area","1944","megawatthours"
"2026-10-05T10","WAUW","Western Area Power Administration - Upper Great Plains West - WAUW","SWPW","Southwest Power Pool West Balancing Authority Area","51","megawatthours"
"2026-10-05T09","BASI","Basin Electric Power Cooperative","BHBA","Black Hills Energy","208","megawatthours"
"2026-10-05T09","SDE","Black Hills Energy South Dakota Electric","BHBA","Black Hills Energy","202","megawatthours"
"2026-10-05T09","WYE","Black Hills Energy Wyoming Electric","BHBA","Black Hills Energy","353","megawatthours"
"2026-10-05T09","PGAE","Pacific Gas and Electric","CISO","California Independent System Operator","11269","megawatthours"
"2026-10-05T09","SCE","Southern California Edison","CISO","California Independent System Operator","13585","megawatthours"
"2026-10-05T09","SDGE","San Diego Gas and Electric","CISO","California Independent System Operator","3204","megawatthours"
"2026-10-05T09","VEA","Valley Electric Association","CISO","California Independent System Operator","49","megawatthours"
"2026-10-05T09","COAS","Coast","ERCO","Electric Reliability Council of Texas, Inc.","12658","megawatthours"
"2026-10-05T09","EAST","East","ERCO","Electric Reliability Council of Texas, Inc.","1513","megawatthours"
"2026-10-05T09","FWES","Far West","ERCO","Electric Reliability Council of Texas, Inc.","7370","megawatthours"
"2026-10-05T09","NCEN","North Central","ERCO","Electric Reliability Council of Texas, Inc.","11742","megawatthours"
"2026-10-05T09","NRTH","North","ERCO","Electric Reliability Council of Texas, Inc.","1425","megawatthours"
"2026-10-05T09","SCEN","South Central","ERCO","Electric Reliability Council of Texas, Inc.","7533","megawatthours"
"2026-10-05T09","SOUT","South","ERCO","Electric Reliability Council of Texas, Inc.","4085","megawatthours"
"2026-10-05T09","WEST","West","ERCO","Electric Reliability Council of Texas, Inc.","1980","megawatthours"
"2026-10-05T09","0001","Zone 1","MISO","Midcontinent Independent System Operator, Inc.","8585","megawatthours"
"2026-10-05T09","0004","Zone 4","MISO","Midcontinent Independent System Operator, Inc.","3775","megawatthours"
"2026-10-05T09","0006","Zone 6","MISO","Midcontinent Independent System Operator, Inc.","7979","megawatthours"
"2026-10-05T09","0027","Zones 2 and 7","MISO","Midcontinent Independent System Operator, Inc.","14675","megawatthours"
"2026-10-05T09","0035","Zones 3 and 5","MISO","Midcontinent Independent System Operator, Inc.","8463","megawatthours"
"2026-10-05T09","8910","Zones 8, 9, and 10","MISO","Midcontinent Independent System Operator, Inc.","17764","megawatthours"
"2026-10-05T09","ZONA","West","NYIS","New York Independent System Operator","1303","megawatthours"
"2026-10-05T09","ZONB","Genesee","NYIS","New York Independent System Operator","822","megawatthours"
"2026-10-05T09","ZONC","Central","NYIS","New York Independent System Operator","1335","megawatthours"
"2026-10-05T09","ZOND","North","NYIS","New York Independent System Operator","512","megawatthours"
"2026-10-05T09","ZONE","Mohawk Valley","NYIS","New York Independent System Operator","642","megawatthours"
"2026-10-05T09","ZONF","Capital","NYIS","New York Independent System Operator","996","megawatthours"
"2026-10-05T09","ZONG","Hudson Valley","NYIS","New York Independent System Operator","793","megawatthours"
"2026-10-05T09","ZONH","Millwood","NYIS","New York Independent System Operator","167","megawatthours"
"2026-10-05T09","ZONI","Dunwoodie","NYIS","New York Independent System Operator","422","megawatthours"
"2026-10-05T09","ZONJ","New York City","NYIS","New York Independent System Operator","3994","megawatthours"
"2026-10-05T09","ZONK","Long Island","NYIS","New York Independent System Operator","1547","megawatthours"
"2026-10-05T09","AE","Atlantic Electric zone","PJM","PJM Interconnection, LLC","827","megawatthours"
"2026-10-05T09","AEP","American Electric Power zone","PJM","PJM Interconnection, LLC","13594","megawatthours"
"2026-10-05T09","AP","Allegheny Power zone","PJM","PJM Interconnection, LLC","4332","megawatthours"
"2026-10-05T09","ATSI","American Transmission Systems, Inc. zone","PJM","PJM Interconnection, LLC","5911","megawatthours"
"2026-10-05T09","BC","Baltimore Gas & Electric zone","PJM","PJM Interconnection, LLC","2360","megawatthours"
"2026-10-05T09","CE","Commonwealth Edison zone","PJM","PJM Interconnection, LLC","7912","megawatthours"
"2026-10-05T09","DAY","Dayton Power & Light zone","PJM","PJM Interconnection, LLC","1448","megawatthours"
"2026-10-05T09","DEOK","Duke Energy Ohio/Kentucky zone","PJM","PJM Interconnection, LLC","1995","megawatthours"
"2026-10-05T09","DOM","Dominion Virginia Power zone","PJM","PJM Interconnection, LLC","13353","megawatthours"
"2026-10-05T09","DPL","Delmarva Power & Light zone","PJM","PJM Interconnection, LLC","1378","megawatthours"
"2026-10-05T09","DUQ","Duquesne Lighting Company zone","PJM","PJM Interconnection, LLC","1095","megawatthours"
"2026-10-05T09","EKPC","East Kentucky Power Cooperative zone","PJM","PJM Interconnection, LLC","1091","megawatthours"
"2026-10-05T09","JC","Jersey Central Power & Light zone","PJM","PJM Interconnection, LLC","1723","megawatthours"
"2026-10-05T09","ME","Metropolitan Edison zone","PJM","PJM Interconnection, LLC","1263","megawatthours"
"2026-10-05T09","PE","PECO Energy zone","PJM","PJM Interconnection, LLC","2973","megawatthours"
"2026-10-05T09","PEP","Potomac Electric Power zone","PJM","PJM Interconnection, LLC","2245","megawatthours"
"2026-10-05T09","PL","Pennsylvania Power & Light zone","PJM","PJM Interconnection, LLC","3470","megawatthours"
"2026-10-05T09","PN","Pennsylvania Electric zone","PJM","PJM Interconnection, LLC","1415","megawatthours"
"2026-10-05T09","PS","Public Service Electric & Gas zone","PJM","PJM Interconnection, LLC","3502","megawatthours"
"2026-10-05T09","RECO","Rockland Electric (East) zone","PJM","PJM Interconnection, LLC","117","megawatthours"
"2026-10-05T09","ACMA","City of Acoma Pueblo","PNM","Public Service Company of New Mexico","2","megawatthours"
"2026-10-05T09","CYGA","City of Gallup","PNM","Public Service Company of New Mexico","15","megawatthours"
"2026-10-05T09","Frep","Freeport","PNM","Public Service Company of New Mexico","79","megawatthours"
"2026-10-05T09","Jica","Jicarilla Apache Nation","PNM","Public Service Company of New Mexico","2","megawatthours"
"2026-10-05T09","KAFB","Kirtland Air Force Base","PNM","Public Service Company of New Mexico","48","megawatthours"
"2026-10-05T09","KCEC","Kit Carson Electric Cooperative","PNM","Public Service Company of New Mexico","24","megawatthours"
"2026-10-05T09","LAC","Los Alamos County","PNM","Public Service Company of New Mexico","67","megawatthours"
"2026-10-05T09","PNM","PNM System Firm Load","PNM","Public Service Company of New Mexico","965","megawatthours"
"2026-10-05T09","TSGT","Tri-State Generation and Transmission","PNM","Public Service Company of New Mexico","203","megawatthours"
"2026-10-05T09","CSWS","AEPW American Electric Power West","SWPP","Southwest Power Pool","3959","megawatthours"
"2026-10-05T09","EDE","Empire District Electric Company","SWPP","Southwest Power Pool","443","megawatthours"
"2026-10-05T09","GRDA","Grand River Dam Authority","SWPP","Southwest Power Pool","1128","megawatthours"
"2026-10-05T09","INDN","Independence Power & Light","SWPP","Southwest Power Pool","74","megawatthours"
"2026-10-05T09","KACY","Kansas City Board of Public Utilities","SWPP","Southwest Power Pool","187","megawatthours"
"2026-10-05T09","KCPL","Kansas City Power & Light","SWPP","Southwest Power Pool","1425","megawatthours"
"2026-10-05T09","LES","Lincoln Electric System","SWPP","Southwest Power Pool","376","megawatthours"
"2026-10-05T09","MPS","KCP&L Greater Missouri Operations","SWPP","Southwest Power Pool","712","megawatthours"
"2026-10-05T09","NPPD","Nebraska Public Power District","SWPP","Southwest Power Pool","1513","megawatthours"
"2026-10-05T09","OKGE","Oklahoma Gas and Electric Co.","SWPP","Southwest Power Pool","3419","megawatthours"
"2026-10-05T09","OPPD","Omaha Public Power District","SWPP","Southwest Power Pool","1631","megawatthours"
"2026-10-05T09","SECI","Sunflower Electric","SWPP","Southwest Power Pool","605","megawatthours"
"2026-10-05T09","SPRM","City of Springfield","SWPP","Southwest Power Pool","272","megawatthours"
"2026-10-05T09","SPS","Southwestern Public Service Company","SWPP","Southwest Power Pool","3715","megawatthours"
"2026-10-05T09","WAUE","Western Area Power Upper Great Plains East","SWPP","Southwest Power Pool","3489","megawatthours"
"2026-10-05T09","WFEC","Western Farmers Electric Cooperative","SWPP","Southwest Power Pool","859","megawatthours"
"2026-10-05T09","WR","Westar Energy","SWPP","Southwest Power Pool","2611","megawatthours"
"2026-10-05T09","PRPA","Platte River Power Authority - PRPA","SWPW","Southwest Power Pool West Balancing Authority Area","282","megawatthours"
"2026-10-05T09","WACM","Western Area Power Administration - Colorado Missouri Region - WACM","SWPW","Southwest Power Pool West Balancing Authority Area","1955","megawatthours"
"2026-10-05T09","WAUW","Western Area Power Administration - Upper Great Plains West - WAUW","SWPW","Southwest Power Pool West Balancing Authority Area","53","megawatthours"
"2026-10-05T08","BASI","Basin Electric Power Cooperative","BHBA","Black Hills Energy","219","megawatthours"
"2026-10-05T08","SDE","Black Hills Energy South Dakota Electric","BHBA","Black Hills Energy","203","megawatthours"
"2026-10-05T08","WYE","Black Hills Energy Wyoming Electric","BHBA","Black Hills Energy","353","megawatthours"
"2026-10-05T08","PGAE","Pacific Gas and Electric","CISO","California Independent System Operator","11910","megawatthours"
"2026-10-05T08","SCE","Southern California Edison","CISO","California Independent System Operator","14430","megawatthours"
"2026-10-05T08","SDGE","San Diego Gas and Electric","CISO","California Independent System Operator","3478","megawatthours"
"2026-10-05T08","VEA","Valley Electric Association","CISO","California Independent System Operator","52","megawatthours"
"2026-10-05T08","COAS","Coast","ERCO","Electric Reliability Council of Texas, Inc.","12736","megawatthours"
"2026-10-05T08","EAST","East","ERCO","Electric Reliability Council of Texas, Inc.","1530","megawatthours"
"2026-10-05T08","FWES","Far West","ERCO","Electric Reliability Council of Texas, Inc.","7408","megawatthours"
"2026-10-05T08","NCEN","North Central","ERCO","Electric Reliability Council of Texas, Inc.","11944","megawatthours"
"2026-10-05T08","NRTH","North","ERCO","Electric Reliability Council of Texas, Inc.","1431","megawatthours"
"2026-10-05T08","SCEN","South Central","ERCO","Electric Reliability Council of Texas, Inc.","7682","megawatthours"
"2026-10-05T08","SOUT","South","ERCO","Electric Reliability Council of Texas, Inc.","4128","megawatthours"
"2026-10-05T08","WEST","West","ERCO","Electric Reliability Council of Texas, Inc.","1995","megawatthours"
"2026-10-05T08","0001","Zone 1","MISO","Midcontinent Independent System Operator, Inc.","8566","megawatthours"
"2026-10-05T08","0004","Zone 4","MISO","Midcontinent Independent System Operator, Inc.","3810","megawatthours"
"2026-10-05T08","0006","Zone 6","MISO","Midcontinent Independent System Operator, Inc.","7908","megawatthours"
"2026-10-05T08","0027","Zones 2 and 7","MISO","Midcontinent Independent System Operator, Inc.","14473","megawatthours"
"2026-10-05T08","0035","Zones 3 and 5","MISO","Midcontinent Independent System Operator, Inc.","8436","megawatthours"
"2026-10-05T08","8910","Zones 8, 9, and 10","MISO","Midcontinent Independent System Operator, Inc.","17961","megawatthours"
"2026-10-05T08","ZONA","West","NYIS","New York Independent System Operator","1290","megawatthours"
"2026-10-05T08","ZONB","Genesee","NYIS","New York Independent System Operator","814","megawatthours"
"2026-10-05T08","ZONC","Central","NYIS","New York Independent System Operator","1304","megawatthours"
"2026-10-05T08","ZOND","North","NYIS","New York Independent System Operator","506","megawatthours"
"2026-10-05T08","ZONE","Mohawk Valley","NYIS","New York Independent System Operator","624","megawatthours"
"2026-10-05T08","ZONF","Capital","NYIS","New York Independent System Operator","973","megawatthours"
"2026-10-05T08","ZONG","Hudson Valley","NYIS","New York Independent System Operator","784","megawatthours"
"2026-10-05T08","ZONH","Millwood","NYIS","New York Independent System Operator","168","megawatthours"
"2026-10-05T08","ZONI","Dunwoodie","NYIS","New York Independent System Operator","423","megawatthours"
"2026-10-05T08","ZONJ","New York City","NYIS","New York Independent System Operator","3972","megawatthours"
"2026-10-05T08","ZONK","Long Island","NYIS","New York Independent System Operator","1518","megawatthours"
"2026-10-05T08","AE","Atlantic Electric zone","PJM","PJM Interconnection, LLC","813","megawatthours"
"2026-10-05T08","AEP","American Electric Power zone","PJM","PJM Interconnection, LLC","13343","megawatthours"
"2026-10-05T08","AP","Allegheny Power zone","PJM","PJM Interconnection, LLC","4246","megawatthours"
"2026-10-05T08","ATSI","American Transmission Systems, Inc. zone","PJM","PJM Interconnection, LLC","5830","megawatthours"
"2026-10-05T08","BC","Baltimore Gas & Electric zone","PJM","PJM Interconnection, LLC","2315","megawatthours"
"2026-10-05T08","CE","Commonwealth Edison zone","PJM","PJM Interconnection, LLC","7892","megawatthours"
"2026-10-05T08","DAY","Dayton Power & Light zone","PJM","PJM Interconnection, LLC","1422","megawatthours"
"2026-10-05T08","DEOK","Duke Energy Ohio/Kentucky zone","PJM","PJM Interconnection, LLC","1963","megawatthours"
"2026-10-05T08","DOM","Dominion Virginia Power zone","PJM","PJM Interconnection, LLC","13168","megawatthours"
"2026-10-05T08","DPL","Delmarva Power & Light zone","PJM","PJM Interconnection, LLC","1343","megawatthours"
"2026-10-05T08","DUQ","Duquesne Lighting Company zone","PJM","PJM Interconnection, LLC","1066","megawatthours"
"2026-10-05T08","EKPC","East Kentucky Power Cooperative zone","PJM","PJM Interconnection, LLC","1071","megawatthours"
"2026-10-05T08","JC","Jersey Central Power & Light zone","PJM","PJM Interconnection, LLC","1665","megawatthours"
"2026-10-05T08","ME","Metropolitan Edison zone","PJM","PJM Interconnection, LLC","1229","megawatthours"
"2026-10-05T08","PE","PECO Energy zone","PJM","PJM Interconnection, LLC","2942","megawatthours"
"2026-10-05T08","PEP","Potomac Electric Power zone","PJM","PJM Interconnection, LLC","2186","megawatthours"
"2026-10-05T08","PL","Pennsylvania Power & Light zone","PJM","PJM Interconnection, LLC","3360","megawatthours"
"2026-10-05T08","PN","Pennsylvania Electric zone","PJM","PJM Interconnection, LLC","1377","megawatthours"
"2026-10-05T08","PS","Public Service Electric & Gas zone","PJM","PJM Interconnection, LLC","3442","megawatthours"
"2026-10-05T08","RECO","Rockland Electric (East) zone","PJM","PJM Interconnection, LLC","115","megawatthours"
"2026-10-05T08","ACMA","City of Acoma Pueblo","PNM","Public Service Company of New Mexico","2","megawatthours"
"2026-10-05T08","CYGA","City of Gallup","PNM","Public Service Company of New Mexico","15","megawatthours"
"2026-10-05T08","Frep","Freeport","PNM","Public Service Company of New Mexico","76","megawatthours"
"2026-10-05T08","Jica","Jicarilla Apache Nation","PNM","Public Service Company of New Mexico","2","megawatthours"
"2026-10-05T08","KAFB","Kirtland Air Force Base","PNM","Public Service Company of New Mexico","48","megawatthours"
"2026-10-05T08","KCEC","Kit Carson Electric Cooperative","PNM","Public Service Company of New Mexico","24","megawatthours"
"2026-10-05T08","LAC","Los Alamos County","PNM","Public Service Company of New Mexico","68","megawatthours"
"2026-10-05T08","PNM","PNM System Firm Load","PNM","Public Service Company of New Mexico","985","megawatthours"
"2026-10-05T08","TSGT","Tri-State Generation and Transmission","PNM","Public Service Company of New Mexico","207","megawatthours"
"2026-10-05T08","CSWS","AEPW American Electric Power West","SWPP","Southwest Power Pool","4030","megawatthours"
"2026-10-05T08","EDE","Empire District Electric Company","SWPP","Southwest Power Pool","444","megawatthours"
"2026-10-05T08","GRDA","Grand River Dam Authority","SWPP","Southwest Power Pool","1124","megawatthours"
"2026-10-05T08","INDN","Independence Power & Light","SWPP","Southwest Power Pool","75","megawatthours"
"2026-10-05T08","KACY","Kansas City Board of Public Utilities","SWPP","Southwest Power Pool","192","megawatthours"
"2026-10-05T08","KCPL","Kansas City Power & Light","SWPP","Southwest Power Pool","1437","megawatthours"
"2026-10-05T08","LES","Lincoln Electric System","SWPP","Southwest Power Pool","379","megawatthours"
"2026-10-05T08","MPS","KCP&L Greater Missouri Operations","SWPP","Southwest Power Pool","694","megawatthours"
"2026-10-05T08","NPPD","Nebraska Public Power District","SWPP","Southwest Power Pool","1510","megawatthours"
"2026-10-05T08","OKGE","Oklahoma Gas and Electric Co.","SWPP","Southwest Power Pool","3465","megawatthours"
"2026-10-05T08","OPPD","Omaha Public Power District","SWPP","Southwest Power Pool","1632","megawatthours"
"2026-10-05T08","SECI","Sunflower Electric","SWPP","Southwest Power Pool","602","megawatthours"
"2026-10-05T08","SPRM","City of Springfield","SWPP","Southwest Power Pool","277","megawatthours"
"2026-10-05T08","SPS","Southwestern Public Service Company","SWPP","Southwest Power Pool","3725","megawatthours"
"2026-10-05T08","WAUE","Western Area Power Upper Great Plains East","SWPP","Southwest Power Pool","3468","megawatthours"
"2026-10-05T08","WFEC","Western Farmers Electric Cooperative","SWPP","Southwest Power Pool","866","megawatthours"
"2026-10-05T08","WR","Westar Energy","SWPP","Southwest Power Pool","2624","megawatthours"
"2026-10-05T08","PRPA","Platte River Power Authority - PRPA","SWPW","Southwest Power Pool West Balancing Authority Area","289","megawatthours"
"2026-10-05T08","WACM","Western Area Power Administration - Colorado Missouri Region - WACM","SWPW","Southwest Power Pool West Balancing Authority Area","1988","megawatthours"
"2026-10-05T08","WAUW","Western Area Power Administration - Upper Great Plains West - WAUW","SWPW","Southwest Power Pool West Balancing Authority Area","50","megawatthours"
"2026-10-05T07","BASI","Basin Electric Power Cooperative","BHBA","Black Hills Energy","215","megawatthours"
"2026-10-05T07","SDE","Black Hills Energy South Dakota Electric","BHBA","Black Hills Energy","211","megawatthours"
"2026-10-05T07","WYE","Black Hills Energy Wyoming Electric","BHBA","Black Hills Energy","354","megawatthours"
"2026-10-05T07","PGAE","Pacific Gas and Electric","CISO","California Independent System Operator","12373","megawatthours"
"2026-10-05T07","SCE","Southern California Edison","CISO","California Independent System Operator","15876","megawatthours"
"2026-10-05T07","SDGE","San Diego Gas and Electric","CISO","California Independent System Operator","3599","megawatthours"
"2026-10-05T07","VEA","Valley Electric Association","CISO","California Independent System Operator","56","megawatthours"
"2026-10-05T07","COAS","Coast","ERCO","Electric Reliability Council of Texas, Inc.","12995","megawatthours"
"2026-10-05T07","EAST","East","ERCO","Electric Reliability Council of Texas, Inc.","1561","megawatthours"
"2026-10-05T07","FWES","Far West","ERCO","Electric Reliability Council of Texas, Inc.","7466","megawatthours"
"2026-10-05T07","NCEN","North Central","ERCO","Electric Reliability Council of Texas, Inc.","12358","megawatthours"
"2026-10-05T07","NRTH","North","ERCO","Electric Reliability Council of Texas, Inc.","1481","megawatthours"
"2026-10-05T07","SCEN","South Central","ERCO","Electric Reliability Council of Texas, Inc.","7919","megawatthours"
"2026-10-05T07","SOUT","South","ERCO","Electric Reliability Council of Texas, Inc.","4210","megawatthours"
"2026-10-05T07","WEST","West","ERCO","Electric Reliability Council of Texas, Inc.","1986","megawatthours"
"2026-10-05T07","0001","Zone 1","MISO","Midcontinent Independent System Operator, Inc.","8672","megawatthours"
"2026-10-05T07","0004","Zone 4","MISO","Midcontinent Independent System Operator, Inc.","3856","megawatthours"
"2026-10-05T07","0006","Zone 6","MISO","Midcontinent Independent System Operator, Inc.","7989","megawatthours"
"2026-10-05T07","0027","Zones 2 and 7","MISO","Midcontinent Independent System Operator, Inc.","14534","megawatthours"
"2026-10-05T07","0035","Zones 3 and 5","MISO","Midcontinent Independent System Operator, Inc.","8595","megawatthours"
"2026-10-05T07","8910","Zones 8, 9, and 10","MISO","Midcontinent Independent System Operator, Inc.","18188","megawatthours"
"2026-10-05T07","ZONA","West","NYIS","New York Independent System Operator","1290","megawatthours"
"2026-10-05T07","ZONB","Genesee","NYIS","New York Independent System Operator","821","megawatthours"
"2026-10-05T07","ZONC","Central","NYIS","New York Independent System Operator","1303","megawatthours"
"2026-10-05T07","ZOND","North","NYIS","New York Independent System Operator","506","megawatthours"
"2026-10-05T07","ZONE","Mohawk Valley","NYIS","New York Independent System Operator","632","megawatthours"
"2026-10-05T07","ZONF","Capital","NYIS","New York Independent System Operator","985","megawatthours"
"2026-10-05T07","ZONG","Hudson Valley","NYIS","New York Independent System Operator","798","megawatthours"
"2026-10-05T07","ZONH","Millwood","NYIS","New York Independent System Operator","171","megawatthours"
"2026-10-05T07","ZONI","Dunwoodie","NYIS","New York Independent System Operator","432","megawatthours"
"2026-10-05T07","ZONJ","New York City","NYIS","New York Independent System Operator","4036","megawatthours"
"2026-10-05T07","ZONK","Long Island","NYIS","New York Independent System Operator","1538","megawatthours"
"2026-10-05T07","AE","Atlantic Electric zone","PJM","PJM Interconnection, LLC","819","megawatthours"
"2026-10-05T07","AEP","American Electric Power zone","PJM","PJM Interconnection, LLC","13347","megawatthours"
"2026-10-05T07","AP","Allegheny Power zone","PJM","PJM Interconnection, LLC","4268","megawatthours"
"2026-10-05T07","ATSI","American Transmission Systems, Inc. zone","PJM","PJM Interconnection, LLC","5857","megawatthours"
"2026-10-05T07","BC","Baltimore Gas & Electric zone","PJM","PJM Interconnection, LLC","2327","megawatthours"
"2026-10-05T07","CE","Commonwealth Edison zone","PJM","PJM Interconnection, LLC","8057","megawatthours"
"2026-10-05T07","DAY","Dayton Power & Light zone","PJM","PJM Interconnection, LLC","1427","megawatthours"
"2026-10-05T07","DEOK","Duke Energy Ohio/Kentucky zone","PJM","PJM Interconnection, LLC","1977","megawatthours"
"2026-10-05T07","DOM","Dominion Virginia Power zone","PJM","PJM Interconnection, LLC","13285","megawatthours"
"2026-10-05T07","DPL","Delmarva Power & Light zone","PJM","PJM Interconnection, LLC","1352","megawatthours"
"2026-10-05T07","DUQ","Duquesne Lighting Company zone","PJM","PJM Interconnection, LLC","1073","megawatthours"
"2026-10-05T07","EKPC","East Kentucky Power Cooperative zone","PJM","PJM Interconnection, LLC","1071","megawatthours"
"2026-10-05T07","JC","Jersey Central Power & Light zone","PJM","PJM Interconnection, LLC","1681","megawatthours"
"2026-10-05T07","ME","Metropolitan Edison zone","PJM","PJM Interconnection, LLC","1227","megawatthours"
"2026-10-05T07","PE","PECO Energy zone","PJM","PJM Interconnection, LLC","2961","megawatthours"
"2026-10-05T07","PEP","Potomac Electric Power zone","PJM","PJM Interconnection, LLC","2205","megawatthours"
"2026-10-05T07","PL","Pennsylvania Power & Light zone","PJM","PJM Interconnection, LLC","3352","megawatthours"
"2026-10-05T07","PN","Pennsylvania Electric zone","PJM","PJM Interconnection, LLC","1375","megawatthours"
"2026-10-05T07","PS","Public Service Electric & Gas zone","PJM","PJM Interconnection, LLC","3473","megawatthours"
"2026-10-05T07","RECO","Rockland Electric (East) zone","PJM","PJM Interconnection, LLC","116","megawatthours"
"2026-10-05T07","ACMA","City of Acoma Pueblo","PNM","Public Service Company of New Mexico","2","megawatthours"
"2026-10-05T07","CYGA","City of Gallup","PNM","Public Service Company of New Mexico","15","megawatthours"
"2026-10-05T07","Frep","Freeport","PNM","Public Service Company of New Mexico","78","megawatthours"
"2026-10-05T07","Jica","Jicarilla Apache Nation","PNM","Public Service Company of New Mexico","2","megawatthours"
"2026-10-05T07","KAFB","Kirtland Air Force Base","PNM","Public Service Company of New Mexico","49","megawatthours"
"2026-10-05T07","KCEC","Kit Carson Electric Cooperative","PNM","Public Service Company of New Mexico","25","megawatthours"
"2026-10-05T07","LAC","Los Alamos County","PNM","Public Service Company of New Mexico","68","megawatthours"
"2026-10-05T07","PNM","PNM System Firm Load","PNM","Public Service Company of New Mexico","1020","megawatthours"
"2026-10-05T07","TSGT","Tri-State Generation and Transmission","PNM","Public Service Company of New Mexico","210","megawatthours"
"2026-10-05T07","CSWS","AEPW American Electric Power West","SWPP","Southwest Power Pool","4148","megawatthours"
"2026-10-05T07","EDE","Empire District Electric Company","SWPP","Southwest Power Pool","457","megawatthours"
"2026-10-05T07","GRDA","Grand River Dam Authority","SWPP","Southwest Power Pool","1132","megawatthours"
"2026-10-05T07","INDN","Independence Power & Light","SWPP","Southwest Power Pool","77","megawatthours"
"2026-10-05T07","KACY","Kansas City Board of Public Utilities","SWPP","Southwest Power Pool","195","megawatthours"
"2026-10-05T07","KCPL","Kansas City Power & Light","SWPP","Southwest Power Pool","1471","megawatthours"
"2026-10-05T07","LES","Lincoln Electric System","SWPP","Southwest Power Pool","387","megawatthours"
"2026-10-05T07","MPS","KCP&L Greater Missouri Operations","SWPP","Southwest Power Pool","715","megawatthours"
"2026-10-05T07","NPPD","Nebraska Public Power District","SWPP","Southwest Power Pool","1543","megawatthours"
"2026-10-05T07","OKGE","Oklahoma Gas and Electric Co.","SWPP","Southwest Power Pool","3571","megawatthours"
"2026-10-05T07","OPPD","Omaha Public Power District","SWPP","Southwest Power Pool","1652","megawatthours"
"2026-10-05T07","SECI","Sunflower Electric","SWPP","Southwest Power Pool","606","megawatthours"
"2026-10-05T07","SPRM","City of Springfield","SWPP","Southwest Power Pool","285","megawatthours"
"2026-10-05T07","SPS","Southwestern Public Service Company","SWPP","Southwest Power Pool","3761","megawatthours"
"2026-10-05T07","WAUE","Western Area Power Upper Great Plains East","SWPP","Southwest Power Pool","3488","megawatthours"
"2026-10-05T07","WFEC","Western Farmers Electric Cooperative","SWPP","Southwest Power Pool","882","megawatthours"
"2026-10-05T07","WR","Westar Energy","SWPP","Southwest Power Pool","2675","megawatthours"
"2026-10-05T07","PRPA","Platte River Power Authority - PRPA","SWPW","Southwest Power Pool West Balancing Authority Area","303","megawatthours"
"2026-10-05T07","WACM","Western Area Power Administration - Colorado Missouri Region - WACM","SWPW","Southwest Power Pool West Balancing Authority Area","2040","megawatthours"
"2026-10-05T07","WAUW","Western Area Power Administration - Upper Great Plains West - WAUW","SWPW","Southwest Power Pool West Balancing Authority Area","48","megawatthours"
"2026-10-05T06","BASI","Basin Electric Power Cooperative","BHBA","Black Hills Energy","218","megawatthours"
"2026-10-05T06","SDE","Black Hills Energy South Dakota Electric","BHBA","Black Hills Energy","221","megawatthours"
"2026-10-05T06","WYE","Black Hills Energy Wyoming Electric","BHBA","Black Hills Energy","357","megawatthours"
"2026-10-05T06","PGAE","Pacific Gas and Electric","CISO","California Independent System Operator","13484","megawatthours"
"2026-10-05T06","SCE","Southern California Edison","CISO","California Independent System Operator","16809","megawatthours"
"2026-10-05T06","SDGE","San Diego Gas and Electric","CISO","California Independent System Operator","3839","megawatthours"
"2026-10-05T06","VEA","Valley Electric Association","CISO","California Independent System Operator","63","megawatthours"
"2026-10-05T06","COAS","Coast","ERCO","Electric Reliability Council of Texas, Inc.","13432","megawatthours"
"2026-10-05T06","EAST","East","ERCO","Electric Reliability Council of Texas, Inc.","1629","megawatthours"
"2026-10-05T06","FWES","Far West","ERCO","Electric Reliability Council of Texas, Inc.","7651","megawatthours"
"2026-10-05T06","NCEN","North Central","ERCO","Electric Reliability Council of Texas, Inc.","13000","megawatthours"
"2026-10-05T06","NRTH","North","ERCO","Electric Reliability Council of Texas, Inc.","1571","megawatthours"
"2026-10-05T06","SCEN","South Central","ERCO","Electric Reliability Council of Texas, Inc.","8283","megawatthours"
"2026-10-05T06","SOUT","South","ERCO","Electric Reliability Council of Texas, Inc.","4313","megawatthours"
"2026-10-05T06","WEST","West","ERCO","Electric Reliability Council of Texas, Inc.","2040","megawatthours"
"2026-10-05T06","0001","Zone 1","MISO","Midcontinent Independent System Operator, Inc.","8853","megawatthours"
"2026-10-05T06","0004","Zone 4","MISO","Midcontinent Independent System Operator, Inc.","3958","megawatthours"
"2026-10-05T06","0006","Zone 6","MISO","Midcontinent Independent System Operator, Inc.","8126","megawatthours"
"2026-10-05T06","0027","Zones 2 and 7","MISO","Midcontinent Independent System Operator, Inc.","14888","megawatthours"
"2026-10-05T06","0035","Zones 3 and 5","MISO","Midcontinent Independent System Operator, Inc.","8747","megawatthours"
"2026-10-05T06","8910","Zones 8, 9, and 10","MISO","Midcontinent Independent System Operator, Inc.","18729","megawatthours"
"2026-10-05T06","ZONA","West","NYIS","New York Independent System Operator","1306","megawatthours"
"2026-10-05T06","ZONB","Genesee","NYIS","New York Independent System Operator","832","megawatthours"
"2026-10-05T06","ZONC","Central","NYIS","New York Independent System Operator","1316","megawatthours"
"2026-10-05T06","ZOND","North","NYIS","New York Independent System Operator","525","megawatthours"
"2026-10-05T06","ZONE","Mohawk Valley","NYIS","New York Independent System Operator","639","megawatthours"
"2026-10-05T06","ZONF","Capital","NYIS","New York Independent System Operator","1009","megawatthours"
"2026-10-05T06","ZONG","Hudson Valley","NYIS","New York Independent System Operator","816","megawatthours"
"2026-10-05T06","ZONH","Millwood","NYIS","New York Independent System Operator","180","megawatthours"
"2026-10-05T06","ZONI","Dunwoodie","NYIS","New York Independent System Operator","450","megawatthours"
"2026-10-05T06","ZONJ","New York City","NYIS","New York Independent System Operator","4154","megawatthours"
"2026-10-05T06","ZONK","Long Island","NYIS","New York Independent System Operator","1581","megawatthours"
"2026-10-05T06","AE","Atlantic Electric zone","PJM","PJM Interconnection, LLC","837","megawatthours"
"2026-10-05T06","AEP","American Electric Power zone","PJM","PJM Interconnection, LLC","13465","megawatthours"
"2026-10-05T06","AP","Allegheny Power zone","PJM","PJM Interconnection, LLC","4305","megawatthours"
"2026-10-05T06","ATSI","American Transmission Systems, Inc. zone","PJM","PJM Interconnection, LLC","5910","megawatthours"
"2026-10-05T06","BC","Baltimore Gas & Electric zone","PJM","PJM Interconnection, LLC","2394","megawatthours"
"2026-10-05T06","CE","Commonwealth Edison zone","PJM","PJM Interconnection, LLC","8273","megawatthours"
"2026-10-05T06","DAY","Dayton Power & Light zone","PJM","PJM Interconnection, LLC","1465","megawatthours"
"2026-10-05T06","DEOK","Duke Energy Ohio/Kentucky zone","PJM","PJM Interconnection, LLC","2022","megawatthours"
"2026-10-05T06","DOM","Dominion Virginia Power zone","PJM","PJM Interconnection, LLC","13462","megawatthours"
"2026-10-05T06","DPL","Delmarva Power & Light zone","PJM","PJM Interconnection, LLC","1383","megawatthours"
"2026-10-05T06","DUQ","Duquesne Lighting Company zone","PJM","PJM Interconnection, LLC","1117","megawatthours"
"2026-10-05T06","EKPC","East Kentucky Power Cooperative zone","PJM","PJM Interconnection, LLC","1078","megawatthours"
"2026-10-05T06","JC","Jersey Central Power & Light zone","PJM","PJM Interconnection, LLC","1745","megawatthours"
"2026-10-05T06","ME","Metropolitan Edison zone","PJM","PJM Interconnection, LLC","1235","megawatthours"
"2026-10-05T06","PE","PECO Energy zone","PJM","PJM Interconnection, LLC","3044","megawatthours"
"2026-10-05T06","PEP","Potomac Electric Power zone","PJM","PJM Interconnection, LLC","2271","megawatthours"
"2026-10-05T06","PL","Pennsylvania Power & Light zone","PJM","PJM Interconnection, LLC","3405","megawatthours"
"2026-10-05T06","PN","Pennsylvania Electric zone","PJM","PJM Interconnection, LLC","1388","megawatthours"
"2026-10-05T06","PS","Public Service Electric & Gas zone","PJM","PJM Interconnection, LLC","3565","megawatthours"
"2026-10-05T06","RECO","Rockland Electric (East) zone","PJM","PJM Interconnection, LLC","119","megawatthours"
"2026-10-05T06","ACMA","City of Acoma Pueblo","PNM","Public Service Company of New Mexico","2","megawatthours"
"2026-10-05T06","CYGA","City of Gallup","PNM","Public Service Company of New Mexico","16","megawatthours"
"2026-10-05T06","Frep","Freeport","PNM","Public Service Company of New Mexico","77","megawatthours"
"2026-10-05T06","Jica","Jicarilla Apache Nation","PNM","Public Service Company of New Mexico","2","megawatthours"
"2026-10-05T06","KAFB","Kirtland Air Force Base","PNM","Public Service Company of New Mexico","49","megawatthours"
"2026-10-05T06","KCEC","Kit Carson Electric Cooperative","PNM","Public Service Company of New Mexico","26","megawatthours"
"2026-10-05T06","LAC","Los Alamos County","PNM","Public Service Company of New Mexico","70","megawatthours"
"2026-10-05T06","PNM","PNM System Firm Load","PNM","Public Service Company of New Mexico","1077","megawatthours"
"2026-10-05T06","TSGT","Tri-State Generation and Transmission","PNM","Public Service Company of New Mexico","225","megawatthours"
"2026-10-05T06","CSWS","AEPW American Electric Power West","SWPP","Southwest Power Pool","4342","megawatthours"
"2026-10-05T06","EDE","Empire District Electric Company","SWPP","Southwest Power Pool","479","megawatthours"
"2026-10-05T06","GRDA","Grand River Dam Authority","SWPP","Southwest Power Pool","1150","megawatthours"
"2026-10-05T06","INDN","Independence Power & Light","SWPP","Southwest Power Pool","81","megawatthours"
"2026-10-05T06","KACY","Kansas City Board of Public Utilities","SWPP","Southwest Power Pool","199","megawatthours"
"2026-10-05T06","KCPL","Kansas City Power & Light","SWPP","Southwest Power Pool","1528","megawatthours"
"2026-10-05T06","LES","Lincoln Electric System","SWPP","Southwest Power Pool","401","megawatthours"
"2026-10-05T06","MPS","KCP&L Greater Missouri Operations","SWPP","Southwest Power Pool","763","megawatthours"
"2026-10-05T06","NPPD","Nebraska Public Power District","SWPP","Southwest Power Pool","1577","megawatthours"
"2026-10-05T06","OKGE","Oklahoma Gas and Electric Co.","SWPP","Southwest Power Pool","3679","megawatthours"
"2026-10-05T06","OPPD","Omaha Public Power District","SWPP","Southwest Power Pool","1687","megawatthours"
"2026-10-05T06","SECI","Sunflower Electric","SWPP","Southwest Power Pool","610","megawatthours"
"2026-10-05T06","SPRM","City of Springfield","SWPP","Southwest Power Pool","300","megawatthours"
"2026-10-05T06","SPS","Southwestern Public Service Company","SWPP","Southwest Power Pool","3822","megawatthours"
"2026-10-05T06","WAUE","Western Area Power Upper Great Plains East","SWPP","Southwest Power Pool","3527","megawatthours"
"2026-10-05T06","WFEC","Western Farmers Electric Cooperative","SWPP","Southwest Power Pool","905","megawatthours"
"2026-10-05T06","WR","Westar Energy","SWPP","Southwest Power Pool","2764","megawatthours"
"2026-10-05T06","PRPA","Platte River Power Authority - PRPA","SWPW","Southwest Power Pool West Balancing Authority Area","325","megawatthours"
"2026-10-05T06","WACM","Western Area Power Administration - Colorado Missouri Region - WACM","SWPW","Southwest Power Pool West Balancing Authority Area","2136","megawatthours"
"2026-10-05T06","WAUW","Western Area Power Administration - Upper Great Plains West - WAUW","SWPW","Southwest Power Pool West Balancing Authority Area","49","megawatthours"
"2026-10-05T05","BASI","Basin Electric Power Cooperative","BHBA","Black Hills Energy","220","megawatthours"
"2026-10-05T05","SDE","Black Hills Energy South Dakota Electric","BHBA","Black Hills Energy","237","megawatthours"
"2026-10-05T05","WYE","Black Hills Energy Wyoming Electric","BHBA","Black Hills Energy","363","megawatthours"
"2026-10-05T05","PGAE","Pacific Gas and Electric","CISO","California Independent System Operator","14582","megawatthours"
"2026-10-05T05","SCE","Southern California Edison","CISO","California Independent System Operator","18077","megawatthours"
"2026-10-05T05","SDGE","San Diego Gas and Electric","CISO","California Independent System Operator","4100","megawatthours"
"2026-10-05T05","VEA","Valley Electric Association","CISO","California Independent System Operator","71","megawatthours"
"2026-10-05T05","COAS","Coast","ERCO","Electric Reliability Council of Texas, Inc.","13987","megawatthours"
"2026-10-05T05","EAST","East","ERCO","Electric Reliability Council of Texas, Inc.","1727","megawatthours"
"2026-10-05T05","NCEN","North Central","ERCO","Electric Reliability Council of Texas, Inc.","13823","megawatthours"
"2026-10-05T05","NRTH","North","ERCO","Electric Reliability Council of Texas, Inc.","1672","megawatthours"
"2026-10-05T05","SCEN","South Central","ERCO","Electric Reliability Council of Texas, Inc.","8705","megawatthours"
"2026-10-05T05","SOUT","South","ERCO","Electric Reliability Council of Texas, Inc.","4488","megawatthours"
"2026-10-05T05","WEST","West","ERCO","Electric Reliability Council of Texas, Inc.","1992","megawatthours"
"2026-10-05T05","0001","Zone 1","MISO","Midcontinent Independent System Operator, Inc.","9183","megawatthours"
"2026-10-05T05","0004","Zone 4","MISO","Midcontinent Independent System Operator, Inc.","4111","megawatthours"
"2026-10-05T05","0006","Zone 6","MISO","Midcontinent Independent System Operator, Inc.","8323","megawatthours"
"2026-10-05T05","0027","Zones 2 and 7","MISO","Midcontinent Independent System Operator, Inc.","15629","megawatthours"
"2026-10-05T05","0035","Zones 3 and 5","MISO","Midcontinent Independent System Operator, Inc.","8678","megawatthours"
"2026-10-05T05","8910","Zones 8, 9, and 10","MISO","Midcontinent Independent System Operator, Inc.","19633","megawatthours"
"2026-10-05T05","ZONA","West","NYIS","New York Independent System Operator","1341","megawatthours"
"2026-10-05T05","ZONB","Genesee","NYIS","New York Independent System Operator","858","megawatthours"
"2026-10-05T05","ZONC","Central","NYIS","New York Independent System Operator","1355","megawatthours"
"2026-10-05T05","ZOND","North","NYIS","New York Independent System Operator","537","megawatthours"
"2026-10-05T05","ZONE","Mohawk Valley","NYIS","New York Independent System Operator","653","megawatthours"
"2026-10-05T05","ZONF","Capital","NYIS","New York Independent System Operator","1031","megawatthours"
"2026-10-05T05","ZONG","Hudson Valley","NYIS","New York Independent System Operator","852","megawatthours"
"2026-10-05T05","ZONH","Millwood","NYIS","New York Independent System Operator","190","megawatthours"
"2026-10-05T05","ZONI","Dunwoodie","NYIS","New York Independent System Operator","467","megawatthours"
"2026-10-05T05","ZONJ","New York City","NYIS","New York Independent System Operator","4338","megawatthours"
"2026-10-05T05","ZONK","Long Island","NYIS","New York Independent System Operator","1662","megawatthours"
"2026-10-05T05","AE","Atlantic Electric zone","PJM","PJM Interconnection, LLC","869","megawatthours"
"2026-10-05T05","AEP","American Electric Power zone","PJM","PJM Interconnection, LLC","13634","megawatthours"
"2026-10-05T05","AP","Allegheny Power zone","PJM","PJM Interconnection, LLC","4353","megawatthours"
"2026-10-05T05","ATSI","American Transmission Systems, Inc. zone","PJM","PJM Interconnection, LLC","6066","megawatthours"
"2026-10-05T05","BC","Baltimore Gas & Electric zone","PJM","PJM Interconnection, LLC","2510","megawatthours"
"2026-10-05T05","CE","Commonwealth Edison zone","PJM","PJM Interconnection, LLC","8590","megawatthours"
"2026-10-05T05","DAY","Dayton Power & Light zone","PJM","PJM Interconnection, LLC","1517","megawatthours"
"2026-10-05T05","DEOK","Duke Energy Ohio/Kentucky zone","PJM","PJM Interconnection, LLC","2109","megawatthours"
"2026-10-05T05","DOM","Dominion Virginia Power zone","PJM","PJM Interconnection, LLC","13904","megawatthours"
"2026-10-05T05","DPL","Delmarva Power & Light zone","PJM","PJM Interconnection, LLC","1440","megawatthours"
"2026-10-05T05","DUQ","Duquesne Lighting Company zone","PJM","PJM Interconnection, LLC","1151","megawatthours"
"2026-10-05T05","EKPC","East Kentucky Power Cooperative zone","PJM","PJM Interconnection, LLC","1162","megawatthours"
"2026-10-05T05","JC","Jersey Central Power & Light zone","PJM","PJM Interconnection, LLC","1803","megawatthours"
"2026-10-05T05","ME","Metropolitan Edison zone","PJM","PJM Interconnection, LLC","1278","megawatthours"
"2026-10-05T05","PE","PECO Energy zone","PJM","PJM Interconnection, LLC","3184","megawatthours"
"2026-10-05T05","PEP","Potomac Electric Power zone","PJM","PJM Interconnection, LLC","2397","megawatthours"
"2026-10-05T05","PL","Pennsylvania Power & Light zone","PJM","PJM Interconnection, LLC","3515","megawatthours"
"2026-10-05T05","PN","Pennsylvania Electric zone","PJM","PJM Interconnection, LLC","1419","megawatthours"
"2026-10-05T05","PS","Public Service Electric & Gas zone","PJM","PJM Interconnection, LLC","3705","megawatthours"
"2026-10-05T05","RECO","Rockland Electric (East) zone","PJM","PJM Interconnection, LLC","123","megawatthours"
"2026-10-05T05","ACMA","City of Acoma Pueblo","PNM","Public Service Company of New Mexico","2","megawatthours"
"2026-10-05T05","CYGA","City of Gallup","PNM","Public Service Company of New Mexico","17","megawatthours"
"2026-10-05T05","Frep","Freeport","PNM","Public Service Company of New Mexico","76","megawatthours"
"2026-10-05T05","Jica","Jicarilla Apache Nation","PNM","Public Service Company of New Mexico","2","megawatthours"
"2026-10-05T05","KAFB","Kirtland Air Force Base","PNM","Public Service Company of New Mexico","49","megawatthours"
"2026-10-05T05","KCEC","Kit Carson Electric Cooperative","PNM","Public Service Company of New Mexico","28","megawatthours"
"2026-10-05T05","LAC","Los Alamos County","PNM","Public Service Company of New Mexico","71","megawatthours"
"2026-10-05T05","PNM","PNM System Firm Load","PNM","Public Service Company of New Mexico","1162","megawatthours"
"2026-10-05T05","TSGT","Tri-State Generation and Transmission","PNM","Public Service Company of New Mexico","234","megawatthours"
"2026-10-05T05","CSWS","AEPW American Electric Power West","SWPP","Southwest Power Pool","4631","megawatthours"
"2026-10-05T05","EDE","Empire District Electric Company","SWPP","Southwest Power Pool","511","megawatthours"
"2026-10-05T05","GRDA","Grand River Dam Authority","SWPP","Southwest Power Pool","1165","megawatthours"
"2026-10-05T05","INDN","Independence Power & Light","SWPP","Southwest Power Pool","87","megawatthours"
"2026-10-05T05","KACY","Kansas City Board of Public Utilities","SWPP","Southwest Power Pool","208","megawatthours"
"2026-10-05T05","KCPL","Kansas City Power & Light","SWPP","Southwest Power Pool","1601","megawatthours"
"2026-10-05T05","LES","Lincoln Electric System","SWPP","Southwest Power Pool","422","megawatthours"
"2026-10-05T05","MPS","KCP&L Greater Missouri Operations","SWPP","Southwest Power Pool","805","megawatthours"
"2026-10-05T05","NPPD","Nebraska Public Power District","SWPP","Southwest Power Pool","1631","megawatthours"
"2026-10-05T05","OKGE","Oklahoma Gas and Electric Co.","SWPP","Southwest Power Pool","3876","megawatthours"
"2026-10-05T05","OPPD","Omaha Public Power District","SWPP","Southwest Power Pool","1746","megawatthours"
"2026-10-05T05","SECI","Sunflower Electric","SWPP","Southwest Power Pool","624","megawatthours"
"2026-10-05T05","SPRM","City of Springfield","SWPP","Southwest Power Pool","324","megawatthours"
"2026-10-05T05","SPS","Southwestern Public Service Company","SWPP","Southwest Power Pool","3918","megawatthours"
"2026-10-05T05","WAUE","Western Area Power Upper Great Plains East","SWPP","Southwest Power Pool","3593","megawatthours"
"2026-10-05T05","WFEC","Western Farmers Electric Cooperative","SWPP","Southwest Power Pool","947","megawatthours"
"2026-10-05T05","WR","Westar Energy","SWPP","Southwest Power Pool","2900","megawatthours"
"2026-10-05T05","PRPA","Platte River Power Authority - PRPA","SWPW","Southwest Power Pool West Balancing Authority Area","362","megawatthours"
"2026-10-05T05","WACM","Western Area Power Administration - Colorado Missouri Region - WACM","SWPW","Southwest Power Pool West Balancing Authority Area","2261","megawatthours"
"2026-10-05T05","WAUW","Western Area Power Administration - Upper Great Plains West - WAUW","SWPW","Southwest Power Pool West Balancing Authority Area","51","megawatthours"
"2026-10-05T04","BASI","Basin Electric Power Cooperative","BHBA","Black Hills Energy","220","megawatthours"
"2026-10-05T04","SDE","Black Hills Energy South Dakota Electric","BHBA","Black Hills Energy","256","megawatthours"
"2026-10-05T04","WYE","Black Hills Energy Wyoming Electric","BHBA","Black Hills Energy","368","megawatthours"
"2026-10-05T04","PGAE","Pacific Gas and Electric","CISO","California Independent System Operator","15444","megawatthours"
"2026-10-05T04","SCE","Southern California Edison","CISO","California Independent System Operator","19139","megawatthours"
"2026-10-05T04","SDGE","San Diego Gas and Electric","CISO","California Independent System Operator","4468","megawatthours"
"2026-10-05T04","VEA","Valley Electric Association","CISO","California Independent System Operator","79","megawatthours"
"2026-10-05T04","COAS","Coast","ERCO","Electric Reliability Council of Texas, Inc.","14602","megawatthours"
"2026-10-05T04","EAST","East","ERCO","Electric Reliability Council of Texas, Inc.","1832","megawatthours"
"2026-10-05T04","FWES","Far West","ERCO","Electric Reliability Council of Texas, Inc.","7619","megawatthours"
"2026-10-05T04","NCEN","North Central","ERCO","Electric Reliability Council of Texas, Inc.","14840","megawatthours"
"2026-10-05T04","NRTH","North","ERCO","Electric Reliability Council of Texas, Inc.","1760","megawatthours"
"2026-10-05T04","SCEN","South Central","ERCO","Electric Reliability Council of Texas, Inc.","9224","megawatthours"
"2026-10-05T04","SOUT","South","ERCO","Electric Reliability Council of Texas, Inc.","4706","megawatthours"
"2026-10-05T04","WEST","West","ERCO","Electric Reliability Council of Texas, Inc.","2013","megawatthours"
"2026-10-05T04","0001","Zone 1","MISO","Midcontinent Independent System Operator, Inc.","9651","megawatthours"
"2026-10-05T04","0004","Zone 4","MISO","Midcontinent Independent System Operator, Inc.","4330","megawatthours"
"2026-10-05T04","0006","Zone 6","MISO","Midcontinent Independent System Operator, Inc.","8724","megawatthours"
"2026-10-05T04","0027","Zones 2 and 7","MISO","Midcontinent Independent System Operator, Inc.","15695","megawatthours"
"2026-10-05T04","0035","Zones 3 and 5","MISO","Midcontinent Independent System Operator, Inc.","9061","megawatthours"
"2026-10-05T04","8910","Zones 8, 9, and 10","MISO","Midcontinent Independent System Operator, Inc.","20576","megawatthours"
"2026-10-05T04","ZONA","West","NYIS","New York Independent System Operator","1371","megawatthours"
"2026-10-05T04","ZONB","Genesee","NYIS","New York Independent System Operator","894","megawatthours"
"2026-10-05T04","ZONC","Central","NYIS","New York Independent System Operator","1404","megawatthours"
"2026-10-05T04","ZOND","North","NYIS","New York Independent System Operator","520","megawatthours"
"2026-10-05T04","ZONE","Mohawk Valley","NYIS","New York Independent System Operator","678","megawatthours"
"2026-10-05T04","ZONF","Capital","NYIS","New York Independent System Operator","1064","megawatthours"
"2026-10-05T04","ZONG","Hudson Valley","NYIS","New York Independent System Operator","898","megawatthours"
"2026-10-05T04","ZONH","Millwood","NYIS","New York Independent System Operator","203","megawatthours"
"2026-10-05T04","ZONI","Dunwoodie","NYIS","New York Independent System Operator","482","megawatthours"
"2026-10-05T04","ZONJ","New York City","NYIS","New York Independent System Operator","4537","megawatthours"
"2026-10-05T04","ZONK","Long Island","NYIS","New York Independent System Operator","1770","megawatthours"
"2026-10-05T04","AE","Atlantic Electric zone","PJM","PJM Interconnection, LLC","916","megawatthours"
"2026-10-05T04","AEP","American Electric Power zone","PJM","PJM Interconnection, LLC","14129","megawatthours"
"2026-10-05T04","AP","Allegheny Power zone","PJM","PJM Interconnection, LLC","4491","megawatthours"
"2026-10-05T04","ATSI","American Transmission Systems, Inc. zone","PJM","PJM Interconnection, LLC","6259","megawatthours"
"2026-10-05T04","BC","Baltimore Gas & Electric zone","PJM","PJM Interconnection, LLC","2671","megawatthours"
"2026-10-05T04","CE","Commonwealth Edison zone","PJM","PJM Interconnection, LLC","8987","megawatthours"
"2026-10-05T04","DAY","Dayton Power & Light zone","PJM","PJM Interconnection, LLC","1581","megawatthours"
"2026-10-05T04","DEOK","Duke Energy Ohio/Kentucky zone","PJM","PJM Interconnection, LLC","2235","megawatthours"
"2026-10-05T04","DOM","Dominion Virginia Power zone","PJM","PJM Interconnection, LLC","14329","megawatthours"
"2026-10-05T04","DPL","Delmarva Power & Light zone","PJM","PJM Interconnection, LLC","1524","megawatthours"
"2026-10-05T04","DUQ","Duquesne Lighting Company zone","PJM","PJM Interconnection, LLC","1178","megawatthours"
"2026-10-05T04","EKPC","East Kentucky Power Cooperative zone","PJM","PJM Interconnection, LLC","1208","megawatthours"
"2026-10-05T04","JC","Jersey Central Power & Light zone","PJM","PJM Interconnection, LLC","1917","megawatthours"
"2026-10-05T04","ME","Metropolitan Edison zone","PJM","PJM Interconnection, LLC","1327","megawatthours"
"2026-10-05T04","PE","PECO Energy zone","PJM","PJM Interconnection, LLC","3305","megawatthours"
"2026-10-05T04","PEP","Potomac Electric Power zone","PJM","PJM Interconnection, LLC","2562","megawatthours"
"2026-10-05T04","PL","Pennsylvania Power & Light zone","PJM","PJM Interconnection, LLC","3654","megawatthours"
"2026-10-05T04","PN","Pennsylvania Electric zone","PJM","PJM Interconnection, LLC","1444","megawatthours"
"2026-10-05T04","PS","Public Service Electric & Gas zone","PJM","PJM Interconnection, LLC","3869","megawatthours"
"2026-10-05T04","RECO","Rockland Electric (East) zone","PJM","PJM Interconnection, LLC","127","megawatthours"
"2026-10-05T04","ACMA","City of Acoma Pueblo","PNM","Public Service Company of New Mexico","2","megawatthours"
"2026-10-05T04","CYGA","City of Gallup","PNM","Public Service Company of New Mexico","19","megawatthours"
"2026-10-05T04","Frep","Freeport","PNM","Public Service Company of New Mexico","71","megawatthours"
"2026-10-05T04","Jica","Jicarilla Apache Nation","PNM","Public Service Company of New Mexico","2","megawatthours"
"2026-10-05T04","KAFB","Kirtland Air Force Base","PNM","Public Service Company of New Mexico","50","megawatthours"
"2026-10-05T04","KCEC","Kit Carson Electric Cooperative","PNM","Public Service Company of New Mexico","24","megawatthours"
"2026-10-05T04","LAC","Los Alamos County","PNM","Public Service Company of New Mexico","71","megawatthours"
"2026-10-05T04","PNM","PNM System Firm Load","PNM","Public Service Company of New Mexico","1235","megawatthours"
"2026-10-05T04","TSGT","Tri-State Generation and Transmission","PNM","Public Service Company of New Mexico","249","megawatthours"
"2026-10-05T04","CSWS","AEPW American Electric Power West","SWPP","Southwest Power Pool","4990","megawatthours"
"2026-10-05T04","EDE","Empire District Electric Company","SWPP","Southwest Power Pool","561","megawatthours"
"2026-10-05T04","GRDA","Grand River Dam Authority","SWPP","Southwest Power Pool","1186","megawatthours"
"2026-10-05T04","INDN","Independence Power & Light","SWPP","Southwest Power Pool","96","megawatthours"
"2026-10-05T04","KACY","Kansas City Board of Public Utilities","SWPP","Southwest Power Pool","215","megawatthours"
"2026-10-05T04","KCPL","Kansas City Power & Light","SWPP","Southwest Power Pool","1725","megawatthours"
"2026-10-05T04","LES","Lincoln Electric System","SWPP","Southwest Power Pool","449","megawatthours"
"2026-10-05T04","MPS","KCP&L Greater Missouri Operations","SWPP","Southwest Power Pool","882","megawatthours"
"2026-10-05T04","NPPD","Nebraska Public Power District","SWPP","Southwest Power Pool","1726","megawatthours"
"2026-10-05T04","OKGE","Oklahoma Gas and Electric Co.","SWPP","Southwest Power Pool","4147","megawatthours"
"2026-10-05T04","OPPD","Omaha Public Power District","SWPP","Southwest Power Pool","1831","megawatthours"
"2026-10-05T04","SECI","Sunflower Electric","SWPP","Southwest Power Pool","646","megawatthours"
"2026-10-05T04","SPRM","City of Springfield","SWPP","Southwest Power Pool","351","megawatthours"
"2026-10-05T04","SPS","Southwestern Public Service Company","SWPP","Southwest Power Pool","4049","megawatthours"
"2026-10-05T04","WAUE","Western Area Power Upper Great Plains East","SWPP","Southwest Power Pool","3694","megawatthours"
"2026-10-05T04","WFEC","Western Farmers Electric Cooperative","SWPP","Southwest Power Pool","1006","megawatthours"
"2026-10-05T04","WR","Westar Energy","SWPP","Southwest Power Pool","3102","megawatthours"
"2026-10-05T04","PRPA","Platte River Power Authority - PRPA","SWPW","Southwest Power Pool West Balancing Authority Area","396","megawatthours"
"2026-10-05T04","WACM","Western Area Power Administration - Colorado Missouri Region - WACM","SWPW","Southwest Power Pool West Balancing Authority Area","2397","megawatthours"
"2026-10-05T04","WAUW","Western Area Power Administration - Upper Great Plains West - WAUW","SWPW","Southwest Power Pool West Balancing Authority Area","53","megawatthours"
"2026-10-05T03","BASI","Basin Electric Power Cooperative","BHBA","Black Hills Energy","221","megawatthours"
"2026-10-05T03","SDE","Black Hills Energy South Dakota Electric","BHBA","Black Hills Energy","274","megawatthours"
"2026-10-05T03","WYE","Black Hills Energy Wyoming Electric","BHBA","Black Hills Energy","375","megawatthours"
"2026-10-05T03","PGAE","Pacific Gas and Electric","CISO","California Independent System Operator","16266","megawatthours"
"2026-10-05T03","SCE","Southern California Edison","CISO","California Independent System Operator","20052","megawatthours"
"2026-10-05T03","SDGE","San Diego Gas and Electric","CISO","California Independent System Operator","4944","megawatthours"
"2026-10-05T03","VEA","Valley Electric Association","CISO","California Independent System Operator","88","megawatthours"
"2026-10-05T03","COAS","Coast","ERCO","Electric Reliability Council of Texas, Inc.","15124","megawatthours"
"2026-10-05T03","EAST","East","ERCO","Electric Reliability Council of Texas, Inc.","1937","megawatthours"
"2026-10-05T03","FWES","Far West","ERCO","Electric Reliability Council of Texas, Inc.","7679","megawatthours"
"2026-10-05T03","NCEN","North Central","ERCO","Electric Reliability Council of Texas, Inc.","15695","megawatthours"
"2026-10-05T03","NRTH","North","ERCO","Electric Reliability Council of Texas, Inc.","1836","megawatthours"
"2026-10-05T03","SCEN","South Central","ERCO","Electric Reliability Council of Texas, Inc.","9715","megawatthours"
"2026-10-05T03","SOUT","South","ERCO","Electric Reliability Council of Texas, Inc.","4878","megawatthours"
"2026-10-05T03","WEST","West","ERCO","Electric Reliability Council of Texas, Inc.","2069","megawatthours"
"2026-10-05T03","0001","Zone 1","MISO","Midcontinent Independent System Operator, Inc.","10213","megawatthours"
"2026-10-05T03","0004","Zone 4","MISO","Midcontinent Independent System Operator, Inc.","4597","megawatthours"
"2026-10-05T03","0006","Zone 6","MISO","Midcontinent Independent System Operator, Inc.","9189","megawatthours"
"2026-10-05T03","0027","Zones 2 and 7","MISO","Midcontinent Independent System Operator, Inc.","15903","megawatthours"
"2026-10-05T03","0035","Zones 3 and 5","MISO","Midcontinent Independent System Operator, Inc.","9612","megawatthours"
"2026-10-05T03","8910","Zones 8, 9, and 10","MISO","Midcontinent Independent System Operator, Inc.","21536","megawatthours"
"2026-10-05T03","ZONA","West","NYIS","New York Independent System Operator","1426","megawatthours"
"2026-10-05T03","ZONB","Genesee","NYIS","New York Independent System Operator","960","megawatthours"
"2026-10-05T03","ZONC","Central","NYIS","New York Independent System Operator","1483","megawatthours"
"2026-10-05T03","ZOND","North","NYIS","New York Independent System Operator","538","megawatthours"
"2026-10-05T03","ZONE","Mohawk Valley","NYIS","New York Independent System Operator","720","megawatthours"
"2026-10-05T03","ZONF","Capital","NYIS","New York Independent System Operator","1130","megawatthours"
"2026-10-05T03","ZONG","Hudson Valley","NYIS","New York Independent System Operator","965","megawatthours"
"2026-10-05T03","ZONH","Millwood","NYIS","New York Independent System Operator","219","megawatthours"
"2026-10-05T03","ZONI","Dunwoodie","NYIS","New York Independent System Operator","517","megawatthours"
"2026-10-05T03","ZONJ","New York City","NYIS","New York Independent System Operator","4792","megawatthours"
"2026-10-05T03","ZONK","Long Island","NYIS","New York Independent System Operator","1914","megawatthours"
"2026-10-05T03","AE","Atlantic Electric zone","PJM","PJM Interconnection, LLC","978","megawatthours"
"2026-10-05T03","AEP","American Electric Power zone","PJM","PJM Interconnection, LLC","14684","megawatthours"
"2026-10-05T03","AP","Allegheny Power zone","PJM","PJM Interconnection, LLC","4727","megawatthours"
"2026-10-05T03","ATSI","American Transmission Systems, Inc. zone","PJM","PJM Interconnection, LLC","6601","megawatthours"
"2026-10-05T03","BC","Baltimore Gas & Electric zone","PJM","PJM Interconnection, LLC","2870","megawatthours"
"2026-10-05T03","CE","Commonwealth Edison zone","PJM","PJM Interconnection, LLC","9396","megawatthours"
"2026-10-05T03","DAY","Dayton Power & Light zone","PJM","PJM Interconnection, LLC","1654","megawatthours"
"2026-10-05T03","DEOK","Duke Energy Ohio/Kentucky zone","PJM","PJM Interconnection, LLC","2394","megawatthours"
"2026-10-05T03","DOM","Dominion Virginia Power zone","PJM","PJM Interconnection, LLC","14966","megawatthours"
"2026-10-05T03","DPL","Delmarva Power & Light zone","PJM","PJM Interconnection, LLC","1642","megawatthours"
"2026-10-05T03","DUQ","Duquesne Lighting Company zone","PJM","PJM Interconnection, LLC","1256","megawatthours"
"2026-10-05T03","EKPC","East Kentucky Power Cooperative zone","PJM","PJM Interconnection, LLC","1308","megawatthours"
"2026-10-05T03","JC","Jersey Central Power & Light zone","PJM","PJM Interconnection, LLC","2068","megawatthours"
"2026-10-05T03","ME","Metropolitan Edison zone","PJM","PJM Interconnection, LLC","1398","megawatthours"
"2026-10-05T03","PE","PECO Energy zone","PJM","PJM Interconnection, LLC","3550","megawatthours"
"2026-10-05T03","PEP","Potomac Electric Power zone","PJM","PJM Interconnection, LLC","2743","megawatthours"
"2026-10-05T03","PL","Pennsylvania Power & Light zone","PJM","PJM Interconnection, LLC","3859","megawatthours"
"2026-10-05T03","PN","Pennsylvania Electric zone","PJM","PJM Interconnection, LLC","1532","megawatthours"
"2026-10-05T03","PS","Public Service Electric & Gas zone","PJM","PJM Interconnection, LLC","4090","megawatthours"
"2026-10-05T03","RECO","Rockland Electric (East) zone","PJM","PJM Interconnection, LLC","135","megawatthours"
"2026-10-05T03","ACMA","City of Acoma Pueblo","PNM","Public Service Company of New Mexico","3","megawatthours"
"2026-10-05T03","CYGA","City of Gallup","PNM","Public Service Company of New Mexico","19","megawatthours"
"2026-10-05T03","Frep","Freeport","PNM","Public Service Company of New Mexico","73","megawatthours"
"2026-10-05T03","Jica","Jicarilla Apache Nation","PNM","Public Service Company of New Mexico","2","megawatthours"
"2026-10-05T03","KAFB","Kirtland Air Force Base","PNM","Public Service Company of New Mexico","50","megawatthours"
"2026-10-05T03","KCEC","Kit Carson Electric Cooperative","PNM","Public Service Company of New Mexico","25","megawatthours"
"2026-10-05T03","LAC","Los Alamos County","PNM","Public Service Company of New Mexico","73","megawatthours"
"2026-10-05T03","PNM","PNM System Firm Load","PNM","Public Service Company of New Mexico","1304","megawatthours"
"2026-10-05T03","TSGT","Tri-State Generation and Transmission","PNM","Public Service Company of New Mexico","260","megawatthours"
"2026-10-05T03","CSWS","AEPW American Electric Power West","SWPP","Southwest Power Pool","5349","megawatthours"
"2026-10-05T03","EDE","Empire District Electric Company","SWPP","Southwest Power Pool","615","megawatthours"
"2026-10-05T03","GRDA","Grand River Dam Authority","SWPP","Southwest Power Pool","1214","megawatthours"
"2026-10-05T03","INDN","Independence Power & Light","SWPP","Southwest Power Pool","106","megawatthours"
"2026-10-05T03","KACY","Kansas City Board of Public Utilities","SWPP","Southwest Power Pool","231","megawatthours"
"2026-10-05T03","KCPL","Kansas City Power & Light","SWPP","Southwest Power Pool","1852","megawatthours"
"2026-10-05T03","LES","Lincoln Electric System","SWPP","Southwest Power Pool","482","megawatthours"
"2026-10-05T03","MPS","KCP&L Greater Missouri Operations","SWPP","Southwest Power Pool","958","megawatthours"
"2026-10-05T03","NPPD","Nebraska Public Power District","SWPP","Southwest Power Pool","1796","megawatthours"
"2026-10-05T03","OKGE","Oklahoma Gas and Electric Co.","SWPP","Southwest Power Pool","4406","megawatthours"
"2026-10-05T03","OPPD","Omaha Public Power District","SWPP","Southwest Power Pool","1926","megawatthours"
"2026-10-05T03","SECI","Sunflower Electric","SWPP","Southwest Power Pool","667","megawatthours"
"2026-10-05T03","SPRM","City of Springfield","SWPP","Southwest Power Pool","382","megawatthours"
"2026-10-05T03","SPS","Southwestern Public Service Company","SWPP","Southwest Power Pool","4147","megawatthours"
"2026-10-05T03","WAUE","Western Area Power Upper Great Plains East","SWPP","Southwest Power Pool","3762","megawatthours"
"2026-10-05T03","WFEC","Western Farmers Electric Cooperative","SWPP","Southwest Power Pool","1076","megawatthours"
"2026-10-05T03","WR","Westar Energy","SWPP","Southwest Power Pool","3334","megawatthours"
"2026-10-05T03","PRPA","Platte River Power Authority - PRPA","SWPW","Southwest Power Pool West Balancing Authority Area","422","megawatthours"
"2026-10-05T03","WACM","Western Area Power Administration - Colorado Missouri Region - WACM","SWPW","Southwest Power Pool West Balancing Authority Area","2505","megawatthours"
"2026-10-05T03","WAUW","Western Area Power Administration - Upper Great Plains West - WAUW","SWPW","Southwest Power Pool West Balancing Authority Area","58","megawatthours"
"2026-10-05T02","BASI","Basin Electric Power Cooperative","BHBA","Black Hills Energy","216","megawatthours"
"2026-10-05T02","SDE","Black Hills Energy South Dakota Electric","BHBA","Black Hills Energy","289","megawatthours"
"2026-10-05T02","WYE","Black Hills Energy Wyoming Electric","BHBA","Black Hills Energy","371","megawatthours"
"2026-10-05T02","PGAE","Pacific Gas and Electric","CISO","California Independent System Operator","16574","megawatthours"
"2026-10-05T02","SCE","Southern California Edison","CISO","California Independent System Operator","20793","megawatthours"
"2026-10-05T02","SDGE","San Diego Gas and Electric","CISO","California Independent System Operator","4965","megawatthours"
"2026-10-05T02","VEA","Valley Electric Association","CISO","California Independent System Operator","96","megawatthours"
"2026-10-05T02","COAS","Coast","ERCO","Electric Reliability Council of Texas, Inc.","15379","megawatthours"
"2026-10-05T02","EAST","East","ERCO","Electric Reliability Council of Texas, Inc.","1980","megawatthours"
"2026-10-05T02","FWES","Far West","ERCO","Electric Reliability Council of Texas, Inc.","7755","megawatthours"
"2026-10-05T02","NCEN","North Central","ERCO","Electric Reliability Council of Texas, Inc.","16184","megawatthours"
"2026-10-05T02","NRTH","North","ERCO","Electric Reliability Council of Texas, Inc.","1893","megawatthours"
"2026-10-05T02","SCEN","South Central","ERCO","Electric Reliability Council of Texas, Inc.","9959","megawatthours"
"2026-10-05T02","SOUT","South","ERCO","Electric Reliability Council of Texas, Inc.","4901","megawatthours"
"2026-10-05T02","WEST","West","ERCO","Electric Reliability Council of Texas, Inc.","2134","megawatthours"
"2026-10-05T02","0001","Zone 1","MISO","Midcontinent Independent System Operator, Inc.","10591","megawatthours"
"2026-10-05T02","0004","Zone 4","MISO","Midcontinent Independent System Operator, Inc.","4816","megawatthours"
"2026-10-05T02","0006","Zone 6","MISO","Midcontinent Independent System Operator, Inc.","9582","megawatthours"
"2026-10-05T02","0027","Zones 2 and 7","MISO","Midcontinent Independent System Operator, Inc.","16468","megawatthours"
"2026-10-05T02","0035","Zones 3 and 5","MISO","Midcontinent Independent System Operator, Inc.","10025","megawatthours"
"2026-10-05T02","8910","Zones 8, 9, and 10","MISO","Midcontinent Independent System Operator, Inc.","22149","megawatthours"
"2026-10-05T02","ZONA","West","NYIS","New York Independent System Operator","1506","megawatthours"
"2026-10-05T02","ZONB","Genesee","NYIS","New York Independent System Operator","1039","megawatthours"
"2026-10-05T02","ZONC","Central","NYIS","New York Independent System Operator","1583","megawatthours"
"2026-10-05T02","ZOND","North","NYIS","New York Independent System Operator","536","megawatthours"
"2026-10-05T02","ZONE","Mohawk Valley","NYIS","New York Independent System Operator","779","megawatthours"
"2026-10-05T02","ZONF","Capital","NYIS","New York Independent System Operator","1213","megawatthours"
"2026-10-05T02","ZONG","Hudson Valley","NYIS","New York Independent System Operator","1037","megawatthours"
"2026-10-05T02","ZONH","Millwood","NYIS","New York Independent System Operator","235","megawatthours"
"2026-10-05T02","ZONI","Dunwoodie","NYIS","New York Independent System Operator","556","megawatthours"
"2026-10-05T02","ZONJ","New York City","NYIS","New York Independent System Operator","5009","megawatthours"
"2026-10-05T02","ZONK","Long Island","NYIS","New York Independent System Operator","2034","megawatthours"
"2026-10-05T02","AE","Atlantic Electric zone","PJM","PJM Interconnection, LLC","1040","megawatthours"
"2026-10-05T02","AEP","American Electric Power zone","PJM","PJM Interconnection, LLC","15373","megawatthours"
"2026-10-05T02","AP","Allegheny Power zone","PJM","PJM Interconnection, LLC","4975","megawatthours"
"2026-10-05T02","ATSI","American Transmission Systems, Inc. zone","PJM","PJM Interconnection, LLC","6958","megawatthours"
"2026-10-05T02","BC","Baltimore Gas & Electric zone","PJM","PJM Interconnection, LLC","3062","megawatthours"
"2026-10-05T02","CE","Commonwealth Edison zone","PJM","PJM Interconnection, LLC","9726","megawatthours"
"2026-10-05T02","DAY","Dayton Power & Light zone","PJM","PJM Interconnection, LLC","1748","megawatthours"
"2026-10-05T02","DEOK","Duke Energy Ohio/Kentucky zone","PJM","PJM Interconnection, LLC","2569","megawatthours"
"2026-10-05T02","DOM","Dominion Virginia Power zone","PJM","PJM Interconnection, LLC","15585","megawatthours"
"2026-10-05T02","DPL","Delmarva Power & Light zone","PJM","PJM Interconnection, LLC","1764","megawatthours"
"2026-10-05T02","DUQ","Duquesne Lighting Company zone","PJM","PJM Interconnection, LLC","1315","megawatthours"
"2026-10-05T02","EKPC","East Kentucky Power Cooperative zone","PJM","PJM Interconnection, LLC","1401","megawatthours"
"2026-10-05T02","JC","Jersey Central Power & Light zone","PJM","PJM Interconnection, LLC","2207","megawatthours"
"2026-10-05T02","ME","Metropolitan Edison zone","PJM","PJM Interconnection, LLC","1482","megawatthours"
"2026-10-05T02","PE","PECO Energy zone","PJM","PJM Interconnection, LLC","3727","megawatthours"
"2026-10-05T02","PEP","Potomac Electric Power zone","PJM","PJM Interconnection, LLC","2902","megawatthours"
"2026-10-05T02","PL","Pennsylvania Power & Light zone","PJM","PJM Interconnection, LLC","4102","megawatthours"
"2026-10-05T02","PN","Pennsylvania Electric zone","PJM","PJM Interconnection, LLC","1571","megawatthours"
"2026-10-05T02","PS","Public Service Electric & Gas zone","PJM","PJM Interconnection, LLC","4287","megawatthours"
"2026-10-05T02","RECO","Rockland Electric (East) zone","PJM","PJM Interconnection, LLC","142","megawatthours"
"2026-10-05T02","ACMA","City of Acoma Pueblo","PNM","Public Service Company of New Mexico","2","megawatthours"
"2026-10-05T02","CYGA","City of Gallup","PNM","Public Service Company of New Mexico","21","megawatthours"
"2026-10-05T02","Frep","Freeport","PNM","Public Service Company of New Mexico","71","megawatthours"
"2026-10-05T02","Jica","Jicarilla Apache Nation","PNM","Public Service Company of New Mexico","2","megawatthours"
"2026-10-05T02","KAFB","Kirtland Air Force Base","PNM","Public Service Company of New Mexico","50","megawatthours"
"2026-10-05T02","KCEC","Kit Carson Electric Cooperative","PNM","Public Service Company of New Mexico","26","megawatthours"
"2026-10-05T02","LAC","Los Alamos County","PNM","Public Service Company of New Mexico","72","megawatthours"
"2026-10-05T02","PNM","PNM System Firm Load","PNM","Public Service Company of New Mexico","1339","megawatthours"
"2026-10-05T02","TSGT","Tri-State Generation and Transmission","PNM","Public Service Company of New Mexico","269","megawatthours"
"2026-10-05T02","CSWS","AEPW American Electric Power West","SWPP","Southwest Power Pool","5666","megawatthours"
"2026-10-05T02","EDE","Empire District Electric Company","SWPP","Southwest Power Pool","659","megawatthours"
"2026-10-05T02","GRDA","Grand River Dam Authority","SWPP","Southwest Power Pool","1241","megawatthours"
"2026-10-05T02","INDN","Independence Power & Light","SWPP","Southwest Power Pool","115","megawatthours"
"2026-10-05T02","KACY","Kansas City Board of Public Utilities","SWPP","Southwest Power Pool","242","megawatthours"
"2026-10-05T02","KCPL","Kansas City Power & Light","SWPP","Southwest Power Pool","1968","megawatthours"
"2026-10-05T02","LES","Lincoln Electric System","SWPP","Southwest Power Pool","511","megawatthours"
"2026-10-05T02","MPS","KCP&L Greater Missouri Operations","SWPP","Southwest Power Pool","1027","megawatthours"
"2026-10-05T02","NPPD","Nebraska Public Power District","SWPP","Southwest Power Pool","1875","megawatthours"
"2026-10-05T02","OKGE","Oklahoma Gas and Electric Co.","SWPP","Southwest Power Pool","4614","megawatthours"
"2026-10-05T02","OPPD","Omaha Public Power District","SWPP","Southwest Power Pool","2015","megawatthours"
"2026-10-05T02","SECI","Sunflower Electric","SWPP","Southwest Power Pool","695","megawatthours"
"2026-10-05T02","SPRM","City of Springfield","SWPP","Southwest Power Pool","404","megawatthours"
"2026-10-05T02","SPS","Southwestern Public Service Company","SWPP","Southwest Power Pool","4221","megawatthours"
"2026-10-05T02","WAUE","Western Area Power Upper Great Plains East","SWPP","Southwest Power Pool","3835","megawatthours"
"2026-10-05T02","WFEC","Western Farmers Electric Cooperative","SWPP","Southwest Power Pool","1131","megawatthours"
"2026-10-05T02","WR","Westar Energy","SWPP","Southwest Power Pool","3564","megawatthours"
"2026-10-05T02","PRPA","Platte River Power Authority - PRPA","SWPW","Southwest Power Pool West Balancing Authority Area","447","megawatthours"
"2026-10-05T02","WACM","Western Area Power Administration - Colorado Missouri Region - WACM","SWPW","Southwest Power Pool West Balancing Authority Area","2586","megawatthours"
"2026-10-05T02","WAUW","Western Area Power Administration - Upper Great Plains West - WAUW","SWPW","Southwest Power Pool West Balancing Authority Area","61","megawatthours"
"2026-10-05T01","BASI","Basin Electric Power Cooperative","BHBA","Black Hills Energy","218","megawatthours"
"2026-10-05T01","SDE","Black Hills Energy South Dakota Electric","BHBA","Black Hills Energy","296","megawatthours"
"2026-10-05T01","WYE","Black Hills Energy Wyoming Electric","BHBA","Black Hills Energy","372","megawatthours"
"2026-10-05T01","PGAE","Pacific Gas and Electric","CISO","California Independent System Operator","16118","megawatthours"
"2026-10-05T01","SCE","Southern California Edison","CISO","California Independent System Operator","21499","megawatthours"
"2026-10-05T01","SDGE","San Diego Gas and Electric","CISO","California Independent System Operator","4882","megawatthours"
"2026-10-05T01","VEA","Valley Electric Association","CISO","California Independent System Operator","102","megawatthours"
"2026-10-05T01","COAS","Coast","ERCO","Electric Reliability Council of Texas, Inc.","15406","megawatthours"
"2026-10-05T01","EAST","East","ERCO","Electric Reliability Council of Texas, Inc.","1977","megawatthours"
"2026-10-05T01","FWES","Far West","ERCO","Electric Reliability Council of Texas, Inc.","7774","megawatthours"
"2026-10-05T01","NCEN","North Central","ERCO","Electric Reliability Council of Texas, Inc.","16285","megawatthours"
"2026-10-05T01","NRTH","North","ERCO","Electric Reliability Council of Texas, Inc.","1911","megawatthours"
"2026-10-05T01","SCEN","South Central","ERCO","Electric Reliability Council of Texas, Inc.","9981","megawatthours"
"2026-10-05T01","SOUT","South","ERCO","Electric Reliability Council of Texas, Inc.","4782","megawatthours"
"2026-10-05T01","WEST","West","ERCO","Electric Reliability Council of Texas, Inc.","2148","megawatthours"
"2026-10-05T01","0001","Zone 1","MISO","Midcontinent Independent System Operator, Inc.","10685","megawatthours"
"2026-10-05T01","0004","Zone 4","MISO","Midcontinent Independent System Operator, Inc.","4988","megawatthours"
"2026-10-05T01","0006","Zone 6","MISO","Midcontinent Independent System Operator, Inc.","10058","megawatthours"
"2026-10-05T01","0027","Zones 2 and 7","MISO","Midcontinent Independent System Operator, Inc.","17120","megawatthours"
"2026-10-05T01","0035","Zones 3 and 5","MISO","Midcontinent Independent System Operator, Inc.","10395","megawatthours"
"2026-10-05T01","8910","Zones 8, 9, and 10","MISO","Midcontinent Independent System Operator, Inc.","22490","megawatthours"
"2026-10-05T01","ZONA","West","NYIS","New York Independent System Operator","1549","megawatthours"
"2026-10-05T01","ZONB","Genesee","NYIS","New York Independent System Operator","1088","megawatthours"
"2026-10-05T01","ZONC","Central","NYIS","New York Independent System Operator","1643","megawatthours"
"2026-10-05T01","ZOND","North","NYIS","New York Independent System Operator","542","megawatthours"
"2026-10-05T01","ZONE","Mohawk Valley","NYIS","New York Independent System Operator","829","megawatthours"
"2026-10-05T01","ZONF","Capital","NYIS","New York Independent System Operator","1291","megawatthours"
"2026-10-05T01","ZONG","Hudson Valley","NYIS","New York Independent System Operator","1082","megawatthours"
"2026-10-05T01","ZONH","Millwood","NYIS","New York Independent System Operator","250","megawatthours"
"2026-10-05T01","ZONI","Dunwoodie","NYIS","New York Independent System Operator","583","megawatthours"
"2026-10-05T01","ZONJ","New York City","NYIS","New York Independent System Operator","5154","megawatthours"
"2026-10-05T01","ZONK","Long Island","NYIS","New York Independent System Operator","2133","megawatthours"
"2026-10-05T01","AE","Atlantic Electric zone","PJM","PJM Interconnection, LLC","1090","megawatthours"
"2026-10-05T01","AEP","American Electric Power zone","PJM","PJM Interconnection, LLC","15886","megawatthours"
"2026-10-05T01","AP","Allegheny Power zone","PJM","PJM Interconnection, LLC","5212","megawatthours"
"2026-10-05T01","ATSI","American Transmission Systems, Inc. zone","PJM","PJM Interconnection, LLC","7161","megawatthours"
"2026-10-05T01","BC","Baltimore Gas & Electric zone","PJM","PJM Interconnection, LLC","3213","megawatthours"
"2026-10-05T01","CE","Commonwealth Edison zone","PJM","PJM Interconnection, LLC","9949","megawatthours"
"2026-10-05T01","DAY","Dayton Power & Light zone","PJM","PJM Interconnection, LLC","1842","megawatthours"
"2026-10-05T01","DEOK","Duke Energy Ohio/Kentucky zone","PJM","PJM Interconnection, LLC","2747","megawatthours"
"2026-10-05T01","DOM","Dominion Virginia Power zone","PJM","PJM Interconnection, LLC","16069","megawatthours"
"2026-10-05T01","DPL","Delmarva Power & Light zone","PJM","PJM Interconnection, LLC","1867","megawatthours"
"2026-10-05T01","DUQ","Duquesne Lighting Company zone","PJM","PJM Interconnection, LLC","1355","megawatthours"
"2026-10-05T01","EKPC","East Kentucky Power Cooperative zone","PJM","PJM Interconnection, LLC","1521","megawatthours"
"2026-10-05T01","JC","Jersey Central Power & Light zone","PJM","PJM Interconnection, LLC","2316","megawatthours"
"2026-10-05T01","ME","Metropolitan Edison zone","PJM","PJM Interconnection, LLC","1547","megawatthours"
"2026-10-05T01","PE","PECO Energy zone","PJM","PJM Interconnection, LLC","3866","megawatthours"
"2026-10-05T01","PEP","Potomac Electric Power zone","PJM","PJM Interconnection, LLC","3017","megawatthours"
"2026-10-05T01","PL","Pennsylvania Power & Light zone","PJM","PJM Interconnection, LLC","4292","megawatthours"
"2026-10-05T01","PN","Pennsylvania Electric zone","PJM","PJM Interconnection, LLC","1656","megawatthours"
"2026-10-05T01","PS","Public Service Electric & Gas zone","PJM","PJM Interconnection, LLC","4421","megawatthours"
"2026-10-05T01","RECO","Rockland Electric (East) zone","PJM","PJM Interconnection, LLC","148","megawatthours"
"2026-10-05T01","ACMA","City of Acoma Pueblo","PNM","Public Service Company of New Mexico","2","megawatthours"
"2026-10-05T01","CYGA","City of Gallup","PNM","Public Service Company of New Mexico","20","megawatthours"
"2026-10-05T01","Frep","Freeport","PNM","Public Service Company of New Mexico","71","megawatthours"
"2026-10-05T01","Jica","Jicarilla Apache Nation","PNM","Public Service Company of New Mexico","2","megawatthours"
"2026-10-05T01","KAFB","Kirtland Air Force Base","PNM","Public Service Company of New Mexico","50","megawatthours"
"2026-10-05T01","KCEC","Kit Carson Electric Cooperative","PNM","Public Service Company of New Mexico","30","megawatthours"
"2026-10-05T01","LAC","Los Alamos County","PNM","Public Service Company of New Mexico","73","megawatthours"
"2026-10-05T01","PNM","PNM System Firm Load","PNM","Public Service Company of New Mexico","1353","megawatthours"
"2026-10-05T01","TSGT","Tri-State Generation and Transmission","PNM","Public Service Company of New Mexico","264","megawatthours"
"2026-10-05T01","CSWS","AEPW American Electric Power West","SWPP","Southwest Power Pool","5890","megawatthours"
"2026-10-05T01","EDE","Empire District Electric Company","SWPP","Southwest Power Pool","691","megawatthours"
"2026-10-05T01","GRDA","Grand River Dam Authority","SWPP","Southwest Power Pool","1261","megawatthours"
"2026-10-05T01","INDN","Independence Power & Light","SWPP","Southwest Power Pool","123","megawatthours"
"2026-10-05T01","KACY","Kansas City Board of Public Utilities","SWPP","Southwest Power Pool","252","megawatthours"
"2026-10-05T01","KCPL","Kansas City Power & Light","SWPP","Southwest Power Pool","2045","megawatthours"
"2026-10-05T01","LES","Lincoln Electric System","SWPP","Southwest Power Pool","525","megawatthours"
"2026-10-05T01","MPS","KCP&L Greater Missouri Operations","SWPP","Southwest Power Pool","1093","megawatthours"
"2026-10-05T01","NPPD","Nebraska Public Power District","SWPP","Southwest Power Pool","1909","megawatthours"
"2026-10-05T01","OKGE","Oklahoma Gas and Electric Co.","SWPP","Southwest Power Pool","4825","megawatthours"
"2026-10-05T01","OPPD","Omaha Public Power District","SWPP","Southwest Power Pool","2071","megawatthours"
"2026-10-05T01","SECI","Sunflower Electric","SWPP","Southwest Power Pool","706","megawatthours"
"2026-10-05T01","SPRM","City of Springfield","SWPP","Southwest Power Pool","423","megawatthours"
"2026-10-05T01","SPS","Southwestern Public Service Company","SWPP","Southwest Power Pool","4247","megawatthours"
"2026-10-05T01","WAUE","Western Area Power Upper Great Plains East","SWPP","Southwest Power Pool","3879","megawatthours"
"2026-10-05T01","WFEC","Western Farmers Electric Cooperative","SWPP","Southwest Power Pool","1169","megawatthours"
"2026-10-05T01","WR","Westar Energy","SWPP","Southwest Power Pool","3730","megawatthours"
"2026-10-05T01","PRPA","Platte River Power Authority - PRPA","SWPW","Southwest Power Pool West Balancing Authority Area","465","megawatthours"
"2026-10-05T01","WACM","Western Area Power Administration - Colorado Missouri Region - WACM","SWPW","Southwest Power Pool West Balancing Authority Area","2603","megawatthours"
"2026-10-05T01","WAUW","Western Area Power Administration - Upper Great Plains West - WAUW","SWPW","Southwest Power Pool West Balancing Authority Area","65","megawatthours"
"2026-10-05T00","BASI","Basin Electric Power Cooperative","BHBA","Black Hills Energy","240","megawatthours"
"2026-10-05T00","SDE","Black Hills Energy South Dakota Electric","BHBA","Black Hills Energy","301","megawatthours"
"2026-10-05T00","WYE","Black Hills Energy Wyoming Electric","BHBA","Black Hills Energy","385","megawatthours"
"2026-10-05T00","PGAE","Pacific Gas and Electric","CISO","California Independent System Operator","15127","megawatthours"
"2026-10-05T00","SCE","Southern California Edison","CISO","California Independent System Operator","21671","megawatthours"
"2026-10-05T00","SDGE","San Diego Gas and Electric","CISO","California Independent System Operator","4962","megawatthours"
"2026-10-05T00","VEA","Valley Electric Association","CISO","California Independent System Operator","102","megawatthours"
"2026-10-05T00","COAS","Coast","ERCO","Electric Reliability Council of Texas, Inc.","15222","megawatthours"
"2026-10-05T00","EAST","East","ERCO","Electric Reliability Council of Texas, Inc.","1958","megawatthours"
"2026-10-05T00","FWES","Far West","ERCO","Electric Reliability Council of Texas, Inc.","7719","megawatthours"
"2026-10-05T00","NCEN","North Central","ERCO","Electric Reliability Council of Texas, Inc.","16014","megawatthours"
"2026-10-05T00","NRTH","North","ERCO","Electric Reliability Council of Texas, Inc.","1889","megawatthours"
"2026-10-05T00","SCEN","South Central","ERCO","Electric Reliability Council of Texas, Inc.","9846","megawatthours"
"2026-10-05T00","SOUT","South","ERCO","Electric Reliability Council of Texas, Inc.","4752","megawatthours"
"2026-10-05T00","WEST","West","ERCO","Electric Reliability Council of Texas, Inc.","2072","megawatthours"
"2026-10-05T00","0001","Zone 1","MISO","Midcontinent Independent System Operator, Inc.","10519","megawatthours"
"2026-10-05T00","0004","Zone 4","MISO","Midcontinent Independent System Operator, Inc.","4979","megawatthours"
"2026-10-05T00","0006","Zone 6","MISO","Midcontinent Independent System Operator, Inc.","10107","megawatthours"
"2026-10-05T00","0027","Zones 2 and 7","MISO","Midcontinent Independent System Operator, Inc.","17007","megawatthours"
"2026-10-05T00","0035","Zones 3 and 5","MISO","Midcontinent Independent System Operator, Inc.","10421","megawatthours"
"2026-10-05T00","8910","Zones 8, 9, and 10","MISO","Midcontinent Independent System Operator, Inc.","22619","megawatthours"
"2026-10-05T00","ZONA","West","NYIS","New York Independent System Operator","1563","megawatthours"
"2026-10-05T00","ZONB","Genesee","NYIS","New York Independent System Operator","1103","megawatthours"
"2026-10-05T00","ZONC","Central","NYIS","New York Independent System Operator","1678","megawatthours"
"2026-10-05T00","ZOND","North","NYIS","New York Independent System Operator","558","megawatthours"
"2026-10-05T00","ZONE","Mohawk Valley","NYIS","New York Independent System Operator","851","megawatthours"
"2026-10-05T00","ZONF","Capital","NYIS","New York Independent System Operator","1332","megawatthours"
"2026-10-05T00","ZONG","Hudson Valley","NYIS","New York Independent System Operator","1110","megawatthours"
"2026-10-05T00","ZONH","Millwood","NYIS","New York Independent System Operator","258","megawatthours"
"2026-10-05T00","ZONI","Dunwoodie","NYIS","New York Independent System Operator","594","megawatthours"
"2026-10-05T00","ZONJ","New York City","NYIS","New York Independent System Operator","5239","megawatthours"
"2026-10-05T00","ZONK","Long Island","NYIS","New York Independent System Operator","2186","megawatthours"
"2026-10-05T00","AE","Atlantic Electric zone","PJM","PJM Interconnection, LLC","1118","megawatthours"
"2026-10-05T00","AEP","American Electric Power zone","PJM","PJM Interconnection, LLC","16078","megawatthours"
"2026-10-05T00","AP","Allegheny Power zone","PJM","PJM Interconnection, LLC","5288","megawatthours"
"2026-10-05T00","ATSI","American Transmission Systems, Inc. zone","PJM","PJM Interconnection, LLC","7186","megawatthours"
"2026-10-05T00","BC","Baltimore Gas & Electric zone","PJM","PJM Interconnection, LLC","3271","megawatthours"
"2026-10-05T00","CE","Commonwealth Edison zone","PJM","PJM Interconnection, LLC","9968","megawatthours"
"2026-10-05T00","DAY","Dayton Power & Light zone","PJM","PJM Interconnection, LLC","1886","megawatthours"
"2026-10-05T00","DEOK","Duke Energy Ohio/Kentucky zone","PJM","PJM Interconnection, LLC","2797","megawatthours"
"2026-10-05T00","DOM","Dominion Virginia Power zone","PJM","PJM Interconnection, LLC","16241","megawatthours"
"2026-10-05T00","DPL","Delmarva Power & Light zone","PJM","PJM Interconnection, LLC","1923","megawatthours"
"2026-10-05T00","DUQ","Duquesne Lighting Company zone","PJM","PJM Interconnection, LLC","1391","megawatthours"
"2026-10-05T00","EKPC","East Kentucky Power Cooperative zone","PJM","PJM Interconnection, LLC","1593","megawatthours"
"2026-10-05T00","JC","Jersey Central Power & Light zone","PJM","PJM Interconnection, LLC","2407","megawatthours"
"2026-10-05T00","ME","Metropolitan Edison zone","PJM","PJM Interconnection, LLC","1585","megawatthours"
"2026-10-05T00","PE","PECO Energy zone","PJM","PJM Interconnection, LLC","3953","megawatthours"
"2026-10-05T00","PEP","Potomac Electric Power zone","PJM","PJM Interconnection, LLC","3062","megawatthours"
"2026-10-05T00","PL","Pennsylvania Power & Light zone","PJM","PJM Interconnection, LLC","4413","megawatthours"
"2026-10-05T00","PN","Pennsylvania Electric zone","PJM","PJM Interconnection, LLC","1699","megawatthours"
"2026-10-05T00","PS","Public Service Electric & Gas zone","PJM","PJM Interconnection, LLC","4484","megawatthours"
"2026-10-05T00","RECO","Rockland Electric (East) zone","PJM","PJM Interconnection, LLC","152","megawatthours"
"2026-10-05T00","ACMA","City of Acoma Pueblo","PNM","Public Service Company of New Mexico","2","megawatthours"
"2026-10-05T00","CYGA","City of Gallup","PNM","Public Service Company of New Mexico","21","megawatthours"
"2026-10-05T00","Frep","Freeport","PNM","Public Service Company of New Mexico","70","megawatthours"
"2026-10-05T00","Jica","Jicarilla Apache Nation","PNM","Public Service Company of New Mexico","2","megawatthours"
"2026-10-05T00","KAFB","Kirtland Air Force Base","PNM","Public Service Company of New Mexico","50","megawatthours"
"2026-10-05T00","KCEC","Kit Carson Electric Cooperative","PNM","Public Service Company of New Mexico","11","megawatthours"
"2026-10-05T00","LAC","Los Alamos County","PNM","Public Service Company of New Mexico","71","megawatthours"
"2026-10-05T00","PNM","PNM System Firm Load","PNM","Public Service Company of New Mexico","1338","megawatthours"
"2026-10-05T00","TSGT","Tri-State Generation and Transmission","PNM","Public Service Company of New Mexico","258","megawatthours"
"2026-10-05T00","CSWS","AEPW American Electric Power West","SWPP","Southwest Power Pool","5985","megawatthours"
"2026-10-05T00","EDE","Empire District Electric Company","SWPP","Southwest Power Pool","711","megawatthours"
"2026-10-05T00","GRDA","Grand River Dam Authority","SWPP","Southwest Power Pool","1289","megawatthours"
"2026-10-05T00","INDN","Independence Power & Light","SWPP","Southwest Power Pool","126","megawatthours"
"2026-10-05T00","KACY","Kansas City Board of Public Utilities","SWPP","Southwest Power Pool","239","megawatthours"
"2026-10-05T00","KCPL","Kansas City Power & Light","SWPP","Southwest Power Pool","2077","megawatthours"
"2026-10-05T00","LES","Lincoln Electric System","SWPP","Southwest Power Pool","536","megawatthours"
"2026-10-05T00","MPS","KCP&L Greater Missouri Operations","SWPP","Southwest Power Pool","1116","megawatthours"
"2026-10-05T00","NPPD","Nebraska Public Power District","SWPP","Southwest Power Pool","1961","megawatthours"
"2026-10-05T00","OKGE","Oklahoma Gas and Electric Co.","SWPP","Southwest Power Pool","4992","megawatthours"
"2026-10-05T00","OPPD","Omaha Public Power District","SWPP","Southwest Power Pool","2107","megawatthours"
"2026-10-05T00","SECI","Sunflower Electric","SWPP","Southwest Power Pool","720","megawatthours"
"2026-10-05T00","SPRM","City of Springfield","SWPP","Southwest Power Pool","439","megawatthours"
"2026-10-05T00","SPS","Southwestern Public Service Company","SWPP","Southwest Power Pool","4258","megawatthours"
"2026-10-05T00","WAUE","Western Area Power Upper Great Plains East","SWPP","Southwest Power Pool","3915","megawatthours"
"2026-10-05T00","WFEC","Western Farmers Electric Cooperative","SWPP","Southwest Power Pool","1206","megawatthours"
"2026-10-05T00","WR","Westar Energy","SWPP","Southwest Power Pool","3859","megawatthours"
"2026-10-05T00","PRPA","Platte River Power Authority - PRPA","SWPW","Southwest Power Pool West Balancing Authority Area","479","megawatthours"
"2026-10-05T00","WACM","Western Area Power Administration - Colorado Missouri Region - WACM","SWPW","Southwest Power Pool West Balancing Authority Area","2570","megawatthours"
"2026-10-05T00","WAUW","Western Area Power Administration - Upper Great Plains West - WAUW","SWPW","Southwest Power Pool West Balancing Authority Area","67","megawatthours"
"2026-10-04T23","BASI","Basin Electric Power Cooperative","BHBA","Black Hills Energy","238","megawatthours"
"2026-10-04T23","SDE","Black Hills Energy South Dakota Electric","BHBA","Black Hills Energy","298","megawatthours"
"2026-10-04T23","WYE","Black Hills Energy Wyoming Electric","BHBA","Black Hills Energy","383","megawatthours"
"2026-10-04T23","PGAE","Pacific Gas and Electric","CISO","California Independent System Operator","14452","megawatthours"
"2026-10-04T23","SCE","Southern California Edison","CISO","California Independent System Operator","21683","megawatthours"
"2026-10-04T23","SDGE","San Diego Gas and Electric","CISO","California Independent System Operator","4774","megawatthours"
"2026-10-04T23","VEA","Valley Electric Association","CISO","California Independent System Operator","98","megawatthours"
"2026-10-04T23","COAS","Coast","ERCO","Electric Reliability Council of Texas, Inc.","15311","megawatthours"
"2026-10-04T23","EAST","East","ERCO","Electric Reliability Council of Texas, Inc.","1891","megawatthours"
"2026-10-04T23","FWES","Far West","ERCO","Electric Reliability Council of Texas, Inc.","7720","megawatthours"
"2026-10-04T23","NCEN","North Central","ERCO","Electric Reliability Council of Texas, Inc.","15898","megawatthours"
"2026-10-04T23","NRTH","North","ERCO","Electric Reliability Council of Texas, Inc.","1885","megawatthours"
"2026-10-04T23","SCEN","South Central","ERCO","Electric Reliability Council of Texas, Inc.","9809","megawatthours"
"2026-10-04T23","SOUT","South","ERCO","Electric Reliability Council of Texas, Inc.","4726","megawatthours"
"2026-10-04T23","WEST","West","ERCO","Electric Reliability Council of Texas, Inc.","2036","megawatthours"
"2026-10-04T23","0001","Zone 1","MISO","Midcontinent Independent System Operator, Inc.","10262","megawatthours"
"2026-10-04T23","0004","Zone 4","MISO","Midcontinent Independent System Operator, Inc.","4767","megawatthours"
"2026-10-04T23","0006","Zone 6","MISO","Midcontinent Independent System Operator, Inc.","10295","megawatthours"
"2026-10-04T23","0027","Zones 2 and 7","MISO","Midcontinent Independent System Operator, Inc.","16880","megawatthours"
"2026-10-04T23","0035","Zones 3 and 5","MISO","Midcontinent Independent System Operator, Inc.","10558","megawatthours"
"2026-10-04T23","8910","Zones 8, 9, and 10","MISO","Midcontinent Independent System Operator, Inc.","22780","megawatthours"
"2026-10-04T23","ZONA","West","NYIS","New York Independent System Operator","1514","megawatthours"
"2026-10-04T23","ZONB","Genesee","NYIS","New York Independent System Operator","1073","megawatthours"
"2026-10-04T23","ZONC","Central","NYIS","New York Independent System Operator","1641","megawatthours"
"2026-10-04T23","ZOND","North","NYIS","New York Independent System Operator","567","megawatthours"
"2026-10-04T23","ZONE","Mohawk Valley","NYIS","New York Independent System Operator","829","megawatthours"
"2026-10-04T23","ZONF","Capital","NYIS","New York Independent System Operator","1315","megawatthours"
"2026-10-04T23","ZONG","Hudson Valley","NYIS","New York Independent System Operator","1092","megawatthours"
"2026-10-04T23","ZONH","Millwood","NYIS","New York Independent System Operator","255","megawatthours"
"2026-10-04T23","ZONI","Dunwoodie","NYIS","New York Independent System Operator","586","megawatthours"
"2026-10-04T23","ZONJ","New York City","NYIS","New York Independent System Operator","5214","megawatthours"
"2026-10-04T23","ZONK","Long Island","NYIS","New York Independent System Operator","2185","megawatthours"
"2026-10-04T23","AE","Atlantic Electric zone","PJM","PJM Interconnection, LLC","1105","megawatthours"
"2026-10-04T23","AEP","American Electric Power zone","PJM","PJM Interconnection, LLC","16016","megawatthours"
"2026-10-04T23","AP","Allegheny Power zone","PJM","PJM Interconnection, LLC","5234","megawatthours"
"2026-10-04T23","ATSI","American Transmission Systems, Inc. zone","PJM","PJM Interconnection, LLC","7151","megawatthours"
"2026-10-04T23","BC","Baltimore Gas & Electric zone","PJM","PJM Interconnection, LLC","3205","megawatthours"
"2026-10-04T23","CE","Commonwealth Edison zone","PJM","PJM Interconnection, LLC","9727","megawatthours"
"2026-10-04T23","DAY","Dayton Power & Light zone","PJM","PJM Interconnection, LLC","1901","megawatthours"
"2026-10-04T23","DEOK","Duke Energy Ohio/Kentucky zone","PJM","PJM Interconnection, LLC","2864","megawatthours"
"2026-10-04T23","DOM","Dominion Virginia Power zone","PJM","PJM Interconnection, LLC","16072","megawatthours"
"2026-10-04T23","DPL","Delmarva Power & Light zone","PJM","PJM Interconnection, LLC","1916","megawatthours"
"2026-10-04T23","DUQ","Duquesne Lighting Company zone","PJM","PJM Interconnection, LLC","1388","megawatthours"
"2026-10-04T23","EKPC","East Kentucky Power Cooperative zone","PJM","PJM Interconnection, LLC","1661","megawatthours"
"2026-10-04T23","JC","Jersey Central Power & Light zone","PJM","PJM Interconnection, LLC","2330","megawatthours"
"2026-10-04T23","ME","Metropolitan Edison zone","PJM","PJM Interconnection, LLC","1570","megawatthours"
"2026-10-04T23","PE","PECO Energy zone","PJM","PJM Interconnection, LLC","3933","megawatthours"
"2026-10-04T23","PEP","Potomac Electric Power zone","PJM","PJM Interconnection, LLC","3016","megawatthours"
"2026-10-04T23","PL","Pennsylvania Power & Light zone","PJM","PJM Interconnection, LLC","4375","megawatthours"
"2026-10-04T23","PN","Pennsylvania Electric zone","PJM","PJM Interconnection, LLC","1656","megawatthours"
"2026-10-04T23","PS","Public Service Electric & Gas zone","PJM","PJM Interconnection, LLC","4397","megawatthours"
"2026-10-04T23","RECO","Rockland Electric (East) zone","PJM","PJM Interconnection, LLC","148","megawatthours"
"2026-10-04T23","ACMA","City of Acoma Pueblo","PNM","Public Service Company of New Mexico","2","megawatthours"
"2026-10-04T23","CYGA","City of Gallup","PNM","Public Service Company of New Mexico","21","megawatthours"
"2026-10-04T23","Frep","Freeport","PNM","Public Service Company of New Mexico","70","megawatthours"
"2026-10-04T23","Jica","Jicarilla Apache Nation","PNM","Public Service Company of New Mexico","2","megawatthours"
"2026-10-04T23","KAFB","Kirtland Air Force Base","PNM","Public Service Company of New Mexico","51","megawatthours"
"2026-10-04T23","LAC","Los Alamos County","PNM","Public Service Company of New Mexico","71","megawatthours"
"2026-10-04T23","PNM","PNM System Firm Load","PNM","Public Service Company of New Mexico","1276","megawatthours"
"2026-10-04T23","TSGT","Tri-State Generation and Transmission","PNM","Public Service Company of New Mexico","250","megawatthours"
"2026-10-04T23","CSWS","AEPW American Electric Power West","SWPP","Southwest Power Pool","6137","megawatthours"
"2026-10-04T23","EDE","Empire District Electric Company","SWPP","Southwest Power Pool","745","megawatthours"
"2026-10-04T23","GRDA","Grand River Dam Authority","SWPP","Southwest Power Pool","1314","megawatthours"
"2026-10-04T23","INDN","Independence Power & Light","SWPP","Southwest Power Pool","133","megawatthours"
"2026-10-04T23","KACY","Kansas City Board of Public Utilities","SWPP","Southwest Power Pool","248","megawatthours"
"2026-10-04T23","KCPL","Kansas City Power & Light","SWPP","Southwest Power Pool","2176","megawatthours"
"2026-10-04T23","LES","Lincoln Electric System","SWPP","Southwest Power Pool","548","megawatthours"
"2026-10-04T23","MPS","KCP&L Greater Missouri Operations","SWPP","Southwest Power Pool","1162","megawatthours"
"2026-10-04T23","NPPD","Nebraska Public Power District","SWPP","Southwest Power Pool","1963","megawatthours"
"2026-10-04T23","OKGE","Oklahoma Gas and Electric Co.","SWPP","Southwest Power Pool","5112","megawatthours"
"2026-10-04T23","OPPD","Omaha Public Power District","SWPP","Southwest Power Pool","2143","megawatthours"
"2026-10-04T23","SECI","Sunflower Electric","SWPP","Southwest Power Pool","738","megawatthours"
"2026-10-04T23","SPRM","City of Springfield","SWPP","Southwest Power Pool","462","megawatthours"
"2026-10-04T23","SPS","Southwestern Public Service Company","SWPP","Southwest Power Pool","4272","megawatthours"
"2026-10-04T23","WAUE","Western Area Power Upper Great Plains East","SWPP","Southwest Power Pool","3941","megawatthours"
"2026-10-04T23","WFEC","Western Farmers Electric Cooperative","SWPP","Southwest Power Pool","1225","megawatthours"
"2026-10-04T23","WR","Westar Energy","SWPP","Southwest Power Pool","3986","megawatthours"
"2026-10-04T23","PRPA","Platte River Power Authority - PRPA","SWPW","Southwest Power Pool West Balancing Authority Area","461","megawatthours"
"2026-10-04T23","WACM","Western Area Power Administration - Colorado Missouri Region - WACM","SWPW","Southwest Power Pool West Balancing Authority Area","2490","megawatthours"
"2026-10-04T23","WAUW","Western Area Power Administration - Upper Great Plains West - WAUW","SWPW","Southwest Power Pool West Balancing Authority Area","64","megawatthours"
"2026-10-04T22","BASI","Basin Electric Power Cooperative","BHBA","Black Hills Energy","233","megawatthours"
"2026-10-04T22","SDE","Black Hills Energy South Dakota Electric","BHBA","Black Hills Energy","288","megawatthours"
"2026-10-04T22","WYE","Black Hills Energy Wyoming Electric","BHBA","Black Hills Energy","379","megawatthours"
"2026-10-04T22","PGAE","Pacific Gas and Electric","CISO","California Independent System Operator","13826","megawatthours"
"2026-10-04T22","SCE","Southern California Edison","CISO","California Independent System Operator","21381","megawatthours"
"2026-10-04T22","SDGE","San Diego Gas and Electric","CISO","California Independent System Operator","4506","megawatthours"
"2026-10-04T22","VEA","Valley Electric Association","CISO","California Independent System Operator","91","megawatthours"
"2026-10-04T22","COAS","Coast","ERCO","Electric Reliability Council of Texas, Inc.","15430","megawatthours"
"2026-10-04T22","EAST","East","ERCO","Electric Reliability Council of Texas, Inc.","1813","megawatthours"
"2026-10-04T22","FWES","Far West","ERCO","Electric Reliability Council of Texas, Inc.","7682","megawatthours"
"2026-10-04T22","NCEN","North Central","ERCO","Electric Reliability Council of Texas, Inc.","15677","megawatthours"
"2026-10-04T22","NRTH","North","ERCO","Electric Reliability Council of Texas, Inc.","1874","megawatthours"
"2026-10-04T22","SCEN","South Central","ERCO","Electric Reliability Council of Texas, Inc.","9654","megawatthours"
"2026-10-04T22","SOUT","South","ERCO","Electric Reliability Council of Texas, Inc.","4847","megawatthours"
"2026-10-04T22","WEST","West","ERCO","Electric Reliability Council of Texas, Inc.","2020","megawatthours"
"2026-10-04T22","0001","Zone 1","MISO","Midcontinent Independent System Operator, Inc.","9683","megawatthours"
"2026-10-04T22","0004","Zone 4","MISO","Midcontinent Independent System Operator, Inc.","4397","megawatthours"
"2026-10-04T22","0006","Zone 6","MISO","Midcontinent Independent System Operator, Inc.","10129","megawatthours"
"2026-10-04T22","0027","Zones 2 and 7","MISO","Midcontinent Independent System Operator, Inc.","16684","megawatthours"
"2026-10-04T22","0035","Zones 3 and 5","MISO","Midcontinent Independent System Operator, Inc.","10381","megawatthours"
"2026-10-04T22","8910","Zones 8, 9, and 10","MISO","Midcontinent Independent System Operator, Inc.","22649","megawatthours"
"2026-10-04T22","ZONA","West","NYIS","New York Independent System Operator","1412","megawatthours"
"2026-10-04T22","ZONB","Genesee","NYIS","New York Independent System Operator","978","megawatthours"
"2026-10-04T22","ZONC","Central","NYIS","New York Independent System Operator","1555","megawatthours"
"2026-10-04T22","ZOND","North","NYIS","New York Independent System Operator","572","megawatthours"
"2026-10-04T22","ZONE","Mohawk Valley","NYIS","New York Independent System Operator","765","megawatthours"
"2026-10-04T22","ZONF","Capital","NYIS","New York Independent System Operator","1195","megawatthours"
"2026-10-04T22","ZONG","Hudson Valley","NYIS","New York Independent System Operator","1023","megawatthours"
"2026-10-04T22","ZONH","Millwood","NYIS","New York Independent System Operator","244","megawatthours"
"2026-10-04T22","ZONI","Dunwoodie","NYIS","New York Independent System Operator","568","megawatthours"
"2026-10-04T22","ZONJ","New York City","NYIS","New York Independent System Operator","5146","megawatthours"
"2026-10-04T22","ZONK","Long Island","NYIS","New York Independent System Operator","2113","megawatthours"
"2026-10-04T22","AE","Atlantic Electric zone","PJM","PJM Interconnection, LLC","1077","megawatthours"
"2026-10-04T22","AEP","American Electric Power zone","PJM","PJM Interconnection, LLC","16139","megawatthours"
"2026-10-04T22","AP","Allegheny Power zone","PJM","PJM Interconnection, LLC","5201","megawatthours"
"2026-10-04T22","ATSI","American Transmission Systems, Inc. zone","PJM","PJM Interconnection, LLC","7117","megawatthours"
"2026-10-04T22","BC","Baltimore Gas & Electric zone","PJM","PJM Interconnection, LLC","3123","megawatthours"
"2026-10-04T22","CE","Commonwealth Edison zone","PJM","PJM Interconnection, LLC","9378","megawatthours"
"2026-10-04T22","DAY","Dayton Power & Light zone","PJM","PJM Interconnection, LLC","1868","megawatthours"
"2026-10-04T22","DEOK","Duke Energy Ohio/Kentucky zone","PJM","PJM Interconnection, LLC","2890","megawatthours"
"2026-10-04T22","DOM","Dominion Virginia Power zone","PJM","PJM Interconnection, LLC","15825","megawatthours"
"2026-10-04T22","DPL","Delmarva Power & Light zone","PJM","PJM Interconnection, LLC","1879","megawatthours"
"2026-10-04T22","DUQ","Duquesne Lighting Company zone","PJM","PJM Interconnection, LLC","1405","megawatthours"
"2026-10-04T22","EKPC","East Kentucky Power Cooperative zone","PJM","PJM Interconnection, LLC","1679","megawatthours"
"2026-10-04T22","JC","Jersey Central Power & Light zone","PJM","PJM Interconnection, LLC","2236","megawatthours"
"2026-10-04T22","ME","Metropolitan Edison zone","PJM","PJM Interconnection, LLC","1546","megawatthours"
"2026-10-04T22","PE","PECO Energy zone","PJM","PJM Interconnection, LLC","3878","megawatthours"
"2026-10-04T22","PEP","Potomac Electric Power zone","PJM","PJM Interconnection, LLC","2943","megawatthours"
"2026-10-04T22","PL","Pennsylvania Power & Light zone","PJM","PJM Interconnection, LLC","4309","megawatthours"
"2026-10-04T22","PN","Pennsylvania Electric zone","PJM","PJM Interconnection, LLC","1623","megawatthours"
"2026-10-04T22","PS","Public Service Electric & Gas zone","PJM","PJM Interconnection, LLC","4256","megawatthours"
"2026-10-04T22","RECO","Rockland Electric (East) zone","PJM","PJM Interconnection, LLC","141","megawatthours"
"2026-10-04T22","ACMA","City of Acoma Pueblo","PNM","Public Service Company of New Mexico","2","megawatthours"
"2026-10-04T22","CYGA","City of Gallup","PNM","Public Service Company of New Mexico","19","megawatthours"
"2026-10-04T22","Frep","Freeport","PNM","Public Service Company of New Mexico","69","megawatthours"
"2026-10-04T22","Jica","Jicarilla Apache Nation","PNM","Public Service Company of New Mexico","2","megawatthours"
"2026-10-04T22","KAFB","Kirtland Air Force Base","PNM","Public Service Company of New Mexico","52","megawatthours"
"2026-10-04T22","LAC","Los Alamos County","PNM","Public Service Company of New Mexico","71","megawatthours"
"2026-10-04T22","PNM","PNM System Firm Load","PNM","Public Service Company of New Mexico","1196","megawatthours"
"2026-10-04T22","TSGT","Tri-State Generation and Transmission","PNM","Public Service Company of New Mexico","238","megawatthours"
"2026-10-04T22","CSWS","AEPW American Electric Power West","SWPP","Southwest Power Pool","6129","megawatthours"
"2026-10-04T22","EDE","Empire District Electric Company","SWPP","Southwest Power Pool","739","megawatthours"
"2026-10-04T22","GRDA","Grand River Dam Authority","SWPP","Southwest Power Pool","1319","megawatthours"
"2026-10-04T22","INDN","Independence Power & Light","SWPP","Southwest Power Pool","130","megawatthours"
"2026-10-04T22","KACY","Kansas City Board of Public Utilities","SWPP","Southwest Power Pool","247","megawatthours"
"2026-10-04T22","KCPL","Kansas City Power & Light","SWPP","Southwest Power Pool","2167","megawatthours"
"2026-10-04T22","LES","Lincoln Electric System","SWPP","Southwest Power Pool","538","megawatthours"
"2026-10-04T22","MPS","KCP&L Greater Missouri Operations","SWPP","Southwest Power Pool","1128","megawatthours"
"2026-10-04T22","NPPD","Nebraska Public Power District","SWPP","Southwest Power Pool","1902","megawatthours"
"2026-10-04T22","OKGE","Oklahoma Gas and Electric Co.","SWPP","Southwest Power Pool","5070","megawatthours"
"2026-10-04T22","OPPD","Omaha Public Power District","SWPP","Southwest Power Pool","2111","megawatthours"
"2026-10-04T22","SECI","Sunflower Electric","SWPP","Southwest Power Pool","733","megawatthours"
"2026-10-04T22","SPRM","City of Springfield","SWPP","Southwest Power Pool","461","megawatthours"
"2026-10-04T22","SPS","Southwestern Public Service Company","SWPP","Southwest Power Pool","4227","megawatthours"
"2026-10-04T22","WAUE","Western Area Power Upper Great Plains East","SWPP","Southwest Power Pool","3908","megawatthours"
"2026-10-04T22","WFEC","Western Farmers Electric Cooperative","SWPP","Southwest Power Pool","1209","megawatthours"
"2026-10-04T22","WR","Westar Energy","SWPP","Southwest Power Pool","3945","megawatthours"
"2026-10-04T22","PRPA","Platte River Power Authority - PRPA","SWPW","Southwest Power Pool West Balancing Authority Area","433","megawatthours"
"2026-10-04T22","WACM","Western Area Power Administration - Colorado Missouri Region - WACM","SWPW","Southwest Power Pool West Balancing Authority Area","2377","megawatthours"
"2026-10-04T22","WAUW","Western Area Power Administration - Upper Great Plains West - WAUW","SWPW","Southwest Power Pool West Balancing Authority Area","63","megawatthours"
"2026-10-04T21","BASI","Basin Electric Power Cooperative","BHBA","Black Hills Energy","224","megawatthours"
"2026-10-04T21","SDE","Black Hills Energy South Dakota Electric","BHBA","Black Hills Energy","280","megawatthours"
"2026-10-04T21","WYE","Black Hills Energy Wyoming Electric","BHBA","Black Hills Energy","375","megawatthours"
"2026-10-04T21","PGAE","Pacific Gas and Electric","CISO","California Independent System Operator","13145","megawatthours"
"2026-10-04T21","SCE","Southern California Edison","CISO","California Independent System Operator","20519","megawatthours"
"2026-10-04T21","SDGE","San Diego Gas and Electric","CISO","California Independent System Operator","4489","megawatthours"
"2026-10-04T21","VEA","Valley Electric Association","CISO","California Independent System Operator","84","megawatthours"
"2026-10-04T21","COAS","Coast","ERCO","Electric Reliability Council of Texas, Inc.","15464","megawatthours"
"2026-10-04T21","EAST","East","ERCO","Electric Reliability Council of Texas, Inc.","1673","megawatthours"
"2026-10-04T21","FWES","Far West","ERCO","Electric Reliability Council of Texas, Inc.","7666","megawatthours"
"2026-10-04T21","NCEN","North Central","ERCO","Electric Reliability Council of Texas, Inc.","15471","megawatthours"
"2026-10-04T21","NRTH","North","ERCO","Electric Reliability Council of Texas, Inc.","1850","megawatthours"
"2026-10-04T21","SCEN","South Central","ERCO","Electric Reliability Council of Texas, Inc.","9594","megawatthours"
"2026-10-04T21","SOUT","South","ERCO","Electric Reliability Council of Texas, Inc.","4722","megawatthours"
"2026-10-04T21","WEST","West","ERCO","Electric Reliability Council of Texas, Inc.","1998","megawatthours"
"2026-10-04T21","0001","Zone 1","MISO","Midcontinent Independent System Operator, Inc.","9374","megawatthours"
"2026-10-04T21","0004","Zone 4","MISO","Midcontinent Independent System Operator, Inc.","4029","megawatthours"
"2026-10-04T21","0006","Zone 6","MISO","Midcontinent Independent System Operator, Inc.","9881","megawatthours"
"2026-10-04T21","0027","Zones 2 and 7","MISO","Midcontinent Independent System Operator, Inc.","16701","megawatthours"
"2026-10-04T21","0035","Zones 3 and 5","MISO","Midcontinent Independent System Operator, Inc.","10051","megawatthours"
"2026-10-04T21","8910","Zones 8, 9, and 10","MISO","Midcontinent Independent System Operator, Inc.","22580","megawatthours"
"2026-10-04T21","ZONA","West","NYIS","New York Independent System Operator","1276","megawatthours"
"2026-10-04T21","ZONB","Genesee","NYIS","New York Independent System Operator","833","megawatthours"
"2026-10-04T21","ZONC","Central","NYIS","New York Independent System Operator","1330","megawatthours"
"2026-10-04T21","ZOND","North","NYIS","New York Independent System Operator","536","megawatthours"
"2026-10-04T21","ZONE","Mohawk Valley","NYIS","New York Independent System Operator","673","megawatthours"
"2026-10-04T21","ZONF","Capital","NYIS","New York Independent System Operator","1044","megawatthours"
"2026-10-04T21","ZONG","Hudson Valley","NYIS","New York Independent System Operator","955","megawatthours"
"2026-10-04T21","ZONH","Millwood","NYIS","New York Independent System Operator","231","megawatthours"
"2026-10-04T21","ZONI","Dunwoodie","NYIS","New York Independent System Operator","574","megawatthours"
"2026-10-04T21","ZONJ","New York City","NYIS","New York Independent System Operator","5085","megawatthours"
"2026-10-04T21","ZONK","Long Island","NYIS","New York Independent System Operator","2016","megawatthours"
"2026-10-04T21","AE","Atlantic Electric zone","PJM","PJM Interconnection, LLC","1037","megawatthours"
"2026-10-04T21","AEP","American Electric Power zone","PJM","PJM Interconnection, LLC","15877","megawatthours"
"2026-10-04T21","AP","Allegheny Power zone","PJM","PJM Interconnection, LLC","5086","megawatthours"
"2026-10-04T21","ATSI","American Transmission Systems, Inc. zone","PJM","PJM Interconnection, LLC","6973","megawatthours"
"2026-10-04T21","BC","Baltimore Gas & Electric zone","PJM","PJM Interconnection, LLC","3031","megawatthours"
"2026-10-04T21","CE","Commonwealth Edison zone","PJM","PJM Interconnection, LLC","9056","megawatthours"
"2026-10-04T21","DAY","Dayton Power & Light zone","PJM","PJM Interconnection, LLC","1805","megawatthours"
"2026-10-04T21","DEOK","Duke Energy Ohio/Kentucky zone","PJM","PJM Interconnection, LLC","2781","megawatthours"
"2026-10-04T21","DOM","Dominion Virginia Power zone","PJM","PJM Interconnection, LLC","15668","megawatthours"
"2026-10-04T21","DPL","Delmarva Power & Light zone","PJM","PJM Interconnection, LLC","1829","megawatthours"
"2026-10-04T21","DUQ","Duquesne Lighting Company zone","PJM","PJM Interconnection, LLC","1391","megawatthours"
"2026-10-04T21","EKPC","East Kentucky Power Cooperative zone","PJM","PJM Interconnection, LLC","1560","megawatthours"
"2026-10-04T21","JC","Jersey Central Power & Light zone","PJM","PJM Interconnection, LLC","2158","megawatthours"
"2026-10-04T21","ME","Metropolitan Edison zone","PJM","PJM Interconnection, LLC","1506","megawatthours"
"2026-10-04T21","PE","PECO Energy zone","PJM","PJM Interconnection, LLC","3803","megawatthours"
"2026-10-04T21","PEP","Potomac Electric Power zone","PJM","PJM Interconnection, LLC","2851","megawatthours"
"2026-10-04T21","PL","Pennsylvania Power & Light zone","PJM","PJM Interconnection, LLC","4216","megawatthours"
"2026-10-04T21","PN","Pennsylvania Electric zone","PJM","PJM Interconnection, LLC","1616","megawatthours"
"2026-10-04T21","PS","Public Service Electric & Gas zone","PJM","PJM Interconnection, LLC","4127","megawatthours"
"2026-10-04T21","RECO","Rockland Electric (East) zone","PJM","PJM Interconnection, LLC","138","megawatthours"
"2026-10-04T21","ACMA","City of Acoma Pueblo","PNM","Public Service Company of New Mexico","2","megawatthours"
"2026-10-04T21","CYGA","City of Gallup","PNM","Public Service Company of New Mexico","20","megawatthours"
"2026-10-04T21","Frep","Freeport","PNM","Public Service Company of New Mexico","64","megawatthours"
"2026-10-04T21","Jica","Jicarilla Apache Nation","PNM","Public Service Company of New Mexico","2","megawatthours"
"2026-10-04T21","KAFB","Kirtland Air Force Base","PNM","Public Service Company of New Mexico","51","megawatthours"
"2026-10-04T21","LAC","Los Alamos County","PNM","Public Service Company of New Mexico","69","megawatthours"
"2026-10-04T21","PNM","PNM System Firm Load","PNM","Public Service Company of New Mexico","1127","megawatthours"
"2026-10-04T21","TSGT","Tri-State Generation and Transmission","PNM","Public Service Company of New Mexico","229","megawatthours"
"2026-10-04T21","CSWS","AEPW American Electric Power West","SWPP","Southwest Power Pool","5980","megawatthours"
"2026-10-04T21","EDE","Empire District Electric Company","SWPP","Southwest Power Pool","715","megawatthours"
"2026-10-04T21","GRDA","Grand River Dam Authority","SWPP","Southwest Power Pool","1312","megawatthours"
"2026-10-04T21","INDN","Independence Power & Light","SWPP","Southwest Power Pool","125","megawatthours"
"2026-10-04T21","KACY","Kansas City Board of Public Utilities","SWPP","Southwest Power Pool","243","megawatthours"
"2026-10-04T21","KCPL","Kansas City Power & Light","SWPP","Southwest Power Pool","2121","megawatthours"
"2026-10-04T21","LES","Lincoln Electric System","SWPP","Southwest Power Pool","519","megawatthours"
"2026-10-04T21","MPS","KCP&L Greater Missouri Operations","SWPP","Southwest Power Pool","1119","megawatthours"
"2026-10-04T21","NPPD","Nebraska Public Power District","SWPP","Southwest Power Pool","1851","megawatthours"
"2026-10-04T21","OKGE","Oklahoma Gas and Electric Co.","SWPP","Southwest Power Pool","4963","megawatthours"
"2026-10-04T21","OPPD","Omaha Public Power District","SWPP","Southwest Power Pool","2064","megawatthours"
"2026-10-04T21","SECI","Sunflower Electric","SWPP","Southwest Power Pool","717","megawatthours"
"2026-10-04T21","SPRM","City of Springfield","SWPP","Southwest Power Pool","450","megawatthours"
"2026-10-04T21","SPS","Southwestern Public Service Company","SWPP","Southwest Power Pool","4165","megawatthours"
"2026-10-04T21","WAUE","Western Area Power Upper Great Plains East","SWPP","Southwest Power Pool","3861","megawatthours"
"2026-10-04T21","WFEC","Western Farmers Electric Cooperative","SWPP","Southwest Power Pool","1163","megawatthours"
"2026-10-04T21","WR","Westar Energy","SWPP","Southwest Power Pool","3842","megawatthours"
"2026-10-04T21","PRPA","Platte River Power Authority - PRPA","SWPW","Southwest Power Pool West Balancing Authority Area","407","megawatthours"
"2026-10-04T21","WACM","Western Area Power Administration - Colorado Missouri Region - WACM","SWPW","Southwest Power Pool West Balancing Authority Area","2281","megawatthours"
"2026-10-04T21","WAUW","Western Area Power Administration - Upper Great Plains West - WAUW","SWPW","Southwest Power Pool West Balancing Authority Area","59","megawatthours"
"2026-10-04T20","BASI","Basin Electric Power Cooperative","BHBA","Black Hills Energy","219","megawatthours"
"2026-10-04T20","SDE","Black Hills Energy South Dakota Electric","BHBA","Black Hills Energy","273","megawatthours"
"2026-10-04T20","WYE","Black Hills Energy Wyoming Electric","BHBA","Black Hills Energy","370","megawatthours"
"2026-10-04T20","PGAE","Pacific Gas and Electric","CISO","California Independent System Operator","12150","megawatthours"
"2026-10-04T20","SCE","Southern California Edison","CISO","California Independent System Operator","20806","megawatthours"
"2026-10-04T20","SDGE","San Diego Gas and Electric","CISO","California Independent System Operator","4157","megawatthours"
"2026-10-04T20","VEA","Valley Electric Association","CISO","California Independent System Operator","76","megawatthours"
"2026-10-04T20","COAS","Coast","ERCO","Electric Reliability Council of Texas, Inc.","15332","megawatthours"
"2026-10-04T20","EAST","East","ERCO","Electric Reliability Council of Texas, Inc.","1641","megawatthours"
"2026-10-04T20","FWES","Far West","ERCO","Electric Reliability Council of Texas, Inc.","7545","megawatthours"
"2026-10-04T20","NCEN","North Central","ERCO","Electric Reliability Council of Texas, Inc.","15197","megawatthours"
"2026-10-04T20","NRTH","North","ERCO","Electric Reliability Council of Texas, Inc.","1801","megawatthours"
"2026-10-04T20","SCEN","South Central","ERCO","Electric Reliability Council of Texas, Inc.","9573","megawatthours"
"2026-10-04T20","SOUT","South","ERCO","Electric Reliability Council of Texas, Inc.","4736","megawatthours"
"2026-10-04T20","WEST","West","ERCO","Electric Reliability Council of Texas, Inc.","1982","megawatthours"
"2026-10-04T20","0001","Zone 1","MISO","Midcontinent Independent System Operator, Inc.","9195","megawatthours"
"2026-10-04T20","0004","Zone 4","MISO","Midcontinent Independent System Operator, Inc.","3773","megawatthours"
"2026-10-04T20","0006","Zone 6","MISO","Midcontinent Independent System Operator, Inc.","9582","megawatthours"
"2026-10-04T20","0027","Zones 2 and 7","MISO","Midcontinent Independent System Operator, Inc.","16518","megawatthours"
"2026-10-04T20","0035","Zones 3 and 5","MISO","Midcontinent Independent System Operator, Inc.","9737","megawatthours"
"2026-10-04T20","8910","Zones 8, 9, and 10","MISO","Midcontinent Independent System Operator, Inc.","22107","megawatthours"
"2026-10-04T20","ZONA","West","NYIS","New York Independent System Operator","1222","megawatthours"
"2026-10-04T20","ZONB","Genesee","NYIS","New York Independent System Operator","763","megawatthours"
"2026-10-04T20","ZONC","Central","NYIS","New York Independent System Operator","1167","megawatthours"
"2026-10-04T20","ZOND","North","NYIS","New York Independent System Operator","488","megawatthours"
"2026-10-04T20","ZONE","Mohawk Valley","NYIS","New York Independent System Operator","573","megawatthours"
"2026-10-04T20","ZONF","Capital","NYIS","New York Independent System Operator","1026","megawatthours"
"2026-10-04T20","ZONG","Hudson Valley","NYIS","New York Independent System Operator","956","megawatthours"
"2026-10-04T20","ZONH","Millwood","NYIS","New York Independent System Operator","223","megawatthours"
"2026-10-04T20","ZONI","Dunwoodie","NYIS","New York Independent System Operator","561","megawatthours"
"2026-10-04T20","ZONJ","New York City","NYIS","New York Independent System Operator","5069","megawatthours"
"2026-10-04T20","ZONK","Long Island","NYIS","New York Independent System Operator","1940","megawatthours"
"2026-10-04T20","AE","Atlantic Electric zone","PJM","PJM Interconnection, LLC","1005","megawatthours"
"2026-10-04T20","AEP","American Electric Power zone","PJM","PJM Interconnection, LLC","15522","megawatthours"
"2026-10-04T20","AP","Allegheny Power zone","PJM","PJM Interconnection, LLC","4956","megawatthours"
"2026-10-04T20","ATSI","American Transmission Systems, Inc. zone","PJM","PJM Interconnection, LLC","6802","megawatthours"
"2026-10-04T20","BC","Baltimore Gas & Electric zone","PJM","PJM Interconnection, LLC","2980","megawatthours"
"2026-10-04T20","CE","Commonwealth Edison zone","PJM","PJM Interconnection, LLC","8832","megawatthours"
"2026-10-04T20","DAY","Dayton Power & Light zone","PJM","PJM Interconnection, LLC","1740","megawatthours"
"2026-10-04T20","DEOK","Duke Energy Ohio/Kentucky zone","PJM","PJM Interconnection, LLC","2681","megawatthours"
"2026-10-04T20","DOM","Dominion Virginia Power zone","PJM","PJM Interconnection, LLC","15486","megawatthours"
"2026-10-04T20","DPL","Delmarva Power & Light zone","PJM","PJM Interconnection, LLC","1788","megawatthours"
"2026-10-04T20","DUQ","Duquesne Lighting Company zone","PJM","PJM Interconnection, LLC","1347","megawatthours"
"2026-10-04T20","EKPC","East Kentucky Power Cooperative zone","PJM","PJM Interconnection, LLC","1382","megawatthours"
"2026-10-04T20","JC","Jersey Central Power & Light zone","PJM","PJM Interconnection, LLC","2118","megawatthours"
"2026-10-04T20","ME","Metropolitan Edison zone","PJM","PJM Interconnection, LLC","1468","megawatthours"
"2026-10-04T20","PE","PECO Energy zone","PJM","PJM Interconnection, LLC","3767","megawatthours"
"2026-10-04T20","PEP","Potomac Electric Power zone","PJM","PJM Interconnection, LLC","2801","megawatthours"
"2026-10-04T20","PL","Pennsylvania Power & Light zone","PJM","PJM Interconnection, LLC","4128","megawatthours"
"2026-10-04T20","PN","Pennsylvania Electric zone","PJM","PJM Interconnection, LLC","1566","megawatthours"
"2026-10-04T20","PS","Public Service Electric & Gas zone","PJM","PJM Interconnection, LLC","4060","megawatthours"
"2026-10-04T20","RECO","Rockland Electric (East) zone","PJM","PJM Interconnection, LLC","136","megawatthours"
"2026-10-04T20","ACMA","City of Acoma Pueblo","PNM","Public Service Company of New Mexico","2","megawatthours"
"2026-10-04T20","CYGA","City of Gallup","PNM","Public Service Company of New Mexico","19","megawatthours"
"2026-10-04T20","Frep","Freeport","PNM","Public Service Company of New Mexico","57","megawatthours"
"2026-10-04T20","Jica","Jicarilla Apache Nation","PNM","Public Service Company of New Mexico","2","megawatthours"
"2026-10-04T20","KAFB","Kirtland Air Force Base","PNM","Public Service Company of New Mexico","51","megawatthours"
"2026-10-04T20","LAC","Los Alamos County","PNM","Public Service Company of New Mexico","69","megawatthours"
"2026-10-04T20","PNM","PNM System Firm Load","PNM","Public Service Company of New Mexico","1063","megawatthours"
"2026-10-04T20","TSGT","Tri-State Generation and Transmission","PNM","Public Service Company of New Mexico","226","megawatthours"
"2026-10-04T20","CSWS","AEPW American Electric Power West","SWPP","Southwest Power Pool","5798","megawatthours"
"2026-10-04T20","EDE","Empire District Electric Company","SWPP","Southwest Power Pool","676","megawatthours"
"2026-10-04T20","GRDA","Grand River Dam Authority","SWPP","Southwest Power Pool","1296","megawatthours"
"2026-10-04T20","INDN","Independence Power & Light","SWPP","Southwest Power Pool","117","megawatthours"
"2026-10-04T20","KACY","Kansas City Board of Public Utilities","SWPP","Southwest Power Pool","236","megawatthours"
"2026-10-04T20","KCPL","Kansas City Power & Light","SWPP","Southwest Power Pool","2047","megawatthours"
"2026-10-04T20","LES","Lincoln Electric System","SWPP","Southwest Power Pool","493","megawatthours"
"2026-10-04T20","MPS","KCP&L Greater Missouri Operations","SWPP","Southwest Power Pool","1057","megawatthours"
"2026-10-04T20","NPPD","Nebraska Public Power District","SWPP","Southwest Power Pool","1816","megawatthours"
"2026-10-04T20","OKGE","Oklahoma Gas and Electric Co.","SWPP","Southwest Power Pool","4789","megawatthours"
"2026-10-04T20","OPPD","Omaha Public Power District","SWPP","Southwest Power Pool","2016","megawatthours"
"2026-10-04T20","SECI","Sunflower Electric","SWPP","Southwest Power Pool","697","megawatthours"
"2026-10-04T20","SPRM","City of Springfield","SWPP","Southwest Power Pool","430","megawatthours"
"2026-10-04T20","SPS","Southwestern Public Service Company","SWPP","Southwest Power Pool","4091","megawatthours"
"2026-10-04T20","WAUE","Western Area Power Upper Great Plains East","SWPP","Southwest Power Pool","3829","megawatthours"
"2026-10-04T20","WFEC","Western Farmers Electric Cooperative","SWPP","Southwest Power Pool","1126","megawatthours"
"2026-10-04T20","WR","Westar Energy","SWPP","Southwest Power Pool","3690","megawatthours"
"2026-10-04T20","PRPA","Platte River Power Authority - PRPA","SWPW","Southwest Power Pool West Balancing Authority Area","379","megawatthours"
"2026-10-04T20","WACM","Western Area Power Administration - Colorado Missouri Region - WACM","SWPW","Southwest Power Pool West Balancing Authority Area","2211","megawatthours"
"2026-10-04T20","WAUW","Western Area Power Administration - Upper Great Plains West - WAUW","SWPW","Southwest Power Pool West Balancing Authority Area","62","megawatthours"
"2026-10-04T19","BASI","Basin Electric Power Cooperative","BHBA","Black Hills Energy","221","megawatthours"
"2026-10-04T19","SDE","Black Hills Energy South Dakota Electric","BHBA","Black Hills Energy","266","megawatthours"
"2026-10-04T19","WYE","Black Hills Energy Wyoming Electric","BHBA","Black Hills Energy","368","megawatthours"
"2026-10-04T19","PGAE","Pacific Gas and Electric","CISO","California Independent System Operator","11377","megawatthours"
"2026-10-04T19","SCE","Southern California Edison","CISO","California Independent System Operator","21842","megawatthours"
"2026-10-04T19","SDGE","San Diego Gas and Electric","CISO","California Independent System Operator","3870","megawatthours"
"2026-10-04T19","VEA","Valley Electric Association","CISO","California Independent System Operator","65","megawatthours"
"2026-10-04T19","COAS","Coast","ERCO","Electric Reliability Council of Texas, Inc.","15255","megawatthours"
"2026-10-04T19","EAST","East","ERCO","Electric Reliability Council of Texas, Inc.","1657","megawatthours"
"2026-10-04T19","FWES","Far West","ERCO","Electric Reliability Council of Texas, Inc.","7526","megawatthours"
"2026-10-04T19","NCEN","North Central","ERCO","Electric Reliability Council of Texas, Inc.","15003","megawatthours"
"2026-10-04T19","NRTH","North","ERCO","Electric Reliability Council of Texas, Inc.","1771","megawatthours"
"2026-10-04T19","SCEN","South Central","ERCO","Electric Reliability Council of Texas, Inc.","9498","megawatthours"
"2026-10-04T19","SOUT","South","ERCO","Electric Reliability Council of Texas, Inc.","4648","megawatthours"
"2026-10-04T19","WEST","West","ERCO","Electric Reliability Council of Texas, Inc.","1973","megawatthours"
"2026-10-04T19","0001","Zone 1","MISO","Midcontinent Independent System Operator, Inc.","9095","megawatthours"
"2026-10-04T19","0004","Zone 4","MISO","Midcontinent Independent System Operator, Inc.","3601","megawatthours"
"2026-10-04T19","0006","Zone 6","MISO","Midcontinent Independent System Operator, Inc.","9248","megawatthours"
"2026-10-04T19","0027","Zones 2 and 7","MISO","Midcontinent Independent System Operator, Inc.","16336","megawatthours"
"2026-10-04T19","0035","Zones 3 and 5","MISO","Midcontinent Independent System Operator, Inc.","9460","megawatthours"
"2026-10-04T19","8910","Zones 8, 9, and 10","MISO","Midcontinent Independent System Operator, Inc.","21735","megawatthours"
"2026-10-04T19","ZONA","West","NYIS","New York Independent System Operator","1199","megawatthours"
"2026-10-04T19","ZONB","Genesee","NYIS","New York Independent System Operator","707","megawatthours"
"2026-10-04T19","ZONC","Central","NYIS","New York Independent System Operator","1213","megawatthours"
"2026-10-04T19","ZOND","North","NYIS","New York Independent System Operator","472","megawatthours"
"2026-10-04T19","ZONE","Mohawk Valley","NYIS","New York Independent System Operator","544","megawatthours"
"2026-10-04T19","ZONF","Capital","NYIS","New York Independent System Operator","947","megawatthours"
"2026-10-04T19","ZONG","Hudson Valley","NYIS","New York Independent System Operator","916","megawatthours"
"2026-10-04T19","ZONH","Millwood","NYIS","New York Independent System Operator","214","megawatthours"
"2026-10-04T19","ZONI","Dunwoodie","NYIS","New York Independent System Operator","561","megawatthours"
"2026-10-04T19","ZONJ","New York City","NYIS","New York Independent System Operator","5044","megawatthours"
"2026-10-04T19","ZONK","Long Island","NYIS","New York Independent System Operator","1910","megawatthours"
"2026-10-04T19","AE","Atlantic Electric zone","PJM","PJM Interconnection, LLC","998","megawatthours"
"2026-10-04T19","AEP","American Electric Power zone","PJM","PJM Interconnection, LLC","15275","megawatthours"
"2026-10-04T19","AP","Allegheny Power zone","PJM","PJM Interconnection, LLC","4905","megawatthours"
"2026-10-04T19","ATSI","American Transmission Systems, Inc. zone","PJM","PJM Interconnection, LLC","6691","megawatthours"
"2026-10-04T19","BC","Baltimore Gas & Electric zone","PJM","PJM Interconnection, LLC","2977","megawatthours"
"2026-10-04T19","CE","Commonwealth Edison zone","PJM","PJM Interconnection, LLC","8636","megawatthours"
"2026-10-04T19","DAY","Dayton Power & Light zone","PJM","PJM Interconnection, LLC","1690","megawatthours"
"2026-10-04T19","DEOK","Duke Energy Ohio/Kentucky zone","PJM","PJM Interconnection, LLC","2602","megawatthours"
"2026-10-04T19","DOM","Dominion Virginia Power zone","PJM","PJM Interconnection, LLC","15409","megawatthours"
"2026-10-04T19","DPL","Delmarva Power & Light zone","PJM","PJM Interconnection, LLC","1777","megawatthours"
"2026-10-04T19","DUQ","Duquesne Lighting Company zone","PJM","PJM Interconnection, LLC","1308","megawatthours"
"2026-10-04T19","EKPC","East Kentucky Power Cooperative zone","PJM","PJM Interconnection, LLC","1511","megawatthours"
"2026-10-04T19","JC","Jersey Central Power & Light zone","PJM","PJM Interconnection, LLC","2084","megawatthours"
"2026-10-04T19","ME","Metropolitan Edison zone","PJM","PJM Interconnection, LLC","1453","megawatthours"
"2026-10-04T19","PE","PECO Energy zone","PJM","PJM Interconnection, LLC","3777","megawatthours"
"2026-10-04T19","PEP","Potomac Electric Power zone","PJM","PJM Interconnection, LLC","2807","megawatthours"
"2026-10-04T19","PL","Pennsylvania Power & Light zone","PJM","PJM Interconnection, LLC","4101","megawatthours"
"2026-10-04T19","PN","Pennsylvania Electric zone","PJM","PJM Interconnection, LLC","1568","megawatthours"
"2026-10-04T19","PS","Public Service Electric & Gas zone","PJM","PJM Interconnection, LLC","3980","megawatthours"
"2026-10-04T19","RECO","Rockland Electric (East) zone","PJM","PJM Interconnection, LLC","139","megawatthours"
"2026-10-04T19","ACMA","City of Acoma Pueblo","PNM","Public Service Company of New Mexico","2","megawatthours"
"2026-10-04T19","CYGA","City of Gallup","PNM","Public Service Company of New Mexico","19","megawatthours"
"2026-10-04T19","Frep","Freeport","PNM","Public Service Company of New Mexico","44","megawatthours"
"2026-10-04T19","Jica","Jicarilla Apache Nation","PNM","Public Service Company of New Mexico","2","megawatthours"
"2026-10-04T19","KAFB","Kirtland Air Force Base","PNM","Public Service Company of New Mexico","51","megawatthours"
"2026-10-04T19","LAC","Los Alamos County","PNM","Public Service Company of New Mexico","68","megawatthours"
"2026-10-04T19","PNM","PNM System Firm Load","PNM","Public Service Company of New Mexico","1031","megawatthours"
"2026-10-04T19","TSGT","Tri-State Generation and Transmission","PNM","Public Service Company of New Mexico","221","megawatthours"
"2026-10-04T19","CSWS","AEPW American Electric Power West","SWPP","Southwest Power Pool","5618","megawatthours"
"2026-10-04T19","EDE","Empire District Electric Company","SWPP","Southwest Power Pool","643","megawatthours"
"2026-10-04T19","GRDA","Grand River Dam Authority","SWPP","Southwest Power Pool","1274","megawatthours"
"2026-10-04T19","INDN","Independence Power & Light","SWPP","Southwest Power Pool","109","megawatthours"
"2026-10-04T19","KACY","Kansas City Board of Public Utilities","SWPP","Southwest Power Pool","229","megawatthours"
"2026-10-04T19","KCPL","Kansas City Power & Light","SWPP","Southwest Power Pool","1963","megawatthours"
"2026-10-04T19","LES","Lincoln Electric System","SWPP","Southwest Power Pool","494","megawatthours"
"2026-10-04T19","MPS","KCP&L Greater Missouri Operations","SWPP","Southwest Power Pool","1015","megawatthours"
"2026-10-04T19","NPPD","Nebraska Public Power District","SWPP","Southwest Power Pool","1783","megawatthours"
"2026-10-04T19","OKGE","Oklahoma Gas and Electric Co.","SWPP","Southwest Power Pool","4610","megawatthours"
"2026-10-04T19","OPPD","Omaha Public Power District","SWPP","Southwest Power Pool","1973","megawatthours"
"2026-10-04T19","SECI","Sunflower Electric","SWPP","Southwest Power Pool","680","megawatthours"
"2026-10-04T19","SPRM","City of Springfield","SWPP","Southwest Power Pool","406","megawatthours"
"2026-10-04T19","SPS","Southwestern Public Service Company","SWPP","Southwest Power Pool","4060","megawatthours"
"2026-10-04T19","WAUE","Western Area Power Upper Great Plains East","SWPP","Southwest Power Pool","3802","megawatthours"
"2026-10-04T19","WFEC","Western Farmers Electric Cooperative","SWPP","Southwest Power Pool","1099","megawatthours"
"2026-10-04T19","WR","Westar Energy","SWPP","Southwest Power Pool","3529","megawatthours"
"2026-10-04T19","PRPA","Platte River Power Authority - PRPA","SWPW","Southwest Power Pool West Balancing Authority Area","360","megawatthours"
"2026-10-04T19","WACM","Western Area Power Administration - Colorado Missouri Region - WACM","SWPW","Southwest Power Pool West Balancing Authority Area","2159","megawatthours"
"2026-10-04T19","WAUW","Western Area Power Administration - Upper Great Plains West - WAUW","SWPW","Southwest Power Pool West Balancing Authority Area","62","megawatthours"
"2026-10-04T18","BASI","Basin Electric Power Cooperative","BHBA","Black Hills Energy","217","megawatthours"
"2026-10-04T18","SDE","Black Hills Energy South Dakota Electric","BHBA","Black Hills Energy","259","megawatthours"
"2026-10-04T18","WYE","Black Hills Energy Wyoming Electric","BHBA","Black Hills Energy","366","megawatthours"
"2026-10-04T18","PGAE","Pacific Gas and Electric","CISO","California Independent System Operator","10977","megawatthours"
"2026-10-04T18","SCE","Southern California Edison","CISO","California Independent System Operator","20528","megawatthours"
"2026-10-04T18","SDGE","San Diego Gas and Electric","CISO","California Independent System Operator","3879","megawatthours"
"2026-10-04T18","VEA","Valley Electric Association","CISO","California Independent System Operator","57","megawatthours"
"2026-10-04T18","COAS","Coast","ERCO","Electric Reliability Council of Texas, Inc.","15070","megawatthours"
"2026-10-04T18","EAST","East","ERCO","Electric Reliability Council of Texas, Inc.","1587","megawatthours"
"2026-10-04T18","FWES","Far West","ERCO","Electric Reliability Council of Texas, Inc.","7431","megawatthours"
"2026-10-04T18","NCEN","North Central","ERCO","Electric Reliability Council of Texas, Inc.","14842","megawatthours"
"2026-10-04T18","NRTH","North","ERCO","Electric Reliability Council of Texas, Inc.","1701","megawatthours"
"2026-10-04T18","SCEN","South Central","ERCO","Electric Reliability Council of Texas, Inc.","9369","megawatthours"
"2026-10-04T18","SOUT","South","ERCO","Electric Reliability Council of Texas, Inc.","4612","megawatthours"
"2026-10-04T18","WEST","West","ERCO","Electric Reliability Council of Texas, Inc.","1959","megawatthours"
"2026-10-04T18","0001","Zone 1","MISO","Midcontinent Independent System Operator, Inc.","9030","megawatthours"
"2026-10-04T18","0004","Zone 4","MISO","Midcontinent Independent System Operator, Inc.","3510","megawatthours"
"2026-10-04T18","0006","Zone 6","MISO","Midcontinent Independent System Operator, Inc.","8990","megawatthours"
"2026-10-04T18","0027","Zones 2 and 7","MISO","Midcontinent Independent System Operator, Inc.","16253","megawatthours"
"2026-10-04T18","0035","Zones 3 and 5","MISO","Midcontinent Independent System Operator, Inc.","9202","megawatthours"
"2026-10-04T18","8910","Zones 8, 9, and 10","MISO","Midcontinent Independent System Operator, Inc.","21216","megawatthours"
"2026-10-04T18","ZONA","West","NYIS","New York Independent System Operator","1166","megawatthours"
"2026-10-04T18","ZONB","Genesee","NYIS","New York Independent System Operator","774","megawatthours"
"2026-10-04T18","ZONC","Central","NYIS","New York Independent System Operator","1189","megawatthours"
"2026-10-04T18","ZOND","North","NYIS","New York Independent System Operator","493","megawatthours"
"2026-10-04T18","ZONE","Mohawk Valley","NYIS","New York Independent System Operator","456","megawatthours"
"2026-10-04T18","ZONF","Capital","NYIS","New York Independent System Operator","750","megawatthours"
"2026-10-04T18","ZONG","Hudson Valley","NYIS","New York Independent System Operator","794","megawatthours"
"2026-10-04T18","ZONH","Millwood","NYIS","New York Independent System Operator","209","megawatthours"
"2026-10-04T18","ZONI","Dunwoodie","NYIS","New York Independent System Operator","561","megawatthours"
"2026-10-04T18","ZONJ","New York City","NYIS","New York Independent System Operator","5039","megawatthours"
"2026-10-04T18","ZONK","Long Island","NYIS","New York Independent System Operator","1921","megawatthours"
"2026-10-04T18","AE","Atlantic Electric zone","PJM","PJM Interconnection, LLC","991","megawatthours"
"2026-10-04T18","AEP","American Electric Power zone","PJM","PJM Interconnection, LLC","15119","megawatthours"
"2026-10-04T18","AP","Allegheny Power zone","PJM","PJM Interconnection, LLC","4878","megawatthours"
"2026-10-04T18","ATSI","American Transmission Systems, Inc. zone","PJM","PJM Interconnection, LLC","6619","megawatthours"
"2026-10-04T18","BC","Baltimore Gas & Electric zone","PJM","PJM Interconnection, LLC","2976","megawatthours"
"2026-10-04T18","CE","Commonwealth Edison zone","PJM","PJM Interconnection, LLC","8480","megawatthours"
"2026-10-04T18","DAY","Dayton Power & Light zone","PJM","PJM Interconnection, LLC","1659","megawatthours"
"2026-10-04T18","DEOK","Duke Energy Ohio/Kentucky zone","PJM","PJM Interconnection, LLC","2539","megawatthours"
"2026-10-04T18","DOM","Dominion Virginia Power zone","PJM","PJM Interconnection, LLC","15439","megawatthours"
"2026-10-04T18","DPL","Delmarva Power & Light zone","PJM","PJM Interconnection, LLC","1768","megawatthours"
"2026-10-04T18","DUQ","Duquesne Lighting Company zone","PJM","PJM Interconnection, LLC","1291","megawatthours"
"2026-10-04T18","EKPC","East Kentucky Power Cooperative zone","PJM","PJM Interconnection, LLC","1463","megawatthours"
"2026-10-04T18","JC","Jersey Central Power & Light zone","PJM","PJM Interconnection, LLC","2052","megawatthours"
"2026-10-04T18","ME","Metropolitan Edison zone","PJM","PJM Interconnection, LLC","1460","megawatthours"
"2026-10-04T18","PE","PECO Energy zone","PJM","PJM Interconnection, LLC","3770","megawatthours"
"2026-10-04T18","PEP","Potomac Electric Power zone","PJM","PJM Interconnection, LLC","2796","megawatthours"
"2026-10-04T18","PL","Pennsylvania Power & Light zone","PJM","PJM Interconnection, LLC","4121","megawatthours"
"2026-10-04T18","PN","Pennsylvania Electric zone","PJM","PJM Interconnection, LLC","1580","megawatthours"
"2026-10-04T18","PS","Public Service Electric & Gas zone","PJM","PJM Interconnection, LLC","3906","megawatthours"
"2026-10-04T18","RECO","Rockland Electric (East) zone","PJM","PJM Interconnection, LLC","144","megawatthours"
"2026-10-04T18","ACMA","City of Acoma Pueblo","PNM","Public Service Company of New Mexico","2","megawatthours"
"2026-10-04T18","CYGA","City of Gallup","PNM","Public Service Company of New Mexico","19","megawatthours"
"2026-10-04T18","Frep","Freeport","PNM","Public Service Company of New Mexico","30","megawatthours"
"2026-10-04T18","Jica","Jicarilla Apache Nation","PNM","Public Service Company of New Mexico","2","megawatthours"
"2026-10-04T18","KAFB","Kirtland Air Force Base","PNM","Public Service Company of New Mexico","50","megawatthours"
"2026-10-04T18","LAC","Los Alamos County","PNM","Public Service Company of New Mexico","69","megawatthours"
"2026-10-04T18","PNM","PNM System Firm Load","PNM","Public Service Company of New Mexico","1014","megawatthours"
"2026-10-04T18","TSGT","Tri-State Generation and Transmission","PNM","Public Service Company of New Mexico","221","megawatthours"
"2026-10-04T18","CSWS","AEPW American Electric Power West","SWPP","Southwest Power Pool","5344","megawatthours"
"2026-10-04T18","EDE","Empire District Electric Company","SWPP","Southwest Power Pool","607","megawatthours"
"2026-10-04T18","GRDA","Grand River Dam Authority","SWPP","Southwest Power Pool","1266","megawatthours"
"2026-10-04T18","INDN","Independence Power & Light","SWPP","Southwest Power Pool","101","megawatthours"
"2026-10-04T18","KACY","Kansas City Board of Public Utilities","SWPP","Southwest Power Pool","220","megawatthours"
"2026-10-04T18","KCPL","Kansas City Power & Light","SWPP","Southwest Power Pool","1885","megawatthours"
"2026-10-04T18","LES","Lincoln Electric System","SWPP","Southwest Power Pool","486","megawatthours"
"2026-10-04T18","MPS","KCP&L Greater Missouri Operations","SWPP","Southwest Power Pool","962","megawatthours"
"2026-10-04T18","NPPD","Nebraska Public Power District","SWPP","Southwest Power Pool","1769","megawatthours"
"2026-10-04T18","OKGE","Oklahoma Gas and Electric Co.","SWPP","Southwest Power Pool","4414","megawatthours"
"2026-10-04T18","OPPD","Omaha Public Power District","SWPP","Southwest Power Pool","1940","megawatthours"
"2026-10-04T18","SECI","Sunflower Electric","SWPP","Southwest Power Pool","669","megawatthours"
"2026-10-04T18","SPRM","City of Springfield","SWPP","Southwest Power Pool","379","megawatthours"
"2026-10-04T18","SPS","Southwestern Public Service Company","SWPP","Southwest Power Pool","4008","megawatthours"
"2026-10-04T18","WAUE","Western Area Power Upper Great Plains East","SWPP","Southwest Power Pool","3783","megawatthours"
"2026-10-04T18","WFEC","Western Farmers Electric Cooperative","SWPP","Southwest Power Pool","1069","megawatthours"
"2026-10-04T18","WR","Westar Energy","SWPP","Southwest Power Pool","3355","megawatthours"
"2026-10-04T18","PRPA","Platte River Power Authority - PRPA","SWPW","Southwest Power Pool West Balancing Authority Area","343","megawatthours"
"2026-10-04T18","WACM","Western Area Power Administration - Colorado Missouri Region - WACM","SWPW","Southwest Power Pool West Balancing Authority Area","2111","megawatthours"
"2026-10-04T18","WAUW","Western Area Power Administration - Upper Great Plains West - WAUW","SWPW","Southwest Power Pool West Balancing Authority Area","61","megawatthours"
"2026-10-04T17","BASI","Basin Electric Power Cooperative","BHBA","Black Hills Energy","213","megawatthours"
"2026-10-04T17","SDE","Black Hills Energy South Dakota Electric","BHBA","Black Hills Energy","254","megawatthours"
"2026-10-04T17","WYE","Black Hills Energy Wyoming Electric","BHBA","Black Hills Energy","364","megawatthours"
"2026-10-04T17","PGAE","Pacific Gas and Electric","CISO","California Independent System Operator","11178","megawatthours"
"2026-10-04T17","SCE","Southern California Edison","CISO","California Independent System Operator","20064","megawatthours"
"2026-10-04T17","SDGE","San Diego Gas and Electric","CISO","California Independent System Operator","3751","megawatthours"
"2026-10-04T17","VEA","Valley Electric Association","CISO","California Independent System Operator","53","megawatthours"
"2026-10-04T17","COAS","Coast","ERCO","Electric Reliability Council of Texas, Inc.","15001","megawatthours"
"2026-10-04T17","EAST","East","ERCO","Electric Reliability Council of Texas, Inc.","1672","megawatthours"
"2026-10-04T17","FWES","Far West","ERCO","Electric Reliability Council of Texas, Inc.","7363","megawatthours"
"2026-10-04T17","NCEN","North Central","ERCO","Electric Reliability Council of Texas, Inc.","14462","megawatthours"
"2026-10-04T17","NRTH","North","ERCO","Electric Reliability Council of Texas, Inc.","1678","megawatthours"
"2026-10-04T17","SCEN","South Central","ERCO","Electric Reliability Council of Texas, Inc.","9114","megawatthours"
"2026-10-04T17","SOUT","South","ERCO","Electric Reliability Council of Texas, Inc.","4572","megawatthours"
"2026-10-04T17","WEST","West","ERCO","Electric Reliability Council of Texas, Inc.","1947","megawatthours"
"2026-10-04T17","0001","Zone 1","MISO","Midcontinent Independent System Operator, Inc.","8956","megawatthours"
"2026-10-04T17","0004","Zone 4","MISO","Midcontinent Independent System Operator, Inc.","3411","megawatthours"
"2026-10-04T17","0006","Zone 6","MISO","Midcontinent Independent System Operator, Inc.","8825","megawatthours"
"2026-10-04T17","0027","Zones 2 and 7","MISO","Midcontinent Independent System Operator, Inc.","16054","megawatthours"
"2026-10-04T17","0035","Zones 3 and 5","MISO","Midcontinent Independent System Operator, Inc.","8991","megawatthours"
"2026-10-04T17","8910","Zones 8, 9, and 10","MISO","Midcontinent Independent System Operator, Inc.","20781","megawatthours"
"2026-10-04T17","ZONA","West","NYIS","New York Independent System Operator","1289","megawatthours"
"2026-10-04T17","ZONB","Genesee","NYIS","New York Independent System Operator","715","megawatthours"
"2026-10-04T17","ZONC","Central","NYIS","New York Independent System Operator","1146","megawatthours"
"2026-10-04T17","ZOND","North","NYIS","New York Independent System Operator","501","megawatthours"
"2026-10-04T17","ZONE","Mohawk Valley","NYIS","New York Independent System Operator","412","megawatthours"
"2026-10-04T17","ZONF","Capital","NYIS","New York Independent System Operator","714","megawatthours"
"2026-10-04T17","ZONG","Hudson Valley","NYIS","New York Independent System Operator","764","megawatthours"
"2026-10-04T17","ZONH","Millwood","NYIS","New York Independent System Operator","207","megawatthours"
"2026-10-04T17","ZONI","Dunwoodie","NYIS","New York Independent System Operator","555","megawatthours"
"2026-10-04T17","ZONJ","New York City","NYIS","New York Independent System Operator","5010","megawatthours"
"2026-10-04T17","ZONK","Long Island","NYIS","New York Independent System Operator","1850","megawatthours"
"2026-10-04T17","AE","Atlantic Electric zone","PJM","PJM Interconnection, LLC","995","megawatthours"
"2026-10-04T17","AEP","American Electric Power zone","PJM","PJM Interconnection, LLC","14894","megawatthours"
"2026-10-04T17","AP","Allegheny Power zone","PJM","PJM Interconnection, LLC","4851","megawatthours"
"2026-10-04T17","ATSI","American Transmission Systems, Inc. zone","PJM","PJM Interconnection, LLC","6549","megawatthours"
"2026-10-04T17","BC","Baltimore Gas & Electric zone","PJM","PJM Interconnection, LLC","2945","megawatthours"
"2026-10-04T17","CE","Commonwealth Edison zone","PJM","PJM Interconnection, LLC","8229","megawatthours"
"2026-10-04T17","DAY","Dayton Power & Light zone","PJM","PJM Interconnection, LLC","1634","megawatthours"
"2026-10-04T17","DEOK","Duke Energy Ohio/Kentucky zone","PJM","PJM Interconnection, LLC","2496","megawatthours"
"2026-10-04T17","DOM","Dominion Virginia Power zone","PJM","PJM Interconnection, LLC","15368","megawatthours"
"2026-10-04T17","DPL","Delmarva Power & Light zone","PJM","PJM Interconnection, LLC","1766","megawatthours"
"2026-10-04T17","DUQ","Duquesne Lighting Company zone","PJM","PJM Interconnection, LLC","1275","megawatthours"
"2026-10-04T17","EKPC","East Kentucky Power Cooperative zone","PJM","PJM Interconnection, LLC","1403","megawatthours"
"2026-10-04T17","JC","Jersey Central Power & Light zone","PJM","PJM Interconnection, LLC","2050","megawatthours"
"2026-10-04T17","ME","Metropolitan Edison zone","PJM","PJM Interconnection, LLC","1455","megawatthours"
"2026-10-04T17","PE","PECO Energy zone","PJM","PJM Interconnection, LLC","3756","megawatthours"
"2026-10-04T17","PEP","Potomac Electric Power zone","PJM","PJM Interconnection, LLC","2782","megawatthours"
"2026-10-04T17","PL","Pennsylvania Power & Light zone","PJM","PJM Interconnection, LLC","4090","megawatthours"
"2026-10-04T17","PN","Pennsylvania Electric zone","PJM","PJM Interconnection, LLC","1586","megawatthours"
"2026-10-04T17","PS","Public Service Electric & Gas zone","PJM","PJM Interconnection, LLC","3924","megawatthours"
"2026-10-04T17","RECO","Rockland Electric (East) zone","PJM","PJM Interconnection, LLC","141","megawatthours"
"2026-10-04T17","ACMA","City of Acoma Pueblo","PNM","Public Service Company of New Mexico","3","megawatthours"
"2026-10-04T17","CYGA","City of Gallup","PNM","Public Service Company of New Mexico","17","megawatthours"
"2026-10-04T17","Frep","Freeport","PNM","Public Service Company of New Mexico","23","megawatthours"
"2026-10-04T17","Jica","Jicarilla Apache Nation","PNM","Public Service Company of New Mexico","2","megawatthours"
"2026-10-04T17","KAFB","Kirtland Air Force Base","PNM","Public Service Company of New Mexico","49","megawatthours"
"2026-10-04T17","LAC","Los Alamos County","PNM","Public Service Company of New Mexico","69","megawatthours"
"2026-10-04T17","PNM","PNM System Firm Load","PNM","Public Service Company of New Mexico","1017","megawatthours"
"2026-10-04T17","TSGT","Tri-State Generation and Transmission","PNM","Public Service Company of New Mexico","219","megawatthours"
"2026-10-04T17","CSWS","AEPW American Electric Power West","SWPP","Southwest Power Pool","5160","megawatthours"
"2026-10-04T17","EDE","Empire District Electric Company","SWPP","Southwest Power Pool","575","megawatthours"
"2026-10-04T17","GRDA","Grand River Dam Authority","SWPP","Southwest Power Pool","1240","megawatthours"
"2026-10-04T17","INDN","Independence Power & Light","SWPP","Southwest Power Pool","93","megawatthours"
"2026-10-04T17","KACY","Kansas City Board of Public Utilities","SWPP","Southwest Power Pool","210","megawatthours"
"2026-10-04T17","KCPL","Kansas City Power & Light","SWPP","Southwest Power Pool","1789","megawatthours"
"2026-10-04T17","LES","Lincoln Electric System","SWPP","Southwest Power Pool","473","megawatthours"
"2026-10-04T17","MPS","KCP&L Greater Missouri Operations","SWPP","Southwest Power Pool","914","megawatthours"
"2026-10-04T17","NPPD","Nebraska Public Power District","SWPP","Southwest Power Pool","1738","megawatthours"
"2026-10-04T17","OKGE","Oklahoma Gas and Electric Co.","SWPP","Southwest Power Pool","4204","megawatthours"
"2026-10-04T17","OPPD","Omaha Public Power District","SWPP","Southwest Power Pool","1898","megawatthours"
"2026-10-04T17","SECI","Sunflower Electric","SWPP","Southwest Power Pool","650","megawatthours"
"2026-10-04T17","SPRM","City of Springfield","SWPP","Southwest Power Pool","355","megawatthours"
"2026-10-04T17","SPS","Southwestern Public Service Company","SWPP","Southwest Power Pool","3931","megawatthours"
"2026-10-04T17","WAUE","Western Area Power Upper Great Plains East","SWPP","Southwest Power Pool","3748","megawatthours"
"2026-10-04T17","WFEC","Western Farmers Electric Cooperative","SWPP","Southwest Power Pool","1036","megawatthours"
"2026-10-04T17","WR","Westar Energy","SWPP","Southwest Power Pool","3168","megawatthours"
"2026-10-04T17","PRPA","Platte River Power Authority - PRPA","SWPW","Southwest Power Pool West Balancing Authority Area","333","megawatthours"
"2026-10-04T17","WACM","Western Area Power Administration - Colorado Missouri Region - WACM","SWPW","Southwest Power Pool West Balancing Authority Area","2064","megawatthours"
"2026-10-04T17","WAUW","Western Area Power Administration - Upper Great Plains West - WAUW","SWPW","Southwest Power Pool West Balancing Authority Area","61","megawatthours"
"2026-10-04T16","BASI","Basin Electric Power Cooperative","BHBA","Black Hills Energy","221","megawatthours"
"2026-10-04T16","SDE","Black Hills Energy South Dakota Electric","BHBA","Black Hills Energy","248","megawatthours"
"2026-10-04T16","WYE","Black Hills Energy Wyoming Electric","BHBA","Black Hills Energy","362","megawatthours"
"2026-10-04T16","PGAE","Pacific Gas and Electric","CISO","California Independent System Operator","11170","megawatthours"
"2026-10-04T16","SCE","Southern California Edison","CISO","California Independent System Operator","17558","megawatthours"
"2026-10-04T16","SDGE","San Diego Gas and Electric","CISO","California Independent System Operator","3371","megawatthours"
"2026-10-04T16","VEA","Valley Electric Association","CISO","California Independent System Operator","50","megawatthours"
"2026-10-04T16","COAS","Coast","ERCO","Electric Reliability Council of Texas, Inc.","14682","megawatthours"
"2026-10-04T16","EAST","East","ERCO","Electric Reliability Council of Texas, Inc.","1710","megawatthours"
"2026-10-04T16","FWES","Far West","ERCO","Electric Reliability Council of Texas, Inc.","7433","megawatthours"
"2026-10-04T16","NCEN","North Central","ERCO","Electric Reliability Council of Texas, Inc.","14011","megawatthours"
"2026-10-04T16","NRTH","North","ERCO","Electric Reliability Council of Texas, Inc.","1668","megawatthours"
"2026-10-04T16","SCEN","South Central","ERCO","Electric Reliability Council of Texas, Inc.","8804","megawatthours"
"2026-10-04T16","SOUT","South","ERCO","Electric Reliability Council of Texas, Inc.","4433","megawatthours"
"2026-10-04T16","WEST","West","ERCO","Electric Reliability Council of Texas, Inc.","1904","megawatthours"
"2026-10-04T16","0001","Zone 1","MISO","Midcontinent Independent System Operator, Inc.","8865","megawatthours"
"2026-10-04T16","0004","Zone 4","MISO","Midcontinent Independent System Operator, Inc.","3380","megawatthours"
"2026-10-04T16","0006","Zone 6","MISO","Midcontinent Independent System Operator, Inc.","8709","megawatthours"
"2026-10-04T16","0027","Zones 2 and 7","MISO","Midcontinent Independent System Operator, Inc.","15769","megawatthours"
"2026-10-04T16","0035","Zones 3 and 5","MISO","Midcontinent Independent System Operator, Inc.","8691","megawatthours"
"2026-10-04T16","8910","Zones 8, 9, and 10","MISO","Midcontinent Independent System Operator, Inc.","20260","megawatthours"
"2026-10-04T16","ZONA","West","NYIS","New York Independent System Operator","1209","megawatthours"
"2026-10-04T16","ZONB","Genesee","NYIS","New York Independent System Operator","664","megawatthours"
"2026-10-04T16","ZONC","Central","NYIS","New York Independent System Operator","1053","megawatthours"
"2026-10-04T16","ZOND","North","NYIS","New York Independent System Operator","520","megawatthours"
"2026-10-04T16","ZONE","Mohawk Valley","NYIS","New York Independent System Operator","401","megawatthours"
"2026-10-04T16","ZONF","Capital","NYIS","New York Independent System Operator","755","megawatthours"
"2026-10-04T16","ZONG","Hudson Valley","NYIS","New York Independent System Operator","780","megawatthours"
"2026-10-04T16","ZONH","Millwood","NYIS","New York Independent System Operator","199","megawatthours"
"2026-10-04T16","ZONI","Dunwoodie","NYIS","New York Independent System Operator","542","megawatthours"
"2026-10-04T16","ZONJ","New York City","NYIS","New York Independent System Operator","4912","megawatthours"
"2026-10-04T16","ZONK","Long Island","NYIS","New York Independent System Operator","1770","megawatthours"
"2026-10-04T16","AE","Atlantic Electric zone","PJM","PJM Interconnection, LLC","986","megawatthours"
"2026-10-04T16","AEP","American Electric Power zone","PJM","PJM Interconnection, LLC","14692","megawatthours"
"2026-10-04T16","AP","Allegheny Power zone","PJM","PJM Interconnection, LLC","4784","megawatthours"
"2026-10-04T16","ATSI","American Transmission Systems, Inc. zone","PJM","PJM Interconnection, LLC","6400","megawatthours"
"2026-10-04T16","BC","Baltimore Gas & Electric zone","PJM","PJM Interconnection, LLC","2902","megawatthours"
"2026-10-04T16","CE","Commonwealth Edison zone","PJM","PJM Interconnection, LLC","8041","megawatthours"
"2026-10-04T16","DAY","Dayton Power & Light zone","PJM","PJM Interconnection, LLC","1588","megawatthours"
"2026-10-04T16","DEOK","Duke Energy Ohio/Kentucky zone","PJM","PJM Interconnection, LLC","2415","megawatthours"
"2026-10-04T16","DOM","Dominion Virginia Power zone","PJM","PJM Interconnection, LLC","15238","megawatthours"
"2026-10-04T16","DPL","Delmarva Power & Light zone","PJM","PJM Interconnection, LLC","1760","megawatthours"
"2026-10-04T16","DUQ","Duquesne Lighting Company zone","PJM","PJM Interconnection, LLC","1245","megawatthours"
"2026-10-04T16","EKPC","East Kentucky Power Cooperative zone","PJM","PJM Interconnection, LLC","1350","megawatthours"
"2026-10-04T16","JC","Jersey Central Power & Light zone","PJM","PJM Interconnection, LLC","2010","megawatthours"
"2026-10-04T16","ME","Metropolitan Edison zone","PJM","PJM Interconnection, LLC","1444","megawatthours"
"2026-10-04T16","PE","PECO Energy zone","PJM","PJM Interconnection, LLC","3694","megawatthours"
"2026-10-04T16","PEP","Potomac Electric Power zone","PJM","PJM Interconnection, LLC","2722","megawatthours"
"2026-10-04T16","PL","Pennsylvania Power & Light zone","PJM","PJM Interconnection, LLC","4015","megawatthours"
"2026-10-04T16","PN","Pennsylvania Electric zone","PJM","PJM Interconnection, LLC","1564","megawatthours"
"2026-10-04T16","PS","Public Service Electric & Gas zone","PJM","PJM Interconnection, LLC","3842","megawatthours"
"2026-10-04T16","RECO","Rockland Electric (East) zone","PJM","PJM Interconnection, LLC","140","megawatthours"
"2026-10-04T16","ACMA","City of Acoma Pueblo","PNM","Public Service Company of New Mexico","2","megawatthours"
"2026-10-04T16","CYGA","City of Gallup","PNM","Public Service Company of New Mexico","17","megawatthours"
"2026-10-04T16","Frep","Freeport","PNM","Public Service Company of New Mexico","17","megawatthours"
"2026-10-04T16","Jica","Jicarilla Apache Nation","PNM","Public Service Company of New Mexico","2","megawatthours"
"2026-10-04T16","KAFB","Kirtland Air Force Base","PNM","Public Service Company of New Mexico","48","megawatthours"
"2026-10-04T16","LAC","Los Alamos County","PNM","Public Service Company of New Mexico","69","megawatthours"
"2026-10-04T16","PNM","PNM System Firm Load","PNM","Public Service Company of New Mexico","1031","megawatthours"
"2026-10-04T16","TSGT","Tri-State Generation and Transmission","PNM","Public Service Company of New Mexico","220","megawatthours"
"2026-10-04T16","CSWS","AEPW American Electric Power West","SWPP","Southwest Power Pool","4962","megawatthours"
"2026-10-04T16","EDE","Empire District Electric Company","SWPP","Southwest Power Pool","546","megawatthours"
"2026-10-04T16","GRDA","Grand River Dam Authority","SWPP","Southwest Power Pool","1223","megawatthours"
"2026-10-04T16","INDN","Independence Power & Light","SWPP","Southwest Power Pool","90","megawatthours"
"2026-10-04T16","KACY","Kansas City Board of Public Utilities","SWPP","Southwest Power Pool","203","megawatthours"
"2026-10-04T16","KCPL","Kansas City Power & Light","SWPP","Southwest Power Pool","1713","megawatthours"
"2026-10-04T16","LES","Lincoln Electric System","SWPP","Southwest Power Pool","454","megawatthours"
"2026-10-04T16","MPS","KCP&L Greater Missouri Operations","SWPP","Southwest Power Pool","865","megawatthours"
"2026-10-04T16","NPPD","Nebraska Public Power District","SWPP","Southwest Power Pool","1714","megawatthours"
"2026-10-04T16","OKGE","Oklahoma Gas and Electric Co.","SWPP","Southwest Power Pool","3997","megawatthours"
"2026-10-04T16","OPPD","Omaha Public Power District","SWPP","Southwest Power Pool","1840","megawatthours"
"2026-10-04T16","SECI","Sunflower Electric","SWPP","Southwest Power Pool","630","megawatthours"
"2026-10-04T16","SPRM","City of Springfield","SWPP","Southwest Power Pool","331","megawatthours"
"2026-10-04T16","SPS","Southwestern Public Service Company","SWPP","Southwest Power Pool","3893","megawatthours"
"2026-10-04T16","WAUE","Western Area Power Upper Great Plains East","SWPP","Southwest Power Pool","3722","megawatthours"
"2026-10-04T16","WFEC","Western Farmers Electric Cooperative","SWPP","Southwest Power Pool","993","megawatthours"
"2026-10-04T16","WR","Westar Energy","SWPP","Southwest Power Pool","3017","megawatthours"
"2026-10-04T16","PRPA","Platte River Power Authority - PRPA","SWPW","Southwest Power Pool West Balancing Authority Area","327","megawatthours"
"2026-10-04T16","WACM","Western Area Power Administration - Colorado Missouri Region - WACM","SWPW","Southwest Power Pool West Balancing Authority Area","2043","megawatthours"
"2026-10-04T16","WAUW","Western Area Power Administration - Upper Great Plains West - WAUW","SWPW","Southwest Power Pool West Balancing Authority Area","60","megawatthours"
"2026-10-04T15","BASI","Basin Electric Power Cooperative","BHBA","Black Hills Energy","223","megawatthours"
"2026-10-04T15","SDE","Black Hills Energy South Dakota Electric","BHBA","Black Hills Energy","239","megawatthours"
"2026-10-04T15","WYE","Black Hills Energy Wyoming Electric","BHBA","Black Hills Energy","359","megawatthours"
"2026-10-04T15","PGAE","Pacific Gas and Electric","CISO","California Independent System Operator","10807","megawatthours"
"2026-10-04T15","SCE","Southern California Edison","CISO","California Independent System Operator","12991","megawatthours"
"2026-10-04T15","SDGE","San Diego Gas and Electric","CISO","California Independent System Operator","2898","megawatthours"
"2026-10-04T15","VEA","Valley Electric Association","CISO","California Independent System Operator","48","megawatthours"
"2026-10-04T15","COAS","Coast","ERCO","Electric Reliability Council of Texas, Inc.","14111","megawatthours"
"2026-10-04T15","EAST","East","ERCO","Electric Reliability Council of Texas, Inc.","1660","megawatthours"
"2026-10-04T15","FWES","Far West","ERCO","Electric Reliability Council of Texas, Inc.","7491","megawatthours"
"2026-10-04T15","NCEN","North Central","ERCO","Electric Reliability Council of Texas, Inc.","13446","megawatthours"
"2026-10-04T15","NRTH","North","ERCO","Electric Reliability Council of Texas, Inc.","1612","megawatthours"
"2026-10-04T15","SCEN","South Central","ERCO","Electric Reliability Council of Texas, Inc.","8444","megawatthours"
"2026-10-04T15","SOUT","South","ERCO","Electric Reliability Council of Texas, Inc.","4407","megawatthours"
"2026-10-04T15","WEST","West","ERCO","Electric Reliability Council of Texas, Inc.","1848","megawatthours"
"2026-10-04T15","0001","Zone 1","MISO","Midcontinent Independent System Operator, Inc.","8919","megawatthours"
"2026-10-04T15","0004","Zone 4","MISO","Midcontinent Independent System Operator, Inc.","3400","megawatthours"
"2026-10-04T15","0006","Zone 6","MISO","Midcontinent Independent System Operator, Inc.","8517","megawatthours"
"2026-10-04T15","0027","Zones 2 and 7","MISO","Midcontinent Independent System Operator, Inc.","15522","megawatthours"
"2026-10-04T15","0035","Zones 3 and 5","MISO","Midcontinent Independent System Operator, Inc.","8542","megawatthours"
"2026-10-04T15","8910","Zones 8, 9, and 10","MISO","Midcontinent Independent System Operator, Inc.","19782","megawatthours"
"2026-10-04T15","ZONA","West","NYIS","New York Independent System Operator","1170","megawatthours"
"2026-10-04T15","ZONB","Genesee","NYIS","New York Independent System Operator","678","megawatthours"
"2026-10-04T15","ZONC","Central","NYIS","New York Independent System Operator","904","megawatthours"
"2026-10-04T15","ZOND","North","NYIS","New York Independent System Operator","530","megawatthours"
"2026-10-04T15","ZONE","Mohawk Valley","NYIS","New York Independent System Operator","485","megawatthours"
"2026-10-04T15","ZONF","Capital","NYIS","New York Independent System Operator","790","megawatthours"
"2026-10-04T15","ZONG","Hudson Valley","NYIS","New York Independent System Operator","799","megawatthours"
"2026-10-04T15","ZONH","Millwood","NYIS","New York Independent System Operator","202","megawatthours"
"2026-10-04T15","ZONI","Dunwoodie","NYIS","New York Independent System Operator","525","megawatthours"
"2026-10-04T15","ZONJ","New York City","NYIS","New York Independent System Operator","4824","megawatthours"
"2026-10-04T15","ZONK","Long Island","NYIS","New York Independent System Operator","1697","megawatthours"
"2026-10-04T15","AE","Atlantic Electric zone","PJM","PJM Interconnection, LLC","964","megawatthours"
"2026-10-04T15","AEP","American Electric Power zone","PJM","PJM Interconnection, LLC","14542","megawatthours"
"2026-10-04T15","AP","Allegheny Power zone","PJM","PJM Interconnection, LLC","4711","megawatthours"
"2026-10-04T15","ATSI","American Transmission Systems, Inc. zone","PJM","PJM Interconnection, LLC","6340","megawatthours"
"2026-10-04T15","BC","Baltimore Gas & Electric zone","PJM","PJM Interconnection, LLC","2837","megawatthours"
"2026-10-04T15","CE","Commonwealth Edison zone","PJM","PJM Interconnection, LLC","7861","megawatthours"
"2026-10-04T15","DAY","Dayton Power & Light zone","PJM","PJM Interconnection, LLC","1543","megawatthours"
"2026-10-04T15","DEOK","Duke Energy Ohio/Kentucky zone","PJM","PJM Interconnection, LLC","2359","megawatthours"
"2026-10-04T15","DOM","Dominion Virginia Power zone","PJM","PJM Interconnection, LLC","14982","megawatthours"
"2026-10-04T15","DPL","Delmarva Power & Light zone","PJM","PJM Interconnection, LLC","1722","megawatthours"
"2026-10-04T15","DUQ","Duquesne Lighting Company zone","PJM","PJM Interconnection, LLC","1196","megawatthours"
"2026-10-04T15","EKPC","East Kentucky Power Cooperative zone","PJM","PJM Interconnection, LLC","1234","megawatthours"
"2026-10-04T15","JC","Jersey Central Power & Light zone","PJM","PJM Interconnection, LLC","1982","megawatthours"
"2026-10-04T15","ME","Metropolitan Edison zone","PJM","PJM Interconnection, LLC","1417","megawatthours"
"2026-10-04T15","PE","PECO Energy zone","PJM","PJM Interconnection, LLC","3610","megawatthours"
"2026-10-04T15","PEP","Potomac Electric Power zone","PJM","PJM Interconnection, LLC","2679","megawatthours"
"2026-10-04T15","PL","Pennsylvania Power & Light zone","PJM","PJM Interconnection, LLC","3949","megawatthours"
"2026-10-04T15","PN","Pennsylvania Electric zone","PJM","PJM Interconnection, LLC","1570","megawatthours"
"2026-10-04T15","PS","Public Service Electric & Gas zone","PJM","PJM Interconnection, LLC","3797","megawatthours"
"2026-10-04T15","RECO","Rockland Electric (East) zone","PJM","PJM Interconnection, LLC","136","megawatthours"
"2026-10-04T15","ACMA","City of Acoma Pueblo","PNM","Public Service Company of New Mexico","2","megawatthours"
"2026-10-04T15","CYGA","City of Gallup","PNM","Public Service Company of New Mexico","17","megawatthours"
"2026-10-04T15","Frep","Freeport","PNM","Public Service Company of New Mexico","14","megawatthours"
"2026-10-04T15","Jica","Jicarilla Apache Nation","PNM","Public Service Company of New Mexico","2","megawatthours"
"2026-10-04T15","KAFB","Kirtland Air Force Base","PNM","Public Service Company of New Mexico","48","megawatthours"
"2026-10-04T15","KCEC","Kit Carson Electric Cooperative","PNM","Public Service Company of New Mexico","3","megawatthours"
"2026-10-04T15","LAC","Los Alamos County","PNM","Public Service Company of New Mexico","69","megawatthours"
"2026-10-04T15","PNM","PNM System Firm Load","PNM","Public Service Company of New Mexico","1036","megawatthours"
"2026-10-04T15","TSGT","Tri-State Generation and Transmission","PNM","Public Service Company of New Mexico","219","megawatthours"
"2026-10-04T15","CSWS","AEPW American Electric Power West","SWPP","Southwest Power Pool","4737","megawatthours"
"2026-10-04T15","EDE","Empire District Electric Company","SWPP","Southwest Power Pool","527","megawatthours"
"2026-10-04T15","GRDA","Grand River Dam Authority","SWPP","Southwest Power Pool","1185","megawatthours"
"2026-10-04T15","INDN","Independence Power & Light","SWPP","Southwest Power Pool","86","megawatthours"
"2026-10-04T15","KACY","Kansas City Board of Public Utilities","SWPP","Southwest Power Pool","194","megawatthours"
"2026-10-04T15","KCPL","Kansas City Power & Light","SWPP","Southwest Power Pool","1640","megawatthours"
"2026-10-04T15","LES","Lincoln Electric System","SWPP","Southwest Power Pool","432","megawatthours"
"2026-10-04T15","MPS","KCP&L Greater Missouri Operations","SWPP","Southwest Power Pool","820","megawatthours"
"2026-10-04T15","NPPD","Nebraska Public Power District","SWPP","Southwest Power Pool","1683","megawatthours"
"2026-10-04T15","OKGE","Oklahoma Gas and Electric Co.","SWPP","Southwest Power Pool","3800","megawatthours"
"2026-10-04T15","OPPD","Omaha Public Power District","SWPP","Southwest Power Pool","1785","megawatthours"
"2026-10-04T15","SECI","Sunflower Electric","SWPP","Southwest Power Pool","617","megawatthours"
"2026-10-04T15","SPRM","City of Springfield","SWPP","Southwest Power Pool","313","megawatthours"
"2026-10-04T15","SPS","Southwestern Public Service Company","SWPP","Southwest Power Pool","3845","megawatthours"
"2026-10-04T15","WAUE","Western Area Power Upper Great Plains East","SWPP","Southwest Power Pool","3703","megawatthours"
"2026-10-04T15","WFEC","Western Farmers Electric Cooperative","SWPP","Southwest Power Pool","952","megawatthours"
"2026-10-04T15","WR","Westar Energy","SWPP","Southwest Power Pool","2911","megawatthours"
"2026-10-04T15","PRPA","Platte River Power Authority - PRPA","SWPW","Southwest Power Pool West Balancing Authority Area","319","megawatthours"
"2026-10-04T15","WACM","Western Area Power Administration - Colorado Missouri Region - WACM","SWPW","Southwest Power Pool West Balancing Authority Area","2033","megawatthours"
"2026-10-04T15","WAUW","Western Area Power Administration - Upper Great Plains West - WAUW","SWPW","Southwest Power Pool West Balancing Authority Area","59","megawatthours"
"2026-10-04T14","BASI","Basin Electric Power Cooperative","BHBA","Black Hills Energy","211","megawatthours"
"2026-10-04T14","SDE","Black Hills Energy South Dakota Electric","BHBA","Black Hills Energy","229","megawatthours"
"2026-10-04T14","WYE","Black Hills Energy Wyoming Electric","BHBA","Black Hills Energy","357","megawatthours"
"2026-10-04T14","PGAE","Pacific Gas and Electric","CISO","California Independent System Operator","10412","megawatthours"
"2026-10-04T14","SCE","Southern California Edison","CISO","California Independent System Operator","11503","megawatthours"
"2026-10-04T14","SDGE","San Diego Gas and Electric","CISO","California Independent System Operator","2961","megawatthours"
"2026-10-04T14","VEA","Valley Electric Association","CISO","California Independent System Operator","48","megawatthours"
"2026-10-04T14","COAS","Coast","ERCO","Electric Reliability Council of Texas, Inc.","13643","megawatthours"
"2026-10-04T14","EAST","East","ERCO","Electric Reliability Council of Texas, Inc.","1541","megawatthours"
"2026-10-04T14","FWES","Far West","ERCO","Electric Reliability Council of Texas, Inc.","7419","megawatthours"
"2026-10-04T14","NCEN","North Central","ERCO","Electric Reliability Council of Texas, Inc.","12899","megawatthours"
"2026-10-04T14","NRTH","North","ERCO","Electric Reliability Council of Texas, Inc.","1562","megawatthours"
"2026-10-04T14","SCEN","South Central","ERCO","Electric Reliability Council of Texas, Inc.","8080","megawatthours"
"2026-10-04T14","SOUT","South","ERCO","Electric Reliability Council of Texas, Inc.","4258","megawatthours"
"2026-10-04T14","WEST","West","ERCO","Electric Reliability Council of Texas, Inc.","1839","megawatthours"
"2026-10-04T14","0001","Zone 1","MISO","Midcontinent Independent System Operator, Inc.","9097","megawatthours"
"2026-10-04T14","0004","Zone 4","MISO","Midcontinent Independent System Operator, Inc.","3572","megawatthours"
"2026-10-04T14","0006","Zone 6","MISO","Midcontinent Independent System Operator, Inc.","8342","megawatthours"
"2026-10-04T14","0027","Zones 2 and 7","MISO","Midcontinent Independent System Operator, Inc.","15310","megawatthours"
"2026-10-04T14","0035","Zones 3 and 5","MISO","Midcontinent Independent System Operator, Inc.","8329","megawatthours"
"2026-10-04T14","8910","Zones 8, 9, and 10","MISO","Midcontinent Independent System Operator, Inc.","19380","megawatthours"
"2026-10-04T14","ZONA","West","NYIS","New York Independent System Operator","1196","megawatthours"
"2026-10-04T14","ZONB","Genesee","NYIS","New York Independent System Operator","696","megawatthours"
"2026-10-04T14","ZONC","Central","NYIS","New York Independent System Operator","988","megawatthours"
"2026-10-04T14","ZOND","North","NYIS","New York Independent System Operator","498","megawatthours"
"2026-10-04T14","ZONE","Mohawk Valley","NYIS","New York Independent System Operator","570","megawatthours"
"2026-10-04T14","ZONF","Capital","NYIS","New York Independent System Operator","840","megawatthours"
"2026-10-04T14","ZONG","Hudson Valley","NYIS","New York Independent System Operator","825","megawatthours"
"2026-10-04T14","ZONH","Millwood","NYIS","New York Independent System Operator","193","megawatthours"
"2026-10-04T14","ZONI","Dunwoodie","NYIS","New York Independent System Operator","499","megawatthours"
"2026-10-04T14","ZONJ","New York City","NYIS","New York Independent System Operator","4664","megawatthours"
"2026-10-04T14","ZONK","Long Island","NYIS","New York Independent System Operator","1649","megawatthours"
"2026-10-04T14","AE","Atlantic Electric zone","PJM","PJM Interconnection, LLC","927","megawatthours"
"2026-10-04T14","AEP","American Electric Power zone","PJM","PJM Interconnection, LLC","14289","megawatthours"
"2026-10-04T14","AP","Allegheny Power zone","PJM","PJM Interconnection, LLC","4650","megawatthours"
"2026-10-04T14","ATSI","American Transmission Systems, Inc. zone","PJM","PJM Interconnection, LLC","6211","megawatthours"
"2026-10-04T14","BC","Baltimore Gas & Electric zone","PJM","PJM Interconnection, LLC","2742","megawatthours"
"2026-10-04T14","CE","Commonwealth Edison zone","PJM","PJM Interconnection, LLC","7834","megawatthours"
"2026-10-04T14","DAY","Dayton Power & Light zone","PJM","PJM Interconnection, LLC","1507","megawatthours"
"2026-10-04T14","DEOK","Duke Energy Ohio/Kentucky zone","PJM","PJM Interconnection, LLC","2264","megawatthours"
"2026-10-04T14","DOM","Dominion Virginia Power zone","PJM","PJM Interconnection, LLC","14673","megawatthours"
"2026-10-04T14","DPL","Delmarva Power & Light zone","PJM","PJM Interconnection, LLC","1670","megawatthours"
"2026-10-04T14","DUQ","Duquesne Lighting Company zone","PJM","PJM Interconnection, LLC","1177","megawatthours"
"2026-10-04T14","EKPC","East Kentucky Power Cooperative zone","PJM","PJM Interconnection, LLC","1133","megawatthours"
"2026-10-04T14","JC","Jersey Central Power & Light zone","PJM","PJM Interconnection, LLC","1873","megawatthours"
"2026-10-04T14","ME","Metropolitan Edison zone","PJM","PJM Interconnection, LLC","1377","megawatthours"
"2026-10-04T14","PE","PECO Energy zone","PJM","PJM Interconnection, LLC","3497","megawatthours"
"2026-10-04T14","PEP","Potomac Electric Power zone","PJM","PJM Interconnection, LLC","2601","megawatthours"
"2026-10-04T14","PL","Pennsylvania Power & Light zone","PJM","PJM Interconnection, LLC","3868","megawatthours"
"2026-10-04T14","PN","Pennsylvania Electric zone","PJM","PJM Interconnection, LLC","1537","megawatthours"
"2026-10-04T14","PS","Public Service Electric & Gas zone","PJM","PJM Interconnection, LLC","3681","megawatthours"
"2026-10-04T14","RECO","Rockland Electric (East) zone","PJM","PJM Interconnection, LLC","132","megawatthours"
"2026-10-04T14","ACMA","City of Acoma Pueblo","PNM","Public Service Company of New Mexico","2","megawatthours"
"2026-10-04T14","CYGA","City of Gallup","PNM","Public Service Company of New Mexico","16","megawatthours"
"2026-10-04T14","Frep","Freeport","PNM","Public Service Company of New Mexico","8","megawatthours"
"2026-10-04T14","Jica","Jicarilla Apache Nation","PNM","Public Service Company of New Mexico","2","megawatthours"
"2026-10-04T14","KAFB","Kirtland Air Force Base","PNM","Public Service Company of New Mexico","47","megawatthours"
"2026-10-04T14","KCEC","Kit Carson Electric Cooperative","PNM","Public Service Company of New Mexico","24","megawatthours"
"2026-10-04T14","LAC","Los Alamos County","PNM","Public Service Company of New Mexico","70","megawatthours"
"2026-10-04T14","PNM","PNM System Firm Load","PNM","Public Service Company of New Mexico","987","megawatthours"
"2026-10-04T14","TSGT","Tri-State Generation and Transmission","PNM","Public Service Company of New Mexico","219","megawatthours"
"2026-10-04T14","CSWS","AEPW American Electric Power West","SWPP","Southwest Power Pool","4463","megawatthours"
"2026-10-04T14","EDE","Empire District Electric Company","SWPP","Southwest Power Pool","506","megawatthours"
"2026-10-04T14","GRDA","Grand River Dam Authority","SWPP","Southwest Power Pool","1154","megawatthours"
"2026-10-04T14","INDN","Independence Power & Light","SWPP","Southwest Power Pool","83","megawatthours"
"2026-10-04T14","KACY","Kansas City Board of Public Utilities","SWPP","Southwest Power Pool","183","megawatthours"
"2026-10-04T14","KCPL","Kansas City Power & Light","SWPP","Southwest Power Pool","1568","megawatthours"
"2026-10-04T14","LES","Lincoln Electric System","SWPP","Southwest Power Pool","415","megawatthours"
"2026-10-04T14","MPS","KCP&L Greater Missouri Operations","SWPP","Southwest Power Pool","802","megawatthours"
"2026-10-04T14","NPPD","Nebraska Public Power District","SWPP","Southwest Power Pool","1641","megawatthours"
"2026-10-04T14","OKGE","Oklahoma Gas and Electric Co.","SWPP","Southwest Power Pool","3663","megawatthours"
"2026-10-04T14","OPPD","Omaha Public Power District","SWPP","Southwest Power Pool","1730","megawatthours"
"2026-10-04T14","SECI","Sunflower Electric","SWPP","Southwest Power Pool","607","megawatthours"
"2026-10-04T14","SPRM","City of Springfield","SWPP","Southwest Power Pool","296","megawatthours"
"2026-10-04T14","SPS","Southwestern Public Service Company","SWPP","Southwest Power Pool","3774","megawatthours"
"2026-10-04T14","WAUE","Western Area Power Upper Great Plains East","SWPP","Southwest Power Pool","3693","megawatthours"
"2026-10-04T14","WFEC","Western Farmers Electric Cooperative","SWPP","Southwest Power Pool","935","megawatthours"
"2026-10-04T14","WR","Westar Energy","SWPP","Southwest Power Pool","2831","megawatthours"
"2026-10-04T14","PRPA","Platte River Power Authority - PRPA","SWPW","Southwest Power Pool West Balancing Authority Area","307","megawatthours"
"2026-10-04T14","WACM","Western Area Power Administration - Colorado Missouri Region - WACM","SWPW","Southwest Power Pool West Balancing Authority Area","2036","megawatthours"
"2026-10-04T14","WAUW","Western Area Power Administration - Upper Great Plains West - WAUW","SWPW","Southwest Power Pool West Balancing Authority Area","55","megawatthours"
"2026-10-04T13","BASI","Basin Electric Power Cooperative","BHBA","Black Hills Energy","199","megawatthours"
"2026-10-04T13","SDE","Black Hills Energy South Dakota Electric","BHBA","Black Hills Energy","217","megawatthours"
"2026-10-04T13","WYE","Black Hills Energy Wyoming Electric","BHBA","Black Hills Energy","356","megawatthours"
"2026-10-04T13","PGAE","Pacific Gas and Electric","CISO","California Independent System Operator","10256","megawatthours"
"2026-10-04T13","SCE","Southern California Edison","CISO","California Independent System Operator","11572","megawatthours"
"2026-10-04T13","SDGE","San Diego Gas and Electric","CISO","California Independent System Operator","3023","megawatthours"
"2026-10-04T13","VEA","Valley Electric Association","CISO","California Independent System Operator","46","megawatthours"
"2026-10-04T13","COAS","Coast","ERCO","Electric Reliability Council of Texas, Inc.","13429","megawatthours"
"2026-10-04T13","EAST","East","ERCO","Electric Reliability Council of Texas, Inc.","1554","megawatthours"
"2026-10-04T13","FWES","Far West","ERCO","Electric Reliability Council of Texas, Inc.","7430","megawatthours"
"2026-10-04T13","NCEN","North Central","ERCO","Electric Reliability Council of Texas, Inc.","12514","megawatthours"
"2026-10-04T13","NRTH","North","ERCO","Electric Reliability Council of Texas, Inc.","1554","megawatthours"
"2026-10-04T13","SCEN","South Central","ERCO","Electric Reliability Council of Texas, Inc.","7841","megawatthours"
"2026-10-04T13","SOUT","South","ERCO","Electric Reliability Council of Texas, Inc.","4248","megawatthours"
"2026-10-04T13","WEST","West","ERCO","Electric Reliability Council of Texas, Inc.","1860","megawatthours"
"2026-10-04T13","0001","Zone 1","MISO","Midcontinent Independent System Operator, Inc.","9099","megawatthours"
"2026-10-04T13","0004","Zone 4","MISO","Midcontinent Independent System Operator, Inc.","3766","megawatthours"
"2026-10-04T13","0006","Zone 6","MISO","Midcontinent Independent System Operator, Inc.","8121","megawatthours"
"2026-10-04T13","0027","Zones 2 and 7","MISO","Midcontinent Independent System Operator, Inc.","14768","megawatthours"
"2026-10-04T13","0035","Zones 3 and 5","MISO","Midcontinent Independent System Operator, Inc.","8099","megawatthours"
"2026-10-04T13","8910","Zones 8, 9, and 10","MISO","Midcontinent Independent System Operator, Inc.","18861","megawatthours"
"2026-10-04T13","ZONA","West","NYIS","New York Independent System Operator","1260","megawatthours"
"2026-10-04T13","ZONB","Genesee","NYIS","New York Independent System Operator","773","megawatthours"
"2026-10-04T13","ZONC","Central","NYIS","New York Independent System Operator","1254","megawatthours"
"2026-10-04T13","ZOND","North","NYIS","New York Independent System Operator","528","megawatthours"
"2026-10-04T13","ZONE","Mohawk Valley","NYIS","New York Independent System Operator","642","megawatthours"
"2026-10-04T13","ZONF","Capital","NYIS","New York Independent System Operator","969","megawatthours"
"2026-10-04T13","ZONG","Hudson Valley","NYIS","New York Independent System Operator","824","megawatthours"
"2026-10-04T13","ZONH","Millwood","NYIS","New York Independent System Operator","184","megawatthours"
"2026-10-04T13","ZONI","Dunwoodie","NYIS","New York Independent System Operator","480","megawatthours"
"2026-10-04T13","ZONJ","New York City","NYIS","New York Independent System Operator","4514","megawatthours"
"2026-10-04T13","ZONK","Long Island","NYIS","New York Independent System Operator","1628","megawatthours"
"2026-10-04T13","AE","Atlantic Electric zone","PJM","PJM Interconnection, LLC","914","megawatthours"
"2026-10-04T13","AEP","American Electric Power zone","PJM","PJM Interconnection, LLC","13823","megawatthours"
"2026-10-04T13","AP","Allegheny Power zone","PJM","PJM Interconnection, LLC","4469","megawatthours"
"2026-10-04T13","ATSI","American Transmission Systems, Inc. zone","PJM","PJM Interconnection, LLC","6068","megawatthours"
"2026-10-04T13","BC","Baltimore Gas & Electric zone","PJM","PJM Interconnection, LLC","2616","megawatthours"
"2026-10-04T13","CE","Commonwealth Edison zone","PJM","PJM Interconnection, LLC","8003","megawatthours"
"2026-10-04T13","DAY","Dayton Power & Light zone","PJM","PJM Interconnection, LLC","1488","megawatthours"
"2026-10-04T13","DEOK","Duke Energy Ohio/Kentucky zone","PJM","PJM Interconnection, LLC","2183","megawatthours"
"2026-10-04T13","DOM","Dominion Virginia Power zone","PJM","PJM Interconnection, LLC","14218","megawatthours"
"2026-10-04T13","DPL","Delmarva Power & Light zone","PJM","PJM Interconnection, LLC","1588","megawatthours"
"2026-10-04T13","DUQ","Duquesne Lighting Company zone","PJM","PJM Interconnection, LLC","1134","megawatthours"
"2026-10-04T13","EKPC","East Kentucky Power Cooperative zone","PJM","PJM Interconnection, LLC","1077","megawatthours"
"2026-10-04T13","JC","Jersey Central Power & Light zone","PJM","PJM Interconnection, LLC","1865","megawatthours"
"2026-10-04T13","ME","Metropolitan Edison zone","PJM","PJM Interconnection, LLC","1321","megawatthours"
"2026-10-04T13","PE","PECO Energy zone","PJM","PJM Interconnection, LLC","3333","megawatthours"
"2026-10-04T13","PEP","Potomac Electric Power zone","PJM","PJM Interconnection, LLC","2478","megawatthours"
"2026-10-04T13","PL","Pennsylvania Power & Light zone","PJM","PJM Interconnection, LLC","3723","megawatthours"
"2026-10-04T13","PN","Pennsylvania Electric zone","PJM","PJM Interconnection, LLC","1506","megawatthours"
"2026-10-04T13","PS","Public Service Electric & Gas zone","PJM","PJM Interconnection, LLC","3617","megawatthours"
"2026-10-04T13","RECO","Rockland Electric (East) zone","PJM","PJM Interconnection, LLC","129","megawatthours"
"2026-10-04T13","ACMA","City of Acoma Pueblo","PNM","Public Service Company of New Mexico","2","megawatthours"
"2026-10-04T13","CYGA","City of Gallup","PNM","Public Service Company of New Mexico","15","megawatthours"
"2026-10-04T13","Frep","Freeport","PNM","Public Service Company of New Mexico","6","megawatthours"
"2026-10-04T13","Jica","Jicarilla Apache Nation","PNM","Public Service Company of New Mexico","2","megawatthours"
"2026-10-04T13","KAFB","Kirtland Air Force Base","PNM","Public Service Company of New Mexico","48","megawatthours"
"2026-10-04T13","KCEC","Kit Carson Electric Cooperative","PNM","Public Service Company of New Mexico","27","megawatthours"
"2026-10-04T13","LAC","Los Alamos County","PNM","Public Service Company of New Mexico","70","megawatthours"
"2026-10-04T13","PNM","PNM System Firm Load","PNM","Public Service Company of New Mexico","979","megawatthours"
"2026-10-04T13","TSGT","Tri-State Generation and Transmission","PNM","Public Service Company of New Mexico","216","megawatthours"
"2026-10-04T13","CSWS","AEPW American Electric Power West","SWPP","Southwest Power Pool","4271","megawatthours"
"2026-10-04T13","EDE","Empire District Electric Company","SWPP","Southwest Power Pool","482","megawatthours"
"2026-10-04T13","GRDA","Grand River Dam Authority","SWPP","Southwest Power Pool","1137","megawatthours"
"2026-10-04T13","INDN","Independence Power & Light","SWPP","Southwest Power Pool","81","megawatthours"
"2026-10-04T13","KACY","Kansas City Board of Public Utilities","SWPP","Southwest Power Pool","177","megawatthours"
"2026-10-04T13","KCPL","Kansas City Power & Light","SWPP","Southwest Power Pool","1505","megawatthours"
"2026-10-04T13","LES","Lincoln Electric System","SWPP","Southwest Power Pool","399","megawatthours"
"2026-10-04T13","MPS","KCP&L Greater Missouri Operations","SWPP","Southwest Power Pool","756","megawatthours"
"2026-10-04T13","NPPD","Nebraska Public Power District","SWPP","Southwest Power Pool","1615","megawatthours"
"2026-10-04T13","OKGE","Oklahoma Gas and Electric Co.","SWPP","Southwest Power Pool","3572","megawatthours"
"2026-10-04T13","OPPD","Omaha Public Power District","SWPP","Southwest Power Pool","1683","megawatthours"
"2026-10-04T13","SECI","Sunflower Electric","SWPP","Southwest Power Pool","600","megawatthours"
"2026-10-04T13","SPRM","City of Springfield","SWPP","Southwest Power Pool","281","megawatthours"
"2026-10-04T13","SPS","Southwestern Public Service Company","SWPP","Southwest Power Pool","3759","megawatthours"
"2026-10-04T13","WAUE","Western Area Power Upper Great Plains East","SWPP","Southwest Power Pool","3626","megawatthours"
"2026-10-04T13","WFEC","Western Farmers Electric Cooperative","SWPP","Southwest Power Pool","898","megawatthours"
"2026-10-04T13","WR","Westar Energy","SWPP","Southwest Power Pool","2769","megawatthours"
"2026-10-04T13","PRPA","Platte River Power Authority - PRPA","SWPW","Southwest Power Pool West Balancing Authority Area","298","megawatthours"
"2026-10-04T13","WACM","Western Area Power Administration - Colorado Missouri Region - WACM","SWPW","Southwest Power Pool West Balancing Authority Area","2016","megawatthours"
"2026-10-04T13","WAUW","Western Area Power Administration - Upper Great Plains West - WAUW","SWPW","Southwest Power Pool West Balancing Authority Area","53","megawatthours"
"2026-10-04T12","BASI","Basin Electric Power Cooperative","BHBA","Black Hills Energy","210","megawatthours"
"2026-10-04T12","SDE","Black Hills Energy South Dakota Electric","BHBA","Black Hills Energy","208","megawatthours"
"2026-10-04T12","WYE","Black Hills Energy Wyoming Electric","BHBA","Black Hills Energy","353","megawatthours"
"2026-10-04T12","PGAE","Pacific Gas and Electric","CISO","California Independent System Operator","10208","megawatthours"
"2026-10-04T12","SCE","Southern California Edison","CISO","California Independent System Operator","11758","megawatthours"
"2026-10-04T12","SDGE","San Diego Gas and Electric","CISO","California Independent System Operator","3074","megawatthours"
"2026-10-04T12","VEA","Valley Electric Association","CISO","California Independent System Operator","44","megawatthours"
"2026-10-04T12","COAS","Coast","ERCO","Electric Reliability Council of Texas, Inc.","13345","megawatthours"
"2026-10-04T12","EAST","East","ERCO","Electric Reliability Council of Texas, Inc.","1488","megawatthours"
"2026-10-04T12","FWES","Far West","ERCO","Electric Reliability Council of Texas, Inc.","7404","megawatthours"
"2026-10-04T12","NCEN","North Central","ERCO","Electric Reliability Council of Texas, Inc.","12267","megawatthours"
"2026-10-04T12","NRTH","North","ERCO","Electric Reliability Council of Texas, Inc.","1558","megawatthours"
"2026-10-04T12","SCEN","South Central","ERCO","Electric Reliability Council of Texas, Inc.","7682","megawatthours"
"2026-10-04T12","SOUT","South","ERCO","Electric Reliability Council of Texas, Inc.","4203","megawatthours"
"2026-10-04T12","WEST","West","ERCO","Electric Reliability Council of Texas, Inc.","1833","megawatthours"
"2026-10-04T12","0001","Zone 1","MISO","Midcontinent Independent System Operator, Inc.","8795","megawatthours"
"2026-10-04T12","0004","Zone 4","MISO","Midcontinent Independent System Operator, Inc.","3740","megawatthours"
"2026-10-04T12","0006","Zone 6","MISO","Midcontinent Independent System Operator, Inc.","7955","megawatthours"
"2026-10-04T12","0027","Zones 2 and 7","MISO","Midcontinent Independent System Operator, Inc.","14374","megawatthours"
"2026-10-04T12","0035","Zones 3 and 5","MISO","Midcontinent Independent System Operator, Inc.","7945","megawatthours"
"2026-10-04T12","8910","Zones 8, 9, and 10","MISO","Midcontinent Independent System Operator, Inc.","18915","megawatthours"
"2026-10-04T12","ZONA","West","NYIS","New York Independent System Operator","1294","megawatthours"
"2026-10-04T12","ZONB","Genesee","NYIS","New York Independent System Operator","853","megawatthours"
"2026-10-04T12","ZONC","Central","NYIS","New York Independent System Operator","1368","megawatthours"
"2026-10-04T12","ZOND","North","NYIS","New York Independent System Operator","541","megawatthours"
"2026-10-04T12","ZONE","Mohawk Valley","NYIS","New York Independent System Operator","682","megawatthours"
"2026-10-04T12","ZONF","Capital","NYIS","New York Independent System Operator","1066","megawatthours"
"2026-10-04T12","ZONG","Hudson Valley","NYIS","New York Independent System Operator","852","megawatthours"
"2026-10-04T12","ZONH","Millwood","NYIS","New York Independent System Operator","178","megawatthours"
"2026-10-04T12","ZONI","Dunwoodie","NYIS","New York Independent System Operator","462","megawatthours"
"2026-10-04T12","ZONJ","New York City","NYIS","New York Independent System Operator","4376","megawatthours"
"2026-10-04T12","ZONK","Long Island","NYIS","New York Independent System Operator","1610","megawatthours"
"2026-10-04T12","AE","Atlantic Electric zone","PJM","PJM Interconnection, LLC","888","megawatthours"
"2026-10-04T12","AEP","American Electric Power zone","PJM","PJM Interconnection, LLC","13551","megawatthours"
"2026-10-04T12","AP","Allegheny Power zone","PJM","PJM Interconnection, LLC","4251","megawatthours"
"2026-10-04T12","ATSI","American Transmission Systems, Inc. zone","PJM","PJM Interconnection, LLC","5891","megawatthours"
"2026-10-04T12","BC","Baltimore Gas & Electric zone","PJM","PJM Interconnection, LLC","2475","megawatthours"
"2026-10-04T12","CE","Commonwealth Edison zone","PJM","PJM Interconnection, LLC","8022","megawatthours"
"2026-10-04T12","DAY","Dayton Power & Light zone","PJM","PJM Interconnection, LLC","1435","megawatthours"
"2026-10-04T12","DEOK","Duke Energy Ohio/Kentucky zone","PJM","PJM Interconnection, LLC","2084","megawatthours"
"2026-10-04T12","DOM","Dominion Virginia Power zone","PJM","PJM Interconnection, LLC","13762","megawatthours"
"2026-10-04T12","DPL","Delmarva Power & Light zone","PJM","PJM Interconnection, LLC","1496","megawatthours"
"2026-10-04T12","DUQ","Duquesne Lighting Company zone","PJM","PJM Interconnection, LLC","1084","megawatthours"
"2026-10-04T12","EKPC","East Kentucky Power Cooperative zone","PJM","PJM Interconnection, LLC","1152","megawatthours"
"2026-10-04T12","JC","Jersey Central Power & Light zone","PJM","PJM Interconnection, LLC","1780","megawatthours"
"2026-10-04T12","ME","Metropolitan Edison zone","PJM","PJM Interconnection, LLC","1251","megawatthours"
"2026-10-04T12","PE","PECO Energy zone","PJM","PJM Interconnection, LLC","3158","megawatthours"
"2026-10-04T12","PEP","Potomac Electric Power zone","PJM","PJM Interconnection, LLC","2360","megawatthours"
"2026-10-04T12","PL","Pennsylvania Power & Light zone","PJM","PJM Interconnection, LLC","3520","megawatthours"
"2026-10-04T12","PN","Pennsylvania Electric zone","PJM","PJM Interconnection, LLC","1428","megawatthours"
"2026-10-04T12","PS","Public Service Electric & Gas zone","PJM","PJM Interconnection, LLC","3584","megawatthours"
"2026-10-04T12","RECO","Rockland Electric (East) zone","PJM","PJM Interconnection, LLC","124","megawatthours"
"2026-10-04T12","ACMA","City of Acoma Pueblo","PNM","Public Service Company of New Mexico","2","megawatthours"
"2026-10-04T12","CYGA","City of Gallup","PNM","Public Service Company of New Mexico","16","megawatthours"
"2026-10-04T12","Frep","Freeport","PNM","Public Service Company of New Mexico","2","megawatthours"
"2026-10-04T12","Jica","Jicarilla Apache Nation","PNM","Public Service Company of New Mexico","2","megawatthours"
"2026-10-04T12","KAFB","Kirtland Air Force Base","PNM","Public Service Company of New Mexico","48","megawatthours"
"2026-10-04T12","KCEC","Kit Carson Electric Cooperative","PNM","Public Service Company of New Mexico","25","megawatthours"
"2026-10-04T12","LAC","Los Alamos County","PNM","Public Service Company of New Mexico","68","megawatthours"
"2026-10-04T12","PNM","PNM System Firm Load","PNM","Public Service Company of New Mexico","946","megawatthours"
"2026-10-04T12","TSGT","Tri-State Generation and Transmission","PNM","Public Service Company of New Mexico","214","megawatthours"
"2026-10-04T12","CSWS","AEPW American Electric Power West","SWPP","Southwest Power Pool","4166","megawatthours"
"2026-10-04T12","EDE","Empire District Electric Company","SWPP","Southwest Power Pool","466","megawatthours"
"2026-10-04T12","GRDA","Grand River Dam Authority","SWPP","Southwest Power Pool","1139","megawatthours"
"2026-10-04T12","INDN","Independence Power & Light","SWPP","Southwest Power Pool","78","megawatthours"
"2026-10-04T12","KACY","Kansas City Board of Public Utilities","SWPP","Southwest Power Pool","177","megawatthours"
"2026-10-04T12","KCPL","Kansas City Power & Light","SWPP","Southwest Power Pool","1485","megawatthours"
"2026-10-04T12","LES","Lincoln Electric System","SWPP","Southwest Power Pool","390","megawatthours"
"2026-10-04T12","MPS","KCP&L Greater Missouri Operations","SWPP","Southwest Power Pool","738","megawatthours"
"2026-10-04T12","NPPD","Nebraska Public Power District","SWPP","Southwest Power Pool","1564","megawatthours"
"2026-10-04T12","OKGE","Oklahoma Gas and Electric Co.","SWPP","Southwest Power Pool","3506","megawatthours"
"2026-10-04T12","OPPD","Omaha Public Power District","SWPP","Southwest Power Pool","1660","megawatthours"
"2026-10-04T12","SECI","Sunflower Electric","SWPP","Southwest Power Pool","602","megawatthours"
"2026-10-04T12","SPRM","City of Springfield","SWPP","Southwest Power Pool","277","megawatthours"
"2026-10-04T12","SPS","Southwestern Public Service Company","SWPP","Southwest Power Pool","3731","megawatthours"
"2026-10-04T12","WAUE","Western Area Power Upper Great Plains East","SWPP","Southwest Power Pool","3541","megawatthours"
"2026-10-04T12","WFEC","Western Farmers Electric Cooperative","SWPP","Southwest Power Pool","865","megawatthours"
"2026-10-04T12","WR","Westar Energy","SWPP","Southwest Power Pool","2743","megawatthours"
"2026-10-04T12","PRPA","Platte River Power Authority - PRPA","SWPW","Southwest Power Pool West Balancing Authority Area","287","megawatthours"
"2026-10-04T12","WACM","Western Area Power Administration - Colorado Missouri Region - WACM","SWPW","Southwest Power Pool West Balancing Authority Area","1970","megawatthours"
"2026-10-04T12","WAUW","Western Area Power Administration - Upper Great Plains West - WAUW","SWPW","Southwest Power Pool West Balancing Authority Area","50","megawatthours"
"2026-10-04T11","BASI","Basin Electric Power Cooperative","BHBA","Black Hills Energy","212","megawatthours"
"2026-10-04T11","SDE","Black Hills Energy South Dakota Electric","BHBA","Black Hills Energy","203","megawatthours"
"2026-10-04T11","WYE","Black Hills Energy Wyoming Electric","BHBA","Black Hills Energy","351","megawatthours"
"2026-10-04T11","PGAE","Pacific Gas and Electric","CISO","California Independent System Operator","10426","megawatthours"
"2026-10-04T11","SCE","Southern California Edison","CISO","California Independent System Operator","11922","megawatthours"
"2026-10-04T11","SDGE","San Diego Gas and Electric","CISO","California Independent System Operator","3062","megawatthours"
"2026-10-04T11","VEA","Valley Electric Association","CISO","California Independent System Operator","44","megawatthours"
"2026-10-04T11","COAS","Coast","ERCO","Electric Reliability Council of Texas, Inc.","13283","megawatthours"
"2026-10-04T11","EAST","East","ERCO","Electric Reliability Council of Texas, Inc.","1515","megawatthours"
"2026-10-04T11","FWES","Far West","ERCO","Electric Reliability Council of Texas, Inc.","7122","megawatthours"
"2026-10-04T11","NCEN","North Central","ERCO","Electric Reliability Council of Texas, Inc.","12106","megawatthours"
"2026-10-04T11","NRTH","North","ERCO","Electric Reliability Council of Texas, Inc.","1554","megawatthours"
"2026-10-04T11","SCEN","South Central","ERCO","Electric Reliability Council of Texas, Inc.","7596","megawatthours"
"2026-10-04T11","SOUT","South","ERCO","Electric Reliability Council of Texas, Inc.","4191","megawatthours"
"2026-10-04T11","WEST","West","ERCO","Electric Reliability Council of Texas, Inc.","1830","megawatthours"
"2026-10-04T11","0001","Zone 1","MISO","Midcontinent Independent System Operator, Inc.","8510","megawatthours"
"2026-10-04T11","0004","Zone 4","MISO","Midcontinent Independent System Operator, Inc.","3660","megawatthours"
"2026-10-04T11","0006","Zone 6","MISO","Midcontinent Independent System Operator, Inc.","7665","megawatthours"
"2026-10-04T11","0027","Zones 2 and 7","MISO","Midcontinent Independent System Operator, Inc.","13951","megawatthours"
"2026-10-04T11","0035","Zones 3 and 5","MISO","Midcontinent Independent System Operator, Inc.","7796","megawatthours"
"2026-10-04T11","8910","Zones 8, 9, and 10","MISO","Midcontinent Independent System Operator, Inc.","18674","megawatthours"
"2026-10-04T11","ZONA","West","NYIS","New York Independent System Operator","1273","megawatthours"
"2026-10-04T11","ZONB","Genesee","NYIS","New York Independent System Operator","830","megawatthours"
"2026-10-04T11","ZONC","Central","NYIS","New York Independent System Operator","1338","megawatthours"
"2026-10-04T11","ZOND","North","NYIS","New York Independent System Operator","529","megawatthours"
"2026-10-04T11","ZONE","Mohawk Valley","NYIS","New York Independent System Operator","668","megawatthours"
"2026-10-04T11","ZONF","Capital","NYIS","New York Independent System Operator","1062","megawatthours"
"2026-10-04T11","ZONG","Hudson Valley","NYIS","New York Independent System Operator","839","megawatthours"
"2026-10-04T11","ZONH","Millwood","NYIS","New York Independent System Operator","164","megawatthours"
"2026-10-04T11","ZONI","Dunwoodie","NYIS","New York Independent System Operator","461","megawatthours"
"2026-10-04T11","ZONJ","New York City","NYIS","New York Independent System Operator","4264","megawatthours"
"2026-10-04T11","ZONK","Long Island","NYIS","New York Independent System Operator","1591","megawatthours"
"2026-10-04T11","AE","Atlantic Electric zone","PJM","PJM Interconnection, LLC","871","megawatthours"
"2026-10-04T11","AEP","American Electric Power zone","PJM","PJM Interconnection, LLC","13190","megawatthours"
"2026-10-04T11","AP","Allegheny Power zone","PJM","PJM Interconnection, LLC","4107","megawatthours"
"2026-10-04T11","ATSI","American Transmission Systems, Inc. zone","PJM","PJM Interconnection, LLC","5813","megawatthours"
"2026-10-04T11","BC","Baltimore Gas & Electric zone","PJM","PJM Interconnection, LLC","2395","megawatthours"
"2026-10-04T11","CE","Commonwealth Edison zone","PJM","PJM Interconnection, LLC","7804","megawatthours"
"2026-10-04T11","DAY","Dayton Power & Light zone","PJM","PJM Interconnection, LLC","1386","megawatthours"
"2026-10-04T11","DEOK","Duke Energy Ohio/Kentucky zone","PJM","PJM Interconnection, LLC","2007","megawatthours"
"2026-10-04T11","DOM","Dominion Virginia Power zone","PJM","PJM Interconnection, LLC","13406","megawatthours"
"2026-10-04T11","DPL","Delmarva Power & Light zone","PJM","PJM Interconnection, LLC","1422","megawatthours"
"2026-10-04T11","DUQ","Duquesne Lighting Company zone","PJM","PJM Interconnection, LLC","1080","megawatthours"
"2026-10-04T11","EKPC","East Kentucky Power Cooperative zone","PJM","PJM Interconnection, LLC","1103","megawatthours"
"2026-10-04T11","JC","Jersey Central Power & Light zone","PJM","PJM Interconnection, LLC","1779","megawatthours"
"2026-10-04T11","ME","Metropolitan Edison zone","PJM","PJM Interconnection, LLC","1196","megawatthours"
"2026-10-04T11","PE","PECO Energy zone","PJM","PJM Interconnection, LLC","3034","megawatthours"
"2026-10-04T11","PEP","Potomac Electric Power zone","PJM","PJM Interconnection, LLC","2277","megawatthours"
"2026-10-04T11","PL","Pennsylvania Power & Light zone","PJM","PJM Interconnection, LLC","3368","megawatthours"
"2026-10-04T11","PN","Pennsylvania Electric zone","PJM","PJM Interconnection, LLC","1370","megawatthours"
"2026-10-04T11","PS","Public Service Electric & Gas zone","PJM","PJM Interconnection, LLC","3586","megawatthours"
"2026-10-04T11","RECO","Rockland Electric (East) zone","PJM","PJM Interconnection, LLC","122","megawatthours"
"2026-10-04T11","ACMA","City of Acoma Pueblo","PNM","Public Service Company of New Mexico","2","megawatthours"
"2026-10-04T11","CYGA","City of Gallup","PNM","Public Service Company of New Mexico","15","megawatthours"
"2026-10-04T11","Frep","Freeport","PNM","Public Service Company of New Mexico","5","megawatthours"
"2026-10-04T11","Jica","Jicarilla Apache Nation","PNM","Public Service Company of New Mexico","2","megawatthours"
"2026-10-04T11","KAFB","Kirtland Air Force Base","PNM","Public Service Company of New Mexico","48","megawatthours"
"2026-10-04T11","KCEC","Kit Carson Electric Cooperative","PNM","Public Service Company of New Mexico","24","megawatthours"
"2026-10-04T11","LAC","Los Alamos County","PNM","Public Service Company of New Mexico","69","megawatthours"
"2026-10-04T11","PNM","PNM System Firm Load","PNM","Public Service Company of New Mexico","944","megawatthours"
"2026-10-04T11","TSGT","Tri-State Generation and Transmission","PNM","Public Service Company of New Mexico","207","megawatthours"
"2026-10-04T11","CSWS","AEPW American Electric Power West","SWPP","Southwest Power Pool","4120","megawatthours"
"2026-10-04T11","EDE","Empire District Electric Company","SWPP","Southwest Power Pool","450","megawatthours"
"2026-10-04T11","GRDA","Grand River Dam Authority","SWPP","Southwest Power Pool","1135","megawatthours"
"2026-10-04T11","INDN","Independence Power & Light","SWPP","Southwest Power Pool","76","megawatthours"
"2026-10-04T11","KACY","Kansas City Board of Public Utilities","SWPP","Southwest Power Pool","173","megawatthours"
"2026-10-04T11","KCPL","Kansas City Power & Light","SWPP","Southwest Power Pool","1450","megawatthours"
"2026-10-04T11","LES","Lincoln Electric System","SWPP","Southwest Power Pool","383","megawatthours"
"2026-10-04T11","MPS","KCP&L Greater Missouri Operations","SWPP","Southwest Power Pool","719","megawatthours"
"2026-10-04T11","NPPD","Nebraska Public Power District","SWPP","Southwest Power Pool","1535","megawatthours"
"2026-10-04T11","OKGE","Oklahoma Gas and Electric Co.","SWPP","Southwest Power Pool","3488","megawatthours"
"2026-10-04T11","OPPD","Omaha Public Power District","SWPP","Southwest Power Pool","1639","megawatthours"
"2026-10-04T11","SECI","Sunflower Electric","SWPP","Southwest Power Pool","600","megawatthours"
"2026-10-04T11","SPRM","City of Springfield","SWPP","Southwest Power Pool","271","megawatthours"
"2026-10-04T11","SPS","Southwestern Public Service Company","SWPP","Southwest Power Pool","3717","megawatthours"
"2026-10-04T11","WAUE","Western Area Power Upper Great Plains East","SWPP","Southwest Power Pool","3499","megawatthours"
"2026-10-04T11","WFEC","Western Farmers Electric Cooperative","SWPP","Southwest Power Pool","849","megawatthours"
"2026-10-04T11","WR","Westar Energy","SWPP","Southwest Power Pool","2692","megawatthours"
"2026-10-04T11","PRPA","Platte River Power Authority - PRPA","SWPW","Southwest Power Pool West Balancing Authority Area","284","megawatthours"
"2026-10-04T11","WACM","Western Area Power Administration - Colorado Missouri Region - WACM","SWPW","Southwest Power Pool West Balancing Authority Area","1946","megawatthours"
"2026-10-04T11","WAUW","Western Area Power Administration - Upper Great Plains West - WAUW","SWPW","Southwest Power Pool West Balancing Authority Area","50","megawatthours"
"2026-10-04T10","BASI","Basin Electric Power Cooperative","BHBA","Black Hills Energy","208","megawatthours"
"2026-10-04T10","SDE","Black Hills Energy South Dakota Electric","BHBA","Black Hills Energy","201","megawatthours"
"2026-10-04T10","WYE","Black Hills Energy Wyoming Electric","BHBA","Black Hills Energy","350","megawatthours"
"2026-10-04T10","PGAE","Pacific Gas and Electric","CISO","California Independent System Operator","10831","megawatthours"
"2026-10-04T10","SCE","Southern California Edison","CISO","California Independent System Operator","12452","megawatthours"
"2026-10-04T10","SDGE","San Diego Gas and Electric","CISO","California Independent System Operator","3142","megawatthours"
"2026-10-04T10","VEA","Valley Electric Association","CISO","California Independent System Operator","46","megawatthours"
"2026-10-04T10","COAS","Coast","ERCO","Electric Reliability Council of Texas, Inc.","13331","megawatthours"
"2026-10-04T10","EAST","East","ERCO","Electric Reliability Council of Texas, Inc.","1495","megawatthours"
"2026-10-04T10","FWES","Far West","ERCO","Electric Reliability Council of Texas, Inc.","6995","megawatthours"
"2026-10-04T10","NCEN","North Central","ERCO","Electric Reliability Council of Texas, Inc.","12065","megawatthours"
"2026-10-04T10","NRTH","North","ERCO","Electric Reliability Council of Texas, Inc.","1500","megawatthours"
"2026-10-04T10","SCEN","South Central","ERCO","Electric Reliability Council of Texas, Inc.","7586","megawatthours"
"2026-10-04T10","SOUT","South","ERCO","Electric Reliability Council of Texas, Inc.","4166","megawatthours"
"2026-10-04T10","WEST","West","ERCO","Electric Reliability Council of Texas, Inc.","1847","megawatthours"
"2026-10-04T10","0001","Zone 1","MISO","Midcontinent Independent System Operator, Inc.","8358","megawatthours"
"2026-10-04T10","0004","Zone 4","MISO","Midcontinent Independent System Operator, Inc.","3658","megawatthours"
"2026-10-04T10","0006","Zone 6","MISO","Midcontinent Independent System Operator, Inc.","7546","megawatthours"
"2026-10-04T10","0027","Zones 2 and 7","MISO","Midcontinent Independent System Operator, Inc.","13708","megawatthours"
"2026-10-04T10","0035","Zones 3 and 5","MISO","Midcontinent Independent System Operator, Inc.","7746","megawatthours"
"2026-10-04T10","8910","Zones 8, 9, and 10","MISO","Midcontinent Independent System Operator, Inc.","18905","megawatthours"
"2026-10-04T10","ZONA","West","NYIS","New York Independent System Operator","1242","megawatthours"
"2026-10-04T10","ZONB","Genesee","NYIS","New York Independent System Operator","798","megawatthours"
"2026-10-04T10","ZONC","Central","NYIS","New York Independent System Operator","1295","megawatthours"
"2026-10-04T10","ZOND","North","NYIS","New York Independent System Operator","521","megawatthours"
"2026-10-04T10","ZONE","Mohawk Valley","NYIS","New York Independent System Operator","634","megawatthours"
"2026-10-04T10","ZONF","Capital","NYIS","New York Independent System Operator","1023","megawatthours"
"2026-10-04T10","ZONG","Hudson Valley","NYIS","New York Independent System Operator","813","megawatthours"
"2026-10-04T10","ZONH","Millwood","NYIS","New York Independent System Operator","158","megawatthours"
"2026-10-04T10","ZONI","Dunwoodie","NYIS","New York Independent System Operator","458","megawatthours"
"2026-10-04T10","ZONJ","New York City","NYIS","New York Independent System Operator","4171","megawatthours"
"2026-10-04T10","ZONK","Long Island","NYIS","New York Independent System Operator","1550","megawatthours"
"2026-10-04T10","AE","Atlantic Electric zone","PJM","PJM Interconnection, LLC","843","megawatthours"
"2026-10-04T10","AEP","American Electric Power zone","PJM","PJM Interconnection, LLC","13056","megawatthours"
"2026-10-04T10","AP","Allegheny Power zone","PJM","PJM Interconnection, LLC","4007","megawatthours"
"2026-10-04T10","ATSI","American Transmission Systems, Inc. zone","PJM","PJM Interconnection, LLC","5649","megawatthours"
"2026-10-04T10","BC","Baltimore Gas & Electric zone","PJM","PJM Interconnection, LLC","2324","megawatthours"
"2026-10-04T10","CE","Commonwealth Edison zone","PJM","PJM Interconnection, LLC","7818","megawatthours"
"2026-10-04T10","DAY","Dayton Power & Light zone","PJM","PJM Interconnection, LLC","1346","megawatthours"
"2026-10-04T10","DEOK","Duke Energy Ohio/Kentucky zone","PJM","PJM Interconnection, LLC","1954","megawatthours"
"2026-10-04T10","DOM","Dominion Virginia Power zone","PJM","PJM Interconnection, LLC","13183","megawatthours"
"2026-10-04T10","DPL","Delmarva Power & Light zone","PJM","PJM Interconnection, LLC","1375","megawatthours"
"2026-10-04T10","DUQ","Duquesne Lighting Company zone","PJM","PJM Interconnection, LLC","1070","megawatthours"
"2026-10-04T10","EKPC","East Kentucky Power Cooperative zone","PJM","PJM Interconnection, LLC","1113","megawatthours"
"2026-10-04T10","JC","Jersey Central Power & Light zone","PJM","PJM Interconnection, LLC","1716","megawatthours"
"2026-10-04T10","ME","Metropolitan Edison zone","PJM","PJM Interconnection, LLC","1154","megawatthours"
"2026-10-04T10","PE","PECO Energy zone","PJM","PJM Interconnection, LLC","2942","megawatthours"
"2026-10-04T10","PEP","Potomac Electric Power zone","PJM","PJM Interconnection, LLC","2186","megawatthours"
"2026-10-04T10","PL","Pennsylvania Power & Light zone","PJM","PJM Interconnection, LLC","3256","megawatthours"
"2026-10-04T10","PN","Pennsylvania Electric zone","PJM","PJM Interconnection, LLC","1311","megawatthours"
"2026-10-04T10","PS","Public Service Electric & Gas zone","PJM","PJM Interconnection, LLC","3512","megawatthours"
"2026-10-04T10","RECO","Rockland Electric (East) zone","PJM","PJM Interconnection, LLC","119","megawatthours"
"2026-10-04T10","ACMA","City of Acoma Pueblo","PNM","Public Service Company of New Mexico","2","megawatthours"
"2026-10-04T10","CYGA","City of Gallup","PNM","Public Service Company of New Mexico","15","megawatthours"
"2026-10-04T10","Frep","Freeport","PNM","Public Service Company of New Mexico","4","megawatthours"
"2026-10-04T10","Jica","Jicarilla Apache Nation","PNM","Public Service Company of New Mexico","2","megawatthours"
"2026-10-04T10","KAFB","Kirtland Air Force Base","PNM","Public Service Company of New Mexico","49","megawatthours"
"2026-10-04T10","KCEC","Kit Carson Electric Cooperative","PNM","Public Service Company of New Mexico","24","megawatthours"
"2026-10-04T10","LAC","Los Alamos County","PNM","Public Service Company of New Mexico","69","megawatthours"
"2026-10-04T10","PNM","PNM System Firm Load","PNM","Public Service Company of New Mexico","940","megawatthours"
"2026-10-04T10","TSGT","Tri-State Generation and Transmission","PNM","Public Service Company of New Mexico","207","megawatthours"
"2026-10-04T10","CSWS","AEPW American Electric Power West","SWPP","Southwest Power Pool","4134","megawatthours"
"2026-10-04T10","EDE","Empire District Electric Company","SWPP","Southwest Power Pool","441","megawatthours"
"2026-10-04T10","GRDA","Grand River Dam Authority","SWPP","Southwest Power Pool","1137","megawatthours"
"2026-10-04T10","INDN","Independence Power & Light","SWPP","Southwest Power Pool","75","megawatthours"
"2026-10-04T10","KACY","Kansas City Board of Public Utilities","SWPP","Southwest Power Pool","173","megawatthours"
"2026-10-04T10","KCPL","Kansas City Power & Light","SWPP","Southwest Power Pool","1437","megawatthours"
"2026-10-04T10","LES","Lincoln Electric System","SWPP","Southwest Power Pool","382","megawatthours"
"2026-10-04T10","MPS","KCP&L Greater Missouri Operations","SWPP","Southwest Power Pool","700","megawatthours"
"2026-10-04T10","NPPD","Nebraska Public Power District","SWPP","Southwest Power Pool","1534","megawatthours"
"2026-10-04T10","OKGE","Oklahoma Gas and Electric Co.","SWPP","Southwest Power Pool","3478","megawatthours"
"2026-10-04T10","OPPD","Omaha Public Power District","SWPP","Southwest Power Pool","1631","megawatthours"
"2026-10-04T10","SECI","Sunflower Electric","SWPP","Southwest Power Pool","600","megawatthours"
"2026-10-04T10","SPRM","City of Springfield","SWPP","Southwest Power Pool","270","megawatthours"
"2026-10-04T10","SPS","Southwestern Public Service Company","SWPP","Southwest Power Pool","3731","megawatthours"
"2026-10-04T10","WAUE","Western Area Power Upper Great Plains East","SWPP","Southwest Power Pool","3471","megawatthours"
"2026-10-04T10","WFEC","Western Farmers Electric Cooperative","SWPP","Southwest Power Pool","853","megawatthours"
"2026-10-04T10","WR","Westar Energy","SWPP","Southwest Power Pool","2679","megawatthours"
"2026-10-04T10","PRPA","Platte River Power Authority - PRPA","SWPW","Southwest Power Pool West Balancing Authority Area","287","megawatthours"
"2026-10-04T10","WACM","Western Area Power Administration - Colorado Missouri Region - WACM","SWPW","Southwest Power Pool West Balancing Authority Area","1954","megawatthours"
"2026-10-04T10","WAUW","Western Area Power Administration - Upper Great Plains West - WAUW","SWPW","Southwest Power Pool West Balancing Authority Area","48","megawatthours"
"2026-10-04T09","BASI","Basin Electric Power Cooperative","BHBA","Black Hills Energy","206","megawatthours"
"2026-10-04T09","SDE","Black Hills Energy South Dakota Electric","BHBA","Black Hills Energy","202","megawatthours"
"2026-10-04T09","WYE","Black Hills Energy Wyoming Electric","BHBA","Black Hills Energy","353","megawatthours"
"2026-10-04T09","PGAE","Pacific Gas and Electric","CISO","California Independent System Operator","11384","megawatthours"
"2026-10-04T09","SCE","Southern California Edison","CISO","California Independent System Operator","13295","megawatthours"
"2026-10-04T09","SDGE","San Diego Gas and Electric","CISO","California Independent System Operator","3280","megawatthours"
"2026-10-04T09","VEA","Valley Electric Association","CISO","California Independent System Operator","48","megawatthours"
"2026-10-04T09","COAS","Coast","ERCO","Electric Reliability Council of Texas, Inc.","13519","megawatthours"
"2026-10-04T09","EAST","East","ERCO","Electric Reliability Council of Texas, Inc.","1508","megawatthours"
"2026-10-04T09","FWES","Far West","ERCO","Electric Reliability Council of Texas, Inc.","6818","megawatthours"
"2026-10-04T09","NCEN","North Central","ERCO","Electric Reliability Council of Texas, Inc.","12165","megawatthours"
"2026-10-04T09","NRTH","North","ERCO","Electric Reliability Council of Texas, Inc.","1336","megawatthours"
"2026-10-04T09","SCEN","South Central","ERCO","Electric Reliability Council of Texas, Inc.","7673","megawatthours"
"2026-10-04T09","SOUT","South","ERCO","Electric Reliability Council of Texas, Inc.","4238","megawatthours"
"2026-10-04T09","WEST","West","ERCO","Electric Reliability Council of Texas, Inc.","1861","megawatthours"
"2026-10-04T09","0001","Zone 1","MISO","Midcontinent Independent System Operator, Inc.","8386","megawatthours"
"2026-10-04T09","0004","Zone 4","MISO","Midcontinent Independent System Operator, Inc.","3666","megawatthours"
"2026-10-04T09","0006","Zone 6","MISO","Midcontinent Independent System Operator, Inc.","7546","megawatthours"
"2026-10-04T09","0027","Zones 2 and 7","MISO","Midcontinent Independent System Operator, Inc.","13652","megawatthours"
"2026-10-04T09","0035","Zones 3 and 5","MISO","Midcontinent Independent System Operator, Inc.","7917","megawatthours"
"2026-10-04T09","8910","Zones 8, 9, and 10","MISO","Midcontinent Independent System Operator, Inc.","18830","megawatthours"
"2026-10-04T09","ZONA","West","NYIS","New York Independent System Operator","1237","megawatthours"
"2026-10-04T09","ZONB","Genesee","NYIS","New York Independent System Operator","791","megawatthours"
"2026-10-04T09","ZONC","Central","NYIS","New York Independent System Operator","1271","megawatthours"
"2026-10-04T09","ZOND","North","NYIS","New York Independent System Operator","518","megawatthours"
"2026-10-04T09","ZONE","Mohawk Valley","NYIS","New York Independent System Operator","620","megawatthours"
"2026-10-04T09","ZONF","Capital","NYIS","New York Independent System Operator","1001","megawatthours"
"2026-10-04T09","ZONG","Hudson Valley","NYIS","New York Independent System Operator","803","megawatthours"
"2026-10-04T09","ZONH","Millwood","NYIS","New York Independent System Operator","158","megawatthours"
"2026-10-04T09","ZONI","Dunwoodie","NYIS","New York Independent System Operator","460","megawatthours"
"2026-10-04T09","ZONJ","New York City","NYIS","New York Independent System Operator","4170","megawatthours"
"2026-10-04T09","ZONK","Long Island","NYIS","New York Independent System Operator","1532","megawatthours"
"2026-10-04T09","AE","Atlantic Electric zone","PJM","PJM Interconnection, LLC","835","megawatthours"
"2026-10-04T09","AEP","American Electric Power zone","PJM","PJM Interconnection, LLC","12963","megawatthours"
"2026-10-04T09","AP","Allegheny Power zone","PJM","PJM Interconnection, LLC","3961","megawatthours"
"2026-10-04T09","ATSI","American Transmission Systems, Inc. zone","PJM","PJM Interconnection, LLC","5548","megawatthours"
"2026-10-04T09","BC","Baltimore Gas & Electric zone","PJM","PJM Interconnection, LLC","2306","megawatthours"
"2026-10-04T09","CE","Commonwealth Edison zone","PJM","PJM Interconnection, LLC","7821","megawatthours"
"2026-10-04T09","DAY","Dayton Power & Light zone","PJM","PJM Interconnection, LLC","1328","megawatthours"
"2026-10-04T09","DEOK","Duke Energy Ohio/Kentucky zone","PJM","PJM Interconnection, LLC","1935","megawatthours"
"2026-10-04T09","DOM","Dominion Virginia Power zone","PJM","PJM Interconnection, LLC","13068","megawatthours"
"2026-10-04T09","DPL","Delmarva Power & Light zone","PJM","PJM Interconnection, LLC","1356","megawatthours"
"2026-10-04T09","DUQ","Duquesne Lighting Company zone","PJM","PJM Interconnection, LLC","1049","megawatthours"
"2026-10-04T09","EKPC","East Kentucky Power Cooperative zone","PJM","PJM Interconnection, LLC","1110","megawatthours"
"2026-10-04T09","JC","Jersey Central Power & Light zone","PJM","PJM Interconnection, LLC","1691","megawatthours"
"2026-10-04T09","ME","Metropolitan Edison zone","PJM","PJM Interconnection, LLC","1141","megawatthours"
"2026-10-04T09","PE","PECO Energy zone","PJM","PJM Interconnection, LLC","2902","megawatthours"
"2026-10-04T09","PEP","Potomac Electric Power zone","PJM","PJM Interconnection, LLC","2171","megawatthours"
"2026-10-04T09","PL","Pennsylvania Power & Light zone","PJM","PJM Interconnection, LLC","3208","megawatthours"
"2026-10-04T09","PN","Pennsylvania Electric zone","PJM","PJM Interconnection, LLC","1298","megawatthours"
"2026-10-04T09","PS","Public Service Electric & Gas zone","PJM","PJM Interconnection, LLC","3488","megawatthours"
"2026-10-04T09","RECO","Rockland Electric (East) zone","PJM","PJM Interconnection, LLC","119","megawatthours"
"2026-10-04T09","ACMA","City of Acoma Pueblo","PNM","Public Service Company of New Mexico","2","megawatthours"
"2026-10-04T09","CYGA","City of Gallup","PNM","Public Service Company of New Mexico","15","megawatthours"
"2026-10-04T09","Frep","Freeport","PNM","Public Service Company of New Mexico","5","megawatthours"
"2026-10-04T09","Jica","Jicarilla Apache Nation","PNM","Public Service Company of New Mexico","2","megawatthours"
"2026-10-04T09","KAFB","Kirtland Air Force Base","PNM","Public Service Company of New Mexico","49","megawatthours"
"2026-10-04T09","KCEC","Kit Carson Electric Cooperative","PNM","Public Service Company of New Mexico","24","megawatthours"
"2026-10-04T09","LAC","Los Alamos County","PNM","Public Service Company of New Mexico","69","megawatthours"
"2026-10-04T09","PNM","PNM System Firm Load","PNM","Public Service Company of New Mexico","960","megawatthours"
"2026-10-04T09","TSGT","Tri-State Generation and Transmission","PNM","Public Service Company of New Mexico","208","megawatthours"
"2026-10-04T09","CSWS","AEPW American Electric Power West","SWPP","Southwest Power Pool","4185","megawatthours"
"2026-10-04T09","EDE","Empire District Electric Company","SWPP","Southwest Power Pool","443","megawatthours"
"2026-10-04T09","GRDA","Grand River Dam Authority","SWPP","Southwest Power Pool","1140","megawatthours"
"2026-10-04T09","INDN","Independence Power & Light","SWPP","Southwest Power Pool","74","megawatthours"
"2026-10-04T09","KACY","Kansas City Board of Public Utilities","SWPP","Southwest Power Pool","174","megawatthours"
"2026-10-04T09","KCPL","Kansas City Power & Light","SWPP","Southwest Power Pool","1436","megawatthours"
"2026-10-04T09","LES","Lincoln Electric System","SWPP","Southwest Power Pool","381","megawatthours"
"2026-10-04T09","MPS","KCP&L Greater Missouri Operations","SWPP","Southwest Power Pool","692","megawatthours"
"2026-10-04T09","NPPD","Nebraska Public Power District","SWPP","Southwest Power Pool","1527","megawatthours"
"2026-10-04T09","OKGE","Oklahoma Gas and Electric Co.","SWPP","Southwest Power Pool","3516","megawatthours"
"2026-10-04T09","OPPD","Omaha Public Power District","SWPP","Southwest Power Pool","1634","megawatthours"
"2026-10-04T09","SECI","Sunflower Electric","SWPP","Southwest Power Pool","600","megawatthours"
"2026-10-04T09","SPRM","City of Springfield","SWPP","Southwest Power Pool","273","megawatthours"
"2026-10-04T09","SPS","Southwestern Public Service Company","SWPP","Southwest Power Pool","3743","megawatthours"
"2026-10-04T09","WAUE","Western Area Power Upper Great Plains East","SWPP","Southwest Power Pool","3492","megawatthours"
"2026-10-04T09","WFEC","Western Farmers Electric Cooperative","SWPP","Southwest Power Pool","853","megawatthours"
"2026-10-04T09","WR","Westar Energy","SWPP","Southwest Power Pool","2668","megawatthours"
"2026-10-04T09","PRPA","Platte River Power Authority - PRPA","SWPW","Southwest Power Pool West Balancing Authority Area","294","megawatthours"
"2026-10-04T09","WACM","Western Area Power Administration - Colorado Missouri Region - WACM","SWPW","Southwest Power Pool West Balancing Authority Area","1980","megawatthours"
"2026-10-04T09","WAUW","Western Area Power Administration - Upper Great Plains West - WAUW","SWPW","Southwest Power Pool West Balancing Authority Area","46","megawatthours"
"2026-10-04T08","BASI","Basin Electric Power Cooperative","BHBA","Black Hills Energy","204","megawatthours"
"2026-10-04T08","SDE","Black Hills Energy South Dakota Electric","BHBA","Black Hills Energy","203","megawatthours"
"2026-10-04T08","WYE","Black Hills Energy Wyoming Electric","BHBA","Black Hills Energy","354","megawatthours"
"2026-10-04T08","PGAE","Pacific Gas and Electric","CISO","California Independent System Operator","11983","megawatthours"
"2026-10-04T08","SCE","Southern California Edison","CISO","California Independent System Operator","14241","megawatthours"
"2026-10-04T08","SDGE","San Diego Gas and Electric","CISO","California Independent System Operator","3468","megawatthours"
"2026-10-04T08","VEA","Valley Electric Association","CISO","California Independent System Operator","52","megawatthours"
"2026-10-04T08","COAS","Coast","ERCO","Electric Reliability Council of Texas, Inc.","13845","megawatthours"
"2026-10-04T08","EAST","East","ERCO","Electric Reliability Council of Texas, Inc.","1566","megawatthours"
"2026-10-04T08","FWES","Far West","ERCO","Electric Reliability Council of Texas, Inc.","6819","megawatthours"
"2026-10-04T08","NCEN","North Central","ERCO","Electric Reliability Council of Texas, Inc.","12417","megawatthours"
"2026-10-04T08","NRTH","North","ERCO","Electric Reliability Council of Texas, Inc.","1332","megawatthours"
"2026-10-04T08","SCEN","South Central","ERCO","Electric Reliability Council of Texas, Inc.","7822","megawatthours"
"2026-10-04T08","SOUT","South","ERCO","Electric Reliability Council of Texas, Inc.","4348","megawatthours"
"2026-10-04T08","WEST","West","ERCO","Electric Reliability Council of Texas, Inc.","1874","megawatthours"
"2026-10-04T08","0001","Zone 1","MISO","Midcontinent Independent System Operator, Inc.","8465","megawatthours"
"2026-10-04T08","0004","Zone 4","MISO","Midcontinent Independent System Operator, Inc.","3706","megawatthours"
"2026-10-04T08","0006","Zone 6","MISO","Midcontinent Independent System Operator, Inc.","7570","megawatthours"
"2026-10-04T08","0027","Zones 2 and 7","MISO","Midcontinent Independent System Operator, Inc.","13682","megawatthours"
"2026-10-04T08","0035","Zones 3 and 5","MISO","Midcontinent Independent System Operator, Inc.","8286","megawatthours"
"2026-10-04T08","8910","Zones 8, 9, and 10","MISO","Midcontinent Independent System Operator, Inc.","19070","megawatthours"
"2026-10-04T08","ZONA","West","NYIS","New York Independent System Operator","1249","megawatthours"
"2026-10-04T08","ZONB","Genesee","NYIS","New York Independent System Operator","793","megawatthours"
"2026-10-04T08","ZONC","Central","NYIS","New York Independent System Operator","1270","megawatthours"
"2026-10-04T08","ZOND","North","NYIS","New York Independent System Operator","518","megawatthours"
"2026-10-04T08","ZONE","Mohawk Valley","NYIS","New York Independent System Operator","613","megawatthours"
"2026-10-04T08","ZONF","Capital","NYIS","New York Independent System Operator","989","megawatthours"
"2026-10-04T08","ZONG","Hudson Valley","NYIS","New York Independent System Operator","807","megawatthours"
"2026-10-04T08","ZONH","Millwood","NYIS","New York Independent System Operator","162","megawatthours"
"2026-10-04T08","ZONI","Dunwoodie","NYIS","New York Independent System Operator","463","megawatthours"
"2026-10-04T08","ZONJ","New York City","NYIS","New York Independent System Operator","4235","megawatthours"
"2026-10-04T08","ZONK","Long Island","NYIS","New York Independent System Operator","1550","megawatthours"
"2026-10-04T08","AE","Atlantic Electric zone","PJM","PJM Interconnection, LLC","837","megawatthours"
"2026-10-04T08","AEP","American Electric Power zone","PJM","PJM Interconnection, LLC","12921","megawatthours"
"2026-10-04T08","AP","Allegheny Power zone","PJM","PJM Interconnection, LLC","3962","megawatthours"
"2026-10-04T08","ATSI","American Transmission Systems, Inc. zone","PJM","PJM Interconnection, LLC","5629","megawatthours"
"2026-10-04T08","BC","Baltimore Gas & Electric zone","PJM","PJM Interconnection, LLC","2332","megawatthours"
"2026-10-04T08","CE","Commonwealth Edison zone","PJM","PJM Interconnection, LLC","7942","megawatthours"
"2026-10-04T08","DAY","Dayton Power & Light zone","PJM","PJM Interconnection, LLC","1330","megawatthours"
"2026-10-04T08","DEOK","Duke Energy Ohio/Kentucky zone","PJM","PJM Interconnection, LLC","1954","megawatthours"
"2026-10-04T08","DOM","Dominion Virginia Power zone","PJM","PJM Interconnection, LLC","13117","megawatthours"
"2026-10-04T08","DPL","Delmarva Power & Light zone","PJM","PJM Interconnection, LLC","1357","megawatthours"
"2026-10-04T08","DUQ","Duquesne Lighting Company zone","PJM","PJM Interconnection, LLC","1062","megawatthours"
"2026-10-04T08","EKPC","East Kentucky Power Cooperative zone","PJM","PJM Interconnection, LLC","1073","megawatthours"
"2026-10-04T08","JC","Jersey Central Power & Light zone","PJM","PJM Interconnection, LLC","1708","megawatthours"
"2026-10-04T08","ME","Metropolitan Edison zone","PJM","PJM Interconnection, LLC","1145","megawatthours"
"2026-10-04T08","PE","PECO Energy zone","PJM","PJM Interconnection, LLC","2918","megawatthours"
"2026-10-04T08","PEP","Potomac Electric Power zone","PJM","PJM Interconnection, LLC","2195","megawatthours"
"2026-10-04T08","PL","Pennsylvania Power & Light zone","PJM","PJM Interconnection, LLC","3197","megawatthours"
"2026-10-04T08","PN","Pennsylvania Electric zone","PJM","PJM Interconnection, LLC","1285","megawatthours"
"2026-10-04T08","PS","Public Service Electric & Gas zone","PJM","PJM Interconnection, LLC","3522","megawatthours"
"2026-10-04T08","RECO","Rockland Electric (East) zone","PJM","PJM Interconnection, LLC","120","megawatthours"
"2026-10-04T08","ACMA","City of Acoma Pueblo","PNM","Public Service Company of New Mexico","3","megawatthours"
"2026-10-04T08","CYGA","City of Gallup","PNM","Public Service Company of New Mexico","15","megawatthours"
"2026-10-04T08","Frep","Freeport","PNM","Public Service Company of New Mexico","49","megawatthours"
"2026-10-04T08","Jica","Jicarilla Apache Nation","PNM","Public Service Company of New Mexico","2","megawatthours"
"2026-10-04T08","KAFB","Kirtland Air Force Base","PNM","Public Service Company of New Mexico","49","megawatthours"
"2026-10-04T08","KCEC","Kit Carson Electric Cooperative","PNM","Public Service Company of New Mexico","24","megawatthours"
"2026-10-04T08","LAC","Los Alamos County","PNM","Public Service Company of New Mexico","70","megawatthours"
"2026-10-04T08","PNM","PNM System Firm Load","PNM","Public Service Company of New Mexico","986","megawatthours"
"2026-10-04T08","TSGT","Tri-State Generation and Transmission","PNM","Public Service Company of New Mexico","215","megawatthours"
"2026-10-04T08","CSWS","AEPW American Electric Power West","SWPP","Southwest Power Pool","4269","megawatthours"
"2026-10-04T08","EDE","Empire District Electric Company","SWPP","Southwest Power Pool","451","megawatthours"
"2026-10-04T08","GRDA","Grand River Dam Authority","SWPP","Southwest Power Pool","1145","megawatthours"
"2026-10-04T08","INDN","Independence Power & Light","SWPP","Southwest Power Pool","75","megawatthours"
"2026-10-04T08","KACY","Kansas City Board of Public Utilities","SWPP","Southwest Power Pool","176","megawatthours"
"2026-10-04T08","KCPL","Kansas City Power & Light","SWPP","Southwest Power Pool","1462","megawatthours"
"2026-10-04T08","LES","Lincoln Electric System","SWPP","Southwest Power Pool","386","megawatthours"
"2026-10-04T08","MPS","KCP&L Greater Missouri Operations","SWPP","Southwest Power Pool","722","megawatthours"
"2026-10-04T08","NPPD","Nebraska Public Power District","SWPP","Southwest Power Pool","1522","megawatthours"
"2026-10-04T08","OKGE","Oklahoma Gas and Electric Co.","SWPP","Southwest Power Pool","3565","megawatthours"
"2026-10-04T08","OPPD","Omaha Public Power District","SWPP","Southwest Power Pool","1652","megawatthours"
"2026-10-04T08","SECI","Sunflower Electric","SWPP","Southwest Power Pool","605","megawatthours"
"2026-10-04T08","SPRM","City of Springfield","SWPP","Southwest Power Pool","281","megawatthours"
"2026-10-04T08","SPS","Southwestern Public Service Company","SWPP","Southwest Power Pool","3773","megawatthours"
"2026-10-04T08","WAUE","Western Area Power Upper Great Plains East","SWPP","Southwest Power Pool","3503","megawatthours"
"2026-10-04T08","WFEC","Western Farmers Electric Cooperative","SWPP","Southwest Power Pool","875","megawatthours"
"2026-10-04T08","WR","Westar Energy","SWPP","Southwest Power Pool","2699","megawatthours"
"2026-10-04T08","PRPA","Platte River Power Authority - PRPA","SWPW","Southwest Power Pool West Balancing Authority Area","305","megawatthours"
"2026-10-04T08","WACM","Western Area Power Administration - Colorado Missouri Region - WACM","SWPW","Southwest Power Pool West Balancing Authority Area","2022","megawatthours"
"2026-10-04T08","WAUW","Western Area Power Administration - Upper Great Plains West - WAUW","SWPW","Southwest Power Pool West Balancing Authority Area","46","megawatthours"
"2026-10-04T07","BASI","Basin Electric Power Cooperative","BHBA","Black Hills Energy","206","megawatthours"
"2026-10-04T07","SDE","Black Hills Energy South Dakota Electric","BHBA","Black Hills Energy","209","megawatthours"
"2026-10-04T07","WYE","Black Hills Energy Wyoming Electric","BHBA","Black Hills Energy","355","megawatthours"
"2026-10-04T07","PGAE","Pacific Gas and Electric","CISO","California Independent System Operator","12508","megawatthours"
"2026-10-04T07","SCE","Southern California Edison","CISO","California Independent System Operator","15203","megawatthours"
"2026-10-04T07","SDGE","San Diego Gas and Electric","CISO","California Independent System Operator","3696","megawatthours"
"2026-10-04T07","VEA","Valley Electric Association","CISO","California Independent System Operator","56","megawatthours"
"2026-10-04T07","COAS","Coast","ERCO","Electric Reliability Council of Texas, Inc.","14248","megawatthours"
"2026-10-04T07","EAST","East","ERCO","Electric Reliability Council of Texas, Inc.","1558","megawatthours"
"2026-10-04T07","FWES","Far West","ERCO","Electric Reliability Council of Texas, Inc.","6882","megawatthours"
"2026-10-04T07","NCEN","North Central","ERCO","Electric Reliability Council of Texas, Inc.","12831","megawatthours"
"2026-10-04T07","NRTH","North","ERCO","Electric Reliability Council of Texas, Inc.","1377","megawatthours"
"2026-10-04T07","SCEN","South Central","ERCO","Electric Reliability Council of Texas, Inc.","8063","megawatthours"
"2026-10-04T07","SOUT","South","ERCO","Electric Reliability Council of Texas, Inc.","4461","megawatthours"
"2026-10-04T07","WEST","West","ERCO","Electric Reliability Council of Texas, Inc.","1884","megawatthours"
"2026-10-04T07","0001","Zone 1","MISO","Midcontinent Independent System Operator, Inc.","8625","megawatthours"
"2026-10-04T07","0004","Zone 4","MISO","Midcontinent Independent System Operator, Inc.","3769","megawatthours"
"2026-10-04T07","0006","Zone 6","MISO","Midcontinent Independent System Operator, Inc.","7591","megawatthours"
"2026-10-04T07","0027","Zones 2 and 7","MISO","Midcontinent Independent System Operator, Inc.","13885","megawatthours"
"2026-10-04T07","0035","Zones 3 and 5","MISO","Midcontinent Independent System Operator, Inc.","8393","megawatthours"
"2026-10-04T07","8910","Zones 8, 9, and 10","MISO","Midcontinent Independent System Operator, Inc.","19374","megawatthours"
"2026-10-04T07","ZONA","West","NYIS","New York Independent System Operator","1275","megawatthours"
"2026-10-04T07","ZONB","Genesee","NYIS","New York Independent System Operator","802","megawatthours"
"2026-10-04T07","ZONC","Central","NYIS","New York Independent System Operator","1280","megawatthours"
"2026-10-04T07","ZOND","North","NYIS","New York Independent System Operator","517","megawatthours"
"2026-10-04T07","ZONE","Mohawk Valley","NYIS","New York Independent System Operator","621","megawatthours"
"2026-10-04T07","ZONF","Capital","NYIS","New York Independent System Operator","996","megawatthours"
"2026-10-04T07","ZONG","Hudson Valley","NYIS","New York Independent System Operator","824","megawatthours"
"2026-10-04T07","ZONH","Millwood","NYIS","New York Independent System Operator","166","megawatthours"
"2026-10-04T07","ZONI","Dunwoodie","NYIS","New York Independent System Operator","481","megawatthours"
"2026-10-04T07","ZONJ","New York City","NYIS","New York Independent System Operator","4341","megawatthours"
"2026-10-04T07","ZONK","Long Island","NYIS","New York Independent System Operator","1589","megawatthours"
"2026-10-04T07","AE","Atlantic Electric zone","PJM","PJM Interconnection, LLC","851","megawatthours"
"2026-10-04T07","AEP","American Electric Power zone","PJM","PJM Interconnection, LLC","12996","megawatthours"
"2026-10-04T07","AP","Allegheny Power zone","PJM","PJM Interconnection, LLC","3996","megawatthours"
"2026-10-04T07","ATSI","American Transmission Systems, Inc. zone","PJM","PJM Interconnection, LLC","5701","megawatthours"
"2026-10-04T07","BC","Baltimore Gas & Electric zone","PJM","PJM Interconnection, LLC","2383","megawatthours"
"2026-10-04T07","CE","Commonwealth Edison zone","PJM","PJM Interconnection, LLC","8104","megawatthours"
"2026-10-04T07","DAY","Dayton Power & Light zone","PJM","PJM Interconnection, LLC","1346","megawatthours"
"2026-10-04T07","DEOK","Duke Energy Ohio/Kentucky zone","PJM","PJM Interconnection, LLC","1986","megawatthours"
"2026-10-04T07","DOM","Dominion Virginia Power zone","PJM","PJM Interconnection, LLC","13213","megawatthours"
"2026-10-04T07","DPL","Delmarva Power & Light zone","PJM","PJM Interconnection, LLC","1376","megawatthours"
"2026-10-04T07","DUQ","Duquesne Lighting Company zone","PJM","PJM Interconnection, LLC","1069","megawatthours"
"2026-10-04T07","EKPC","East Kentucky Power Cooperative zone","PJM","PJM Interconnection, LLC","1135","megawatthours"
"2026-10-04T07","JC","Jersey Central Power & Light zone","PJM","PJM Interconnection, LLC","1720","megawatthours"
"2026-10-04T07","ME","Metropolitan Edison zone","PJM","PJM Interconnection, LLC","1161","megawatthours"
"2026-10-04T07","PE","PECO Energy zone","PJM","PJM Interconnection, LLC","2970","megawatthours"
"2026-10-04T07","PEP","Potomac Electric Power zone","PJM","PJM Interconnection, LLC","2258","megawatthours"
"2026-10-04T07","PL","Pennsylvania Power & Light zone","PJM","PJM Interconnection, LLC","3246","megawatthours"
"2026-10-04T07","PN","Pennsylvania Electric zone","PJM","PJM Interconnection, LLC","1291","megawatthours"
"2026-10-04T07","PS","Public Service Electric & Gas zone","PJM","PJM Interconnection, LLC","3598","megawatthours"
"2026-10-04T07","RECO","Rockland Electric (East) zone","PJM","PJM Interconnection, LLC","122","megawatthours"
"2026-10-04T07","ACMA","City of Acoma Pueblo","PNM","Public Service Company of New Mexico","2","megawatthours"
"2026-10-04T07","CYGA","City of Gallup","PNM","Public Service Company of New Mexico","15","megawatthours"
"2026-10-04T07","Frep","Freeport","PNM","Public Service Company of New Mexico","81","megawatthours"
"2026-10-04T07","Jica","Jicarilla Apache Nation","PNM","Public Service Company of New Mexico","2","megawatthours"
"2026-10-04T07","KAFB","Kirtland Air Force Base","PNM","Public Service Company of New Mexico","49","megawatthours"
"2026-10-04T07","KCEC","Kit Carson Electric Cooperative","PNM","Public Service Company of New Mexico","25","megawatthours"
"2026-10-04T07","LAC","Los Alamos County","PNM","Public Service Company of New Mexico","70","megawatthours"
"2026-10-04T07","PNM","PNM System Firm Load","PNM","Public Service Company of New Mexico","1022","megawatthours"
"2026-10-04T07","TSGT","Tri-State Generation and Transmission","PNM","Public Service Company of New Mexico","224","megawatthours"
"2026-10-04T07","CSWS","AEPW American Electric Power West","SWPP","Southwest Power Pool","4402","megawatthours"
"2026-10-04T07","EDE","Empire District Electric Company","SWPP","Southwest Power Pool","467","megawatthours"
"2026-10-04T07","GRDA","Grand River Dam Authority","SWPP","Southwest Power Pool","1142","megawatthours"
"2026-10-04T07","INDN","Independence Power & Light","SWPP","Southwest Power Pool","78","megawatthours"
"2026-10-04T07","KACY","Kansas City Board of Public Utilities","SWPP","Southwest Power Pool","180","megawatthours"
"2026-10-04T07","KCPL","Kansas City Power & Light","SWPP","Southwest Power Pool","1500","megawatthours"
"2026-10-04T07","LES","Lincoln Electric System","SWPP","Southwest Power Pool","394","megawatthours"
"2026-10-04T07","MPS","KCP&L Greater Missouri Operations","SWPP","Southwest Power Pool","749","megawatthours"
"2026-10-04T07","NPPD","Nebraska Public Power District","SWPP","Southwest Power Pool","1553","megawatthours"
"2026-10-04T07","OKGE","Oklahoma Gas and Electric Co.","SWPP","Southwest Power Pool","3606","megawatthours"
"2026-10-04T07","OPPD","Omaha Public Power District","SWPP","Southwest Power Pool","1672","megawatthours"
"2026-10-04T07","SECI","Sunflower Electric","SWPP","Southwest Power Pool","614","megawatthours"
"2026-10-04T07","SPRM","City of Springfield","SWPP","Southwest Power Pool","291","megawatthours"
"2026-10-04T07","SPS","Southwestern Public Service Company","SWPP","Southwest Power Pool","3809","megawatthours"
"2026-10-04T07","WAUE","Western Area Power Upper Great Plains East","SWPP","Southwest Power Pool","3509","megawatthours"
"2026-10-04T07","WFEC","Western Farmers Electric Cooperative","SWPP","Southwest Power Pool","887","megawatthours"
"2026-10-04T07","WR","Westar Energy","SWPP","Southwest Power Pool","2763","megawatthours"
"2026-10-04T07","PRPA","Platte River Power Authority - PRPA","SWPW","Southwest Power Pool West Balancing Authority Area","318","megawatthours"
"2026-10-04T07","WACM","Western Area Power Administration - Colorado Missouri Region - WACM","SWPW","Southwest Power Pool West Balancing Authority Area","2081","megawatthours"
"2026-10-04T07","WAUW","Western Area Power Administration - Upper Great Plains West - WAUW","SWPW","Southwest Power Pool West Balancing Authority Area","46","megawatthours"
"2026-10-04T06","BASI","Basin Electric Power Cooperative","BHBA","Black Hills Energy","208","megawatthours"
"2026-10-04T06","SDE","Black Hills Energy South Dakota Electric","BHBA","Black Hills Energy","219","megawatthours"
"2026-10-04T06","WYE","Black Hills Energy Wyoming Electric","BHBA","Black Hills Energy","357","megawatthours"
"2026-10-04T06","PGAE","Pacific Gas and Electric","CISO","California Independent System Operator","13438","megawatthours"
"2026-10-04T06","SCE","Southern California Edison","CISO","California Independent System Operator","16462","megawatthours"
"2026-10-04T06","SDGE","San Diego Gas and Electric","CISO","California Independent System Operator","3871","megawatthours"
"2026-10-04T06","VEA","Valley Electric Association","CISO","California Independent System Operator","63","megawatthours"
"2026-10-04T06","COAS","Coast","ERCO","Electric Reliability Council of Texas, Inc.","14773","megawatthours"
"2026-10-04T06","EAST","East","ERCO","Electric Reliability Council of Texas, Inc.","1616","megawatthours"
"2026-10-04T06","FWES","Far West","ERCO","Electric Reliability Council of Texas, Inc.","7055","megawatthours"
"2026-10-04T06","NCEN","North Central","ERCO","Electric Reliability Council of Texas, Inc.","13332","megawatthours"
"2026-10-04T06","NRTH","North","ERCO","Electric Reliability Council of Texas, Inc.","1564","megawatthours"
"2026-10-04T06","SCEN","South Central","ERCO","Electric Reliability Council of Texas, Inc.","8401","megawatthours"
"2026-10-04T06","SOUT","South","ERCO","Electric Reliability Council of Texas, Inc.","4554","megawatthours"
"2026-10-04T06","WEST","West","ERCO","Electric Reliability Council of Texas, Inc.","1935","megawatthours"
"2026-10-04T06","0001","Zone 1","MISO","Midcontinent Independent System Operator, Inc.","8864","megawatthours"
"2026-10-04T06","0004","Zone 4","MISO","Midcontinent Independent System Operator, Inc.","3863","megawatthours"
"2026-10-04T06","0006","Zone 6","MISO","Midcontinent Independent System Operator, Inc.","7782","megawatthours"
"2026-10-04T06","0027","Zones 2 and 7","MISO","Midcontinent Independent System Operator, Inc.","14231","megawatthours"
"2026-10-04T06","0035","Zones 3 and 5","MISO","Midcontinent Independent System Operator, Inc.","8549","megawatthours"
"2026-10-04T06","8910","Zones 8, 9, and 10","MISO","Midcontinent Independent System Operator, Inc.","19871","megawatthours"
"2026-10-04T06","ZONA","West","NYIS","New York Independent System Operator","1297","megawatthours"
"2026-10-04T06","ZONB","Genesee","NYIS","New York Independent System Operator","818","megawatthours"
"2026-10-04T06","ZONC","Central","NYIS","New York Independent System Operator","1306","megawatthours"
"2026-10-04T06","ZOND","North","NYIS","New York Independent System Operator","520","megawatthours"
"2026-10-04T06","ZONE","Mohawk Valley","NYIS","New York Independent System Operator","631","megawatthours"
"2026-10-04T06","ZONF","Capital","NYIS","New York Independent System Operator","1015","megawatthours"
"2026-10-04T06","ZONG","Hudson Valley","NYIS","New York Independent System Operator","847","megawatthours"
"2026-10-04T06","ZONH","Millwood","NYIS","New York Independent System Operator","171","megawatthours"
"2026-10-04T06","ZONI","Dunwoodie","NYIS","New York Independent System Operator","490","megawatthours"
"2026-10-04T06","ZONJ","New York City","NYIS","New York Independent System Operator","4479","megawatthours"
"2026-10-04T06","ZONK","Long Island","NYIS","New York Independent System Operator","1661","megawatthours"
"2026-10-04T06","AE","Atlantic Electric zone","PJM","PJM Interconnection, LLC","874","megawatthours"
"2026-10-04T06","AEP","American Electric Power zone","PJM","PJM Interconnection, LLC","13280","megawatthours"
"2026-10-04T06","AP","Allegheny Power zone","PJM","PJM Interconnection, LLC","4081","megawatthours"
"2026-10-04T06","ATSI","American Transmission Systems, Inc. zone","PJM","PJM Interconnection, LLC","5787","megawatthours"
"2026-10-04T06","BC","Baltimore Gas & Electric zone","PJM","PJM Interconnection, LLC","2463","megawatthours"
"2026-10-04T06","CE","Commonwealth Edison zone","PJM","PJM Interconnection, LLC","8369","megawatthours"
"2026-10-04T06","DAY","Dayton Power & Light zone","PJM","PJM Interconnection, LLC","1374","megawatthours"
"2026-10-04T06","DEOK","Duke Energy Ohio/Kentucky zone","PJM","PJM Interconnection, LLC","2046","megawatthours"
"2026-10-04T06","DOM","Dominion Virginia Power zone","PJM","PJM Interconnection, LLC","13436","megawatthours"
"2026-10-04T06","DPL","Delmarva Power & Light zone","PJM","PJM Interconnection, LLC","1416","megawatthours"
"2026-10-04T06","DUQ","Duquesne Lighting Company zone","PJM","PJM Interconnection, LLC","1082","megawatthours"
"2026-10-04T06","EKPC","East Kentucky Power Cooperative zone","PJM","PJM Interconnection, LLC","1144","megawatthours"
"2026-10-04T06","JC","Jersey Central Power & Light zone","PJM","PJM Interconnection, LLC","1801","megawatthours"
"2026-10-04T06","ME","Metropolitan Edison zone","PJM","PJM Interconnection, LLC","1194","megawatthours"
"2026-10-04T06","PE","PECO Energy zone","PJM","PJM Interconnection, LLC","3062","megawatthours"
"2026-10-04T06","PEP","Potomac Electric Power zone","PJM","PJM Interconnection, LLC","2344","megawatthours"
"2026-10-04T06","PL","Pennsylvania Power & Light zone","PJM","PJM Interconnection, LLC","3336","megawatthours"
"2026-10-04T06","PN","Pennsylvania Electric zone","PJM","PJM Interconnection, LLC","1320","megawatthours"
"2026-10-04T06","PS","Public Service Electric & Gas zone","PJM","PJM Interconnection, LLC","3727","megawatthours"
"2026-10-04T06","RECO","Rockland Electric (East) zone","PJM","PJM Interconnection, LLC","126","megawatthours"
"2026-10-04T06","ACMA","City of Acoma Pueblo","PNM","Public Service Company of New Mexico","2","megawatthours"
"2026-10-04T06","CYGA","City of Gallup","PNM","Public Service Company of New Mexico","17","megawatthours"
"2026-10-04T06","Frep","Freeport","PNM","Public Service Company of New Mexico","82","megawatthours"
"2026-10-04T06","Jica","Jicarilla Apache Nation","PNM","Public Service Company of New Mexico","2","megawatthours"
"2026-10-04T06","KAFB","Kirtland Air Force Base","PNM","Public Service Company of New Mexico","50","megawatthours"
"2026-10-04T06","KCEC","Kit Carson Electric Cooperative","PNM","Public Service Company of New Mexico","26","megawatthours"
"2026-10-04T06","LAC","Los Alamos County","PNM","Public Service Company of New Mexico","69","megawatthours"
"2026-10-04T06","PNM","PNM System Firm Load","PNM","Public Service Company of New Mexico","1090","megawatthours"
"2026-10-04T06","TSGT","Tri-State Generation and Transmission","PNM","Public Service Company of New Mexico","231","megawatthours"
"2026-10-04T06","CSWS","AEPW American Electric Power West","SWPP","Southwest Power Pool","4556","megawatthours"
"2026-10-04T06","EDE","Empire District Electric Company","SWPP","Southwest Power Pool","489","megawatthours"
"2026-10-04T06","GRDA","Grand River Dam Authority","SWPP","Southwest Power Pool","1156","megawatthours"
"2026-10-04T06","INDN","Independence Power & Light","SWPP","Southwest Power Pool","82","megawatthours"
"2026-10-04T06","KACY","Kansas City Board of Public Utilities","SWPP","Southwest Power Pool","186","megawatthours"
"2026-10-04T06","KCPL","Kansas City Power & Light","SWPP","Southwest Power Pool","1556","megawatthours"
"2026-10-04T06","LES","Lincoln Electric System","SWPP","Southwest Power Pool","410","megawatthours"
"2026-10-04T06","MPS","KCP&L Greater Missouri Operations","SWPP","Southwest Power Pool","773","megawatthours"
"2026-10-04T06","NPPD","Nebraska Public Power District","SWPP","Southwest Power Pool","1587","megawatthours"
"2026-10-04T06","OKGE","Oklahoma Gas and Electric Co.","SWPP","Southwest Power Pool","3696","megawatthours"
"2026-10-04T06","OPPD","Omaha Public Power District","SWPP","Southwest Power Pool","1713","megawatthours"
"2026-10-04T06","SECI","Sunflower Electric","SWPP","Southwest Power Pool","625","megawatthours"
"2026-10-04T06","SPRM","City of Springfield","SWPP","Southwest Power Pool","306","megawatthours"
"2026-10-04T06","SPS","Southwestern Public Service Company","SWPP","Southwest Power Pool","3862","megawatthours"
"2026-10-04T06","WAUE","Western Area Power Upper Great Plains East","SWPP","Southwest Power Pool","3540","megawatthours"
"2026-10-04T06","WFEC","Western Farmers Electric Cooperative","SWPP","Southwest Power Pool","906","megawatthours"
"2026-10-04T06","WR","Westar Energy","SWPP","Southwest Power Pool","2846","megawatthours"
"2026-10-04T06","PRPA","Platte River Power Authority - PRPA","SWPW","Southwest Power Pool West Balancing Authority Area","341","megawatthours"
"2026-10-04T06","WACM","Western Area Power Administration - Colorado Missouri Region - WACM","SWPW","Southwest Power Pool West Balancing Authority Area","2141","megawatthours"
"2026-10-04T06","WAUW","Western Area Power Administration - Upper Great Plains West - WAUW","SWPW","Southwest Power Pool West Balancing Authority Area","46","megawatthours"
"2026-10-04T05","BASI","Basin Electric Power Cooperative","BHBA","Black Hills Energy","216","megawatthours"
"2026-10-04T05","SDE","Black Hills Energy South Dakota Electric","BHBA","Black Hills Energy","232","megawatthours"
"2026-10-04T05","WYE","Black Hills Energy Wyoming Electric","BHBA","Black Hills Energy","362","megawatthours"
"2026-10-04T05","PGAE","Pacific Gas and Electric","CISO","California Independent System Operator","14398","megawatthours"
"2026-10-04T05","SCE","Southern California Edison","CISO","California Independent System Operator","17590","megawatthours"
"2026-10-04T05","SDGE","San Diego Gas and Electric","CISO","California Independent System Operator","4067","megawatthours"
"2026-10-04T05","VEA","Valley Electric Association","CISO","California Independent System Operator","71","megawatthours"
"2026-10-04T05","0001","Zone 1","MISO","Midcontinent Independent System Operator, Inc.","9172","megawatthours"
"2026-10-04T05","0004","Zone 4","MISO","Midcontinent Independent System Operator, Inc.","4054","megawatthours"
"2026-10-04T05","0006","Zone 6","MISO","Midcontinent Independent System Operator, Inc.","8023","megawatthours"
"2026-10-04T05","0027","Zones 2 and 7","MISO","Midcontinent Independent System Operator, Inc.","14540","megawatthours"
"2026-10-04T05","0035","Zones 3 and 5","MISO","Midcontinent Independent System Operator, Inc.","8508","megawatthours"
"2026-10-04T05","8910","Zones 8, 9, and 10","MISO","Midcontinent Independent System Operator, Inc.","20749","megawatthours"
"2026-10-04T05","ZONA","West","NYIS","New York Independent System Operator","1321","megawatthours"
"2026-10-04T05","ZONB","Genesee","NYIS","New York Independent System Operator","842","megawatthours"
"2026-10-04T05","ZONC","Central","NYIS","New York Independent System Operator","1340","megawatthours"
"2026-10-04T05","ZOND","North","NYIS","New York Independent System Operator","498","megawatthours"
"2026-10-04T05","ZONE","Mohawk Valley","NYIS","New York Independent System Operator","649","megawatthours"
"2026-10-04T05","ZONF","Capital","NYIS","New York Independent System Operator","1048","megawatthours"
"2026-10-04T05","ZONG","Hudson Valley","NYIS","New York Independent System Operator","881","megawatthours"
"2026-10-04T05","ZONH","Millwood","NYIS","New York Independent System Operator","198","megawatthours"
"2026-10-04T05","ZONI","Dunwoodie","NYIS","New York Independent System Operator","510","megawatthours"
"2026-10-04T05","ZONJ","New York City","NYIS","New York Independent System Operator","4632","megawatthours"
"2026-10-04T05","ZONK","Long Island","NYIS","New York Independent System Operator","1762","megawatthours"
"2026-10-04T05","AE","Atlantic Electric zone","PJM","PJM Interconnection, LLC","912","megawatthours"
"2026-10-04T05","AEP","American Electric Power zone","PJM","PJM Interconnection, LLC","13416","megawatthours"
"2026-10-04T05","AP","Allegheny Power zone","PJM","PJM Interconnection, LLC","4191","megawatthours"
"2026-10-04T05","ATSI","American Transmission Systems, Inc. zone","PJM","PJM Interconnection, LLC","5851","megawatthours"
"2026-10-04T05","BC","Baltimore Gas & Electric zone","PJM","PJM Interconnection, LLC","2580","megawatthours"
"2026-10-04T05","CE","Commonwealth Edison zone","PJM","PJM Interconnection, LLC","8683","megawatthours"
"2026-10-04T05","DAY","Dayton Power & Light zone","PJM","PJM Interconnection, LLC","1425","megawatthours"
"2026-10-04T05","DEOK","Duke Energy Ohio/Kentucky zone","PJM","PJM Interconnection, LLC","2125","megawatthours"
"2026-10-04T05","DOM","Dominion Virginia Power zone","PJM","PJM Interconnection, LLC","13762","megawatthours"
"2026-10-04T05","DPL","Delmarva Power & Light zone","PJM","PJM Interconnection, LLC","1475","megawatthours"
"2026-10-04T05","DUQ","Duquesne Lighting Company zone","PJM","PJM Interconnection, LLC","1126","megawatthours"
"2026-10-04T05","EKPC","East Kentucky Power Cooperative zone","PJM","PJM Interconnection, LLC","1182","megawatthours"
"2026-10-04T05","JC","Jersey Central Power & Light zone","PJM","PJM Interconnection, LLC","1888","megawatthours"
"2026-10-04T05","ME","Metropolitan Edison zone","PJM","PJM Interconnection, LLC","1238","megawatthours"
"2026-10-04T05","PE","PECO Energy zone","PJM","PJM Interconnection, LLC","3192","megawatthours"
"2026-10-04T05","PEP","Potomac Electric Power zone","PJM","PJM Interconnection, LLC","2447","megawatthours"
"2026-10-04T05","PL","Pennsylvania Power & Light zone","PJM","PJM Interconnection, LLC","3467","megawatthours"
"2026-10-04T05","PN","Pennsylvania Electric zone","PJM","PJM Interconnection, LLC","1349","megawatthours"
"2026-10-04T05","PS","Public Service Electric & Gas zone","PJM","PJM Interconnection, LLC","3890","megawatthours"
"2026-10-04T05","RECO","Rockland Electric (East) zone","PJM","PJM Interconnection, LLC","132","megawatthours"
"2026-10-04T05","ACMA","City of Acoma Pueblo","PNM","Public Service Company of New Mexico","2","megawatthours"
"2026-10-04T05","CYGA","City of Gallup","PNM","Public Service Company of New Mexico","17","megawatthours"
"2026-10-04T05","Frep","Freeport","PNM","Public Service Company of New Mexico","82","megawatthours"
"2026-10-04T05","Jica","Jicarilla Apache Nation","PNM","Public Service Company of New Mexico","2","megawatthours"
"2026-10-04T05","KAFB","Kirtland Air Force Base","PNM","Public Service Company of New Mexico","50","megawatthours"
"2026-10-04T05","KCEC","Kit Carson Electric Cooperative","PNM","Public Service Company of New Mexico","28","megawatthours"
"2026-10-04T05","LAC","Los Alamos County","PNM","Public Service Company of New Mexico","71","megawatthours"
"2026-10-04T05","PNM","PNM System Firm Load","PNM","Public Service Company of New Mexico","1146","megawatthours"
"2026-10-04T05","TSGT","Tri-State Generation and Transmission","PNM","Public Service Company of New Mexico","239","megawatthours"
"2026-10-04T05","CSWS","AEPW American Electric Power West","SWPP","Southwest Power Pool","4791","megawatthours"
"2026-10-04T05","EDE","Empire District Electric Company","SWPP","Southwest Power Pool","519","megawatthours"
"2026-10-04T05","GRDA","Grand River Dam Authority","SWPP","Southwest Power Pool","1168","megawatthours"
"2026-10-04T05","INDN","Independence Power & Light","SWPP","Southwest Power Pool","88","megawatthours"
"2026-10-04T05","KACY","Kansas City Board of Public Utilities","SWPP","Southwest Power Pool","192","megawatthours"
"2026-10-04T05","KCPL","Kansas City Power & Light","SWPP","Southwest Power Pool","1622","megawatthours"
"2026-10-04T05","LES","Lincoln Electric System","SWPP","Southwest Power Pool","430","megawatthours"
"2026-10-04T05","MPS","KCP&L Greater Missouri Operations","SWPP","Southwest Power Pool","810","megawatthours"
"2026-10-04T05","NPPD","Nebraska Public Power District","SWPP","Southwest Power Pool","1655","megawatthours"
"2026-10-04T05","OKGE","Oklahoma Gas and Electric Co.","SWPP","Southwest Power Pool","3859","megawatthours"
"2026-10-04T05","OPPD","Omaha Public Power District","SWPP","Southwest Power Pool","1774","megawatthours"
"2026-10-04T05","SECI","Sunflower Electric","SWPP","Southwest Power Pool","644","megawatthours"
"2026-10-04T05","SPRM","City of Springfield","SWPP","Southwest Power Pool","325","megawatthours"
"2026-10-04T05","SPS","Southwestern Public Service Company","SWPP","Southwest Power Pool","3958","megawatthours"
"2026-10-04T05","WAUE","Western Area Power Upper Great Plains East","SWPP","Southwest Power Pool","3604","megawatthours"
"2026-10-04T05","WFEC","Western Farmers Electric Cooperative","SWPP","Southwest Power Pool","937","megawatthours"
"2026-10-04T05","WR","Westar Energy","SWPP","Southwest Power Pool","2965","megawatthours"
"2026-10-04T05","PRPA","Platte River Power Authority - PRPA","SWPW","Southwest Power Pool West Balancing Authority Area","367","megawatthours"
"2026-10-04T05","WACM","Western Area Power Administration - Colorado Missouri Region - WACM","SWPW","Southwest Power Pool West Balancing Authority Area","2237","megawatthours"
"2026-10-04T05","WAUW","Western Area Power Administration - Upper Great Plains West - WAUW","SWPW","Southwest Power Pool West Balancing Authority Area","48","megawatthours"
"2026-10-04T04","BASI","Basin Electric Power Cooperative","BHBA","Black Hills Energy","216","megawatthours"
"2026-10-04T04","SDE","Black Hills Energy South Dakota Electric","BHBA","Black Hills Energy","246","megawatthours"
"2026-10-04T04","WYE","Black Hills Energy Wyoming Electric","BHBA","Black Hills Energy","366","megawatthours"
"2026-10-04T04","PGAE","Pacific Gas and Electric","CISO","California Independent System Operator","15231","megawatthours"
"2026-10-04T04","SCE","Southern California Edison","CISO","California Independent System Operator","18425","megawatthours"
"2026-10-04T04","SDGE","San Diego Gas and Electric","CISO","California Independent System Operator","4443","megawatthours"
"2026-10-04T04","VEA","Valley Electric Association","CISO","California Independent System Operator","78","megawatthours"
"2026-10-04T04","0001","Zone 1","MISO","Midcontinent Independent System Operator, Inc.","9653","megawatthours"
"2026-10-04T04","0004","Zone 4","MISO","Midcontinent Independent System Operator, Inc.","4243","megawatthours"
"2026-10-04T04","0006","Zone 6","MISO","Midcontinent Independent System Operator, Inc.","8422","megawatthours"
"2026-10-04T04","0027","Zones 2 and 7","MISO","Midcontinent Independent System Operator, Inc.","14791","megawatthours"
"2026-10-04T04","0035","Zones 3 and 5","MISO","Midcontinent Independent System Operator, Inc.","8857","megawatthours"
"2026-10-04T04","8910","Zones 8, 9, and 10","MISO","Midcontinent Independent System Operator, Inc.","21414","megawatthours"
"2026-10-04T04","ZONA","West","NYIS","New York Independent System Operator","1361","megawatthours"
"2026-10-04T04","ZONB","Genesee","NYIS","New York Independent System Operator","883","megawatthours"
"2026-10-04T04","ZONC","Central","NYIS","New York Independent System Operator","1371","megawatthours"
"2026-10-04T04","ZOND","North","NYIS","New York Independent System Operator","502","megawatthours"
"2026-10-04T04","ZONE","Mohawk Valley","NYIS","New York Independent System Operator","679","megawatthours"
"2026-10-04T04","ZONF","Capital","NYIS","New York Independent System Operator","1077","megawatthours"
"2026-10-04T04","ZONG","Hudson Valley","NYIS","New York Independent System Operator","925","megawatthours"
"2026-10-04T04","ZONH","Millwood","NYIS","New York Independent System Operator","205","megawatthours"
"2026-10-04T04","ZONI","Dunwoodie","NYIS","New York Independent System Operator","536","megawatthours"
"2026-10-04T04","ZONJ","New York City","NYIS","New York Independent System Operator","4848","megawatthours"
"2026-10-04T04","ZONK","Long Island","NYIS","New York Independent System Operator","1879","megawatthours"
"2026-10-04T04","AE","Atlantic Electric zone","PJM","PJM Interconnection, LLC","963","megawatthours"
"2026-10-04T04","AEP","American Electric Power zone","PJM","PJM Interconnection, LLC","13928","megawatthours"
"2026-10-04T04","AP","Allegheny Power zone","PJM","PJM Interconnection, LLC","4364","megawatthours"
"2026-10-04T04","ATSI","American Transmission Systems, Inc. zone","PJM","PJM Interconnection, LLC","6110","megawatthours"
"2026-10-04T04","BC","Baltimore Gas & Electric zone","PJM","PJM Interconnection, LLC","2726","megawatthours"
"2026-10-04T04","CE","Commonwealth Edison zone","PJM","PJM Interconnection, LLC","9034","megawatthours"
"2026-10-04T04","DAY","Dayton Power & Light zone","PJM","PJM Interconnection, LLC","1490","megawatthours"
"2026-10-04T04","DEOK","Duke Energy Ohio/Kentucky zone","PJM","PJM Interconnection, LLC","2241","megawatthours"
"2026-10-04T04","DOM","Dominion Virginia Power zone","PJM","PJM Interconnection, LLC","14116","megawatthours"
"2026-10-04T04","DPL","Delmarva Power & Light zone","PJM","PJM Interconnection, LLC","1561","megawatthours"
"2026-10-04T04","DUQ","Duquesne Lighting Company zone","PJM","PJM Interconnection, LLC","1173","megawatthours"
"2026-10-04T04","EKPC","East Kentucky Power Cooperative zone","PJM","PJM Interconnection, LLC","1299","megawatthours"
"2026-10-04T04","JC","Jersey Central Power & Light zone","PJM","PJM Interconnection, LLC","2004","megawatthours"
"2026-10-04T04","ME","Metropolitan Edison zone","PJM","PJM Interconnection, LLC","1299","megawatthours"
"2026-10-04T04","PE","PECO Energy zone","PJM","PJM Interconnection, LLC","3363","megawatthours"
"2026-10-04T04","PEP","Potomac Electric Power zone","PJM","PJM Interconnection, LLC","2569","megawatthours"
"2026-10-04T04","PL","Pennsylvania Power & Light zone","PJM","PJM Interconnection, LLC","3656","megawatthours"
"2026-10-04T04","PN","Pennsylvania Electric zone","PJM","PJM Interconnection, LLC","1396","megawatthours"
"2026-10-04T04","PS","Public Service Electric & Gas zone","PJM","PJM Interconnection, LLC","4073","megawatthours"
"2026-10-04T04","RECO","Rockland Electric (East) zone","PJM","PJM Interconnection, LLC","139","megawatthours"
"2026-10-04T04","ACMA","City of Acoma Pueblo","PNM","Public Service Company of New Mexico","2","megawatthours"
"2026-10-04T04","CYGA","City of Gallup","PNM","Public Service Company of New Mexico","19","megawatthours"
"2026-10-04T04","Frep","Freeport","PNM","Public Service Company of New Mexico","81","megawatthours"
"2026-10-04T04","Jica","Jicarilla Apache Nation","PNM","Public Service Company of New Mexico","2","megawatthours"
"2026-10-04T04","KAFB","Kirtland Air Force Base","PNM","Public Service Company of New Mexico","50","megawatthours"
"2026-10-04T04","KCEC","Kit Carson Electric Cooperative","PNM","Public Service Company of New Mexico","23","megawatthours"
"2026-10-04T04","LAC","Los Alamos County","PNM","Public Service Company of New Mexico","72","megawatthours"
"2026-10-04T04","PNM","PNM System Firm Load","PNM","Public Service Company of New Mexico","1201","megawatthours"
"2026-10-04T04","TSGT","Tri-State Generation and Transmission","PNM","Public Service Company of New Mexico","248","megawatthours"
"2026-10-04T04","CSWS","AEPW American Electric Power West","SWPP","Southwest Power Pool","5028","megawatthours"
"2026-10-04T04","EDE","Empire District Electric Company","SWPP","Southwest Power Pool","557","megawatthours"
"2026-10-04T04","GRDA","Grand River Dam Authority","SWPP","Southwest Power Pool","1181","megawatthours"
"2026-10-04T04","INDN","Independence Power & Light","SWPP","Southwest Power Pool","95","megawatthours"
"2026-10-04T04","KACY","Kansas City Board of Public Utilities","SWPP","Southwest Power Pool","200","megawatthours"
"2026-10-04T04","KCPL","Kansas City Power & Light","SWPP","Southwest Power Pool","1714","megawatthours"
"2026-10-04T04","LES","Lincoln Electric System","SWPP","Southwest Power Pool","455","megawatthours"
"2026-10-04T04","MPS","KCP&L Greater Missouri Operations","SWPP","Southwest Power Pool","870","megawatthours"
"2026-10-04T04","NPPD","Nebraska Public Power District","SWPP","Southwest Power Pool","1735","megawatthours"
"2026-10-04T04","OKGE","Oklahoma Gas and Electric Co.","SWPP","Southwest Power Pool","3971","megawatthours"
"2026-10-04T04","OPPD","Omaha Public Power District","SWPP","Southwest Power Pool","1859","megawatthours"
"2026-10-04T04","SECI","Sunflower Electric","SWPP","Southwest Power Pool","672","megawatthours"
"2026-10-04T04","SPRM","City of Springfield","SWPP","Southwest Power Pool","343","megawatthours"
"2026-10-04T04","SPS","Southwestern Public Service Company","SWPP","Southwest Power Pool","4049","megawatthours"
"2026-10-04T04","WAUE","Western Area Power Upper Great Plains East","SWPP","Southwest Power Pool","3684","megawatthours"
"2026-10-04T04","WFEC","Western Farmers Electric Cooperative","SWPP","Southwest Power Pool","969","megawatthours"
"2026-10-04T04","WR","Westar Energy","SWPP","Southwest Power Pool","3145","megawatthours"
"2026-10-04T04","PRPA","Platte River Power Authority - PRPA","SWPW","Southwest Power Pool West Balancing Authority Area","391","megawatthours"
"2026-10-04T04","WACM","Western Area Power Administration - Colorado Missouri Region - WACM","SWPW","Southwest Power Pool West Balancing Authority Area","2338","megawatthours"
"2026-10-04T04","WAUW","Western Area Power Administration - Upper Great Plains West - WAUW","SWPW","Southwest Power Pool West Balancing Authority Area","49","megawatthours"
"2026-10-04T03","BASI","Basin Electric Power Cooperative","BHBA","Black Hills Energy","218","megawatthours"
"2026-10-04T03","SDE","Black Hills Energy South Dakota Electric","BHBA","Black Hills Energy","258","megawatthours"
"2026-10-04T03","WYE","Black Hills Energy Wyoming Electric","BHBA","Black Hills Energy","371","megawatthours"
"2026-10-04T03","PGAE","Pacific Gas and Electric","CISO","California Independent System Operator","16099","megawatthours"
"2026-10-04T03","SCE","Southern California Edison","CISO","California Independent System Operator","19590","megawatthours"
"2026-10-04T03","SDGE","San Diego Gas and Electric","CISO","California Independent System Operator","4721","megawatthours"
"2026-10-04T03","VEA","Valley Electric Association","CISO","California Independent System Operator","87","megawatthours"
"2026-10-04T03","0001","Zone 1","MISO","Midcontinent Independent System Operator, Inc.","10049","megawatthours"
"2026-10-04T03","0004","Zone 4","MISO","Midcontinent Independent System Operator, Inc.","4460","megawatthours"
"2026-10-04T03","0006","Zone 6","MISO","Midcontinent Independent System Operator, Inc.","8778","megawatthours"
"2026-10-04T03","0027","Zones 2 and 7","MISO","Midcontinent Independent System Operator, Inc.","15441","megawatthours"
"2026-10-04T03","0035","Zones 3 and 5","MISO","Midcontinent Independent System Operator, Inc.","9144","megawatthours"
"2026-10-04T03","8910","Zones 8, 9, and 10","MISO","Midcontinent Independent System Operator, Inc.","22305","megawatthours"
"2026-10-04T03","ZONA","West","NYIS","New York Independent System Operator","1406","megawatthours"
"2026-10-04T03","ZONB","Genesee","NYIS","New York Independent System Operator","937","megawatthours"
"2026-10-04T03","ZONC","Central","NYIS","New York Independent System Operator","1426","megawatthours"
"2026-10-04T03","ZOND","North","NYIS","New York Independent System Operator","538","megawatthours"
"2026-10-04T03","ZONE","Mohawk Valley","NYIS","New York Independent System Operator","717","megawatthours"
"2026-10-04T03","ZONF","Capital","NYIS","New York Independent System Operator","1129","megawatthours"
"2026-10-04T03","ZONG","Hudson Valley","NYIS","New York Independent System Operator","980","megawatthours"
"2026-10-04T03","ZONH","Millwood","NYIS","New York Independent System Operator","221","megawatthours"
"2026-10-04T03","ZONI","Dunwoodie","NYIS","New York Independent System Operator","565","megawatthours"
"2026-10-04T03","ZONJ","New York City","NYIS","New York Independent System Operator","5061","megawatthours"
"2026-10-04T03","ZONK","Long Island","NYIS","New York Independent System Operator","2015","megawatthours"
"2026-10-04T03","AE","Atlantic Electric zone","PJM","PJM Interconnection, LLC","1022","megawatthours"
"2026-10-04T03","AEP","American Electric Power zone","PJM","PJM Interconnection, LLC","14350","megawatthours"
"2026-10-04T03","AP","Allegheny Power zone","PJM","PJM Interconnection, LLC","4585","megawatthours"
"2026-10-04T03","ATSI","American Transmission Systems, Inc. zone","PJM","PJM Interconnection, LLC","6408","megawatthours"
"2026-10-04T03","BC","Baltimore Gas & Electric zone","PJM","PJM Interconnection, LLC","2880","megawatthours"
"2026-10-04T03","CE","Commonwealth Edison zone","PJM","PJM Interconnection, LLC","9399","megawatthours"
"2026-10-04T03","DAY","Dayton Power & Light zone","PJM","PJM Interconnection, LLC","1571","megawatthours"
"2026-10-04T03","DEOK","Duke Energy Ohio/Kentucky zone","PJM","PJM Interconnection, LLC","2372","megawatthours"
"2026-10-04T03","DOM","Dominion Virginia Power zone","PJM","PJM Interconnection, LLC","14536","megawatthours"
"2026-10-04T03","DPL","Delmarva Power & Light zone","PJM","PJM Interconnection, LLC","1658","megawatthours"
"2026-10-04T03","DUQ","Duquesne Lighting Company zone","PJM","PJM Interconnection, LLC","1212","megawatthours"
"2026-10-04T03","EKPC","East Kentucky Power Cooperative zone","PJM","PJM Interconnection, LLC","1359","megawatthours"
"2026-10-04T03","JC","Jersey Central Power & Light zone","PJM","PJM Interconnection, LLC","2138","megawatthours"
"2026-10-04T03","ME","Metropolitan Edison zone","PJM","PJM Interconnection, LLC","1381","megawatthours"
"2026-10-04T03","PE","PECO Energy zone","PJM","PJM Interconnection, LLC","3563","megawatthours"
"2026-10-04T03","PEP","Potomac Electric Power zone","PJM","PJM Interconnection, LLC","2693","megawatthours"
"2026-10-04T03","PL","Pennsylvania Power & Light zone","PJM","PJM Interconnection, LLC","3857","megawatthours"
"2026-10-04T03","PN","Pennsylvania Electric zone","PJM","PJM Interconnection, LLC","1457","megawatthours"
"2026-10-04T03","PS","Public Service Electric & Gas zone","PJM","PJM Interconnection, LLC","4290","megawatthours"
"2026-10-04T03","RECO","Rockland Electric (East) zone","PJM","PJM Interconnection, LLC","149","megawatthours"
"2026-10-04T03","ACMA","City of Acoma Pueblo","PNM","Public Service Company of New Mexico","2","megawatthours"
"2026-10-04T03","CYGA","City of Gallup","PNM","Public Service Company of New Mexico","21","megawatthours"
"2026-10-04T03","Frep","Freeport","PNM","Public Service Company of New Mexico","80","megawatthours"
"2026-10-04T03","Jica","Jicarilla Apache Nation","PNM","Public Service Company of New Mexico","2","megawatthours"
"2026-10-04T03","KAFB","Kirtland Air Force Base","PNM","Public Service Company of New Mexico","51","megawatthours"
"2026-10-04T03","KCEC","Kit Carson Electric Cooperative","PNM","Public Service Company of New Mexico","24","megawatthours"
"2026-10-04T03","LAC","Los Alamos County","PNM","Public Service Company of New Mexico","72","megawatthours"
"2026-10-04T03","PNM","PNM System Firm Load","PNM","Public Service Company of New Mexico","1253","megawatthours"
"2026-10-04T03","TSGT","Tri-State Generation and Transmission","PNM","Public Service Company of New Mexico","255","megawatthours"
"2026-10-04T03","CSWS","AEPW American Electric Power West","SWPP","Southwest Power Pool","5227","megawatthours"
"2026-10-04T03","EDE","Empire District Electric Company","SWPP","Southwest Power Pool","594","megawatthours"
"2026-10-04T03","GRDA","Grand River Dam Authority","SWPP","Southwest Power Pool","1201","megawatthours"
"2026-10-04T03","INDN","Independence Power & Light","SWPP","Southwest Power Pool","103","megawatthours"
"2026-10-04T03","KACY","Kansas City Board of Public Utilities","SWPP","Southwest Power Pool","210","megawatthours"
"2026-10-04T03","KCPL","Kansas City Power & Light","SWPP","Southwest Power Pool","1795","megawatthours"
"2026-10-04T03","LES","Lincoln Electric System","SWPP","Southwest Power Pool","476","megawatthours"
"2026-10-04T03","MPS","KCP&L Greater Missouri Operations","SWPP","Southwest Power Pool","928","megawatthours"
"2026-10-04T03","NPPD","Nebraska Public Power District","SWPP","Southwest Power Pool","1767","megawatthours"
"2026-10-04T03","OKGE","Oklahoma Gas and Electric Co.","SWPP","Southwest Power Pool","4067","megawatthours"
"2026-10-04T03","OPPD","Omaha Public Power District","SWPP","Southwest Power Pool","1923","megawatthours"
"2026-10-04T03","SECI","Sunflower Electric","SWPP","Southwest Power Pool","687","megawatthours"
"2026-10-04T03","SPRM","City of Springfield","SWPP","Southwest Power Pool","364","megawatthours"
"2026-10-04T03","SPS","Southwestern Public Service Company","SWPP","Southwest Power Pool","4121","megawatthours"
"2026-10-04T03","WAUE","Western Area Power Upper Great Plains East","SWPP","Southwest Power Pool","3768","megawatthours"
"2026-10-04T03","WFEC","Western Farmers Electric Cooperative","SWPP","Southwest Power Pool","1009","megawatthours"
"2026-10-04T03","WR","Westar Energy","SWPP","Southwest Power Pool","3300","megawatthours"
"2026-10-04T03","PRPA","Platte River Power Authority - PRPA","SWPW","Southwest Power Pool West Balancing Authority Area","411","megawatthours"
"2026-10-04T03","WACM","Western Area Power Administration - Colorado Missouri Region - WACM","SWPW","Southwest Power Pool West Balancing Authority Area","2423","megawatthours"
"2026-10-04T03","WAUW","Western Area Power Administration - Upper Great Plains West - WAUW","SWPW","Southwest Power Pool West Balancing Authority Area","55","megawatthours"
"2026-10-04T02","BASI","Basin Electric Power Cooperative","BHBA","Black Hills Energy","212","megawatthours"
"2026-10-04T02","SDE","Black Hills Energy South Dakota Electric","BHBA","Black Hills Energy","268","megawatthours"
"2026-10-04T02","WYE","Black Hills Energy Wyoming Electric","BHBA","Black Hills Energy","365","megawatthours"
"2026-10-04T02","PGAE","Pacific Gas and Electric","CISO","California Independent System Operator","16686","megawatthours"
"2026-10-04T02","SCE","Southern California Edison","CISO","California Independent System Operator","20566","megawatthours"
"2026-10-04T02","SDGE","San Diego Gas and Electric","CISO","California Independent System Operator","4837","megawatthours"
"2026-10-04T02","VEA","Valley Electric Association","CISO","California Independent System Operator","97","megawatthours"
"2026-10-04T02","0001","Zone 1","MISO","Midcontinent Independent System Operator, Inc.","10338","megawatthours"
"2026-10-04T02","0004","Zone 4","MISO","Midcontinent Independent System Operator, Inc.","4615","megawatthours"
"2026-10-04T02","0006","Zone 6","MISO","Midcontinent Independent System Operator, Inc.","9169","megawatthours"
"2026-10-04T02","0027","Zones 2 and 7","MISO","Midcontinent Independent System Operator, Inc.","16048","megawatthours"
"2026-10-04T02","0035","Zones 3 and 5","MISO","Midcontinent Independent System Operator, Inc.","9407","megawatthours"
"2026-10-04T02","8910","Zones 8, 9, and 10","MISO","Midcontinent Independent System Operator, Inc.","22838","megawatthours"
"2026-10-04T02","ZONA","West","NYIS","New York Independent System Operator","1455","megawatthours"
"2026-10-04T02","ZONB","Genesee","NYIS","New York Independent System Operator","986","megawatthours"
"2026-10-04T02","ZONC","Central","NYIS","New York Independent System Operator","1477","megawatthours"
"2026-10-04T02","ZOND","North","NYIS","New York Independent System Operator","554","megawatthours"
"2026-10-04T02","ZONE","Mohawk Valley","NYIS","New York Independent System Operator","750","megawatthours"
"2026-10-04T02","ZONF","Capital","NYIS","New York Independent System Operator","1190","megawatthours"
"2026-10-04T02","ZONG","Hudson Valley","NYIS","New York Independent System Operator","1038","megawatthours"
"2026-10-04T02","ZONH","Millwood","NYIS","New York Independent System Operator","240","megawatthours"
"2026-10-04T02","ZONI","Dunwoodie","NYIS","New York Independent System Operator","587","megawatthours"
"2026-10-04T02","ZONJ","New York City","NYIS","New York Independent System Operator","5233","megawatthours"
"2026-10-04T02","ZONK","Long Island","NYIS","New York Independent System Operator","2124","megawatthours"
"2026-10-04T02","AE","Atlantic Electric zone","PJM","PJM Interconnection, LLC","1075","megawatthours"
"2026-10-04T02","AEP","American Electric Power zone","PJM","PJM Interconnection, LLC","14928","megawatthours"
"2026-10-04T02","AP","Allegheny Power zone","PJM","PJM Interconnection, LLC","4786","megawatthours"
"2026-10-04T02","ATSI","American Transmission Systems, Inc. zone","PJM","PJM Interconnection, LLC","6642","megawatthours"
"2026-10-04T02","BC","Baltimore Gas & Electric zone","PJM","PJM Interconnection, LLC","3017","megawatthours"
"2026-10-04T02","CE","Commonwealth Edison zone","PJM","PJM Interconnection, LLC","9574","megawatthours"
"2026-10-04T02","DAY","Dayton Power & Light zone","PJM","PJM Interconnection, LLC","1655","megawatthours"
"2026-10-04T02","DEOK","Duke Energy Ohio/Kentucky zone","PJM","PJM Interconnection, LLC","2484","megawatthours"
"2026-10-04T02","DOM","Dominion Virginia Power zone","PJM","PJM Interconnection, LLC","14949","megawatthours"
"2026-10-04T02","DPL","Delmarva Power & Light zone","PJM","PJM Interconnection, LLC","1749","megawatthours"
"2026-10-04T02","DUQ","Duquesne Lighting Company zone","PJM","PJM Interconnection, LLC","1255","megawatthours"
"2026-10-04T02","EKPC","East Kentucky Power Cooperative zone","PJM","PJM Interconnection, LLC","1417","megawatthours"
"2026-10-04T02","JC","Jersey Central Power & Light zone","PJM","PJM Interconnection, LLC","2249","megawatthours"
"2026-10-04T02","ME","Metropolitan Edison zone","PJM","PJM Interconnection, LLC","1460","megawatthours"
"2026-10-04T02","PE","PECO Energy zone","PJM","PJM Interconnection, LLC","3739","megawatthours"
"2026-10-04T02","PEP","Potomac Electric Power zone","PJM","PJM Interconnection, LLC","2797","megawatthours"
"2026-10-04T02","PL","Pennsylvania Power & Light zone","PJM","PJM Interconnection, LLC","4062","megawatthours"
"2026-10-04T02","PN","Pennsylvania Electric zone","PJM","PJM Interconnection, LLC","1526","megawatthours"
"2026-10-04T02","PS","Public Service Electric & Gas zone","PJM","PJM Interconnection, LLC","4489","megawatthours"
"2026-10-04T02","RECO","Rockland Electric (East) zone","PJM","PJM Interconnection, LLC","156","megawatthours"
"2026-10-04T02","ACMA","City of Acoma Pueblo","PNM","Public Service Company of New Mexico","2","megawatthours"
"2026-10-04T02","CYGA","City of Gallup","PNM","Public Service Company of New Mexico","21","megawatthours"
"2026-10-04T02","Frep","Freeport","PNM","Public Service Company of New Mexico","81","megawatthours"
"2026-10-04T02","Jica","Jicarilla Apache Nation","PNM","Public Service Company of New Mexico","2","megawatthours"
"2026-10-04T02","KAFB","Kirtland Air Force Base","PNM","Public Service Company of New Mexico","51","megawatthours"
"2026-10-04T02","KCEC","Kit Carson Electric Cooperative","PNM","Public Service Company of New Mexico","25","megawatthours"
"2026-10-04T02","LAC","Los Alamos County","PNM","Public Service Company of New Mexico","73","megawatthours"
"2026-10-04T02","PNM","PNM System Firm Load","PNM","Public Service Company of New Mexico","1295","megawatthours"
"2026-10-04T02","TSGT","Tri-State Generation and Transmission","PNM","Public Service Company of New Mexico","255","megawatthours"
"2026-10-04T02","CSWS","AEPW American Electric Power West","SWPP","Southwest Power Pool","5381","megawatthours"
"2026-10-04T02","EDE","Empire District Electric Company","SWPP","Southwest Power Pool","620","megawatthours"
"2026-10-04T02","GRDA","Grand River Dam Authority","SWPP","Southwest Power Pool","1213","megawatthours"
"2026-10-04T02","INDN","Independence Power & Light","SWPP","Southwest Power Pool","110","megawatthours"
"2026-10-04T02","KACY","Kansas City Board of Public Utilities","SWPP","Southwest Power Pool","218","megawatthours"
"2026-10-04T02","KCPL","Kansas City Power & Light","SWPP","Southwest Power Pool","1855","megawatthours"
"2026-10-04T02","LES","Lincoln Electric System","SWPP","Southwest Power Pool","497","megawatthours"
"2026-10-04T02","MPS","KCP&L Greater Missouri Operations","SWPP","Southwest Power Pool","967","megawatthours"
"2026-10-04T02","NPPD","Nebraska Public Power District","SWPP","Southwest Power Pool","1869","megawatthours"
"2026-10-04T02","OKGE","Oklahoma Gas and Electric Co.","SWPP","Southwest Power Pool","4148","megawatthours"
"2026-10-04T02","OPPD","Omaha Public Power District","SWPP","Southwest Power Pool","1980","megawatthours"
"2026-10-04T02","SECI","Sunflower Electric","SWPP","Southwest Power Pool","707","megawatthours"
"2026-10-04T02","SPRM","City of Springfield","SWPP","Southwest Power Pool","383","megawatthours"
"2026-10-04T02","SPS","Southwestern Public Service Company","SWPP","Southwest Power Pool","4182","megawatthours"
"2026-10-04T02","WAUE","Western Area Power Upper Great Plains East","SWPP","Southwest Power Pool","3869","megawatthours"
"2026-10-04T02","WFEC","Western Farmers Electric Cooperative","SWPP","Southwest Power Pool","1021","megawatthours"
"2026-10-04T02","WR","Westar Energy","SWPP","Southwest Power Pool","3443","megawatthours"
"2026-10-04T02","PRPA","Platte River Power Authority - PRPA","SWPW","Southwest Power Pool West Balancing Authority Area","432","megawatthours"
"2026-10-04T02","WACM","Western Area Power Administration - Colorado Missouri Region - WACM","SWPW","Southwest Power Pool West Balancing Authority Area","2508","megawatthours"
"2026-10-04T02","WAUW","Western Area Power Administration - Upper Great Plains West - WAUW","SWPW","Southwest Power Pool West Balancing Authority Area","55","megawatthours"
"2026-10-04T01","BASI","Basin Electric Power Cooperative","BHBA","Black Hills Energy","202","megawatthours"
"2026-10-04T01","SDE","Black Hills Energy South Dakota Electric","BHBA","Black Hills Energy","271","megawatthours"
"2026-10-04T01","WYE","Black Hills Energy Wyoming Electric","BHBA","Black Hills Energy","374","megawatthours"
"2026-10-04T01","PGAE","Pacific Gas and Electric","CISO","California Independent System Operator","16205","megawatthours"
"2026-10-04T01","SCE","Southern California Edison","CISO","California Independent System Operator","21294","megawatthours"
"2026-10-04T01","SDGE","San Diego Gas and Electric","CISO","California Independent System Operator","5014","megawatthours"
"2026-10-04T01","VEA","Valley Electric Association","CISO","California Independent System Operator","103","megawatthours"
"2026-10-04T01","0001","Zone 1","MISO","Midcontinent Independent System Operator, Inc.","10503","megawatthours"
"2026-10-04T01","0004","Zone 4","MISO","Midcontinent Independent System Operator, Inc.","4704","megawatthours"
"2026-10-04T01","0006","Zone 6","MISO","Midcontinent Independent System Operator, Inc.","9403","megawatthours"
"2026-10-04T01","0027","Zones 2 and 7","MISO","Midcontinent Independent System Operator, Inc.","16459","megawatthours"
"2026-10-04T01","0035","Zones 3 and 5","MISO","Midcontinent Independent System Operator, Inc.","9622","megawatthours"
"2026-10-04T01","8910","Zones 8, 9, and 10","MISO","Midcontinent Independent System Operator, Inc.","23354","megawatthours"
"2026-10-04T01","ZONA","West","NYIS","New York Independent System Operator","1487","megawatthours"
"2026-10-04T01","ZONB","Genesee","NYIS","New York Independent System Operator","1024","megawatthours"
"2026-10-04T01","ZONC","Central","NYIS","New York Independent System Operator","1551","megawatthours"
"2026-10-04T01","ZOND","North","NYIS","New York Independent System Operator","531","megawatthours"
"2026-10-04T01","ZONE","Mohawk Valley","NYIS","New York Independent System Operator","777","megawatthours"
"2026-10-04T01","ZONF","Capital","NYIS","New York Independent System Operator","1244","megawatthours"
"2026-10-04T01","ZONG","Hudson Valley","NYIS","New York Independent System Operator","1082","megawatthours"
"2026-10-04T01","ZONH","Millwood","NYIS","New York Independent System Operator","261","megawatthours"
"2026-10-04T01","ZONI","Dunwoodie","NYIS","New York Independent System Operator","601","megawatthours"
"2026-10-04T01","ZONJ","New York City","NYIS","New York Independent System Operator","5364","megawatthours"
"2026-10-04T01","ZONK","Long Island","NYIS","New York Independent System Operator","2225","megawatthours"
"2026-10-04T01","AE","Atlantic Electric zone","PJM","PJM Interconnection, LLC","1113","megawatthours"
"2026-10-04T01","AEP","American Electric Power zone","PJM","PJM Interconnection, LLC","15272","megawatthours"
"2026-10-04T01","AP","Allegheny Power zone","PJM","PJM Interconnection, LLC","4955","megawatthours"
"2026-10-04T01","ATSI","American Transmission Systems, Inc. zone","PJM","PJM Interconnection, LLC","6817","megawatthours"
"2026-10-04T01","BC","Baltimore Gas & Electric zone","PJM","PJM Interconnection, LLC","3117","megawatthours"
"2026-10-04T01","CE","Commonwealth Edison zone","PJM","PJM Interconnection, LLC","9773","megawatthours"
"2026-10-04T01","DAY","Dayton Power & Light zone","PJM","PJM Interconnection, LLC","1713","megawatthours"
"2026-10-04T01","DEOK","Duke Energy Ohio/Kentucky zone","PJM","PJM Interconnection, LLC","2581","megawatthours"
"2026-10-04T01","DOM","Dominion Virginia Power zone","PJM","PJM Interconnection, LLC","15245","megawatthours"
"2026-10-04T01","DPL","Delmarva Power & Light zone","PJM","PJM Interconnection, LLC","1826","megawatthours"
"2026-10-04T01","DUQ","Duquesne Lighting Company zone","PJM","PJM Interconnection, LLC","1278","megawatthours"
"2026-10-04T01","EKPC","East Kentucky Power Cooperative zone","PJM","PJM Interconnection, LLC","1500","megawatthours"
"2026-10-04T01","JC","Jersey Central Power & Light zone","PJM","PJM Interconnection, LLC","2353","megawatthours"
"2026-10-04T01","ME","Metropolitan Edison zone","PJM","PJM Interconnection, LLC","1518","megawatthours"
"2026-10-04T01","PE","PECO Energy zone","PJM","PJM Interconnection, LLC","3894","megawatthours"
"2026-10-04T01","PEP","Potomac Electric Power zone","PJM","PJM Interconnection, LLC","2865","megawatthours"
"2026-10-04T01","PL","Pennsylvania Power & Light zone","PJM","PJM Interconnection, LLC","4246","megawatthours"
"2026-10-04T01","PN","Pennsylvania Electric zone","PJM","PJM Interconnection, LLC","1577","megawatthours"
"2026-10-04T01","PS","Public Service Electric & Gas zone","PJM","PJM Interconnection, LLC","4641","megawatthours"
"2026-10-04T01","RECO","Rockland Electric (East) zone","PJM","PJM Interconnection, LLC","161","megawatthours"
"2026-10-04T01","ACMA","City of Acoma Pueblo","PNM","Public Service Company of New Mexico","2","megawatthours"
"2026-10-04T01","CYGA","City of Gallup","PNM","Public Service Company of New Mexico","21","megawatthours"
"2026-10-04T01","Frep","Freeport","PNM","Public Service Company of New Mexico","78","megawatthours"
"2026-10-04T01","Jica","Jicarilla Apache Nation","PNM","Public Service Company of New Mexico","2","megawatthours"
"2026-10-04T01","KAFB","Kirtland Air Force Base","PNM","Public Service Company of New Mexico","51","megawatthours"
"2026-10-04T01","KCEC","Kit Carson Electric Cooperative","PNM","Public Service Company of New Mexico","28","megawatthours"
"2026-10-04T01","LAC","Los Alamos County","PNM","Public Service Company of New Mexico","72","megawatthours"
"2026-10-04T01","PNM","PNM System Firm Load","PNM","Public Service Company of New Mexico","1307","megawatthours"
"2026-10-04T01","TSGT","Tri-State Generation and Transmission","PNM","Public Service Company of New Mexico","247","megawatthours"
"2026-10-04T01","CSWS","AEPW American Electric Power West","SWPP","Southwest Power Pool","5471","megawatthours"
"2026-10-04T01","EDE","Empire District Electric Company","SWPP","Southwest Power Pool","640","megawatthours"
"2026-10-04T01","GRDA","Grand River Dam Authority","SWPP","Southwest Power Pool","1227","megawatthours"
"2026-10-04T01","INDN","Independence Power & Light","SWPP","Southwest Power Pool","116","megawatthours"
"2026-10-04T01","KACY","Kansas City Board of Public Utilities","SWPP","Southwest Power Pool","222","megawatthours"
"2026-10-04T01","KCPL","Kansas City Power & Light","SWPP","Southwest Power Pool","1903","megawatthours"
"2026-10-04T01","LES","Lincoln Electric System","SWPP","Southwest Power Pool","507","megawatthours"
"2026-10-04T01","MPS","KCP&L Greater Missouri Operations","SWPP","Southwest Power Pool","999","megawatthours"
"2026-10-04T01","NPPD","Nebraska Public Power District","SWPP","Southwest Power Pool","1900","megawatthours"
"2026-10-04T01","OKGE","Oklahoma Gas and Electric Co.","SWPP","Southwest Power Pool","4209","megawatthours"
"2026-10-04T01","OPPD","Omaha Public Power District","SWPP","Southwest Power Pool","2018","megawatthours"
"2026-10-04T01","SECI","Sunflower Electric","SWPP","Southwest Power Pool","715","megawatthours"
"2026-10-04T01","SPRM","City of Springfield","SWPP","Southwest Power Pool","402","megawatthours"
"2026-10-04T01","SPS","Southwestern Public Service Company","SWPP","Southwest Power Pool","4223","megawatthours"
"2026-10-04T01","WAUE","Western Area Power Upper Great Plains East","SWPP","Southwest Power Pool","3894","megawatthours"
"2026-10-04T01","WFEC","Western Farmers Electric Cooperative","SWPP","Southwest Power Pool","1023","megawatthours"
"2026-10-04T01","WR","Westar Energy","SWPP","Southwest Power Pool","3526","megawatthours"
"2026-10-04T01","PRPA","Platte River Power Authority - PRPA","SWPW","Southwest Power Pool West Balancing Authority Area","445","megawatthours"
"2026-10-04T01","WACM","Western Area Power Administration - Colorado Missouri Region - WACM","SWPW","Southwest Power Pool West Balancing Authority Area","2533","megawatthours"
"2026-10-04T01","WAUW","Western Area Power Administration - Upper Great Plains West - WAUW","SWPW","Southwest Power Pool West Balancing Authority Area","55","megawatthours"
"2026-10-04T00","BASI","Basin Electric Power Cooperative","BHBA","Black Hills Energy","214","megawatthours"
"2026-10-04T00","SDE","Black Hills Energy South Dakota Electric","BHBA","Black Hills Energy","278","megawatthours"
"2026-10-04T00","WYE","Black Hills Energy Wyoming Electric","BHBA","Black Hills Energy","379","megawatthours"
"2026-10-04T00","PGAE","Pacific Gas and Electric","CISO","California Independent System Operator","14870","megawatthours"
"2026-10-04T00","SCE","Southern California Edison","CISO","California Independent System Operator","21982","megawatthours"
"2026-10-04T00","SDGE","San Diego Gas and Electric","CISO","California Independent System Operator","4826","megawatthours"
"2026-10-04T00","VEA","Valley Electric Association","CISO","California Independent System Operator","103","megawatthours"
"2026-10-04T00","0001","Zone 1","MISO","Midcontinent Independent System Operator, Inc.","10469","megawatthours"
"2026-10-04T00","0004","Zone 4","MISO","Midcontinent Independent System Operator, Inc.","4666","megawatthours"
"2026-10-04T00","0006","Zone 6","MISO","Midcontinent Independent System Operator, Inc.","9317","megawatthours"
"2026-10-04T00","0027","Zones 2 and 7","MISO","Midcontinent Independent System Operator, Inc.","16486","megawatthours"
"2026-10-04T00","0035","Zones 3 and 5","MISO","Midcontinent Independent System Operator, Inc.","9651","megawatthours"
"2026-10-04T00","8910","Zones 8, 9, and 10","MISO","Midcontinent Independent System Operator, Inc.","23530","megawatthours"
"2026-10-04T00","ZONA","West","NYIS","New York Independent System Operator","1506","megawatthours"
"2026-10-04T00","ZONB","Genesee","NYIS","New York Independent System Operator","1040","megawatthours"
"2026-10-04T00","ZONC","Central","NYIS","New York Independent System Operator","1590","megawatthours"
"2026-10-04T00","ZOND","North","NYIS","New York Independent System Operator","577","megawatthours"
"2026-10-04T00","ZONE","Mohawk Valley","NYIS","New York Independent System Operator","797","megawatthours"
"2026-10-04T00","ZONF","Capital","NYIS","New York Independent System Operator","1282","megawatthours"
"2026-10-04T00","ZONG","Hudson Valley","NYIS","New York Independent System Operator","1114","megawatthours"
"2026-10-04T00","ZONH","Millwood","NYIS","New York Independent System Operator","264","megawatthours"
"2026-10-04T00","ZONI","Dunwoodie","NYIS","New York Independent System Operator","625","megawatthours"
"2026-10-04T00","ZONJ","New York City","NYIS","New York Independent System Operator","5488","megawatthours"
"2026-10-04T00","ZONK","Long Island","NYIS","New York Independent System Operator","2317","megawatthours"
"2026-10-04T00","AE","Atlantic Electric zone","PJM","PJM Interconnection, LLC","1134","megawatthours"
"2026-10-04T00","AEP","American Electric Power zone","PJM","PJM Interconnection, LLC","15302","megawatthours"
"2026-10-04T00","AP","Allegheny Power zone","PJM","PJM Interconnection, LLC","5058","megawatthours"
"2026-10-04T00","ATSI","American Transmission Systems, Inc. zone","PJM","PJM Interconnection, LLC","6916","megawatthours"
"2026-10-04T00","BC","Baltimore Gas & Electric zone","PJM","PJM Interconnection, LLC","3168","megawatthours"
"2026-10-04T00","CE","Commonwealth Edison zone","PJM","PJM Interconnection, LLC","9704","megawatthours"
"2026-10-04T00","DAY","Dayton Power & Light zone","PJM","PJM Interconnection, LLC","1734","megawatthours"
"2026-10-04T00","DEOK","Duke Energy Ohio/Kentucky zone","PJM","PJM Interconnection, LLC","2613","megawatthours"
"2026-10-04T00","DOM","Dominion Virginia Power zone","PJM","PJM Interconnection, LLC","15447","megawatthours"
"2026-10-04T00","DPL","Delmarva Power & Light zone","PJM","PJM Interconnection, LLC","1874","megawatthours"
"2026-10-04T00","DUQ","Duquesne Lighting Company zone","PJM","PJM Interconnection, LLC","1311","megawatthours"
"2026-10-04T00","EKPC","East Kentucky Power Cooperative zone","PJM","PJM Interconnection, LLC","1467","megawatthours"
"2026-10-04T00","JC","Jersey Central Power & Light zone","PJM","PJM Interconnection, LLC","2422","megawatthours"
"2026-10-04T00","ME","Metropolitan Edison zone","PJM","PJM Interconnection, LLC","1563","megawatthours"
"2026-10-04T00","PE","PECO Energy zone","PJM","PJM Interconnection, LLC","4000","megawatthours"
"2026-10-04T00","PEP","Potomac Electric Power zone","PJM","PJM Interconnection, LLC","2909","megawatthours"
"2026-10-04T00","PL","Pennsylvania Power & Light zone","PJM","PJM Interconnection, LLC","4378","megawatthours"
"2026-10-04T00","PN","Pennsylvania Electric zone","PJM","PJM Interconnection, LLC","1618","megawatthours"
"2026-10-04T00","PS","Public Service Electric & Gas zone","PJM","PJM Interconnection, LLC","4755","megawatthours"
"2026-10-04T00","RECO","Rockland Electric (East) zone","PJM","PJM Interconnection, LLC","165","megawatthours"
"2026-10-04T00","ACMA","City of Acoma Pueblo","PNM","Public Service Company of New Mexico","2","megawatthours"
"2026-10-04T00","CYGA","City of Gallup","PNM","Public Service Company of New Mexico","21","megawatthours"
"2026-10-04T00","Frep","Freeport","PNM","Public Service Company of New Mexico","77","megawatthours"
"2026-10-04T00","Jica","Jicarilla Apache Nation","PNM","Public Service Company of New Mexico","2","megawatthours"
"2026-10-04T00","KAFB","Kirtland Air Force Base","PNM","Public Service Company of New Mexico","50","megawatthours"
"2026-10-04T00","KCEC","Kit Carson Electric Cooperative","PNM","Public Service Company of New Mexico","8","megawatthours"
"2026-10-04T00","LAC","Los Alamos County","PNM","Public Service Company of New Mexico","71","megawatthours"
"2026-10-04T00","PNM","PNM System Firm Load","PNM","Public Service Company of New Mexico","1298","megawatthours"
"2026-10-04T00","TSGT","Tri-State Generation and Transmission","PNM","Public Service Company of New Mexico","244","megawatthours"
"2026-10-04T00","CSWS","AEPW American Electric Power West","SWPP","Southwest Power Pool","5474","megawatthours"
"2026-10-04T00","EDE","Empire District Electric Company","SWPP","Southwest Power Pool","644","megawatthours"
"2026-10-04T00","GRDA","Grand River Dam Authority","SWPP","Southwest Power Pool","1229","megawatthours"
"2026-10-04T00","INDN","Independence Power & Light","SWPP","Southwest Power Pool","117","megawatthours"
"2026-10-04T00","KACY","Kansas City Board of Public Utilities","SWPP","Southwest Power Pool","223","megawatthours"
"2026-10-04T00","KCPL","Kansas City Power & Light","SWPP","Southwest Power Pool","1936","megawatthours"
"2026-10-04T00","LES","Lincoln Electric System","SWPP","Southwest Power Pool","505","megawatthours"
"2026-10-04T00","MPS","KCP&L Greater Missouri Operations","SWPP","Southwest Power Pool","1026","megawatthours"
"2026-10-04T00","NPPD","Nebraska Public Power District","SWPP","Southwest Power Pool","1931","megawatthours"
"2026-10-04T00","OKGE","Oklahoma Gas and Electric Co.","SWPP","Southwest Power Pool","4212","megawatthours"
"2026-10-04T00","OPPD","Omaha Public Power District","SWPP","Southwest Power Pool","2047","megawatthours"
"2026-10-04T00","SECI","Sunflower Electric","SWPP","Southwest Power Pool","734","megawatthours"
"2026-10-04T00","SPRM","City of Springfield","SWPP","Southwest Power Pool","406","megawatthours"
"2026-10-04T00","SPS","Southwestern Public Service Company","SWPP","Southwest Power Pool","4257","megawatthours"
"2026-10-04T00","WAUE","Western Area Power Upper Great Plains East","SWPP","Southwest Power Pool","3928","megawatthours"
"2026-10-04T00","WFEC","Western Farmers Electric Cooperative","SWPP","Southwest Power Pool","1023","megawatthours"
"2026-10-04T00","WR","Westar Energy","SWPP","Southwest Power Pool","3599","megawatthours"
"2026-10-04T00","PRPA","Platte River Power Authority - PRPA","SWPW","Southwest Power Pool West Balancing Authority Area","465","megawatthours"
"2026-10-04T00","WACM","Western Area Power Administration - Colorado Missouri Region - WACM","SWPW","Southwest Power Pool West Balancing Authority Area","2548","megawatthours"
"2026-10-04T00","WAUW","Western Area Power Administration - Upper Great Plains West - WAUW","SWPW","Southwest Power Pool West Balancing Authority Area","55","megawatthours"
"2026-10-03T23","BASI","Basin Electric Power Cooperative","BHBA","Black Hills Energy","218","megawatthours"
"2026-10-03T23","SDE","Black Hills Energy South Dakota Electric","BHBA","Black Hills Energy","280","megawatthours"
"2026-10-03T23","WYE","Black Hills Energy Wyoming Electric","BHBA","Black Hills Energy","379","megawatthours"
"2026-10-03T23","PGAE","Pacific Gas and Electric","CISO","California Independent System Operator","13787","megawatthours"
"2026-10-03T23","SCE","Southern California Edison","CISO","California Independent System Operator","22091","megawatthours"
"2026-10-03T23","SDGE","San Diego Gas and Electric","CISO","California Independent System Operator","4623","megawatthours"
"2026-10-03T23","VEA","Valley Electric Association","CISO","California Independent System Operator","98","megawatthours"
"2026-10-03T23","0001","Zone 1","MISO","Midcontinent Independent System Operator, Inc.","10438","megawatthours"
"2026-10-03T23","0004","Zone 4","MISO","Midcontinent Independent System Operator, Inc.","4438","megawatthours"
"2026-10-03T23","0006","Zone 6","MISO","Midcontinent Independent System Operator, Inc.","9412","megawatthours"
"2026-10-03T23","0027","Zones 2 and 7","MISO","Midcontinent Independent System Operator, Inc.","16360","megawatthours"
"2026-10-03T23","0035","Zones 3 and 5","MISO","Midcontinent Independent System Operator, Inc.","9752","megawatthours"
"2026-10-03T23","8910","Zones 8, 9, and 10","MISO","Midcontinent Independent System Operator, Inc.","23883","megawatthours"
"2026-10-03T23","ZONA","West","NYIS","New York Independent System Operator","1474","megawatthours"
"2026-10-03T23","ZONB","Genesee","NYIS","New York Independent System Operator","1005","megawatthours"
"2026-10-03T23","ZONC","Central","NYIS","New York Independent System Operator","1538","megawatthours"
"2026-10-03T23","ZOND","North","NYIS","New York Independent System Operator","552","megawatthours"
"2026-10-03T23","ZONE","Mohawk Valley","NYIS","New York Independent System Operator","769","megawatthours"
"2026-10-03T23","ZONF","Capital","NYIS","New York Independent System Operator","1271","megawatthours"
"2026-10-03T23","ZONG","Hudson Valley","NYIS","New York Independent System Operator","1115","megawatthours"
"2026-10-03T23","ZONH","Millwood","NYIS","New York Independent System Operator","264","megawatthours"
"2026-10-03T23","ZONI","Dunwoodie","NYIS","New York Independent System Operator","626","megawatthours"
"2026-10-03T23","ZONJ","New York City","NYIS","New York Independent System Operator","5501","megawatthours"
"2026-10-03T23","ZONK","Long Island","NYIS","New York Independent System Operator","2333","megawatthours"
"2026-10-03T23","AE","Atlantic Electric zone","PJM","PJM Interconnection, LLC","1107","megawatthours"
"2026-10-03T23","AEP","American Electric Power zone","PJM","PJM Interconnection, LLC","15421","megawatthours"
"2026-10-03T23","AP","Allegheny Power zone","PJM","PJM Interconnection, LLC","5045","megawatthours"
"2026-10-03T23","ATSI","American Transmission Systems, Inc. zone","PJM","PJM Interconnection, LLC","6779","megawatthours"
"2026-10-03T23","BC","Baltimore Gas & Electric zone","PJM","PJM Interconnection, LLC","3094","megawatthours"
"2026-10-03T23","CE","Commonwealth Edison zone","PJM","PJM Interconnection, LLC","9502","megawatthours"
"2026-10-03T23","DAY","Dayton Power & Light zone","PJM","PJM Interconnection, LLC","1731","megawatthours"
"2026-10-03T23","DEOK","Duke Energy Ohio/Kentucky zone","PJM","PJM Interconnection, LLC","2635","megawatthours"
"2026-10-03T23","DOM","Dominion Virginia Power zone","PJM","PJM Interconnection, LLC","15377","megawatthours"
"2026-10-03T23","DPL","Delmarva Power & Light zone","PJM","PJM Interconnection, LLC","1853","megawatthours"
"2026-10-03T23","DUQ","Duquesne Lighting Company zone","PJM","PJM Interconnection, LLC","1318","megawatthours"
"2026-10-03T23","EKPC","East Kentucky Power Cooperative zone","PJM","PJM Interconnection, LLC","1416","megawatthours"
"2026-10-03T23","JC","Jersey Central Power & Light zone","PJM","PJM Interconnection, LLC","2411","megawatthours"
"2026-10-03T23","ME","Metropolitan Edison zone","PJM","PJM Interconnection, LLC","1558","megawatthours"
"2026-10-03T23","PE","PECO Energy zone","PJM","PJM Interconnection, LLC","3995","megawatthours"
"2026-10-03T23","PEP","Potomac Electric Power zone","PJM","PJM Interconnection, LLC","2862","megawatthours"
"2026-10-03T23","PL","Pennsylvania Power & Light zone","PJM","PJM Interconnection, LLC","4367","megawatthours"
"2026-10-03T23","PN","Pennsylvania Electric zone","PJM","PJM Interconnection, LLC","1577","megawatthours"
"2026-10-03T23","PS","Public Service Electric & Gas zone","PJM","PJM Interconnection, LLC","4734","megawatthours"
"2026-10-03T23","RECO","Rockland Electric (East) zone","PJM","PJM Interconnection, LLC","166","megawatthours"
"2026-10-03T23","ACMA","City of Acoma Pueblo","PNM","Public Service Company of New Mexico","3","megawatthours"
"2026-10-03T23","CYGA","City of Gallup","PNM","Public Service Company of New Mexico","22","megawatthours"
"2026-10-03T23","Frep","Freeport","PNM","Public Service Company of New Mexico","76","megawatthours"
"2026-10-03T23","Jica","Jicarilla Apache Nation","PNM","Public Service Company of New Mexico","2","megawatthours"
"2026-10-03T23","KAFB","Kirtland Air Force Base","PNM","Public Service Company of New Mexico","51","megawatthours"
"2026-10-03T23","LAC","Los Alamos County","PNM","Public Service Company of New Mexico","72","megawatthours"
"2026-10-03T23","PNM","PNM System Firm Load","PNM","Public Service Company of New Mexico","1214","megawatthours"
"2026-10-03T23","TSGT","Tri-State Generation and Transmission","PNM","Public Service Company of New Mexico","234","megawatthours"
"2026-10-03T23","CSWS","AEPW American Electric Power West","SWPP","Southwest Power Pool","5553","megawatthours"
"2026-10-03T23","EDE","Empire District Electric Company","SWPP","Southwest Power Pool","655","megawatthours"
"2026-10-03T23","GRDA","Grand River Dam Authority","SWPP","Southwest Power Pool","1229","megawatthours"
"2026-10-03T23","INDN","Independence Power & Light","SWPP","Southwest Power Pool","119","megawatthours"
"2026-10-03T23","KACY","Kansas City Board of Public Utilities","SWPP","Southwest Power Pool","229","megawatthours"
"2026-10-03T23","KCPL","Kansas City Power & Light","SWPP","Southwest Power Pool","1991","megawatthours"
"2026-10-03T23","LES","Lincoln Electric System","SWPP","Southwest Power Pool","524","megawatthours"
"2026-10-03T23","MPS","KCP&L Greater Missouri Operations","SWPP","Southwest Power Pool","1036","megawatthours"
"2026-10-03T23","NPPD","Nebraska Public Power District","SWPP","Southwest Power Pool","1951","megawatthours"
"2026-10-03T23","OKGE","Oklahoma Gas and Electric Co.","SWPP","Southwest Power Pool","4227","megawatthours"
"2026-10-03T23","OPPD","Omaha Public Power District","SWPP","Southwest Power Pool","2076","megawatthours"
"2026-10-03T23","SECI","Sunflower Electric","SWPP","Southwest Power Pool","735","megawatthours"
"2026-10-03T23","SPRM","City of Springfield","SWPP","Southwest Power Pool","416","megawatthours"
"2026-10-03T23","SPS","Southwestern Public Service Company","SWPP","Southwest Power Pool","4267","megawatthours"
"2026-10-03T23","WAUE","Western Area Power Upper Great Plains East","SWPP","Southwest Power Pool","3933","megawatthours"
"2026-10-03T23","WFEC","Western Farmers Electric Cooperative","SWPP","Southwest Power Pool","1026","megawatthours"
"2026-10-03T23","WR","Westar Energy","SWPP","Southwest Power Pool","3638","megawatthours"
"2026-10-03T23","PRPA","Platte River Power Authority - PRPA","SWPW","Southwest Power Pool West Balancing Authority Area","458","megawatthours"
"2026-10-03T23","WACM","Western Area Power Administration - Colorado Missouri Region - WACM","SWPW","Southwest Power Pool West Balancing Authority Area","2482","megawatthours"
"2026-10-03T23","WAUW","Western Area Power Administration - Upper Great Plains West - WAUW","SWPW","Southwest Power Pool West Balancing Authority Area","55","megawatthours"
"2026-10-03T22","BASI","Basin Electric Power Cooperative","BHBA","Black Hills Energy","216","megawatthours"
"2026-10-03T22","SDE","Black Hills Energy South Dakota Electric","BHBA","Black Hills Energy","274","megawatthours"
"2026-10-03T22","WYE","Black Hills Energy Wyoming Electric","BHBA","Black Hills Energy","378","megawatthours"
"2026-10-03T22","PGAE","Pacific Gas and Electric","CISO","California Independent System Operator","12705","megawatthours"
"2026-10-03T22","SCE","Southern California Edison","CISO","California Independent System Operator","21876","megawatthours"
"2026-10-03T22","SDGE","San Diego Gas and Electric","CISO","California Independent System Operator","4521","megawatthours"
"2026-10-03T22","VEA","Valley Electric Association","CISO","California Independent System Operator","91","megawatthours"
"2026-10-03T22","0001","Zone 1","MISO","Midcontinent Independent System Operator, Inc.","10275","megawatthours"
"2026-10-03T22","0004","Zone 4","MISO","Midcontinent Independent System Operator, Inc.","4127","megawatthours"
"2026-10-03T22","0006","Zone 6","MISO","Midcontinent Independent System Operator, Inc.","9490","megawatthours"
"2026-10-03T22","0027","Zones 2 and 7","MISO","Midcontinent Independent System Operator, Inc.","16244","megawatthours"
"2026-10-03T22","0035","Zones 3 and 5","MISO","Midcontinent Independent System Operator, Inc.","9705","megawatthours"
"2026-10-03T22","8910","Zones 8, 9, and 10","MISO","Midcontinent Independent System Operator, Inc.","24307","megawatthours"
"2026-10-03T22","ZONA","West","NYIS","New York Independent System Operator","1368","megawatthours"
"2026-10-03T22","ZONB","Genesee","NYIS","New York Independent System Operator","872","megawatthours"
"2026-10-03T22","ZONC","Central","NYIS","New York Independent System Operator","1318","megawatthours"
"2026-10-03T22","ZOND","North","NYIS","New York Independent System Operator","510","megawatthours"
"2026-10-03T22","ZONE","Mohawk Valley","NYIS","New York Independent System Operator","614","megawatthours"
"2026-10-03T22","ZONF","Capital","NYIS","New York Independent System Operator","1130","megawatthours"
"2026-10-03T22","ZONG","Hudson Valley","NYIS","New York Independent System Operator","1057","megawatthours"
"2026-10-03T22","ZONH","Millwood","NYIS","New York Independent System Operator","256","megawatthours"
"2026-10-03T22","ZONI","Dunwoodie","NYIS","New York Independent System Operator","636","megawatthours"
"2026-10-03T22","ZONJ","New York City","NYIS","New York Independent System Operator","5531","megawatthours"
"2026-10-03T22","ZONK","Long Island","NYIS","New York Independent System Operator","2306","megawatthours"
"2026-10-03T22","AE","Atlantic Electric zone","PJM","PJM Interconnection, LLC","1074","megawatthours"
"2026-10-03T22","AEP","American Electric Power zone","PJM","PJM Interconnection, LLC","15659","megawatthours"
"2026-10-03T22","AP","Allegheny Power zone","PJM","PJM Interconnection, LLC","5092","megawatthours"
"2026-10-03T22","ATSI","American Transmission Systems, Inc. zone","PJM","PJM Interconnection, LLC","6765","megawatthours"
"2026-10-03T22","BC","Baltimore Gas & Electric zone","PJM","PJM Interconnection, LLC","3001","megawatthours"
"2026-10-03T22","CE","Commonwealth Edison zone","PJM","PJM Interconnection, LLC","9144","megawatthours"
"2026-10-03T22","DAY","Dayton Power & Light zone","PJM","PJM Interconnection, LLC","1715","megawatthours"
"2026-10-03T22","DEOK","Duke Energy Ohio/Kentucky zone","PJM","PJM Interconnection, LLC","2704","megawatthours"
"2026-10-03T22","DOM","Dominion Virginia Power zone","PJM","PJM Interconnection, LLC","15241","megawatthours"
"2026-10-03T22","DPL","Delmarva Power & Light zone","PJM","PJM Interconnection, LLC","1820","megawatthours"
"2026-10-03T22","DUQ","Duquesne Lighting Company zone","PJM","PJM Interconnection, LLC","1345","megawatthours"
"2026-10-03T22","EKPC","East Kentucky Power Cooperative zone","PJM","PJM Interconnection, LLC","1542","megawatthours"
"2026-10-03T22","JC","Jersey Central Power & Light zone","PJM","PJM Interconnection, LLC","2372","megawatthours"
"2026-10-03T22","ME","Metropolitan Edison zone","PJM","PJM Interconnection, LLC","1564","megawatthours"
"2026-10-03T22","PE","PECO Energy zone","PJM","PJM Interconnection, LLC","4030","megawatthours"
"2026-10-03T22","PEP","Potomac Electric Power zone","PJM","PJM Interconnection, LLC","2787","megawatthours"
"2026-10-03T22","PL","Pennsylvania Power & Light zone","PJM","PJM Interconnection, LLC","4331","megawatthours"
"2026-10-03T22","PN","Pennsylvania Electric zone","PJM","PJM Interconnection, LLC","1566","megawatthours"
"2026-10-03T22","PS","Public Service Electric & Gas zone","PJM","PJM Interconnection, LLC","4686","megawatthours"
"2026-10-03T22","RECO","Rockland Electric (East) zone","PJM","PJM Interconnection, LLC","169","megawatthours"
"2026-10-03T22","ACMA","City of Acoma Pueblo","PNM","Public Service Company of New Mexico","2","megawatthours"
"2026-10-03T22","CYGA","City of Gallup","PNM","Public Service Company of New Mexico","21","megawatthours"
"2026-10-03T22","Frep","Freeport","PNM","Public Service Company of New Mexico","75","megawatthours"
"2026-10-03T22","Jica","Jicarilla Apache Nation","PNM","Public Service Company of New Mexico","2","megawatthours"
"2026-10-03T22","KAFB","Kirtland Air Force Base","PNM","Public Service Company of New Mexico","52","megawatthours"
"2026-10-03T22","LAC","Los Alamos County","PNM","Public Service Company of New Mexico","69","megawatthours"
"2026-10-03T22","PNM","PNM System Firm Load","PNM","Public Service Company of New Mexico","1130","megawatthours"
"2026-10-03T22","TSGT","Tri-State Generation and Transmission","PNM","Public Service Company of New Mexico","227","megawatthours"
"2026-10-03T22","CSWS","AEPW American Electric Power West","SWPP","Southwest Power Pool","5580","megawatthours"
"2026-10-03T22","EDE","Empire District Electric Company","SWPP","Southwest Power Pool","656","megawatthours"
"2026-10-03T22","GRDA","Grand River Dam Authority","SWPP","Southwest Power Pool","1229","megawatthours"
"2026-10-03T22","INDN","Independence Power & Light","SWPP","Southwest Power Pool","113","megawatthours"
"2026-10-03T22","KACY","Kansas City Board of Public Utilities","SWPP","Southwest Power Pool","227","megawatthours"
"2026-10-03T22","KCPL","Kansas City Power & Light","SWPP","Southwest Power Pool","1982","megawatthours"
"2026-10-03T22","LES","Lincoln Electric System","SWPP","Southwest Power Pool","516","megawatthours"
"2026-10-03T22","MPS","KCP&L Greater Missouri Operations","SWPP","Southwest Power Pool","1021","megawatthours"
"2026-10-03T22","NPPD","Nebraska Public Power District","SWPP","Southwest Power Pool","1913","megawatthours"
"2026-10-03T22","OKGE","Oklahoma Gas and Electric Co.","SWPP","Southwest Power Pool","4219","megawatthours"
"2026-10-03T22","OPPD","Omaha Public Power District","SWPP","Southwest Power Pool","2051","megawatthours"
"2026-10-03T22","SECI","Sunflower Electric","SWPP","Southwest Power Pool","729","megawatthours"
"2026-10-03T22","SPRM","City of Springfield","SWPP","Southwest Power Pool","425","megawatthours"
"2026-10-03T22","SPS","Southwestern Public Service Company","SWPP","Southwest Power Pool","4222","megawatthours"
"2026-10-03T22","WAUE","Western Area Power Upper Great Plains East","SWPP","Southwest Power Pool","3913","megawatthours"
"2026-10-03T22","WFEC","Western Farmers Electric Cooperative","SWPP","Southwest Power Pool","1013","megawatthours"
"2026-10-03T22","WR","Westar Energy","SWPP","Southwest Power Pool","3609","megawatthours"
"2026-10-03T22","PRPA","Platte River Power Authority - PRPA","SWPW","Southwest Power Pool West Balancing Authority Area","441","megawatthours"
"2026-10-03T22","WACM","Western Area Power Administration - Colorado Missouri Region - WACM","SWPW","Southwest Power Pool West Balancing Authority Area","2390","megawatthours"
"2026-10-03T22","WAUW","Western Area Power Administration - Upper Great Plains West - WAUW","SWPW","Southwest Power Pool West Balancing Authority Area","56","megawatthours"
"2026-10-03T21","BASI","Basin Electric Power Cooperative","BHBA","Black Hills Energy","221","megawatthours"
"2026-10-03T21","SDE","Black Hills Energy South Dakota Electric","BHBA","Black Hills Energy","270","megawatthours"
"2026-10-03T21","WYE","Black Hills Energy Wyoming Electric","BHBA","Black Hills Energy","376","megawatthours"
"2026-10-03T21","PGAE","Pacific Gas and Electric","CISO","California Independent System Operator","11871","megawatthours"
"2026-10-03T21","SCE","Southern California Edison","CISO","California Independent System Operator","21591","megawatthours"
"2026-10-03T21","SDGE","San Diego Gas and Electric","CISO","California Independent System Operator","4439","megawatthours"
"2026-10-03T21","VEA","Valley Electric Association","CISO","California Independent System Operator","83","megawatthours"
"2026-10-03T21","0001","Zone 1","MISO","Midcontinent Independent System Operator, Inc.","10086","megawatthours"
"2026-10-03T21","0004","Zone 4","MISO","Midcontinent Independent System Operator, Inc.","3801","megawatthours"
"2026-10-03T21","0006","Zone 6","MISO","Midcontinent Independent System Operator, Inc.","9408","megawatthours"
"2026-10-03T21","0027","Zones 2 and 7","MISO","Midcontinent Independent System Operator, Inc.","16706","megawatthours"
"2026-10-03T21","0035","Zones 3 and 5","MISO","Midcontinent Independent System Operator, Inc.","9516","megawatthours"
"2026-10-03T21","8910","Zones 8, 9, and 10","MISO","Midcontinent Independent System Operator, Inc.","24513","megawatthours"
"2026-10-03T21","ZONA","West","NYIS","New York Independent System Operator","1238","megawatthours"
"2026-10-03T21","ZONB","Genesee","NYIS","New York Independent System Operator","700","megawatthours"
"2026-10-03T21","ZONC","Central","NYIS","New York Independent System Operator","1005","megawatthours"
"2026-10-03T21","ZOND","North","NYIS","New York Independent System Operator","464","megawatthours"
"2026-10-03T21","ZONE","Mohawk Valley","NYIS","New York Independent System Operator","399","megawatthours"
"2026-10-03T21","ZONF","Capital","NYIS","New York Independent System Operator","888","megawatthours"
"2026-10-03T21","ZONG","Hudson Valley","NYIS","New York Independent System Operator","920","megawatthours"
"2026-10-03T21","ZONH","Millwood","NYIS","New York Independent System Operator","244","megawatthours"
"2026-10-03T21","ZONI","Dunwoodie","NYIS","New York Independent System Operator","624","megawatthours"
"2026-10-03T21","ZONJ","New York City","NYIS","New York Independent System Operator","5516","megawatthours"
"2026-10-03T21","ZONK","Long Island","NYIS","New York Independent System Operator","2189","megawatthours"
"2026-10-03T21","AE","Atlantic Electric zone","PJM","PJM Interconnection, LLC","1041","megawatthours"
"2026-10-03T21","AEP","American Electric Power zone","PJM","PJM Interconnection, LLC","15431","megawatthours"
"2026-10-03T21","AP","Allegheny Power zone","PJM","PJM Interconnection, LLC","5041","megawatthours"
"2026-10-03T21","ATSI","American Transmission Systems, Inc. zone","PJM","PJM Interconnection, LLC","6767","megawatthours"
"2026-10-03T21","BC","Baltimore Gas & Electric zone","PJM","PJM Interconnection, LLC","2944","megawatthours"
"2026-10-03T21","CE","Commonwealth Edison zone","PJM","PJM Interconnection, LLC","8929","megawatthours"
"2026-10-03T21","DAY","Dayton Power & Light zone","PJM","PJM Interconnection, LLC","1685","megawatthours"
"2026-10-03T21","DEOK","Duke Energy Ohio/Kentucky zone","PJM","PJM Interconnection, LLC","2682","megawatthours"
"2026-10-03T21","DOM","Dominion Virginia Power zone","PJM","PJM Interconnection, LLC","15161","megawatthours"
"2026-10-03T21","DPL","Delmarva Power & Light zone","PJM","PJM Interconnection, LLC","1793","megawatthours"
"2026-10-03T21","DUQ","Duquesne Lighting Company zone","PJM","PJM Interconnection, LLC","1323","megawatthours"
"2026-10-03T21","EKPC","East Kentucky Power Cooperative zone","PJM","PJM Interconnection, LLC","1456","megawatthours"
"2026-10-03T21","JC","Jersey Central Power & Light zone","PJM","PJM Interconnection, LLC","2251","megawatthours"
"2026-10-03T21","ME","Metropolitan Edison zone","PJM","PJM Interconnection, LLC","1554","megawatthours"
"2026-10-03T21","PE","PECO Energy zone","PJM","PJM Interconnection, LLC","4042","megawatthours"
"2026-10-03T21","PEP","Potomac Electric Power zone","PJM","PJM Interconnection, LLC","2737","megawatthours"
"2026-10-03T21","PL","Pennsylvania Power & Light zone","PJM","PJM Interconnection, LLC","4193","megawatthours"
"2026-10-03T21","PN","Pennsylvania Electric zone","PJM","PJM Interconnection, LLC","1560","megawatthours"
"2026-10-03T21","PS","Public Service Electric & Gas zone","PJM","PJM Interconnection, LLC","4482","megawatthours"
"2026-10-03T21","RECO","Rockland Electric (East) zone","PJM","PJM Interconnection, LLC","170","megawatthours"
"2026-10-03T21","ACMA","City of Acoma Pueblo","PNM","Public Service Company of New Mexico","2","megawatthours"
"2026-10-03T21","CYGA","City of Gallup","PNM","Public Service Company of New Mexico","21","megawatthours"
"2026-10-03T21","Frep","Freeport","PNM","Public Service Company of New Mexico","77","megawatthours"
"2026-10-03T21","Jica","Jicarilla Apache Nation","PNM","Public Service Company of New Mexico","2","megawatthours"
"2026-10-03T21","KAFB","Kirtland Air Force Base","PNM","Public Service Company of New Mexico","51","megawatthours"
"2026-10-03T21","LAC","Los Alamos County","PNM","Public Service Company of New Mexico","69","megawatthours"
"2026-10-03T21","PNM","PNM System Firm Load","PNM","Public Service Company of New Mexico","1049","megawatthours"
"2026-10-03T21","TSGT","Tri-State Generation and Transmission","PNM","Public Service Company of New Mexico","227","megawatthours"
"2026-10-03T21","CSWS","AEPW American Electric Power West","SWPP","Southwest Power Pool","5550","megawatthours"
"2026-10-03T21","EDE","Empire District Electric Company","SWPP","Southwest Power Pool","637","megawatthours"
"2026-10-03T21","GRDA","Grand River Dam Authority","SWPP","Southwest Power Pool","1221","megawatthours"
"2026-10-03T21","INDN","Independence Power & Light","SWPP","Southwest Power Pool","107","megawatthours"
"2026-10-03T21","KACY","Kansas City Board of Public Utilities","SWPP","Southwest Power Pool","220","megawatthours"
"2026-10-03T21","KCPL","Kansas City Power & Light","SWPP","Southwest Power Pool","1929","megawatthours"
"2026-10-03T21","LES","Lincoln Electric System","SWPP","Southwest Power Pool","505","megawatthours"
"2026-10-03T21","MPS","KCP&L Greater Missouri Operations","SWPP","Southwest Power Pool","999","megawatthours"
"2026-10-03T21","NPPD","Nebraska Public Power District","SWPP","Southwest Power Pool","1865","megawatthours"
"2026-10-03T21","OKGE","Oklahoma Gas and Electric Co.","SWPP","Southwest Power Pool","4198","megawatthours"
"2026-10-03T21","OPPD","Omaha Public Power District","SWPP","Southwest Power Pool","2017","megawatthours"
"2026-10-03T21","SECI","Sunflower Electric","SWPP","Southwest Power Pool","721","megawatthours"
"2026-10-03T21","SPRM","City of Springfield","SWPP","Southwest Power Pool","413","megawatthours"
"2026-10-03T21","SPS","Southwestern Public Service Company","SWPP","Southwest Power Pool","4141","megawatthours"
"2026-10-03T21","WAUE","Western Area Power Upper Great Plains East","SWPP","Southwest Power Pool","3870","megawatthours"
"2026-10-03T21","WFEC","Western Farmers Electric Cooperative","SWPP","Southwest Power Pool","1008","megawatthours"
"2026-10-03T21","WR","Westar Energy","SWPP","Southwest Power Pool","3512","megawatthours"
"2026-10-03T21","PRPA","Platte River Power Authority - PRPA","SWPW","Southwest Power Pool West Balancing Authority Area","420","megawatthours"
"2026-10-03T21","WACM","Western Area Power Administration - Colorado Missouri Region - WACM","SWPW","Southwest Power Pool West Balancing Authority Area","2309","megawatthours"
"2026-10-03T21","WAUW","Western Area Power Administration - Upper Great Plains West - WAUW","SWPW","Southwest Power Pool West Balancing Authority Area","55","megawatthours"
"2026-10-03T20","BASI","Basin Electric Power Cooperative","BHBA","Black Hills Energy","224","megawatthours"
"2026-10-03T20","SDE","Black Hills Energy South Dakota Electric","BHBA","Black Hills Energy","267","megawatthours"
