"period","respondent","respondent-name","fueltype","type-name","value","value-units"
"2026-09-11T06","AVA","Avista Corporation","NG","Natural Gas",362,"megawatthours"
"2026-09-11T06","AVA","Avista Corporation","OTH","Other",114,"megawatthours"
"2026-09-11T06","AVA","Avista Corporation","SUN","Solar",0,"megawatthours"
"2026-09-11T06","AVA","Avista Corporation","WAT","Hydro",329,"megawatthours"
"2026-09-11T06","AVA","Avista Corporation","WND","Wind",86,"megawatthours"
"2026-09-11T06","AVRN","Avangrid Renewables, LLC","NG","Natural Gas",497,"megawatthours"
"2026-09-11T06","AVRN","Avangrid Renewables, LLC","SUN","Solar",0,"megawatthours"
"2026-09-11T06","AVRN","Avangrid Renewables, LLC","WAT","Hydro",0,"megawatthours"
"2026-09-11T06","AVRN","Avangrid Renewables, LLC","WND","Wind",1320,"megawatthours"
"2026-09-11T06","AZPS","Arizona Public Service Company","BAT","Battery storage",899,"megawatthours"
"2026-09-11T06","AZPS","Arizona Public Service Company","COL","Coal",1014,"megawatthours"
"2026-09-11T06","AZPS","Arizona Public Service Company","NG","Natural Gas",1750,"megawatthours"
"2026-09-11T06","AZPS","Arizona Public Service Company","NUC","Nuclear",0,"megawatthours"
"2026-09-11T06","AZPS","Arizona Public Service Company","OIL","Petroleum",0,"megawatthours"
"2026-09-11T06","AZPS","Arizona Public Service Company","OTH","Other",28,"megawatthours"
"2026-09-11T06","AZPS","Arizona Public Service Company","SUN","Solar",72,"megawatthours"
"2026-09-11T06","AZPS","Arizona Public Service Company","UES","Unknown energy storage",-24,"megawatthours"
"2026-09-11T06","AZPS","Arizona Public Service Company","WAT","Hydro",0,"megawatthours"
"2026-09-11T06","AZPS","Arizona Public Service Company","WND","Wind",410,"megawatthours"
"2026-09-11T06","BANC","Balancing Authority of Northern California","NG","Natural Gas",1592,"megawatthours"
"2026-09-11T06","BANC","Balancing Authority of Northern California","OTH","Other",10,"megawatthours"
"2026-09-11T06","BANC","Balancing Authority of Northern California","SUN","Solar",0,"megawatthours"
"2026-09-11T06","BANC","Balancing Authority of Northern California","WAT","Hydro",725,"megawatthours"
"2026-09-11T06","BPAT","Bonneville Power Administration","NG","Natural Gas",1042,"megawatthours"
"2026-09-11T06","BPAT","Bonneville Power Administration","NUC","Nuclear",1144,"megawatthours"
"2026-09-11T06","BPAT","Bonneville Power Administration","OTH","Other",101,"megawatthours"
"2026-09-11T06","BPAT","Bonneville Power Administration","SNB","Solar with integrated battery storage",14,"megawatthours"
"2026-09-11T06","BPAT","Bonneville Power Administration","SUN","Solar",-2,"megawatthours"
"2026-09-11T06","BPAT","Bonneville Power Administration","WAT","Hydro",4584,"megawatthours"
"2026-09-11T06","BPAT","Bonneville Power Administration","WND","Wind",1626,"megawatthours"
"2026-09-11T06","CAL","California","BAT","Battery storage",8,"megawatthours"
"2026-09-11T06","CAL","California","COL","Coal",0,"megawatthours"
"2026-09-11T06","CAL","California","GEO","Geothermal",1109,"megawatthours"
"2026-09-11T06","CAL","California","NG","Natural Gas",19497,"megawatthours"
"2026-09-11T06","CAL","California","NUC","Nuclear",2241,"megawatthours"
"2026-09-11T06","CAL","California","OIL","Petroleum",15,"megawatthours"
"2026-09-11T06","CAL","California","OTH","Other",3239,"megawatthours"
"2026-09-11T06","CAL","California","PS","Pumped storage",362,"megawatthours"
"2026-09-11T06","CAL","California","SNB","Solar with integrated battery storage",110,"megawatthours"
"2026-09-11T06","CAL","California","SUN","Solar",-45,"megawatthours"
"2026-09-11T06","CAL","California","WAT","Hydro",4468,"megawatthours"
"2026-09-11T06","CAL","California","WND","Wind",6305,"megawatthours"
"2026-09-11T06","CAR","Carolinas","BAT","Battery storage",-48,"megawatthours"
"2026-09-11T06","CAR","Carolinas","COL","Coal",6233,"megawatthours"
"2026-09-11T06","CAR","Carolinas","NG","Natural Gas",6568,"megawatthours"
"2026-09-11T06","CAR","Carolinas","NUC","Nuclear",10589,"megawatthours"
"2026-09-11T06","CAR","Carolinas","OIL","Petroleum",0,"megawatthours"
"2026-09-11T06","CAR","Carolinas","OTH","Other",995,"megawatthours"
"2026-09-11T06","CAR","Carolinas","PS","Pumped storage",-950,"megawatthours"
"2026-09-11T06","CAR","Carolinas","SNB","Solar with integrated battery storage",-3,"megawatthours"
"2026-09-11T06","CAR","Carolinas","SUN","Solar",-6,"megawatthours"
"2026-09-11T06","CAR","Carolinas","WAT","Hydro",35,"megawatthours"
"2026-09-11T06","CHPD","Public Utility District No. 1 of Chelan County","WAT","Hydro",654,"megawatthours"
"2026-09-11T06","CHPD","Public Utility District No. 1 of Chelan County","WND","Wind",1,"megawatthours"
"2026-09-11T06","CISO","California Independent System Operator","COL","Coal",0,"megawatthours"
"2026-09-11T06","CISO","California Independent System Operator","GEO","Geothermal",711,"megawatthours"
"2026-09-11T06","CISO","California Independent System Operator","NG","Natural Gas",14825,"megawatthours"
"2026-09-11T06","CISO","California Independent System Operator","NUC","Nuclear",2241,"megawatthours"
"2026-09-11T06","CISO","California Independent System Operator","OIL","Petroleum",15,"megawatthours"
"2026-09-11T06","CISO","California Independent System Operator","OTH","Other",2967,"megawatthours"
"2026-09-11T06","CISO","California Independent System Operator","SUN","Solar",-45,"megawatthours"
"2026-09-11T06","CISO","California Independent System Operator","WAT","Hydro",3553,"megawatthours"
"2026-09-11T06","CISO","California Independent System Operator","WND","Wind",6186,"megawatthours"
"2026-09-11T06","DEAA","Arlington Valley, LLC","NG","Natural Gas",479,"megawatthours"
"2026-09-11T06","DOPD","PUD No. 1 of Douglas County","WAT","Hydro",134,"megawatthours"
"2026-09-11T06","EPE","El Paso Electric Company","NG","Natural Gas",822,"megawatthours"
"2026-09-11T06","EPE","El Paso Electric Company","SNB","Solar with integrated battery storage",0,"megawatthours"
"2026-09-11T06","EPE","El Paso Electric Company","SUN","Solar",5,"megawatthours"
"2026-09-11T06","GCPD","Public Utility District No. 2 of Grant County, Washington","WAT","Hydro",500,"megawatthours"
"2026-09-11T06","GRID","Gridforce Energy Management, LLC","COL","Coal",0,"megawatthours"
"2026-09-11T06","GRID","Gridforce Energy Management, LLC","NG","Natural Gas",1837,"megawatthours"
"2026-09-11T06","GRID","Gridforce Energy Management, LLC","SUN","Solar",-1,"megawatthours"
"2026-09-11T06","GRID","Gridforce Energy Management, LLC","WND","Wind",367,"megawatthours"
"2026-09-11T06","IID","Imperial Irrigation District","BAT","Battery storage",8,"megawatthours"
"2026-09-11T06","IID","Imperial Irrigation District","GEO","Geothermal",398,"megawatthours"
"2026-09-11T06","IID","Imperial Irrigation District","NG","Natural Gas",170,"megawatthours"
"2026-09-11T06","IID","Imperial Irrigation District","OIL","Petroleum",0,"megawatthours"
"2026-09-11T06","IID","Imperial Irrigation District","SNB","Solar with integrated battery storage",7,"megawatthours"
"2026-09-11T06","IID","Imperial Irrigation District","SUN","Solar",0,"megawatthours"
"2026-09-11T06","IID","Imperial Irrigation District","WAT","Hydro",18,"megawatthours"
"2026-09-11T06","IPCO","Idaho Power Company","BAT","Battery storage",0,"megawatthours"
"2026-09-11T06","IPCO","Idaho Power Company","GEO","Geothermal",21,"megawatthours"
"2026-09-11T06","IPCO","Idaho Power Company","NG","Natural Gas",648,"megawatthours"
"2026-09-11T06","IPCO","Idaho Power Company","OIL","Petroleum",0,"megawatthours"
"2026-09-11T06","IPCO","Idaho Power Company","OTH","Other",32,"megawatthours"
"2026-09-11T06","IPCO","Idaho Power Company","SUN","Solar",0,"megawatthours"
"2026-09-11T06","IPCO","Idaho Power Company","WAT","Hydro",749,"megawatthours"
"2026-09-11T06","IPCO","Idaho Power Company","WND","Wind",252,"megawatthours"
"2026-09-11T06","LDWP","Los Angeles Department of Water and Power","BAT","Battery storage",0,"megawatthours"
"2026-09-11T06","LDWP","Los Angeles Department of Water and Power","NG","Natural Gas",2570,"megawatthours"
"2026-09-11T06","LDWP","Los Angeles Department of Water and Power","OTH","Other",262,"megawatthours"
"2026-09-11T06","LDWP","Los Angeles Department of Water and Power","PS","Pumped storage",362,"megawatthours"
"2026-09-11T06","LDWP","Los Angeles Department of Water and Power","SNB","Solar with integrated battery storage",103,"megawatthours"
"2026-09-11T06","LDWP","Los Angeles Department of Water and Power","SUN","Solar",0,"megawatthours"
"2026-09-11T06","LDWP","Los Angeles Department of Water and Power","WAT","Hydro",121,"megawatthours"
"2026-09-11T06","LDWP","Los Angeles Department of Water and Power","WND","Wind",119,"megawatthours"
"2026-09-11T06","NEVP","Nevada Power Company","COL","Coal",544,"megawatthours"
"2026-09-11T06","NEVP","Nevada Power Company","NG","Natural Gas",3466,"megawatthours"
"2026-09-11T06","NEVP","Nevada Power Company","NUC","Nuclear",0,"megawatthours"
"2026-09-11T06","NEVP","Nevada Power Company","OIL","Petroleum",0,"megawatthours"
"2026-09-11T06","NEVP","Nevada Power Company","OTH","Other",242,"megawatthours"
"2026-09-11T06","NEVP","Nevada Power Company","SUN","Solar",-2,"megawatthours"
"2026-09-11T06","NEVP","Nevada Power Company","WAT","Hydro",5,"megawatthours"
"2026-09-11T06","NEVP","Nevada Power Company","WND","Wind",24,"megawatthours"
"2026-09-11T06","PACW","PacifiCorp West","NG","Natural Gas",359,"megawatthours"
"2026-09-11T06","PACW","PacifiCorp West","OTH","Other",36,"megawatthours"
"2026-09-11T06","PACW","PacifiCorp West","SUN","Solar",0,"megawatthours"
"2026-09-11T06","PACW","PacifiCorp West","WAT","Hydro",99,"megawatthours"
"2026-09-11T06","PACW","PacifiCorp West","WND","Wind",577,"megawatthours"
"2026-09-11T06","PGE","Portland General Electric Company","BAT","Battery storage",-6,"megawatthours"
"2026-09-11T06","PGE","Portland General Electric Company","COL","Coal",0,"megawatthours"
"2026-09-11T06","PGE","Portland General Electric Company","NG","Natural Gas",645,"megawatthours"
"2026-09-11T06","PGE","Portland General Electric Company","OTH","Other",0,"megawatthours"
"2026-09-11T06","PGE","Portland General Electric Company","WAT","Hydro",180,"megawatthours"
"2026-09-11T06","PGE","Portland General Electric Company","WND","Wind",0,"megawatthours"
"2026-09-11T06","PNM","Public Service Company of New Mexico","BAT","Battery storage",7,"megawatthours"
"2026-09-11T06","PNM","Public Service Company of New Mexico","COL","Coal",388,"megawatthours"
"2026-09-11T06","PNM","Public Service Company of New Mexico","GEO","Geothermal",7,"megawatthours"
"2026-09-11T06","PNM","Public Service Company of New Mexico","NG","Natural Gas",888,"megawatthours"
"2026-09-11T06","PNM","Public Service Company of New Mexico","SUN","Solar",-3,"megawatthours"
"2026-09-11T06","PNM","Public Service Company of New Mexico","WAT","Hydro",0,"megawatthours"
"2026-09-11T06","PNM","Public Service Company of New Mexico","WND","Wind",122,"megawatthours"
"2026-09-11T06","PSEI","Puget Sound Energy, Inc.","COL","Coal",0,"megawatthours"
"2026-09-11T06","PSEI","Puget Sound Energy, Inc.","NG","Natural Gas",503,"megawatthours"
"2026-09-11T06","PSEI","Puget Sound Energy, Inc.","OIL","Petroleum",0,"megawatthours"
"2026-09-11T06","PSEI","Puget Sound Energy, Inc.","OTH","Other",26,"megawatthours"
"2026-09-11T06","PSEI","Puget Sound Energy, Inc.","SUN","Solar",0,"megawatthours"
"2026-09-11T06","PSEI","Puget Sound Energy, Inc.","WAT","Hydro",125,"megawatthours"
"2026-09-11T06","PSEI","Puget Sound Energy, Inc.","WND","Wind",251,"megawatthours"
"2026-09-11T06","SCL","Seattle City Light","WAT","Hydro",649,"megawatthours"
"2026-09-11T06","SRP","Salt River Project Agricultural Improvement and Power District","BAT","Battery storage",41,"megawatthours"
"2026-09-11T06","SRP","Salt River Project Agricultural Improvement and Power District","COL","Coal",1161,"megawatthours"
"2026-09-11T06","SRP","Salt River Project Agricultural Improvement and Power District","NG","Natural Gas",4282,"megawatthours"
"2026-09-11T06","SRP","Salt River Project Agricultural Improvement and Power District","NUC","Nuclear",3830,"megawatthours"
"2026-09-11T06","SRP","Salt River Project Agricultural Improvement and Power District","SNB","Solar with integrated battery storage",0,"megawatthours"
"2026-09-11T06","SRP","Salt River Project Agricultural Improvement and Power District","SUN","Solar",4,"megawatthours"
"2026-09-11T06","SRP","Salt River Project Agricultural Improvement and Power District","WAT","Hydro",140,"megawatthours"
"2026-09-11T06","SRP","Salt River Project Agricultural Improvement and Power District","WND","Wind",66,"megawatthours"
"2026-09-11T06","SW","Southwest","BAT","Battery storage",1031,"megawatthours"
"2026-09-11T06","SW","Southwest","COL","Coal",3379,"megawatthours"
"2026-09-11T06","SW","Southwest","GEO","Geothermal",7,"megawatthours"
"2026-09-11T06","SW","Southwest","NG","Natural Gas",10692,"megawatthours"
"2026-09-11T06","SW","Southwest","NUC","Nuclear",3830,"megawatthours"
"2026-09-11T06","SW","Southwest","OIL","Petroleum",0,"megawatthours"
"2026-09-11T06","SW","Southwest","OTH","Other",28,"megawatthours"
"2026-09-11T06","SW","Southwest","SNB","Solar with integrated battery storage",0,"megawatthours"
"2026-09-11T06","SW","Southwest","SUN","Solar",78,"megawatthours"
"2026-09-11T06","SW","Southwest","UES","Unknown energy storage",-24,"megawatthours"
"2026-09-11T06","SW","Southwest","WAT","Hydro",818,"megawatthours"
"2026-09-11T06","SW","Southwest","WND","Wind",757,"megawatthours"
"2026-09-11T06","TEPC","Tucson Electric Power","BAT","Battery storage",84,"megawatthours"
"2026-09-11T06","TEPC","Tucson Electric Power","COL","Coal",816,"megawatthours"
"2026-09-11T06","TEPC","Tucson Electric Power","NG","Natural Gas",1539,"megawatthours"
"2026-09-11T06","TEPC","Tucson Electric Power","SUN","Solar",0,"megawatthours"
"2026-09-11T06","TEPC","Tucson Electric Power","WND","Wind",98,"megawatthours"
"2026-09-11T06","TIDC","Turlock Irrigation District","NG","Natural Gas",340,"megawatthours"
"2026-09-11T06","TIDC","Turlock Irrigation District","WAT","Hydro",51,"megawatthours"
"2026-09-11T06","TPWR","City of Tacoma, Department of Public Utilities, Light Division","WAT","Hydro",230,"megawatthours"
"2026-09-11T06","WALC","Western Area Power Administration - Desert Southwest Region","NG","Natural Gas",932,"megawatthours"
"2026-09-11T06","WALC","Western Area Power Administration - Desert Southwest Region","SNB","Solar with integrated battery storage",0,"megawatthours"
"2026-09-11T06","WALC","Western Area Power Administration - Desert Southwest Region","SUN","Solar",0,"megawatthours"
"2026-09-11T06","WALC","Western Area Power Administration - Desert Southwest Region","WAT","Hydro",678,"megawatthours"
"2026-09-11T06","WALC","Western Area Power Administration - Desert Southwest Region","WND","Wind",61,"megawatthours"
"2026-09-11T05","AVA","Avista Corporation","NG","Natural Gas",387,"megawatthours"
"2026-09-11T05","AVA","Avista Corporation","OTH","Other",112,"megawatthours"
"2026-09-11T05","AVA","Avista Corporation","SUN","Solar",0,"megawatthours"
"2026-09-11T05","AVA","Avista Corporation","WAT","Hydro",646,"megawatthours"
"2026-09-11T05","AVA","Avista Corporation","WND","Wind",74,"megawatthours"
"2026-09-11T05","AVRN","Avangrid Renewables, LLC","NG","Natural Gas",515,"megawatthours"
"2026-09-11T05","AVRN","Avangrid Renewables, LLC","SUN","Solar",0,"megawatthours"
"2026-09-11T05","AVRN","Avangrid Renewables, LLC","WAT","Hydro",0,"megawatthours"
"2026-09-11T05","AVRN","Avangrid Renewables, LLC","WND","Wind",1267,"megawatthours"
"2026-09-11T05","AZPS","Arizona Public Service Company","BAT","Battery storage",964,"megawatthours"
"2026-09-11T05","AZPS","Arizona Public Service Company","COL","Coal",1013,"megawatthours"
"2026-09-11T05","AZPS","Arizona Public Service Company","NG","Natural Gas",1747,"megawatthours"
"2026-09-11T05","AZPS","Arizona Public Service Company","NUC","Nuclear",0,"megawatthours"
"2026-09-11T05","AZPS","Arizona Public Service Company","OIL","Petroleum",0,"megawatthours"
"2026-09-11T05","AZPS","Arizona Public Service Company","OTH","Other",28,"megawatthours"
"2026-09-11T05","AZPS","Arizona Public Service Company","SUN","Solar",74,"megawatthours"
"2026-09-11T05","AZPS","Arizona Public Service Company","UES","Unknown energy storage",-235,"megawatthours"
"2026-09-11T05","AZPS","Arizona Public Service Company","WAT","Hydro",0,"megawatthours"
"2026-09-11T05","AZPS","Arizona Public Service Company","WND","Wind",158,"megawatthours"
"2026-09-11T05","BANC","Balancing Authority of Northern California","NG","Natural Gas",1594,"megawatthours"
"2026-09-11T05","BANC","Balancing Authority of Northern California","OTH","Other",12,"megawatthours"
"2026-09-11T05","BANC","Balancing Authority of Northern California","SUN","Solar",0,"megawatthours"
"2026-09-11T05","BANC","Balancing Authority of Northern California","WAT","Hydro",720,"megawatthours"
"2026-09-11T05","BHBA","Black Hills Energy","COL","Coal",721,"megawatthours"
"2026-09-11T05","BHBA","Black Hills Energy","NG","Natural Gas",168,"megawatthours"
"2026-09-11T05","BHBA","Black Hills Energy","OIL","Petroleum",0,"megawatthours"
"2026-09-11T05","BHBA","Black Hills Energy","SUN","Solar",0,"megawatthours"
"2026-09-11T05","BHBA","Black Hills Energy","WAT","Hydro",2,"megawatthours"
"2026-09-11T05","BHBA","Black Hills Energy","WND","Wind",77,"megawatthours"
"2026-09-11T05","BPAT","Bonneville Power Administration","NG","Natural Gas",1041,"megawatthours"
"2026-09-11T05","BPAT","Bonneville Power Administration","NUC","Nuclear",1128,"megawatthours"
"2026-09-11T05","BPAT","Bonneville Power Administration","OTH","Other",101,"megawatthours"
"2026-09-11T05","BPAT","Bonneville Power Administration","SNB","Solar with integrated battery storage",26,"megawatthours"
"2026-09-11T05","BPAT","Bonneville Power Administration","SUN","Solar",-2,"megawatthours"
"2026-09-11T05","BPAT","Bonneville Power Administration","WAT","Hydro",5028,"megawatthours"
"2026-09-11T05","BPAT","Bonneville Power Administration","WND","Wind",1583,"megawatthours"
"2026-09-11T05","CAL","California","BAT","Battery storage",29,"megawatthours"
"2026-09-11T05","CAL","California","COL","Coal",0,"megawatthours"
"2026-09-11T05","CAL","California","GEO","Geothermal",1126,"megawatthours"
"2026-09-11T05","CAL","California","NG","Natural Gas",21237,"megawatthours"
"2026-09-11T05","CAL","California","NUC","Nuclear",2239,"megawatthours"
"2026-09-11T05","CAL","California","OIL","Petroleum",17,"megawatthours"
"2026-09-11T05","CAL","California","OTH","Other",5630,"megawatthours"
"2026-09-11T05","CAL","California","PS","Pumped storage",373,"megawatthours"
"2026-09-11T05","CAL","California","SNB","Solar with integrated battery storage",30,"megawatthours"
"2026-09-11T05","CAL","California","SUN","Solar",-30,"megawatthours"
"2026-09-11T05","CAL","California","WAT","Hydro",5044,"megawatthours"
"2026-09-11T05","CAL","California","WND","Wind",5460,"megawatthours"
"2026-09-11T05","CAR","Carolinas","BAT","Battery storage",-1,"megawatthours"
"2026-09-11T05","CAR","Carolinas","COL","Coal",8626,"megawatthours"
"2026-09-11T05","CAR","Carolinas","NG","Natural Gas",7898,"megawatthours"
"2026-09-11T05","CAR","Carolinas","NUC","Nuclear",10566,"megawatthours"
"2026-09-11T05","CAR","Carolinas","OIL","Petroleum",0,"megawatthours"
"2026-09-11T05","CAR","Carolinas","OTH","Other",1072,"megawatthours"
"2026-09-11T05","CAR","Carolinas","PS","Pumped storage",278,"megawatthours"
"2026-09-11T05","CAR","Carolinas","SNB","Solar with integrated battery storage",-4,"megawatthours"
"2026-09-11T05","CAR","Carolinas","SUN","Solar",-1,"megawatthours"
"2026-09-11T05","CAR","Carolinas","WAT","Hydro",51,"megawatthours"
"2026-09-11T05","CHPD","Public Utility District No. 1 of Chelan County","WAT","Hydro",974,"megawatthours"
"2026-09-11T05","CHPD","Public Utility District No. 1 of Chelan County","WND","Wind",1,"megawatthours"
"2026-09-11T05","CISO","California Independent System Operator","COL","Coal",0,"megawatthours"
"2026-09-11T05","CISO","California Independent System Operator","GEO","Geothermal",727,"megawatthours"
"2026-09-11T05","CISO","California Independent System Operator","NG","Natural Gas",16597,"megawatthours"
"2026-09-11T05","CISO","California Independent System Operator","NUC","Nuclear",2239,"megawatthours"
"2026-09-11T05","CISO","California Independent System Operator","OIL","Petroleum",17,"megawatthours"
"2026-09-11T05","CISO","California Independent System Operator","OTH","Other",5361,"megawatthours"
"2026-09-11T05","CISO","California Independent System Operator","SUN","Solar",-30,"megawatthours"
"2026-09-11T05","CISO","California Independent System Operator","WAT","Hydro",3912,"megawatthours"
"2026-09-11T05","CISO","California Independent System Operator","WND","Wind",5420,"megawatthours"
"2026-09-11T05","DEAA","Arlington Valley, LLC","NG","Natural Gas",503,"megawatthours"
"2026-09-11T05","DOPD","PUD No. 1 of Douglas County","WAT","Hydro",147,"megawatthours"
"2026-09-11T05","EPE","El Paso Electric Company","NG","Natural Gas",760,"megawatthours"
"2026-09-11T05","EPE","El Paso Electric Company","SNB","Solar with integrated battery storage",26,"megawatthours"
"2026-09-11T05","EPE","El Paso Electric Company","SUN","Solar",54,"megawatthours"
"2026-09-11T05","GCPD","Public Utility District No. 2 of Grant County, Washington","WAT","Hydro",487,"megawatthours"
"2026-09-11T05","GRID","Gridforce Energy Management, LLC","COL","Coal",0,"megawatthours"
"2026-09-11T05","GRID","Gridforce Energy Management, LLC","NG","Natural Gas",1853,"megawatthours"
"2026-09-11T05","GRID","Gridforce Energy Management, LLC","SUN","Solar",0,"megawatthours"
"2026-09-11T05","GRID","Gridforce Energy Management, LLC","WND","Wind",383,"megawatthours"
"2026-09-11T05","GWA","NaturEner Power Watch, LLC","WND","Wind",195,"megawatthours"
"2026-09-11T05","IID","Imperial Irrigation District","BAT","Battery storage",29,"megawatthours"
"2026-09-11T05","IID","Imperial Irrigation District","GEO","Geothermal",399,"megawatthours"
"2026-09-11T05","IID","Imperial Irrigation District","NG","Natural Gas",155,"megawatthours"
"2026-09-11T05","IID","Imperial Irrigation District","OIL","Petroleum",0,"megawatthours"
"2026-09-11T05","IID","Imperial Irrigation District","SNB","Solar with integrated battery storage",26,"megawatthours"
"2026-09-11T05","IID","Imperial Irrigation District","SUN","Solar",0,"megawatthours"
"2026-09-11T05","IID","Imperial Irrigation District","WAT","Hydro",19,"megawatthours"
"2026-09-11T05","IPCO","Idaho Power Company","BAT","Battery storage",0,"megawatthours"
"2026-09-11T05","IPCO","Idaho Power Company","GEO","Geothermal",20,"megawatthours"
"2026-09-11T05","IPCO","Idaho Power Company","NG","Natural Gas",643,"megawatthours"
"2026-09-11T05","IPCO","Idaho Power Company","OIL","Petroleum",0,"megawatthours"
"2026-09-11T05","IPCO","Idaho Power Company","OTH","Other",33,"megawatthours"
"2026-09-11T05","IPCO","Idaho Power Company","SUN","Solar",0,"megawatthours"
"2026-09-11T05","IPCO","Idaho Power Company","WAT","Hydro",911,"megawatthours"
"2026-09-11T05","IPCO","Idaho Power Company","WND","Wind",253,"megawatthours"
"2026-09-11T05","LDWP","Los Angeles Department of Water and Power","BAT","Battery storage",0,"megawatthours"
"2026-09-11T05","LDWP","Los Angeles Department of Water and Power","NG","Natural Gas",2526,"megawatthours"
"2026-09-11T05","LDWP","Los Angeles Department of Water and Power","OTH","Other",257,"megawatthours"
"2026-09-11T05","LDWP","Los Angeles Department of Water and Power","PS","Pumped storage",373,"megawatthours"
"2026-09-11T05","LDWP","Los Angeles Department of Water and Power","SNB","Solar with integrated battery storage",4,"megawatthours"
"2026-09-11T05","LDWP","Los Angeles Department of Water and Power","SUN","Solar",0,"megawatthours"
"2026-09-11T05","LDWP","Los Angeles Department of Water and Power","WAT","Hydro",323,"megawatthours"
"2026-09-11T05","LDWP","Los Angeles Department of Water and Power","WND","Wind",40,"megawatthours"
"2026-09-11T05","NEVP","Nevada Power Company","COL","Coal",530,"megawatthours"
"2026-09-11T05","NEVP","Nevada Power Company","NG","Natural Gas",3451,"megawatthours"
"2026-09-11T05","NEVP","Nevada Power Company","NUC","Nuclear",0,"megawatthours"
"2026-09-11T05","NEVP","Nevada Power Company","OIL","Petroleum",0,"megawatthours"
"2026-09-11T05","NEVP","Nevada Power Company","OTH","Other",220,"megawatthours"
"2026-09-11T05","NEVP","Nevada Power Company","SUN","Solar",31,"megawatthours"
"2026-09-11T05","NEVP","Nevada Power Company","WAT","Hydro",5,"megawatthours"
"2026-09-11T05","NEVP","Nevada Power Company","WND","Wind",23,"megawatthours"
"2026-09-11T05","NW","Northwest","BAT","Battery storage",196,"megawatthours"
"2026-09-11T05","NW","Northwest","COL","Coal",9391,"megawatthours"
"2026-09-11T05","NW","Northwest","GEO","Geothermal",20,"megawatthours"
"2026-09-11T05","NW","Northwest","NG","Natural Gas",13707,"megawatthours"
"2026-09-11T05","NW","Northwest","NUC","Nuclear",1128,"megawatthours"
"2026-09-11T05","NW","Northwest","OIL","Petroleum",60,"megawatthours"
"2026-09-11T05","NW","Northwest","OTH","Other",662,"megawatthours"
"2026-09-11T05","NW","Northwest","SNB","Solar with integrated battery storage",26,"megawatthours"
"2026-09-11T05","NW","Northwest","SUN","Solar",71,"megawatthours"
"2026-09-11T05","NW","Northwest","WAT","Hydro",10822,"megawatthours"
"2026-09-11T05","NW","Northwest","WND","Wind",12417,"megawatthours"
"2026-09-11T05","NWMT","NorthWestern Corporation","COL","Coal",1426,"megawatthours"
"2026-09-11T05","NWMT","NorthWestern Corporation","NG","Natural Gas",259,"megawatthours"
"2026-09-11T05","NWMT","NorthWestern Corporation","OIL","Petroleum",60,"megawatthours"
"2026-09-11T05","NWMT","NorthWestern Corporation","SUN","Solar",0,"megawatthours"
"2026-09-11T05","NWMT","NorthWestern Corporation","WAT","Hydro",347,"megawatthours"
"2026-09-11T05","NWMT","NorthWestern Corporation","WND","Wind",819,"megawatthours"
"2026-09-11T05","PACE","PacifiCorp East","COL","Coal",3674,"megawatthours"
"2026-09-11T05","PACE","PacifiCorp East","NG","Natural Gas",1834,"megawatthours"
"2026-09-11T05","PACE","PacifiCorp East","OTH","Other",135,"megawatthours"
"2026-09-11T05","PACE","PacifiCorp East","SUN","Solar",0,"megawatthours"
"2026-09-11T05","PACE","PacifiCorp East","WAT","Hydro",111,"megawatthours"
"2026-09-11T05","PACE","PacifiCorp East","WND","Wind",2633,"megawatthours"
"2026-09-11T05","PACW","PacifiCorp West","NG","Natural Gas",376,"megawatthours"
"2026-09-11T05","PACW","PacifiCorp West","OTH","Other",35,"megawatthours"
"2026-09-11T05","PACW","PacifiCorp West","SUN","Solar",0,"megawatthours"
"2026-09-11T05","PACW","PacifiCorp West","WAT","Hydro",103,"megawatthours"
"2026-09-11T05","PACW","PacifiCorp West","WND","Wind",432,"megawatthours"
"2026-09-11T05","PGE","Portland General Electric Company","BAT","Battery storage",195,"megawatthours"
"2026-09-11T05","PGE","Portland General Electric Company","COL","Coal",0,"megawatthours"
"2026-09-11T05","PGE","Portland General Electric Company","NG","Natural Gas",645,"megawatthours"
"2026-09-11T05","PGE","Portland General Electric Company","OTH","Other",0,"megawatthours"
"2026-09-11T05","PGE","Portland General Electric Company","WAT","Hydro",144,"megawatthours"
"2026-09-11T05","PGE","Portland General Electric Company","WND","Wind",0,"megawatthours"
"2026-09-11T05","PNM","Public Service Company of New Mexico","BAT","Battery storage",571,"megawatthours"
"2026-09-11T05","PNM","Public Service Company of New Mexico","COL","Coal",395,"megawatthours"
"2026-09-11T05","PNM","Public Service Company of New Mexico","GEO","Geothermal",7,"megawatthours"
"2026-09-11T05","PNM","Public Service Company of New Mexico","NG","Natural Gas",934,"megawatthours"
"2026-09-11T05","PNM","Public Service Company of New Mexico","SUN","Solar",-4,"megawatthours"
"2026-09-11T05","PNM","Public Service Company of New Mexico","WAT","Hydro",0,"megawatthours"
"2026-09-11T05","PNM","Public Service Company of New Mexico","WND","Wind",109,"megawatthours"
"2026-09-11T05","PSCO","Public Service Company of Colorado","BAT","Battery storage",-4,"megawatthours"
"2026-09-11T05","PSCO","Public Service Company of Colorado","COL","Coal",2113,"megawatthours"
"2026-09-11T05","PSCO","Public Service Company of Colorado","NG","Natural Gas",1172,"megawatthours"
"2026-09-11T05","PSCO","Public Service Company of Colorado","OIL","Petroleum",0,"megawatthours"
"2026-09-11T05","PSCO","Public Service Company of Colorado","SUN","Solar",42,"megawatthours"
"2026-09-11T05","PSCO","Public Service Company of Colorado","WAT","Hydro",6,"megawatthours"
"2026-09-11T05","PSCO","Public Service Company of Colorado","WND","Wind",3500,"megawatthours"
"2026-09-11T05","PSEI","Puget Sound Energy, Inc.","COL","Coal",0,"megawatthours"
"2026-09-11T05","PSEI","Puget Sound Energy, Inc.","NG","Natural Gas",592,"megawatthours"
"2026-09-11T05","PSEI","Puget Sound Energy, Inc.","OIL","Petroleum",0,"megawatthours"
"2026-09-11T05","PSEI","Puget Sound Energy, Inc.","OTH","Other",26,"megawatthours"
"2026-09-11T05","PSEI","Puget Sound Energy, Inc.","SUN","Solar",0,"megawatthours"
"2026-09-11T05","PSEI","Puget Sound Energy, Inc.","WAT","Hydro",125,"megawatthours"
"2026-09-11T05","PSEI","Puget Sound Energy, Inc.","WND","Wind",322,"megawatthours"
"2026-09-11T05","SCL","Seattle City Light","WAT","Hydro",720,"megawatthours"
"2026-09-11T05","SRP","Salt River Project Agricultural Improvement and Power District","BAT","Battery storage",521,"megawatthours"
"2026-09-11T05","SRP","Salt River Project Agricultural Improvement and Power District","COL","Coal",1179,"megawatthours"
"2026-09-11T05","SRP","Salt River Project Agricultural Improvement and Power District","NG","Natural Gas",4424,"megawatthours"
"2026-09-11T05","SRP","Salt River Project Agricultural Improvement and Power District","NUC","Nuclear",3831,"megawatthours"
"2026-09-11T05","SRP","Salt River Project Agricultural Improvement and Power District","SNB","Solar with integrated battery storage",78,"megawatthours"
"2026-09-11T05","SRP","Salt River Project Agricultural Improvement and Power District","SUN","Solar",272,"megawatthours"
"2026-09-11T05","SRP","Salt River Project Agricultural Improvement and Power District","WAT","Hydro",141,"megawatthours"
"2026-09-11T05","SRP","Salt River Project Agricultural Improvement and Power District","WND","Wind",43,"megawatthours"
"2026-09-11T05","SW","Southwest","BAT","Battery storage",2143,"megawatthours"
"2026-09-11T05","SW","Southwest","COL","Coal",3403,"megawatthours"
"2026-09-11T05","SW","Southwest","GEO","Geothermal",7,"megawatthours"
"2026-09-11T05","SW","Southwest","NG","Natural Gas",10967,"megawatthours"
"2026-09-11T05","SW","Southwest","NUC","Nuclear",3831,"megawatthours"
"2026-09-11T05","SW","Southwest","OIL","Petroleum",0,"megawatthours"
"2026-09-11T05","SW","Southwest","OTH","Other",28,"megawatthours"
"2026-09-11T05","SW","Southwest","SNB","Solar with integrated battery storage",104,"megawatthours"
"2026-09-11T05","SW","Southwest","SUN","Solar",396,"megawatthours"
"2026-09-11T05","SW","Southwest","UES","Unknown energy storage",-235,"megawatthours"
"2026-09-11T05","SW","Southwest","WAT","Hydro",1191,"megawatthours"
"2026-09-11T05","SW","Southwest","WND","Wind",474,"megawatthours"
"2026-09-11T05","TEPC","Tucson Electric Power","BAT","Battery storage",87,"megawatthours"
"2026-09-11T05","TEPC","Tucson Electric Power","COL","Coal",816,"megawatthours"
"2026-09-11T05","TEPC","Tucson Electric Power","NG","Natural Gas",1619,"megawatthours"
"2026-09-11T05","TEPC","Tucson Electric Power","SUN","Solar",0,"megawatthours"
"2026-09-11T05","TEPC","Tucson Electric Power","WND","Wind",94,"megawatthours"
"2026-09-11T05","TIDC","Turlock Irrigation District","NG","Natural Gas",365,"megawatthours"
"2026-09-11T05","TIDC","Turlock Irrigation District","WAT","Hydro",70,"megawatthours"
"2026-09-11T05","TPWR","City of Tacoma, Department of Public Utilities, Light Division","WAT","Hydro",239,"megawatthours"
"2026-09-11T05","WALC","Western Area Power Administration - Desert Southwest Region","NG","Natural Gas",980,"megawatthours"
"2026-09-11T05","WALC","Western Area Power Administration - Desert Southwest Region","SNB","Solar with integrated battery storage",0,"megawatthours"
"2026-09-11T05","WALC","Western Area Power Administration - Desert Southwest Region","SUN","Solar",0,"megawatthours"
"2026-09-11T05","WALC","Western Area Power Administration - Desert Southwest Region","WAT","Hydro",1050,"megawatthours"
"2026-09-11T05","WALC","Western Area Power Administration - Desert Southwest Region","WND","Wind",70,"megawatthours"
"2026-09-11T04","AECI","Associated Electric Cooperative, Inc.","COL","Coal",884,"megawatthours"
"2026-09-11T04","AECI","Associated Electric Cooperative, Inc.","NG","Natural Gas",1292,"megawatthours"
"2026-09-11T04","AECI","Associated Electric Cooperative, Inc.","WND","Wind",234,"megawatthours"
"2026-09-11T04","AVA","Avista Corporation","NG","Natural Gas",397,"megawatthours"
"2026-09-11T04","AVA","Avista Corporation","OTH","Other",121,"megawatthours"
"2026-09-11T04","AVA","Avista Corporation","SUN","Solar",0,"megawatthours"
"2026-09-11T04","AVA","Avista Corporation","WAT","Hydro",853,"megawatthours"
"2026-09-11T04","AVA","Avista Corporation","WND","Wind",85,"megawatthours"
"2026-09-11T04","AVRN","Avangrid Renewables, LLC","NG","Natural Gas",520,"megawatthours"
"2026-09-11T04","AVRN","Avangrid Renewables, LLC","SUN","Solar",0,"megawatthours"
"2026-09-11T04","AVRN","Avangrid Renewables, LLC","WAT","Hydro",0,"megawatthours"
"2026-09-11T04","AVRN","Avangrid Renewables, LLC","WND","Wind",1270,"megawatthours"
"2026-09-11T04","AZPS","Arizona Public Service Company","BAT","Battery storage",1487,"megawatthours"
"2026-09-11T04","AZPS","Arizona Public Service Company","COL","Coal",1011,"megawatthours"
"2026-09-11T04","AZPS","Arizona Public Service Company","NG","Natural Gas",1778,"megawatthours"
"2026-09-11T04","AZPS","Arizona Public Service Company","NUC","Nuclear",0,"megawatthours"
"2026-09-11T04","AZPS","Arizona Public Service Company","OIL","Petroleum",0,"megawatthours"
"2026-09-11T04","AZPS","Arizona Public Service Company","OTH","Other",28,"megawatthours"
"2026-09-11T04","AZPS","Arizona Public Service Company","SUN","Solar",72,"megawatthours"
"2026-09-11T04","AZPS","Arizona Public Service Company","UES","Unknown energy storage",-30,"megawatthours"
"2026-09-11T04","AZPS","Arizona Public Service Company","WAT","Hydro",0,"megawatthours"
"2026-09-11T04","AZPS","Arizona Public Service Company","WND","Wind",94,"megawatthours"
"2026-09-11T04","BANC","Balancing Authority of Northern California","NG","Natural Gas",1634,"megawatthours"
"2026-09-11T04","BANC","Balancing Authority of Northern California","OTH","Other",10,"megawatthours"
"2026-09-11T04","BANC","Balancing Authority of Northern California","SUN","Solar",0,"megawatthours"
"2026-09-11T04","BANC","Balancing Authority of Northern California","WAT","Hydro",1127,"megawatthours"
"2026-09-11T04","BHBA","Black Hills Energy","COL","Coal",739,"megawatthours"
"2026-09-11T04","BHBA","Black Hills Energy","NG","Natural Gas",230,"megawatthours"
"2026-09-11T04","BHBA","Black Hills Energy","OIL","Petroleum",0,"megawatthours"
"2026-09-11T04","BHBA","Black Hills Energy","SUN","Solar",0,"megawatthours"
"2026-09-11T04","BHBA","Black Hills Energy","WAT","Hydro",2,"megawatthours"
"2026-09-11T04","BHBA","Black Hills Energy","WND","Wind",34,"megawatthours"
"2026-09-11T04","BPAT","Bonneville Power Administration","NG","Natural Gas",1031,"megawatthours"
"2026-09-11T04","BPAT","Bonneville Power Administration","NUC","Nuclear",1136,"megawatthours"
"2026-09-11T04","BPAT","Bonneville Power Administration","OTH","Other",100,"megawatthours"
"2026-09-11T04","BPAT","Bonneville Power Administration","SNB","Solar with integrated battery storage",25,"megawatthours"
"2026-09-11T04","BPAT","Bonneville Power Administration","SUN","Solar",-1,"megawatthours"
"2026-09-11T04","BPAT","Bonneville Power Administration","WAT","Hydro",5624,"megawatthours"
"2026-09-11T04","BPAT","Bonneville Power Administration","WND","Wind",1628,"megawatthours"
"2026-09-11T04","CAL","California","BAT","Battery storage",27,"megawatthours"
"2026-09-11T04","CAL","California","COL","Coal",0,"megawatthours"
"2026-09-11T04","CAL","California","GEO","Geothermal",1131,"megawatthours"
"2026-09-11T04","CAL","California","NG","Natural Gas",21766,"megawatthours"
"2026-09-11T04","CAL","California","NUC","Nuclear",2231,"megawatthours"
"2026-09-11T04","CAL","California","OIL","Petroleum",17,"megawatthours"
"2026-09-11T04","CAL","California","OTH","Other",7466,"megawatthours"
"2026-09-11T04","CAL","California","PS","Pumped storage",554,"megawatthours"
"2026-09-11T04","CAL","California","SNB","Solar with integrated battery storage",254,"megawatthours"
"2026-09-11T04","CAL","California","SUN","Solar",-37,"megawatthours"
"2026-09-11T04","CAL","California","WAT","Hydro",5693,"megawatthours"
"2026-09-11T04","CAL","California","WND","Wind",4918,"megawatthours"
"2026-09-11T04","CAR","Carolinas","BAT","Battery storage",-1,"megawatthours"
"2026-09-11T04","CAR","Carolinas","COL","Coal",8626,"megawatthours"
"2026-09-11T04","CAR","Carolinas","NG","Natural Gas",7898,"megawatthours"
"2026-09-11T04","CAR","Carolinas","NUC","Nuclear",10566,"megawatthours"
"2026-09-11T04","CAR","Carolinas","OIL","Petroleum",0,"megawatthours"
"2026-09-11T04","CAR","Carolinas","OTH","Other",1072,"megawatthours"
"2026-09-11T04","CAR","Carolinas","PS","Pumped storage",278,"megawatthours"
"2026-09-11T04","CAR","Carolinas","SNB","Solar with integrated battery storage",-4,"megawatthours"
"2026-09-11T04","CAR","Carolinas","SUN","Solar",-1,"megawatthours"
"2026-09-11T04","CAR","Carolinas","WAT","Hydro",51,"megawatthours"
"2026-09-11T04","CENT","Central","BAT","Battery storage",0,"megawatthours"
"2026-09-11T04","CENT","Central","COL","Coal",13737,"megawatthours"
"2026-09-11T04","CENT","Central","NG","Natural Gas",11601,"megawatthours"
"2026-09-11T04","CENT","Central","NUC","Nuclear",1859,"megawatthours"
"2026-09-11T04","CENT","Central","OIL","Petroleum",0,"megawatthours"
"2026-09-11T04","CENT","Central","OTH","Other",64,"megawatthours"
"2026-09-11T04","CENT","Central","SUN","Solar",0,"megawatthours"
"2026-09-11T04","CENT","Central","WAT","Hydro",604,"megawatthours"
"2026-09-11T04","CENT","Central","WND","Wind",12217,"megawatthours"
"2026-09-11T04","CHPD","Public Utility District No. 1 of Chelan County","WAT","Hydro",988,"megawatthours"
"2026-09-11T04","CHPD","Public Utility District No. 1 of Chelan County","WND","Wind",0,"megawatthours"
"2026-09-11T04","CISO","California Independent System Operator","COL","Coal",0,"megawatthours"
"2026-09-11T04","CISO","California Independent System Operator","GEO","Geothermal",733,"megawatthours"
"2026-09-11T04","CISO","California Independent System Operator","NG","Natural Gas",17142,"megawatthours"
"2026-09-11T04","CISO","California Independent System Operator","NUC","Nuclear",2231,"megawatthours"
"2026-09-11T04","CISO","California Independent System Operator","OIL","Petroleum",17,"megawatthours"
"2026-09-11T04","CISO","California Independent System Operator","OTH","Other",7207,"megawatthours"
"2026-09-11T04","CISO","California Independent System Operator","SUN","Solar",-37,"megawatthours"
"2026-09-11T04","CISO","California Independent System Operator","WAT","Hydro",4150,"megawatthours"
"2026-09-11T04","CISO","California Independent System Operator","WND","Wind",4818,"megawatthours"
"2026-09-11T04","DEAA","Arlington Valley, LLC","NG","Natural Gas",515,"megawatthours"
"2026-09-11T04","DOPD","PUD No. 1 of Douglas County","WAT","Hydro",255,"megawatthours"
"2026-09-11T04","EPE","El Paso Electric Company","NG","Natural Gas",721,"megawatthours"
"2026-09-11T04","EPE","El Paso Electric Company","SNB","Solar with integrated battery storage",48,"megawatthours"
"2026-09-11T04","EPE","El Paso Electric Company","SUN","Solar",53,"megawatthours"
"2026-09-11T04","ERCO","Electric Reliability Council of Texas, Inc.","BAT","Battery storage",935,"megawatthours"
"2026-09-11T04","ERCO","Electric Reliability Council of Texas, Inc.","COL","Coal",10043,"megawatthours"
"2026-09-11T04","ERCO","Electric Reliability Council of Texas, Inc.","NG","Natural Gas",37937,"megawatthours"
"2026-09-11T04","ERCO","Electric Reliability Council of Texas, Inc.","NUC","Nuclear",4959,"megawatthours"
"2026-09-11T04","ERCO","Electric Reliability Council of Texas, Inc.","OTH","Other",50,"megawatthours"
"2026-09-11T04","ERCO","Electric Reliability Council of Texas, Inc.","SUN","Solar",6,"megawatthours"
"2026-09-11T04","ERCO","Electric Reliability Council of Texas, Inc.","WAT","Hydro",60,"megawatthours"
"2026-09-11T04","ERCO","Electric Reliability Council of Texas, Inc.","WND","Wind",15259,"megawatthours"
"2026-09-11T04","GCPD","Public Utility District No. 2 of Grant County, Washington","WAT","Hydro",786,"megawatthours"
"2026-09-11T04","GRID","Gridforce Energy Management, LLC","COL","Coal",0,"megawatthours"
"2026-09-11T04","GRID","Gridforce Energy Management, LLC","NG","Natural Gas",1835,"megawatthours"
"2026-09-11T04","GRID","Gridforce Energy Management, LLC","SUN","Solar",0,"megawatthours"
"2026-09-11T04","GRID","Gridforce Energy Management, LLC","WND","Wind",403,"megawatthours"
"2026-09-11T04","GWA","NaturEner Power Watch, LLC","WND","Wind",217,"megawatthours"
"2026-09-11T04","IID","Imperial Irrigation District","BAT","Battery storage",27,"megawatthours"
"2026-09-11T04","IID","Imperial Irrigation District","GEO","Geothermal",398,"megawatthours"
"2026-09-11T04","IID","Imperial Irrigation District","NG","Natural Gas",150,"megawatthours"
"2026-09-11T04","IID","Imperial Irrigation District","OIL","Petroleum",0,"megawatthours"
"2026-09-11T04","IID","Imperial Irrigation District","SNB","Solar with integrated battery storage",45,"megawatthours"
"2026-09-11T04","IID","Imperial Irrigation District","SUN","Solar",0,"megawatthours"
"2026-09-11T04","IID","Imperial Irrigation District","WAT","Hydro",18,"megawatthours"
"2026-09-11T04","IPCO","Idaho Power Company","BAT","Battery storage",43,"megawatthours"
"2026-09-11T04","IPCO","Idaho Power Company","GEO","Geothermal",21,"megawatthours"
"2026-09-11T04","IPCO","Idaho Power Company","NG","Natural Gas",643,"megawatthours"
"2026-09-11T04","IPCO","Idaho Power Company","OIL","Petroleum",0,"megawatthours"
"2026-09-11T04","IPCO","Idaho Power Company","OTH","Other",31,"megawatthours"
"2026-09-11T04","IPCO","Idaho Power Company","SUN","Solar",1,"megawatthours"
"2026-09-11T04","IPCO","Idaho Power Company","WAT","Hydro",1035,"megawatthours"
"2026-09-11T04","IPCO","Idaho Power Company","WND","Wind",166,"megawatthours"
"2026-09-11T04","LDWP","Los Angeles Department of Water and Power","BAT","Battery storage",0,"megawatthours"
"2026-09-11T04","LDWP","Los Angeles Department of Water and Power","NG","Natural Gas",2469,"megawatthours"
"2026-09-11T04","LDWP","Los Angeles Department of Water and Power","OTH","Other",249,"megawatthours"
"2026-09-11T04","LDWP","Los Angeles Department of Water and Power","PS","Pumped storage",554,"megawatthours"
"2026-09-11T04","LDWP","Los Angeles Department of Water and Power","SNB","Solar with integrated battery storage",209,"megawatthours"
"2026-09-11T04","LDWP","Los Angeles Department of Water and Power","SUN","Solar",0,"megawatthours"
"2026-09-11T04","LDWP","Los Angeles Department of Water and Power","WAT","Hydro",314,"megawatthours"
"2026-09-11T04","LDWP","Los Angeles Department of Water and Power","WND","Wind",100,"megawatthours"
"2026-09-11T04","LGEE","LG&E and KU Services Company as agent for Louisville Gas and Electric Company and Kentucky Utilities Company","COL","Coal",3327,"megawatthours"
"2026-09-11T04","LGEE","LG&E and KU Services Company as agent for Louisville Gas and Electric Company and Kentucky Utilities Company","NG","Natural Gas",602,"megawatthours"
"2026-09-11T04","LGEE","LG&E and KU Services Company as agent for Louisville Gas and Electric Company and Kentucky Utilities Company","OIL","Petroleum",0,"megawatthours"
"2026-09-11T04","LGEE","LG&E and KU Services Company as agent for Louisville Gas and Electric Company and Kentucky Utilities Company","SUN","Solar",0,"megawatthours"
"2026-09-11T04","LGEE","LG&E and KU Services Company as agent for Louisville Gas and Electric Company and Kentucky Utilities Company","WAT","Hydro",51,"megawatthours"
"2026-09-11T04","MISO","Midcontinent Independent System Operator, Inc.","BAT","Battery storage",-154,"megawatthours"
"2026-09-11T04","MISO","Midcontinent Independent System Operator, Inc.","COL","Coal",24588,"megawatthours"
"2026-09-11T04","MISO","Midcontinent Independent System Operator, Inc.","NG","Natural Gas",33740,"megawatthours"
"2026-09-11T04","MISO","Midcontinent Independent System Operator, Inc.","NUC","Nuclear",11706,"megawatthours"
"2026-09-11T04","MISO","Midcontinent Independent System Operator, Inc.","OTH","Other",514,"megawatthours"
"2026-09-11T04","MISO","Midcontinent Independent System Operator, Inc.","SUN","Solar",4,"megawatthours"
"2026-09-11T04","MISO","Midcontinent Independent System Operator, Inc.","WAT","Hydro",556,"megawatthours"
"2026-09-11T04","MISO","Midcontinent Independent System Operator, Inc.","WND","Wind",10430,"megawatthours"
"2026-09-11T04","NEVP","Nevada Power Company","COL","Coal",651,"megawatthours"
"2026-09-11T04","NEVP","Nevada Power Company","NG","Natural Gas",4537,"megawatthours"
"2026-09-11T04","NEVP","Nevada Power Company","NUC","Nuclear",0,"megawatthours"
"2026-09-11T04","NEVP","Nevada Power Company","OIL","Petroleum",0,"megawatthours"
"2026-09-11T04","NEVP","Nevada Power Company","OTH","Other",1372,"megawatthours"
"2026-09-11T04","NEVP","Nevada Power Company","SUN","Solar",113,"megawatthours"
"2026-09-11T04","NEVP","Nevada Power Company","WAT","Hydro",150,"megawatthours"
"2026-09-11T04","NEVP","Nevada Power Company","WND","Wind",27,"megawatthours"
"2026-09-11T04","NW","Northwest","BAT","Battery storage",410,"megawatthours"
"2026-09-11T04","NW","Northwest","COL","Coal",10000,"megawatthours"
"2026-09-11T04","NW","Northwest","GEO","Geothermal",21,"megawatthours"
"2026-09-11T04","NW","Northwest","NG","Natural Gas",15219,"megawatthours"
"2026-09-11T04","NW","Northwest","NUC","Nuclear",1136,"megawatthours"
"2026-09-11T04","NW","Northwest","OIL","Petroleum",129,"megawatthours"
"2026-09-11T04","NW","Northwest","OTH","Other",1822,"megawatthours"
"2026-09-11T04","NW","Northwest","SNB","Solar with integrated battery storage",25,"megawatthours"
"2026-09-11T04","NW","Northwest","SUN","Solar",158,"megawatthours"
"2026-09-11T04","NW","Northwest","WAT","Hydro",12446,"megawatthours"
"2026-09-11T04","NW","Northwest","WND","Wind",11779,"megawatthours"
"2026-09-11T04","NWMT","NorthWestern Corporation","COL","Coal",1427,"megawatthours"
"2026-09-11T04","NWMT","NorthWestern Corporation","NG","Natural Gas",257,"megawatthours"
"2026-09-11T04","NWMT","NorthWestern Corporation","OIL","Petroleum",59,"megawatthours"
"2026-09-11T04","NWMT","NorthWestern Corporation","SUN","Solar",0,"megawatthours"
"2026-09-11T04","NWMT","NorthWestern Corporation","WAT","Hydro",342,"megawatthours"
"2026-09-11T04","NWMT","NorthWestern Corporation","WND","Wind",436,"megawatthours"
"2026-09-11T04","PACE","PacifiCorp East","COL","Coal",3956,"megawatthours"
"2026-09-11T04","PACE","PacifiCorp East","NG","Natural Gas",1967,"megawatthours"
"2026-09-11T04","PACE","PacifiCorp East","OTH","Other",133,"megawatthours"
"2026-09-11T04","PACE","PacifiCorp East","SUN","Solar",0,"megawatthours"
"2026-09-11T04","PACE","PacifiCorp East","WAT","Hydro",109,"megawatthours"
"2026-09-11T04","PACE","PacifiCorp East","WND","Wind",2304,"megawatthours"
"2026-09-11T04","PACW","PacifiCorp West","NG","Natural Gas",459,"megawatthours"
"2026-09-11T04","PACW","PacifiCorp West","OTH","Other",36,"megawatthours"
"2026-09-11T04","PACW","PacifiCorp West","SUN","Solar",0,"megawatthours"
"2026-09-11T04","PACW","PacifiCorp West","WAT","Hydro",107,"megawatthours"
"2026-09-11T04","PACW","PacifiCorp West","WND","Wind",267,"megawatthours"
"2026-09-11T04","PGE","Portland General Electric Company","BAT","Battery storage",301,"megawatthours"
"2026-09-11T04","PGE","Portland General Electric Company","COL","Coal",0,"megawatthours"
"2026-09-11T04","PGE","Portland General Electric Company","NG","Natural Gas",640,"megawatthours"
"2026-09-11T04","PGE","Portland General Electric Company","OTH","Other",4,"megawatthours"
"2026-09-11T04","PGE","Portland General Electric Company","WAT","Hydro",153,"megawatthours"
"2026-09-11T04","PGE","Portland General Electric Company","WND","Wind",0,"megawatthours"
"2026-09-11T04","PNM","Public Service Company of New Mexico","BAT","Battery storage",760,"megawatthours"
"2026-09-11T04","PNM","Public Service Company of New Mexico","COL","Coal",395,"megawatthours"
"2026-09-11T04","PNM","Public Service Company of New Mexico","GEO","Geothermal",7,"megawatthours"
"2026-09-11T04","PNM","Public Service Company of New Mexico","NG","Natural Gas",937,"megawatthours"
"2026-09-11T04","PNM","Public Service Company of New Mexico","SUN","Solar",-4,"megawatthours"
"2026-09-11T04","PNM","Public Service Company of New Mexico","WAT","Hydro",0,"megawatthours"
"2026-09-11T04","PNM","Public Service Company of New Mexico","WND","Wind",160,"megawatthours"
"2026-09-11T04","PSCO","Public Service Company of Colorado","BAT","Battery storage",60,"megawatthours"
"2026-09-11T04","PSCO","Public Service Company of Colorado","COL","Coal",2168,"megawatthours"
"2026-09-11T04","PSCO","Public Service Company of Colorado","NG","Natural Gas",1191,"megawatthours"
"2026-09-11T04","PSCO","Public Service Company of Colorado","OIL","Petroleum",0,"megawatthours"
"2026-09-11T04","PSCO","Public Service Company of Colorado","SUN","Solar",45,"megawatthours"
"2026-09-11T04","PSCO","Public Service Company of Colorado","WAT","Hydro",4,"megawatthours"
"2026-09-11T04","PSCO","Public Service Company of Colorado","WND","Wind",3871,"megawatthours"
"2026-09-11T04","PSEI","Puget Sound Energy, Inc.","COL","Coal",0,"megawatthours"
"2026-09-11T04","PSEI","Puget Sound Energy, Inc.","NG","Natural Gas",617,"megawatthours"
"2026-09-11T04","PSEI","Puget Sound Energy, Inc.","OIL","Petroleum",0,"megawatthours"
"2026-09-11T04","PSEI","Puget Sound Energy, Inc.","OTH","Other",25,"megawatthours"
"2026-09-11T04","PSEI","Puget Sound Energy, Inc.","SUN","Solar",0,"megawatthours"
"2026-09-11T04","PSEI","Puget Sound Energy, Inc.","WAT","Hydro",127,"megawatthours"
"2026-09-11T04","PSEI","Puget Sound Energy, Inc.","WND","Wind",341,"megawatthours"
"2026-09-11T04","SCL","Seattle City Light","WAT","Hydro",789,"megawatthours"
"2026-09-11T04","SE","Southeast","BAT","Battery storage",-248,"megawatthours"
"2026-09-11T04","SE","Southeast","COL","Coal",8077,"megawatthours"
"2026-09-11T04","SE","Southeast","NG","Natural Gas",16776,"megawatthours"
"2026-09-11T04","SE","Southeast","NUC","Nuclear",7796,"megawatthours"
"2026-09-11T04","SE","Southeast","OES","Other energy storage",0,"megawatthours"
"2026-09-11T04","SE","Southeast","OIL","Petroleum",-2,"megawatthours"
"2026-09-11T04","SE","Southeast","OTH","Other",54,"megawatthours"
"2026-09-11T04","SE","Southeast","PS","Pumped storage",-283,"megawatthours"
"2026-09-11T04","SE","Southeast","SNB","Solar with integrated battery storage",-1,"megawatthours"
"2026-09-11T04","SE","Southeast","SUN","Solar",0,"megawatthours"
"2026-09-11T04","SE","Southeast","WAT","Hydro",120,"megawatthours"
"2026-09-11T04","SE","Southeast","WND","Wind",0,"megawatthours"
"2026-09-11T04","SEPA","Southeastern Power Administration","WAT","Hydro",0,"megawatthours"
"2026-09-11T04","SIKE","Sikeston Board of Municipal Utilities","COL","Coal",31,"megawatthours"
"2026-09-11T04","SOCO","Southern Company Services, Inc. - Trans","BAT","Battery storage",-248,"megawatthours"
"2026-09-11T04","SOCO","Southern Company Services, Inc. - Trans","COL","Coal",8077,"megawatthours"
"2026-09-11T04","SOCO","Southern Company Services, Inc. - Trans","NG","Natural Gas",16776,"megawatthours"
"2026-09-11T04","SOCO","Southern Company Services, Inc. - Trans","NUC","Nuclear",7796,"megawatthours"
"2026-09-11T04","SOCO","Southern Company Services, Inc. - Trans","OES","Other energy storage",0,"megawatthours"
"2026-09-11T04","SOCO","Southern Company Services, Inc. - Trans","OIL","Petroleum",-2,"megawatthours"
"2026-09-11T04","SOCO","Southern Company Services, Inc. - Trans","OTH","Other",54,"megawatthours"
"2026-09-11T04","SOCO","Southern Company Services, Inc. - Trans","PS","Pumped storage",-283,"megawatthours"
"2026-09-11T04","SOCO","Southern Company Services, Inc. - Trans","SNB","Solar with integrated battery storage",-1,"megawatthours"
"2026-09-11T04","SOCO","Southern Company Services, Inc. - Trans","SUN","Solar",0,"megawatthours"
"2026-09-11T04","SOCO","Southern Company Services, Inc. - Trans","WAT","Hydro",120,"megawatthours"
"2026-09-11T04","SOCO","Southern Company Services, Inc. - Trans","WND","Wind",0,"megawatthours"
"2026-09-11T04","SRP","Salt River Project Agricultural Improvement and Power District","BAT","Battery storage",715,"megawatthours"
"2026-09-11T04","SRP","Salt River Project Agricultural Improvement and Power District","COL","Coal",1182,"megawatthours"
"2026-09-11T04","SRP","Salt River Project Agricultural Improvement and Power District","NG","Natural Gas",4411,"megawatthours"
"2026-09-11T04","SRP","Salt River Project Agricultural Improvement and Power District","NUC","Nuclear",3878,"megawatthours"
"2026-09-11T04","SRP","Salt River Project Agricultural Improvement and Power District","SNB","Solar with integrated battery storage",271,"megawatthours"
"2026-09-11T04","SRP","Salt River Project Agricultural Improvement and Power District","SUN","Solar",304,"megawatthours"
"2026-09-11T04","SRP","Salt River Project Agricultural Improvement and Power District","WAT","Hydro",112,"megawatthours"
"2026-09-11T04","SRP","Salt River Project Agricultural Improvement and Power District","WND","Wind",15,"megawatthours"
"2026-09-11T04","SW","Southwest","BAT","Battery storage",3223,"megawatthours"
"2026-09-11T04","SW","Southwest","COL","Coal",3403,"megawatthours"
"2026-09-11T04","SW","Southwest","GEO","Geothermal",7,"megawatthours"
"2026-09-11T04","SW","Southwest","NG","Natural Gas",10968,"megawatthours"
"2026-09-11T04","SW","Southwest","NUC","Nuclear",3878,"megawatthours"
"2026-09-11T04","SW","Southwest","OIL","Petroleum",0,"megawatthours"
"2026-09-11T04","SW","Southwest","OTH","Other",28,"megawatthours"
"2026-09-11T04","SW","Southwest","SNB","Solar with integrated battery storage",319,"megawatthours"
"2026-09-11T04","SW","Southwest","SUN","Solar",425,"megawatthours"
"2026-09-11T04","SW","Southwest","UES","Unknown energy storage",-30,"megawatthours"
"2026-09-11T04","SW","Southwest","WAT","Hydro",1193,"megawatthours"
"2026-09-11T04","SW","Southwest","WND","Wind",459,"megawatthours"
"2026-09-11T04","SWPP","Southwest Power Pool","BAT","Battery storage",0,"megawatthours"
"2026-09-11T04","SWPP","Southwest Power Pool","COL","Coal",13737,"megawatthours"
"2026-09-11T04","SWPP","Southwest Power Pool","NG","Natural Gas",11601,"megawatthours"
"2026-09-11T04","SWPP","Southwest Power Pool","NUC","Nuclear",1859,"megawatthours"
"2026-09-11T04","SWPP","Southwest Power Pool","OIL","Petroleum",0,"megawatthours"
"2026-09-11T04","SWPP","Southwest Power Pool","OTH","Other",64,"megawatthours"
"2026-09-11T04","SWPP","Southwest Power Pool","SUN","Solar",0,"megawatthours"
"2026-09-11T04","SWPP","Southwest Power Pool","WAT","Hydro",604,"megawatthours"
"2026-09-11T04","SWPP","Southwest Power Pool","WND","Wind",12217,"megawatthours"
"2026-09-11T04","SWPW","Southwest Power Pool West Balancing Authority Area","BAT","Battery storage",6,"megawatthours"
"2026-09-11T04","SWPW","Southwest Power Pool West Balancing Authority Area","COL","Coal",1059,"megawatthours"
"2026-09-11T04","SWPW","Southwest Power Pool West Balancing Authority Area","NG","Natural Gas",895,"megawatthours"
"2026-09-11T04","SWPW","Southwest Power Pool West Balancing Authority Area","NUC","Nuclear",0,"megawatthours"
"2026-09-11T04","SWPW","Southwest Power Pool West Balancing Authority Area","OIL","Petroleum",70,"megawatthours"
"2026-09-11T04","SWPW","Southwest Power Pool West Balancing Authority Area","OTH","Other",0,"megawatthours"
"2026-09-11T04","SWPW","Southwest Power Pool West Balancing Authority Area","SUN","Solar",0,"megawatthours"
"2026-09-11T04","SWPW","Southwest Power Pool West Balancing Authority Area","WAT","Hydro",875,"megawatthours"
"2026-09-11T04","SWPW","Southwest Power Pool West Balancing Authority Area","WND","Wind",730,"megawatthours"
"2026-09-11T04","TEN","Tennessee","BAT","Battery storage",0,"megawatthours"
"2026-09-11T04","TEN","Tennessee","COL","Coal",3948,"megawatthours"
"2026-09-11T04","TEN","Tennessee","GEO","Geothermal",0,"megawatthours"
"2026-09-11T04","TEN","Tennessee","NG","Natural Gas",9531,"megawatthours"
"2026-09-11T04","TEN","Tennessee","NUC","Nuclear",7237,"megawatthours"
"2026-09-11T04","TEN","Tennessee","OES","Other energy storage",0,"megawatthours"
"2026-09-11T04","TEN","Tennessee","OIL","Petroleum",0,"megawatthours"
"2026-09-11T04","TEN","Tennessee","OTH","Other",49,"megawatthours"
"2026-09-11T04","TEN","Tennessee","PS","Pumped storage",-227,"megawatthours"
"2026-09-11T04","TEN","Tennessee","SNB","Solar with integrated battery storage",-3,"megawatthours"
"2026-09-11T04","TEN","Tennessee","SUN","Solar",-2,"megawatthours"
"2026-09-11T04","TEN","Tennessee","UNK","Unknown",0,"megawatthours"
"2026-09-11T04","TEN","Tennessee","WAT","Hydro",672,"megawatthours"
"2026-09-11T04","TEN","Tennessee","WNB","Wind with integrated battery storage",0,"megawatthours"
"2026-09-11T04","TEN","Tennessee","WND","Wind",0,"megawatthours"
"2026-09-11T04","TEPC","Tucson Electric Power","BAT","Battery storage",261,"megawatthours"
"2026-09-11T04","TEPC","Tucson Electric Power","COL","Coal",815,"megawatthours"
"2026-09-11T04","TEPC","Tucson Electric Power","NG","Natural Gas",1623,"megawatthours"
"2026-09-11T04","TEPC","Tucson Electric Power","SUN","Solar",0,"megawatthours"
"2026-09-11T04","TEPC","Tucson Electric Power","WND","Wind",102,"megawatthours"
"2026-09-11T04","TEX","Texas","BAT","Battery storage",935,"megawatthours"
"2026-09-11T04","TEX","Texas","COL","Coal",10043,"megawatthours"
"2026-09-11T04","TEX","Texas","NG","Natural Gas",37937,"megawatthours"
"2026-09-11T04","TEX","Texas","NUC","Nuclear",4959,"megawatthours"
"2026-09-11T04","TEX","Texas","OTH","Other",50,"megawatthours"
"2026-09-11T04","TEX","Texas","SUN","Solar",6,"megawatthours"
"2026-09-11T04","TEX","Texas","WAT","Hydro",60,"megawatthours"
"2026-09-11T04","TEX","Texas","WND","Wind",15259,"megawatthours"
"2026-09-11T04","TIDC","Turlock Irrigation District","NG","Natural Gas",371,"megawatthours"
"2026-09-11T04","TIDC","Turlock Irrigation District","WAT","Hydro",84,"megawatthours"
"2026-09-11T04","TPWR","City of Tacoma, Department of Public Utilities, Light Division","WAT","Hydro",247,"megawatthours"
"2026-09-11T04","TVA","Tennessee Valley Authority","BAT","Battery storage",0,"megawatthours"
"2026-09-11T04","TVA","Tennessee Valley Authority","COL","Coal",3948,"megawatthours"
"2026-09-11T04","TVA","Tennessee Valley Authority","GEO","Geothermal",0,"megawatthours"
"2026-09-11T04","TVA","Tennessee Valley Authority","NG","Natural Gas",9531,"megawatthours"
"2026-09-11T04","TVA","Tennessee Valley Authority","NUC","Nuclear",7237,"megawatthours"
"2026-09-11T04","TVA","Tennessee Valley Authority","OES","Other energy storage",0,"megawatthours"
"2026-09-11T04","TVA","Tennessee Valley Authority","OIL","Petroleum",0,"megawatthours"
"2026-09-11T04","TVA","Tennessee Valley Authority","OTH","Other",49,"megawatthours"
"2026-09-11T04","TVA","Tennessee Valley Authority","PS","Pumped storage",-227,"megawatthours"
"2026-09-11T04","TVA","Tennessee Valley Authority","SNB","Solar with integrated battery storage",-3,"megawatthours"
"2026-09-11T04","TVA","Tennessee Valley Authority","SUN","Solar",-2,"megawatthours"
"2026-09-11T04","TVA","Tennessee Valley Authority","UNK","Unknown",0,"megawatthours"
"2026-09-11T04","TVA","Tennessee Valley Authority","WAT","Hydro",672,"megawatthours"
"2026-09-11T04","TVA","Tennessee Valley Authority","WNB","Wind with integrated battery storage",0,"megawatthours"
"2026-09-11T04","TVA","Tennessee Valley Authority","WND","Wind",0,"megawatthours"
"2026-09-11T04","WALC","Western Area Power Administration - Desert Southwest Region","NG","Natural Gas",983,"megawatthours"
"2026-09-11T04","WALC","Western Area Power Administration - Desert Southwest Region","SNB","Solar with integrated battery storage",0,"megawatthours"
"2026-09-11T04","WALC","Western Area Power Administration - Desert Southwest Region","SUN","Solar",0,"megawatthours"
"2026-09-11T04","WALC","Western Area Power Administration - Desert Southwest Region","WAT","Hydro",1081,"megawatthours"
"2026-09-11T04","WALC","Western Area Power Administration - Desert Southwest Region","WND","Wind",88,"megawatthours"
"2026-09-11T03","AECI","Associated Electric Cooperative, Inc.","COL","Coal",888,"megawatthours"
"2026-09-11T03","AECI","Associated Electric Cooperative, Inc.","NG","Natural Gas",1509,"megawatthours"
"2026-09-11T03","AECI","Associated Electric Cooperative, Inc.","WND","Wind",154,"megawatthours"
"2026-09-11T03","AVA","Avista Corporation","NG","Natural Gas",401,"megawatthours"
"2026-09-11T03","AVA","Avista Corporation","OTH","Other",122,"megawatthours"
"2026-09-11T03","AVA","Avista Corporation","SUN","Solar",0,"megawatthours"
"2026-09-11T03","AVA","Avista Corporation","WAT","Hydro",757,"megawatthours"
"2026-09-11T03","AVA","Avista Corporation","WND","Wind",133,"megawatthours"
"2026-09-11T03","AVRN","Avangrid Renewables, LLC","NG","Natural Gas",519,"megawatthours"
"2026-09-11T03","AVRN","Avangrid Renewables, LLC","SUN","Solar",0,"megawatthours"
"2026-09-11T03","AVRN","Avangrid Renewables, LLC","WAT","Hydro",0,"megawatthours"
"2026-09-11T03","AVRN","Avangrid Renewables, LLC","WND","Wind",1376,"megawatthours"
"2026-09-11T03","AZPS","Arizona Public Service Company","BAT","Battery storage",2031,"megawatthours"
"2026-09-11T03","AZPS","Arizona Public Service Company","COL","Coal",1012,"megawatthours"
"2026-09-11T03","AZPS","Arizona Public Service Company","NG","Natural Gas",1786,"megawatthours"
"2026-09-11T03","AZPS","Arizona Public Service Company","NUC","Nuclear",0,"megawatthours"
"2026-09-11T03","AZPS","Arizona Public Service Company","OIL","Petroleum",0,"megawatthours"
"2026-09-11T03","AZPS","Arizona Public Service Company","OTH","Other",28,"megawatthours"
"2026-09-11T03","AZPS","Arizona Public Service Company","SUN","Solar",79,"megawatthours"
"2026-09-11T03","AZPS","Arizona Public Service Company","UES","Unknown energy storage",-6,"megawatthours"
"2026-09-11T03","AZPS","Arizona Public Service Company","WAT","Hydro",0,"megawatthours"
"2026-09-11T03","AZPS","Arizona Public Service Company","WND","Wind",42,"megawatthours"
"2026-09-11T03","BANC","Balancing Authority of Northern California","NG","Natural Gas",1667,"megawatthours"
"2026-09-11T03","BANC","Balancing Authority of Northern California","OTH","Other",10,"megawatthours"
"2026-09-11T03","BANC","Balancing Authority of Northern California","SUN","Solar",1,"megawatthours"
"2026-09-11T03","BANC","Balancing Authority of Northern California","WAT","Hydro",1238,"megawatthours"
"2026-09-11T03","BHBA","Black Hills Energy","COL","Coal",740,"megawatthours"
"2026-09-11T03","BHBA","Black Hills Energy","NG","Natural Gas",254,"megawatthours"
"2026-09-11T03","BHBA","Black Hills Energy","OIL","Petroleum",0,"megawatthours"
"2026-09-11T03","BHBA","Black Hills Energy","SUN","Solar",0,"megawatthours"
"2026-09-11T03","BHBA","Black Hills Energy","WAT","Hydro",2,"megawatthours"
"2026-09-11T03","BHBA","Black Hills Energy","WND","Wind",27,"megawatthours"
"2026-09-11T03","BPAT","Bonneville Power Administration","NG","Natural Gas",1027,"megawatthours"
"2026-09-11T03","BPAT","Bonneville Power Administration","NUC","Nuclear",1129,"megawatthours"
"2026-09-11T03","BPAT","Bonneville Power Administration","OTH","Other",99,"megawatthours"
"2026-09-11T03","BPAT","Bonneville Power Administration","SNB","Solar with integrated battery storage",19,"megawatthours"
"2026-09-11T03","BPAT","Bonneville Power Administration","SUN","Solar",-2,"megawatthours"
"2026-09-11T03","BPAT","Bonneville Power Administration","WAT","Hydro",6036,"megawatthours"
"2026-09-11T03","BPAT","Bonneville Power Administration","WND","Wind",1743,"megawatthours"
"2026-09-11T03","CAL","California","BAT","Battery storage",25,"megawatthours"
"2026-09-11T03","CAL","California","COL","Coal",0,"megawatthours"
"2026-09-11T03","CAL","California","GEO","Geothermal",1198,"megawatthours"
"2026-09-11T03","CAL","California","NG","Natural Gas",22575,"megawatthours"
"2026-09-11T03","CAL","California","NUC","Nuclear",2228,"megawatthours"
"2026-09-11T03","CAL","California","OIL","Petroleum",18,"megawatthours"
"2026-09-11T03","CAL","California","OTH","Other",8383,"megawatthours"
"2026-09-11T03","CAL","California","PS","Pumped storage",554,"megawatthours"
"2026-09-11T03","CAL","California","SNB","Solar with integrated battery storage",315,"megawatthours"
"2026-09-11T03","CAL","California","SUN","Solar",-12,"megawatthours"
"2026-09-11T03","CAL","California","WAT","Hydro",5662,"megawatthours"
"2026-09-11T03","CAL","California","WND","Wind",4955,"megawatthours"
"2026-09-11T03","CAR","Carolinas","BAT","Battery storage",-1,"megawatthours"
"2026-09-11T03","CAR","Carolinas","COL","Coal",8699,"megawatthours"
"2026-09-11T03","CAR","Carolinas","NG","Natural Gas",9381,"megawatthours"
"2026-09-11T03","CAR","Carolinas","NUC","Nuclear",10574,"megawatthours"
"2026-09-11T03","CAR","Carolinas","OIL","Petroleum",0,"megawatthours"
"2026-09-11T03","CAR","Carolinas","OTH","Other",1165,"megawatthours"
"2026-09-11T03","CAR","Carolinas","PS","Pumped storage",250,"megawatthours"
"2026-09-11T03","CAR","Carolinas","SNB","Solar with integrated battery storage",-3,"megawatthours"
"2026-09-11T03","CAR","Carolinas","SUN","Solar",-8,"megawatthours"
"2026-09-11T03","CAR","Carolinas","WAT","Hydro",197,"megawatthours"
"2026-09-11T03","CENT","Central","BAT","Battery storage",5,"megawatthours"
"2026-09-11T03","CENT","Central","COL","Coal",14324,"megawatthours"
"2026-09-11T03","CENT","Central","NG","Natural Gas",14022,"megawatthours"
"2026-09-11T03","CENT","Central","NUC","Nuclear",1858,"megawatthours"
"2026-09-11T03","CENT","Central","OIL","Petroleum",0,"megawatthours"
"2026-09-11T03","CENT","Central","OTH","Other",48,"megawatthours"
"2026-09-11T03","CENT","Central","SUN","Solar",0,"megawatthours"
"2026-09-11T03","CENT","Central","WAT","Hydro",856,"megawatthours"
"2026-09-11T03","CENT","Central","WND","Wind",11415,"megawatthours"
"2026-09-11T03","CHPD","Public Utility District No. 1 of Chelan County","WAT","Hydro",1024,"megawatthours"
"2026-09-11T03","CHPD","Public Utility District No. 1 of Chelan County","WND","Wind",0,"megawatthours"
"2026-09-11T03","CISO","California Independent System Operator","COL","Coal",0,"megawatthours"
"2026-09-11T03","CISO","California Independent System Operator","GEO","Geothermal",797,"megawatthours"
"2026-09-11T03","CISO","California Independent System Operator","NG","Natural Gas",17929,"megawatthours"
"2026-09-11T03","CISO","California Independent System Operator","NUC","Nuclear",2228,"megawatthours"
"2026-09-11T03","CISO","California Independent System Operator","OIL","Petroleum",18,"megawatthours"
"2026-09-11T03","CISO","California Independent System Operator","OTH","Other",8116,"megawatthours"
"2026-09-11T03","CISO","California Independent System Operator","SUN","Solar",-13,"megawatthours"
"2026-09-11T03","CISO","California Independent System Operator","WAT","Hydro",4015,"megawatthours"
"2026-09-11T03","CISO","California Independent System Operator","WND","Wind",4815,"megawatthours"
"2026-09-11T03","CPLE","Duke Energy Progress East","BAT","Battery storage",0,"megawatthours"
"2026-09-11T03","CPLE","Duke Energy Progress East","COL","Coal",2173,"megawatthours"
"2026-09-11T03","CPLE","Duke Energy Progress East","NG","Natural Gas",1797,"megawatthours"
"2026-09-11T03","CPLE","Duke Energy Progress East","NUC","Nuclear",3563,"megawatthours"
"2026-09-11T03","CPLE","Duke Energy Progress East","OIL","Petroleum",0,"megawatthours"
"2026-09-11T03","CPLE","Duke Energy Progress East","OTH","Other",930,"megawatthours"
"2026-09-11T03","CPLE","Duke Energy Progress East","SNB","Solar with integrated battery storage",-3,"megawatthours"
"2026-09-11T03","CPLE","Duke Energy Progress East","SUN","Solar",-3,"megawatthours"
"2026-09-11T03","CPLE","Duke Energy Progress East","WAT","Hydro",12,"megawatthours"
"2026-09-11T03","CPLW","Duke Energy Progress West","BAT","Battery storage",0,"megawatthours"
"2026-09-11T03","CPLW","Duke Energy Progress West","NG","Natural Gas",366,"megawatthours"
"2026-09-11T03","CPLW","Duke Energy Progress West","OTH","Other",166,"megawatthours"
"2026-09-11T03","CPLW","Duke Energy Progress West","SUN","Solar",0,"megawatthours"
"2026-09-11T03","CPLW","Duke Energy Progress West","WAT","Hydro",4,"megawatthours"
"2026-09-11T03","DEAA","Arlington Valley, LLC","NG","Natural Gas",518,"megawatthours"
"2026-09-11T03","DOPD","PUD No. 1 of Douglas County","WAT","Hydro",388,"megawatthours"
"2026-09-11T03","DUK","Duke Energy Carolinas","BAT","Battery storage",-1,"megawatthours"
"2026-09-11T03","DUK","Duke Energy Carolinas","COL","Coal",4345,"megawatthours"
"2026-09-11T03","DUK","Duke Energy Carolinas","NG","Natural Gas",4126,"megawatthours"
"2026-09-11T03","DUK","Duke Energy Carolinas","NUC","Nuclear",6041,"megawatthours"
"2026-09-11T03","DUK","Duke Energy Carolinas","OTH","Other",-1,"megawatthours"
"2026-09-11T03","DUK","Duke Energy Carolinas","PS","Pumped storage",250,"megawatthours"
"2026-09-11T03","DUK","Duke Energy Carolinas","SUN","Solar",-3,"megawatthours"
"2026-09-11T03","DUK","Duke Energy Carolinas","WAT","Hydro",44,"megawatthours"
"2026-09-11T03","EPE","El Paso Electric Company","NG","Natural Gas",798,"megawatthours"
"2026-09-11T03","EPE","El Paso Electric Company","SNB","Solar with integrated battery storage",4,"megawatthours"
"2026-09-11T03","EPE","El Paso Electric Company","SUN","Solar",33,"megawatthours"
"2026-09-11T03","ERCO","Electric Reliability Council of Texas, Inc.","BAT","Battery storage",3111,"megawatthours"
"2026-09-11T03","ERCO","Electric Reliability Council of Texas, Inc.","COL","Coal",9938,"megawatthours"
"2026-09-11T03","ERCO","Electric Reliability Council of Texas, Inc.","NG","Natural Gas",40220,"megawatthours"
"2026-09-11T03","ERCO","Electric Reliability Council of Texas, Inc.","NUC","Nuclear",4958,"megawatthours"
"2026-09-11T03","ERCO","Electric Reliability Council of Texas, Inc.","OTH","Other",50,"megawatthours"
"2026-09-11T03","ERCO","Electric Reliability Council of Texas, Inc.","SUN","Solar",6,"megawatthours"
"2026-09-11T03","ERCO","Electric Reliability Council of Texas, Inc.","WAT","Hydro",59,"megawatthours"
"2026-09-11T03","ERCO","Electric Reliability Council of Texas, Inc.","WND","Wind",14090,"megawatthours"
"2026-09-11T03","FLA","Florida","BAT","Battery storage",-1,"megawatthours"
"2026-09-11T03","FLA","Florida","COL","Coal",3355,"megawatthours"
"2026-09-11T03","FLA","Florida","NG","Natural Gas",27371,"megawatthours"
"2026-09-11T03","FLA","Florida","NUC","Nuclear",3833,"megawatthours"
"2026-09-11T03","FLA","Florida","OIL","Petroleum",0,"megawatthours"
"2026-09-11T03","FLA","Florida","OTH","Other",547,"megawatthours"
"2026-09-11T03","FLA","Florida","SNB","Solar with integrated battery storage",0,"megawatthours"
"2026-09-11T03","FLA","Florida","SUN","Solar",0,"megawatthours"
"2026-09-11T03","FLA","Florida","WAT","Hydro",14,"megawatthours"
"2026-09-11T03","FMPP","Florida Municipal Power Pool","COL","Coal",934,"megawatthours"
"2026-09-11T03","FMPP","Florida Municipal Power Pool","NG","Natural Gas",1570,"megawatthours"
"2026-09-11T03","FMPP","Florida Municipal Power Pool","NUC","Nuclear",128,"megawatthours"
"2026-09-11T03","FMPP","Florida Municipal Power Pool","OIL","Petroleum",0,"megawatthours"
"2026-09-11T03","FMPP","Florida Municipal Power Pool","OTH","Other",12,"megawatthours"
"2026-09-11T03","FMPP","Florida Municipal Power Pool","SUN","Solar",0,"megawatthours"
"2026-09-11T03","FPC","Duke Energy Florida, Inc.","COL","Coal",1307,"megawatthours"
"2026-09-11T03","FPC","Duke Energy Florida, Inc.","NG","Natural Gas",5163,"megawatthours"
"2026-09-11T03","FPC","Duke Energy Florida, Inc.","OIL","Petroleum",0,"megawatthours"
"2026-09-11T03","FPC","Duke Energy Florida, Inc.","OTH","Other",50,"megawatthours"
"2026-09-11T03","FPC","Duke Energy Florida, Inc.","SUN","Solar",0,"megawatthours"
"2026-09-11T03","FPC","Duke Energy Florida, Inc.","WAT","Hydro",14,"megawatthours"
"2026-09-11T03","FPL","Florida Power & Light Co.","BAT","Battery storage",-1,"megawatthours"
"2026-09-11T03","FPL","Florida Power & Light Co.","NG","Natural Gas",15108,"megawatthours"
"2026-09-11T03","FPL","Florida Power & Light Co.","NUC","Nuclear",3705,"megawatthours"
"2026-09-11T03","FPL","Florida Power & Light Co.","OIL","Petroleum",0,"megawatthours"
"2026-09-11T03","FPL","Florida Power & Light Co.","OTH","Other",392,"megawatthours"
"2026-09-11T03","FPL","Florida Power & Light Co.","SNB","Solar with integrated battery storage",0,"megawatthours"
"2026-09-11T03","FPL","Florida Power & Light Co.","SUN","Solar",0,"megawatthours"
"2026-09-11T03","GCPD","Public Utility District No. 2 of Grant County, Washington","WAT","Hydro",863,"megawatthours"
"2026-09-11T03","GRID","Gridforce Energy Management, LLC","COL","Coal",0,"megawatthours"
"2026-09-11T03","GRID","Gridforce Energy Management, LLC","NG","Natural Gas",1745,"megawatthours"
"2026-09-11T03","GRID","Gridforce Energy Management, LLC","SUN","Solar",-1,"megawatthours"
"2026-09-11T03","GRID","Gridforce Energy Management, LLC","WND","Wind",346,"megawatthours"
"2026-09-11T03","GVL","Gainesville Regional Utilities","COL","Coal",0,"megawatthours"
"2026-09-11T03","GVL","Gainesville Regional Utilities","NG","Natural Gas",146,"megawatthours"
"2026-09-11T03","GVL","Gainesville Regional Utilities","OTH","Other",50,"megawatthours"
"2026-09-11T03","GWA","NaturEner Power Watch, LLC","WND","Wind",181,"megawatthours"
"2026-09-11T03","HST","City of Homestead","NG","Natural Gas",0,"megawatthours"
"2026-09-11T03","IID","Imperial Irrigation District","BAT","Battery storage",25,"megawatthours"
"2026-09-11T03","IID","Imperial Irrigation District","GEO","Geothermal",401,"megawatthours"
"2026-09-11T03","IID","Imperial Irrigation District","NG","Natural Gas",151,"megawatthours"
"2026-09-11T03","IID","Imperial Irrigation District","OIL","Petroleum",0,"megawatthours"
"2026-09-11T03","IID","Imperial Irrigation District","SNB","Solar with integrated battery storage",17,"megawatthours"
"2026-09-11T03","IID","Imperial Irrigation District","SUN","Solar",0,"megawatthours"
"2026-09-11T03","IID","Imperial Irrigation District","WAT","Hydro",19,"megawatthours"
"2026-09-11T03","IPCO","Idaho Power Company","BAT","Battery storage",13,"megawatthours"
"2026-09-11T03","IPCO","Idaho Power Company","GEO","Geothermal",20,"megawatthours"
"2026-09-11T03","IPCO","Idaho Power Company","NG","Natural Gas",648,"megawatthours"
"2026-09-11T03","IPCO","Idaho Power Company","OIL","Petroleum",0,"megawatthours"
"2026-09-11T03","IPCO","Idaho Power Company","OTH","Other",34,"megawatthours"
"2026-09-11T03","IPCO","Idaho Power Company","SUN","Solar",2,"megawatthours"
"2026-09-11T03","IPCO","Idaho Power Company","WAT","Hydro",1207,"megawatthours"
"2026-09-11T03","IPCO","Idaho Power Company","WND","Wind",125,"megawatthours"
"2026-09-11T03","ISNE","ISO New England","BAT","Battery storage",76,"megawatthours"
"2026-09-11T03","ISNE","ISO New England","NG","Natural Gas",7915,"megawatthours"
"2026-09-11T03","ISNE","ISO New England","NUC","Nuclear",3495,"megawatthours"
"2026-09-11T03","ISNE","ISO New England","OTH","Other",631,"megawatthours"
"2026-09-11T03","ISNE","ISO New England","PS","Pumped storage",277,"megawatthours"
"2026-09-11T03","ISNE","ISO New England","SNB","Solar with integrated battery storage",0,"megawatthours"
"2026-09-11T03","ISNE","ISO New England","SUN","Solar",8,"megawatthours"
"2026-09-11T03","ISNE","ISO New England","WAT","Hydro",246,"megawatthours"
"2026-09-11T03","ISNE","ISO New England","WND","Wind",1738,"megawatthours"
"2026-09-11T03","JEA","JEA","COL","Coal",531,"megawatthours"
"2026-09-11T03","JEA","JEA","NG","Natural Gas",701,"megawatthours"
"2026-09-11T03","JEA","JEA","OIL","Petroleum",0,"megawatthours"
"2026-09-11T03","JEA","JEA","OTH","Other",2,"megawatthours"
"2026-09-11T03","JEA","JEA","SUN","Solar",0,"megawatthours"
"2026-09-11T03","LDWP","Los Angeles Department of Water and Power","BAT","Battery storage",0,"megawatthours"
"2026-09-11T03","LDWP","Los Angeles Department of Water and Power","NG","Natural Gas",2460,"megawatthours"
"2026-09-11T03","LDWP","Los Angeles Department of Water and Power","OTH","Other",257,"megawatthours"
"2026-09-11T03","LDWP","Los Angeles Department of Water and Power","PS","Pumped storage",554,"megawatthours"
"2026-09-11T03","LDWP","Los Angeles Department of Water and Power","SNB","Solar with integrated battery storage",298,"megawatthours"
"2026-09-11T03","LDWP","Los Angeles Department of Water and Power","SUN","Solar",0,"megawatthours"
"2026-09-11T03","LDWP","Los Angeles Department of Water and Power","WAT","Hydro",304,"megawatthours"
"2026-09-11T03","LDWP","Los Angeles Department of Water and Power","WND","Wind",140,"megawatthours"
"2026-09-11T03","LGEE","LG&E and KU Services Company as agent for Louisville Gas and Electric Company and Kentucky Utilities Company","COL","Coal",3877,"megawatthours"
"2026-09-11T03","LGEE","LG&E and KU Services Company as agent for Louisville Gas and Electric Company and Kentucky Utilities Company","NG","Natural Gas",636,"megawatthours"
"2026-09-11T03","LGEE","LG&E and KU Services Company as agent for Louisville Gas and Electric Company and Kentucky Utilities Company","OIL","Petroleum",0,"megawatthours"
"2026-09-11T03","LGEE","LG&E and KU Services Company as agent for Louisville Gas and Electric Company and Kentucky Utilities Company","SUN","Solar",0,"megawatthours"
"2026-09-11T03","LGEE","LG&E and KU Services Company as agent for Louisville Gas and Electric Company and Kentucky Utilities Company","WAT","Hydro",50,"megawatthours"
"2026-09-11T03","MIDA","Mid-Atlantic","COL","Coal",24650,"megawatthours"
"2026-09-11T03","MIDA","Mid-Atlantic","NG","Natural Gas",54570,"megawatthours"
"2026-09-11T03","MIDA","Mid-Atlantic","NUC","Nuclear",30961,"megawatthours"
"2026-09-11T03","MIDA","Mid-Atlantic","OIL","Petroleum",1468,"megawatthours"
"2026-09-11T03","MIDA","Mid-Atlantic","OTH","Other",3984,"megawatthours"
"2026-09-11T03","MIDA","Mid-Atlantic","SUN","Solar",25,"megawatthours"
"2026-09-11T03","MIDA","Mid-Atlantic","WAT","Hydro",1390,"megawatthours"
"2026-09-11T03","MIDA","Mid-Atlantic","WND","Wind",1125,"megawatthours"
"2026-09-11T03","MIDW","Midwest","BAT","Battery storage",-115,"megawatthours"
"2026-09-11T03","MIDW","Midwest","COL","Coal",31113,"megawatthours"
"2026-09-11T03","MIDW","Midwest","NG","Natural Gas",39291,"megawatthours"
"2026-09-11T03","MIDW","Midwest","NUC","Nuclear",11702,"megawatthours"
"2026-09-11T03","MIDW","Midwest","OIL","Petroleum",0,"megawatthours"
"2026-09-11T03","MIDW","Midwest","OTH","Other",515,"megawatthours"
"2026-09-11T03","MIDW","Midwest","SUN","Solar",3,"megawatthours"
"2026-09-11T03","MIDW","Midwest","WAT","Hydro",1071,"megawatthours"
"2026-09-11T03","MIDW","Midwest","WND","Wind",9543,"megawatthours"
"2026-09-11T03","MISO","Midcontinent Independent System Operator, Inc.","BAT","Battery storage",-115,"megawatthours"
"2026-09-11T03","MISO","Midcontinent Independent System Operator, Inc.","COL","Coal",26317,"megawatthours"
"2026-09-11T03","MISO","Midcontinent Independent System Operator, Inc.","NG","Natural Gas",37146,"megawatthours"
"2026-09-11T03","MISO","Midcontinent Independent System Operator, Inc.","NUC","Nuclear",11702,"megawatthours"
"2026-09-11T03","MISO","Midcontinent Independent System Operator, Inc.","OTH","Other",515,"megawatthours"
"2026-09-11T03","MISO","Midcontinent Independent System Operator, Inc.","SUN","Solar",3,"megawatthours"
"2026-09-11T03","MISO","Midcontinent Independent System Operator, Inc.","WAT","Hydro",1021,"megawatthours"
"2026-09-11T03","MISO","Midcontinent Independent System Operator, Inc.","WND","Wind",9389,"megawatthours"
"2026-09-11T03","NE","New England","BAT","Battery storage",76,"megawatthours"
"2026-09-11T03","NE","New England","NG","Natural Gas",7915,"megawatthours"
"2026-09-11T03","NE","New England","NUC","Nuclear",3495,"megawatthours"
"2026-09-11T03","NE","New England","OTH","Other",631,"megawatthours"
"2026-09-11T03","NE","New England","PS","Pumped storage",277,"megawatthours"
"2026-09-11T03","NE","New England","SNB","Solar with integrated battery storage",0,"megawatthours"
"2026-09-11T03","NE","New England","SUN","Solar",8,"megawatthours"
"2026-09-11T03","NE","New England","WAT","Hydro",246,"megawatthours"
"2026-09-11T03","NE","New England","WND","Wind",1738,"megawatthours"
"2026-09-11T03","NEVP","Nevada Power Company","COL","Coal",651,"megawatthours"
"2026-09-11T03","NEVP","Nevada Power Company","NG","Natural Gas",4723,"megawatthours"
"2026-09-11T03","NEVP","Nevada Power Company","NUC","Nuclear",0,"megawatthours"
"2026-09-11T03","NEVP","Nevada Power Company","OIL","Petroleum",0,"megawatthours"
"2026-09-11T03","NEVP","Nevada Power Company","OTH","Other",1602,"megawatthours"
"2026-09-11T03","NEVP","Nevada Power Company","SUN","Solar",129,"megawatthours"
"2026-09-11T03","NEVP","Nevada Power Company","WAT","Hydro",150,"megawatthours"
"2026-09-11T03","NEVP","Nevada Power Company","WND","Wind",0,"megawatthours"
"2026-09-11T03","NW","Northwest","BAT","Battery storage",750,"megawatthours"
"2026-09-11T03","NW","Northwest","COL","Coal",10037,"megawatthours"
"2026-09-11T03","NW","Northwest","GEO","Geothermal",20,"megawatthours"
"2026-09-11T03","NW","Northwest","NG","Natural Gas",15808,"megawatthours"
"2026-09-11T03","NW","Northwest","NUC","Nuclear",1129,"megawatthours"
"2026-09-11T03","NW","Northwest","OIL","Petroleum",177,"megawatthours"
"2026-09-11T03","NW","Northwest","OTH","Other",2054,"megawatthours"
"2026-09-11T03","NW","Northwest","SNB","Solar with integrated battery storage",19,"megawatthours"
"2026-09-11T03","NW","Northwest","SUN","Solar",176,"megawatthours"
"2026-09-11T03","NW","Northwest","WAT","Hydro",13308,"megawatthours"
"2026-09-11T03","NW","Northwest","WND","Wind",11454,"megawatthours"
"2026-09-11T03","NWMT","NorthWestern Corporation","COL","Coal",1424,"megawatthours"
"2026-09-11T03","NWMT","NorthWestern Corporation","NG","Natural Gas",303,"megawatthours"
"2026-09-11T03","NWMT","NorthWestern Corporation","OIL","Petroleum",61,"megawatthours"
"2026-09-11T03","NWMT","NorthWestern Corporation","SUN","Solar",0,"megawatthours"
"2026-09-11T03","NWMT","NorthWestern Corporation","WAT","Hydro",351,"megawatthours"
"2026-09-11T03","NWMT","NorthWestern Corporation","WND","Wind",433,"megawatthours"
"2026-09-11T03","NY","New York","COL","Coal",0,"megawatthours"
"2026-09-11T03","NY","New York","NG","Natural Gas",10216,"megawatthours"
"2026-09-11T03","NY","New York","NUC","Nuclear",3152,"megawatthours"
"2026-09-11T03","NY","New York","OIL","Petroleum",0,"megawatthours"
"2026-09-11T03","NY","New York","OTH","Other",253,"megawatthours"
"2026-09-11T03","NY","New York","SUN","Solar",0,"megawatthours"
"2026-09-11T03","NY","New York","WAT","Hydro",2727,"megawatthours"
"2026-09-11T03","NY","New York","WND","Wind",498,"megawatthours"
"2026-09-11T03","NYIS","New York Independent System Operator","COL","Coal",0,"megawatthours"
"2026-09-11T03","NYIS","New York Independent System Operator","NG","Natural Gas",10216,"megawatthours"
"2026-09-11T03","NYIS","New York Independent System Operator","NUC","Nuclear",3152,"megawatthours"
"2026-09-11T03","NYIS","New York Independent System Operator","OIL","Petroleum",0,"megawatthours"
"2026-09-11T03","NYIS","New York Independent System Operator","OTH","Other",253,"megawatthours"
"2026-09-11T03","NYIS","New York Independent System Operator","SUN","Solar",0,"megawatthours"
"2026-09-11T03","NYIS","New York Independent System Operator","WAT","Hydro",2727,"megawatthours"
"2026-09-11T03","NYIS","New York Independent System Operator","WND","Wind",498,"megawatthours"
"2026-09-11T03","PACE","PacifiCorp East","COL","Coal",3949,"megawatthours"
"2026-09-11T03","PACE","PacifiCorp East","NG","Natural Gas",2060,"megawatthours"
"2026-09-11T03","PACE","PacifiCorp East","OTH","Other",133,"megawatthours"
"2026-09-11T03","PACE","PacifiCorp East","SUN","Solar",0,"megawatthours"
"2026-09-11T03","PACE","PacifiCorp East","WAT","Hydro",111,"megawatthours"
"2026-09-11T03","PACE","PacifiCorp East","WND","Wind",2030,"megawatthours"
"2026-09-11T03","PACW","PacifiCorp West","NG","Natural Gas",415,"megawatthours"
"2026-09-11T03","PACW","PacifiCorp West","OTH","Other",37,"megawatthours"
"2026-09-11T03","PACW","PacifiCorp West","SUN","Solar",3,"megawatthours"
"2026-09-11T03","PACW","PacifiCorp West","WAT","Hydro",143,"megawatthours"
"2026-09-11T03","PACW","PacifiCorp West","WND","Wind",274,"megawatthours"
"2026-09-11T03","PGE","Portland General Electric Company","BAT","Battery storage",392,"megawatthours"
"2026-09-11T03","PGE","Portland General Electric Company","COL","Coal",0,"megawatthours"
"2026-09-11T03","PGE","Portland General Electric Company","NG","Natural Gas",632,"megawatthours"
"2026-09-11T03","PGE","Portland General Electric Company","OTH","Other",0,"megawatthours"
"2026-09-11T03","PGE","Portland General Electric Company","WAT","Hydro",165,"megawatthours"
"2026-09-11T03","PGE","Portland General Electric Company","WND","Wind",0,"megawatthours"
"2026-09-11T03","PJM","PJM Interconnection, LLC","COL","Coal",24650,"megawatthours"
"2026-09-11T03","PJM","PJM Interconnection, LLC","NG","Natural Gas",54570,"megawatthours"
"2026-09-11T03","PJM","PJM Interconnection, LLC","NUC","Nuclear",30961,"megawatthours"
"2026-09-11T03","PJM","PJM Interconnection, LLC","OIL","Petroleum",1468,"megawatthours"
"2026-09-11T03","PJM","PJM Interconnection, LLC","OTH","Other",3984,"megawatthours"
"2026-09-11T03","PJM","PJM Interconnection, LLC","SUN","Solar",25,"megawatthours"
"2026-09-11T03","PJM","PJM Interconnection, LLC","WAT","Hydro",1390,"megawatthours"
"2026-09-11T03","PJM","PJM Interconnection, LLC","WND","Wind",1125,"megawatthours"
"2026-09-11T03","PNM","Public Service Company of New Mexico","BAT","Battery storage",904,"megawatthours"
"2026-09-11T03","PNM","Public Service Company of New Mexico","COL","Coal",395,"megawatthours"
"2026-09-11T03","PNM","Public Service Company of New Mexico","GEO","Geothermal",6,"megawatthours"
"2026-09-11T03","PNM","Public Service Company of New Mexico","NG","Natural Gas",940,"megawatthours"
"2026-09-11T03","PNM","Public Service Company of New Mexico","SUN","Solar",-3,"megawatthours"
"2026-09-11T03","PNM","Public Service Company of New Mexico","WAT","Hydro",0,"megawatthours"
"2026-09-11T03","PNM","Public Service Company of New Mexico","WND","Wind",225,"megawatthours"
"2026-09-11T03","PSCO","Public Service Company of Colorado","BAT","Battery storage",336,"megawatthours"
"2026-09-11T03","PSCO","Public Service Company of Colorado","COL","Coal",2167,"megawatthours"
"2026-09-11T03","PSCO","Public Service Company of Colorado","NG","Natural Gas",1363,"megawatthours"
"2026-09-11T03","PSCO","Public Service Company of Colorado","OIL","Petroleum",0,"megawatthours"
"2026-09-11T03","PSCO","Public Service Company of Colorado","SUN","Solar",44,"megawatthours"
"2026-09-11T03","PSCO","Public Service Company of Colorado","WAT","Hydro",7,"megawatthours"
"2026-09-11T03","PSCO","Public Service Company of Colorado","WND","Wind",3829,"megawatthours"
"2026-09-11T03","PSEI","Puget Sound Energy, Inc.","COL","Coal",0,"megawatthours"
"2026-09-11T03","PSEI","Puget Sound Energy, Inc.","NG","Natural Gas",614,"megawatthours"
"2026-09-11T03","PSEI","Puget Sound Energy, Inc.","OIL","Petroleum",0,"megawatthours"
"2026-09-11T03","PSEI","Puget Sound Energy, Inc.","OTH","Other",27,"megawatthours"
"2026-09-11T03","PSEI","Puget Sound Energy, Inc.","SUN","Solar",0,"megawatthours"
"2026-09-11T03","PSEI","Puget Sound Energy, Inc.","WAT","Hydro",129,"megawatthours"
"2026-09-11T03","PSEI","Puget Sound Energy, Inc.","WND","Wind",349,"megawatthours"
"2026-09-11T03","SC","South Carolina Public Service Authority","COL","Coal",1854,"megawatthours"
"2026-09-11T03","SC","South Carolina Public Service Authority","NG","Natural Gas",797,"megawatthours"
"2026-09-11T03","SC","South Carolina Public Service Authority","OIL","Petroleum",0,"megawatthours"
"2026-09-11T03","SC","South Carolina Public Service Authority","OTH","Other",70,"megawatthours"
"2026-09-11T03","SC","South Carolina Public Service Authority","SUN","Solar",-2,"megawatthours"
"2026-09-11T03","SC","South Carolina Public Service Authority","WAT","Hydro",-1,"megawatthours"
"2026-09-11T03","SCEG","Dominion Energy South Carolina, Inc.","COL","Coal",327,"megawatthours"
"2026-09-11T03","SCEG","Dominion Energy South Carolina, Inc.","NG","Natural Gas",2295,"megawatthours"
"2026-09-11T03","SCEG","Dominion Energy South Carolina, Inc.","NUC","Nuclear",970,"megawatthours"
"2026-09-11T03","SCEG","Dominion Energy South Carolina, Inc.","OTH","Other",0,"megawatthours"
"2026-09-11T03","SCEG","Dominion Energy South Carolina, Inc.","SUN","Solar",0,"megawatthours"
"2026-09-11T03","SCEG","Dominion Energy South Carolina, Inc.","WAT","Hydro",129,"megawatthours"
"2026-09-11T03","SCL","Seattle City Light","WAT","Hydro",770,"megawatthours"
"2026-09-11T03","SE","Southeast","BAT","Battery storage",-3,"megawatthours"
"2026-09-11T03","SE","Southeast","COL","Coal",8256,"megawatthours"
"2026-09-11T03","SE","Southeast","NG","Natural Gas",19533,"megawatthours"
"2026-09-11T03","SE","Southeast","NUC","Nuclear",7798,"megawatthours"
"2026-09-11T03","SE","Southeast","OES","Other energy storage",0,"megawatthours"
"2026-09-11T03","SE","Southeast","OIL","Petroleum",0,"megawatthours"
"2026-09-11T03","SE","Southeast","OTH","Other",54,"megawatthours"
"2026-09-11T03","SE","Southeast","PS","Pumped storage",11,"megawatthours"
"2026-09-11T03","SE","Southeast","SNB","Solar with integrated battery storage",-1,"megawatthours"
"2026-09-11T03","SE","Southeast","SUN","Solar",0,"megawatthours"
"2026-09-11T03","SE","Southeast","WAT","Hydro",159,"megawatthours"
"2026-09-11T03","SE","Southeast","WND","Wind",0,"megawatthours"
"2026-09-11T03","SEC","Seminole Electric Cooperative","COL","Coal",583,"megawatthours"
"2026-09-11T03","SEC","Seminole Electric Cooperative","NG","Natural Gas",1606,"megawatthours"
"2026-09-11T03","SEC","Seminole Electric Cooperative","SUN","Solar",0,"megawatthours"
"2026-09-11T03","SEPA","Southeastern Power Administration","WAT","Hydro",0,"megawatthours"
"2026-09-11T03","SIKE","Sikeston Board of Municipal Utilities","COL","Coal",31,"megawatthours"
"2026-09-11T03","SOCO","Southern Company Services, Inc. - Trans","BAT","Battery storage",-3,"megawatthours"
"2026-09-11T03","SOCO","Southern Company Services, Inc. - Trans","COL","Coal",8256,"megawatthours"
"2026-09-11T03","SOCO","Southern Company Services, Inc. - Trans","NG","Natural Gas",19533,"megawatthours"
"2026-09-11T03","SOCO","Southern Company Services, Inc. - Trans","NUC","Nuclear",7798,"megawatthours"
"2026-09-11T03","SOCO","Southern Company Services, Inc. - Trans","OES","Other energy storage",0,"megawatthours"
"2026-09-11T03","SOCO","Southern Company Services, Inc. - Trans","OIL","Petroleum",0,"megawatthours"
"2026-09-11T03","SOCO","Southern Company Services, Inc. - Trans","OTH","Other",54,"megawatthours"
"2026-09-11T03","SOCO","Southern Company Services, Inc. - Trans","PS","Pumped storage",11,"megawatthours"
"2026-09-11T03","SOCO","Southern Company Services, Inc. - Trans","SNB","Solar with integrated battery storage",-1,"megawatthours"
"2026-09-11T03","SOCO","Southern Company Services, Inc. - Trans","SUN","Solar",0,"megawatthours"
"2026-09-11T03","SOCO","Southern Company Services, Inc. - Trans","WAT","Hydro",159,"megawatthours"
"2026-09-11T03","SOCO","Southern Company Services, Inc. - Trans","WND","Wind",0,"megawatthours"
"2026-09-11T03","SRP","Salt River Project Agricultural Improvement and Power District","BAT","Battery storage",729,"megawatthours"
"2026-09-11T03","SRP","Salt River Project Agricultural Improvement and Power District","COL","Coal",1179,"megawatthours"
"2026-09-11T03","SRP","Salt River Project Agricultural Improvement and Power District","NG","Natural Gas",4425,"megawatthours"
"2026-09-11T03","SRP","Salt River Project Agricultural Improvement and Power District","NUC","Nuclear",3906,"megawatthours"
"2026-09-11T03","SRP","Salt River Project Agricultural Improvement and Power District","SNB","Solar with integrated battery storage",300,"megawatthours"
"2026-09-11T03","SRP","Salt River Project Agricultural Improvement and Power District","SUN","Solar",396,"megawatthours"
"2026-09-11T03","SRP","Salt River Project Agricultural Improvement and Power District","WAT","Hydro",22,"megawatthours"
"2026-09-11T03","SRP","Salt River Project Agricultural Improvement and Power District","WND","Wind",17,"megawatthours"
"2026-09-11T03","SW","Southwest","BAT","Battery storage",4131,"megawatthours"
"2026-09-11T03","SW","Southwest","COL","Coal",3401,"megawatthours"
"2026-09-11T03","SW","Southwest","GEO","Geothermal",6,"megawatthours"
"2026-09-11T03","SW","Southwest","NG","Natural Gas",11064,"megawatthours"
"2026-09-11T03","SW","Southwest","NUC","Nuclear",3906,"megawatthours"
"2026-09-11T03","SW","Southwest","OIL","Petroleum",0,"megawatthours"
"2026-09-11T03","SW","Southwest","OTH","Other",28,"megawatthours"
"2026-09-11T03","SW","Southwest","SNB","Solar with integrated battery storage",304,"megawatthours"
"2026-09-11T03","SW","Southwest","SUN","Solar",511,"megawatthours"
"2026-09-11T03","SW","Southwest","UES","Unknown energy storage",-6,"megawatthours"
"2026-09-11T03","SW","Southwest","WAT","Hydro",1108,"megawatthours"
"2026-09-11T03","SW","Southwest","WND","Wind",428,"megawatthours"
"2026-09-11T03","SWPP","Southwest Power Pool","BAT","Battery storage",5,"megawatthours"
"2026-09-11T03","SWPP","Southwest Power Pool","COL","Coal",14324,"megawatthours"
"2026-09-11T03","SWPP","Southwest Power Pool","NG","Natural Gas",14022,"megawatthours"
"2026-09-11T03","SWPP","Southwest Power Pool","NUC","Nuclear",1858,"megawatthours"
"2026-09-11T03","SWPP","Southwest Power Pool","OIL","Petroleum",0,"megawatthours"
"2026-09-11T03","SWPP","Southwest Power Pool","OTH","Other",48,"megawatthours"
"2026-09-11T03","SWPP","Southwest Power Pool","SUN","Solar",0,"megawatthours"
"2026-09-11T03","SWPP","Southwest Power Pool","WAT","Hydro",856,"megawatthours"
"2026-09-11T03","SWPP","Southwest Power Pool","WND","Wind",11415,"megawatthours"
"2026-09-11T03","SWPW","Southwest Power Pool West Balancing Authority Area","BAT","Battery storage",9,"megawatthours"
"2026-09-11T03","SWPW","Southwest Power Pool West Balancing Authority Area","COL","Coal",1106,"megawatthours"
"2026-09-11T03","SWPW","Southwest Power Pool West Balancing Authority Area","NG","Natural Gas",1104,"megawatthours"
"2026-09-11T03","SWPW","Southwest Power Pool West Balancing Authority Area","NUC","Nuclear",0,"megawatthours"
"2026-09-11T03","SWPW","Southwest Power Pool West Balancing Authority Area","OIL","Petroleum",116,"megawatthours"
"2026-09-11T03","SWPW","Southwest Power Pool West Balancing Authority Area","OTH","Other",0,"megawatthours"
"2026-09-11T03","SWPW","Southwest Power Pool West Balancing Authority Area","SUN","Solar",1,"megawatthours"
"2026-09-11T03","SWPW","Southwest Power Pool West Balancing Authority Area","WAT","Hydro",901,"megawatthours"
"2026-09-11T03","SWPW","Southwest Power Pool West Balancing Authority Area","WND","Wind",608,"megawatthours"
"2026-09-11T03","TAL","City of Tallahassee","NG","Natural Gas",379,"megawatthours"
"2026-09-11T03","TAL","City of Tallahassee","SUN","Solar",0,"megawatthours"
"2026-09-11T03","TAL","City of Tallahassee","WAT","Hydro",0,"megawatthours"
"2026-09-11T03","TEC","Tampa Electric Company","COL","Coal",0,"megawatthours"
"2026-09-11T03","TEC","Tampa Electric Company","NG","Natural Gas",2698,"megawatthours"
"2026-09-11T03","TEC","Tampa Electric Company","OIL","Petroleum",0,"megawatthours"
"2026-09-11T03","TEC","Tampa Electric Company","OTH","Other",41,"megawatthours"
"2026-09-11T03","TEC","Tampa Electric Company","SNB","Solar with integrated battery storage",0,"megawatthours"
"2026-09-11T03","TEC","Tampa Electric Company","SUN","Solar",0,"megawatthours"
"2026-09-11T03","TEN","Tennessee","BAT","Battery storage",0,"megawatthours"
"2026-09-11T03","TEN","Tennessee","COL","Coal",3923,"megawatthours"
"2026-09-11T03","TEN","Tennessee","GEO","Geothermal",0,"megawatthours"
"2026-09-11T03","TEN","Tennessee","NG","Natural Gas",9858,"megawatthours"
"2026-09-11T03","TEN","Tennessee","NUC","Nuclear",7233,"megawatthours"
"2026-09-11T03","TEN","Tennessee","OES","Other energy storage",0,"megawatthours"
"2026-09-11T03","TEN","Tennessee","OIL","Petroleum",0,"megawatthours"
"2026-09-11T03","TEN","Tennessee","OTH","Other",46,"megawatthours"
"2026-09-11T03","TEN","Tennessee","PS","Pumped storage",192,"megawatthours"
"2026-09-11T03","TEN","Tennessee","SNB","Solar with integrated battery storage",58,"megawatthours"
"2026-09-11T03","TEN","Tennessee","SUN","Solar",0,"megawatthours"
"2026-09-11T03","TEN","Tennessee","UNK","Unknown",0,"megawatthours"
"2026-09-11T03","TEN","Tennessee","WAT","Hydro",1033,"megawatthours"
"2026-09-11T03","TEN","Tennessee","WNB","Wind with integrated battery storage",0,"megawatthours"
"2026-09-11T03","TEN","Tennessee","WND","Wind",0,"megawatthours"
"2026-09-11T03","TEPC","Tucson Electric Power","BAT","Battery storage",467,"megawatthours"
"2026-09-11T03","TEPC","Tucson Electric Power","COL","Coal",815,"megawatthours"
"2026-09-11T03","TEPC","Tucson Electric Power","NG","Natural Gas",1617,"megawatthours"
"2026-09-11T03","TEPC","Tucson Electric Power","SUN","Solar",6,"megawatthours"
"2026-09-11T03","TEPC","Tucson Electric Power","WND","Wind",107,"megawatthours"
"2026-09-11T03","TEX","Texas","BAT","Battery storage",3111,"megawatthours"
"2026-09-11T03","TEX","Texas","COL","Coal",9938,"megawatthours"
"2026-09-11T03","TEX","Texas","NG","Natural Gas",40220,"megawatthours"
"2026-09-11T03","TEX","Texas","NUC","Nuclear",4958,"megawatthours"
"2026-09-11T03","TEX","Texas","OTH","Other",50,"megawatthours"
"2026-09-11T03","TEX","Texas","SUN","Solar",6,"megawatthours"
"2026-09-11T03","TEX","Texas","WAT","Hydro",59,"megawatthours"
"2026-09-11T03","TEX","Texas","WND","Wind",14090,"megawatthours"
"2026-09-11T03","TIDC","Turlock Irrigation District","NG","Natural Gas",368,"megawatthours"
"2026-09-11T03","TIDC","Turlock Irrigation District","WAT","Hydro",86,"megawatthours"
"2026-09-11T03","TPWR","City of Tacoma, Department of Public Utilities, Light Division","WAT","Hydro",304,"megawatthours"
"2026-09-11T03","TVA","Tennessee Valley Authority","BAT","Battery storage",0,"megawatthours"
"2026-09-11T03","TVA","Tennessee Valley Authority","COL","Coal",3923,"megawatthours"
"2026-09-11T03","TVA","Tennessee Valley Authority","GEO","Geothermal",0,"megawatthours"
"2026-09-11T03","TVA","Tennessee Valley Authority","NG","Natural Gas",9858,"megawatthours"
"2026-09-11T03","TVA","Tennessee Valley Authority","NUC","Nuclear",7233,"megawatthours"
"2026-09-11T03","TVA","Tennessee Valley Authority","OES","Other energy storage",0,"megawatthours"
"2026-09-11T03","TVA","Tennessee Valley Authority","OIL","Petroleum",0,"megawatthours"
"2026-09-11T03","TVA","Tennessee Valley Authority","OTH","Other",46,"megawatthours"
"2026-09-11T03","TVA","Tennessee Valley Authority","PS","Pumped storage",192,"megawatthours"
"2026-09-11T03","TVA","Tennessee Valley Authority","SNB","Solar with integrated battery storage",58,"megawatthours"
"2026-09-11T03","TVA","Tennessee Valley Authority","SUN","Solar",0,"megawatthours"
"2026-09-11T03","TVA","Tennessee Valley Authority","UNK","Unknown",0,"megawatthours"
"2026-09-11T03","TVA","Tennessee Valley Authority","WAT","Hydro",1033,"megawatthours"
"2026-09-11T03","TVA","Tennessee Valley Authority","WNB","Wind with integrated battery storage",0,"megawatthours"
"2026-09-11T03","TVA","Tennessee Valley Authority","WND","Wind",0,"megawatthours"
"2026-09-11T03","US48","United States Lower 48","BAT","Battery storage",7978,"megawatthours"
"2026-09-11T03","US48","United States Lower 48","COL","Coal",117696,"megawatthours"
"2026-09-11T03","US48","United States Lower 48","GEO","Geothermal",1224,"megawatthours"
"2026-09-11T03","US48","United States Lower 48","NG","Natural Gas",281824,"megawatthours"
"2026-09-11T03","US48","United States Lower 48","NUC","Nuclear",92827,"megawatthours"
"2026-09-11T03","US48","United States Lower 48","OES","Other energy storage",0,"megawatthours"
"2026-09-11T03","US48","United States Lower 48","OIL","Petroleum",1663,"megawatthours"
"2026-09-11T03","US48","United States Lower 48","OTH","Other",17758,"megawatthours"
"2026-09-11T03","US48","United States Lower 48","PS","Pumped storage",1284,"megawatthours"
"2026-09-11T03","US48","United States Lower 48","SNB","Solar with integrated battery storage",692,"megawatthours"
"2026-09-11T03","US48","United States Lower 48","SUN","Solar",709,"megawatthours"
"2026-09-11T03","US48","United States Lower 48","UES","Unknown energy storage",-6,"megawatthours"
"2026-09-11T03","US48","United States Lower 48","UNK","Unknown",0,"megawatthours"
"2026-09-11T03","US48","United States Lower 48","WAT","Hydro",27830,"megawatthours"
"2026-09-11T03","US48","United States Lower 48","WNB","Wind with integrated battery storage",0,"megawatthours"
"2026-09-11T03","US48","United States Lower 48","WND","Wind",55246,"megawatthours"
"2026-09-11T03","WALC","Western Area Power Administration - Desert Southwest Region","NG","Natural Gas",980,"megawatthours"
"2026-09-11T03","WALC","Western Area Power Administration - Desert Southwest Region","SNB","Solar with integrated battery storage",0,"megawatthours"
"2026-09-11T03","WALC","Western Area Power Administration - Desert Southwest Region","SUN","Solar",0,"megawatthours"
"2026-09-11T03","WALC","Western Area Power Administration - Desert Southwest Region","WAT","Hydro",1086,"megawatthours"
"2026-09-11T03","WALC","Western Area Power Administration - Desert Southwest Region","WND","Wind",37,"megawatthours"
"2026-09-11T03","YAD","Alcoa Power Generating, Inc. - Yadkin Division","WAT","Hydro",9,"megawatthours"
"2026-09-11T02","AECI","Associated Electric Cooperative, Inc.","COL","Coal",927,"megawatthours"
"2026-09-11T02","AECI","Associated Electric Cooperative, Inc.","NG","Natural Gas",1610,"megawatthours"
"2026-09-11T02","AECI","Associated Electric Cooperative, Inc.","WND","Wind",52,"megawatthours"
"2026-09-11T02","AVA","Avista Corporation","NG","Natural Gas",397,"megawatthours"
"2026-09-11T02","AVA","Avista Corporation","OTH","Other",122,"megawatthours"
"2026-09-11T02","AVA","Avista Corporation","SUN","Solar",1,"megawatthours"
"2026-09-11T02","AVA","Avista Corporation","WAT","Hydro",811,"megawatthours"
"2026-09-11T02","AVA","Avista Corporation","WND","Wind",132,"megawatthours"
"2026-09-11T02","AVRN","Avangrid Renewables, LLC","NG","Natural Gas",503,"megawatthours"
"2026-09-11T02","AVRN","Avangrid Renewables, LLC","SUN","Solar",0,"megawatthours"
"2026-09-11T02","AVRN","Avangrid Renewables, LLC","WAT","Hydro",0,"megawatthours"
"2026-09-11T02","AVRN","Avangrid Renewables, LLC","WND","Wind",1457,"megawatthours"
"2026-09-11T02","AZPS","Arizona Public Service Company","BAT","Battery storage",1842,"megawatthours"
"2026-09-11T02","AZPS","Arizona Public Service Company","COL","Coal",1013,"megawatthours"
"2026-09-11T02","AZPS","Arizona Public Service Company","NG","Natural Gas",1734,"megawatthours"
"2026-09-11T02","AZPS","Arizona Public Service Company","NUC","Nuclear",0,"megawatthours"
"2026-09-11T02","AZPS","Arizona Public Service Company","OIL","Petroleum",0,"megawatthours"
"2026-09-11T02","AZPS","Arizona Public Service Company","OTH","Other",28,"megawatthours"
"2026-09-11T02","AZPS","Arizona Public Service Company","SUN","Solar",278,"megawatthours"
"2026-09-11T02","AZPS","Arizona Public Service Company","UES","Unknown energy storage",-18,"megawatthours"
"2026-09-11T02","AZPS","Arizona Public Service Company","WAT","Hydro",0,"megawatthours"
"2026-09-11T02","AZPS","Arizona Public Service Company","WND","Wind",38,"megawatthours"
"2026-09-11T02","BANC","Balancing Authority of Northern California","NG","Natural Gas",1720,"megawatthours"
"2026-09-11T02","BANC","Balancing Authority of Northern California","OTH","Other",12,"megawatthours"
"2026-09-11T02","BANC","Balancing Authority of Northern California","SUN","Solar",49,"megawatthours"
"2026-09-11T02","BANC","Balancing Authority of Northern California","WAT","Hydro",1266,"megawatthours"
"2026-09-11T02","BHBA","Black Hills Energy","COL","Coal",730,"megawatthours"
"2026-09-11T02","BHBA","Black Hills Energy","NG","Natural Gas",260,"megawatthours"
"2026-09-11T02","BHBA","Black Hills Energy","OIL","Petroleum",0,"megawatthours"
"2026-09-11T02","BHBA","Black Hills Energy","SUN","Solar",0,"megawatthours"
"2026-09-11T02","BHBA","Black Hills Energy","WAT","Hydro",2,"megawatthours"
"2026-09-11T02","BHBA","Black Hills Energy","WND","Wind",28,"megawatthours"
"2026-09-11T02","BPAT","Bonneville Power Administration","NG","Natural Gas",1022,"megawatthours"
"2026-09-11T02","BPAT","Bonneville Power Administration","NUC","Nuclear",1140,"megawatthours"
"2026-09-11T02","BPAT","Bonneville Power Administration","OTH","Other",100,"megawatthours"
"2026-09-11T02","BPAT","Bonneville Power Administration","SNB","Solar with integrated battery storage",12,"megawatthours"
"2026-09-11T02","BPAT","Bonneville Power Administration","SUN","Solar",35,"megawatthours"
"2026-09-11T02","BPAT","Bonneville Power Administration","WAT","Hydro",6305,"megawatthours"
"2026-09-11T02","BPAT","Bonneville Power Administration","WND","Wind",1853,"megawatthours"
"2026-09-11T02","CAL","California","BAT","Battery storage",0,"megawatthours"
"2026-09-11T02","CAL","California","COL","Coal",0,"megawatthours"
"2026-09-11T02","CAL","California","GEO","Geothermal",1186,"megawatthours"
"2026-09-11T02","CAL","California","NG","Natural Gas",22764,"megawatthours"
"2026-09-11T02","CAL","California","NUC","Nuclear",2225,"megawatthours"
"2026-09-11T02","CAL","California","OIL","Petroleum",18,"megawatthours"
"2026-09-11T02","CAL","California","OTH","Other",7614,"megawatthours"
"2026-09-11T02","CAL","California","PS","Pumped storage",556,"megawatthours"
"2026-09-11T02","CAL","California","SNB","Solar with integrated battery storage",326,"megawatthours"
"2026-09-11T02","CAL","California","SUN","Solar",2674,"megawatthours"
"2026-09-11T02","CAL","California","WAT","Hydro",5553,"megawatthours"
"2026-09-11T02","CAL","California","WND","Wind",5129,"megawatthours"
"2026-09-11T02","CAR","Carolinas","BAT","Battery storage",9,"megawatthours"
"2026-09-11T02","CAR","Carolinas","COL","Coal",8727,"megawatthours"
"2026-09-11T02","CAR","Carolinas","NG","Natural Gas",11286,"megawatthours"
"2026-09-11T02","CAR","Carolinas","NUC","Nuclear",10575,"megawatthours"
"2026-09-11T02","CAR","Carolinas","OIL","Petroleum",0,"megawatthours"
"2026-09-11T02","CAR","Carolinas","OTH","Other",1287,"megawatthours"
"2026-09-11T02","CAR","Carolinas","PS","Pumped storage",466,"megawatthours"
"2026-09-11T02","CAR","Carolinas","SNB","Solar with integrated battery storage",-3,"megawatthours"
"2026-09-11T02","CAR","Carolinas","SUN","Solar",28,"megawatthours"
"2026-09-11T02","CAR","Carolinas","WAT","Hydro",464,"megawatthours"
"2026-09-11T02","CENT","Central","BAT","Battery storage",42,"megawatthours"
"2026-09-11T02","CENT","Central","COL","Coal",14709,"megawatthours"
"2026-09-11T02","CENT","Central","NG","Natural Gas",17115,"megawatthours"
"2026-09-11T02","CENT","Central","NUC","Nuclear",1859,"megawatthours"
"2026-09-11T02","CENT","Central","OIL","Petroleum",0,"megawatthours"
"2026-09-11T02","CENT","Central","OTH","Other",35,"megawatthours"
"2026-09-11T02","CENT","Central","SUN","Solar",0,"megawatthours"
"2026-09-11T02","CENT","Central","WAT","Hydro",1069,"megawatthours"
"2026-09-11T02","CENT","Central","WND","Wind",9307,"megawatthours"
"2026-09-11T02","CHPD","Public Utility District No. 1 of Chelan County","WAT","Hydro",840,"megawatthours"
"2026-09-11T02","CHPD","Public Utility District No. 1 of Chelan County","WND","Wind",1,"megawatthours"
"2026-09-11T02","CISO","California Independent System Operator","COL","Coal",0,"megawatthours"
"2026-09-11T02","CISO","California Independent System Operator","GEO","Geothermal",789,"megawatthours"
"2026-09-11T02","CISO","California Independent System Operator","NG","Natural Gas",18075,"megawatthours"
"2026-09-11T02","CISO","California Independent System Operator","NUC","Nuclear",2225,"megawatthours"
"2026-09-11T02","CISO","California Independent System Operator","OIL","Petroleum",18,"megawatthours"
"2026-09-11T02","CISO","California Independent System Operator","OTH","Other",7345,"megawatthours"
"2026-09-11T02","CISO","California Independent System Operator","SUN","Solar",2537,"megawatthours"
"2026-09-11T02","CISO","California Independent System Operator","WAT","Hydro",3885,"megawatthours"
"2026-09-11T02","CISO","California Independent System Operator","WND","Wind",4982,"megawatthours"
"2026-09-11T02","CPLE","Duke Energy Progress East","BAT","Battery storage",-1,"megawatthours"
"2026-09-11T02","CPLE","Duke Energy Progress East","COL","Coal",2178,"megawatthours"
"2026-09-11T02","CPLE","Duke Energy Progress East","NG","Natural Gas",2233,"megawatthours"
"2026-09-11T02","CPLE","Duke Energy Progress East","NUC","Nuclear",3570,"megawatthours"
"2026-09-11T02","CPLE","Duke Energy Progress East","OIL","Petroleum",0,"megawatthours"
"2026-09-11T02","CPLE","Duke Energy Progress East","OTH","Other",1050,"megawatthours"
"2026-09-11T02","CPLE","Duke Energy Progress East","SNB","Solar with integrated battery storage",-3,"megawatthours"
"2026-09-11T02","CPLE","Duke Energy Progress East","SUN","Solar",0,"megawatthours"
"2026-09-11T02","CPLE","Duke Energy Progress East","WAT","Hydro",4,"megawatthours"
"2026-09-11T02","CPLW","Duke Energy Progress West","BAT","Battery storage",0,"megawatthours"
"2026-09-11T02","CPLW","Duke Energy Progress West","NG","Natural Gas",401,"megawatthours"
"2026-09-11T02","CPLW","Duke Energy Progress West","OTH","Other",171,"megawatthours"
"2026-09-11T02","CPLW","Duke Energy Progress West","SUN","Solar",0,"megawatthours"
"2026-09-11T02","CPLW","Duke Energy Progress West","WAT","Hydro",4,"megawatthours"
"2026-09-11T02","DEAA","Arlington Valley, LLC","NG","Natural Gas",536,"megawatthours"
"2026-09-11T02","DOPD","PUD No. 1 of Douglas County","WAT","Hydro",387,"megawatthours"
"2026-09-11T02","DUK","Duke Energy Carolinas","BAT","Battery storage",10,"megawatthours"
"2026-09-11T02","DUK","Duke Energy Carolinas","COL","Coal",4380,"megawatthours"
"2026-09-11T02","DUK","Duke Energy Carolinas","NG","Natural Gas",5409,"megawatthours"
"2026-09-11T02","DUK","Duke Energy Carolinas","NUC","Nuclear",6037,"megawatthours"
"2026-09-11T02","DUK","Duke Energy Carolinas","OTH","Other",-1,"megawatthours"
"2026-09-11T02","DUK","Duke Energy Carolinas","PS","Pumped storage",466,"megawatthours"
"2026-09-11T02","DUK","Duke Energy Carolinas","SUN","Solar",-1,"megawatthours"
"2026-09-11T02","DUK","Duke Energy Carolinas","WAT","Hydro",55,"megawatthours"
"2026-09-11T02","EPE","El Paso Electric Company","NG","Natural Gas",711,"megawatthours"
"2026-09-11T02","EPE","El Paso Electric Company","SNB","Solar with integrated battery storage",49,"megawatthours"
"2026-09-11T02","EPE","El Paso Electric Company","SUN","Solar",142,"megawatthours"
"2026-09-11T02","ERCO","Electric Reliability Council of Texas, Inc.","BAT","Battery storage",4124,"megawatthours"
"2026-09-11T02","ERCO","Electric Reliability Council of Texas, Inc.","COL","Coal",9754,"megawatthours"
"2026-09-11T02","ERCO","Electric Reliability Council of Texas, Inc.","NG","Natural Gas",41536,"megawatthours"
"2026-09-11T02","ERCO","Electric Reliability Council of Texas, Inc.","NUC","Nuclear",4957,"megawatthours"
"2026-09-11T02","ERCO","Electric Reliability Council of Texas, Inc.","OTH","Other",51,"megawatthours"
"2026-09-11T02","ERCO","Electric Reliability Council of Texas, Inc.","SUN","Solar",6,"megawatthours"
"2026-09-11T02","ERCO","Electric Reliability Council of Texas, Inc.","WAT","Hydro",59,"megawatthours"
"2026-09-11T02","ERCO","Electric Reliability Council of Texas, Inc.","WND","Wind",14567,"megawatthours"
"2026-09-11T02","FLA","Florida","BAT","Battery storage",-1,"megawatthours"
"2026-09-11T02","FLA","Florida","COL","Coal",3417,"megawatthours"
"2026-09-11T02","FLA","Florida","NG","Natural Gas",29976,"megawatthours"
"2026-09-11T02","FLA","Florida","NUC","Nuclear",3833,"megawatthours"
"2026-09-11T02","FLA","Florida","OIL","Petroleum",0,"megawatthours"
"2026-09-11T02","FLA","Florida","OTH","Other",601,"megawatthours"
"2026-09-11T02","FLA","Florida","SNB","Solar with integrated battery storage",0,"megawatthours"
"2026-09-11T02","FLA","Florida","SUN","Solar",0,"megawatthours"
"2026-09-11T02","FLA","Florida","WAT","Hydro",14,"megawatthours"
"2026-09-11T02","FMPP","Florida Municipal Power Pool","COL","Coal",945,"megawatthours"
"2026-09-11T02","FMPP","Florida Municipal Power Pool","NG","Natural Gas",1840,"megawatthours"
"2026-09-11T02","FMPP","Florida Municipal Power Pool","NUC","Nuclear",132,"megawatthours"
"2026-09-11T02","FMPP","Florida Municipal Power Pool","OIL","Petroleum",0,"megawatthours"
"2026-09-11T02","FMPP","Florida Municipal Power Pool","OTH","Other",13,"megawatthours"
"2026-09-11T02","FMPP","Florida Municipal Power Pool","SUN","Solar",0,"megawatthours"
"2026-09-11T02","FPC","Duke Energy Florida, Inc.","COL","Coal",1306,"megawatthours"
"2026-09-11T02","FPC","Duke Energy Florida, Inc.","NG","Natural Gas",6080,"megawatthours"
"2026-09-11T02","FPC","Duke Energy Florida, Inc.","OIL","Petroleum",0,"megawatthours"
"2026-09-11T02","FPC","Duke Energy Florida, Inc.","OTH","Other",51,"megawatthours"
"2026-09-11T02","FPC","Duke Energy Florida, Inc.","SUN","Solar",0,"megawatthours"
"2026-09-11T02","FPC","Duke Energy Florida, Inc.","WAT","Hydro",14,"megawatthours"
"2026-09-11T02","FPL","Florida Power & Light Co.","BAT","Battery storage",-1,"megawatthours"
"2026-09-11T02","FPL","Florida Power & Light Co.","NG","Natural Gas",16306,"megawatthours"
"2026-09-11T02","FPL","Florida Power & Light Co.","NUC","Nuclear",3701,"megawatthours"
"2026-09-11T02","FPL","Florida Power & Light Co.","OIL","Petroleum",0,"megawatthours"
"2026-09-11T02","FPL","Florida Power & Light Co.","OTH","Other",444,"megawatthours"
"2026-09-11T02","FPL","Florida Power & Light Co.","SNB","Solar with integrated battery storage",0,"megawatthours"
"2026-09-11T02","FPL","Florida Power & Light Co.","SUN","Solar",0,"megawatthours"
"2026-09-11T02","GCPD","Public Utility District No. 2 of Grant County, Washington","WAT","Hydro",883,"megawatthours"
"2026-09-11T02","GRID","Gridforce Energy Management, LLC","COL","Coal",0,"megawatthours"
"2026-09-11T02","GRID","Gridforce Energy Management, LLC","NG","Natural Gas",1753,"megawatthours"
"2026-09-11T02","GRID","Gridforce Energy Management, LLC","SUN","Solar",9,"megawatthours"
"2026-09-11T02","GRID","Gridforce Energy Management, LLC","WND","Wind",212,"megawatthours"
"2026-09-11T02","GVL","Gainesville Regional Utilities","COL","Coal",0,"megawatthours"
"2026-09-11T02","GVL","Gainesville Regional Utilities","NG","Natural Gas",172,"megawatthours"
"2026-09-11T02","GVL","Gainesville Regional Utilities","OTH","Other",50,"megawatthours"
"2026-09-11T02","GWA","NaturEner Power Watch, LLC","WND","Wind",86,"megawatthours"
"2026-09-11T02","HST","City of Homestead","NG","Natural Gas",0,"megawatthours"
"2026-09-11T02","IID","Imperial Irrigation District","BAT","Battery storage",0,"megawatthours"
"2026-09-11T02","IID","Imperial Irrigation District","GEO","Geothermal",397,"megawatthours"
"2026-09-11T02","IID","Imperial Irrigation District","NG","Natural Gas",152,"megawatthours"
"2026-09-11T02","IID","Imperial Irrigation District","OIL","Petroleum",0,"megawatthours"
"2026-09-11T02","IID","Imperial Irrigation District","SNB","Solar with integrated battery storage",0,"megawatthours"
"2026-09-11T02","IID","Imperial Irrigation District","SUN","Solar",24,"megawatthours"
"2026-09-11T02","IID","Imperial Irrigation District","WAT","Hydro",17,"megawatthours"
"2026-09-11T02","IPCO","Idaho Power Company","BAT","Battery storage",79,"megawatthours"
"2026-09-11T02","IPCO","Idaho Power Company","GEO","Geothermal",20,"megawatthours"
"2026-09-11T02","IPCO","Idaho Power Company","NG","Natural Gas",644,"megawatthours"
"2026-09-11T02","IPCO","Idaho Power Company","OIL","Petroleum",0,"megawatthours"
"2026-09-11T02","IPCO","Idaho Power Company","OTH","Other",30,"megawatthours"
"2026-09-11T02","IPCO","Idaho Power Company","SUN","Solar",81,"megawatthours"
"2026-09-11T02","IPCO","Idaho Power Company","WAT","Hydro",1210,"megawatthours"
"2026-09-11T02","IPCO","Idaho Power Company","WND","Wind",157,"megawatthours"
"2026-09-11T02","ISNE","ISO New England","BAT","Battery storage",101,"megawatthours"
"2026-09-11T02","ISNE","ISO New England","NG","Natural Gas",8968,"megawatthours"
"2026-09-11T02","ISNE","ISO New England","NUC","Nuclear",3533,"megawatthours"
"2026-09-11T02","ISNE","ISO New England","OTH","Other",637,"megawatthours"
"2026-09-11T02","ISNE","ISO New England","PS","Pumped storage",280,"megawatthours"
"2026-09-11T02","ISNE","ISO New England","SNB","Solar with integrated battery storage",0,"megawatthours"
"2026-09-11T02","ISNE","ISO New England","SUN","Solar",9,"megawatthours"
"2026-09-11T02","ISNE","ISO New England","WAT","Hydro",276,"megawatthours"
"2026-09-11T02","ISNE","ISO New England","WND","Wind",1994,"megawatthours"
"2026-09-11T02","JEA","JEA","COL","Coal",584,"megawatthours"
"2026-09-11T02","JEA","JEA","NG","Natural Gas",801,"megawatthours"
"2026-09-11T02","JEA","JEA","OIL","Petroleum",0,"megawatthours"
"2026-09-11T02","JEA","JEA","OTH","Other",2,"megawatthours"
"2026-09-11T02","JEA","JEA","SUN","Solar",0,"megawatthours"
"2026-09-11T02","LDWP","Los Angeles Department of Water and Power","BAT","Battery storage",0,"megawatthours"
"2026-09-11T02","LDWP","Los Angeles Department of Water and Power","NG","Natural Gas",2453,"megawatthours"
"2026-09-11T02","LDWP","Los Angeles Department of Water and Power","OTH","Other",257,"megawatthours"
"2026-09-11T02","LDWP","Los Angeles Department of Water and Power","PS","Pumped storage",556,"megawatthours"
"2026-09-11T02","LDWP","Los Angeles Department of Water and Power","SNB","Solar with integrated battery storage",326,"megawatthours"
"2026-09-11T02","LDWP","Los Angeles Department of Water and Power","SUN","Solar",64,"megawatthours"
"2026-09-11T02","LDWP","Los Angeles Department of Water and Power","WAT","Hydro",299,"megawatthours"
"2026-09-11T02","LDWP","Los Angeles Department of Water and Power","WND","Wind",147,"megawatthours"
"2026-09-11T02","LGEE","LG&E and KU Services Company as agent for Louisville Gas and Electric Company and Kentucky Utilities Company","COL","Coal",4442,"megawatthours"
"2026-09-11T02","LGEE","LG&E and KU Services Company as agent for Louisville Gas and Electric Company and Kentucky Utilities Company","NG","Natural Gas",674,"megawatthours"
"2026-09-11T02","LGEE","LG&E and KU Services Company as agent for Louisville Gas and Electric Company and Kentucky Utilities Company","OIL","Petroleum",0,"megawatthours"
"2026-09-11T02","LGEE","LG&E and KU Services Company as agent for Louisville Gas and Electric Company and Kentucky Utilities Company","SUN","Solar",0,"megawatthours"
"2026-09-11T02","LGEE","LG&E and KU Services Company as agent for Louisville Gas and Electric Company and Kentucky Utilities Company","WAT","Hydro",51,"megawatthours"
"2026-09-11T02","MIDA","Mid-Atlantic","COL","Coal",25430,"megawatthours"
"2026-09-11T02","MIDA","Mid-Atlantic","NG","Natural Gas",59236,"megawatthours"
"2026-09-11T02","MIDA","Mid-Atlantic","NUC","Nuclear",30956,"megawatthours"
"2026-09-11T02","MIDA","Mid-Atlantic","OIL","Petroleum",1989,"megawatthours"
"2026-09-11T02","MIDA","Mid-Atlantic","OTH","Other",3970,"megawatthours"
"2026-09-11T02","MIDA","Mid-Atlantic","SUN","Solar",25,"megawatthours"
"2026-09-11T02","MIDA","Mid-Atlantic","WAT","Hydro",3036,"megawatthours"
"2026-09-11T02","MIDA","Mid-Atlantic","WND","Wind",905,"megawatthours"
"2026-09-11T02","MIDW","Midwest","BAT","Battery storage",11,"megawatthours"
"2026-09-11T02","MIDW","Midwest","COL","Coal",32928,"megawatthours"
"2026-09-11T02","MIDW","Midwest","NG","Natural Gas",42291,"megawatthours"
"2026-09-11T02","MIDW","Midwest","NUC","Nuclear",11689,"megawatthours"
"2026-09-11T02","MIDW","Midwest","OIL","Petroleum",0,"megawatthours"
"2026-09-11T02","MIDW","Midwest","OTH","Other",518,"megawatthours"
"2026-09-11T02","MIDW","Midwest","SUN","Solar",4,"megawatthours"
"2026-09-11T02","MIDW","Midwest","WAT","Hydro",1963,"megawatthours"
"2026-09-11T02","MIDW","Midwest","WND","Wind",7832,"megawatthours"
"2026-09-11T02","MISO","Midcontinent Independent System Operator, Inc.","BAT","Battery storage",11,"megawatthours"
"2026-09-11T02","MISO","Midcontinent Independent System Operator, Inc.","COL","Coal",27528,"megawatthours"
"2026-09-11T02","MISO","Midcontinent Independent System Operator, Inc.","NG","Natural Gas",40007,"megawatthours"
"2026-09-11T02","MISO","Midcontinent Independent System Operator, Inc.","NUC","Nuclear",11689,"megawatthours"
"2026-09-11T02","MISO","Midcontinent Independent System Operator, Inc.","OTH","Other",518,"megawatthours"
"2026-09-11T02","MISO","Midcontinent Independent System Operator, Inc.","SUN","Solar",4,"megawatthours"
"2026-09-11T02","MISO","Midcontinent Independent System Operator, Inc.","WAT","Hydro",1912,"megawatthours"
"2026-09-11T02","MISO","Midcontinent Independent System Operator, Inc.","WND","Wind",7780,"megawatthours"
"2026-09-11T02","NE","New England","BAT","Battery storage",101,"megawatthours"
"2026-09-11T02","NE","New England","NG","Natural Gas",8968,"megawatthours"
"2026-09-11T02","NE","New England","NUC","Nuclear",3533,"megawatthours"
"2026-09-11T02","NE","New England","OTH","Other",637,"megawatthours"
"2026-09-11T02","NE","New England","PS","Pumped storage",280,"megawatthours"
"2026-09-11T02","NE","New England","SNB","Solar with integrated battery storage",0,"megawatthours"
"2026-09-11T02","NE","New England","SUN","Solar",9,"megawatthours"
"2026-09-11T02","NE","New England","WAT","Hydro",276,"megawatthours"
"2026-09-11T02","NE","New England","WND","Wind",1994,"megawatthours"
"2026-09-11T02","NEVP","Nevada Power Company","COL","Coal",620,"megawatthours"
"2026-09-11T02","NEVP","Nevada Power Company","NG","Natural Gas",4735,"megawatthours"
"2026-09-11T02","NEVP","Nevada Power Company","NUC","Nuclear",0,"megawatthours"
"2026-09-11T02","NEVP","Nevada Power Company","OIL","Petroleum",0,"megawatthours"
"2026-09-11T02","NEVP","Nevada Power Company","OTH","Other",1402,"megawatthours"
"2026-09-11T02","NEVP","Nevada Power Company","SUN","Solar",270,"megawatthours"
"2026-09-11T02","NEVP","Nevada Power Company","WAT","Hydro",150,"megawatthours"
"2026-09-11T02","NEVP","Nevada Power Company","WND","Wind",0,"megawatthours"
"2026-09-11T02","NW","Northwest","BAT","Battery storage",1095,"megawatthours"
"2026-09-11T02","NW","Northwest","COL","Coal",10234,"megawatthours"
"2026-09-11T02","NW","Northwest","GEO","Geothermal",20,"megawatthours"
"2026-09-11T02","NW","Northwest","NG","Natural Gas",16194,"megawatthours"
"2026-09-11T02","NW","Northwest","NUC","Nuclear",1140,"megawatthours"
"2026-09-11T02","NW","Northwest","OIL","Petroleum",196,"megawatthours"
"2026-09-11T02","NW","Northwest","OTH","Other",1865,"megawatthours"
"2026-09-11T02","NW","Northwest","SNB","Solar with integrated battery storage",12,"megawatthours"
"2026-09-11T02","NW","Northwest","SUN","Solar",702,"megawatthours"
"2026-09-11T02","NW","Northwest","WAT","Hydro",13625,"megawatthours"
"2026-09-11T02","NW","Northwest","WND","Wind",11202,"megawatthours"
"2026-09-11T02","NWMT","NorthWestern Corporation","COL","Coal",1412,"megawatthours"
"2026-09-11T02","NWMT","NorthWestern Corporation","NG","Natural Gas",296,"megawatthours"
"2026-09-11T02","NWMT","NorthWestern Corporation","OIL","Petroleum",59,"megawatthours"
"2026-09-11T02","NWMT","NorthWestern Corporation","SUN","Solar",6,"megawatthours"
"2026-09-11T02","NWMT","NorthWestern Corporation","WAT","Hydro",344,"megawatthours"
"2026-09-11T02","NWMT","NorthWestern Corporation","WND","Wind",472,"megawatthours"
"2026-09-11T02","NY","New York","COL","Coal",0,"megawatthours"
"2026-09-11T02","NY","New York","NG","Natural Gas",10915,"megawatthours"
"2026-09-11T02","NY","New York","NUC","Nuclear",3144,"megawatthours"
"2026-09-11T02","NY","New York","OIL","Petroleum",0,"megawatthours"
"2026-09-11T02","NY","New York","OTH","Other",253,"megawatthours"
"2026-09-11T02","NY","New York","SUN","Solar",0,"megawatthours"
"2026-09-11T02","NY","New York","WAT","Hydro",3198,"megawatthours"
"2026-09-11T02","NY","New York","WND","Wind",631,"megawatthours"
"2026-09-11T02","NYIS","New York Independent System Operator","COL","Coal",0,"megawatthours"
"2026-09-11T02","NYIS","New York Independent System Operator","NG","Natural Gas",10915,"megawatthours"
"2026-09-11T02","NYIS","New York Independent System Operator","NUC","Nuclear",3144,"megawatthours"
"2026-09-11T02","NYIS","New York Independent System Operator","OIL","Petroleum",0,"megawatthours"
"2026-09-11T02","NYIS","New York Independent System Operator","OTH","Other",253,"megawatthours"
"2026-09-11T02","NYIS","New York Independent System Operator","SUN","Solar",0,"megawatthours"
"2026-09-11T02","NYIS","New York Independent System Operator","WAT","Hydro",3198,"megawatthours"
"2026-09-11T02","NYIS","New York Independent System Operator","WND","Wind",631,"megawatthours"
"2026-09-11T02","PACE","PacifiCorp East","COL","Coal",4036,"megawatthours"
"2026-09-11T02","PACE","PacifiCorp East","NG","Natural Gas",2054,"megawatthours"
"2026-09-11T02","PACE","PacifiCorp East","OTH","Other",134,"megawatthours"
"2026-09-11T02","PACE","PacifiCorp East","SUN","Solar",167,"megawatthours"
"2026-09-11T02","PACE","PacifiCorp East","WAT","Hydro",110,"megawatthours"
"2026-09-11T02","PACE","PacifiCorp East","WND","Wind",2184,"megawatthours"
"2026-09-11T02","PACW","PacifiCorp West","NG","Natural Gas",422,"megawatthours"
"2026-09-11T02","PACW","PacifiCorp West","OTH","Other",34,"megawatthours"
"2026-09-11T02","PACW","PacifiCorp West","SUN","Solar",76,"megawatthours"
"2026-09-11T02","PACW","PacifiCorp West","WAT","Hydro",301,"megawatthours"
"2026-09-11T02","PACW","PacifiCorp West","WND","Wind",344,"megawatthours"
"2026-09-11T02","PGE","Portland General Electric Company","BAT","Battery storage",407,"megawatthours"
"2026-09-11T02","PGE","Portland General Electric Company","COL","Coal",0,"megawatthours"
"2026-09-11T02","PGE","Portland General Electric Company","NG","Natural Gas",632,"megawatthours"
"2026-09-11T02","PGE","Portland General Electric Company","OTH","Other",0,"megawatthours"
"2026-09-11T02","PGE","Portland General Electric Company","WAT","Hydro",182,"megawatthours"
"2026-09-11T02","PGE","Portland General Electric Company","WND","Wind",0,"megawatthours"
"2026-09-11T02","PJM","PJM Interconnection, LLC","COL","Coal",25430,"megawatthours"
"2026-09-11T02","PJM","PJM Interconnection, LLC","NG","Natural Gas",59236,"megawatthours"
"2026-09-11T02","PJM","PJM Interconnection, LLC","NUC","Nuclear",30956,"megawatthours"
"2026-09-11T02","PJM","PJM Interconnection, LLC","OIL","Petroleum",1989,"megawatthours"
"2026-09-11T02","PJM","PJM Interconnection, LLC","OTH","Other",3970,"megawatthours"
"2026-09-11T02","PJM","PJM Interconnection, LLC","SUN","Solar",25,"megawatthours"
"2026-09-11T02","PJM","PJM Interconnection, LLC","WAT","Hydro",3036,"megawatthours"
"2026-09-11T02","PJM","PJM Interconnection, LLC","WND","Wind",905,"megawatthours"
"2026-09-11T02","PNM","Public Service Company of New Mexico","BAT","Battery storage",913,"megawatthours"
"2026-09-11T02","PNM","Public Service Company of New Mexico","COL","Coal",394,"megawatthours"
"2026-09-11T02","PNM","Public Service Company of New Mexico","GEO","Geothermal",6,"megawatthours"
"2026-09-11T02","PNM","Public Service Company of New Mexico","NG","Natural Gas",942,"megawatthours"
"2026-09-11T02","PNM","Public Service Company of New Mexico","SUN","Solar",11,"megawatthours"
"2026-09-11T02","PNM","Public Service Company of New Mexico","WAT","Hydro",0,"megawatthours"
"2026-09-11T02","PNM","Public Service Company of New Mexico","WND","Wind",240,"megawatthours"
"2026-09-11T02","PSCO","Public Service Company of Colorado","BAT","Battery storage",551,"megawatthours"
"2026-09-11T02","PSCO","Public Service Company of Colorado","COL","Coal",2227,"megawatthours"
"2026-09-11T02","PSCO","Public Service Company of Colorado","NG","Natural Gas",1686,"megawatthours"
"2026-09-11T02","PSCO","Public Service Company of Colorado","OIL","Petroleum",0,"megawatthours"
"2026-09-11T02","PSCO","Public Service Company of Colorado","SUN","Solar",49,"megawatthours"
"2026-09-11T02","PSCO","Public Service Company of Colorado","WAT","Hydro",4,"megawatthours"
"2026-09-11T02","PSCO","Public Service Company of Colorado","WND","Wind",3507,"megawatthours"
"2026-09-11T02","PSEI","Puget Sound Energy, Inc.","COL","Coal",0,"megawatthours"
"2026-09-11T02","PSEI","Puget Sound Energy, Inc.","NG","Natural Gas",608,"megawatthours"
"2026-09-11T02","PSEI","Puget Sound Energy, Inc.","OIL","Petroleum",0,"megawatthours"
"2026-09-11T02","PSEI","Puget Sound Energy, Inc.","OTH","Other",25,"megawatthours"
"2026-09-11T02","PSEI","Puget Sound Energy, Inc.","SUN","Solar",0,"megawatthours"
"2026-09-11T02","PSEI","Puget Sound Energy, Inc.","WAT","Hydro",127,"megawatthours"
"2026-09-11T02","PSEI","Puget Sound Energy, Inc.","WND","Wind",343,"megawatthours"
"2026-09-11T02","SC","South Carolina Public Service Authority","COL","Coal",1844,"megawatthours"
"2026-09-11T02","SC","South Carolina Public Service Authority","NG","Natural Gas",894,"megawatthours"
"2026-09-11T02","SC","South Carolina Public Service Authority","OIL","Petroleum",0,"megawatthours"
"2026-09-11T02","SC","South Carolina Public Service Authority","OTH","Other",67,"megawatthours"
"2026-09-11T02","SC","South Carolina Public Service Authority","SUN","Solar",-2,"megawatthours"
"2026-09-11T02","SC","South Carolina Public Service Authority","WAT","Hydro",0,"megawatthours"
"2026-09-11T02","SCEG","Dominion Energy South Carolina, Inc.","COL","Coal",325,"megawatthours"
"2026-09-11T02","SCEG","Dominion Energy South Carolina, Inc.","NG","Natural Gas",2349,"megawatthours"
"2026-09-11T02","SCEG","Dominion Energy South Carolina, Inc.","NUC","Nuclear",968,"megawatthours"
"2026-09-11T02","SCEG","Dominion Energy South Carolina, Inc.","OTH","Other",0,"megawatthours"
"2026-09-11T02","SCEG","Dominion Energy South Carolina, Inc.","SUN","Solar",31,"megawatthours"
"2026-09-11T02","SCEG","Dominion Energy South Carolina, Inc.","WAT","Hydro",261,"megawatthours"
"2026-09-11T02","SCL","Seattle City Light","WAT","Hydro",740,"megawatthours"
"2026-09-11T02","SE","Southeast","BAT","Battery storage",12,"megawatthours"
"2026-09-11T02","SE","Southeast","COL","Coal",8262,"megawatthours"
"2026-09-11T02","SE","Southeast","NG","Natural Gas",21153,"megawatthours"
"2026-09-11T02","SE","Southeast","NUC","Nuclear",7788,"megawatthours"
"2026-09-11T02","SE","Southeast","OES","Other energy storage",0,"megawatthours"
"2026-09-11T02","SE","Southeast","OIL","Petroleum",0,"megawatthours"
"2026-09-11T02","SE","Southeast","OTH","Other",0,"megawatthours"
"2026-09-11T02","SE","Southeast","PS","Pumped storage",605,"megawatthours"
"2026-09-11T02","SE","Southeast","SNB","Solar with integrated battery storage",1,"megawatthours"
"2026-09-11T02","SE","Southeast","SUN","Solar",0,"megawatthours"
"2026-09-11T02","SE","Southeast","WAT","Hydro",471,"megawatthours"
"2026-09-11T02","SE","Southeast","WND","Wind",0,"megawatthours"
"2026-09-11T02","SEC","Seminole Electric Cooperative","COL","Coal",582,"megawatthours"
"2026-09-11T02","SEC","Seminole Electric Cooperative","NG","Natural Gas",1553,"megawatthours"
"2026-09-11T02","SEC","Seminole Electric Cooperative","SUN","Solar",0,"megawatthours"
"2026-09-11T02","SEPA","Southeastern Power Administration","WAT","Hydro",0,"megawatthours"
"2026-09-11T02","SIKE","Sikeston Board of Municipal Utilities","COL","Coal",31,"megawatthours"
"2026-09-11T02","SOCO","Southern Company Services, Inc. - Trans","BAT","Battery storage",12,"megawatthours"
"2026-09-11T02","SOCO","Southern Company Services, Inc. - Trans","COL","Coal",8262,"megawatthours"
"2026-09-11T02","SOCO","Southern Company Services, Inc. - Trans","NG","Natural Gas",21153,"megawatthours"
"2026-09-11T02","SOCO","Southern Company Services, Inc. - Trans","NUC","Nuclear",7788,"megawatthours"
"2026-09-11T02","SOCO","Southern Company Services, Inc. - Trans","OES","Other energy storage",0,"megawatthours"
"2026-09-11T02","SOCO","Southern Company Services, Inc. - Trans","OIL","Petroleum",0,"megawatthours"
"2026-09-11T02","SOCO","Southern Company Services, Inc. - Trans","OTH","Other",0,"megawatthours"
"2026-09-11T02","SOCO","Southern Company Services, Inc. - Trans","PS","Pumped storage",605,"megawatthours"
"2026-09-11T02","SOCO","Southern Company Services, Inc. - Trans","SNB","Solar with integrated battery storage",1,"megawatthours"
"2026-09-11T02","SOCO","Southern Company Services, Inc. - Trans","SUN","Solar",0,"megawatthours"
"2026-09-11T02","SOCO","Southern Company Services, Inc. - Trans","WAT","Hydro",471,"megawatthours"
"2026-09-11T02","SOCO","Southern Company Services, Inc. - Trans","WND","Wind",0,"megawatthours"
"2026-09-11T02","SRP","Salt River Project Agricultural Improvement and Power District","BAT","Battery storage",715,"megawatthours"
"2026-09-11T02","SRP","Salt River Project Agricultural Improvement and Power District","COL","Coal",1181,"megawatthours"
"2026-09-11T02","SRP","Salt River Project Agricultural Improvement and Power District","NG","Natural Gas",4427,"megawatthours"
"2026-09-11T02","SRP","Salt River Project Agricultural Improvement and Power District","NUC","Nuclear",3908,"megawatthours"
"2026-09-11T02","SRP","Salt River Project Agricultural Improvement and Power District","SNB","Solar with integrated battery storage",284,"megawatthours"
"2026-09-11T02","SRP","Salt River Project Agricultural Improvement and Power District","SUN","Solar",462,"megawatthours"
"2026-09-11T02","SRP","Salt River Project Agricultural Improvement and Power District","WAT","Hydro",14,"megawatthours"
"2026-09-11T02","SRP","Salt River Project Agricultural Improvement and Power District","WND","Wind",32,"megawatthours"
"2026-09-11T02","SW","Southwest","BAT","Battery storage",3829,"megawatthours"
"2026-09-11T02","SW","Southwest","COL","Coal",3400,"megawatthours"
"2026-09-11T02","SW","Southwest","GEO","Geothermal",6,"megawatthours"
"2026-09-11T02","SW","Southwest","NG","Natural Gas",10944,"megawatthours"
"2026-09-11T02","SW","Southwest","NUC","Nuclear",3908,"megawatthours"
"2026-09-11T02","SW","Southwest","OIL","Petroleum",0,"megawatthours"
"2026-09-11T02","SW","Southwest","OTH","Other",28,"megawatthours"
"2026-09-11T02","SW","Southwest","SNB","Solar with integrated battery storage",338,"megawatthours"
"2026-09-11T02","SW","Southwest","SUN","Solar",1000,"megawatthours"
"2026-09-11T02","SW","Southwest","UES","Unknown energy storage",-18,"megawatthours"
"2026-09-11T02","SW","Southwest","WAT","Hydro",1062,"megawatthours"
"2026-09-11T02","SW","Southwest","WND","Wind",449,"megawatthours"
"2026-09-11T02","SWPP","Southwest Power Pool","BAT","Battery storage",42,"megawatthours"
"2026-09-11T02","SWPP","Southwest Power Pool","COL","Coal",14709,"megawatthours"
"2026-09-11T02","SWPP","Southwest Power Pool","NG","Natural Gas",17115,"megawatthours"
"2026-09-11T02","SWPP","Southwest Power Pool","NUC","Nuclear",1859,"megawatthours"
"2026-09-11T02","SWPP","Southwest Power Pool","OIL","Petroleum",0,"megawatthours"
"2026-09-11T02","SWPP","Southwest Power Pool","OTH","Other",35,"megawatthours"
"2026-09-11T02","SWPP","Southwest Power Pool","SUN","Solar",0,"megawatthours"
"2026-09-11T02","SWPP","Southwest Power Pool","WAT","Hydro",1069,"megawatthours"
"2026-09-11T02","SWPP","Southwest Power Pool","WND","Wind",9307,"megawatthours"
"2026-09-11T02","SWPW","Southwest Power Pool West Balancing Authority Area","BAT","Battery storage",58,"megawatthours"
"2026-09-11T02","SWPW","Southwest Power Pool West Balancing Authority Area","COL","Coal",1209,"megawatthours"
"2026-09-11T02","SWPW","Southwest Power Pool West Balancing Authority Area","NG","Natural Gas",1182,"megawatthours"
"2026-09-11T02","SWPW","Southwest Power Pool West Balancing Authority Area","NUC","Nuclear",0,"megawatthours"
"2026-09-11T02","SWPW","Southwest Power Pool West Balancing Authority Area","OIL","Petroleum",137,"megawatthours"
"2026-09-11T02","SWPW","Southwest Power Pool West Balancing Authority Area","OTH","Other",18,"megawatthours"
"2026-09-11T02","SWPW","Southwest Power Pool West Balancing Authority Area","SUN","Solar",8,"megawatthours"
"2026-09-11T02","SWPW","Southwest Power Pool West Balancing Authority Area","WAT","Hydro",902,"megawatthours"
"2026-09-11T02","SWPW","Southwest Power Pool West Balancing Authority Area","WND","Wind",426,"megawatthours"
"2026-09-11T02","TAL","City of Tallahassee","NG","Natural Gas",406,"megawatthours"
"2026-09-11T02","TAL","City of Tallahassee","SUN","Solar",0,"megawatthours"
"2026-09-11T02","TAL","City of Tallahassee","WAT","Hydro",0,"megawatthours"
"2026-09-11T02","TEC","Tampa Electric Company","COL","Coal",0,"megawatthours"
"2026-09-11T02","TEC","Tampa Electric Company","NG","Natural Gas",2818,"megawatthours"
"2026-09-11T02","TEC","Tampa Electric Company","OIL","Petroleum",0,"megawatthours"
"2026-09-11T02","TEC","Tampa Electric Company","OTH","Other",41,"megawatthours"
"2026-09-11T02","TEC","Tampa Electric Company","SNB","Solar with integrated battery storage",0,"megawatthours"
"2026-09-11T02","TEC","Tampa Electric Company","SUN","Solar",0,"megawatthours"
"2026-09-11T02","TEN","Tennessee","BAT","Battery storage",0,"megawatthours"
"2026-09-11T02","TEN","Tennessee","COL","Coal",3905,"megawatthours"
"2026-09-11T02","TEN","Tennessee","GEO","Geothermal",0,"megawatthours"
"2026-09-11T02","TEN","Tennessee","NG","Natural Gas",9750,"megawatthours"
"2026-09-11T02","TEN","Tennessee","NUC","Nuclear",7218,"megawatthours"
"2026-09-11T02","TEN","Tennessee","OES","Other energy storage",0,"megawatthours"
"2026-09-11T02","TEN","Tennessee","OIL","Petroleum",0,"megawatthours"
"2026-09-11T02","TEN","Tennessee","OTH","Other",44,"megawatthours"
"2026-09-11T02","TEN","Tennessee","PS","Pumped storage",897,"megawatthours"
"2026-09-11T02","TEN","Tennessee","SNB","Solar with integrated battery storage",45,"megawatthours"
"2026-09-11T02","TEN","Tennessee","SUN","Solar",-6,"megawatthours"
"2026-09-11T02","TEN","Tennessee","UNK","Unknown",0,"megawatthours"
"2026-09-11T02","TEN","Tennessee","WAT","Hydro",1627,"megawatthours"
"2026-09-11T02","TEN","Tennessee","WNB","Wind with integrated battery storage",0,"megawatthours"
"2026-09-11T02","TEN","Tennessee","WND","Wind",0,"megawatthours"
"2026-09-11T02","TEPC","Tucson Electric Power","BAT","Battery storage",359,"megawatthours"
"2026-09-11T02","TEPC","Tucson Electric Power","COL","Coal",812,"megawatthours"
"2026-09-11T02","TEPC","Tucson Electric Power","NG","Natural Gas",1611,"megawatthours"
"2026-09-11T02","TEPC","Tucson Electric Power","SUN","Solar",105,"megawatthours"
"2026-09-11T02","TEPC","Tucson Electric Power","WND","Wind",108,"megawatthours"
"2026-09-11T02","TEX","Texas","BAT","Battery storage",4124,"megawatthours"
"2026-09-11T02","TEX","Texas","COL","Coal",9754,"megawatthours"
"2026-09-11T02","TEX","Texas","NG","Natural Gas",41536,"megawatthours"
"2026-09-11T02","TEX","Texas","NUC","Nuclear",4957,"megawatthours"
"2026-09-11T02","TEX","Texas","OTH","Other",51,"megawatthours"
"2026-09-11T02","TEX","Texas","SUN","Solar",6,"megawatthours"
"2026-09-11T02","TEX","Texas","WAT","Hydro",59,"megawatthours"
"2026-09-11T02","TEX","Texas","WND","Wind",14567,"megawatthours"
"2026-09-11T02","TIDC","Turlock Irrigation District","NG","Natural Gas",364,"megawatthours"
"2026-09-11T02","TIDC","Turlock Irrigation District","WAT","Hydro",86,"megawatthours"
"2026-09-11T02","TPWR","City of Tacoma, Department of Public Utilities, Light Division","WAT","Hydro",327,"megawatthours"
"2026-09-11T02","TVA","Tennessee Valley Authority","BAT","Battery storage",0,"megawatthours"
"2026-09-11T02","TVA","Tennessee Valley Authority","COL","Coal",3905,"megawatthours"
"2026-09-11T02","TVA","Tennessee Valley Authority","GEO","Geothermal",0,"megawatthours"
"2026-09-11T02","TVA","Tennessee Valley Authority","NG","Natural Gas",9750,"megawatthours"
"2026-09-11T02","TVA","Tennessee Valley Authority","NUC","Nuclear",7218,"megawatthours"
"2026-09-11T02","TVA","Tennessee Valley Authority","OES","Other energy storage",0,"megawatthours"
"2026-09-11T02","TVA","Tennessee Valley Authority","OIL","Petroleum",0,"megawatthours"
"2026-09-11T02","TVA","Tennessee Valley Authority","OTH","Other",44,"megawatthours"
"2026-09-11T02","TVA","Tennessee Valley Authority","PS","Pumped storage",897,"megawatthours"
"2026-09-11T02","TVA","Tennessee Valley Authority","SNB","Solar with integrated battery storage",45,"megawatthours"
"2026-09-11T02","TVA","Tennessee Valley Authority","SUN","Solar",-6,"megawatthours"
"2026-09-11T02","TVA","Tennessee Valley Authority","UNK","Unknown",0,"megawatthours"
"2026-09-11T02","TVA","Tennessee Valley Authority","WAT","Hydro",1627,"megawatthours"
"2026-09-11T02","TVA","Tennessee Valley Authority","WNB","Wind with integrated battery storage",0,"megawatthours"
"2026-09-11T02","TVA","Tennessee Valley Authority","WND","Wind",0,"megawatthours"
"2026-09-11T02","US48","United States Lower 48","BAT","Battery storage",9222,"megawatthours"
"2026-09-11T02","US48","United States Lower 48","COL","Coal",120766,"megawatthours"
"2026-09-11T02","US48","United States Lower 48","GEO","Geothermal",1212,"megawatthours"
"2026-09-11T02","US48","United States Lower 48","NG","Natural Gas",302128,"megawatthours"
"2026-09-11T02","US48","United States Lower 48","NUC","Nuclear",92825,"megawatthours"
"2026-09-11T02","US48","United States Lower 48","OES","Other energy storage",0,"megawatthours"
"2026-09-11T02","US48","United States Lower 48","OIL","Petroleum",2203,"megawatthours"
"2026-09-11T02","US48","United States Lower 48","OTH","Other",16903,"megawatthours"
"2026-09-11T02","US48","United States Lower 48","PS","Pumped storage",2804,"megawatthours"
"2026-09-11T02","US48","United States Lower 48","SNB","Solar with integrated battery storage",719,"megawatthours"
"2026-09-11T02","US48","United States Lower 48","SUN","Solar",4442,"megawatthours"
"2026-09-11T02","US48","United States Lower 48","UES","Unknown energy storage",-18,"megawatthours"
"2026-09-11T02","US48","United States Lower 48","UNK","Unknown",0,"megawatthours"
"2026-09-11T02","US48","United States Lower 48","WAT","Hydro",32417,"megawatthours"
"2026-09-11T02","US48","United States Lower 48","WNB","Wind with integrated battery storage",0,"megawatthours"
"2026-09-11T02","US48","United States Lower 48","WND","Wind",52016,"megawatthours"
"2026-09-11T02","WALC","Western Area Power Administration - Desert Southwest Region","NG","Natural Gas",983,"megawatthours"
"2026-09-11T02","WALC","Western Area Power Administration - Desert Southwest Region","SNB","Solar with integrated battery storage",5,"megawatthours"
"2026-09-11T02","WALC","Western Area Power Administration - Desert Southwest Region","SUN","Solar",2,"megawatthours"
"2026-09-11T02","WALC","Western Area Power Administration - Desert Southwest Region","WAT","Hydro",1048,"megawatthours"
"2026-09-11T02","WALC","Western Area Power Administration - Desert Southwest Region","WND","Wind",31,"megawatthours"
"2026-09-11T02","YAD","Alcoa Power Generating, Inc. - Yadkin Division","WAT","Hydro",140,"megawatthours"
"2026-09-11T01","AECI","Associated Electric Cooperative, Inc.","COL","Coal",889,"megawatthours"
"2026-09-11T01","AECI","Associated Electric Cooperative, Inc.","NG","Natural Gas",1617,"megawatthours"
"2026-09-11T01","AECI","Associated Electric Cooperative, Inc.","WND","Wind",20,"megawatthours"
"2026-09-11T01","AVA","Avista Corporation","NG","Natural Gas",395,"megawatthours"
"2026-09-11T01","AVA","Avista Corporation","OTH","Other",117,"megawatthours"
"2026-09-11T01","AVA","Avista Corporation","SUN","Solar",3,"megawatthours"
"2026-09-11T01","AVA","Avista Corporation","WAT","Hydro",694,"megawatthours"
"2026-09-11T01","AVA","Avista Corporation","WND","Wind",214,"megawatthours"
"2026-09-11T01","AVRN","Avangrid Renewables, LLC","NG","Natural Gas",500,"megawatthours"
"2026-09-11T01","AVRN","Avangrid Renewables, LLC","SUN","Solar",0,"megawatthours"
"2026-09-11T01","AVRN","Avangrid Renewables, LLC","WAT","Hydro",0,"megawatthours"
"2026-09-11T01","AVRN","Avangrid Renewables, LLC","WND","Wind",1562,"megawatthours"
"2026-09-11T01","AZPS","Arizona Public Service Company","BAT","Battery storage",1089,"megawatthours"
"2026-09-11T01","AZPS","Arizona Public Service Company","COL","Coal",1013,"megawatthours"
"2026-09-11T01","AZPS","Arizona Public Service Company","NG","Natural Gas",1745,"megawatthours"
"2026-09-11T01","AZPS","Arizona Public Service Company","NUC","Nuclear",0,"megawatthours"
"2026-09-11T01","AZPS","Arizona Public Service Company","OIL","Petroleum",0,"megawatthours"
"2026-09-11T01","AZPS","Arizona Public Service Company","OTH","Other",28,"megawatthours"
"2026-09-11T01","AZPS","Arizona Public Service Company","SUN","Solar",881,"megawatthours"
"2026-09-11T01","AZPS","Arizona Public Service Company","UES","Unknown energy storage",-19,"megawatthours"
"2026-09-11T01","AZPS","Arizona Public Service Company","WAT","Hydro",0,"megawatthours"
"2026-09-11T01","AZPS","Arizona Public Service Company","WND","Wind",63,"megawatthours"
"2026-09-11T01","BANC","Balancing Authority of Northern California","NG","Natural Gas",1690,"megawatthours"
"2026-09-11T01","BANC","Balancing Authority of Northern California","OTH","Other",11,"megawatthours"
"2026-09-11T01","BANC","Balancing Authority of Northern California","SUN","Solar",149,"megawatthours"
"2026-09-11T01","BANC","Balancing Authority of Northern California","WAT","Hydro",1139,"megawatthours"
"2026-09-11T01","BHBA","Black Hills Energy","COL","Coal",726,"megawatthours"
"2026-09-11T01","BHBA","Black Hills Energy","NG","Natural Gas",208,"megawatthours"
"2026-09-11T01","BHBA","Black Hills Energy","OIL","Petroleum",0,"megawatthours"
"2026-09-11T01","BHBA","Black Hills Energy","SUN","Solar",44,"megawatthours"
"2026-09-11T01","BHBA","Black Hills Energy","WAT","Hydro",2,"megawatthours"
"2026-09-11T01","BHBA","Black Hills Energy","WND","Wind",36,"megawatthours"
"2026-09-11T01","BPAT","Bonneville Power Administration","NG","Natural Gas",1016,"megawatthours"
"2026-09-11T01","BPAT","Bonneville Power Administration","NUC","Nuclear",1119,"megawatthours"
"2026-09-11T01","BPAT","Bonneville Power Administration","OTH","Other",99,"megawatthours"
"2026-09-11T01","BPAT","Bonneville Power Administration","SNB","Solar with integrated battery storage",8,"megawatthours"
"2026-09-11T01","BPAT","Bonneville Power Administration","SUN","Solar",133,"megawatthours"
"2026-09-11T01","BPAT","Bonneville Power Administration","WAT","Hydro",6148,"megawatthours"
"2026-09-11T01","BPAT","Bonneville Power Administration","WND","Wind",1938,"megawatthours"
"2026-09-11T01","CAL","California","BAT","Battery storage",-1,"megawatthours"
"2026-09-11T01","CAL","California","COL","Coal",0,"megawatthours"
"2026-09-11T01","CAL","California","GEO","Geothermal",1153,"megawatthours"
"2026-09-11T01","CAL","California","NG","Natural Gas",21945,"megawatthours"
"2026-09-11T01","CAL","California","NUC","Nuclear",2225,"megawatthours"
"2026-09-11T01","CAL","California","OIL","Petroleum",18,"megawatthours"
"2026-09-11T01","CAL","California","OTH","Other",1824,"megawatthours"
"2026-09-11T01","CAL","California","PS","Pumped storage",558,"megawatthours"
"2026-09-11T01","CAL","California","SNB","Solar with integrated battery storage",408,"megawatthours"
"2026-09-11T01","CAL","California","SUN","Solar",11373,"megawatthours"
"2026-09-11T01","CAL","California","WAT","Hydro",5257,"megawatthours"
"2026-09-11T01","CAL","California","WND","Wind",5129,"megawatthours"
"2026-09-11T01","CAR","Carolinas","BAT","Battery storage",51,"megawatthours"
"2026-09-11T01","CAR","Carolinas","COL","Coal",8733,"megawatthours"
"2026-09-11T01","CAR","Carolinas","NG","Natural Gas",12418,"megawatthours"
"2026-09-11T01","CAR","Carolinas","NUC","Nuclear",10559,"megawatthours"
"2026-09-11T01","CAR","Carolinas","OIL","Petroleum",0,"megawatthours"
"2026-09-11T01","CAR","Carolinas","OTH","Other",1370,"megawatthours"
"2026-09-11T01","CAR","Carolinas","PS","Pumped storage",760,"megawatthours"
"2026-09-11T01","CAR","Carolinas","SNB","Solar with integrated battery storage",-3,"megawatthours"
"2026-09-11T01","CAR","Carolinas","SUN","Solar",73,"megawatthours"
"2026-09-11T01","CAR","Carolinas","WAT","Hydro",677,"megawatthours"
"2026-09-11T01","CENT","Central","BAT","Battery storage",99,"megawatthours"
"2026-09-11T01","CENT","Central","COL","Coal",15117,"megawatthours"
"2026-09-11T01","CENT","Central","NG","Natural Gas",19247,"megawatthours"
"2026-09-11T01","CENT","Central","NUC","Nuclear",1858,"megawatthours"
"2026-09-11T01","CENT","Central","OIL","Petroleum",0,"megawatthours"
"2026-09-11T01","CENT","Central","OTH","Other",50,"megawatthours"
"2026-09-11T01","CENT","Central","SUN","Solar",170,"megawatthours"
"2026-09-11T01","CENT","Central","WAT","Hydro",1561,"megawatthours"
"2026-09-11T01","CENT","Central","WND","Wind",6749,"megawatthours"
"2026-09-11T01","CHPD","Public Utility District No. 1 of Chelan County","WAT","Hydro",880,"megawatthours"
"2026-09-11T01","CHPD","Public Utility District No. 1 of Chelan County","WND","Wind",1,"megawatthours"
"2026-09-11T01","CISO","California Independent System Operator","COL","Coal",0,"megawatthours"
"2026-09-11T01","CISO","California Independent System Operator","GEO","Geothermal",757,"megawatthours"
"2026-09-11T01","CISO","California Independent System Operator","NG","Natural Gas",17345,"megawatthours"
"2026-09-11T01","CISO","California Independent System Operator","NUC","Nuclear",2225,"megawatthours"
"2026-09-11T01","CISO","California Independent System Operator","OIL","Petroleum",18,"megawatthours"
"2026-09-11T01","CISO","California Independent System Operator","OTH","Other",1566,"megawatthours"
"2026-09-11T01","CISO","California Independent System Operator","SUN","Solar",10690,"megawatthours"
"2026-09-11T01","CISO","California Independent System Operator","WAT","Hydro",3703,"megawatthours"
"2026-09-11T01","CISO","California Independent System Operator","WND","Wind",4998,"megawatthours"
"2026-09-11T01","CPLE","Duke Energy Progress East","BAT","Battery storage",1,"megawatthours"
"2026-09-11T01","CPLE","Duke Energy Progress East","COL","Coal",2181,"megawatthours"
"2026-09-11T01","CPLE","Duke Energy Progress East","NG","Natural Gas",2420,"megawatthours"
"2026-09-11T01","CPLE","Duke Energy Progress East","NUC","Nuclear",3553,"megawatthours"
"2026-09-11T01","CPLE","Duke Energy Progress East","OIL","Petroleum",0,"megawatthours"
"2026-09-11T01","CPLE","Duke Energy Progress East","OTH","Other",1131,"megawatthours"
"2026-09-11T01","CPLE","Duke Energy Progress East","SNB","Solar with integrated battery storage",-3,"megawatthours"
"2026-09-11T01","CPLE","Duke Energy Progress East","SUN","Solar",18,"megawatthours"
"2026-09-11T01","CPLE","Duke Energy Progress East","WAT","Hydro",23,"megawatthours"
"2026-09-11T01","CPLW","Duke Energy Progress West","BAT","Battery storage",0,"megawatthours"
"2026-09-11T01","CPLW","Duke Energy Progress West","NG","Natural Gas",421,"megawatthours"
"2026-09-11T01","CPLW","Duke Energy Progress West","OTH","Other",168,"megawatthours"
"2026-09-11T01","CPLW","Duke Energy Progress West","SUN","Solar",0,"megawatthours"
"2026-09-11T01","CPLW","Duke Energy Progress West","WAT","Hydro",4,"megawatthours"
"2026-09-11T01","DEAA","Arlington Valley, LLC","NG","Natural Gas",483,"megawatthours"
"2026-09-11T01","DOPD","PUD No. 1 of Douglas County","WAT","Hydro",342,"megawatthours"
"2026-09-11T01","DUK","Duke Energy Carolinas","BAT","Battery storage",50,"megawatthours"
"2026-09-11T01","DUK","Duke Energy Carolinas","COL","Coal",4381,"megawatthours"
"2026-09-11T01","DUK","Duke Energy Carolinas","NG","Natural Gas",6228,"megawatthours"
"2026-09-11T01","DUK","Duke Energy Carolinas","NUC","Nuclear",6038,"megawatthours"
"2026-09-11T01","DUK","Duke Energy Carolinas","OTH","Other",-1,"megawatthours"
"2026-09-11T01","DUK","Duke Energy Carolinas","PS","Pumped storage",760,"megawatthours"
"2026-09-11T01","DUK","Duke Energy Carolinas","SUN","Solar",-6,"megawatthours"
"2026-09-11T01","DUK","Duke Energy Carolinas","WAT","Hydro",138,"megawatthours"
"2026-09-11T01","EPE","El Paso Electric Company","NG","Natural Gas",719,"megawatthours"
"2026-09-11T01","EPE","El Paso Electric Company","SNB","Solar with integrated battery storage",82,"megawatthours"
"2026-09-11T01","EPE","El Paso Electric Company","SUN","Solar",177,"megawatthours"
"2026-09-11T01","ERCO","Electric Reliability Council of Texas, Inc.","BAT","Battery storage",3195,"megawatthours"
"2026-09-11T01","ERCO","Electric Reliability Council of Texas, Inc.","COL","Coal",9756,"megawatthours"
"2026-09-11T01","ERCO","Electric Reliability Council of Texas, Inc.","NG","Natural Gas",42516,"megawatthours"
"2026-09-11T01","ERCO","Electric Reliability Council of Texas, Inc.","NUC","Nuclear",4955,"megawatthours"
"2026-09-11T01","ERCO","Electric Reliability Council of Texas, Inc.","OTH","Other",66,"megawatthours"
"2026-09-11T01","ERCO","Electric Reliability Council of Texas, Inc.","SUN","Solar",1066,"megawatthours"
"2026-09-11T01","ERCO","Electric Reliability Council of Texas, Inc.","WAT","Hydro",131,"megawatthours"
"2026-09-11T01","ERCO","Electric Reliability Council of Texas, Inc.","WND","Wind",15163,"megawatthours"
"2026-09-11T01","FLA","Florida","BAT","Battery storage",25,"megawatthours"
"2026-09-11T01","FLA","Florida","COL","Coal",3516,"megawatthours"
"2026-09-11T01","FLA","Florida","NG","Natural Gas",31721,"megawatthours"
"2026-09-11T01","FLA","Florida","NUC","Nuclear",3830,"megawatthours"
"2026-09-11T01","FLA","Florida","OIL","Petroleum",0,"megawatthours"
"2026-09-11T01","FLA","Florida","OTH","Other",666,"megawatthours"
"2026-09-11T01","FLA","Florida","SNB","Solar with integrated battery storage",0,"megawatthours"
"2026-09-11T01","FLA","Florida","SUN","Solar",0,"megawatthours"
"2026-09-11T01","FLA","Florida","WAT","Hydro",14,"megawatthours"
"2026-09-11T01","FMPP","Florida Municipal Power Pool","COL","Coal",944,"megawatthours"
"2026-09-11T01","FMPP","Florida Municipal Power Pool","NG","Natural Gas",2037,"megawatthours"
"2026-09-11T01","FMPP","Florida Municipal Power Pool","NUC","Nuclear",129,"megawatthours"
"2026-09-11T01","FMPP","Florida Municipal Power Pool","OIL","Petroleum",0,"megawatthours"
"2026-09-11T01","FMPP","Florida Municipal Power Pool","OTH","Other",12,"megawatthours"
"2026-09-11T01","FMPP","Florida Municipal Power Pool","SUN","Solar",0,"megawatthours"
"2026-09-11T01","FPC","Duke Energy Florida, Inc.","COL","Coal",1308,"megawatthours"
"2026-09-11T01","FPC","Duke Energy Florida, Inc.","NG","Natural Gas",6540,"megawatthours"
"2026-09-11T01","FPC","Duke Energy Florida, Inc.","OIL","Petroleum",0,"megawatthours"
"2026-09-11T01","FPC","Duke Energy Florida, Inc.","OTH","Other",49,"megawatthours"
"2026-09-11T01","FPC","Duke Energy Florida, Inc.","SUN","Solar",0,"megawatthours"
"2026-09-11T01","FPC","Duke Energy Florida, Inc.","WAT","Hydro",14,"megawatthours"
"2026-09-11T01","FPL","Florida Power & Light Co.","BAT","Battery storage",25,"megawatthours"
"2026-09-11T01","FPL","Florida Power & Light Co.","NG","Natural Gas",17141,"megawatthours"
"2026-09-11T01","FPL","Florida Power & Light Co.","NUC","Nuclear",3701,"megawatthours"
"2026-09-11T01","FPL","Florida Power & Light Co.","OIL","Petroleum",0,"megawatthours"
"2026-09-11T01","FPL","Florida Power & Light Co.","OTH","Other",511,"megawatthours"
"2026-09-11T01","FPL","Florida Power & Light Co.","SNB","Solar with integrated battery storage",0,"megawatthours"
"2026-09-11T01","FPL","Florida Power & Light Co.","SUN","Solar",0,"megawatthours"
"2026-09-11T01","GCPD","Public Utility District No. 2 of Grant County, Washington","WAT","Hydro",829,"megawatthours"
"2026-09-11T01","GRID","Gridforce Energy Management, LLC","COL","Coal",0,"megawatthours"
"2026-09-11T01","GRID","Gridforce Energy Management, LLC","NG","Natural Gas",1747,"megawatthours"
"2026-09-11T01","GRID","Gridforce Energy Management, LLC","SUN","Solar",29,"megawatthours"
"2026-09-11T01","GRID","Gridforce Energy Management, LLC","WND","Wind",167,"megawatthours"
"2026-09-11T01","GVL","Gainesville Regional Utilities","COL","Coal",0,"megawatthours"
"2026-09-11T01","GVL","Gainesville Regional Utilities","NG","Natural Gas",192,"megawatthours"
"2026-09-11T01","GVL","Gainesville Regional Utilities","OTH","Other",50,"megawatthours"
"2026-09-11T01","GWA","NaturEner Power Watch, LLC","WND","Wind",86,"megawatthours"
"2026-09-11T01","HST","City of Homestead","NG","Natural Gas",0,"megawatthours"
"2026-09-11T01","IID","Imperial Irrigation District","BAT","Battery storage",-1,"megawatthours"
"2026-09-11T01","IID","Imperial Irrigation District","GEO","Geothermal",396,"megawatthours"
"2026-09-11T01","IID","Imperial Irrigation District","NG","Natural Gas",80,"megawatthours"
"2026-09-11T01","IID","Imperial Irrigation District","OIL","Petroleum",0,"megawatthours"
"2026-09-11T01","IID","Imperial Irrigation District","SNB","Solar with integrated battery storage",18,"megawatthours"
"2026-09-11T01","IID","Imperial Irrigation District","SUN","Solar",131,"megawatthours"
"2026-09-11T01","IID","Imperial Irrigation District","WAT","Hydro",19,"megawatthours"
"2026-09-11T01","IPCO","Idaho Power Company","BAT","Battery storage",12,"megawatthours"
"2026-09-11T01","IPCO","Idaho Power Company","GEO","Geothermal",18,"megawatthours"
"2026-09-11T01","IPCO","Idaho Power Company","NG","Natural Gas",634,"megawatthours"
"2026-09-11T01","IPCO","Idaho Power Company","OIL","Petroleum",0,"megawatthours"
"2026-09-11T01","IPCO","Idaho Power Company","OTH","Other",33,"megawatthours"
"2026-09-11T01","IPCO","Idaho Power Company","SUN","Solar",211,"megawatthours"
"2026-09-11T01","IPCO","Idaho Power Company","WAT","Hydro",877,"megawatthours"
"2026-09-11T01","IPCO","Idaho Power Company","WND","Wind",247,"megawatthours"
"2026-09-11T01","ISNE","ISO New England","BAT","Battery storage",70,"megawatthours"
"2026-09-11T01","ISNE","ISO New England","NG","Natural Gas",9072,"megawatthours"
"2026-09-11T01","ISNE","ISO New England","NUC","Nuclear",3525,"megawatthours"
"2026-09-11T01","ISNE","ISO New England","OTH","Other",636,"megawatthours"
"2026-09-11T01","ISNE","ISO New England","PS","Pumped storage",303,"megawatthours"
"2026-09-11T01","ISNE","ISO New England","SNB","Solar with integrated battery storage",0,"megawatthours"
"2026-09-11T01","ISNE","ISO New England","SUN","Solar",12,"megawatthours"
"2026-09-11T01","ISNE","ISO New England","WAT","Hydro",286,"megawatthours"
"2026-09-11T01","ISNE","ISO New England","WND","Wind",2103,"megawatthours"
"2026-09-11T01","JEA","JEA","COL","Coal",682,"megawatthours"
"2026-09-11T01","JEA","JEA","NG","Natural Gas",881,"megawatthours"
"2026-09-11T01","JEA","JEA","OIL","Petroleum",0,"megawatthours"
"2026-09-11T01","JEA","JEA","OTH","Other",2,"megawatthours"
"2026-09-11T01","JEA","JEA","SUN","Solar",0,"megawatthours"
"2026-09-11T01","LDWP","Los Angeles Department of Water and Power","BAT","Battery storage",0,"megawatthours"
"2026-09-11T01","LDWP","Los Angeles Department of Water and Power","NG","Natural Gas",2433,"megawatthours"
"2026-09-11T01","LDWP","Los Angeles Department of Water and Power","OTH","Other",247,"megawatthours"
"2026-09-11T01","LDWP","Los Angeles Department of Water and Power","PS","Pumped storage",558,"megawatthours"
"2026-09-11T01","LDWP","Los Angeles Department of Water and Power","SNB","Solar with integrated battery storage",390,"megawatthours"
"2026-09-11T01","LDWP","Los Angeles Department of Water and Power","SUN","Solar",403,"megawatthours"
"2026-09-11T01","LDWP","Los Angeles Department of Water and Power","WAT","Hydro",306,"megawatthours"
"2026-09-11T01","LDWP","Los Angeles Department of Water and Power","WND","Wind",131,"megawatthours"
"2026-09-11T01","LGEE","LG&E and KU Services Company as agent for Louisville Gas and Electric Company and Kentucky Utilities Company","COL","Coal",4495,"megawatthours"
"2026-09-11T01","LGEE","LG&E and KU Services Company as agent for Louisville Gas and Electric Company and Kentucky Utilities Company","NG","Natural Gas",755,"megawatthours"
"2026-09-11T01","LGEE","LG&E and KU Services Company as agent for Louisville Gas and Electric Company and Kentucky Utilities Company","OIL","Petroleum",0,"megawatthours"
"2026-09-11T01","LGEE","LG&E and KU Services Company as agent for Louisville Gas and Electric Company and Kentucky Utilities Company","SUN","Solar",0,"megawatthours"
"2026-09-11T01","LGEE","LG&E and KU Services Company as agent for Louisville Gas and Electric Company and Kentucky Utilities Company","WAT","Hydro",52,"megawatthours"
"2026-09-11T01","MIDA","Mid-Atlantic","COL","Coal",25586,"megawatthours"
"2026-09-11T01","MIDA","Mid-Atlantic","NG","Natural Gas",61767,"megawatthours"
"2026-09-11T01","MIDA","Mid-Atlantic","NUC","Nuclear",30916,"megawatthours"
"2026-09-11T01","MIDA","Mid-Atlantic","OIL","Petroleum",2054,"megawatthours"
"2026-09-11T01","MIDA","Mid-Atlantic","OTH","Other",4018,"megawatthours"
"2026-09-11T01","MIDA","Mid-Atlantic","SUN","Solar",26,"megawatthours"
"2026-09-11T01","MIDA","Mid-Atlantic","WAT","Hydro",5169,"megawatthours"
"2026-09-11T01","MIDA","Mid-Atlantic","WND","Wind",919,"megawatthours"
"2026-09-11T01","MIDW","Midwest","BAT","Battery storage",324,"megawatthours"
"2026-09-11T01","MIDW","Midwest","COL","Coal",33244,"megawatthours"
"2026-09-11T01","MIDW","Midwest","NG","Natural Gas",44460,"megawatthours"
"2026-09-11T01","MIDW","Midwest","NUC","Nuclear",11679,"megawatthours"
"2026-09-11T01","MIDW","Midwest","OIL","Petroleum",0,"megawatthours"
"2026-09-11T01","MIDW","Midwest","OTH","Other",518,"megawatthours"
"2026-09-11T01","MIDW","Midwest","SUN","Solar",80,"megawatthours"
"2026-09-11T01","MIDW","Midwest","WAT","Hydro",2370,"megawatthours"
"2026-09-11T01","MIDW","Midwest","WND","Wind",5618,"megawatthours"
"2026-09-11T01","MISO","Midcontinent Independent System Operator, Inc.","BAT","Battery storage",324,"megawatthours"
"2026-09-11T01","MISO","Midcontinent Independent System Operator, Inc.","COL","Coal",27829,"megawatthours"
"2026-09-11T01","MISO","Midcontinent Independent System Operator, Inc.","NG","Natural Gas",42088,"megawatthours"
"2026-09-11T01","MISO","Midcontinent Independent System Operator, Inc.","NUC","Nuclear",11679,"megawatthours"
"2026-09-11T01","MISO","Midcontinent Independent System Operator, Inc.","OTH","Other",518,"megawatthours"
"2026-09-11T01","MISO","Midcontinent Independent System Operator, Inc.","SUN","Solar",80,"megawatthours"
"2026-09-11T01","MISO","Midcontinent Independent System Operator, Inc.","WAT","Hydro",2318,"megawatthours"
"2026-09-11T01","MISO","Midcontinent Independent System Operator, Inc.","WND","Wind",5598,"megawatthours"
"2026-09-11T01","NE","New England","BAT","Battery storage",70,"megawatthours"
"2026-09-11T01","NE","New England","NG","Natural Gas",9072,"megawatthours"
"2026-09-11T01","NE","New England","NUC","Nuclear",3525,"megawatthours"
"2026-09-11T01","NE","New England","OTH","Other",636,"megawatthours"
"2026-09-11T01","NE","New England","PS","Pumped storage",303,"megawatthours"
"2026-09-11T01","NE","New England","SNB","Solar with integrated battery storage",0,"megawatthours"
"2026-09-11T01","NE","New England","SUN","Solar",12,"megawatthours"
"2026-09-11T01","NE","New England","WAT","Hydro",286,"megawatthours"
"2026-09-11T01","NE","New England","WND","Wind",2103,"megawatthours"
"2026-09-11T01","NEVP","Nevada Power Company","COL","Coal",593,"megawatthours"
"2026-09-11T01","NEVP","Nevada Power Company","NG","Natural Gas",4661,"megawatthours"
"2026-09-11T01","NEVP","Nevada Power Company","NUC","Nuclear",0,"megawatthours"
"2026-09-11T01","NEVP","Nevada Power Company","OIL","Petroleum",0,"megawatthours"
"2026-09-11T01","NEVP","Nevada Power Company","OTH","Other",515,"megawatthours"
"2026-09-11T01","NEVP","Nevada Power Company","SUN","Solar",1531,"megawatthours"
"2026-09-11T01","NEVP","Nevada Power Company","WAT","Hydro",144,"megawatthours"
"2026-09-11T01","NEVP","Nevada Power Company","WND","Wind",2,"megawatthours"
"2026-09-11T01","NW","Northwest","BAT","Battery storage",1021,"megawatthours"
"2026-09-11T01","NW","Northwest","COL","Coal",9549,"megawatthours"
"2026-09-11T01","NW","Northwest","GEO","Geothermal",18,"megawatthours"
"2026-09-11T01","NW","Northwest","NG","Natural Gas",15615,"megawatthours"
"2026-09-11T01","NW","Northwest","NUC","Nuclear",1119,"megawatthours"
"2026-09-11T01","NW","Northwest","OIL","Petroleum",200,"megawatthours"
"2026-09-11T01","NW","Northwest","OTH","Other",1041,"megawatthours"
"2026-09-11T01","NW","Northwest","SNB","Solar with integrated battery storage",8,"megawatthours"
"2026-09-11T01","NW","Northwest","SUN","Solar",4648,"megawatthours"
"2026-09-11T01","NW","Northwest","WAT","Hydro",12716,"megawatthours"
"2026-09-11T01","NW","Northwest","WND","Wind",12029,"megawatthours"
"2026-09-11T01","NWMT","NorthWestern Corporation","COL","Coal",1366,"megawatthours"
"2026-09-11T01","NWMT","NorthWestern Corporation","NG","Natural Gas",295,"megawatthours"
"2026-09-11T01","NWMT","NorthWestern Corporation","OIL","Petroleum",56,"megawatthours"
"2026-09-11T01","NWMT","NorthWestern Corporation","SUN","Solar",44,"megawatthours"
"2026-09-11T01","NWMT","NorthWestern Corporation","WAT","Hydro",348,"megawatthours"
"2026-09-11T01","NWMT","NorthWestern Corporation","WND","Wind",505,"megawatthours"
"2026-09-11T01","NY","New York","COL","Coal",0,"megawatthours"
"2026-09-11T01","NY","New York","NG","Natural Gas",11609,"megawatthours"
"2026-09-11T01","NY","New York","NUC","Nuclear",3133,"megawatthours"
"2026-09-11T01","NY","New York","OIL","Petroleum",0,"megawatthours"
"2026-09-11T01","NY","New York","OTH","Other",254,"megawatthours"
"2026-09-11T01","NY","New York","SUN","Solar",0,"megawatthours"
"2026-09-11T01","NY","New York","WAT","Hydro",3929,"megawatthours"
"2026-09-11T01","NY","New York","WND","Wind",701,"megawatthours"
"2026-09-11T01","NYIS","New York Independent System Operator","COL","Coal",0,"megawatthours"
"2026-09-11T01","NYIS","New York Independent System Operator","NG","Natural Gas",11609,"megawatthours"
"2026-09-11T01","NYIS","New York Independent System Operator","NUC","Nuclear",3133,"megawatthours"
"2026-09-11T01","NYIS","New York Independent System Operator","OIL","Petroleum",0,"megawatthours"
"2026-09-11T01","NYIS","New York Independent System Operator","OTH","Other",254,"megawatthours"
"2026-09-11T01","NYIS","New York Independent System Operator","SUN","Solar",0,"megawatthours"
"2026-09-11T01","NYIS","New York Independent System Operator","WAT","Hydro",3929,"megawatthours"
"2026-09-11T01","NYIS","New York Independent System Operator","WND","Wind",701,"megawatthours"
"2026-09-11T01","PACE","PacifiCorp East","COL","Coal",3585,"megawatthours"
"2026-09-11T01","PACE","PacifiCorp East","NG","Natural Gas",1647,"megawatthours"
"2026-09-11T01","PACE","PacifiCorp East","OTH","Other",129,"megawatthours"
"2026-09-11T01","PACE","PacifiCorp East","SUN","Solar",1581,"megawatthours"
"2026-09-11T01","PACE","PacifiCorp East","WAT","Hydro",112,"megawatthours"
"2026-09-11T01","PACE","PacifiCorp East","WND","Wind",2913,"megawatthours"
"2026-09-11T01","PACW","PacifiCorp West","NG","Natural Gas",416,"megawatthours"
"2026-09-11T01","PACW","PacifiCorp West","OTH","Other",38,"megawatthours"
"2026-09-11T01","PACW","PacifiCorp West","SUN","Solar",244,"megawatthours"
"2026-09-11T01","PACW","PacifiCorp West","WAT","Hydro",165,"megawatthours"
"2026-09-11T01","PACW","PacifiCorp West","WND","Wind",423,"megawatthours"
"2026-09-11T01","PGE","Portland General Electric Company","BAT","Battery storage",172,"megawatthours"
"2026-09-11T01","PGE","Portland General Electric Company","COL","Coal",0,"megawatthours"
"2026-09-11T01","PGE","Portland General Electric Company","NG","Natural Gas",633,"megawatthours"
"2026-09-11T01","PGE","Portland General Electric Company","OTH","Other",0,"megawatthours"
"2026-09-11T01","PGE","Portland General Electric Company","WAT","Hydro",150,"megawatthours"
"2026-09-11T01","PGE","Portland General Electric Company","WND","Wind",0,"megawatthours"
"2026-09-11T01","PJM","PJM Interconnection, LLC","COL","Coal",25586,"megawatthours"
"2026-09-11T01","PJM","PJM Interconnection, LLC","NG","Natural Gas",61767,"megawatthours"
"2026-09-11T01","PJM","PJM Interconnection, LLC","NUC","Nuclear",30916,"megawatthours"
"2026-09-11T01","PJM","PJM Interconnection, LLC","OIL","Petroleum",2054,"megawatthours"
"2026-09-11T01","PJM","PJM Interconnection, LLC","OTH","Other",4018,"megawatthours"
"2026-09-11T01","PJM","PJM Interconnection, LLC","SUN","Solar",26,"megawatthours"
"2026-09-11T01","PJM","PJM Interconnection, LLC","WAT","Hydro",5169,"megawatthours"
"2026-09-11T01","PJM","PJM Interconnection, LLC","WND","Wind",919,"megawatthours"
"2026-09-11T01","PNM","Public Service Company of New Mexico","BAT","Battery storage",429,"megawatthours"
"2026-09-11T01","PNM","Public Service Company of New Mexico","COL","Coal",351,"megawatthours"
"2026-09-11T01","PNM","Public Service Company of New Mexico","GEO","Geothermal",6,"megawatthours"
"2026-09-11T01","PNM","Public Service Company of New Mexico","NG","Natural Gas",817,"megawatthours"
"2026-09-11T01","PNM","Public Service Company of New Mexico","SUN","Solar",611,"megawatthours"
"2026-09-11T01","PNM","Public Service Company of New Mexico","WAT","Hydro",0,"megawatthours"
"2026-09-11T01","PNM","Public Service Company of New Mexico","WND","Wind",265,"megawatthours"
"2026-09-11T01","PSCO","Public Service Company of Colorado","BAT","Battery storage",714,"megawatthours"
"2026-09-11T01","PSCO","Public Service Company of Colorado","COL","Coal",2189,"megawatthours"
"2026-09-11T01","PSCO","Public Service Company of Colorado","NG","Natural Gas",1714,"megawatthours"
"2026-09-11T01","PSCO","Public Service Company of Colorado","OIL","Petroleum",-1,"megawatthours"
"2026-09-11T01","PSCO","Public Service Company of Colorado","SUN","Solar",540,"megawatthours"
"2026-09-11T01","PSCO","Public Service Company of Colorado","WAT","Hydro",6,"megawatthours"
"2026-09-11T01","PSCO","Public Service Company of Colorado","WND","Wind",3266,"megawatthours"
"2026-09-11T01","PSEI","Puget Sound Energy, Inc.","COL","Coal",0,"megawatthours"
"2026-09-11T01","PSEI","Puget Sound Energy, Inc.","NG","Natural Gas",604,"megawatthours"
"2026-09-11T01","PSEI","Puget Sound Energy, Inc.","OIL","Petroleum",0,"megawatthours"
"2026-09-11T01","PSEI","Puget Sound Energy, Inc.","OTH","Other",25,"megawatthours"
"2026-09-11T01","PSEI","Puget Sound Energy, Inc.","SUN","Solar",0,"megawatthours"
"2026-09-11T01","PSEI","Puget Sound Energy, Inc.","WAT","Hydro",128,"megawatthours"
"2026-09-11T01","PSEI","Puget Sound Energy, Inc.","WND","Wind",337,"megawatthours"
"2026-09-11T01","SC","South Carolina Public Service Authority","COL","Coal",1846,"megawatthours"
"2026-09-11T01","SC","South Carolina Public Service Authority","NG","Natural Gas",898,"megawatthours"
"2026-09-11T01","SC","South Carolina Public Service Authority","OIL","Petroleum",0,"megawatthours"
"2026-09-11T01","SC","South Carolina Public Service Authority","OTH","Other",72,"megawatthours"
"2026-09-11T01","SC","South Carolina Public Service Authority","SUN","Solar",-2,"megawatthours"
"2026-09-11T01","SC","South Carolina Public Service Authority","WAT","Hydro",42,"megawatthours"
"2026-09-11T01","SCEG","Dominion Energy South Carolina, Inc.","COL","Coal",325,"megawatthours"
"2026-09-11T01","SCEG","Dominion Energy South Carolina, Inc.","NG","Natural Gas",2451,"megawatthours"
"2026-09-11T01","SCEG","Dominion Energy South Carolina, Inc.","NUC","Nuclear",968,"megawatthours"
"2026-09-11T01","SCEG","Dominion Energy South Carolina, Inc.","OTH","Other",0,"megawatthours"
"2026-09-11T01","SCEG","Dominion Energy South Carolina, Inc.","SUN","Solar",63,"megawatthours"
"2026-09-11T01","SCEG","Dominion Energy South Carolina, Inc.","WAT","Hydro",322,"megawatthours"
"2026-09-11T01","SCL","Seattle City Light","WAT","Hydro",760,"megawatthours"
"2026-09-11T01","SE","Southeast","BAT","Battery storage",88,"megawatthours"
"2026-09-11T01","SE","Southeast","COL","Coal",8274,"megawatthours"
"2026-09-11T01","SE","Southeast","NG","Natural Gas",22510,"megawatthours"
"2026-09-11T01","SE","Southeast","NUC","Nuclear",7788,"megawatthours"
"2026-09-11T01","SE","Southeast","OES","Other energy storage",0,"megawatthours"
"2026-09-11T01","SE","Southeast","OIL","Petroleum",-1,"megawatthours"
"2026-09-11T01","SE","Southeast","OTH","Other",0,"megawatthours"
"2026-09-11T01","SE","Southeast","PS","Pumped storage",1566,"megawatthours"
"2026-09-11T01","SE","Southeast","SNB","Solar with integrated battery storage",9,"megawatthours"
"2026-09-11T01","SE","Southeast","SUN","Solar",2,"megawatthours"
"2026-09-11T01","SE","Southeast","WAT","Hydro",988,"megawatthours"
"2026-09-11T01","SE","Southeast","WND","Wind",0,"megawatthours"
"2026-09-11T01","SEC","Seminole Electric Cooperative","COL","Coal",582,"megawatthours"
"2026-09-11T01","SEC","Seminole Electric Cooperative","NG","Natural Gas",1583,"megawatthours"
"2026-09-11T01","SEC","Seminole Electric Cooperative","SUN","Solar",0,"megawatthours"
"2026-09-11T01","SEPA","Southeastern Power Administration","WAT","Hydro",385,"megawatthours"
"2026-09-11T01","SIKE","Sikeston Board of Municipal Utilities","COL","Coal",31,"megawatthours"
"2026-09-11T01","SOCO","Southern Company Services, Inc. - Trans","BAT","Battery storage",88,"megawatthours"
"2026-09-11T01","SOCO","Southern Company Services, Inc. - Trans","COL","Coal",8274,"megawatthours"
"2026-09-11T01","SOCO","Southern Company Services, Inc. - Trans","NG","Natural Gas",22510,"megawatthours"
"2026-09-11T01","SOCO","Southern Company Services, Inc. - Trans","NUC","Nuclear",7788,"megawatthours"
"2026-09-11T01","SOCO","Southern Company Services, Inc. - Trans","OES","Other energy storage",0,"megawatthours"
"2026-09-11T01","SOCO","Southern Company Services, Inc. - Trans","OIL","Petroleum",-1,"megawatthours"
"2026-09-11T01","SOCO","Southern Company Services, Inc. - Trans","OTH","Other",0,"megawatthours"
"2026-09-11T01","SOCO","Southern Company Services, Inc. - Trans","PS","Pumped storage",1566,"megawatthours"
"2026-09-11T01","SOCO","Southern Company Services, Inc. - Trans","SNB","Solar with integrated battery storage",9,"megawatthours"
"2026-09-11T01","SOCO","Southern Company Services, Inc. - Trans","SUN","Solar",2,"megawatthours"
"2026-09-11T01","SOCO","Southern Company Services, Inc. - Trans","WAT","Hydro",603,"megawatthours"
"2026-09-11T01","SOCO","Southern Company Services, Inc. - Trans","WND","Wind",0,"megawatthours"
"2026-09-11T01","SRP","Salt River Project Agricultural Improvement and Power District","BAT","Battery storage",272,"megawatthours"
"2026-09-11T01","SRP","Salt River Project Agricultural Improvement and Power District","COL","Coal",1179,"megawatthours"
"2026-09-11T01","SRP","Salt River Project Agricultural Improvement and Power District","NG","Natural Gas",4370,"megawatthours"
"2026-09-11T01","SRP","Salt River Project Agricultural Improvement and Power District","NUC","Nuclear",3908,"megawatthours"
"2026-09-11T01","SRP","Salt River Project Agricultural Improvement and Power District","SNB","Solar with integrated battery storage",95,"megawatthours"
"2026-09-11T01","SRP","Salt River Project Agricultural Improvement and Power District","SUN","Solar",854,"megawatthours"
"2026-09-11T01","SRP","Salt River Project Agricultural Improvement and Power District","WAT","Hydro",14,"megawatthours"
"2026-09-11T01","SRP","Salt River Project Agricultural Improvement and Power District","WND","Wind",20,"megawatthours"
"2026-09-11T01","SW","Southwest","BAT","Battery storage",2178,"megawatthours"
"2026-09-11T01","SW","Southwest","COL","Coal",3231,"megawatthours"
"2026-09-11T01","SW","Southwest","GEO","Geothermal",6,"megawatthours"
"2026-09-11T01","SW","Southwest","NG","Natural Gas",10626,"megawatthours"
"2026-09-11T01","SW","Southwest","NUC","Nuclear",3908,"megawatthours"
"2026-09-11T01","SW","Southwest","OIL","Petroleum",0,"megawatthours"
"2026-09-11T01","SW","Southwest","OTH","Other",28,"megawatthours"
"2026-09-11T01","SW","Southwest","SNB","Solar with integrated battery storage",180,"megawatthours"
"2026-09-11T01","SW","Southwest","SUN","Solar",2888,"megawatthours"
"2026-09-11T01","SW","Southwest","UES","Unknown energy storage",-19,"megawatthours"
"2026-09-11T01","SW","Southwest","WAT","Hydro",886,"megawatthours"
"2026-09-11T01","SW","Southwest","WND","Wind",463,"megawatthours"
"2026-09-11T01","SWPP","Southwest Power Pool","BAT","Battery storage",99,"megawatthours"
"2026-09-11T01","SWPP","Southwest Power Pool","COL","Coal",15117,"megawatthours"
"2026-09-11T01","SWPP","Southwest Power Pool","NG","Natural Gas",19247,"megawatthours"
"2026-09-11T01","SWPP","Southwest Power Pool","NUC","Nuclear",1858,"megawatthours"
"2026-09-11T01","SWPP","Southwest Power Pool","OIL","Petroleum",0,"megawatthours"
"2026-09-11T01","SWPP","Southwest Power Pool","OTH","Other",50,"megawatthours"
"2026-09-11T01","SWPP","Southwest Power Pool","SUN","Solar",170,"megawatthours"
"2026-09-11T01","SWPP","Southwest Power Pool","WAT","Hydro",1561,"megawatthours"
"2026-09-11T01","SWPP","Southwest Power Pool","WND","Wind",6749,"megawatthours"
"2026-09-11T01","SWPW","Southwest Power Pool West Balancing Authority Area","BAT","Battery storage",123,"megawatthours"
"2026-09-11T01","SWPW","Southwest Power Pool West Balancing Authority Area","COL","Coal",1090,"megawatthours"
"2026-09-11T01","SWPW","Southwest Power Pool West Balancing Authority Area","NG","Natural Gas",1145,"megawatthours"
"2026-09-11T01","SWPW","Southwest Power Pool West Balancing Authority Area","NUC","Nuclear",0,"megawatthours"
"2026-09-11T01","SWPW","Southwest Power Pool West Balancing Authority Area","OIL","Petroleum",145,"megawatthours"
"2026-09-11T01","SWPW","Southwest Power Pool West Balancing Authority Area","OTH","Other",85,"megawatthours"
"2026-09-11T01","SWPW","Southwest Power Pool West Balancing Authority Area","SUN","Solar",288,"megawatthours"
"2026-09-11T01","SWPW","Southwest Power Pool West Balancing Authority Area","WAT","Hydro",900,"megawatthours"
"2026-09-11T01","SWPW","Southwest Power Pool West Balancing Authority Area","WND","Wind",332,"megawatthours"
"2026-09-11T01","TAL","City of Tallahassee","NG","Natural Gas",423,"megawatthours"
"2026-09-11T01","TAL","City of Tallahassee","SUN","Solar",0,"megawatthours"
"2026-09-11T01","TAL","City of Tallahassee","WAT","Hydro",0,"megawatthours"
"2026-09-11T01","TEC","Tampa Electric Company","COL","Coal",0,"megawatthours"
"2026-09-11T01","TEC","Tampa Electric Company","NG","Natural Gas",2924,"megawatthours"
"2026-09-11T01","TEC","Tampa Electric Company","OIL","Petroleum",0,"megawatthours"
"2026-09-11T01","TEC","Tampa Electric Company","OTH","Other",42,"megawatthours"
"2026-09-11T01","TEC","Tampa Electric Company","SNB","Solar with integrated battery storage",0,"megawatthours"
"2026-09-11T01","TEC","Tampa Electric Company","SUN","Solar",0,"megawatthours"
"2026-09-11T01","TEN","Tennessee","BAT","Battery storage",0,"megawatthours"
"2026-09-11T01","TEN","Tennessee","COL","Coal",3843,"megawatthours"
"2026-09-11T01","TEN","Tennessee","GEO","Geothermal",0,"megawatthours"
"2026-09-11T01","TEN","Tennessee","NG","Natural Gas",10019,"megawatthours"
"2026-09-11T01","TEN","Tennessee","NUC","Nuclear",7193,"megawatthours"
"2026-09-11T01","TEN","Tennessee","OES","Other energy storage",0,"megawatthours"
"2026-09-11T01","TEN","Tennessee","OIL","Petroleum",0,"megawatthours"
"2026-09-11T01","TEN","Tennessee","OTH","Other",47,"megawatthours"
"2026-09-11T01","TEN","Tennessee","PS","Pumped storage",1138,"megawatthours"
"2026-09-11T01","TEN","Tennessee","SNB","Solar with integrated battery storage",48,"megawatthours"
"2026-09-11T01","TEN","Tennessee","SUN","Solar",-2,"megawatthours"
"2026-09-11T01","TEN","Tennessee","UNK","Unknown",0,"megawatthours"
"2026-09-11T01","TEN","Tennessee","WAT","Hydro",2069,"megawatthours"
"2026-09-11T01","TEN","Tennessee","WNB","Wind with integrated battery storage",0,"megawatthours"
"2026-09-11T01","TEN","Tennessee","WND","Wind",0,"megawatthours"
"2026-09-11T01","TEPC","Tucson Electric Power","BAT","Battery storage",388,"megawatthours"
"2026-09-11T01","TEPC","Tucson Electric Power","COL","Coal",688,"megawatthours"
"2026-09-11T01","TEPC","Tucson Electric Power","NG","Natural Gas",1551,"megawatthours"
"2026-09-11T01","TEPC","Tucson Electric Power","SUN","Solar",344,"megawatthours"
"2026-09-11T01","TEPC","Tucson Electric Power","WND","Wind",84,"megawatthours"
"2026-09-11T01","TEX","Texas","BAT","Battery storage",3195,"megawatthours"
"2026-09-11T01","TEX","Texas","COL","Coal",9756,"megawatthours"
"2026-09-11T01","TEX","Texas","NG","Natural Gas",42516,"megawatthours"
"2026-09-11T01","TEX","Texas","NUC","Nuclear",4955,"megawatthours"
"2026-09-11T01","TEX","Texas","OTH","Other",66,"megawatthours"
"2026-09-11T01","TEX","Texas","SUN","Solar",1066,"megawatthours"
"2026-09-11T01","TEX","Texas","WAT","Hydro",131,"megawatthours"
"2026-09-11T01","TEX","Texas","WND","Wind",15163,"megawatthours"
"2026-09-11T01","TIDC","Turlock Irrigation District","NG","Natural Gas",397,"megawatthours"
"2026-09-11T01","TIDC","Turlock Irrigation District","WAT","Hydro",90,"megawatthours"
"2026-09-11T01","TPWR","City of Tacoma, Department of Public Utilities, Light Division","WAT","Hydro",231,"megawatthours"
"2026-09-11T01","TVA","Tennessee Valley Authority","BAT","Battery storage",0,"megawatthours"
"2026-09-11T01","TVA","Tennessee Valley Authority","COL","Coal",3843,"megawatthours"
"2026-09-11T01","TVA","Tennessee Valley Authority","GEO","Geothermal",0,"megawatthours"
"2026-09-11T01","TVA","Tennessee Valley Authority","NG","Natural Gas",10019,"megawatthours"
"2026-09-11T01","TVA","Tennessee Valley Authority","NUC","Nuclear",7193,"megawatthours"
"2026-09-11T01","TVA","Tennessee Valley Authority","OES","Other energy storage",0,"megawatthours"
"2026-09-11T01","TVA","Tennessee Valley Authority","OIL","Petroleum",0,"megawatthours"
"2026-09-11T01","TVA","Tennessee Valley Authority","OTH","Other",47,"megawatthours"
"2026-09-11T01","TVA","Tennessee Valley Authority","PS","Pumped storage",1138,"megawatthours"
"2026-09-11T01","TVA","Tennessee Valley Authority","SNB","Solar with integrated battery storage",48,"megawatthours"
"2026-09-11T01","TVA","Tennessee Valley Authority","SUN","Solar",-2,"megawatthours"
"2026-09-11T01","TVA","Tennessee Valley Authority","UNK","Unknown",0,"megawatthours"
"2026-09-11T01","TVA","Tennessee Valley Authority","WAT","Hydro",2069,"megawatthours"
"2026-09-11T01","TVA","Tennessee Valley Authority","WNB","Wind with integrated battery storage",0,"megawatthours"
"2026-09-11T01","TVA","Tennessee Valley Authority","WND","Wind",0,"megawatthours"
"2026-09-11T01","US48","United States Lower 48","BAT","Battery storage",7050,"megawatthours"
"2026-09-11T01","US48","United States Lower 48","COL","Coal",120849,"megawatthours"
"2026-09-11T01","US48","United States Lower 48","GEO","Geothermal",1177,"megawatthours"
"2026-09-11T01","US48","United States Lower 48","NG","Natural Gas",313525,"megawatthours"
"2026-09-11T01","US48","United States Lower 48","NUC","Nuclear",92688,"megawatthours"
"2026-09-11T01","US48","United States Lower 48","OES","Other energy storage",0,"megawatthours"
"2026-09-11T01","US48","United States Lower 48","OIL","Petroleum",2271,"megawatthours"
"2026-09-11T01","US48","United States Lower 48","OTH","Other",10518,"megawatthours"
"2026-09-11T01","US48","United States Lower 48","PS","Pumped storage",4325,"megawatthours"
"2026-09-11T01","US48","United States Lower 48","SNB","Solar with integrated battery storage",650,"megawatthours"
"2026-09-11T01","US48","United States Lower 48","SUN","Solar",20336,"megawatthours"
"2026-09-11T01","US48","United States Lower 48","UES","Unknown energy storage",-19,"megawatthours"
"2026-09-11T01","US48","United States Lower 48","UNK","Unknown",0,"megawatthours"
"2026-09-11T01","US48","United States Lower 48","WAT","Hydro",36053,"megawatthours"
"2026-09-11T01","US48","United States Lower 48","WNB","Wind with integrated battery storage",0,"megawatthours"
"2026-09-11T01","US48","United States Lower 48","WND","Wind",48874,"megawatthours"
"2026-09-11T01","WALC","Western Area Power Administration - Desert Southwest Region","NG","Natural Gas",941,"megawatthours"
"2026-09-11T01","WALC","Western Area Power Administration - Desert Southwest Region","SNB","Solar with integrated battery storage",3,"megawatthours"
"2026-09-11T01","WALC","Western Area Power Administration - Desert Southwest Region","SUN","Solar",21,"megawatthours"
"2026-09-11T01","WALC","Western Area Power Administration - Desert Southwest Region","WAT","Hydro",872,"megawatthours"
"2026-09-11T01","WALC","Western Area Power Administration - Desert Southwest Region","WND","Wind",31,"megawatthours"
"2026-09-11T01","YAD","Alcoa Power Generating, Inc. - Yadkin Division","WAT","Hydro",148,"megawatthours"
"2026-09-11T00","AECI","Associated Electric Cooperative, Inc.","COL","Coal",899,"megawatthours"
"2026-09-11T00","AECI","Associated Electric Cooperative, Inc.","NG","Natural Gas",1599,"megawatthours"
"2026-09-11T00","AECI","Associated Electric Cooperative, Inc.","WND","Wind",13,"megawatthours"
"2026-09-11T00","AVA","Avista Corporation","NG","Natural Gas",393,"megawatthours"
"2026-09-11T00","AVA","Avista Corporation","OTH","Other",121,"megawatthours"
"2026-09-11T00","AVA","Avista Corporation","SUN","Solar",6,"megawatthours"
"2026-09-11T00","AVA","Avista Corporation","WAT","Hydro",444,"megawatthours"
"2026-09-11T00","AVA","Avista Corporation","WND","Wind",229,"megawatthours"
"2026-09-11T00","AVRN","Avangrid Renewables, LLC","NG","Natural Gas",494,"megawatthours"
"2026-09-11T00","AVRN","Avangrid Renewables, LLC","SUN","Solar",0,"megawatthours"
"2026-09-11T00","AVRN","Avangrid Renewables, LLC","WAT","Hydro",0,"megawatthours"
"2026-09-11T00","AVRN","Avangrid Renewables, LLC","WND","Wind",1628,"megawatthours"
"2026-09-11T00","AZPS","Arizona Public Service Company","BAT","Battery storage",434,"megawatthours"
"2026-09-11T00","AZPS","Arizona Public Service Company","COL","Coal",1014,"megawatthours"
"2026-09-11T00","AZPS","Arizona Public Service Company","NG","Natural Gas",1406,"megawatthours"
"2026-09-11T00","AZPS","Arizona Public Service Company","NUC","Nuclear",0,"megawatthours"
"2026-09-11T00","AZPS","Arizona Public Service Company","OIL","Petroleum",0,"megawatthours"
"2026-09-11T00","AZPS","Arizona Public Service Company","OTH","Other",28,"megawatthours"
"2026-09-11T00","AZPS","Arizona Public Service Company","SUN","Solar",1917,"megawatthours"
"2026-09-11T00","AZPS","Arizona Public Service Company","UES","Unknown energy storage",-41,"megawatthours"
"2026-09-11T00","AZPS","Arizona Public Service Company","WAT","Hydro",0,"megawatthours"
"2026-09-11T00","AZPS","Arizona Public Service Company","WND","Wind",94,"megawatthours"
"2026-09-11T00","BANC","Balancing Authority of Northern California","NG","Natural Gas",1725,"megawatthours"
"2026-09-11T00","BANC","Balancing Authority of Northern California","OTH","Other",9,"megawatthours"
"2026-09-11T00","BANC","Balancing Authority of Northern California","SUN","Solar",237,"megawatthours"
"2026-09-11T00","BANC","Balancing Authority of Northern California","WAT","Hydro",968,"megawatthours"
"2026-09-11T00","BHBA","Black Hills Energy","COL","Coal",719,"megawatthours"
"2026-09-11T00","BHBA","Black Hills Energy","NG","Natural Gas",215,"megawatthours"
"2026-09-11T00","BHBA","Black Hills Energy","OIL","Petroleum",0,"megawatthours"
"2026-09-11T00","BHBA","Black Hills Energy","SUN","Solar",163,"megawatthours"
"2026-09-11T00","BHBA","Black Hills Energy","WAT","Hydro",2,"megawatthours"
"2026-09-11T00","BHBA","Black Hills Energy","WND","Wind",42,"megawatthours"
"2026-09-11T00","BPAT","Bonneville Power Administration","NG","Natural Gas",1003,"megawatthours"
"2026-09-11T00","BPAT","Bonneville Power Administration","NUC","Nuclear",1133,"megawatthours"
"2026-09-11T00","BPAT","Bonneville Power Administration","OTH","Other",99,"megawatthours"
"2026-09-11T00","BPAT","Bonneville Power Administration","SNB","Solar with integrated battery storage",13,"megawatthours"
"2026-09-11T00","BPAT","Bonneville Power Administration","SUN","Solar",221,"megawatthours"
"2026-09-11T00","BPAT","Bonneville Power Administration","WAT","Hydro",5811,"megawatthours"
"2026-09-11T00","BPAT","Bonneville Power Administration","WND","Wind",1963,"megawatthours"
"2026-09-11T00","CAL","California","BAT","Battery storage",0,"megawatthours"
"2026-09-11T00","CAL","California","COL","Coal",0,"megawatthours"
"2026-09-11T00","CAL","California","GEO","Geothermal",1106,"megawatthours"
"2026-09-11T00","CAL","California","NG","Natural Gas",20934,"megawatthours"
"2026-09-11T00","CAL","California","NUC","Nuclear",2223,"megawatthours"
"2026-09-11T00","CAL","California","OIL","Petroleum",18,"megawatthours"
"2026-09-11T00","CAL","California","OTH","Other",-174,"megawatthours"
"2026-09-11T00","CAL","California","PS","Pumped storage",370,"megawatthours"
"2026-09-11T00","CAL","California","SNB","Solar with integrated battery storage",362,"megawatthours"
"2026-09-11T00","CAL","California","SUN","Solar",16611,"megawatthours"
"2026-09-11T00","CAL","California","WAT","Hydro",4133,"megawatthours"
"2026-09-11T00","CAL","California","WND","Wind",4565,"megawatthours"
"2026-09-11T00","CAR","Carolinas","BAT","Battery storage",153,"megawatthours"
"2026-09-11T00","CAR","Carolinas","COL","Coal",8719,"megawatthours"
"2026-09-11T00","CAR","Carolinas","NG","Natural Gas",12637,"megawatthours"
"2026-09-11T00","CAR","Carolinas","NUC","Nuclear",10569,"megawatthours"
"2026-09-11T00","CAR","Carolinas","OIL","Petroleum",0,"megawatthours"
"2026-09-11T00","CAR","Carolinas","OTH","Other",1368,"megawatthours"
"2026-09-11T00","CAR","Carolinas","PS","Pumped storage",1119,"megawatthours"
"2026-09-11T00","CAR","Carolinas","SNB","Solar with integrated battery storage",12,"megawatthours"
"2026-09-11T00","CAR","Carolinas","SUN","Solar",146,"megawatthours"
"2026-09-11T00","CAR","Carolinas","WAT","Hydro",944,"megawatthours"
"2026-09-11T00","CENT","Central","BAT","Battery storage",173,"megawatthours"
"2026-09-11T00","CENT","Central","COL","Coal",15019,"megawatthours"
"2026-09-11T00","CENT","Central","NG","Natural Gas",20358,"megawatthours"
"2026-09-11T00","CENT","Central","NUC","Nuclear",1858,"megawatthours"
"2026-09-11T00","CENT","Central","OIL","Petroleum",0,"megawatthours"
"2026-09-11T00","CENT","Central","OTH","Other",88,"megawatthours"
"2026-09-11T00","CENT","Central","SUN","Solar",894,"megawatthours"
"2026-09-11T00","CENT","Central","WAT","Hydro",1712,"megawatthours"
"2026-09-11T00","CENT","Central","WND","Wind",5693,"megawatthours"
"2026-09-11T00","CHPD","Public Utility District No. 1 of Chelan County","WAT","Hydro",402,"megawatthours"
"2026-09-11T00","CHPD","Public Utility District No. 1 of Chelan County","WND","Wind",0,"megawatthours"
"2026-09-11T00","CISO","California Independent System Operator","COL","Coal",0,"megawatthours"
"2026-09-11T00","CISO","California Independent System Operator","GEO","Geothermal",711,"megawatthours"
"2026-09-11T00","CISO","California Independent System Operator","NG","Natural Gas",16442,"megawatthours"
"2026-09-11T00","CISO","California Independent System Operator","NUC","Nuclear",2223,"megawatthours"
"2026-09-11T00","CISO","California Independent System Operator","OIL","Petroleum",18,"megawatthours"
"2026-09-11T00","CISO","California Independent System Operator","OTH","Other",-398,"megawatthours"
"2026-09-11T00","CISO","California Independent System Operator","SUN","Solar",15465,"megawatthours"
"2026-09-11T00","CISO","California Independent System Operator","WAT","Hydro",2916,"megawatthours"
"2026-09-11T00","CISO","California Independent System Operator","WND","Wind",4487,"megawatthours"
"2026-09-11T00","CPLE","Duke Energy Progress East","BAT","Battery storage",79,"megawatthours"
"2026-09-11T00","CPLE","Duke Energy Progress East","COL","Coal",2179,"megawatthours"
"2026-09-11T00","CPLE","Duke Energy Progress East","NG","Natural Gas",2653,"megawatthours"
"2026-09-11T00","CPLE","Duke Energy Progress East","NUC","Nuclear",3565,"megawatthours"
"2026-09-11T00","CPLE","Duke Energy Progress East","OIL","Petroleum",0,"megawatthours"
"2026-09-11T00","CPLE","Duke Energy Progress East","OTH","Other",1133,"megawatthours"
"2026-09-11T00","CPLE","Duke Energy Progress East","SNB","Solar with integrated battery storage",12,"megawatthours"
"2026-09-11T00","CPLE","Duke Energy Progress East","SUN","Solar",48,"megawatthours"
"2026-09-11T00","CPLE","Duke Energy Progress East","WAT","Hydro",23,"megawatthours"
"2026-09-11T00","CPLW","Duke Energy Progress West","BAT","Battery storage",0,"megawatthours"
"2026-09-11T00","CPLW","Duke Energy Progress West","NG","Natural Gas",457,"megawatthours"
"2026-09-11T00","CPLW","Duke Energy Progress West","OTH","Other",167,"megawatthours"
"2026-09-11T00","CPLW","Duke Energy Progress West","SUN","Solar",1,"megawatthours"
"2026-09-11T00","CPLW","Duke Energy Progress West","WAT","Hydro",4,"megawatthours"
"2026-09-11T00","DEAA","Arlington Valley, LLC","NG","Natural Gas",363,"megawatthours"
"2026-09-11T00","DOPD","PUD No. 1 of Douglas County","WAT","Hydro",411,"megawatthours"
"2026-09-11T00","DUK","Duke Energy Carolinas","BAT","Battery storage",74,"megawatthours"
"2026-09-11T00","DUK","Duke Energy Carolinas","COL","Coal",4355,"megawatthours"
"2026-09-11T00","DUK","Duke Energy Carolinas","NG","Natural Gas",6083,"megawatthours"
"2026-09-11T00","DUK","Duke Energy Carolinas","NUC","Nuclear",6037,"megawatthours"
"2026-09-11T00","DUK","Duke Energy Carolinas","OTH","Other",-1,"megawatthours"
"2026-09-11T00","DUK","Duke Energy Carolinas","PS","Pumped storage",1119,"megawatthours"
"2026-09-11T00","DUK","Duke Energy Carolinas","SUN","Solar",18,"megawatthours"
"2026-09-11T00","DUK","Duke Energy Carolinas","WAT","Hydro",314,"megawatthours"
"2026-09-11T00","EPE","El Paso Electric Company","NG","Natural Gas",607,"megawatthours"
"2026-09-11T00","EPE","El Paso Electric Company","SNB","Solar with integrated battery storage",109,"megawatthours"
"2026-09-11T00","EPE","El Paso Electric Company","SUN","Solar",461,"megawatthours"
"2026-09-11T00","ERCO","Electric Reliability Council of Texas, Inc.","BAT","Battery storage",296,"megawatthours"
"2026-09-11T00","ERCO","Electric Reliability Council of Texas, Inc.","COL","Coal",9658,"megawatthours"
"2026-09-11T00","ERCO","Electric Reliability Council of Texas, Inc.","NG","Natural Gas",42786,"megawatthours"
"2026-09-11T00","ERCO","Electric Reliability Council of Texas, Inc.","NUC","Nuclear",4953,"megawatthours"
"2026-09-11T00","ERCO","Electric Reliability Council of Texas, Inc.","OTH","Other",90,"megawatthours"
"2026-09-11T00","ERCO","Electric Reliability Council of Texas, Inc.","SUN","Solar",8038,"megawatthours"
"2026-09-11T00","ERCO","Electric Reliability Council of Texas, Inc.","WAT","Hydro",77,"megawatthours"
"2026-09-11T00","ERCO","Electric Reliability Council of Texas, Inc.","WND","Wind",13764,"megawatthours"
"2026-09-11T00","FLA","Florida","BAT","Battery storage",50,"megawatthours"
"2026-09-11T00","FLA","Florida","COL","Coal",3616,"megawatthours"
"2026-09-11T00","FLA","Florida","NG","Natural Gas",32700,"megawatthours"
"2026-09-11T00","FLA","Florida","NUC","Nuclear",3824,"megawatthours"
"2026-09-11T00","FLA","Florida","OIL","Petroleum",32,"megawatthours"
"2026-09-11T00","FLA","Florida","OTH","Other",793,"megawatthours"
"2026-09-11T00","FLA","Florida","SNB","Solar with integrated battery storage",1,"megawatthours"
"2026-09-11T00","FLA","Florida","SUN","Solar",69,"megawatthours"
"2026-09-11T00","FLA","Florida","WAT","Hydro",15,"megawatthours"
"2026-09-11T00","FMPP","Florida Municipal Power Pool","COL","Coal",943,"megawatthours"
"2026-09-11T00","FMPP","Florida Municipal Power Pool","NG","Natural Gas",2145,"megawatthours"
"2026-09-11T00","FMPP","Florida Municipal Power Pool","NUC","Nuclear",127,"megawatthours"
"2026-09-11T00","FMPP","Florida Municipal Power Pool","OIL","Petroleum",0,"megawatthours"
"2026-09-11T00","FMPP","Florida Municipal Power Pool","OTH","Other",11,"megawatthours"
"2026-09-11T00","FMPP","Florida Municipal Power Pool","SUN","Solar",0,"megawatthours"
"2026-09-11T00","FPC","Duke Energy Florida, Inc.","COL","Coal",1306,"megawatthours"
"2026-09-11T00","FPC","Duke Energy Florida, Inc.","NG","Natural Gas",6770,"megawatthours"
"2026-09-11T00","FPC","Duke Energy Florida, Inc.","OIL","Petroleum",32,"megawatthours"
"2026-09-11T00","FPC","Duke Energy Florida, Inc.","OTH","Other",52,"megawatthours"
"2026-09-11T00","FPC","Duke Energy Florida, Inc.","SUN","Solar",28,"megawatthours"
"2026-09-11T00","FPC","Duke Energy Florida, Inc.","WAT","Hydro",15,"megawatthours"
"2026-09-11T00","FPL","Florida Power & Light Co.","BAT","Battery storage",50,"megawatthours"
"2026-09-11T00","FPL","Florida Power & Light Co.","NG","Natural Gas",17587,"megawatthours"
"2026-09-11T00","FPL","Florida Power & Light Co.","NUC","Nuclear",3697,"megawatthours"
"2026-09-11T00","FPL","Florida Power & Light Co.","OIL","Petroleum",0,"megawatthours"
"2026-09-11T00","FPL","Florida Power & Light Co.","OTH","Other",644,"megawatthours"
"2026-09-11T00","FPL","Florida Power & Light Co.","SNB","Solar with integrated battery storage",1,"megawatthours"
"2026-09-11T00","FPL","Florida Power & Light Co.","SUN","Solar",38,"megawatthours"
"2026-09-11T00","GCPD","Public Utility District No. 2 of Grant County, Washington","WAT","Hydro",738,"megawatthours"
"2026-09-11T00","GRID","Gridforce Energy Management, LLC","COL","Coal",0,"megawatthours"
"2026-09-11T00","GRID","Gridforce Energy Management, LLC","NG","Natural Gas",1736,"megawatthours"
"2026-09-11T00","GRID","Gridforce Energy Management, LLC","SUN","Solar",113,"megawatthours"
"2026-09-11T00","GRID","Gridforce Energy Management, LLC","WND","Wind",19,"megawatthours"
"2026-09-11T00","GVL","Gainesville Regional Utilities","COL","Coal",0,"megawatthours"
"2026-09-11T00","GVL","Gainesville Regional Utilities","NG","Natural Gas",201,"megawatthours"
"2026-09-11T00","GVL","Gainesville Regional Utilities","OTH","Other",52,"megawatthours"
"2026-09-11T00","GWA","NaturEner Power Watch, LLC","WND","Wind",49,"megawatthours"
"2026-09-11T00","HST","City of Homestead","NG","Natural Gas",0,"megawatthours"
"2026-09-11T00","IID","Imperial Irrigation District","BAT","Battery storage",0,"megawatthours"
"2026-09-11T00","IID","Imperial Irrigation District","GEO","Geothermal",395,"megawatthours"
"2026-09-11T00","IID","Imperial Irrigation District","NG","Natural Gas",76,"megawatthours"
"2026-09-11T00","IID","Imperial Irrigation District","OIL","Petroleum",0,"megawatthours"
"2026-09-11T00","IID","Imperial Irrigation District","SNB","Solar with integrated battery storage",20,"megawatthours"
"2026-09-11T00","IID","Imperial Irrigation District","SUN","Solar",282,"megawatthours"
"2026-09-11T00","IID","Imperial Irrigation District","WAT","Hydro",18,"megawatthours"
"2026-09-11T00","IPCO","Idaho Power Company","BAT","Battery storage",-39,"megawatthours"
"2026-09-11T00","IPCO","Idaho Power Company","GEO","Geothermal",18,"megawatthours"
"2026-09-11T00","IPCO","Idaho Power Company","NG","Natural Gas",643,"megawatthours"
"2026-09-11T00","IPCO","Idaho Power Company","OIL","Petroleum",0,"megawatthours"
"2026-09-11T00","IPCO","Idaho Power Company","OTH","Other",30,"megawatthours"
"2026-09-11T00","IPCO","Idaho Power Company","SUN","Solar",261,"megawatthours"
"2026-09-11T00","IPCO","Idaho Power Company","WAT","Hydro",696,"megawatthours"
"2026-09-11T00","IPCO","Idaho Power Company","WND","Wind",256,"megawatthours"
"2026-09-11T00","ISNE","ISO New England","BAT","Battery storage",250,"megawatthours"
"2026-09-11T00","ISNE","ISO New England","NG","Natural Gas",9225,"megawatthours"
"2026-09-11T00","ISNE","ISO New England","NUC","Nuclear",3524,"megawatthours"
"2026-09-11T00","ISNE","ISO New England","OTH","Other",631,"megawatthours"
"2026-09-11T00","ISNE","ISO New England","PS","Pumped storage",1118,"megawatthours"
"2026-09-11T00","ISNE","ISO New England","SNB","Solar with integrated battery storage",4,"megawatthours"
"2026-09-11T00","ISNE","ISO New England","SUN","Solar",12,"megawatthours"
"2026-09-11T00","ISNE","ISO New England","WAT","Hydro",321,"megawatthours"
"2026-09-11T00","ISNE","ISO New England","WND","Wind",2034,"megawatthours"
"2026-09-11T00","JEA","JEA","COL","Coal",785,"megawatthours"
"2026-09-11T00","JEA","JEA","NG","Natural Gas",877,"megawatthours"
"2026-09-11T00","JEA","JEA","OIL","Petroleum",0,"megawatthours"
"2026-09-11T00","JEA","JEA","OTH","Other",2,"megawatthours"
"2026-09-11T00","JEA","JEA","SUN","Solar",0,"megawatthours"
"2026-09-11T00","LDWP","Los Angeles Department of Water and Power","BAT","Battery storage",0,"megawatthours"
"2026-09-11T00","LDWP","Los Angeles Department of Water and Power","NG","Natural Gas",2304,"megawatthours"
"2026-09-11T00","LDWP","Los Angeles Department of Water and Power","OTH","Other",215,"megawatthours"
"2026-09-11T00","LDWP","Los Angeles Department of Water and Power","PS","Pumped storage",370,"megawatthours"
"2026-09-11T00","LDWP","Los Angeles Department of Water and Power","SNB","Solar with integrated battery storage",342,"megawatthours"
"2026-09-11T00","LDWP","Los Angeles Department of Water and Power","SUN","Solar",627,"megawatthours"
"2026-09-11T00","LDWP","Los Angeles Department of Water and Power","WAT","Hydro",142,"megawatthours"
"2026-09-11T00","LDWP","Los Angeles Department of Water and Power","WND","Wind",78,"megawatthours"
"2026-09-11T00","LGEE","LG&E and KU Services Company as agent for Louisville Gas and Electric Company and Kentucky Utilities Company","COL","Coal",4392,"megawatthours"
"2026-09-11T00","LGEE","LG&E and KU Services Company as agent for Louisville Gas and Electric Company and Kentucky Utilities Company","NG","Natural Gas",743,"megawatthours"
"2026-09-11T00","LGEE","LG&E and KU Services Company as agent for Louisville Gas and Electric Company and Kentucky Utilities Company","OIL","Petroleum",0,"megawatthours"
"2026-09-11T00","LGEE","LG&E and KU Services Company as agent for Louisville Gas and Electric Company and Kentucky Utilities Company","SUN","Solar",6,"megawatthours"
"2026-09-11T00","LGEE","LG&E and KU Services Company as agent for Louisville Gas and Electric Company and Kentucky Utilities Company","WAT","Hydro",51,"megawatthours"
"2026-09-11T00","MIDA","Mid-Atlantic","COL","Coal",25708,"megawatthours"
"2026-09-11T00","MIDA","Mid-Atlantic","NG","Natural Gas",62638,"megawatthours"
"2026-09-11T00","MIDA","Mid-Atlantic","NUC","Nuclear",30902,"megawatthours"
"2026-09-11T00","MIDA","Mid-Atlantic","OIL","Petroleum",2061,"megawatthours"
"2026-09-11T00","MIDA","Mid-Atlantic","OTH","Other",3922,"megawatthours"
"2026-09-11T00","MIDA","Mid-Atlantic","SUN","Solar",197,"megawatthours"
"2026-09-11T00","MIDA","Mid-Atlantic","WAT","Hydro",5943,"megawatthours"
"2026-09-11T00","MIDA","Mid-Atlantic","WND","Wind",1004,"megawatthours"
"2026-09-11T00","MIDW","Midwest","BAT","Battery storage",435,"megawatthours"
"2026-09-11T00","MIDW","Midwest","COL","Coal",32735,"megawatthours"
"2026-09-11T00","MIDW","Midwest","NG","Natural Gas",44633,"megawatthours"
"2026-09-11T00","MIDW","Midwest","NUC","Nuclear",11674,"megawatthours"
"2026-09-11T00","MIDW","Midwest","OIL","Petroleum",0,"megawatthours"
"2026-09-11T00","MIDW","Midwest","OTH","Other",550,"megawatthours"
"2026-09-11T00","MIDW","Midwest","SUN","Solar",2536,"megawatthours"
"2026-09-11T00","MIDW","Midwest","WAT","Hydro",2406,"megawatthours"
"2026-09-11T00","MIDW","Midwest","WND","Wind",5196,"megawatthours"
"2026-09-11T00","MISO","Midcontinent Independent System Operator, Inc.","BAT","Battery storage",435,"megawatthours"
"2026-09-11T00","MISO","Midcontinent Independent System Operator, Inc.","COL","Coal",27413,"megawatthours"
"2026-09-11T00","MISO","Midcontinent Independent System Operator, Inc.","NG","Natural Gas",42291,"megawatthours"
"2026-09-11T00","MISO","Midcontinent Independent System Operator, Inc.","NUC","Nuclear",11674,"megawatthours"
"2026-09-11T00","MISO","Midcontinent Independent System Operator, Inc.","OTH","Other",550,"megawatthours"
"2026-09-11T00","MISO","Midcontinent Independent System Operator, Inc.","SUN","Solar",2530,"megawatthours"
"2026-09-11T00","MISO","Midcontinent Independent System Operator, Inc.","WAT","Hydro",2355,"megawatthours"
"2026-09-11T00","MISO","Midcontinent Independent System Operator, Inc.","WND","Wind",5183,"megawatthours"
"2026-09-11T00","NE","New England","BAT","Battery storage",250,"megawatthours"
"2026-09-11T00","NE","New England","NG","Natural Gas",9225,"megawatthours"
"2026-09-11T00","NE","New England","NUC","Nuclear",3524,"megawatthours"
"2026-09-11T00","NE","New England","OTH","Other",631,"megawatthours"
"2026-09-11T00","NE","New England","PS","Pumped storage",1118,"megawatthours"
"2026-09-11T00","NE","New England","SNB","Solar with integrated battery storage",4,"megawatthours"
"2026-09-11T00","NE","New England","SUN","Solar",12,"megawatthours"
"2026-09-11T00","NE","New England","WAT","Hydro",321,"megawatthours"
"2026-09-11T00","NE","New England","WND","Wind",2034,"megawatthours"
"2026-09-11T00","NEVP","Nevada Power Company","COL","Coal",580,"megawatthours"
"2026-09-11T00","NEVP","Nevada Power Company","NG","Natural Gas",4248,"megawatthours"
"2026-09-11T00","NEVP","Nevada Power Company","NUC","Nuclear",0,"megawatthours"
"2026-09-11T00","NEVP","Nevada Power Company","OIL","Petroleum",0,"megawatthours"
"2026-09-11T00","NEVP","Nevada Power Company","OTH","Other",307,"megawatthours"
"2026-09-11T00","NEVP","Nevada Power Company","SUN","Solar",2409,"megawatthours"
"2026-09-11T00","NEVP","Nevada Power Company","WAT","Hydro",7,"megawatthours"
"2026-09-11T00","NEVP","Nevada Power Company","WND","Wind",8,"megawatthours"
"2026-09-11T00","NW","Northwest","BAT","Battery storage",462,"megawatthours"
"2026-09-11T00","NW","Northwest","COL","Coal",9012,"megawatthours"
"2026-09-11T00","NW","Northwest","GEO","Geothermal",18,"megawatthours"
"2026-09-11T00","NW","Northwest","NG","Natural Gas",14847,"megawatthours"
"2026-09-11T00","NW","Northwest","NUC","Nuclear",1133,"megawatthours"
"2026-09-11T00","NW","Northwest","OIL","Petroleum",182,"megawatthours"
"2026-09-11T00","NW","Northwest","OTH","Other",759,"megawatthours"
"2026-09-11T00","NW","Northwest","SNB","Solar with integrated battery storage",13,"megawatthours"
"2026-09-11T00","NW","Northwest","SUN","Solar",8497,"megawatthours"
"2026-09-11T00","NW","Northwest","WAT","Hydro",11041,"megawatthours"
"2026-09-11T00","NW","Northwest","WND","Wind",11569,"megawatthours"
"2026-09-11T00","NWMT","NorthWestern Corporation","COL","Coal",1269,"megawatthours"
"2026-09-11T00","NWMT","NorthWestern Corporation","NG","Natural Gas",273,"megawatthours"
"2026-09-11T00","NWMT","NorthWestern Corporation","OIL","Petroleum",54,"megawatthours"
"2026-09-11T00","NWMT","NorthWestern Corporation","SUN","Solar",100,"megawatthours"
"2026-09-11T00","NWMT","NorthWestern Corporation","WAT","Hydro",346,"megawatthours"
"2026-09-11T00","NWMT","NorthWestern Corporation","WND","Wind",577,"megawatthours"
"2026-09-11T00","NY","New York","COL","Coal",0,"megawatthours"
"2026-09-11T00","NY","New York","NG","Natural Gas",11494,"megawatthours"
"2026-09-11T00","NY","New York","NUC","Nuclear",3127,"megawatthours"
"2026-09-11T00","NY","New York","OIL","Petroleum",0,"megawatthours"
"2026-09-11T00","NY","New York","OTH","Other",260,"megawatthours"
"2026-09-11T00","NY","New York","SUN","Solar",0,"megawatthours"
"2026-09-11T00","NY","New York","WAT","Hydro",4110,"megawatthours"
"2026-09-11T00","NY","New York","WND","Wind",866,"megawatthours"
"2026-09-11T00","NYIS","New York Independent System Operator","COL","Coal",0,"megawatthours"
"2026-09-11T00","NYIS","New York Independent System Operator","NG","Natural Gas",11494,"megawatthours"
"2026-09-11T00","NYIS","New York Independent System Operator","NUC","Nuclear",3127,"megawatthours"
"2026-09-11T00","NYIS","New York Independent System Operator","OIL","Petroleum",0,"megawatthours"
"2026-09-11T00","NYIS","New York Independent System Operator","OTH","Other",260,"megawatthours"
"2026-09-11T00","NYIS","New York Independent System Operator","SUN","Solar",0,"megawatthours"
"2026-09-11T00","NYIS","New York Independent System Operator","WAT","Hydro",4110,"megawatthours"
"2026-09-11T00","NYIS","New York Independent System Operator","WND","Wind",866,"megawatthours"
"2026-09-11T00","PACE","PacifiCorp East","COL","Coal",3316,"megawatthours"
"2026-09-11T00","PACE","PacifiCorp East","NG","Natural Gas",1325,"megawatthours"
"2026-09-11T00","PACE","PacifiCorp East","OTH","Other",128,"megawatthours"
"2026-09-11T00","PACE","PacifiCorp East","SUN","Solar",2852,"megawatthours"
"2026-09-11T00","PACE","PacifiCorp East","WAT","Hydro",111,"megawatthours"
"2026-09-11T00","PACE","PacifiCorp East","WND","Wind",3043,"megawatthours"
"2026-09-11T00","PACW","PacifiCorp West","NG","Natural Gas",418,"megawatthours"
"2026-09-11T00","PACW","PacifiCorp West","OTH","Other",38,"megawatthours"
"2026-09-11T00","PACW","PacifiCorp West","SUN","Solar",337,"megawatthours"
"2026-09-11T00","PACW","PacifiCorp West","WAT","Hydro",99,"megawatthours"
"2026-09-11T00","PACW","PacifiCorp West","WND","Wind",524,"megawatthours"
"2026-09-11T00","PGE","Portland General Electric Company","BAT","Battery storage",-1,"megawatthours"
"2026-09-11T00","PGE","Portland General Electric Company","COL","Coal",0,"megawatthours"
"2026-09-11T00","PGE","Portland General Electric Company","NG","Natural Gas",624,"megawatthours"
"2026-09-11T00","PGE","Portland General Electric Company","OTH","Other",0,"megawatthours"
"2026-09-11T00","PGE","Portland General Electric Company","WAT","Hydro",71,"megawatthours"
"2026-09-11T00","PGE","Portland General Electric Company","WND","Wind",0,"megawatthours"
"2026-09-11T00","PJM","PJM Interconnection, LLC","COL","Coal",25708,"megawatthours"
"2026-09-11T00","PJM","PJM Interconnection, LLC","NG","Natural Gas",62638,"megawatthours"
"2026-09-11T00","PJM","PJM Interconnection, LLC","NUC","Nuclear",30902,"megawatthours"
"2026-09-11T00","PJM","PJM Interconnection, LLC","OIL","Petroleum",2061,"megawatthours"
"2026-09-11T00","PJM","PJM Interconnection, LLC","OTH","Other",3922,"megawatthours"
"2026-09-11T00","PJM","PJM Interconnection, LLC","SUN","Solar",197,"megawatthours"
"2026-09-11T00","PJM","PJM Interconnection, LLC","WAT","Hydro",5943,"megawatthours"
"2026-09-11T00","PJM","PJM Interconnection, LLC","WND","Wind",1004,"megawatthours"
"2026-09-11T00","PNM","Public Service Company of New Mexico","BAT","Battery storage",-37,"megawatthours"
"2026-09-11T00","PNM","Public Service Company of New Mexico","COL","Coal",318,"megawatthours"
"2026-09-11T00","PNM","Public Service Company of New Mexico","GEO","Geothermal",6,"megawatthours"
"2026-09-11T00","PNM","Public Service Company of New Mexico","NG","Natural Gas",503,"megawatthours"
"2026-09-11T00","PNM","Public Service Company of New Mexico","SUN","Solar",1636,"megawatthours"
"2026-09-11T00","PNM","Public Service Company of New Mexico","WAT","Hydro",0,"megawatthours"
"2026-09-11T00","PNM","Public Service Company of New Mexico","WND","Wind",274,"megawatthours"
"2026-09-11T00","PSCO","Public Service Company of Colorado","BAT","Battery storage",444,"megawatthours"
"2026-09-11T00","PSCO","Public Service Company of Colorado","COL","Coal",2154,"megawatthours"
"2026-09-11T00","PSCO","Public Service Company of Colorado","NG","Natural Gas",1874,"megawatthours"
"2026-09-11T00","PSCO","Public Service Company of Colorado","OIL","Petroleum",0,"megawatthours"
"2026-09-11T00","PSCO","Public Service Company of Colorado","SUN","Solar",1258,"megawatthours"
"2026-09-11T00","PSCO","Public Service Company of Colorado","WAT","Hydro",4,"megawatthours"
"2026-09-11T00","PSCO","Public Service Company of Colorado","WND","Wind",2580,"megawatthours"
"2026-09-11T00","PSEI","Puget Sound Energy, Inc.","COL","Coal",0,"megawatthours"
"2026-09-11T00","PSEI","Puget Sound Energy, Inc.","NG","Natural Gas",604,"megawatthours"
"2026-09-11T00","PSEI","Puget Sound Energy, Inc.","OIL","Petroleum",0,"megawatthours"
"2026-09-11T00","PSEI","Puget Sound Energy, Inc.","OTH","Other",24,"megawatthours"
"2026-09-11T00","PSEI","Puget Sound Energy, Inc.","SUN","Solar",0,"megawatthours"
"2026-09-11T00","PSEI","Puget Sound Energy, Inc.","WAT","Hydro",94,"megawatthours"
"2026-09-11T00","PSEI","Puget Sound Energy, Inc.","WND","Wind",334,"megawatthours"
"2026-09-11T00","SC","South Carolina Public Service Authority","COL","Coal",1860,"megawatthours"
"2026-09-11T00","SC","South Carolina Public Service Authority","NG","Natural Gas",905,"megawatthours"
"2026-09-11T00","SC","South Carolina Public Service Authority","OIL","Petroleum",0,"megawatthours"
"2026-09-11T00","SC","South Carolina Public Service Authority","OTH","Other",69,"megawatthours"
"2026-09-11T00","SC","South Carolina Public Service Authority","SUN","Solar",6,"megawatthours"
"2026-09-11T00","SC","South Carolina Public Service Authority","WAT","Hydro",78,"megawatthours"
"2026-09-11T00","SCEG","Dominion Energy South Carolina, Inc.","COL","Coal",325,"megawatthours"
"2026-09-11T00","SCEG","Dominion Energy South Carolina, Inc.","NG","Natural Gas",2539,"megawatthours"
"2026-09-11T00","SCEG","Dominion Energy South Carolina, Inc.","NUC","Nuclear",967,"megawatthours"
"2026-09-11T00","SCEG","Dominion Energy South Carolina, Inc.","OTH","Other",0,"megawatthours"
"2026-09-11T00","SCEG","Dominion Energy South Carolina, Inc.","SUN","Solar",73,"megawatthours"
"2026-09-11T00","SCEG","Dominion Energy South Carolina, Inc.","WAT","Hydro",376,"megawatthours"
"2026-09-11T00","SCL","Seattle City Light","WAT","Hydro",746,"megawatthours"
"2026-09-11T00","SE","Southeast","BAT","Battery storage",86,"megawatthours"
"2026-09-11T00","SE","Southeast","COL","Coal",8369,"megawatthours"
"2026-09-11T00","SE","Southeast","NG","Natural Gas",23256,"megawatthours"
"2026-09-11T00","SE","Southeast","NUC","Nuclear",7810,"megawatthours"
"2026-09-11T00","SE","Southeast","OES","Other energy storage",0,"megawatthours"
"2026-09-11T00","SE","Southeast","OIL","Petroleum",0,"megawatthours"
"2026-09-11T00","SE","Southeast","OTH","Other",54,"megawatthours"
"2026-09-11T00","SE","Southeast","PS","Pumped storage",1580,"megawatthours"
"2026-09-11T00","SE","Southeast","SNB","Solar with integrated battery storage",8,"megawatthours"
"2026-09-11T00","SE","Southeast","SUN","Solar",69,"megawatthours"
"2026-09-11T00","SE","Southeast","WAT","Hydro",1444,"megawatthours"
"2026-09-11T00","SE","Southeast","WND","Wind",0,"megawatthours"
"2026-09-11T00","SEC","Seminole Electric Cooperative","COL","Coal",582,"megawatthours"
"2026-09-11T00","SEC","Seminole Electric Cooperative","NG","Natural Gas",1587,"megawatthours"
"2026-09-11T00","SEC","Seminole Electric Cooperative","SUN","Solar",0,"megawatthours"
"2026-09-11T00","SEPA","Southeastern Power Administration","WAT","Hydro",493,"megawatthours"
"2026-09-11T00","SIKE","Sikeston Board of Municipal Utilities","COL","Coal",31,"megawatthours"
"2026-09-11T00","SOCO","Southern Company Services, Inc. - Trans","BAT","Battery storage",86,"megawatthours"
"2026-09-11T00","SOCO","Southern Company Services, Inc. - Trans","COL","Coal",8369,"megawatthours"
"2026-09-11T00","SOCO","Southern Company Services, Inc. - Trans","NG","Natural Gas",23256,"megawatthours"
"2026-09-11T00","SOCO","Southern Company Services, Inc. - Trans","NUC","Nuclear",7810,"megawatthours"
"2026-09-11T00","SOCO","Southern Company Services, Inc. - Trans","OES","Other energy storage",0,"megawatthours"
"2026-09-11T00","SOCO","Southern Company Services, Inc. - Trans","OIL","Petroleum",0,"megawatthours"
"2026-09-11T00","SOCO","Southern Company Services, Inc. - Trans","OTH","Other",54,"megawatthours"
"2026-09-11T00","SOCO","Southern Company Services, Inc. - Trans","PS","Pumped storage",1580,"megawatthours"
"2026-09-11T00","SOCO","Southern Company Services, Inc. - Trans","SNB","Solar with integrated battery storage",8,"megawatthours"
"2026-09-11T00","SOCO","Southern Company Services, Inc. - Trans","SUN","Solar",69,"megawatthours"
"2026-09-11T00","SOCO","Southern Company Services, Inc. - Trans","WAT","Hydro",951,"megawatthours"
"2026-09-11T00","SOCO","Southern Company Services, Inc. - Trans","WND","Wind",0,"megawatthours"
"2026-09-11T00","SRP","Salt River Project Agricultural Improvement and Power District","BAT","Battery storage",-8,"megawatthours"
"2026-09-11T00","SRP","Salt River Project Agricultural Improvement and Power District","COL","Coal",1066,"megawatthours"
"2026-09-11T00","SRP","Salt River Project Agricultural Improvement and Power District","NG","Natural Gas",3827,"megawatthours"
"2026-09-11T00","SRP","Salt River Project Agricultural Improvement and Power District","NUC","Nuclear",3908,"megawatthours"
"2026-09-11T00","SRP","Salt River Project Agricultural Improvement and Power District","SNB","Solar with integrated battery storage",0,"megawatthours"
"2026-09-11T00","SRP","Salt River Project Agricultural Improvement and Power District","SUN","Solar",1237,"megawatthours"
"2026-09-11T00","SRP","Salt River Project Agricultural Improvement and Power District","WAT","Hydro",15,"megawatthours"
"2026-09-11T00","SRP","Salt River Project Agricultural Improvement and Power District","WND","Wind",30,"megawatthours"
"2026-09-11T00","SW","Southwest","BAT","Battery storage",639,"megawatthours"
"2026-09-11T00","SW","Southwest","COL","Coal",2949,"megawatthours"
"2026-09-11T00","SW","Southwest","GEO","Geothermal",6,"megawatthours"
"2026-09-11T00","SW","Southwest","NG","Natural Gas",8830,"megawatthours"
"2026-09-11T00","SW","Southwest","NUC","Nuclear",3908,"megawatthours"
"2026-09-11T00","SW","Southwest","OIL","Petroleum",0,"megawatthours"
"2026-09-11T00","SW","Southwest","OTH","Other",28,"megawatthours"
"2026-09-11T00","SW","Southwest","SNB","Solar with integrated battery storage",193,"megawatthours"
"2026-09-11T00","SW","Southwest","SUN","Solar",5798,"megawatthours"
"2026-09-11T00","SW","Southwest","UES","Unknown energy storage",-41,"megawatthours"
"2026-09-11T00","SW","Southwest","WAT","Hydro",470,"megawatthours"
"2026-09-11T00","SW","Southwest","WND","Wind",468,"megawatthours"
"2026-09-11T00","SWPP","Southwest Power Pool","BAT","Battery storage",173,"megawatthours"
"2026-09-11T00","SWPP","Southwest Power Pool","COL","Coal",15019,"megawatthours"
"2026-09-11T00","SWPP","Southwest Power Pool","NG","Natural Gas",20358,"megawatthours"
"2026-09-11T00","SWPP","Southwest Power Pool","NUC","Nuclear",1858,"megawatthours"
"2026-09-11T00","SWPP","Southwest Power Pool","OIL","Petroleum",0,"megawatthours"
"2026-09-11T00","SWPP","Southwest Power Pool","OTH","Other",88,"megawatthours"
"2026-09-11T00","SWPP","Southwest Power Pool","SUN","Solar",894,"megawatthours"
"2026-09-11T00","SWPP","Southwest Power Pool","WAT","Hydro",1712,"megawatthours"
"2026-09-11T00","SWPP","Southwest Power Pool","WND","Wind",5693,"megawatthours"
"2026-09-11T00","SWPW","Southwest Power Pool West Balancing Authority Area","BAT","Battery storage",58,"megawatthours"
"2026-09-11T00","SWPW","Southwest Power Pool West Balancing Authority Area","COL","Coal",974,"megawatthours"
"2026-09-11T00","SWPW","Southwest Power Pool West Balancing Authority Area","NG","Natural Gas",997,"megawatthours"
"2026-09-11T00","SWPW","Southwest Power Pool West Balancing Authority Area","NUC","Nuclear",0,"megawatthours"
"2026-09-11T00","SWPW","Southwest Power Pool West Balancing Authority Area","OIL","Petroleum",128,"megawatthours"
"2026-09-11T00","SWPW","Southwest Power Pool West Balancing Authority Area","OTH","Other",12,"megawatthours"
"2026-09-11T00","SWPW","Southwest Power Pool West Balancing Authority Area","SUN","Solar",777,"megawatthours"
"2026-09-11T00","SWPW","Southwest Power Pool West Balancing Authority Area","WAT","Hydro",883,"megawatthours"
"2026-09-11T00","SWPW","Southwest Power Pool West Balancing Authority Area","WND","Wind",317,"megawatthours"
"2026-09-11T00","TAL","City of Tallahassee","NG","Natural Gas",424,"megawatthours"
"2026-09-11T00","TAL","City of Tallahassee","SUN","Solar",1,"megawatthours"
"2026-09-11T00","TAL","City of Tallahassee","WAT","Hydro",0,"megawatthours"
"2026-09-11T00","TEC","Tampa Electric Company","COL","Coal",0,"megawatthours"
"2026-09-11T00","TEC","Tampa Electric Company","NG","Natural Gas",3109,"megawatthours"
"2026-09-11T00","TEC","Tampa Electric Company","OIL","Petroleum",0,"megawatthours"
"2026-09-11T00","TEC","Tampa Electric Company","OTH","Other",32,"megawatthours"
"2026-09-11T00","TEC","Tampa Electric Company","SNB","Solar with integrated battery storage",0,"megawatthours"
"2026-09-11T00","TEC","Tampa Electric Company","SUN","Solar",2,"megawatthours"
"2026-09-11T00","TEN","Tennessee","BAT","Battery storage",0,"megawatthours"
"2026-09-11T00","TEN","Tennessee","COL","Coal",3817,"megawatthours"
"2026-09-11T00","TEN","Tennessee","GEO","Geothermal",0,"megawatthours"
"2026-09-11T00","TEN","Tennessee","NG","Natural Gas",10119,"megawatthours"
"2026-09-11T00","TEN","Tennessee","NUC","Nuclear",7185,"megawatthours"
"2026-09-11T00","TEN","Tennessee","OES","Other energy storage",0,"megawatthours"
"2026-09-11T00","TEN","Tennessee","OIL","Petroleum",0,"megawatthours"
"2026-09-11T00","TEN","Tennessee","OTH","Other",46,"megawatthours"
"2026-09-11T00","TEN","Tennessee","PS","Pumped storage",1146,"megawatthours"
"2026-09-11T00","TEN","Tennessee","SNB","Solar with integrated battery storage",156,"megawatthours"
"2026-09-11T00","TEN","Tennessee","SUN","Solar",87,"megawatthours"
"2026-09-11T00","TEN","Tennessee","UNK","Unknown",0,"megawatthours"
"2026-09-11T00","TEN","Tennessee","WAT","Hydro",2600,"megawatthours"
"2026-09-11T00","TEN","Tennessee","WNB","Wind with integrated battery storage",0,"megawatthours"
"2026-09-11T00","TEN","Tennessee","WND","Wind",0,"megawatthours"
"2026-09-11T00","TEPC","Tucson Electric Power","BAT","Battery storage",250,"megawatthours"
"2026-09-11T00","TEPC","Tucson Electric Power","COL","Coal",551,"megawatthours"
"2026-09-11T00","TEPC","Tucson Electric Power","NG","Natural Gas",1359,"megawatthours"
"2026-09-11T00","TEPC","Tucson Electric Power","SUN","Solar",508,"megawatthours"
"2026-09-11T00","TEPC","Tucson Electric Power","WND","Wind",51,"megawatthours"
"2026-09-11T00","TEX","Texas","BAT","Battery storage",296,"megawatthours"
"2026-09-11T00","TEX","Texas","COL","Coal",9658,"megawatthours"
"2026-09-11T00","TEX","Texas","NG","Natural Gas",42786,"megawatthours"
"2026-09-11T00","TEX","Texas","NUC","Nuclear",4953,"megawatthours"
"2026-09-11T00","TEX","Texas","OTH","Other",90,"megawatthours"
"2026-09-11T00","TEX","Texas","SUN","Solar",8038,"megawatthours"
"2026-09-11T00","TEX","Texas","WAT","Hydro",77,"megawatthours"
"2026-09-11T00","TEX","Texas","WND","Wind",13764,"megawatthours"
"2026-09-11T00","TIDC","Turlock Irrigation District","NG","Natural Gas",387,"megawatthours"
"2026-09-11T00","TIDC","Turlock Irrigation District","WAT","Hydro",89,"megawatthours"
"2026-09-11T00","TPWR","City of Tacoma, Department of Public Utilities, Light Division","WAT","Hydro",176,"megawatthours"
"2026-09-11T00","TVA","Tennessee Valley Authority","BAT","Battery storage",0,"megawatthours"
"2026-09-11T00","TVA","Tennessee Valley Authority","COL","Coal",3817,"megawatthours"
"2026-09-11T00","TVA","Tennessee Valley Authority","GEO","Geothermal",0,"megawatthours"
"2026-09-11T00","TVA","Tennessee Valley Authority","NG","Natural Gas",10119,"megawatthours"
"2026-09-11T00","TVA","Tennessee Valley Authority","NUC","Nuclear",7185,"megawatthours"
"2026-09-11T00","TVA","Tennessee Valley Authority","OES","Other energy storage",0,"megawatthours"
"2026-09-11T00","TVA","Tennessee Valley Authority","OIL","Petroleum",0,"megawatthours"
"2026-09-11T00","TVA","Tennessee Valley Authority","OTH","Other",46,"megawatthours"
"2026-09-11T00","TVA","Tennessee Valley Authority","PS","Pumped storage",1146,"megawatthours"
"2026-09-11T00","TVA","Tennessee Valley Authority","SNB","Solar with integrated battery storage",156,"megawatthours"
"2026-09-11T00","TVA","Tennessee Valley Authority","SUN","Solar",87,"megawatthours"
"2026-09-11T00","TVA","Tennessee Valley Authority","UNK","Unknown",0,"megawatthours"
"2026-09-11T00","TVA","Tennessee Valley Authority","WAT","Hydro",2600,"megawatthours"
"2026-09-11T00","TVA","Tennessee Valley Authority","WNB","Wind with integrated battery storage",0,"megawatthours"
"2026-09-11T00","TVA","Tennessee Valley Authority","WND","Wind",0,"megawatthours"
"2026-09-11T00","US48","United States Lower 48","BAT","Battery storage",2544,"megawatthours"
"2026-09-11T00","US48","United States Lower 48","COL","Coal",119602,"megawatthours"
"2026-09-11T00","US48","United States Lower 48","GEO","Geothermal",1130,"megawatthours"
"2026-09-11T00","US48","United States Lower 48","NG","Natural Gas",314457,"megawatthours"
"2026-09-11T00","US48","United States Lower 48","NUC","Nuclear",92690,"megawatthours"
"2026-09-11T00","US48","United States Lower 48","OES","Other energy storage",0,"megawatthours"
"2026-09-11T00","US48","United States Lower 48","OIL","Petroleum",2293,"megawatthours"
"2026-09-11T00","US48","United States Lower 48","OTH","Other",8415,"megawatthours"
"2026-09-11T00","US48","United States Lower 48","PS","Pumped storage",5333,"megawatthours"
"2026-09-11T00","US48","United States Lower 48","SNB","Solar with integrated battery storage",749,"megawatthours"
"2026-09-11T00","US48","United States Lower 48","SUN","Solar",42954,"megawatthours"
"2026-09-11T00","US48","United States Lower 48","UES","Unknown energy storage",-41,"megawatthours"
"2026-09-11T00","US48","United States Lower 48","UNK","Unknown",0,"megawatthours"
"2026-09-11T00","US48","United States Lower 48","WAT","Hydro",35216,"megawatthours"
"2026-09-11T00","US48","United States Lower 48","WNB","Wind with integrated battery storage",0,"megawatthours"
"2026-09-11T00","US48","United States Lower 48","WND","Wind",45159,"megawatthours"
"2026-09-11T00","WALC","Western Area Power Administration - Desert Southwest Region","NG","Natural Gas",765,"megawatthours"
"2026-09-11T00","WALC","Western Area Power Administration - Desert Southwest Region","SNB","Solar with integrated battery storage",84,"megawatthours"
"2026-09-11T00","WALC","Western Area Power Administration - Desert Southwest Region","SUN","Solar",39,"megawatthours"
"2026-09-11T00","WALC","Western Area Power Administration - Desert Southwest Region","WAT","Hydro",455,"megawatthours"
"2026-09-11T00","WALC","Western Area Power Administration - Desert Southwest Region","WND","Wind",19,"megawatthours"
"2026-09-11T00","YAD","Alcoa Power Generating, Inc. - Yadkin Division","WAT","Hydro",149,"megawatthours"
"2026-09-10T23","AECI","Associated Electric Cooperative, Inc.","COL","Coal",969,"megawatthours"
"2026-09-10T23","AECI","Associated Electric Cooperative, Inc.","NG","Natural Gas",1529,"megawatthours"
"2026-09-10T23","AECI","Associated Electric Cooperative, Inc.","WND","Wind",13,"megawatthours"
"2026-09-10T23","AVA","Avista Corporation","NG","Natural Gas",375,"megawatthours"
"2026-09-10T23","AVA","Avista Corporation","OTH","Other",114,"megawatthours"
"2026-09-10T23","AVA","Avista Corporation","SUN","Solar",7,"megawatthours"
"2026-09-10T23","AVA","Avista Corporation","WAT","Hydro",363,"megawatthours"
"2026-09-10T23","AVA","Avista Corporation","WND","Wind",221,"megawatthours"
"2026-09-10T23","AVRN","Avangrid Renewables, LLC","NG","Natural Gas",478,"megawatthours"
"2026-09-10T23","AVRN","Avangrid Renewables, LLC","SUN","Solar",0,"megawatthours"
"2026-09-10T23","AVRN","Avangrid Renewables, LLC","WAT","Hydro",0,"megawatthours"
"2026-09-10T23","AVRN","Avangrid Renewables, LLC","WND","Wind",1796,"megawatthours"
"2026-09-10T23","AZPS","Arizona Public Service Company","BAT","Battery storage",37,"megawatthours"
"2026-09-10T23","AZPS","Arizona Public Service Company","COL","Coal",1013,"megawatthours"
"2026-09-10T23","AZPS","Arizona Public Service Company","NG","Natural Gas",1285,"megawatthours"
"2026-09-10T23","AZPS","Arizona Public Service Company","NUC","Nuclear",0,"megawatthours"
"2026-09-10T23","AZPS","Arizona Public Service Company","OIL","Petroleum",0,"megawatthours"
"2026-09-10T23","AZPS","Arizona Public Service Company","OTH","Other",28,"megawatthours"
"2026-09-10T23","AZPS","Arizona Public Service Company","SUN","Solar",2382,"megawatthours"
"2026-09-10T23","AZPS","Arizona Public Service Company","UES","Unknown energy storage",-31,"megawatthours"
"2026-09-10T23","AZPS","Arizona Public Service Company","WAT","Hydro",0,"megawatthours"
"2026-09-10T23","AZPS","Arizona Public Service Company","WND","Wind",84,"megawatthours"
"2026-09-10T23","BANC","Balancing Authority of Northern California","NG","Natural Gas",1570,"megawatthours"
"2026-09-10T23","BANC","Balancing Authority of Northern California","OTH","Other",13,"megawatthours"
"2026-09-10T23","BANC","Balancing Authority of Northern California","SUN","Solar",278,"megawatthours"
"2026-09-10T23","BANC","Balancing Authority of Northern California","WAT","Hydro",671,"megawatthours"
"2026-09-10T23","BHBA","Black Hills Energy","COL","Coal",715,"megawatthours"
"2026-09-10T23","BHBA","Black Hills Energy","NG","Natural Gas",240,"megawatthours"
"2026-09-10T23","BHBA","Black Hills Energy","OIL","Petroleum",0,"megawatthours"
"2026-09-10T23","BHBA","Black Hills Energy","SUN","Solar",214,"megawatthours"
"2026-09-10T23","BHBA","Black Hills Energy","WAT","Hydro",2,"megawatthours"
"2026-09-10T23","BHBA","Black Hills Energy","WND","Wind",34,"megawatthours"
"2026-09-10T23","BPAT","Bonneville Power Administration","NG","Natural Gas",1002,"megawatthours"
"2026-09-10T23","BPAT","Bonneville Power Administration","NUC","Nuclear",1126,"megawatthours"
"2026-09-10T23","BPAT","Bonneville Power Administration","OTH","Other",98,"megawatthours"
"2026-09-10T23","BPAT","Bonneville Power Administration","SNB","Solar with integrated battery storage",15,"megawatthours"
"2026-09-10T23","BPAT","Bonneville Power Administration","SUN","Solar",274,"megawatthours"
"2026-09-10T23","BPAT","Bonneville Power Administration","WAT","Hydro",5136,"megawatthours"
"2026-09-10T23","BPAT","Bonneville Power Administration","WND","Wind",2020,"megawatthours"
"2026-09-10T23","CAL","California","BAT","Battery storage",4,"megawatthours"
"2026-09-10T23","CAL","California","COL","Coal",0,"megawatthours"
"2026-09-10T23","CAL","California","GEO","Geothermal",1121,"megawatthours"
"2026-09-10T23","CAL","California","NG","Natural Gas",20438,"megawatthours"
"2026-09-10T23","CAL","California","NUC","Nuclear",2219,"megawatthours"
"2026-09-10T23","CAL","California","OIL","Petroleum",18,"megawatthours"
"2026-09-10T23","CAL","California","OTH","Other",-790,"megawatthours"
"2026-09-10T23","CAL","California","PS","Pumped storage",362,"megawatthours"
"2026-09-10T23","CAL","California","SNB","Solar with integrated battery storage",414,"megawatthours"
"2026-09-10T23","CAL","California","SUN","Solar",18758,"megawatthours"
"2026-09-10T23","CAL","California","WAT","Hydro",3518,"megawatthours"
"2026-09-10T23","CAL","California","WND","Wind",4137,"megawatthours"
"2026-09-10T23","CAR","Carolinas","BAT","Battery storage",149,"megawatthours"
"2026-09-10T23","CAR","Carolinas","COL","Coal",8663,"megawatthours"
"2026-09-10T23","CAR","Carolinas","NG","Natural Gas",13096,"megawatthours"
"2026-09-10T23","CAR","Carolinas","NUC","Nuclear",10562,"megawatthours"
"2026-09-10T23","CAR","Carolinas","OIL","Petroleum",0,"megawatthours"
"2026-09-10T23","CAR","Carolinas","OTH","Other",1365,"megawatthours"
"2026-09-10T23","CAR","Carolinas","PS","Pumped storage",1288,"megawatthours"
"2026-09-10T23","CAR","Carolinas","SNB","Solar with integrated battery storage",26,"megawatthours"
"2026-09-10T23","CAR","Carolinas","SUN","Solar",857,"megawatthours"
"2026-09-10T23","CAR","Carolinas","WAT","Hydro",967,"megawatthours"
"2026-09-10T23","CENT","Central","BAT","Battery storage",158,"megawatthours"
"2026-09-10T23","CENT","Central","COL","Coal",14768,"megawatthours"
"2026-09-10T23","CENT","Central","NG","Natural Gas",20400,"megawatthours"
"2026-09-10T23","CENT","Central","NUC","Nuclear",1859,"megawatthours"
"2026-09-10T23","CENT","Central","OIL","Petroleum",0,"megawatthours"
"2026-09-10T23","CENT","Central","OTH","Other",85,"megawatthours"
"2026-09-10T23","CENT","Central","SUN","Solar",1445,"megawatthours"
"2026-09-10T23","CENT","Central","WAT","Hydro",1872,"megawatthours"
"2026-09-10T23","CENT","Central","WND","Wind",5329,"megawatthours"
"2026-09-10T23","CHPD","Public Utility District No. 1 of Chelan County","WAT","Hydro",510,"megawatthours"
"2026-09-10T23","CHPD","Public Utility District No. 1 of Chelan County","WND","Wind",2,"megawatthours"
"2026-09-10T23","CISO","California Independent System Operator","COL","Coal",0,"megawatthours"
"2026-09-10T23","CISO","California Independent System Operator","GEO","Geothermal",723,"megawatthours"
"2026-09-10T23","CISO","California Independent System Operator","NG","Natural Gas",15983,"megawatthours"
"2026-09-10T23","CISO","California Independent System Operator","NUC","Nuclear",2219,"megawatthours"
"2026-09-10T23","CISO","California Independent System Operator","OIL","Petroleum",18,"megawatthours"
"2026-09-10T23","CISO","California Independent System Operator","OTH","Other",-1033,"megawatthours"
"2026-09-10T23","CISO","California Independent System Operator","SUN","Solar",17189,"megawatthours"
"2026-09-10T23","CISO","California Independent System Operator","WAT","Hydro",2591,"megawatthours"
"2026-09-10T23","CISO","California Independent System Operator","WND","Wind",4088,"megawatthours"
"2026-09-10T23","CPLE","Duke Energy Progress East","BAT","Battery storage",77,"megawatthours"
"2026-09-10T23","CPLE","Duke Energy Progress East","COL","Coal",2180,"megawatthours"
"2026-09-10T23","CPLE","Duke Energy Progress East","NG","Natural Gas",2727,"megawatthours"
"2026-09-10T23","CPLE","Duke Energy Progress East","NUC","Nuclear",3559,"megawatthours"
"2026-09-10T23","CPLE","Duke Energy Progress East","OIL","Petroleum",0,"megawatthours"
"2026-09-10T23","CPLE","Duke Energy Progress East","OTH","Other",1131,"megawatthours"
"2026-09-10T23","CPLE","Duke Energy Progress East","SNB","Solar with integrated battery storage",26,"megawatthours"
"2026-09-10T23","CPLE","Duke Energy Progress East","SUN","Solar",375,"megawatthours"
"2026-09-10T23","CPLE","Duke Energy Progress East","WAT","Hydro",7,"megawatthours"
"2026-09-10T23","CPLW","Duke Energy Progress West","BAT","Battery storage",0,"megawatthours"
"2026-09-10T23","CPLW","Duke Energy Progress West","NG","Natural Gas",498,"megawatthours"
"2026-09-10T23","CPLW","Duke Energy Progress West","OTH","Other",166,"megawatthours"
"2026-09-10T23","CPLW","Duke Energy Progress West","SUN","Solar",2,"megawatthours"
"2026-09-10T23","CPLW","Duke Energy Progress West","WAT","Hydro",4,"megawatthours"
"2026-09-10T23","DEAA","Arlington Valley, LLC","NG","Natural Gas",348,"megawatthours"
"2026-09-10T23","DOPD","PUD No. 1 of Douglas County","WAT","Hydro",177,"megawatthours"
"2026-09-10T23","DUK","Duke Energy Carolinas","BAT","Battery storage",72,"megawatthours"
"2026-09-10T23","DUK","Duke Energy Carolinas","COL","Coal",4303,"megawatthours"
"2026-09-10T23","DUK","Duke Energy Carolinas","NG","Natural Gas",6452,"megawatthours"
"2026-09-10T23","DUK","Duke Energy Carolinas","NUC","Nuclear",6035,"megawatthours"
"2026-09-10T23","DUK","Duke Energy Carolinas","OTH","Other",-1,"megawatthours"
"2026-09-10T23","DUK","Duke Energy Carolinas","PS","Pumped storage",1288,"megawatthours"
"2026-09-10T23","DUK","Duke Energy Carolinas","SUN","Solar",205,"megawatthours"
"2026-09-10T23","DUK","Duke Energy Carolinas","WAT","Hydro",404,"megawatthours"
"2026-09-10T23","EPE","El Paso Electric Company","NG","Natural Gas",502,"megawatthours"
"2026-09-10T23","EPE","El Paso Electric Company","SNB","Solar with integrated battery storage",119,"megawatthours"
"2026-09-10T23","EPE","El Paso Electric Company","SUN","Solar",518,"megawatthours"
"2026-09-10T23","ERCO","Electric Reliability Council of Texas, Inc.","BAT","Battery storage",356,"megawatthours"
"2026-09-10T23","ERCO","Electric Reliability Council of Texas, Inc.","COL","Coal",9549,"megawatthours"
"2026-09-10T23","ERCO","Electric Reliability Council of Texas, Inc.","NG","Natural Gas",42600,"megawatthours"
"2026-09-10T23","ERCO","Electric Reliability Council of Texas, Inc.","NUC","Nuclear",4955,"megawatthours"
"2026-09-10T23","ERCO","Electric Reliability Council of Texas, Inc.","OTH","Other",93,"megawatthours"
"2026-09-10T23","ERCO","Electric Reliability Council of Texas, Inc.","SUN","Solar",14228,"megawatthours"
"2026-09-10T23","ERCO","Electric Reliability Council of Texas, Inc.","WAT","Hydro",130,"megawatthours"
"2026-09-10T23","ERCO","Electric Reliability Council of Texas, Inc.","WND","Wind",10283,"megawatthours"
"2026-09-10T23","FLA","Florida","BAT","Battery storage",12,"megawatthours"
"2026-09-10T23","FLA","Florida","COL","Coal",3634,"megawatthours"
"2026-09-10T23","FLA","Florida","NG","Natural Gas",32857,"megawatthours"
"2026-09-10T23","FLA","Florida","NUC","Nuclear",3830,"megawatthours"
"2026-09-10T23","FLA","Florida","OIL","Petroleum",174,"megawatthours"
"2026-09-10T23","FLA","Florida","OTH","Other",811,"megawatthours"
"2026-09-10T23","FLA","Florida","SNB","Solar with integrated battery storage",23,"megawatthours"
"2026-09-10T23","FLA","Florida","SUN","Solar",930,"megawatthours"
"2026-09-10T23","FLA","Florida","WAT","Hydro",14,"megawatthours"
"2026-09-10T23","FMPP","Florida Municipal Power Pool","COL","Coal",940,"megawatthours"
"2026-09-10T23","FMPP","Florida Municipal Power Pool","NG","Natural Gas",2128,"megawatthours"
"2026-09-10T23","FMPP","Florida Municipal Power Pool","NUC","Nuclear",132,"megawatthours"
"2026-09-10T23","FMPP","Florida Municipal Power Pool","OIL","Petroleum",0,"megawatthours"
"2026-09-10T23","FMPP","Florida Municipal Power Pool","OTH","Other",7,"megawatthours"
"2026-09-10T23","FMPP","Florida Municipal Power Pool","SUN","Solar",6,"megawatthours"
"2026-09-10T23","FPC","Duke Energy Florida, Inc.","COL","Coal",1307,"megawatthours"
"2026-09-10T23","FPC","Duke Energy Florida, Inc.","NG","Natural Gas",6578,"megawatthours"
"2026-09-10T23","FPC","Duke Energy Florida, Inc.","OIL","Petroleum",174,"megawatthours"
"2026-09-10T23","FPC","Duke Energy Florida, Inc.","OTH","Other",51,"megawatthours"
"2026-09-10T23","FPC","Duke Energy Florida, Inc.","SUN","Solar",520,"megawatthours"
"2026-09-10T23","FPC","Duke Energy Florida, Inc.","WAT","Hydro",14,"megawatthours"
"2026-09-10T23","FPL","Florida Power & Light Co.","BAT","Battery storage",12,"megawatthours"
"2026-09-10T23","FPL","Florida Power & Light Co.","NG","Natural Gas",17683,"megawatthours"
"2026-09-10T23","FPL","Florida Power & Light Co.","NUC","Nuclear",3698,"megawatthours"
"2026-09-10T23","FPL","Florida Power & Light Co.","OIL","Petroleum",0,"megawatthours"
"2026-09-10T23","FPL","Florida Power & Light Co.","OTH","Other",659,"megawatthours"
"2026-09-10T23","FPL","Florida Power & Light Co.","SNB","Solar with integrated battery storage",21,"megawatthours"
"2026-09-10T23","FPL","Florida Power & Light Co.","SUN","Solar",364,"megawatthours"
"2026-09-10T23","GCPD","Public Utility District No. 2 of Grant County, Washington","WAT","Hydro",461,"megawatthours"
"2026-09-10T23","GRID","Gridforce Energy Management, LLC","COL","Coal",0,"megawatthours"
"2026-09-10T23","GRID","Gridforce Energy Management, LLC","NG","Natural Gas",1719,"megawatthours"
"2026-09-10T23","GRID","Gridforce Energy Management, LLC","SUN","Solar",124,"megawatthours"
"2026-09-10T23","GRID","Gridforce Energy Management, LLC","WND","Wind",-4,"megawatthours"
"2026-09-10T23","GVL","Gainesville Regional Utilities","COL","Coal",0,"megawatthours"
"2026-09-10T23","GVL","Gainesville Regional Utilities","NG","Natural Gas",189,"megawatthours"
"2026-09-10T23","GVL","Gainesville Regional Utilities","OTH","Other",64,"megawatthours"
"2026-09-10T23","GWA","NaturEner Power Watch, LLC","WND","Wind",53,"megawatthours"
"2026-09-10T23","HST","City of Homestead","NG","Natural Gas",0,"megawatthours"
"2026-09-10T23","IID","Imperial Irrigation District","BAT","Battery storage",2,"megawatthours"
"2026-09-10T23","IID","Imperial Irrigation District","GEO","Geothermal",398,"megawatthours"
"2026-09-10T23","IID","Imperial Irrigation District","NG","Natural Gas",93,"megawatthours"
"2026-09-10T23","IID","Imperial Irrigation District","OIL","Petroleum",0,"megawatthours"
"2026-09-10T23","IID","Imperial Irrigation District","SNB","Solar with integrated battery storage",20,"megawatthours"
"2026-09-10T23","IID","Imperial Irrigation District","SUN","Solar",460,"megawatthours"
"2026-09-10T23","IID","Imperial Irrigation District","WAT","Hydro",18,"megawatthours"
"2026-09-10T23","IPCO","Idaho Power Company","BAT","Battery storage",-150,"megawatthours"
"2026-09-10T23","IPCO","Idaho Power Company","GEO","Geothermal",19,"megawatthours"
"2026-09-10T23","IPCO","Idaho Power Company","NG","Natural Gas",644,"megawatthours"
"2026-09-10T23","IPCO","Idaho Power Company","OIL","Petroleum",0,"megawatthours"
"2026-09-10T23","IPCO","Idaho Power Company","OTH","Other",33,"megawatthours"
"2026-09-10T23","IPCO","Idaho Power Company","SUN","Solar",185,"megawatthours"
"2026-09-10T23","IPCO","Idaho Power Company","WAT","Hydro",571,"megawatthours"
"2026-09-10T23","IPCO","Idaho Power Company","WND","Wind",168,"megawatthours"
"2026-09-10T23","ISNE","ISO New England","BAT","Battery storage",269,"megawatthours"
"2026-09-10T23","ISNE","ISO New England","NG","Natural Gas",9095,"megawatthours"
"2026-09-10T23","ISNE","ISO New England","NUC","Nuclear",3533,"megawatthours"
"2026-09-10T23","ISNE","ISO New England","OTH","Other",632,"megawatthours"
"2026-09-10T23","ISNE","ISO New England","PS","Pumped storage",1324,"megawatthours"
"2026-09-10T23","ISNE","ISO New England","SNB","Solar with integrated battery storage",9,"megawatthours"
"2026-09-10T23","ISNE","ISO New England","SUN","Solar",78,"megawatthours"
"2026-09-10T23","ISNE","ISO New England","WAT","Hydro",326,"megawatthours"
"2026-09-10T23","ISNE","ISO New England","WND","Wind",2024,"megawatthours"
"2026-09-10T23","JEA","JEA","COL","Coal",807,"megawatthours"
"2026-09-10T23","JEA","JEA","NG","Natural Gas",897,"megawatthours"
"2026-09-10T23","JEA","JEA","OIL","Petroleum",0,"megawatthours"
"2026-09-10T23","JEA","JEA","OTH","Other",2,"megawatthours"
"2026-09-10T23","JEA","JEA","SUN","Solar",2,"megawatthours"
"2026-09-10T23","LDWP","Los Angeles Department of Water and Power","BAT","Battery storage",2,"megawatthours"
"2026-09-10T23","LDWP","Los Angeles Department of Water and Power","NG","Natural Gas",2405,"megawatthours"
"2026-09-10T23","LDWP","Los Angeles Department of Water and Power","OTH","Other",230,"megawatthours"
"2026-09-10T23","LDWP","Los Angeles Department of Water and Power","PS","Pumped storage",362,"megawatthours"
"2026-09-10T23","LDWP","Los Angeles Department of Water and Power","SNB","Solar with integrated battery storage",394,"megawatthours"
"2026-09-10T23","LDWP","Los Angeles Department of Water and Power","SUN","Solar",831,"megawatthours"
"2026-09-10T23","LDWP","Los Angeles Department of Water and Power","WAT","Hydro",163,"megawatthours"
"2026-09-10T23","LDWP","Los Angeles Department of Water and Power","WND","Wind",49,"megawatthours"
"2026-09-10T23","LGEE","LG&E and KU Services Company as agent for Louisville Gas and Electric Company and Kentucky Utilities Company","COL","Coal",4444,"megawatthours"
"2026-09-10T23","LGEE","LG&E and KU Services Company as agent for Louisville Gas and Electric Company and Kentucky Utilities Company","NG","Natural Gas",732,"megawatthours"
"2026-09-10T23","LGEE","LG&E and KU Services Company as agent for Louisville Gas and Electric Company and Kentucky Utilities Company","OIL","Petroleum",0,"megawatthours"
"2026-09-10T23","LGEE","LG&E and KU Services Company as agent for Louisville Gas and Electric Company and Kentucky Utilities Company","SUN","Solar",6,"megawatthours"
"2026-09-10T23","LGEE","LG&E and KU Services Company as agent for Louisville Gas and Electric Company and Kentucky Utilities Company","WAT","Hydro",51,"megawatthours"
"2026-09-10T23","MIDA","Mid-Atlantic","COL","Coal",25510,"megawatthours"
"2026-09-10T23","MIDA","Mid-Atlantic","NG","Natural Gas",63599,"megawatthours"
"2026-09-10T23","MIDA","Mid-Atlantic","NUC","Nuclear",30898,"megawatthours"
"2026-09-10T23","MIDA","Mid-Atlantic","OIL","Petroleum",2011,"megawatthours"
"2026-09-10T23","MIDA","Mid-Atlantic","OTH","Other",3928,"megawatthours"
"2026-09-10T23","MIDA","Mid-Atlantic","SUN","Solar",1721,"megawatthours"
"2026-09-10T23","MIDA","Mid-Atlantic","WAT","Hydro",5375,"megawatthours"
"2026-09-10T23","MIDA","Mid-Atlantic","WND","Wind",1029,"megawatthours"
"2026-09-10T23","MIDW","Midwest","BAT","Battery storage",90,"megawatthours"
"2026-09-10T23","MIDW","Midwest","COL","Coal",32300,"megawatthours"
"2026-09-10T23","MIDW","Midwest","NG","Natural Gas",43848,"megawatthours"
"2026-09-10T23","MIDW","Midwest","NUC","Nuclear",11669,"megawatthours"
"2026-09-10T23","MIDW","Midwest","OIL","Petroleum",0,"megawatthours"
"2026-09-10T23","MIDW","Midwest","OTH","Other",556,"megawatthours"
"2026-09-10T23","MIDW","Midwest","SUN","Solar",7410,"megawatthours"
"2026-09-10T23","MIDW","Midwest","WAT","Hydro",2299,"megawatthours"
"2026-09-10T23","MIDW","Midwest","WND","Wind",5270,"megawatthours"
"2026-09-10T23","MISO","Midcontinent Independent System Operator, Inc.","BAT","Battery storage",90,"megawatthours"
"2026-09-10T23","MISO","Midcontinent Independent System Operator, Inc.","COL","Coal",26856,"megawatthours"
"2026-09-10T23","MISO","Midcontinent Independent System Operator, Inc.","NG","Natural Gas",41587,"megawatthours"
"2026-09-10T23","MISO","Midcontinent Independent System Operator, Inc.","NUC","Nuclear",11669,"megawatthours"
"2026-09-10T23","MISO","Midcontinent Independent System Operator, Inc.","OTH","Other",556,"megawatthours"
"2026-09-10T23","MISO","Midcontinent Independent System Operator, Inc.","SUN","Solar",7404,"megawatthours"
"2026-09-10T23","MISO","Midcontinent Independent System Operator, Inc.","WAT","Hydro",2248,"megawatthours"
"2026-09-10T23","MISO","Midcontinent Independent System Operator, Inc.","WND","Wind",5257,"megawatthours"
"2026-09-10T23","NE","New England","BAT","Battery storage",269,"megawatthours"
"2026-09-10T23","NE","New England","NG","Natural Gas",9095,"megawatthours"
"2026-09-10T23","NE","New England","NUC","Nuclear",3533,"megawatthours"
"2026-09-10T23","NE","New England","OTH","Other",632,"megawatthours"
"2026-09-10T23","NE","New England","PS","Pumped storage",1324,"megawatthours"
"2026-09-10T23","NE","New England","SNB","Solar with integrated battery storage",9,"megawatthours"
"2026-09-10T23","NE","New England","SUN","Solar",78,"megawatthours"
"2026-09-10T23","NE","New England","WAT","Hydro",326,"megawatthours"
"2026-09-10T23","NE","New England","WND","Wind",2024,"megawatthours"
"2026-09-10T23","NEVP","Nevada Power Company","COL","Coal",569,"megawatthours"
"2026-09-10T23","NEVP","Nevada Power Company","NG","Natural Gas",3904,"megawatthours"
"2026-09-10T23","NEVP","Nevada Power Company","NUC","Nuclear",0,"megawatthours"
"2026-09-10T23","NEVP","Nevada Power Company","OIL","Petroleum",0,"megawatthours"
"2026-09-10T23","NEVP","Nevada Power Company","OTH","Other",259,"megawatthours"
"2026-09-10T23","NEVP","Nevada Power Company","SUN","Solar",2604,"megawatthours"
"2026-09-10T23","NEVP","Nevada Power Company","WAT","Hydro",5,"megawatthours"
"2026-09-10T23","NEVP","Nevada Power Company","WND","Wind",8,"megawatthours"
"2026-09-10T23","NW","Northwest","BAT","Battery storage",18,"megawatthours"
"2026-09-10T23","NW","Northwest","COL","Coal",8987,"megawatthours"
"2026-09-10T23","NW","Northwest","GEO","Geothermal",19,"megawatthours"
"2026-09-10T23","NW","Northwest","NG","Natural Gas",14047,"megawatthours"
"2026-09-10T23","NW","Northwest","NUC","Nuclear",1126,"megawatthours"
"2026-09-10T23","NW","Northwest","OIL","Petroleum",174,"megawatthours"
"2026-09-10T23","NW","Northwest","OTH","Other",707,"megawatthours"
"2026-09-10T23","NW","Northwest","SNB","Solar with integrated battery storage",15,"megawatthours"
"2026-09-10T23","NW","Northwest","SUN","Solar",9334,"megawatthours"
"2026-09-10T23","NW","Northwest","WAT","Hydro",9334,"megawatthours"
"2026-09-10T23","NW","Northwest","WND","Wind",11780,"megawatthours"
"2026-09-10T23","NWMT","NorthWestern Corporation","COL","Coal",1277,"megawatthours"
"2026-09-10T23","NWMT","NorthWestern Corporation","NG","Natural Gas",290,"megawatthours"
"2026-09-10T23","NWMT","NorthWestern Corporation","OIL","Petroleum",56,"megawatthours"
"2026-09-10T23","NWMT","NorthWestern Corporation","SUN","Solar",94,"megawatthours"
"2026-09-10T23","NWMT","NorthWestern Corporation","WAT","Hydro",347,"megawatthours"
"2026-09-10T23","NWMT","NorthWestern Corporation","WND","Wind",711,"megawatthours"
"2026-09-10T23","NY","New York","COL","Coal",0,"megawatthours"
"2026-09-10T23","NY","New York","NG","Natural Gas",11176,"megawatthours"
"2026-09-10T23","NY","New York","NUC","Nuclear",3118,"megawatthours"
"2026-09-10T23","NY","New York","OIL","Petroleum",0,"megawatthours"
"2026-09-10T23","NY","New York","OTH","Other",335,"megawatthours"
"2026-09-10T23","NY","New York","SUN","Solar",0,"megawatthours"
"2026-09-10T23","NY","New York","WAT","Hydro",4044,"megawatthours"
"2026-09-10T23","NY","New York","WND","Wind",983,"megawatthours"
"2026-09-10T23","NYIS","New York Independent System Operator","COL","Coal",0,"megawatthours"
"2026-09-10T23","NYIS","New York Independent System Operator","NG","Natural Gas",11176,"megawatthours"
"2026-09-10T23","NYIS","New York Independent System Operator","NUC","Nuclear",3118,"megawatthours"
"2026-09-10T23","NYIS","New York Independent System Operator","OIL","Petroleum",0,"megawatthours"
"2026-09-10T23","NYIS","New York Independent System Operator","OTH","Other",335,"megawatthours"
"2026-09-10T23","NYIS","New York Independent System Operator","SUN","Solar",0,"megawatthours"
"2026-09-10T23","NYIS","New York Independent System Operator","WAT","Hydro",4044,"megawatthours"
"2026-09-10T23","NYIS","New York Independent System Operator","WND","Wind",983,"megawatthours"
"2026-09-10T23","PACE","PacifiCorp East","COL","Coal",3427,"megawatthours"
"2026-09-10T23","PACE","PacifiCorp East","NG","Natural Gas",1172,"megawatthours"
"2026-09-10T23","PACE","PacifiCorp East","OTH","Other",126,"megawatthours"
"2026-09-10T23","PACE","PacifiCorp East","SUN","Solar",3045,"megawatthours"
"2026-09-10T23","PACE","PacifiCorp East","WAT","Hydro",109,"megawatthours"
"2026-09-10T23","PACE","PacifiCorp East","WND","Wind",3081,"megawatthours"
"2026-09-10T23","PACW","PacifiCorp West","NG","Natural Gas",403,"megawatthours"
"2026-09-10T23","PACW","PacifiCorp West","OTH","Other",38,"megawatthours"
"2026-09-10T23","PACW","PacifiCorp West","SUN","Solar",374,"megawatthours"
"2026-09-10T23","PACW","PacifiCorp West","WAT","Hydro",108,"megawatthours"
"2026-09-10T23","PACW","PacifiCorp West","WND","Wind",636,"megawatthours"
"2026-09-10T23","PGE","Portland General Electric Company","BAT","Battery storage",-8,"megawatthours"
"2026-09-10T23","PGE","Portland General Electric Company","COL","Coal",0,"megawatthours"
"2026-09-10T23","PGE","Portland General Electric Company","NG","Natural Gas",609,"megawatthours"
"2026-09-10T23","PGE","Portland General Electric Company","OTH","Other",0,"megawatthours"
"2026-09-10T23","PGE","Portland General Electric Company","WAT","Hydro",76,"megawatthours"
"2026-09-10T23","PGE","Portland General Electric Company","WND","Wind",0,"megawatthours"
"2026-09-10T23","PJM","PJM Interconnection, LLC","COL","Coal",25510,"megawatthours"
"2026-09-10T23","PJM","PJM Interconnection, LLC","NG","Natural Gas",63599,"megawatthours"
"2026-09-10T23","PJM","PJM Interconnection, LLC","NUC","Nuclear",30898,"megawatthours"
"2026-09-10T23","PJM","PJM Interconnection, LLC","OIL","Petroleum",2011,"megawatthours"
"2026-09-10T23","PJM","PJM Interconnection, LLC","OTH","Other",3928,"megawatthours"
"2026-09-10T23","PJM","PJM Interconnection, LLC","SUN","Solar",1721,"megawatthours"
"2026-09-10T23","PJM","PJM Interconnection, LLC","WAT","Hydro",5375,"megawatthours"
"2026-09-10T23","PJM","PJM Interconnection, LLC","WND","Wind",1029,"megawatthours"
"2026-09-10T23","PNM","Public Service Company of New Mexico","BAT","Battery storage",-108,"megawatthours"
"2026-09-10T23","PNM","Public Service Company of New Mexico","COL","Coal",313,"megawatthours"
"2026-09-10T23","PNM","Public Service Company of New Mexico","GEO","Geothermal",7,"megawatthours"
"2026-09-10T23","PNM","Public Service Company of New Mexico","NG","Natural Gas",464,"megawatthours"
"2026-09-10T23","PNM","Public Service Company of New Mexico","SUN","Solar",1861,"megawatthours"
"2026-09-10T23","PNM","Public Service Company of New Mexico","WAT","Hydro",0,"megawatthours"
"2026-09-10T23","PNM","Public Service Company of New Mexico","WND","Wind",307,"megawatthours"
"2026-09-10T23","PSCO","Public Service Company of Colorado","BAT","Battery storage",121,"megawatthours"
"2026-09-10T23","PSCO","Public Service Company of Colorado","COL","Coal",2057,"megawatthours"
"2026-09-10T23","PSCO","Public Service Company of Colorado","NG","Natural Gas",1749,"megawatthours"
"2026-09-10T23","PSCO","Public Service Company of Colorado","OIL","Petroleum",0,"megawatthours"
"2026-09-10T23","PSCO","Public Service Company of Colorado","SUN","Solar",1488,"megawatthours"
"2026-09-10T23","PSCO","Public Service Company of Colorado","WAT","Hydro",7,"megawatthours"
"2026-09-10T23","PSCO","Public Service Company of Colorado","WND","Wind",2397,"megawatthours"
"2026-09-10T23","PSEI","Puget Sound Energy, Inc.","COL","Coal",0,"megawatthours"
"2026-09-10T23","PSEI","Puget Sound Energy, Inc.","NG","Natural Gas",593,"megawatthours"
"2026-09-10T23","PSEI","Puget Sound Energy, Inc.","OIL","Petroleum",0,"megawatthours"
"2026-09-10T23","PSEI","Puget Sound Energy, Inc.","OTH","Other",26,"megawatthours"
"2026-09-10T23","PSEI","Puget Sound Energy, Inc.","SUN","Solar",3,"megawatthours"
"2026-09-10T23","PSEI","Puget Sound Energy, Inc.","WAT","Hydro",21,"megawatthours"
"2026-09-10T23","PSEI","Puget Sound Energy, Inc.","WND","Wind",327,"megawatthours"
"2026-09-10T23","SC","South Carolina Public Service Authority","COL","Coal",1855,"megawatthours"
"2026-09-10T23","SC","South Carolina Public Service Authority","NG","Natural Gas",889,"megawatthours"
"2026-09-10T23","SC","South Carolina Public Service Authority","OIL","Petroleum",0,"megawatthours"
"2026-09-10T23","SC","South Carolina Public Service Authority","OTH","Other",69,"megawatthours"
"2026-09-10T23","SC","South Carolina Public Service Authority","SUN","Solar",83,"megawatthours"
"2026-09-10T23","SC","South Carolina Public Service Authority","WAT","Hydro",117,"megawatthours"
"2026-09-10T23","SCEG","Dominion Energy South Carolina, Inc.","COL","Coal",325,"megawatthours"
"2026-09-10T23","SCEG","Dominion Energy South Carolina, Inc.","NG","Natural Gas",2530,"megawatthours"
"2026-09-10T23","SCEG","Dominion Energy South Carolina, Inc.","NUC","Nuclear",968,"megawatthours"
"2026-09-10T23","SCEG","Dominion Energy South Carolina, Inc.","OTH","Other",0,"megawatthours"
"2026-09-10T23","SCEG","Dominion Energy South Carolina, Inc.","SUN","Solar",192,"megawatthours"
"2026-09-10T23","SCEG","Dominion Energy South Carolina, Inc.","WAT","Hydro",287,"megawatthours"
"2026-09-10T23","SCL","Seattle City Light","WAT","Hydro",423,"megawatthours"
"2026-09-10T23","SE","Southeast","BAT","Battery storage",404,"megawatthours"
"2026-09-10T23","SE","Southeast","COL","Coal",8342,"megawatthours"
"2026-09-10T23","SE","Southeast","NG","Natural Gas",23215,"megawatthours"
"2026-09-10T23","SE","Southeast","NUC","Nuclear",7809,"megawatthours"
"2026-09-10T23","SE","Southeast","OES","Other energy storage",0,"megawatthours"
"2026-09-10T23","SE","Southeast","OIL","Petroleum",-1,"megawatthours"
"2026-09-10T23","SE","Southeast","OTH","Other",0,"megawatthours"
"2026-09-10T23","SE","Southeast","PS","Pumped storage",1631,"megawatthours"
"2026-09-10T23","SE","Southeast","SNB","Solar with integrated battery storage",48,"megawatthours"
"2026-09-10T23","SE","Southeast","SUN","Solar",496,"megawatthours"
"2026-09-10T23","SE","Southeast","WAT","Hydro",1671,"megawatthours"
"2026-09-10T23","SE","Southeast","WND","Wind",0,"megawatthours"
"2026-09-10T23","SEC","Seminole Electric Cooperative","COL","Coal",580,"megawatthours"
"2026-09-10T23","SEC","Seminole Electric Cooperative","NG","Natural Gas",1637,"megawatthours"
"2026-09-10T23","SEC","Seminole Electric Cooperative","SUN","Solar",0,"megawatthours"
"2026-09-10T23","SEPA","Southeastern Power Administration","WAT","Hydro",717,"megawatthours"
"2026-09-10T23","SIKE","Sikeston Board of Municipal Utilities","COL","Coal",31,"megawatthours"
"2026-09-10T23","SOCO","Southern Company Services, Inc. - Trans","BAT","Battery storage",404,"megawatthours"
"2026-09-10T23","SOCO","Southern Company Services, Inc. - Trans","COL","Coal",8342,"megawatthours"
"2026-09-10T23","SOCO","Southern Company Services, Inc. - Trans","NG","Natural Gas",23215,"megawatthours"
"2026-09-10T23","SOCO","Southern Company Services, Inc. - Trans","NUC","Nuclear",7809,"megawatthours"
"2026-09-10T23","SOCO","Southern Company Services, Inc. - Trans","OES","Other energy storage",0,"megawatthours"
"2026-09-10T23","SOCO","Southern Company Services, Inc. - Trans","OIL","Petroleum",-1,"megawatthours"
"2026-09-10T23","SOCO","Southern Company Services, Inc. - Trans","OTH","Other",0,"megawatthours"
"2026-09-10T23","SOCO","Southern Company Services, Inc. - Trans","PS","Pumped storage",1631,"megawatthours"
"2026-09-10T23","SOCO","Southern Company Services, Inc. - Trans","SNB","Solar with integrated battery storage",48,"megawatthours"
"2026-09-10T23","SOCO","Southern Company Services, Inc. - Trans","SUN","Solar",496,"megawatthours"
"2026-09-10T23","SOCO","Southern Company Services, Inc. - Trans","WAT","Hydro",954,"megawatthours"
"2026-09-10T23","SOCO","Southern Company Services, Inc. - Trans","WND","Wind",0,"megawatthours"
"2026-09-10T23","SRP","Salt River Project Agricultural Improvement and Power District","BAT","Battery storage",-16,"megawatthours"
"2026-09-10T23","SRP","Salt River Project Agricultural Improvement and Power District","COL","Coal",998,"megawatthours"
"2026-09-10T23","SRP","Salt River Project Agricultural Improvement and Power District","NG","Natural Gas",3494,"megawatthours"
"2026-09-10T23","SRP","Salt River Project Agricultural Improvement and Power District","NUC","Nuclear",3906,"megawatthours"
"2026-09-10T23","SRP","Salt River Project Agricultural Improvement and Power District","SNB","Solar with integrated battery storage",0,"megawatthours"
"2026-09-10T23","SRP","Salt River Project Agricultural Improvement and Power District","SUN","Solar",1250,"megawatthours"
"2026-09-10T23","SRP","Salt River Project Agricultural Improvement and Power District","WAT","Hydro",14,"megawatthours"
"2026-09-10T23","SRP","Salt River Project Agricultural Improvement and Power District","WND","Wind",53,"megawatthours"
"2026-09-10T23","SW","Southwest","BAT","Battery storage",-78,"megawatthours"
"2026-09-10T23","SW","Southwest","COL","Coal",2792,"megawatthours"
"2026-09-10T23","SW","Southwest","GEO","Geothermal",7,"megawatthours"
"2026-09-10T23","SW","Southwest","NG","Natural Gas",8045,"megawatthours"
"2026-09-10T23","SW","Southwest","NUC","Nuclear",3906,"megawatthours"
"2026-09-10T23","SW","Southwest","OIL","Petroleum",0,"megawatthours"
"2026-09-10T23","SW","Southwest","OTH","Other",28,"megawatthours"
"2026-09-10T23","SW","Southwest","SNB","Solar with integrated battery storage",230,"megawatthours"
"2026-09-10T23","SW","Southwest","SUN","Solar",6601,"megawatthours"
"2026-09-10T23","SW","Southwest","UES","Unknown energy storage",-31,"megawatthours"
"2026-09-10T23","SW","Southwest","WAT","Hydro",400,"megawatthours"
"2026-09-10T23","SW","Southwest","WND","Wind",523,"megawatthours"
"2026-09-10T23","SWPP","Southwest Power Pool","BAT","Battery storage",158,"megawatthours"
"2026-09-10T23","SWPP","Southwest Power Pool","COL","Coal",14768,"megawatthours"
"2026-09-10T23","SWPP","Southwest Power Pool","NG","Natural Gas",20400,"megawatthours"
"2026-09-10T23","SWPP","Southwest Power Pool","NUC","Nuclear",1859,"megawatthours"
"2026-09-10T23","SWPP","Southwest Power Pool","OIL","Petroleum",0,"megawatthours"
"2026-09-10T23","SWPP","Southwest Power Pool","OTH","Other",85,"megawatthours"
"2026-09-10T23","SWPP","Southwest Power Pool","SUN","Solar",1445,"megawatthours"
"2026-09-10T23","SWPP","Southwest Power Pool","WAT","Hydro",1872,"megawatthours"
"2026-09-10T23","SWPP","Southwest Power Pool","WND","Wind",5329,"megawatthours"
"2026-09-10T23","SWPW","Southwest Power Pool West Balancing Authority Area","BAT","Battery storage",55,"megawatthours"
"2026-09-10T23","SWPW","Southwest Power Pool West Balancing Authority Area","COL","Coal",942,"megawatthours"
"2026-09-10T23","SWPW","Southwest Power Pool West Balancing Authority Area","NG","Natural Gas",869,"megawatthours"
"2026-09-10T23","SWPW","Southwest Power Pool West Balancing Authority Area","NUC","Nuclear",0,"megawatthours"
"2026-09-10T23","SWPW","Southwest Power Pool West Balancing Authority Area","OIL","Petroleum",118,"megawatthours"
"2026-09-10T23","SWPW","Southwest Power Pool West Balancing Authority Area","OTH","Other",13,"megawatthours"
"2026-09-10T23","SWPW","Southwest Power Pool West Balancing Authority Area","SUN","Solar",922,"megawatthours"
"2026-09-10T23","SWPW","Southwest Power Pool West Balancing Authority Area","WAT","Hydro",844,"megawatthours"
"2026-09-10T23","SWPW","Southwest Power Pool West Balancing Authority Area","WND","Wind",330,"megawatthours"
"2026-09-10T23","TAL","City of Tallahassee","NG","Natural Gas",425,"megawatthours"
"2026-09-10T23","TAL","City of Tallahassee","SUN","Solar",4,"megawatthours"
"2026-09-10T23","TAL","City of Tallahassee","WAT","Hydro",0,"megawatthours"
"2026-09-10T23","TEC","Tampa Electric Company","COL","Coal",0,"megawatthours"
"2026-09-10T23","TEC","Tampa Electric Company","NG","Natural Gas",3320,"megawatthours"
"2026-09-10T23","TEC","Tampa Electric Company","OIL","Petroleum",0,"megawatthours"
"2026-09-10T23","TEC","Tampa Electric Company","OTH","Other",28,"megawatthours"
"2026-09-10T23","TEC","Tampa Electric Company","SNB","Solar with integrated battery storage",2,"megawatthours"
"2026-09-10T23","TEC","Tampa Electric Company","SUN","Solar",34,"megawatthours"
"2026-09-10T23","TEN","Tennessee","BAT","Battery storage",0,"megawatthours"
"2026-09-10T23","TEN","Tennessee","COL","Coal",3814,"megawatthours"
"2026-09-10T23","TEN","Tennessee","GEO","Geothermal",0,"megawatthours"
"2026-09-10T23","TEN","Tennessee","NG","Natural Gas",9980,"megawatthours"
"2026-09-10T23","TEN","Tennessee","NUC","Nuclear",7173,"megawatthours"
"2026-09-10T23","TEN","Tennessee","OES","Other energy storage",0,"megawatthours"
"2026-09-10T23","TEN","Tennessee","OIL","Petroleum",0,"megawatthours"
"2026-09-10T23","TEN","Tennessee","OTH","Other",45,"megawatthours"
"2026-09-10T23","TEN","Tennessee","PS","Pumped storage",1140,"megawatthours"
"2026-09-10T23","TEN","Tennessee","SNB","Solar with integrated battery storage",351,"megawatthours"
"2026-09-10T23","TEN","Tennessee","SUN","Solar",611,"megawatthours"
"2026-09-10T23","TEN","Tennessee","UNK","Unknown",0,"megawatthours"
"2026-09-10T23","TEN","Tennessee","WAT","Hydro",2980,"megawatthours"
"2026-09-10T23","TEN","Tennessee","WNB","Wind with integrated battery storage",0,"megawatthours"
"2026-09-10T23","TEN","Tennessee","WND","Wind",0,"megawatthours"
"2026-09-10T23","TEPC","Tucson Electric Power","BAT","Battery storage",9,"megawatthours"
"2026-09-10T23","TEPC","Tucson Electric Power","COL","Coal",468,"megawatthours"
"2026-09-10T23","TEPC","Tucson Electric Power","NG","Natural Gas",1253,"megawatthours"
"2026-09-10T23","TEPC","Tucson Electric Power","SUN","Solar",548,"megawatthours"
"2026-09-10T23","TEPC","Tucson Electric Power","WND","Wind",63,"megawatthours"
"2026-09-10T23","TEX","Texas","BAT","Battery storage",356,"megawatthours"
"2026-09-10T23","TEX","Texas","COL","Coal",9549,"megawatthours"
"2026-09-10T23","TEX","Texas","NG","Natural Gas",42600,"megawatthours"
"2026-09-10T23","TEX","Texas","NUC","Nuclear",4955,"megawatthours"
"2026-09-10T23","TEX","Texas","OTH","Other",93,"megawatthours"
"2026-09-10T23","TEX","Texas","SUN","Solar",14228,"megawatthours"
"2026-09-10T23","TEX","Texas","WAT","Hydro",130,"megawatthours"
"2026-09-10T23","TEX","Texas","WND","Wind",10283,"megawatthours"
"2026-09-10T23","TIDC","Turlock Irrigation District","NG","Natural Gas",387,"megawatthours"
"2026-09-10T23","TIDC","Turlock Irrigation District","WAT","Hydro",75,"megawatthours"
"2026-09-10T23","TPWR","City of Tacoma, Department of Public Utilities, Light Division","WAT","Hydro",174,"megawatthours"
"2026-09-10T23","TVA","Tennessee Valley Authority","BAT","Battery storage",0,"megawatthours"
"2026-09-10T23","TVA","Tennessee Valley Authority","COL","Coal",3814,"megawatthours"
"2026-09-10T23","TVA","Tennessee Valley Authority","GEO","Geothermal",0,"megawatthours"
"2026-09-10T23","TVA","Tennessee Valley Authority","NG","Natural Gas",9980,"megawatthours"
"2026-09-10T23","TVA","Tennessee Valley Authority","NUC","Nuclear",7173,"megawatthours"
"2026-09-10T23","TVA","Tennessee Valley Authority","OES","Other energy storage",0,"megawatthours"
"2026-09-10T23","TVA","Tennessee Valley Authority","OIL","Petroleum",0,"megawatthours"
"2026-09-10T23","TVA","Tennessee Valley Authority","OTH","Other",45,"megawatthours"
"2026-09-10T23","TVA","Tennessee Valley Authority","PS","Pumped storage",1140,"megawatthours"
"2026-09-10T23","TVA","Tennessee Valley Authority","SNB","Solar with integrated battery storage",351,"megawatthours"
"2026-09-10T23","TVA","Tennessee Valley Authority","SUN","Solar",611,"megawatthours"
"2026-09-10T23","TVA","Tennessee Valley Authority","UNK","Unknown",0,"megawatthours"
"2026-09-10T23","TVA","Tennessee Valley Authority","WAT","Hydro",2980,"megawatthours"
"2026-09-10T23","TVA","Tennessee Valley Authority","WNB","Wind with integrated battery storage",0,"megawatthours"
"2026-09-10T23","TVA","Tennessee Valley Authority","WND","Wind",0,"megawatthours"
"2026-09-10T23","US48","United States Lower 48","BAT","Battery storage",1382,"megawatthours"
"2026-09-10T23","US48","United States Lower 48","COL","Coal",118359,"megawatthours"
"2026-09-10T23","US48","United States Lower 48","GEO","Geothermal",1147,"megawatthours"
"2026-09-10T23","US48","United States Lower 48","NG","Natural Gas",312396,"megawatthours"
"2026-09-10T23","US48","United States Lower 48","NUC","Nuclear",92657,"megawatthours"
"2026-09-10T23","US48","United States Lower 48","OES","Other energy storage",0,"megawatthours"
"2026-09-10T23","US48","United States Lower 48","OIL","Petroleum",2376,"megawatthours"
"2026-09-10T23","US48","United States Lower 48","OTH","Other",7795,"megawatthours"
"2026-09-10T23","US48","United States Lower 48","PS","Pumped storage",5745,"megawatthours"
"2026-09-10T23","US48","United States Lower 48","SNB","Solar with integrated battery storage",1116,"megawatthours"
"2026-09-10T23","US48","United States Lower 48","SUN","Solar",62469,"megawatthours"
"2026-09-10T23","US48","United States Lower 48","UES","Unknown energy storage",-31,"megawatthours"
"2026-09-10T23","US48","United States Lower 48","UNK","Unknown",0,"megawatthours"
"2026-09-10T23","US48","United States Lower 48","WAT","Hydro",32930,"megawatthours"
"2026-09-10T23","US48","United States Lower 48","WNB","Wind with integrated battery storage",0,"megawatthours"
"2026-09-10T23","US48","United States Lower 48","WND","Wind",41358,"megawatthours"
"2026-09-10T23","WALC","Western Area Power Administration - Desert Southwest Region","NG","Natural Gas",699,"megawatthours"
"2026-09-10T23","WALC","Western Area Power Administration - Desert Southwest Region","SNB","Solar with integrated battery storage",111,"megawatthours"
"2026-09-10T23","WALC","Western Area Power Administration - Desert Southwest Region","SUN","Solar",42,"megawatthours"
"2026-09-10T23","WALC","Western Area Power Administration - Desert Southwest Region","WAT","Hydro",386,"megawatthours"
"2026-09-10T23","WALC","Western Area Power Administration - Desert Southwest Region","WND","Wind",16,"megawatthours"
"2026-09-10T23","YAD","Alcoa Power Generating, Inc. - Yadkin Division","WAT","Hydro",148,"megawatthours"
"2026-09-10T22","AECI","Associated Electric Cooperative, Inc.","COL","Coal",952,"megawatthours"
"2026-09-10T22","AECI","Associated Electric Cooperative, Inc.","NG","Natural Gas",1510,"megawatthours"
"2026-09-10T22","AECI","Associated Electric Cooperative, Inc.","WND","Wind",18,"megawatthours"
"2026-09-10T22","AVA","Avista Corporation","NG","Natural Gas",369,"megawatthours"
"2026-09-10T22","AVA","Avista Corporation","OTH","Other",118,"megawatthours"
"2026-09-10T22","AVA","Avista Corporation","SUN","Solar",8,"megawatthours"
"2026-09-10T22","AVA","Avista Corporation","WAT","Hydro",375,"megawatthours"
"2026-09-10T22","AVA","Avista Corporation","WND","Wind",223,"megawatthours"
"2026-09-10T22","AVRN","Avangrid Renewables, LLC","NG","Natural Gas",464,"megawatthours"
"2026-09-10T22","AVRN","Avangrid Renewables, LLC","SUN","Solar",0,"megawatthours"
"2026-09-10T22","AVRN","Avangrid Renewables, LLC","WAT","Hydro",0,"megawatthours"
"2026-09-10T22","AVRN","Avangrid Renewables, LLC","WND","Wind",1779,"megawatthours"
"2026-09-10T22","AZPS","Arizona Public Service Company","BAT","Battery storage",32,"megawatthours"
"2026-09-10T22","AZPS","Arizona Public Service Company","COL","Coal",1014,"megawatthours"
"2026-09-10T22","AZPS","Arizona Public Service Company","NG","Natural Gas",1215,"megawatthours"
"2026-09-10T22","AZPS","Arizona Public Service Company","NUC","Nuclear",0,"megawatthours"
"2026-09-10T22","AZPS","Arizona Public Service Company","OIL","Petroleum",0,"megawatthours"
"2026-09-10T22","AZPS","Arizona Public Service Company","OTH","Other",28,"megawatthours"
"2026-09-10T22","AZPS","Arizona Public Service Company","SUN","Solar",2484,"megawatthours"
"2026-09-10T22","AZPS","Arizona Public Service Company","UES","Unknown energy storage",-231,"megawatthours"
"2026-09-10T22","AZPS","Arizona Public Service Company","WAT","Hydro",0,"megawatthours"
"2026-09-10T22","AZPS","Arizona Public Service Company","WND","Wind",65,"megawatthours"
"2026-09-10T22","BANC","Balancing Authority of Northern California","NG","Natural Gas",1557,"megawatthours"
"2026-09-10T22","BANC","Balancing Authority of Northern California","OTH","Other",7,"megawatthours"
"2026-09-10T22","BANC","Balancing Authority of Northern California","SUN","Solar",301,"megawatthours"
"2026-09-10T22","BANC","Balancing Authority of Northern California","WAT","Hydro",685,"megawatthours"
"2026-09-10T22","BHBA","Black Hills Energy","COL","Coal",704,"megawatthours"
"2026-09-10T22","BHBA","Black Hills Energy","NG","Natural Gas",223,"megawatthours"
"2026-09-10T22","BHBA","Black Hills Energy","OIL","Petroleum",0,"megawatthours"
"2026-09-10T22","BHBA","Black Hills Energy","SUN","Solar",217,"megawatthours"
"2026-09-10T22","BHBA","Black Hills Energy","WAT","Hydro",2,"megawatthours"
"2026-09-10T22","BHBA","Black Hills Energy","WND","Wind",38,"megawatthours"
"2026-09-10T22","BPAT","Bonneville Power Administration","NG","Natural Gas",998,"megawatthours"
"2026-09-10T22","BPAT","Bonneville Power Administration","NUC","Nuclear",1136,"megawatthours"
"2026-09-10T22","BPAT","Bonneville Power Administration","OTH","Other",99,"megawatthours"
"2026-09-10T22","BPAT","Bonneville Power Administration","SNB","Solar with integrated battery storage",21,"megawatthours"
"2026-09-10T22","BPAT","Bonneville Power Administration","SUN","Solar",333,"megawatthours"
"2026-09-10T22","BPAT","Bonneville Power Administration","WAT","Hydro",4901,"megawatthours"
"2026-09-10T22","BPAT","Bonneville Power Administration","WND","Wind",2014,"megawatthours"
"2026-09-10T22","CAL","California","BAT","Battery storage",4,"megawatthours"
"2026-09-10T22","CAL","California","COL","Coal",0,"megawatthours"
"2026-09-10T22","CAL","California","GEO","Geothermal",1135,"megawatthours"
"2026-09-10T22","CAL","California","NG","Natural Gas",19540,"megawatthours"
"2026-09-10T22","CAL","California","NUC","Nuclear",2217,"megawatthours"
"2026-09-10T22","CAL","California","OIL","Petroleum",18,"megawatthours"
"2026-09-10T22","CAL","California","OTH","Other",-1286,"megawatthours"
"2026-09-10T22","CAL","California","PS","Pumped storage",179,"megawatthours"
"2026-09-10T22","CAL","California","SNB","Solar with integrated battery storage",416,"megawatthours"
"2026-09-10T22","CAL","California","SUN","Solar",19830,"megawatthours"
"2026-09-10T22","CAL","California","WAT","Hydro",3192,"megawatthours"
"2026-09-10T22","CAL","California","WND","Wind",3349,"megawatthours"
"2026-09-10T22","CAR","Carolinas","BAT","Battery storage",66,"megawatthours"
"2026-09-10T22","CAR","Carolinas","COL","Coal",8455,"megawatthours"
"2026-09-10T22","CAR","Carolinas","NG","Natural Gas",13208,"megawatthours"
"2026-09-10T22","CAR","Carolinas","NUC","Nuclear",10559,"megawatthours"
"2026-09-10T22","CAR","Carolinas","OIL","Petroleum",0,"megawatthours"
"2026-09-10T22","CAR","Carolinas","OTH","Other",1358,"megawatthours"
"2026-09-10T22","CAR","Carolinas","PS","Pumped storage",1300,"megawatthours"
"2026-09-10T22","CAR","Carolinas","SNB","Solar with integrated battery storage",29,"megawatthours"
"2026-09-10T22","CAR","Carolinas","SUN","Solar",2073,"megawatthours"
"2026-09-10T22","CAR","Carolinas","WAT","Hydro",724,"megawatthours"
"2026-09-10T22","CENT","Central","BAT","Battery storage",95,"megawatthours"
"2026-09-10T22","CENT","Central","COL","Coal",14760,"megawatthours"
"2026-09-10T22","CENT","Central","NG","Natural Gas",20585,"megawatthours"
"2026-09-10T22","CENT","Central","NUC","Nuclear",1858,"megawatthours"
"2026-09-10T22","CENT","Central","OIL","Petroleum",0,"megawatthours"
"2026-09-10T22","CENT","Central","OTH","Other",106,"megawatthours"
"2026-09-10T22","CENT","Central","SUN","Solar",1535,"megawatthours"
"2026-09-10T22","CENT","Central","WAT","Hydro",1810,"megawatthours"
"2026-09-10T22","CENT","Central","WND","Wind",5416,"megawatthours"
"2026-09-10T22","CHPD","Public Utility District No. 1 of Chelan County","WAT","Hydro",367,"megawatthours"
"2026-09-10T22","CHPD","Public Utility District No. 1 of Chelan County","WND","Wind",0,"megawatthours"
"2026-09-10T22","CISO","California Independent System Operator","COL","Coal",0,"megawatthours"
"2026-09-10T22","CISO","California Independent System Operator","GEO","Geothermal",736,"megawatthours"
"2026-09-10T22","CISO","California Independent System Operator","NG","Natural Gas",15053,"megawatthours"
"2026-09-10T22","CISO","California Independent System Operator","NUC","Nuclear",2217,"megawatthours"
"2026-09-10T22","CISO","California Independent System Operator","OIL","Petroleum",18,"megawatthours"
"2026-09-10T22","CISO","California Independent System Operator","OTH","Other",-1510,"megawatthours"
"2026-09-10T22","CISO","California Independent System Operator","SUN","Solar",18125,"megawatthours"
"2026-09-10T22","CISO","California Independent System Operator","WAT","Hydro",2241,"megawatthours"
"2026-09-10T22","CISO","California Independent System Operator","WND","Wind",3312,"megawatthours"
"2026-09-10T22","CPLE","Duke Energy Progress East","BAT","Battery storage",0,"megawatthours"
"2026-09-10T22","CPLE","Duke Energy Progress East","COL","Coal",2181,"megawatthours"
"2026-09-10T22","CPLE","Duke Energy Progress East","NG","Natural Gas",2722,"megawatthours"
"2026-09-10T22","CPLE","Duke Energy Progress East","NUC","Nuclear",3558,"megawatthours"
"2026-09-10T22","CPLE","Duke Energy Progress East","OIL","Petroleum",0,"megawatthours"
"2026-09-10T22","CPLE","Duke Energy Progress East","OTH","Other",1126,"megawatthours"
"2026-09-10T22","CPLE","Duke Energy Progress East","SNB","Solar with integrated battery storage",29,"megawatthours"
"2026-09-10T22","CPLE","Duke Energy Progress East","SUN","Solar",939,"megawatthours"
"2026-09-10T22","CPLE","Duke Energy Progress East","WAT","Hydro",4,"megawatthours"
"2026-09-10T22","CPLW","Duke Energy Progress West","BAT","Battery storage",0,"megawatthours"
"2026-09-10T22","CPLW","Duke Energy Progress West","NG","Natural Gas",523,"megawatthours"
"2026-09-10T22","CPLW","Duke Energy Progress West","OTH","Other",165,"megawatthours"
"2026-09-10T22","CPLW","Duke Energy Progress West","SUN","Solar",1,"megawatthours"
"2026-09-10T22","CPLW","Duke Energy Progress West","WAT","Hydro",4,"megawatthours"
"2026-09-10T22","DEAA","Arlington Valley, LLC","NG","Natural Gas",340,"megawatthours"
"2026-09-10T22","DOPD","PUD No. 1 of Douglas County","WAT","Hydro",167,"megawatthours"
"2026-09-10T22","DUK","Duke Energy Carolinas","BAT","Battery storage",66,"megawatthours"
"2026-09-10T22","DUK","Duke Energy Carolinas","COL","Coal",4097,"megawatthours"
"2026-09-10T22","DUK","Duke Energy Carolinas","NG","Natural Gas",6637,"megawatthours"
"2026-09-10T22","DUK","Duke Energy Carolinas","NUC","Nuclear",6034,"megawatthours"
"2026-09-10T22","DUK","Duke Energy Carolinas","OTH","Other",-1,"megawatthours"
"2026-09-10T22","DUK","Duke Energy Carolinas","PS","Pumped storage",1300,"megawatthours"
"2026-09-10T22","DUK","Duke Energy Carolinas","SUN","Solar",520,"megawatthours"
"2026-09-10T22","DUK","Duke Energy Carolinas","WAT","Hydro",242,"megawatthours"
"2026-09-10T22","EPE","El Paso Electric Company","NG","Natural Gas",521,"megawatthours"
"2026-09-10T22","EPE","El Paso Electric Company","SNB","Solar with integrated battery storage",105,"megawatthours"
"2026-09-10T22","EPE","El Paso Electric Company","SUN","Solar",614,"megawatthours"
"2026-09-10T22","ERCO","Electric Reliability Council of Texas, Inc.","BAT","Battery storage",790,"megawatthours"
"2026-09-10T22","ERCO","Electric Reliability Council of Texas, Inc.","COL","Coal",9407,"megawatthours"
"2026-09-10T22","ERCO","Electric Reliability Council of Texas, Inc.","NG","Natural Gas",41058,"megawatthours"
"2026-09-10T22","ERCO","Electric Reliability Council of Texas, Inc.","NUC","Nuclear",4956,"megawatthours"
"2026-09-10T22","ERCO","Electric Reliability Council of Texas, Inc.","OTH","Other",57,"megawatthours"
"2026-09-10T22","ERCO","Electric Reliability Council of Texas, Inc.","SUN","Solar",19843,"megawatthours"
"2026-09-10T22","ERCO","Electric Reliability Council of Texas, Inc.","WAT","Hydro",126,"megawatthours"
"2026-09-10T22","ERCO","Electric Reliability Council of Texas, Inc.","WND","Wind",7825,"megawatthours"
"2026-09-10T22","FLA","Florida","BAT","Battery storage",-26,"megawatthours"
"2026-09-10T22","FLA","Florida","COL","Coal",3675,"megawatthours"
"2026-09-10T22","FLA","Florida","NG","Natural Gas",33570,"megawatthours"
"2026-09-10T22","FLA","Florida","NUC","Nuclear",3826,"megawatthours"
"2026-09-10T22","FLA","Florida","OIL","Petroleum",401,"megawatthours"
"2026-09-10T22","FLA","Florida","OTH","Other",827,"megawatthours"
"2026-09-10T22","FLA","Florida","SNB","Solar with integrated battery storage",42,"megawatthours"
"2026-09-10T22","FLA","Florida","SUN","Solar",1833,"megawatthours"
"2026-09-10T22","FLA","Florida","WAT","Hydro",14,"megawatthours"
"2026-09-10T22","FMPP","Florida Municipal Power Pool","COL","Coal",935,"megawatthours"
"2026-09-10T22","FMPP","Florida Municipal Power Pool","NG","Natural Gas",2157,"megawatthours"
"2026-09-10T22","FMPP","Florida Municipal Power Pool","NUC","Nuclear",131,"megawatthours"
"2026-09-10T22","FMPP","Florida Municipal Power Pool","OIL","Petroleum",0,"megawatthours"
"2026-09-10T22","FMPP","Florida Municipal Power Pool","OTH","Other",8,"megawatthours"
"2026-09-10T22","FMPP","Florida Municipal Power Pool","SUN","Solar",27,"megawatthours"
"2026-09-10T22","FPC","Duke Energy Florida, Inc.","COL","Coal",1305,"megawatthours"
"2026-09-10T22","FPC","Duke Energy Florida, Inc.","NG","Natural Gas",7135,"megawatthours"
"2026-09-10T22","FPC","Duke Energy Florida, Inc.","OIL","Petroleum",401,"megawatthours"
"2026-09-10T22","FPC","Duke Energy Florida, Inc.","OTH","Other",51,"megawatthours"
"2026-09-10T22","FPC","Duke Energy Florida, Inc.","SUN","Solar",680,"megawatthours"
"2026-09-10T22","FPC","Duke Energy Florida, Inc.","WAT","Hydro",14,"megawatthours"
"2026-09-10T22","FPL","Florida Power & Light Co.","BAT","Battery storage",-26,"megawatthours"
"2026-09-10T22","FPL","Florida Power & Light Co.","NG","Natural Gas",17746,"megawatthours"
"2026-09-10T22","FPL","Florida Power & Light Co.","NUC","Nuclear",3695,"megawatthours"
"2026-09-10T22","FPL","Florida Power & Light Co.","OIL","Petroleum",0,"megawatthours"
"2026-09-10T22","FPL","Florida Power & Light Co.","OTH","Other",665,"megawatthours"
"2026-09-10T22","FPL","Florida Power & Light Co.","SNB","Solar with integrated battery storage",29,"megawatthours"
"2026-09-10T22","FPL","Florida Power & Light Co.","SUN","Solar",899,"megawatthours"
"2026-09-10T22","GCPD","Public Utility District No. 2 of Grant County, Washington","WAT","Hydro",416,"megawatthours"
"2026-09-10T22","GRID","Gridforce Energy Management, LLC","COL","Coal",0,"megawatthours"
"2026-09-10T22","GRID","Gridforce Energy Management, LLC","NG","Natural Gas",1735,"megawatthours"
"2026-09-10T22","GRID","Gridforce Energy Management, LLC","SUN","Solar",124,"megawatthours"
"2026-09-10T22","GRID","Gridforce Energy Management, LLC","WND","Wind",1,"megawatthours"
"2026-09-10T22","GVL","Gainesville Regional Utilities","COL","Coal",0,"megawatthours"
"2026-09-10T22","GVL","Gainesville Regional Utilities","NG","Natural Gas",206,"megawatthours"
"2026-09-10T22","GVL","Gainesville Regional Utilities","OTH","Other",70,"megawatthours"
"2026-09-10T22","GWA","NaturEner Power Watch, LLC","WND","Wind",50,"megawatthours"
"2026-09-10T22","HST","City of Homestead","NG","Natural Gas",0,"megawatthours"
"2026-09-10T22","IID","Imperial Irrigation District","BAT","Battery storage",4,"megawatthours"
"2026-09-10T22","IID","Imperial Irrigation District","GEO","Geothermal",399,"megawatthours"
"2026-09-10T22","IID","Imperial Irrigation District","NG","Natural Gas",108,"megawatthours"
"2026-09-10T22","IID","Imperial Irrigation District","OIL","Petroleum",0,"megawatthours"
"2026-09-10T22","IID","Imperial Irrigation District","SNB","Solar with integrated battery storage",20,"megawatthours"
"2026-09-10T22","IID","Imperial Irrigation District","SUN","Solar",534,"megawatthours"
"2026-09-10T22","IID","Imperial Irrigation District","WAT","Hydro",20,"megawatthours"
"2026-09-10T22","IPCO","Idaho Power Company","BAT","Battery storage",-70,"megawatthours"
"2026-09-10T22","IPCO","Idaho Power Company","GEO","Geothermal",19,"megawatthours"
"2026-09-10T22","IPCO","Idaho Power Company","NG","Natural Gas",647,"megawatthours"
"2026-09-10T22","IPCO","Idaho Power Company","OIL","Petroleum",0,"megawatthours"
"2026-09-10T22","IPCO","Idaho Power Company","OTH","Other",32,"megawatthours"
"2026-09-10T22","IPCO","Idaho Power Company","SUN","Solar",231,"megawatthours"
"2026-09-10T22","IPCO","Idaho Power Company","WAT","Hydro",423,"megawatthours"
"2026-09-10T22","IPCO","Idaho Power Company","WND","Wind",107,"megawatthours"
"2026-09-10T22","ISNE","ISO New England","BAT","Battery storage",56,"megawatthours"
"2026-09-10T22","ISNE","ISO New England","NG","Natural Gas",8616,"megawatthours"
"2026-09-10T22","ISNE","ISO New England","NUC","Nuclear",3547,"megawatthours"
"2026-09-10T22","ISNE","ISO New England","OTH","Other",612,"megawatthours"
"2026-09-10T22","ISNE","ISO New England","PS","Pumped storage",1463,"megawatthours"
"2026-09-10T22","ISNE","ISO New England","SNB","Solar with integrated battery storage",10,"megawatthours"
"2026-09-10T22","ISNE","ISO New England","SUN","Solar",289,"megawatthours"
"2026-09-10T22","ISNE","ISO New England","WAT","Hydro",317,"megawatthours"
"2026-09-10T22","ISNE","ISO New England","WND","Wind",1984,"megawatthours"
"2026-09-10T22","JEA","JEA","COL","Coal",857,"megawatthours"
"2026-09-10T22","JEA","JEA","NG","Natural Gas",873,"megawatthours"
"2026-09-10T22","JEA","JEA","OIL","Petroleum",0,"megawatthours"
"2026-09-10T22","JEA","JEA","OTH","Other",2,"megawatthours"
"2026-09-10T22","JEA","JEA","SUN","Solar",10,"megawatthours"
"2026-09-10T22","LDWP","Los Angeles Department of Water and Power","BAT","Battery storage",0,"megawatthours"
"2026-09-10T22","LDWP","Los Angeles Department of Water and Power","NG","Natural Gas",2439,"megawatthours"
"2026-09-10T22","LDWP","Los Angeles Department of Water and Power","OTH","Other",217,"megawatthours"
"2026-09-10T22","LDWP","Los Angeles Department of Water and Power","PS","Pumped storage",179,"megawatthours"
"2026-09-10T22","LDWP","Los Angeles Department of Water and Power","SNB","Solar with integrated battery storage",396,"megawatthours"
"2026-09-10T22","LDWP","Los Angeles Department of Water and Power","SUN","Solar",870,"megawatthours"
"2026-09-10T22","LDWP","Los Angeles Department of Water and Power","WAT","Hydro",180,"megawatthours"
"2026-09-10T22","LDWP","Los Angeles Department of Water and Power","WND","Wind",37,"megawatthours"
"2026-09-10T22","LGEE","LG&E and KU Services Company as agent for Louisville Gas and Electric Company and Kentucky Utilities Company","COL","Coal",4435,"megawatthours"
"2026-09-10T22","LGEE","LG&E and KU Services Company as agent for Louisville Gas and Electric Company and Kentucky Utilities Company","NG","Natural Gas",676,"megawatthours"
"2026-09-10T22","LGEE","LG&E and KU Services Company as agent for Louisville Gas and Electric Company and Kentucky Utilities Company","OIL","Petroleum",0,"megawatthours"
"2026-09-10T22","LGEE","LG&E and KU Services Company as agent for Louisville Gas and Electric Company and Kentucky Utilities Company","SUN","Solar",40,"megawatthours"
"2026-09-10T22","LGEE","LG&E and KU Services Company as agent for Louisville Gas and Electric Company and Kentucky Utilities Company","WAT","Hydro",51,"megawatthours"
"2026-09-10T22","MIDA","Mid-Atlantic","COL","Coal",25276,"megawatthours"
"2026-09-10T22","MIDA","Mid-Atlantic","NG","Natural Gas",62802,"megawatthours"
"2026-09-10T22","MIDA","Mid-Atlantic","NUC","Nuclear",30898,"megawatthours"
"2026-09-10T22","MIDA","Mid-Atlantic","OIL","Petroleum",1979,"megawatthours"
"2026-09-10T22","MIDA","Mid-Atlantic","OTH","Other",3915,"megawatthours"
"2026-09-10T22","MIDA","Mid-Atlantic","SUN","Solar",4525,"megawatthours"
"2026-09-10T22","MIDA","Mid-Atlantic","WAT","Hydro",5171,"megawatthours"
"2026-09-10T22","MIDA","Mid-Atlantic","WND","Wind",1310,"megawatthours"
"2026-09-10T22","MIDW","Midwest","BAT","Battery storage",378,"megawatthours"
"2026-09-10T22","MIDW","Midwest","COL","Coal",32469,"megawatthours"
"2026-09-10T22","MIDW","Midwest","NG","Natural Gas",42727,"megawatthours"
"2026-09-10T22","MIDW","Midwest","NUC","Nuclear",11668,"megawatthours"
"2026-09-10T22","MIDW","Midwest","OIL","Petroleum",0,"megawatthours"
"2026-09-10T22","MIDW","Midwest","OTH","Other",562,"megawatthours"
"2026-09-10T22","MIDW","Midwest","SUN","Solar",9676,"megawatthours"
"2026-09-10T22","MIDW","Midwest","WAT","Hydro",2038,"megawatthours"
"2026-09-10T22","MIDW","Midwest","WND","Wind",5052,"megawatthours"
"2026-09-10T22","MISO","Midcontinent Independent System Operator, Inc.","BAT","Battery storage",378,"megawatthours"
"2026-09-10T22","MISO","Midcontinent Independent System Operator, Inc.","COL","Coal",27051,"megawatthours"
"2026-09-10T22","MISO","Midcontinent Independent System Operator, Inc.","NG","Natural Gas",40541,"megawatthours"
"2026-09-10T22","MISO","Midcontinent Independent System Operator, Inc.","NUC","Nuclear",11668,"megawatthours"
"2026-09-10T22","MISO","Midcontinent Independent System Operator, Inc.","OTH","Other",562,"megawatthours"
"2026-09-10T22","MISO","Midcontinent Independent System Operator, Inc.","SUN","Solar",9636,"megawatthours"
"2026-09-10T22","MISO","Midcontinent Independent System Operator, Inc.","WAT","Hydro",1987,"megawatthours"
"2026-09-10T22","MISO","Midcontinent Independent System Operator, Inc.","WND","Wind",5034,"megawatthours"
"2026-09-10T22","NE","New England","BAT","Battery storage",56,"megawatthours"
"2026-09-10T22","NE","New England","NG","Natural Gas",8616,"megawatthours"
"2026-09-10T22","NE","New England","NUC","Nuclear",3547,"megawatthours"
"2026-09-10T22","NE","New England","OTH","Other",612,"megawatthours"
"2026-09-10T22","NE","New England","PS","Pumped storage",1463,"megawatthours"
"2026-09-10T22","NE","New England","SNB","Solar with integrated battery storage",10,"megawatthours"
"2026-09-10T22","NE","New England","SUN","Solar",289,"megawatthours"
"2026-09-10T22","NE","New England","WAT","Hydro",317,"megawatthours"
"2026-09-10T22","NE","New England","WND","Wind",1984,"megawatthours"
"2026-09-10T22","NEVP","Nevada Power Company","COL","Coal",528,"megawatthours"
"2026-09-10T22","NEVP","Nevada Power Company","NG","Natural Gas",3183,"megawatthours"
"2026-09-10T22","NEVP","Nevada Power Company","NUC","Nuclear",0,"megawatthours"
"2026-09-10T22","NEVP","Nevada Power Company","OIL","Petroleum",0,"megawatthours"
"2026-09-10T22","NEVP","Nevada Power Company","OTH","Other",269,"megawatthours"
"2026-09-10T22","NEVP","Nevada Power Company","SUN","Solar",2663,"megawatthours"
"2026-09-10T22","NEVP","Nevada Power Company","WAT","Hydro",5,"megawatthours"
"2026-09-10T22","NEVP","Nevada Power Company","WND","Wind",9,"megawatthours"
"2026-09-10T22","NW","Northwest","BAT","Battery storage",161,"megawatthours"
"2026-09-10T22","NW","Northwest","COL","Coal",8868,"megawatthours"
"2026-09-10T22","NW","Northwest","GEO","Geothermal",19,"megawatthours"
"2026-09-10T22","NW","Northwest","NG","Natural Gas",12639,"megawatthours"
"2026-09-10T22","NW","Northwest","NUC","Nuclear",1136,"megawatthours"
"2026-09-10T22","NW","Northwest","OIL","Petroleum",171,"megawatthours"
"2026-09-10T22","NW","Northwest","OTH","Other",727,"megawatthours"
"2026-09-10T22","NW","Northwest","SNB","Solar with integrated battery storage",21,"megawatthours"
"2026-09-10T22","NW","Northwest","SUN","Solar",9517,"megawatthours"
"2026-09-10T22","NW","Northwest","WAT","Hydro",8670,"megawatthours"
"2026-09-10T22","NW","Northwest","WND","Wind",11776,"megawatthours"
"2026-09-10T22","NWMT","NorthWestern Corporation","COL","Coal",1279,"megawatthours"
"2026-09-10T22","NWMT","NorthWestern Corporation","NG","Natural Gas",245,"megawatthours"
"2026-09-10T22","NWMT","NorthWestern Corporation","OIL","Petroleum",55,"megawatthours"
"2026-09-10T22","NWMT","NorthWestern Corporation","SUN","Solar",125,"megawatthours"
"2026-09-10T22","NWMT","NorthWestern Corporation","WAT","Hydro",349,"megawatthours"
"2026-09-10T22","NWMT","NorthWestern Corporation","WND","Wind",799,"megawatthours"
"2026-09-10T22","NY","New York","COL","Coal",0,"megawatthours"
"2026-09-10T22","NY","New York","NG","Natural Gas",10968,"megawatthours"
"2026-09-10T22","NY","New York","NUC","Nuclear",3105,"megawatthours"
"2026-09-10T22","NY","New York","OIL","Petroleum",0,"megawatthours"
"2026-09-10T22","NY","New York","OTH","Other",533,"megawatthours"
"2026-09-10T22","NY","New York","SUN","Solar",0,"megawatthours"
"2026-09-10T22","NY","New York","WAT","Hydro",3919,"megawatthours"
"2026-09-10T22","NY","New York","WND","Wind",1242,"megawatthours"
"2026-09-10T22","NYIS","New York Independent System Operator","COL","Coal",0,"megawatthours"
"2026-09-10T22","NYIS","New York Independent System Operator","NG","Natural Gas",10968,"megawatthours"
"2026-09-10T22","NYIS","New York Independent System Operator","NUC","Nuclear",3105,"megawatthours"
"2026-09-10T22","NYIS","New York Independent System Operator","OIL","Petroleum",0,"megawatthours"
"2026-09-10T22","NYIS","New York Independent System Operator","OTH","Other",533,"megawatthours"
"2026-09-10T22","NYIS","New York Independent System Operator","SUN","Solar",0,"megawatthours"
"2026-09-10T22","NYIS","New York Independent System Operator","WAT","Hydro",3919,"megawatthours"
"2026-09-10T22","NYIS","New York Independent System Operator","WND","Wind",1242,"megawatthours"
"2026-09-10T22","PACE","PacifiCorp East","COL","Coal",3547,"megawatthours"
"2026-09-10T22","PACE","PacifiCorp East","NG","Natural Gas",946,"megawatthours"
"2026-09-10T22","PACE","PacifiCorp East","OTH","Other",125,"megawatthours"
"2026-09-10T22","PACE","PacifiCorp East","SUN","Solar",3039,"megawatthours"
"2026-09-10T22","PACE","PacifiCorp East","WAT","Hydro",112,"megawatthours"
"2026-09-10T22","PACE","PacifiCorp East","WND","Wind",3063,"megawatthours"
"2026-09-10T22","PACW","PacifiCorp West","NG","Natural Gas",403,"megawatthours"
"2026-09-10T22","PACW","PacifiCorp West","OTH","Other",36,"megawatthours"
"2026-09-10T22","PACW","PacifiCorp West","SUN","Solar",392,"megawatthours"
"2026-09-10T22","PACW","PacifiCorp West","WAT","Hydro",101,"megawatthours"
"2026-09-10T22","PACW","PacifiCorp West","WND","Wind",659,"megawatthours"
"2026-09-10T22","PGE","Portland General Electric Company","BAT","Battery storage",-26,"megawatthours"
"2026-09-10T22","PGE","Portland General Electric Company","COL","Coal",0,"megawatthours"
"2026-09-10T22","PGE","Portland General Electric Company","NG","Natural Gas",608,"megawatthours"
"2026-09-10T22","PGE","Portland General Electric Company","OTH","Other",0,"megawatthours"
"2026-09-10T22","PGE","Portland General Electric Company","WAT","Hydro",68,"megawatthours"
"2026-09-10T22","PGE","Portland General Electric Company","WND","Wind",0,"megawatthours"
"2026-09-10T22","PJM","PJM Interconnection, LLC","COL","Coal",25276,"megawatthours"
"2026-09-10T22","PJM","PJM Interconnection, LLC","NG","Natural Gas",62802,"megawatthours"
"2026-09-10T22","PJM","PJM Interconnection, LLC","NUC","Nuclear",30898,"megawatthours"
"2026-09-10T22","PJM","PJM Interconnection, LLC","OIL","Petroleum",1979,"megawatthours"
"2026-09-10T22","PJM","PJM Interconnection, LLC","OTH","Other",3915,"megawatthours"
"2026-09-10T22","PJM","PJM Interconnection, LLC","SUN","Solar",4525,"megawatthours"
"2026-09-10T22","PJM","PJM Interconnection, LLC","WAT","Hydro",5171,"megawatthours"
"2026-09-10T22","PJM","PJM Interconnection, LLC","WND","Wind",1310,"megawatthours"
"2026-09-10T22","PNM","Public Service Company of New Mexico","BAT","Battery storage",-295,"megawatthours"
"2026-09-10T22","PNM","Public Service Company of New Mexico","COL","Coal",312,"megawatthours"
"2026-09-10T22","PNM","Public Service Company of New Mexico","GEO","Geothermal",6,"megawatthours"
"2026-09-10T22","PNM","Public Service Company of New Mexico","NG","Natural Gas",420,"megawatthours"
"2026-09-10T22","PNM","Public Service Company of New Mexico","SUN","Solar",1877,"megawatthours"
"2026-09-10T22","PNM","Public Service Company of New Mexico","WAT","Hydro",0,"megawatthours"
"2026-09-10T22","PNM","Public Service Company of New Mexico","WND","Wind",339,"megawatthours"
"2026-09-10T22","PSCO","Public Service Company of Colorado","BAT","Battery storage",233,"megawatthours"
"2026-09-10T22","PSCO","Public Service Company of Colorado","COL","Coal",1897,"megawatthours"
"2026-09-10T22","PSCO","Public Service Company of Colorado","NG","Natural Gas",1472,"megawatthours"
"2026-09-10T22","PSCO","Public Service Company of Colorado","OIL","Petroleum",0,"megawatthours"
"2026-09-10T22","PSCO","Public Service Company of Colorado","SUN","Solar",1448,"megawatthours"
"2026-09-10T22","PSCO","Public Service Company of Colorado","WAT","Hydro",3,"megawatthours"
"2026-09-10T22","PSCO","Public Service Company of Colorado","WND","Wind",2359,"megawatthours"
"2026-09-10T22","PSEI","Puget Sound Energy, Inc.","COL","Coal",0,"megawatthours"
"2026-09-10T22","PSEI","Puget Sound Energy, Inc.","NG","Natural Gas",556,"megawatthours"
"2026-09-10T22","PSEI","Puget Sound Energy, Inc.","OIL","Petroleum",0,"megawatthours"
"2026-09-10T22","PSEI","Puget Sound Energy, Inc.","OTH","Other",25,"megawatthours"
"2026-09-10T22","PSEI","Puget Sound Energy, Inc.","SUN","Solar",3,"megawatthours"
"2026-09-10T22","PSEI","Puget Sound Energy, Inc.","WAT","Hydro",19,"megawatthours"
"2026-09-10T22","PSEI","Puget Sound Energy, Inc.","WND","Wind",329,"megawatthours"
"2026-09-10T22","SC","South Carolina Public Service Authority","COL","Coal",1852,"megawatthours"
"2026-09-10T22","SC","South Carolina Public Service Authority","NG","Natural Gas",874,"megawatthours"
"2026-09-10T22","SC","South Carolina Public Service Authority","OIL","Petroleum",0,"megawatthours"
"2026-09-10T22","SC","South Carolina Public Service Authority","OTH","Other",68,"megawatthours"
"2026-09-10T22","SC","South Carolina Public Service Authority","SUN","Solar",156,"megawatthours"
"2026-09-10T22","SC","South Carolina Public Service Authority","WAT","Hydro",95,"megawatthours"
"2026-09-10T22","SCEG","Dominion Energy South Carolina, Inc.","COL","Coal",325,"megawatthours"
"2026-09-10T22","SCEG","Dominion Energy South Carolina, Inc.","NG","Natural Gas",2452,"megawatthours"
"2026-09-10T22","SCEG","Dominion Energy South Carolina, Inc.","NUC","Nuclear",967,"megawatthours"
"2026-09-10T22","SCEG","Dominion Energy South Carolina, Inc.","OTH","Other",0,"megawatthours"
"2026-09-10T22","SCEG","Dominion Energy South Carolina, Inc.","SUN","Solar",457,"megawatthours"
"2026-09-10T22","SCEG","Dominion Energy South Carolina, Inc.","WAT","Hydro",230,"megawatthours"
"2026-09-10T22","SCL","Seattle City Light","WAT","Hydro",410,"megawatthours"
"2026-09-10T22","SE","Southeast","BAT","Battery storage",230,"megawatthours"
"2026-09-10T22","SE","Southeast","COL","Coal",8250,"megawatthours"
"2026-09-10T22","SE","Southeast","NG","Natural Gas",23533,"megawatthours"
"2026-09-10T22","SE","Southeast","NUC","Nuclear",7811,"megawatthours"
"2026-09-10T22","SE","Southeast","OES","Other energy storage",0,"megawatthours"
"2026-09-10T22","SE","Southeast","OIL","Petroleum",0,"megawatthours"
"2026-09-10T22","SE","Southeast","OTH","Other",54,"megawatthours"
"2026-09-10T22","SE","Southeast","PS","Pumped storage",1598,"megawatthours"
"2026-09-10T22","SE","Southeast","SNB","Solar with integrated battery storage",130,"megawatthours"
"2026-09-10T22","SE","Southeast","SUN","Solar",1130,"megawatthours"
"2026-09-10T22","SE","Southeast","WAT","Hydro",1488,"megawatthours"
"2026-09-10T22","SE","Southeast","WND","Wind",0,"megawatthours"
"2026-09-10T22","SEC","Seminole Electric Cooperative","COL","Coal",578,"megawatthours"
"2026-09-10T22","SEC","Seminole Electric Cooperative","NG","Natural Gas",1705,"megawatthours"
"2026-09-10T22","SEC","Seminole Electric Cooperative","SUN","Solar",0,"megawatthours"
"2026-09-10T22","SEPA","Southeastern Power Administration","WAT","Hydro",692,"megawatthours"
"2026-09-10T22","SIKE","Sikeston Board of Municipal Utilities","COL","Coal",31,"megawatthours"
"2026-09-10T22","SOCO","Southern Company Services, Inc. - Trans","BAT","Battery storage",230,"megawatthours"
"2026-09-10T22","SOCO","Southern Company Services, Inc. - Trans","COL","Coal",8250,"megawatthours"
"2026-09-10T22","SOCO","Southern Company Services, Inc. - Trans","NG","Natural Gas",23533,"megawatthours"
"2026-09-10T22","SOCO","Southern Company Services, Inc. - Trans","NUC","Nuclear",7811,"megawatthours"
"2026-09-10T22","SOCO","Southern Company Services, Inc. - Trans","OES","Other energy storage",0,"megawatthours"
"2026-09-10T22","SOCO","Southern Company Services, Inc. - Trans","OIL","Petroleum",0,"megawatthours"
"2026-09-10T22","SOCO","Southern Company Services, Inc. - Trans","OTH","Other",54,"megawatthours"
"2026-09-10T22","SOCO","Southern Company Services, Inc. - Trans","PS","Pumped storage",1598,"megawatthours"
"2026-09-10T22","SOCO","Southern Company Services, Inc. - Trans","SNB","Solar with integrated battery storage",130,"megawatthours"
"2026-09-10T22","SOCO","Southern Company Services, Inc. - Trans","SUN","Solar",1130,"megawatthours"
"2026-09-10T22","SOCO","Southern Company Services, Inc. - Trans","WAT","Hydro",796,"megawatthours"
"2026-09-10T22","SOCO","Southern Company Services, Inc. - Trans","WND","Wind",0,"megawatthours"
"2026-09-10T22","SRP","Salt River Project Agricultural Improvement and Power District","BAT","Battery storage",-15,"megawatthours"
"2026-09-10T22","SRP","Salt River Project Agricultural Improvement and Power District","COL","Coal",902,"megawatthours"
"2026-09-10T22","SRP","Salt River Project Agricultural Improvement and Power District","NG","Natural Gas",3374,"megawatthours"
"2026-09-10T22","SRP","Salt River Project Agricultural Improvement and Power District","NUC","Nuclear",3909,"megawatthours"
"2026-09-10T22","SRP","Salt River Project Agricultural Improvement and Power District","SNB","Solar with integrated battery storage",0,"megawatthours"
"2026-09-10T22","SRP","Salt River Project Agricultural Improvement and Power District","SUN","Solar",1276,"megawatthours"
"2026-09-10T22","SRP","Salt River Project Agricultural Improvement and Power District","WAT","Hydro",14,"megawatthours"
"2026-09-10T22","SRP","Salt River Project Agricultural Improvement and Power District","WND","Wind",15,"megawatthours"
"2026-09-10T22","SW","Southwest","BAT","Battery storage",-322,"megawatthours"
"2026-09-10T22","SW","Southwest","COL","Coal",2615,"megawatthours"
"2026-09-10T22","SW","Southwest","GEO","Geothermal",6,"megawatthours"
"2026-09-10T22","SW","Southwest","NG","Natural Gas",7750,"megawatthours"
"2026-09-10T22","SW","Southwest","NUC","Nuclear",3909,"megawatthours"
"2026-09-10T22","SW","Southwest","OIL","Petroleum",0,"megawatthours"
"2026-09-10T22","SW","Southwest","OTH","Other",28,"megawatthours"
"2026-09-10T22","SW","Southwest","SNB","Solar with integrated battery storage",265,"megawatthours"
"2026-09-10T22","SW","Southwest","SUN","Solar",6859,"megawatthours"
"2026-09-10T22","SW","Southwest","UES","Unknown energy storage",-231,"megawatthours"
"2026-09-10T22","SW","Southwest","WAT","Hydro",389,"megawatthours"
"2026-09-10T22","SW","Southwest","WND","Wind",487,"megawatthours"
"2026-09-10T22","SWPP","Southwest Power Pool","BAT","Battery storage",95,"megawatthours"
"2026-09-10T22","SWPP","Southwest Power Pool","COL","Coal",14760,"megawatthours"
"2026-09-10T22","SWPP","Southwest Power Pool","NG","Natural Gas",20585,"megawatthours"
"2026-09-10T22","SWPP","Southwest Power Pool","NUC","Nuclear",1858,"megawatthours"
"2026-09-10T22","SWPP","Southwest Power Pool","OIL","Petroleum",0,"megawatthours"
"2026-09-10T22","SWPP","Southwest Power Pool","OTH","Other",106,"megawatthours"
"2026-09-10T22","SWPP","Southwest Power Pool","SUN","Solar",1535,"megawatthours"
"2026-09-10T22","SWPP","Southwest Power Pool","WAT","Hydro",1810,"megawatthours"
"2026-09-10T22","SWPP","Southwest Power Pool","WND","Wind",5416,"megawatthours"
"2026-09-10T22","SWPW","Southwest Power Pool West Balancing Authority Area","BAT","Battery storage",24,"megawatthours"
"2026-09-10T22","SWPW","Southwest Power Pool West Balancing Authority Area","COL","Coal",913,"megawatthours"
"2026-09-10T22","SWPW","Southwest Power Pool West Balancing Authority Area","NG","Natural Gas",790,"megawatthours"
"2026-09-10T22","SWPW","Southwest Power Pool West Balancing Authority Area","NUC","Nuclear",0,"megawatthours"
"2026-09-10T22","SWPW","Southwest Power Pool West Balancing Authority Area","OIL","Petroleum",116,"megawatthours"
"2026-09-10T22","SWPW","Southwest Power Pool West Balancing Authority Area","OTH","Other",23,"megawatthours"
"2026-09-10T22","SWPW","Southwest Power Pool West Balancing Authority Area","SUN","Solar",934,"megawatthours"
"2026-09-10T22","SWPW","Southwest Power Pool West Balancing Authority Area","WAT","Hydro",780,"megawatthours"
"2026-09-10T22","SWPW","Southwest Power Pool West Balancing Authority Area","WND","Wind",346,"megawatthours"
"2026-09-10T22","TAL","City of Tallahassee","NG","Natural Gas",434,"megawatthours"
"2026-09-10T22","TAL","City of Tallahassee","SUN","Solar",1,"megawatthours"
"2026-09-10T22","TAL","City of Tallahassee","WAT","Hydro",0,"megawatthours"
"2026-09-10T22","TEC","Tampa Electric Company","COL","Coal",0,"megawatthours"
"2026-09-10T22","TEC","Tampa Electric Company","NG","Natural Gas",3314,"megawatthours"
"2026-09-10T22","TEC","Tampa Electric Company","OIL","Petroleum",0,"megawatthours"
"2026-09-10T22","TEC","Tampa Electric Company","OTH","Other",31,"megawatthours"
"2026-09-10T22","TEC","Tampa Electric Company","SNB","Solar with integrated battery storage",13,"megawatthours"
"2026-09-10T22","TEC","Tampa Electric Company","SUN","Solar",216,"megawatthours"
"2026-09-10T22","TEN","Tennessee","BAT","Battery storage",0,"megawatthours"
"2026-09-10T22","TEN","Tennessee","COL","Coal",3812,"megawatthours"
"2026-09-10T22","TEN","Tennessee","GEO","Geothermal",0,"megawatthours"
"2026-09-10T22","TEN","Tennessee","NG","Natural Gas",10057,"megawatthours"
"2026-09-10T22","TEN","Tennessee","NUC","Nuclear",7173,"megawatthours"
"2026-09-10T22","TEN","Tennessee","OES","Other energy storage",0,"megawatthours"
"2026-09-10T22","TEN","Tennessee","OIL","Petroleum",0,"megawatthours"
"2026-09-10T22","TEN","Tennessee","OTH","Other",48,"megawatthours"
"2026-09-10T22","TEN","Tennessee","PS","Pumped storage",1153,"megawatthours"
"2026-09-10T22","TEN","Tennessee","SNB","Solar with integrated battery storage",456,"megawatthours"
"2026-09-10T22","TEN","Tennessee","SUN","Solar",768,"megawatthours"
"2026-09-10T22","TEN","Tennessee","UNK","Unknown",0,"megawatthours"
"2026-09-10T22","TEN","Tennessee","WAT","Hydro",3192,"megawatthours"
"2026-09-10T22","TEN","Tennessee","WNB","Wind with integrated battery storage",0,"megawatthours"
"2026-09-10T22","TEN","Tennessee","WND","Wind",0,"megawatthours"
"2026-09-10T22","TEPC","Tucson Electric Power","BAT","Battery storage",-44,"megawatthours"
"2026-09-10T22","TEPC","Tucson Electric Power","COL","Coal",387,"megawatthours"
"2026-09-10T22","TEPC","Tucson Electric Power","NG","Natural Gas",1258,"megawatthours"
"2026-09-10T22","TEPC","Tucson Electric Power","SUN","Solar",565,"megawatthours"
"2026-09-10T22","TEPC","Tucson Electric Power","WND","Wind",63,"megawatthours"
"2026-09-10T22","TEX","Texas","BAT","Battery storage",790,"megawatthours"
"2026-09-10T22","TEX","Texas","COL","Coal",9407,"megawatthours"
"2026-09-10T22","TEX","Texas","NG","Natural Gas",41058,"megawatthours"
"2026-09-10T22","TEX","Texas","NUC","Nuclear",4956,"megawatthours"
"2026-09-10T22","TEX","Texas","OTH","Other",57,"megawatthours"
"2026-09-10T22","TEX","Texas","SUN","Solar",19843,"megawatthours"
"2026-09-10T22","TEX","Texas","WAT","Hydro",126,"megawatthours"
"2026-09-10T22","TEX","Texas","WND","Wind",7825,"megawatthours"
"2026-09-10T22","TIDC","Turlock Irrigation District","NG","Natural Gas",383,"megawatthours"
"2026-09-10T22","TIDC","Turlock Irrigation District","WAT","Hydro",66,"megawatthours"
"2026-09-10T22","TPWR","City of Tacoma, Department of Public Utilities, Light Division","WAT","Hydro",172,"megawatthours"
"2026-09-10T22","TVA","Tennessee Valley Authority","BAT","Battery storage",0,"megawatthours"
"2026-09-10T22","TVA","Tennessee Valley Authority","COL","Coal",3812,"megawatthours"
"2026-09-10T22","TVA","Tennessee Valley Authority","GEO","Geothermal",0,"megawatthours"
"2026-09-10T22","TVA","Tennessee Valley Authority","NG","Natural Gas",10057,"megawatthours"
"2026-09-10T22","TVA","Tennessee Valley Authority","NUC","Nuclear",7173,"megawatthours"
"2026-09-10T22","TVA","Tennessee Valley Authority","OES","Other energy storage",0,"megawatthours"
"2026-09-10T22","TVA","Tennessee Valley Authority","OIL","Petroleum",0,"megawatthours"
"2026-09-10T22","TVA","Tennessee Valley Authority","OTH","Other",48,"megawatthours"
"2026-09-10T22","TVA","Tennessee Valley Authority","PS","Pumped storage",1153,"megawatthours"
"2026-09-10T22","TVA","Tennessee Valley Authority","SNB","Solar with integrated battery storage",456,"megawatthours"
"2026-09-10T22","TVA","Tennessee Valley Authority","SUN","Solar",768,"megawatthours"
"2026-09-10T22","TVA","Tennessee Valley Authority","UNK","Unknown",0,"megawatthours"
"2026-09-10T22","TVA","Tennessee Valley Authority","WAT","Hydro",3192,"megawatthours"
"2026-09-10T22","TVA","Tennessee Valley Authority","WNB","Wind with integrated battery storage",0,"megawatthours"
"2026-09-10T22","TVA","Tennessee Valley Authority","WND","Wind",0,"megawatthours"
"2026-09-10T22","US48","United States Lower 48","BAT","Battery storage",1432,"megawatthours"
"2026-09-10T22","US48","United States Lower 48","COL","Coal",117587,"megawatthours"
"2026-09-10T22","US48","United States Lower 48","GEO","Geothermal",1160,"megawatthours"
"2026-09-10T22","US48","United States Lower 48","NG","Natural Gas",307053,"megawatthours"
"2026-09-10T22","US48","United States Lower 48","NUC","Nuclear",92663,"megawatthours"
"2026-09-10T22","US48","United States Lower 48","OES","Other energy storage",0,"megawatthours"
"2026-09-10T22","US48","United States Lower 48","OIL","Petroleum",2569,"megawatthours"
"2026-09-10T22","US48","United States Lower 48","OTH","Other",7541,"megawatthours"
"2026-09-10T22","US48","United States Lower 48","PS","Pumped storage",5693,"megawatthours"
"2026-09-10T22","US48","United States Lower 48","SNB","Solar with integrated battery storage",1369,"megawatthours"
"2026-09-10T22","US48","United States Lower 48","SUN","Solar",77878,"megawatthours"
"2026-09-10T22","US48","United States Lower 48","UES","Unknown energy storage",-231,"megawatthours"
"2026-09-10T22","US48","United States Lower 48","UNK","Unknown",0,"megawatthours"
"2026-09-10T22","US48","United States Lower 48","WAT","Hydro",31050,"megawatthours"
"2026-09-10T22","US48","United States Lower 48","WNB","Wind with integrated battery storage",0,"megawatthours"
"2026-09-10T22","US48","United States Lower 48","WND","Wind",38441,"megawatthours"
"2026-09-10T22","WALC","Western Area Power Administration - Desert Southwest Region","NG","Natural Gas",622,"megawatthours"
"2026-09-10T22","WALC","Western Area Power Administration - Desert Southwest Region","SNB","Solar with integrated battery storage",160,"megawatthours"
"2026-09-10T22","WALC","Western Area Power Administration - Desert Southwest Region","SUN","Solar",43,"megawatthours"
"2026-09-10T22","WALC","Western Area Power Administration - Desert Southwest Region","WAT","Hydro",375,"megawatthours"
"2026-09-10T22","WALC","Western Area Power Administration - Desert Southwest Region","WND","Wind",5,"megawatthours"
"2026-09-10T22","YAD","Alcoa Power Generating, Inc. - Yadkin Division","WAT","Hydro",149,"megawatthours"
"2026-09-10T21","AECI","Associated Electric Cooperative, Inc.","COL","Coal",949,"megawatthours"
"2026-09-10T21","AECI","Associated Electric Cooperative, Inc.","NG","Natural Gas",1442,"megawatthours"
"2026-09-10T21","AECI","Associated Electric Cooperative, Inc.","WND","Wind",37,"megawatthours"
"2026-09-10T21","AVA","Avista Corporation","NG","Natural Gas",363,"megawatthours"
"2026-09-10T21","AVA","Avista Corporation","OTH","Other",122,"megawatthours"
"2026-09-10T21","AVA","Avista Corporation","SUN","Solar",9,"megawatthours"
"2026-09-10T21","AVA","Avista Corporation","WAT","Hydro",247,"megawatthours"
"2026-09-10T21","AVA","Avista Corporation","WND","Wind",175,"megawatthours"
"2026-09-10T21","AVRN","Avangrid Renewables, LLC","NG","Natural Gas",462,"megawatthours"
"2026-09-10T21","AVRN","Avangrid Renewables, LLC","SUN","Solar",0,"megawatthours"
"2026-09-10T21","AVRN","Avangrid Renewables, LLC","WAT","Hydro",0,"megawatthours"
"2026-09-10T21","AVRN","Avangrid Renewables, LLC","WND","Wind",1636,"megawatthours"
"2026-09-10T21","AZPS","Arizona Public Service Company","BAT","Battery storage",37,"megawatthours"
"2026-09-10T21","AZPS","Arizona Public Service Company","COL","Coal",1012,"megawatthours"
"2026-09-10T21","AZPS","Arizona Public Service Company","NG","Natural Gas",1146,"megawatthours"
"2026-09-10T21","AZPS","Arizona Public Service Company","NUC","Nuclear",0,"megawatthours"
"2026-09-10T21","AZPS","Arizona Public Service Company","OIL","Petroleum",0,"megawatthours"
"2026-09-10T21","AZPS","Arizona Public Service Company","OTH","Other",28,"megawatthours"
"2026-09-10T21","AZPS","Arizona Public Service Company","SUN","Solar",2404,"megawatthours"
"2026-09-10T21","AZPS","Arizona Public Service Company","UES","Unknown energy storage",-620,"megawatthours"
"2026-09-10T21","AZPS","Arizona Public Service Company","WAT","Hydro",0,"megawatthours"
"2026-09-10T21","AZPS","Arizona Public Service Company","WND","Wind",31,"megawatthours"
"2026-09-10T21","BANC","Balancing Authority of Northern California","NG","Natural Gas",1562,"megawatthours"
"2026-09-10T21","BANC","Balancing Authority of Northern California","OTH","Other",9,"megawatthours"
"2026-09-10T21","BANC","Balancing Authority of Northern California","SUN","Solar",297,"megawatthours"
"2026-09-10T21","BANC","Balancing Authority of Northern California","WAT","Hydro",406,"megawatthours"
"2026-09-10T21","BHBA","Black Hills Energy","COL","Coal",703,"megawatthours"
"2026-09-10T21","BHBA","Black Hills Energy","NG","Natural Gas",81,"megawatthours"
"2026-09-10T21","BHBA","Black Hills Energy","OIL","Petroleum",0,"megawatthours"
"2026-09-10T21","BHBA","Black Hills Energy","SUN","Solar",213,"megawatthours"
"2026-09-10T21","BHBA","Black Hills Energy","WAT","Hydro",2,"megawatthours"
"2026-09-10T21","BHBA","Black Hills Energy","WND","Wind",38,"megawatthours"
"2026-09-10T21","BPAT","Bonneville Power Administration","NG","Natural Gas",1003,"megawatthours"
"2026-09-10T21","BPAT","Bonneville Power Administration","NUC","Nuclear",1139,"megawatthours"
"2026-09-10T21","BPAT","Bonneville Power Administration","OTH","Other",100,"megawatthours"
"2026-09-10T21","BPAT","Bonneville Power Administration","SNB","Solar with integrated battery storage",28,"megawatthours"
"2026-09-10T21","BPAT","Bonneville Power Administration","SUN","Solar",282,"megawatthours"
"2026-09-10T21","BPAT","Bonneville Power Administration","WAT","Hydro",4493,"megawatthours"
"2026-09-10T21","BPAT","Bonneville Power Administration","WND","Wind",1900,"megawatthours"
"2026-09-10T21","CAL","California","BAT","Battery storage",-1,"megawatthours"
"2026-09-10T21","CAL","California","COL","Coal",0,"megawatthours"
"2026-09-10T21","CAL","California","GEO","Geothermal",1123,"megawatthours"
"2026-09-10T21","CAL","California","NG","Natural Gas",19361,"megawatthours"
"2026-09-10T21","CAL","California","NUC","Nuclear",2218,"megawatthours"
"2026-09-10T21","CAL","California","OIL","Petroleum",18,"megawatthours"
"2026-09-10T21","CAL","California","OTH","Other",-2916,"megawatthours"
"2026-09-10T21","CAL","California","PS","Pumped storage",0,"megawatthours"
"2026-09-10T21","CAL","California","SNB","Solar with integrated battery storage",416,"megawatthours"
"2026-09-10T21","CAL","California","SUN","Solar",20565,"megawatthours"
"2026-09-10T21","CAL","California","WAT","Hydro",2490,"megawatthours"
"2026-09-10T21","CAL","California","WND","Wind",2445,"megawatthours"
"2026-09-10T21","CAR","Carolinas","BAT","Battery storage",45,"megawatthours"
"2026-09-10T21","CAR","Carolinas","COL","Coal",8218,"megawatthours"
"2026-09-10T21","CAR","Carolinas","NG","Natural Gas",12984,"megawatthours"
"2026-09-10T21","CAR","Carolinas","NUC","Nuclear",10566,"megawatthours"
"2026-09-10T21","CAR","Carolinas","OIL","Petroleum",0,"megawatthours"
"2026-09-10T21","CAR","Carolinas","OTH","Other",1312,"megawatthours"
"2026-09-10T21","CAR","Carolinas","PS","Pumped storage",1365,"megawatthours"
"2026-09-10T21","CAR","Carolinas","SNB","Solar with integrated battery storage",21,"megawatthours"
"2026-09-10T21","CAR","Carolinas","SUN","Solar",3171,"megawatthours"
"2026-09-10T21","CAR","Carolinas","WAT","Hydro",571,"megawatthours"
"2026-09-10T21","CENT","Central","BAT","Battery storage",86,"megawatthours"
"2026-09-10T21","CENT","Central","COL","Coal",14449,"megawatthours"
"2026-09-10T21","CENT","Central","NG","Natural Gas",19648,"megawatthours"
"2026-09-10T21","CENT","Central","NUC","Nuclear",1857,"megawatthours"
"2026-09-10T21","CENT","Central","OIL","Petroleum",0,"megawatthours"
"2026-09-10T21","CENT","Central","OTH","Other",99,"megawatthours"
"2026-09-10T21","CENT","Central","SUN","Solar",1655,"megawatthours"
"2026-09-10T21","CENT","Central","WAT","Hydro",1677,"megawatthours"
"2026-09-10T21","CENT","Central","WND","Wind",6115,"megawatthours"
"2026-09-10T21","CHPD","Public Utility District No. 1 of Chelan County","WAT","Hydro",400,"megawatthours"
"2026-09-10T21","CHPD","Public Utility District No. 1 of Chelan County","WND","Wind",0,"megawatthours"
"2026-09-10T21","CISO","California Independent System Operator","COL","Coal",0,"megawatthours"
"2026-09-10T21","CISO","California Independent System Operator","GEO","Geothermal",729,"megawatthours"
"2026-09-10T21","CISO","California Independent System Operator","NG","Natural Gas",14897,"megawatthours"
"2026-09-10T21","CISO","California Independent System Operator","NUC","Nuclear",2218,"megawatthours"
"2026-09-10T21","CISO","California Independent System Operator","OIL","Petroleum",18,"megawatthours"
"2026-09-10T21","CISO","California Independent System Operator","OTH","Other",-3156,"megawatthours"
"2026-09-10T21","CISO","California Independent System Operator","SUN","Solar",18855,"megawatthours"
"2026-09-10T21","CISO","California Independent System Operator","WAT","Hydro",1834,"megawatthours"
"2026-09-10T21","CISO","California Independent System Operator","WND","Wind",2414,"megawatthours"
"2026-09-10T21","CPLE","Duke Energy Progress East","BAT","Battery storage",0,"megawatthours"
"2026-09-10T21","CPLE","Duke Energy Progress East","COL","Coal",2177,"megawatthours"
"2026-09-10T21","CPLE","Duke Energy Progress East","NG","Natural Gas",2798,"megawatthours"
"2026-09-10T21","CPLE","Duke Energy Progress East","NUC","Nuclear",3563,"megawatthours"
"2026-09-10T21","CPLE","Duke Energy Progress East","OIL","Petroleum",0,"megawatthours"
"2026-09-10T21","CPLE","Duke Energy Progress East","OTH","Other",1077,"megawatthours"
"2026-09-10T21","CPLE","Duke Energy Progress East","SNB","Solar with integrated battery storage",21,"megawatthours"
"2026-09-10T21","CPLE","Duke Energy Progress East","SUN","Solar",1481,"megawatthours"
"2026-09-10T21","CPLE","Duke Energy Progress East","WAT","Hydro",14,"megawatthours"
"2026-09-10T21","CPLW","Duke Energy Progress West","BAT","Battery storage",0,"megawatthours"
"2026-09-10T21","CPLW","Duke Energy Progress West","NG","Natural Gas",583,"megawatthours"
"2026-09-10T21","CPLW","Duke Energy Progress West","OTH","Other",166,"megawatthours"
"2026-09-10T21","CPLW","Duke Energy Progress West","SUN","Solar",2,"megawatthours"
"2026-09-10T21","CPLW","Duke Energy Progress West","WAT","Hydro",4,"megawatthours"
"2026-09-10T21","DEAA","Arlington Valley, LLC","NG","Natural Gas",341,"megawatthours"
"2026-09-10T21","DOPD","PUD No. 1 of Douglas County","WAT","Hydro",166,"megawatthours"
"2026-09-10T21","DUK","Duke Energy Carolinas","BAT","Battery storage",45,"megawatthours"
"2026-09-10T21","DUK","Duke Energy Carolinas","COL","Coal",3972,"megawatthours"
"2026-09-10T21","DUK","Duke Energy Carolinas","NG","Natural Gas",6478,"megawatthours"
"2026-09-10T21","DUK","Duke Energy Carolinas","NUC","Nuclear",6034,"megawatthours"
"2026-09-10T21","DUK","Duke Energy Carolinas","OTH","Other",0,"megawatthours"
"2026-09-10T21","DUK","Duke Energy Carolinas","PS","Pumped storage",1365,"megawatthours"
"2026-09-10T21","DUK","Duke Energy Carolinas","SUN","Solar",737,"megawatthours"
"2026-09-10T21","DUK","Duke Energy Carolinas","WAT","Hydro",180,"megawatthours"
"2026-09-10T21","EPE","El Paso Electric Company","NG","Natural Gas",494,"megawatthours"
"2026-09-10T21","EPE","El Paso Electric Company","SNB","Solar with integrated battery storage",108,"megawatthours"
"2026-09-10T21","EPE","El Paso Electric Company","SUN","Solar",670,"megawatthours"
"2026-09-10T21","ERCO","Electric Reliability Council of Texas, Inc.","BAT","Battery storage",50,"megawatthours"
"2026-09-10T21","ERCO","Electric Reliability Council of Texas, Inc.","COL","Coal",9319,"megawatthours"
"2026-09-10T21","ERCO","Electric Reliability Council of Texas, Inc.","NG","Natural Gas",39933,"megawatthours"
"2026-09-10T21","ERCO","Electric Reliability Council of Texas, Inc.","NUC","Nuclear",4956,"megawatthours"
"2026-09-10T21","ERCO","Electric Reliability Council of Texas, Inc.","OTH","Other",53,"megawatthours"
"2026-09-10T21","ERCO","Electric Reliability Council of Texas, Inc.","SUN","Solar",22645,"megawatthours"
"2026-09-10T21","ERCO","Electric Reliability Council of Texas, Inc.","WAT","Hydro",43,"megawatthours"
"2026-09-10T21","ERCO","Electric Reliability Council of Texas, Inc.","WND","Wind",7564,"megawatthours"
"2026-09-10T21","FLA","Florida","BAT","Battery storage",-11,"megawatthours"
"2026-09-10T21","FLA","Florida","COL","Coal",3710,"megawatthours"
"2026-09-10T21","FLA","Florida","NG","Natural Gas",33235,"megawatthours"
"2026-09-10T21","FLA","Florida","NUC","Nuclear",3822,"megawatthours"
"2026-09-10T21","FLA","Florida","OIL","Petroleum",252,"megawatthours"
"2026-09-10T21","FLA","Florida","OTH","Other",901,"megawatthours"
"2026-09-10T21","FLA","Florida","SNB","Solar with integrated battery storage",94,"megawatthours"
"2026-09-10T21","FLA","Florida","SUN","Solar",2583,"megawatthours"
"2026-09-10T21","FLA","Florida","WAT","Hydro",14,"megawatthours"
"2026-09-10T21","FMPP","Florida Municipal Power Pool","COL","Coal",934,"megawatthours"
"2026-09-10T21","FMPP","Florida Municipal Power Pool","NG","Natural Gas",2161,"megawatthours"
"2026-09-10T21","FMPP","Florida Municipal Power Pool","NUC","Nuclear",127,"megawatthours"
"2026-09-10T21","FMPP","Florida Municipal Power Pool","OIL","Petroleum",0,"megawatthours"
"2026-09-10T21","FMPP","Florida Municipal Power Pool","OTH","Other",11,"megawatthours"
"2026-09-10T21","FMPP","Florida Municipal Power Pool","SUN","Solar",128,"megawatthours"
"2026-09-10T21","FPC","Duke Energy Florida, Inc.","COL","Coal",1307,"megawatthours"
"2026-09-10T21","FPC","Duke Energy Florida, Inc.","NG","Natural Gas",7273,"megawatthours"
"2026-09-10T21","FPC","Duke Energy Florida, Inc.","OIL","Petroleum",250,"megawatthours"
"2026-09-10T21","FPC","Duke Energy Florida, Inc.","OTH","Other",53,"megawatthours"
"2026-09-10T21","FPC","Duke Energy Florida, Inc.","SUN","Solar",783,"megawatthours"
"2026-09-10T21","FPC","Duke Energy Florida, Inc.","WAT","Hydro",14,"megawatthours"
"2026-09-10T21","FPL","Florida Power & Light Co.","BAT","Battery storage",-11,"megawatthours"
"2026-09-10T21","FPL","Florida Power & Light Co.","NG","Natural Gas",17355,"megawatthours"
"2026-09-10T21","FPL","Florida Power & Light Co.","NUC","Nuclear",3695,"megawatthours"
"2026-09-10T21","FPL","Florida Power & Light Co.","OIL","Petroleum",0,"megawatthours"
"2026-09-10T21","FPL","Florida Power & Light Co.","OTH","Other",726,"megawatthours"
"2026-09-10T21","FPL","Florida Power & Light Co.","SNB","Solar with integrated battery storage",58,"megawatthours"
"2026-09-10T21","FPL","Florida Power & Light Co.","SUN","Solar",1281,"megawatthours"
"2026-09-10T21","GCPD","Public Utility District No. 2 of Grant County, Washington","WAT","Hydro",425,"megawatthours"
"2026-09-10T21","GRID","Gridforce Energy Management, LLC","COL","Coal",0,"megawatthours"
"2026-09-10T21","GRID","Gridforce Energy Management, LLC","NG","Natural Gas",1738,"megawatthours"
"2026-09-10T21","GRID","Gridforce Energy Management, LLC","SUN","Solar",125,"megawatthours"
"2026-09-10T21","GRID","Gridforce Energy Management, LLC","WND","Wind",10,"megawatthours"
"2026-09-10T21","GVL","Gainesville Regional Utilities","COL","Coal",0,"megawatthours"
"2026-09-10T21","GVL","Gainesville Regional Utilities","NG","Natural Gas",231,"megawatthours"
"2026-09-10T21","GVL","Gainesville Regional Utilities","OTH","Other",77,"megawatthours"
"2026-09-10T21","GWA","NaturEner Power Watch, LLC","WND","Wind",40,"megawatthours"
"2026-09-10T21","HST","City of Homestead","NG","Natural Gas",0,"megawatthours"
"2026-09-10T21","IID","Imperial Irrigation District","BAT","Battery storage",-1,"megawatthours"
"2026-09-10T21","IID","Imperial Irrigation District","GEO","Geothermal",394,"megawatthours"
"2026-09-10T21","IID","Imperial Irrigation District","NG","Natural Gas",100,"megawatthours"
"2026-09-10T21","IID","Imperial Irrigation District","OIL","Petroleum",0,"megawatthours"
"2026-09-10T21","IID","Imperial Irrigation District","SNB","Solar with integrated battery storage",20,"megawatthours"
"2026-09-10T21","IID","Imperial Irrigation District","SUN","Solar",522,"megawatthours"
"2026-09-10T21","IID","Imperial Irrigation District","WAT","Hydro",18,"megawatthours"
"2026-09-10T21","IPCO","Idaho Power Company","BAT","Battery storage",-138,"megawatthours"
"2026-09-10T21","IPCO","Idaho Power Company","GEO","Geothermal",20,"megawatthours"
"2026-09-10T21","IPCO","Idaho Power Company","NG","Natural Gas",650,"megawatthours"
"2026-09-10T21","IPCO","Idaho Power Company","OIL","Petroleum",0,"megawatthours"
"2026-09-10T21","IPCO","Idaho Power Company","OTH","Other",33,"megawatthours"
"2026-09-10T21","IPCO","Idaho Power Company","SUN","Solar",336,"megawatthours"
"2026-09-10T21","IPCO","Idaho Power Company","WAT","Hydro",438,"megawatthours"
"2026-09-10T21","IPCO","Idaho Power Company","WND","Wind",59,"megawatthours"
"2026-09-10T21","ISNE","ISO New England","BAT","Battery storage",16,"megawatthours"
"2026-09-10T21","ISNE","ISO New England","NG","Natural Gas",8082,"megawatthours"
"2026-09-10T21","ISNE","ISO New England","NUC","Nuclear",3564,"megawatthours"
"2026-09-10T21","ISNE","ISO New England","OTH","Other",617,"megawatthours"
"2026-09-10T21","ISNE","ISO New England","PS","Pumped storage",881,"megawatthours"
"2026-09-10T21","ISNE","ISO New England","SNB","Solar with integrated battery storage",10,"megawatthours"
"2026-09-10T21","ISNE","ISO New England","SUN","Solar",514,"megawatthours"
"2026-09-10T21","ISNE","ISO New England","WAT","Hydro",300,"megawatthours"
"2026-09-10T21","ISNE","ISO New England","WND","Wind",1955,"megawatthours"
"2026-09-10T21","JEA","JEA","COL","Coal",892,"megawatthours"
"2026-09-10T21","JEA","JEA","NG","Natural Gas",786,"megawatthours"
"2026-09-10T21","JEA","JEA","OIL","Petroleum",2,"megawatthours"
"2026-09-10T21","JEA","JEA","OTH","Other",2,"megawatthours"
"2026-09-10T21","JEA","JEA","SUN","Solar",12,"megawatthours"
"2026-09-10T21","LDWP","Los Angeles Department of Water and Power","BAT","Battery storage",0,"megawatthours"
"2026-09-10T21","LDWP","Los Angeles Department of Water and Power","NG","Natural Gas",2438,"megawatthours"
"2026-09-10T21","LDWP","Los Angeles Department of Water and Power","OTH","Other",231,"megawatthours"
"2026-09-10T21","LDWP","Los Angeles Department of Water and Power","PS","Pumped storage",0,"megawatthours"
"2026-09-10T21","LDWP","Los Angeles Department of Water and Power","SNB","Solar with integrated battery storage",396,"megawatthours"
"2026-09-10T21","LDWP","Los Angeles Department of Water and Power","SUN","Solar",891,"megawatthours"
"2026-09-10T21","LDWP","Los Angeles Department of Water and Power","WAT","Hydro",182,"megawatthours"
"2026-09-10T21","LDWP","Los Angeles Department of Water and Power","WND","Wind",31,"megawatthours"
"2026-09-10T21","LGEE","LG&E and KU Services Company as agent for Louisville Gas and Electric Company and Kentucky Utilities Company","COL","Coal",4455,"megawatthours"
"2026-09-10T21","LGEE","LG&E and KU Services Company as agent for Louisville Gas and Electric Company and Kentucky Utilities Company","NG","Natural Gas",670,"megawatthours"
"2026-09-10T21","LGEE","LG&E and KU Services Company as agent for Louisville Gas and Electric Company and Kentucky Utilities Company","OIL","Petroleum",0,"megawatthours"
"2026-09-10T21","LGEE","LG&E and KU Services Company as agent for Louisville Gas and Electric Company and Kentucky Utilities Company","SUN","Solar",60,"megawatthours"
"2026-09-10T21","LGEE","LG&E and KU Services Company as agent for Louisville Gas and Electric Company and Kentucky Utilities Company","WAT","Hydro",51,"megawatthours"
"2026-09-10T21","MIDA","Mid-Atlantic","COL","Coal",25357,"megawatthours"
"2026-09-10T21","MIDA","Mid-Atlantic","NG","Natural Gas",62128,"megawatthours"
"2026-09-10T21","MIDA","Mid-Atlantic","NUC","Nuclear",30893,"megawatthours"
"2026-09-10T21","MIDA","Mid-Atlantic","OIL","Petroleum",1890,"megawatthours"
"2026-09-10T21","MIDA","Mid-Atlantic","OTH","Other",3974,"megawatthours"
"2026-09-10T21","MIDA","Mid-Atlantic","SUN","Solar",6570,"megawatthours"
"2026-09-10T21","MIDA","Mid-Atlantic","WAT","Hydro",4788,"megawatthours"
"2026-09-10T21","MIDA","Mid-Atlantic","WND","Wind",1392,"megawatthours"
"2026-09-10T21","MIDW","Midwest","BAT","Battery storage",439,"megawatthours"
"2026-09-10T21","MIDW","Midwest","COL","Coal",31757,"megawatthours"
"2026-09-10T21","MIDW","Midwest","NG","Natural Gas",42019,"megawatthours"
"2026-09-10T21","MIDW","Midwest","NUC","Nuclear",11669,"megawatthours"
"2026-09-10T21","MIDW","Midwest","OIL","Petroleum",0,"megawatthours"
"2026-09-10T21","MIDW","Midwest","OTH","Other",547,"megawatthours"
"2026-09-10T21","MIDW","Midwest","SUN","Solar",10582,"megawatthours"
"2026-09-10T21","MIDW","Midwest","WAT","Hydro",1895,"megawatthours"
"2026-09-10T21","MIDW","Midwest","WND","Wind",4791,"megawatthours"
"2026-09-10T21","MISO","Midcontinent Independent System Operator, Inc.","BAT","Battery storage",439,"megawatthours"
"2026-09-10T21","MISO","Midcontinent Independent System Operator, Inc.","COL","Coal",26322,"megawatthours"
"2026-09-10T21","MISO","Midcontinent Independent System Operator, Inc.","NG","Natural Gas",39907,"megawatthours"
"2026-09-10T21","MISO","Midcontinent Independent System Operator, Inc.","NUC","Nuclear",11669,"megawatthours"
"2026-09-10T21","MISO","Midcontinent Independent System Operator, Inc.","OTH","Other",547,"megawatthours"
"2026-09-10T21","MISO","Midcontinent Independent System Operator, Inc.","SUN","Solar",10522,"megawatthours"
"2026-09-10T21","MISO","Midcontinent Independent System Operator, Inc.","WAT","Hydro",1844,"megawatthours"
"2026-09-10T21","MISO","Midcontinent Independent System Operator, Inc.","WND","Wind",4754,"megawatthours"
"2026-09-10T21","NE","New England","BAT","Battery storage",16,"megawatthours"
"2026-09-10T21","NE","New England","NG","Natural Gas",8082,"megawatthours"
"2026-09-10T21","NE","New England","NUC","Nuclear",3564,"megawatthours"
"2026-09-10T21","NE","New England","OTH","Other",617,"megawatthours"
"2026-09-10T21","NE","New England","PS","Pumped storage",881,"megawatthours"
"2026-09-10T21","NE","New England","SNB","Solar with integrated battery storage",10,"megawatthours"
"2026-09-10T21","NE","New England","SUN","Solar",514,"megawatthours"
"2026-09-10T21","NE","New England","WAT","Hydro",300,"megawatthours"
"2026-09-10T21","NE","New England","WND","Wind",1955,"megawatthours"
"2026-09-10T21","NEVP","Nevada Power Company","COL","Coal",469,"megawatthours"
"2026-09-10T21","NEVP","Nevada Power Company","NG","Natural Gas",3116,"megawatthours"
"2026-09-10T21","NEVP","Nevada Power Company","NUC","Nuclear",0,"megawatthours"
"2026-09-10T21","NEVP","Nevada Power Company","OIL","Petroleum",0,"megawatthours"
"2026-09-10T21","NEVP","Nevada Power Company","OTH","Other",292,"megawatthours"
"2026-09-10T21","NEVP","Nevada Power Company","SUN","Solar",2677,"megawatthours"
"2026-09-10T21","NEVP","Nevada Power Company","WAT","Hydro",5,"megawatthours"
"2026-09-10T21","NEVP","Nevada Power Company","WND","Wind",14,"megawatthours"
"2026-09-10T21","NW","Northwest","BAT","Battery storage",298,"megawatthours"
"2026-09-10T21","NW","Northwest","COL","Coal",8730,"megawatthours"
"2026-09-10T21","NW","Northwest","GEO","Geothermal",20,"megawatthours"
"2026-09-10T21","NW","Northwest","NG","Natural Gas",12136,"megawatthours"
"2026-09-10T21","NW","Northwest","NUC","Nuclear",1139,"megawatthours"
"2026-09-10T21","NW","Northwest","OIL","Petroleum",172,"megawatthours"
"2026-09-10T21","NW","Northwest","OTH","Other",735,"megawatthours"
"2026-09-10T21","NW","Northwest","SNB","Solar with integrated battery storage",28,"megawatthours"
"2026-09-10T21","NW","Northwest","SUN","Solar",9717,"megawatthours"
"2026-09-10T21","NW","Northwest","WAT","Hydro",8250,"megawatthours"
"2026-09-10T21","NW","Northwest","WND","Wind",10775,"megawatthours"
"2026-09-10T21","NWMT","NorthWestern Corporation","COL","Coal",1235,"megawatthours"
"2026-09-10T21","NWMT","NorthWestern Corporation","NG","Natural Gas",162,"megawatthours"
"2026-09-10T21","NWMT","NorthWestern Corporation","OIL","Petroleum",56,"megawatthours"
"2026-09-10T21","NWMT","NorthWestern Corporation","SUN","Solar",141,"megawatthours"
"2026-09-10T21","NWMT","NorthWestern Corporation","WAT","Hydro",348,"megawatthours"
"2026-09-10T21","NWMT","NorthWestern Corporation","WND","Wind",672,"megawatthours"
"2026-09-10T21","NY","New York","COL","Coal",0,"megawatthours"
"2026-09-10T21","NY","New York","NG","Natural Gas",10775,"megawatthours"
"2026-09-10T21","NY","New York","NUC","Nuclear",3106,"megawatthours"
"2026-09-10T21","NY","New York","OIL","Petroleum",0,"megawatthours"
"2026-09-10T21","NY","New York","OTH","Other",830,"megawatthours"
"2026-09-10T21","NY","New York","SUN","Solar",0,"megawatthours"
"2026-09-10T21","NY","New York","WAT","Hydro",3386,"megawatthours"
"2026-09-10T21","NY","New York","WND","Wind",1452,"megawatthours"
"2026-09-10T21","NYIS","New York Independent System Operator","COL","Coal",0,"megawatthours"
"2026-09-10T21","NYIS","New York Independent System Operator","NG","Natural Gas",10775,"megawatthours"
"2026-09-10T21","NYIS","New York Independent System Operator","NUC","Nuclear",3106,"megawatthours"
"2026-09-10T21","NYIS","New York Independent System Operator","OIL","Petroleum",0,"megawatthours"
"2026-09-10T21","NYIS","New York Independent System Operator","OTH","Other",830,"megawatthours"
"2026-09-10T21","NYIS","New York Independent System Operator","SUN","Solar",0,"megawatthours"
"2026-09-10T21","NYIS","New York Independent System Operator","WAT","Hydro",3386,"megawatthours"
"2026-09-10T21","NYIS","New York Independent System Operator","WND","Wind",1452,"megawatthours"
"2026-09-10T21","PACE","PacifiCorp East","COL","Coal",3363,"megawatthours"
"2026-09-10T21","PACE","PacifiCorp East","NG","Natural Gas",766,"megawatthours"
"2026-09-10T21","PACE","PacifiCorp East","OTH","Other",126,"megawatthours"
"2026-09-10T21","PACE","PacifiCorp East","SUN","Solar",3048,"megawatthours"
"2026-09-10T21","PACE","PacifiCorp East","WAT","Hydro",110,"megawatthours"
"2026-09-10T21","PACE","PacifiCorp East","WND","Wind",3116,"megawatthours"
"2026-09-10T21","PACW","PacifiCorp West","NG","Natural Gas",440,"megawatthours"
"2026-09-10T21","PACW","PacifiCorp West","OTH","Other",35,"megawatthours"
"2026-09-10T21","PACW","PacifiCorp West","SUN","Solar",385,"megawatthours"
"2026-09-10T21","PACW","PacifiCorp West","WAT","Hydro",110,"megawatthours"
"2026-09-10T21","PACW","PacifiCorp West","WND","Wind",631,"megawatthours"
"2026-09-10T21","PGE","Portland General Electric Company","BAT","Battery storage",-54,"megawatthours"
"2026-09-10T21","PGE","Portland General Electric Company","COL","Coal",0,"megawatthours"
"2026-09-10T21","PGE","Portland General Electric Company","NG","Natural Gas",609,"megawatthours"
"2026-09-10T21","PGE","Portland General Electric Company","OTH","Other",0,"megawatthours"
"2026-09-10T21","PGE","Portland General Electric Company","WAT","Hydro",66,"megawatthours"
"2026-09-10T21","PGE","Portland General Electric Company","WND","Wind",0,"megawatthours"
"2026-09-10T21","PJM","PJM Interconnection, LLC","COL","Coal",25357,"megawatthours"
"2026-09-10T21","PJM","PJM Interconnection, LLC","NG","Natural Gas",62128,"megawatthours"
"2026-09-10T21","PJM","PJM Interconnection, LLC","NUC","Nuclear",30893,"megawatthours"
"2026-09-10T21","PJM","PJM Interconnection, LLC","OIL","Petroleum",1890,"megawatthours"
"2026-09-10T21","PJM","PJM Interconnection, LLC","OTH","Other",3974,"megawatthours"
"2026-09-10T21","PJM","PJM Interconnection, LLC","SUN","Solar",6570,"megawatthours"
"2026-09-10T21","PJM","PJM Interconnection, LLC","WAT","Hydro",4788,"megawatthours"
"2026-09-10T21","PJM","PJM Interconnection, LLC","WND","Wind",1392,"megawatthours"
"2026-09-10T21","PNM","Public Service Company of New Mexico","BAT","Battery storage",-406,"megawatthours"
"2026-09-10T21","PNM","Public Service Company of New Mexico","COL","Coal",313,"megawatthours"
"2026-09-10T21","PNM","Public Service Company of New Mexico","GEO","Geothermal",6,"megawatthours"
"2026-09-10T21","PNM","Public Service Company of New Mexico","NG","Natural Gas",399,"megawatthours"
"2026-09-10T21","PNM","Public Service Company of New Mexico","SUN","Solar",1866,"megawatthours"
"2026-09-10T21","PNM","Public Service Company of New Mexico","WAT","Hydro",0,"megawatthours"
"2026-09-10T21","PNM","Public Service Company of New Mexico","WND","Wind",316,"megawatthours"
"2026-09-10T21","PSCO","Public Service Company of Colorado","BAT","Battery storage",485,"megawatthours"
"2026-09-10T21","PSCO","Public Service Company of Colorado","COL","Coal",2046,"megawatthours"
"2026-09-10T21","PSCO","Public Service Company of Colorado","NG","Natural Gas",1350,"megawatthours"
"2026-09-10T21","PSCO","Public Service Company of Colorado","OIL","Petroleum",0,"megawatthours"
"2026-09-10T21","PSCO","Public Service Company of Colorado","SUN","Solar",1571,"megawatthours"
"2026-09-10T21","PSCO","Public Service Company of Colorado","WAT","Hydro",7,"megawatthours"
"2026-09-10T21","PSCO","Public Service Company of Colorado","WND","Wind",1848,"megawatthours"
"2026-09-10T21","PSEI","Puget Sound Energy, Inc.","COL","Coal",0,"megawatthours"
"2026-09-10T21","PSEI","Puget Sound Energy, Inc.","NG","Natural Gas",611,"megawatthours"
"2026-09-10T21","PSEI","Puget Sound Energy, Inc.","OIL","Petroleum",0,"megawatthours"
"2026-09-10T21","PSEI","Puget Sound Energy, Inc.","OTH","Other",22,"megawatthours"
"2026-09-10T21","PSEI","Puget Sound Energy, Inc.","SUN","Solar",5,"megawatthours"
"2026-09-10T21","PSEI","Puget Sound Energy, Inc.","WAT","Hydro",21,"megawatthours"
"2026-09-10T21","PSEI","Puget Sound Energy, Inc.","WND","Wind",300,"megawatthours"
"2026-09-10T21","SC","South Carolina Public Service Authority","COL","Coal",1745,"megawatthours"
"2026-09-10T21","SC","South Carolina Public Service Authority","NG","Natural Gas",783,"megawatthours"
"2026-09-10T21","SC","South Carolina Public Service Authority","OIL","Petroleum",0,"megawatthours"
"2026-09-10T21","SC","South Carolina Public Service Authority","OTH","Other",69,"megawatthours"
"2026-09-10T21","SC","South Carolina Public Service Authority","SUN","Solar",336,"megawatthours"
"2026-09-10T21","SC","South Carolina Public Service Authority","WAT","Hydro",68,"megawatthours"
"2026-09-10T21","SCEG","Dominion Energy South Carolina, Inc.","COL","Coal",324,"megawatthours"
"2026-09-10T21","SCEG","Dominion Energy South Carolina, Inc.","NG","Natural Gas",2342,"megawatthours"
"2026-09-10T21","SCEG","Dominion Energy South Carolina, Inc.","NUC","Nuclear",969,"megawatthours"
"2026-09-10T21","SCEG","Dominion Energy South Carolina, Inc.","OTH","Other",0,"megawatthours"
"2026-09-10T21","SCEG","Dominion Energy South Carolina, Inc.","SUN","Solar",615,"megawatthours"
"2026-09-10T21","SCEG","Dominion Energy South Carolina, Inc.","WAT","Hydro",161,"megawatthours"
"2026-09-10T21","SCL","Seattle City Light","WAT","Hydro",459,"megawatthours"
"2026-09-10T21","SE","Southeast","BAT","Battery storage",153,"megawatthours"
"2026-09-10T21","SE","Southeast","COL","Coal",8398,"megawatthours"
"2026-09-10T21","SE","Southeast","NG","Natural Gas",23061,"megawatthours"
"2026-09-10T21","SE","Southeast","NUC","Nuclear",7808,"megawatthours"
"2026-09-10T21","SE","Southeast","OES","Other energy storage",0,"megawatthours"
"2026-09-10T21","SE","Southeast","OIL","Petroleum",-1,"megawatthours"
"2026-09-10T21","SE","Southeast","OTH","Other",0,"megawatthours"
"2026-09-10T21","SE","Southeast","PS","Pumped storage",1354,"megawatthours"
"2026-09-10T21","SE","Southeast","SNB","Solar with integrated battery storage",127,"megawatthours"
"2026-09-10T21","SE","Southeast","SUN","Solar",1189,"megawatthours"
"2026-09-10T21","SE","Southeast","WAT","Hydro",1174,"megawatthours"
"2026-09-10T21","SE","Southeast","WND","Wind",0,"megawatthours"
"2026-09-10T21","SEC","Seminole Electric Cooperative","COL","Coal",577,"megawatthours"
"2026-09-10T21","SEC","Seminole Electric Cooperative","NG","Natural Gas",1689,"megawatthours"
"2026-09-10T21","SEC","Seminole Electric Cooperative","SUN","Solar",0,"megawatthours"
"2026-09-10T21","SEPA","Southeastern Power Administration","WAT","Hydro",594,"megawatthours"
"2026-09-10T21","SIKE","Sikeston Board of Municipal Utilities","COL","Coal",31,"megawatthours"
"2026-09-10T21","SOCO","Southern Company Services, Inc. - Trans","BAT","Battery storage",153,"megawatthours"
"2026-09-10T21","SOCO","Southern Company Services, Inc. - Trans","COL","Coal",8398,"megawatthours"
"2026-09-10T21","SOCO","Southern Company Services, Inc. - Trans","NG","Natural Gas",23061,"megawatthours"
"2026-09-10T21","SOCO","Southern Company Services, Inc. - Trans","NUC","Nuclear",7808,"megawatthours"
"2026-09-10T21","SOCO","Southern Company Services, Inc. - Trans","OES","Other energy storage",0,"megawatthours"
"2026-09-10T21","SOCO","Southern Company Services, Inc. - Trans","OIL","Petroleum",-1,"megawatthours"
"2026-09-10T21","SOCO","Southern Company Services, Inc. - Trans","OTH","Other",0,"megawatthours"
"2026-09-10T21","SOCO","Southern Company Services, Inc. - Trans","PS","Pumped storage",1354,"megawatthours"
"2026-09-10T21","SOCO","Southern Company Services, Inc. - Trans","SNB","Solar with integrated battery storage",127,"megawatthours"
"2026-09-10T21","SOCO","Southern Company Services, Inc. - Trans","SUN","Solar",1189,"megawatthours"
"2026-09-10T21","SOCO","Southern Company Services, Inc. - Trans","WAT","Hydro",580,"megawatthours"
"2026-09-10T21","SOCO","Southern Company Services, Inc. - Trans","WND","Wind",0,"megawatthours"
"2026-09-10T21","SRP","Salt River Project Agricultural Improvement and Power District","BAT","Battery storage",-9,"megawatthours"
"2026-09-10T21","SRP","Salt River Project Agricultural Improvement and Power District","COL","Coal",840,"megawatthours"
"2026-09-10T21","SRP","Salt River Project Agricultural Improvement and Power District","NG","Natural Gas",3226,"megawatthours"
"2026-09-10T21","SRP","Salt River Project Agricultural Improvement and Power District","NUC","Nuclear",3901,"megawatthours"
"2026-09-10T21","SRP","Salt River Project Agricultural Improvement and Power District","SNB","Solar with integrated battery storage",0,"megawatthours"
"2026-09-10T21","SRP","Salt River Project Agricultural Improvement and Power District","SUN","Solar",1264,"megawatthours"
"2026-09-10T21","SRP","Salt River Project Agricultural Improvement and Power District","WAT","Hydro",14,"megawatthours"
"2026-09-10T21","SRP","Salt River Project Agricultural Improvement and Power District","WND","Wind",4,"megawatthours"
"2026-09-10T21","SW","Southwest","BAT","Battery storage",-425,"megawatthours"
"2026-09-10T21","SW","Southwest","COL","Coal",2592,"megawatthours"
"2026-09-10T21","SW","Southwest","GEO","Geothermal",6,"megawatthours"
"2026-09-10T21","SW","Southwest","NG","Natural Gas",7568,"megawatthours"
"2026-09-10T21","SW","Southwest","NUC","Nuclear",3901,"megawatthours"
"2026-09-10T21","SW","Southwest","OIL","Petroleum",0,"megawatthours"
"2026-09-10T21","SW","Southwest","OTH","Other",28,"megawatthours"
"2026-09-10T21","SW","Southwest","SNB","Solar with integrated battery storage",197,"megawatthours"
"2026-09-10T21","SW","Southwest","SUN","Solar",6804,"megawatthours"
"2026-09-10T21","SW","Southwest","UES","Unknown energy storage",-620,"megawatthours"
"2026-09-10T21","SW","Southwest","WAT","Hydro",358,"megawatthours"
"2026-09-10T21","SW","Southwest","WND","Wind",359,"megawatthours"
"2026-09-10T21","SWPP","Southwest Power Pool","BAT","Battery storage",86,"megawatthours"
"2026-09-10T21","SWPP","Southwest Power Pool","COL","Coal",14449,"megawatthours"
"2026-09-10T21","SWPP","Southwest Power Pool","NG","Natural Gas",19648,"megawatthours"
"2026-09-10T21","SWPP","Southwest Power Pool","NUC","Nuclear",1857,"megawatthours"
"2026-09-10T21","SWPP","Southwest Power Pool","OIL","Petroleum",0,"megawatthours"
"2026-09-10T21","SWPP","Southwest Power Pool","OTH","Other",99,"megawatthours"
"2026-09-10T21","SWPP","Southwest Power Pool","SUN","Solar",1655,"megawatthours"
"2026-09-10T21","SWPP","Southwest Power Pool","WAT","Hydro",1677,"megawatthours"
"2026-09-10T21","SWPP","Southwest Power Pool","WND","Wind",6115,"megawatthours"
"2026-09-10T21","SWPW","Southwest Power Pool West Balancing Authority Area","BAT","Battery storage",5,"megawatthours"
"2026-09-10T21","SWPW","Southwest Power Pool West Balancing Authority Area","COL","Coal",914,"megawatthours"
"2026-09-10T21","SWPW","Southwest Power Pool West Balancing Authority Area","NG","Natural Gas",785,"megawatthours"
"2026-09-10T21","SWPW","Southwest Power Pool West Balancing Authority Area","NUC","Nuclear",0,"megawatthours"
"2026-09-10T21","SWPW","Southwest Power Pool West Balancing Authority Area","OIL","Petroleum",116,"megawatthours"
"2026-09-10T21","SWPW","Southwest Power Pool West Balancing Authority Area","OTH","Other",5,"megawatthours"
"2026-09-10T21","SWPW","Southwest Power Pool West Balancing Authority Area","SUN","Solar",925,"megawatthours"
"2026-09-10T21","SWPW","Southwest Power Pool West Balancing Authority Area","WAT","Hydro",698,"megawatthours"
"2026-09-10T21","SWPW","Southwest Power Pool West Balancing Authority Area","WND","Wind",336,"megawatthours"
"2026-09-10T21","TAL","City of Tallahassee","NG","Natural Gas",438,"megawatthours"
"2026-09-10T21","TAL","City of Tallahassee","SUN","Solar",6,"megawatthours"
"2026-09-10T21","TAL","City of Tallahassee","WAT","Hydro",0,"megawatthours"
"2026-09-10T21","TEC","Tampa Electric Company","COL","Coal",0,"megawatthours"
"2026-09-10T21","TEC","Tampa Electric Company","NG","Natural Gas",3302,"megawatthours"
"2026-09-10T21","TEC","Tampa Electric Company","OIL","Petroleum",0,"megawatthours"
"2026-09-10T21","TEC","Tampa Electric Company","OTH","Other",32,"megawatthours"
"2026-09-10T21","TEC","Tampa Electric Company","SNB","Solar with integrated battery storage",36,"megawatthours"
"2026-09-10T21","TEC","Tampa Electric Company","SUN","Solar",373,"megawatthours"
"2026-09-10T21","TEN","Tennessee","BAT","Battery storage",0,"megawatthours"
"2026-09-10T21","TEN","Tennessee","COL","Coal",3818,"megawatthours"
"2026-09-10T21","TEN","Tennessee","GEO","Geothermal",0,"megawatthours"
"2026-09-10T21","TEN","Tennessee","NG","Natural Gas",9792,"megawatthours"
"2026-09-10T21","TEN","Tennessee","NUC","Nuclear",7161,"megawatthours"
"2026-09-10T21","TEN","Tennessee","OES","Other energy storage",0,"megawatthours"
"2026-09-10T21","TEN","Tennessee","OIL","Petroleum",0,"megawatthours"
"2026-09-10T21","TEN","Tennessee","OTH","Other",45,"megawatthours"
"2026-09-10T21","TEN","Tennessee","PS","Pumped storage",1150,"megawatthours"
"2026-09-10T21","TEN","Tennessee","SNB","Solar with integrated battery storage",320,"megawatthours"
"2026-09-10T21","TEN","Tennessee","SUN","Solar",888,"megawatthours"
"2026-09-10T21","TEN","Tennessee","UNK","Unknown",0,"megawatthours"
"2026-09-10T21","TEN","Tennessee","WAT","Hydro",3193,"megawatthours"
"2026-09-10T21","TEN","Tennessee","WNB","Wind with integrated battery storage",0,"megawatthours"
"2026-09-10T21","TEN","Tennessee","WND","Wind",0,"megawatthours"
"2026-09-10T21","TEPC","Tucson Electric Power","BAT","Battery storage",-47,"megawatthours"
"2026-09-10T21","TEPC","Tucson Electric Power","COL","Coal",427,"megawatthours"
"2026-09-10T21","TEPC","Tucson Electric Power","NG","Natural Gas",1345,"megawatthours"
"2026-09-10T21","TEPC","Tucson Electric Power","SUN","Solar",560,"megawatthours"
"2026-09-10T21","TEPC","Tucson Electric Power","WND","Wind",5,"megawatthours"
"2026-09-10T21","TEX","Texas","BAT","Battery storage",50,"megawatthours"
"2026-09-10T21","TEX","Texas","COL","Coal",9319,"megawatthours"
"2026-09-10T21","TEX","Texas","NG","Natural Gas",39933,"megawatthours"
"2026-09-10T21","TEX","Texas","NUC","Nuclear",4956,"megawatthours"
"2026-09-10T21","TEX","Texas","OTH","Other",53,"megawatthours"
"2026-09-10T21","TEX","Texas","SUN","Solar",22645,"megawatthours"
"2026-09-10T21","TEX","Texas","WAT","Hydro",43,"megawatthours"
"2026-09-10T21","TEX","Texas","WND","Wind",7564,"megawatthours"
"2026-09-10T21","TIDC","Turlock Irrigation District","NG","Natural Gas",364,"megawatthours"
"2026-09-10T21","TIDC","Turlock Irrigation District","WAT","Hydro",50,"megawatthours"
"2026-09-10T21","TPWR","City of Tacoma, Department of Public Utilities, Light Division","WAT","Hydro",255,"megawatthours"
"2026-09-10T21","TVA","Tennessee Valley Authority","BAT","Battery storage",0,"megawatthours"
"2026-09-10T21","TVA","Tennessee Valley Authority","COL","Coal",3818,"megawatthours"
"2026-09-10T21","TVA","Tennessee Valley Authority","GEO","Geothermal",0,"megawatthours"
"2026-09-10T21","TVA","Tennessee Valley Authority","NG","Natural Gas",9792,"megawatthours"
"2026-09-10T21","TVA","Tennessee Valley Authority","NUC","Nuclear",7161,"megawatthours"
"2026-09-10T21","TVA","Tennessee Valley Authority","OES","Other energy storage",0,"megawatthours"
"2026-09-10T21","TVA","Tennessee Valley Authority","OIL","Petroleum",0,"megawatthours"
"2026-09-10T21","TVA","Tennessee Valley Authority","OTH","Other",45,"megawatthours"
"2026-09-10T21","TVA","Tennessee Valley Authority","PS","Pumped storage",1150,"megawatthours"
"2026-09-10T21","TVA","Tennessee Valley Authority","SNB","Solar with integrated battery storage",320,"megawatthours"
"2026-09-10T21","TVA","Tennessee Valley Authority","SUN","Solar",888,"megawatthours"
"2026-09-10T21","TVA","Tennessee Valley Authority","UNK","Unknown",0,"megawatthours"
"2026-09-10T21","TVA","Tennessee Valley Authority","WAT","Hydro",3193,"megawatthours"
"2026-09-10T21","TVA","Tennessee Valley Authority","WNB","Wind with integrated battery storage",0,"megawatthours"
"2026-09-10T21","TVA","Tennessee Valley Authority","WND","Wind",0,"megawatthours"
"2026-09-10T21","US48","United States Lower 48","BAT","Battery storage",650,"megawatthours"
"2026-09-10T21","US48","United States Lower 48","COL","Coal",116348,"megawatthours"
"2026-09-10T21","US48","United States Lower 48","GEO","Geothermal",1149,"megawatthours"
"2026-09-10T21","US48","United States Lower 48","NG","Natural Gas",300722,"megawatthours"
"2026-09-10T21","US48","United States Lower 48","NUC","Nuclear",92660,"megawatthours"
"2026-09-10T21","US48","United States Lower 48","OES","Other energy storage",0,"megawatthours"
"2026-09-10T21","US48","United States Lower 48","OIL","Petroleum",2331,"megawatthours"
"2026-09-10T21","US48","United States Lower 48","OTH","Other",6225,"megawatthours"
"2026-09-10T21","US48","United States Lower 48","PS","Pumped storage",4750,"megawatthours"
"2026-09-10T21","US48","United States Lower 48","SNB","Solar with integrated battery storage",1213,"megawatthours"
"2026-09-10T21","US48","United States Lower 48","SUN","Solar",86883,"megawatthours"
"2026-09-10T21","US48","United States Lower 48","UES","Unknown energy storage",-620,"megawatthours"
"2026-09-10T21","US48","United States Lower 48","UNK","Unknown",0,"megawatthours"
"2026-09-10T21","US48","United States Lower 48","WAT","Hydro",28139,"megawatthours"
"2026-09-10T21","US48","United States Lower 48","WNB","Wind with integrated battery storage",0,"megawatthours"
"2026-09-10T21","US48","United States Lower 48","WND","Wind",36848,"megawatthours"
"2026-09-10T21","WALC","Western Area Power Administration - Desert Southwest Region","NG","Natural Gas",617,"megawatthours"
"2026-09-10T21","WALC","Western Area Power Administration - Desert Southwest Region","SNB","Solar with integrated battery storage",89,"megawatthours"
"2026-09-10T21","WALC","Western Area Power Administration - Desert Southwest Region","SUN","Solar",40,"megawatthours"
"2026-09-10T21","WALC","Western Area Power Administration - Desert Southwest Region","WAT","Hydro",344,"megawatthours"
"2026-09-10T21","WALC","Western Area Power Administration - Desert Southwest Region","WND","Wind",3,"megawatthours"
"2026-09-10T21","YAD","Alcoa Power Generating, Inc. - Yadkin Division","WAT","Hydro",144,"megawatthours"
"2026-09-10T20","AECI","Associated Electric Cooperative, Inc.","COL","Coal",921,"megawatthours"
"2026-09-10T20","AECI","Associated Electric Cooperative, Inc.","NG","Natural Gas",1439,"megawatthours"
"2026-09-10T20","AECI","Associated Electric Cooperative, Inc.","WND","Wind",58,"megawatthours"
"2026-09-10T20","AVA","Avista Corporation","NG","Natural Gas",351,"megawatthours"
"2026-09-10T20","AVA","Avista Corporation","OTH","Other",116,"megawatthours"
"2026-09-10T20","AVA","Avista Corporation","SUN","Solar",11,"megawatthours"
"2026-09-10T20","AVA","Avista Corporation","WAT","Hydro",228,"megawatthours"
"2026-09-10T20","AVA","Avista Corporation","WND","Wind",148,"megawatthours"
"2026-09-10T20","AVRN","Avangrid Renewables, LLC","NG","Natural Gas",480,"megawatthours"
"2026-09-10T20","AVRN","Avangrid Renewables, LLC","SUN","Solar",0,"megawatthours"
"2026-09-10T20","AVRN","Avangrid Renewables, LLC","WAT","Hydro",0,"megawatthours"
"2026-09-10T20","AVRN","Avangrid Renewables, LLC","WND","Wind",1589,"megawatthours"
"2026-09-10T20","AZPS","Arizona Public Service Company","BAT","Battery storage",43,"megawatthours"
"2026-09-10T20","AZPS","Arizona Public Service Company","COL","Coal",1014,"megawatthours"
"2026-09-10T20","AZPS","Arizona Public Service Company","NG","Natural Gas",1127,"megawatthours"
"2026-09-10T20","AZPS","Arizona Public Service Company","NUC","Nuclear",0,"megawatthours"
"2026-09-10T20","AZPS","Arizona Public Service Company","OIL","Petroleum",0,"megawatthours"
"2026-09-10T20","AZPS","Arizona Public Service Company","OTH","Other",28,"megawatthours"
"2026-09-10T20","AZPS","Arizona Public Service Company","SUN","Solar",2393,"megawatthours"
"2026-09-10T20","AZPS","Arizona Public Service Company","UES","Unknown energy storage",-1226,"megawatthours"
"2026-09-10T20","AZPS","Arizona Public Service Company","WAT","Hydro",0,"megawatthours"
"2026-09-10T20","AZPS","Arizona Public Service Company","WND","Wind",25,"megawatthours"
"2026-09-10T20","BANC","Balancing Authority of Northern California","NG","Natural Gas",1442,"megawatthours"
"2026-09-10T20","BANC","Balancing Authority of Northern California","OTH","Other",8,"megawatthours"
"2026-09-10T20","BANC","Balancing Authority of Northern California","SUN","Solar",318,"megawatthours"
"2026-09-10T20","BANC","Balancing Authority of Northern California","WAT","Hydro",336,"megawatthours"
"2026-09-10T20","BHBA","Black Hills Energy","COL","Coal",686,"megawatthours"
"2026-09-10T20","BHBA","Black Hills Energy","NG","Natural Gas",70,"megawatthours"
"2026-09-10T20","BHBA","Black Hills Energy","OIL","Petroleum",0,"megawatthours"
"2026-09-10T20","BHBA","Black Hills Energy","SUN","Solar",208,"megawatthours"
"2026-09-10T20","BHBA","Black Hills Energy","WAT","Hydro",2,"megawatthours"
"2026-09-10T20","BHBA","Black Hills Energy","WND","Wind",39,"megawatthours"
"2026-09-10T20","BPAT","Bonneville Power Administration","NG","Natural Gas",1008,"megawatthours"
"2026-09-10T20","BPAT","Bonneville Power Administration","NUC","Nuclear",1124,"megawatthours"
"2026-09-10T20","BPAT","Bonneville Power Administration","OTH","Other",99,"megawatthours"
"2026-09-10T20","BPAT","Bonneville Power Administration","SNB","Solar with integrated battery storage",37,"megawatthours"
"2026-09-10T20","BPAT","Bonneville Power Administration","SUN","Solar",345,"megawatthours"
"2026-09-10T20","BPAT","Bonneville Power Administration","WAT","Hydro",4450,"megawatthours"
"2026-09-10T20","BPAT","Bonneville Power Administration","WND","Wind",1775,"megawatthours"
"2026-09-10T20","CAL","California","BAT","Battery storage",-21,"megawatthours"
"2026-09-10T20","CAL","California","COL","Coal",0,"megawatthours"
"2026-09-10T20","CAL","California","GEO","Geothermal",1132,"megawatthours"
"2026-09-10T20","CAL","California","NG","Natural Gas",17597,"megawatthours"
"2026-09-10T20","CAL","California","NUC","Nuclear",2218,"megawatthours"
"2026-09-10T20","CAL","California","OIL","Petroleum",18,"megawatthours"
"2026-09-10T20","CAL","California","OTH","Other",-4398,"megawatthours"
"2026-09-10T20","CAL","California","PS","Pumped storage",0,"megawatthours"
"2026-09-10T20","CAL","California","SNB","Solar with integrated battery storage",416,"megawatthours"
"2026-09-10T20","CAL","California","SUN","Solar",20911,"megawatthours"
"2026-09-10T20","CAL","California","WAT","Hydro",2087,"megawatthours"
"2026-09-10T20","CAL","California","WND","Wind",1941,"megawatthours"
"2026-09-10T20","CAR","Carolinas","BAT","Battery storage",-2,"megawatthours"
"2026-09-10T20","CAR","Carolinas","COL","Coal",8162,"megawatthours"
"2026-09-10T20","CAR","Carolinas","NG","Natural Gas",12459,"megawatthours"
"2026-09-10T20","CAR","Carolinas","NUC","Nuclear",10565,"megawatthours"
"2026-09-10T20","CAR","Carolinas","OIL","Petroleum",0,"megawatthours"
"2026-09-10T20","CAR","Carolinas","OTH","Other",1286,"megawatthours"
"2026-09-10T20","CAR","Carolinas","PS","Pumped storage",1108,"megawatthours"
"2026-09-10T20","CAR","Carolinas","SNB","Solar with integrated battery storage",24,"megawatthours"
"2026-09-10T20","CAR","Carolinas","SUN","Solar",3813,"megawatthours"
"2026-09-10T20","CAR","Carolinas","WAT","Hydro",335,"megawatthours"
"2026-09-10T20","CENT","Central","BAT","Battery storage",31,"megawatthours"
"2026-09-10T20","CENT","Central","COL","Coal",13957,"megawatthours"
"2026-09-10T20","CENT","Central","NG","Natural Gas",17949,"megawatthours"
"2026-09-10T20","CENT","Central","NUC","Nuclear",1858,"megawatthours"
"2026-09-10T20","CENT","Central","OIL","Petroleum",0,"megawatthours"
"2026-09-10T20","CENT","Central","OTH","Other",69,"megawatthours"
"2026-09-10T20","CENT","Central","SUN","Solar",1898,"megawatthours"
"2026-09-10T20","CENT","Central","WAT","Hydro",1661,"megawatthours"
"2026-09-10T20","CENT","Central","WND","Wind",6974,"megawatthours"
"2026-09-10T20","CHPD","Public Utility District No. 1 of Chelan County","WAT","Hydro",370,"megawatthours"
"2026-09-10T20","CHPD","Public Utility District No. 1 of Chelan County","WND","Wind",1,"megawatthours"
"2026-09-10T20","CISO","California Independent System Operator","COL","Coal",0,"megawatthours"
"2026-09-10T20","CISO","California Independent System Operator","GEO","Geothermal",737,"megawatthours"
"2026-09-10T20","CISO","California Independent System Operator","NG","Natural Gas",13429,"megawatthours"
"2026-09-10T20","CISO","California Independent System Operator","NUC","Nuclear",2218,"megawatthours"
"2026-09-10T20","CISO","California Independent System Operator","OIL","Petroleum",18,"megawatthours"
"2026-09-10T20","CISO","California Independent System Operator","OTH","Other",-4614,"megawatthours"
"2026-09-10T20","CISO","California Independent System Operator","SUN","Solar",19159,"megawatthours"
"2026-09-10T20","CISO","California Independent System Operator","WAT","Hydro",1546,"megawatthours"
"2026-09-10T20","CISO","California Independent System Operator","WND","Wind",1917,"megawatthours"
"2026-09-10T20","CPLE","Duke Energy Progress East","BAT","Battery storage",0,"megawatthours"
"2026-09-10T20","CPLE","Duke Energy Progress East","COL","Coal",2180,"megawatthours"
"2026-09-10T20","CPLE","Duke Energy Progress East","NG","Natural Gas",2640,"megawatthours"
"2026-09-10T20","CPLE","Duke Energy Progress East","NUC","Nuclear",3564,"megawatthours"
"2026-09-10T20","CPLE","Duke Energy Progress East","OIL","Petroleum",0,"megawatthours"
"2026-09-10T20","CPLE","Duke Energy Progress East","OTH","Other",1053,"megawatthours"
"2026-09-10T20","CPLE","Duke Energy Progress East","SNB","Solar with integrated battery storage",24,"megawatthours"
"2026-09-10T20","CPLE","Duke Energy Progress East","SUN","Solar",1877,"megawatthours"
"2026-09-10T20","CPLE","Duke Energy Progress East","WAT","Hydro",2,"megawatthours"
"2026-09-10T20","CPLW","Duke Energy Progress West","BAT","Battery storage",-1,"megawatthours"
"2026-09-10T20","CPLW","Duke Energy Progress West","NG","Natural Gas",544,"megawatthours"
"2026-09-10T20","CPLW","Duke Energy Progress West","OTH","Other",166,"megawatthours"
"2026-09-10T20","CPLW","Duke Energy Progress West","SUN","Solar",2,"megawatthours"
"2026-09-10T20","CPLW","Duke Energy Progress West","WAT","Hydro",5,"megawatthours"
"2026-09-10T20","DEAA","Arlington Valley, LLC","NG","Natural Gas",341,"megawatthours"
"2026-09-10T20","DOPD","PUD No. 1 of Douglas County","WAT","Hydro",171,"megawatthours"
"2026-09-10T20","DUK","Duke Energy Carolinas","BAT","Battery storage",-1,"megawatthours"
"2026-09-10T20","DUK","Duke Energy Carolinas","COL","Coal",3980,"megawatthours"
"2026-09-10T20","DUK","Duke Energy Carolinas","NG","Natural Gas",6194,"megawatthours"
"2026-09-10T20","DUK","Duke Energy Carolinas","NUC","Nuclear",6034,"megawatthours"
"2026-09-10T20","DUK","Duke Energy Carolinas","OTH","Other",0,"megawatthours"
"2026-09-10T20","DUK","Duke Energy Carolinas","PS","Pumped storage",1108,"megawatthours"
"2026-09-10T20","DUK","Duke Energy Carolinas","SUN","Solar",883,"megawatthours"
"2026-09-10T20","DUK","Duke Energy Carolinas","WAT","Hydro",96,"megawatthours"
"2026-09-10T20","EPE","El Paso Electric Company","NG","Natural Gas",498,"megawatthours"
"2026-09-10T20","EPE","El Paso Electric Company","SNB","Solar with integrated battery storage",96,"megawatthours"
"2026-09-10T20","EPE","El Paso Electric Company","SUN","Solar",636,"megawatthours"
"2026-09-10T20","ERCO","Electric Reliability Council of Texas, Inc.","BAT","Battery storage",214,"megawatthours"
"2026-09-10T20","ERCO","Electric Reliability Council of Texas, Inc.","COL","Coal",8837,"megawatthours"
"2026-09-10T20","ERCO","Electric Reliability Council of Texas, Inc.","NG","Natural Gas",38596,"megawatthours"
"2026-09-10T20","ERCO","Electric Reliability Council of Texas, Inc.","NUC","Nuclear",4956,"megawatthours"
"2026-09-10T20","ERCO","Electric Reliability Council of Texas, Inc.","OTH","Other",50,"megawatthours"
"2026-09-10T20","ERCO","Electric Reliability Council of Texas, Inc.","SUN","Solar",26001,"megawatthours"
"2026-09-10T20","ERCO","Electric Reliability Council of Texas, Inc.","WAT","Hydro",44,"megawatthours"
"2026-09-10T20","ERCO","Electric Reliability Council of Texas, Inc.","WND","Wind",5358,"megawatthours"
"2026-09-10T20","FLA","Florida","BAT","Battery storage",-20,"megawatthours"
"2026-09-10T20","FLA","Florida","COL","Coal",3748,"megawatthours"
"2026-09-10T20","FLA","Florida","NG","Natural Gas",31858,"megawatthours"
"2026-09-10T20","FLA","Florida","NUC","Nuclear",3826,"megawatthours"
"2026-09-10T20","FLA","Florida","OIL","Petroleum",2,"megawatthours"
"2026-09-10T20","FLA","Florida","OTH","Other",990,"megawatthours"
"2026-09-10T20","FLA","Florida","SNB","Solar with integrated battery storage",145,"megawatthours"
"2026-09-10T20","FLA","Florida","SUN","Solar",4115,"megawatthours"
"2026-09-10T20","FLA","Florida","WAT","Hydro",15,"megawatthours"
"2026-09-10T20","FMPP","Florida Municipal Power Pool","COL","Coal",932,"megawatthours"
"2026-09-10T20","FMPP","Florida Municipal Power Pool","NG","Natural Gas",2170,"megawatthours"
"2026-09-10T20","FMPP","Florida Municipal Power Pool","NUC","Nuclear",130,"megawatthours"
"2026-09-10T20","FMPP","Florida Municipal Power Pool","OIL","Petroleum",0,"megawatthours"
"2026-09-10T20","FMPP","Florida Municipal Power Pool","OTH","Other",11,"megawatthours"
"2026-09-10T20","FMPP","Florida Municipal Power Pool","SUN","Solar",185,"megawatthours"
"2026-09-10T20","FPC","Duke Energy Florida, Inc.","COL","Coal",1307,"megawatthours"
"2026-09-10T20","FPC","Duke Energy Florida, Inc.","NG","Natural Gas",6745,"megawatthours"
"2026-09-10T20","FPC","Duke Energy Florida, Inc.","OIL","Petroleum",0,"megawatthours"
"2026-09-10T20","FPC","Duke Energy Florida, Inc.","OTH","Other",53,"megawatthours"
"2026-09-10T20","FPC","Duke Energy Florida, Inc.","SUN","Solar",1246,"megawatthours"
"2026-09-10T20","FPC","Duke Energy Florida, Inc.","WAT","Hydro",15,"megawatthours"
"2026-09-10T20","FPL","Florida Power & Light Co.","BAT","Battery storage",-20,"megawatthours"
"2026-09-10T20","FPL","Florida Power & Light Co.","NG","Natural Gas",16771,"megawatthours"
"2026-09-10T20","FPL","Florida Power & Light Co.","NUC","Nuclear",3696,"megawatthours"
"2026-09-10T20","FPL","Florida Power & Light Co.","OIL","Petroleum",0,"megawatthours"
"2026-09-10T20","FPL","Florida Power & Light Co.","OTH","Other",813,"megawatthours"
"2026-09-10T20","FPL","Florida Power & Light Co.","SNB","Solar with integrated battery storage",79,"megawatthours"
"2026-09-10T20","FPL","Florida Power & Light Co.","SUN","Solar",1954,"megawatthours"
"2026-09-10T20","GCPD","Public Utility District No. 2 of Grant County, Washington","WAT","Hydro",431,"megawatthours"
"2026-09-10T20","GRID","Gridforce Energy Management, LLC","COL","Coal",0,"megawatthours"
"2026-09-10T20","GRID","Gridforce Energy Management, LLC","NG","Natural Gas",1748,"megawatthours"
"2026-09-10T20","GRID","Gridforce Energy Management, LLC","SUN","Solar",124,"megawatthours"
"2026-09-10T20","GRID","Gridforce Energy Management, LLC","WND","Wind",11,"megawatthours"
"2026-09-10T20","GVL","Gainesville Regional Utilities","COL","Coal",0,"megawatthours"
"2026-09-10T20","GVL","Gainesville Regional Utilities","NG","Natural Gas",235,"megawatthours"
"2026-09-10T20","GVL","Gainesville Regional Utilities","OTH","Other",81,"megawatthours"
"2026-09-10T20","GWA","NaturEner Power Watch, LLC","WND","Wind",48,"megawatthours"
"2026-09-10T20","HST","City of Homestead","NG","Natural Gas",0,"megawatthours"
"2026-09-10T20","IID","Imperial Irrigation District","BAT","Battery storage",-21,"megawatthours"
"2026-09-10T20","IID","Imperial Irrigation District","GEO","Geothermal",395,"megawatthours"
"2026-09-10T20","IID","Imperial Irrigation District","NG","Natural Gas",104,"megawatthours"
"2026-09-10T20","IID","Imperial Irrigation District","OIL","Petroleum",0,"megawatthours"
"2026-09-10T20","IID","Imperial Irrigation District","SNB","Solar with integrated battery storage",20,"megawatthours"
"2026-09-10T20","IID","Imperial Irrigation District","SUN","Solar",535,"megawatthours"
"2026-09-10T20","IID","Imperial Irrigation District","WAT","Hydro",18,"megawatthours"
"2026-09-10T20","IPCO","Idaho Power Company","BAT","Battery storage",-175,"megawatthours"
"2026-09-10T20","IPCO","Idaho Power Company","GEO","Geothermal",21,"megawatthours"
"2026-09-10T20","IPCO","Idaho Power Company","NG","Natural Gas",653,"megawatthours"
"2026-09-10T20","IPCO","Idaho Power Company","OIL","Petroleum",0,"megawatthours"
"2026-09-10T20","IPCO","Idaho Power Company","OTH","Other",33,"megawatthours"
"2026-09-10T20","IPCO","Idaho Power Company","SUN","Solar",517,"megawatthours"
"2026-09-10T20","IPCO","Idaho Power Company","WAT","Hydro",427,"megawatthours"
"2026-09-10T20","IPCO","Idaho Power Company","WND","Wind",34,"megawatthours"
"2026-09-10T20","ISNE","ISO New England","BAT","Battery storage",11,"megawatthours"
"2026-09-10T20","ISNE","ISO New England","NG","Natural Gas",7619,"megawatthours"
"2026-09-10T20","ISNE","ISO New England","NUC","Nuclear",3540,"megawatthours"
"2026-09-10T20","ISNE","ISO New England","OTH","Other",614,"megawatthours"
"2026-09-10T20","ISNE","ISO New England","PS","Pumped storage",138,"megawatthours"
"2026-09-10T20","ISNE","ISO New England","SNB","Solar with integrated battery storage",10,"megawatthours"
"2026-09-10T20","ISNE","ISO New England","SUN","Solar",720,"megawatthours"
"2026-09-10T20","ISNE","ISO New England","WAT","Hydro",224,"megawatthours"
"2026-09-10T20","ISNE","ISO New England","WND","Wind",2074,"megawatthours"
"2026-09-10T20","JEA","JEA","COL","Coal",930,"megawatthours"
"2026-09-10T20","JEA","JEA","NG","Natural Gas",725,"megawatthours"
"2026-09-10T20","JEA","JEA","OIL","Petroleum",2,"megawatthours"
"2026-09-10T20","JEA","JEA","OTH","Other",2,"megawatthours"
"2026-09-10T20","JEA","JEA","SUN","Solar",5,"megawatthours"
"2026-09-10T20","LDWP","Los Angeles Department of Water and Power","BAT","Battery storage",0,"megawatthours"
"2026-09-10T20","LDWP","Los Angeles Department of Water and Power","NG","Natural Gas",2293,"megawatthours"
"2026-09-10T20","LDWP","Los Angeles Department of Water and Power","OTH","Other",208,"megawatthours"
"2026-09-10T20","LDWP","Los Angeles Department of Water and Power","PS","Pumped storage",0,"megawatthours"
"2026-09-10T20","LDWP","Los Angeles Department of Water and Power","SNB","Solar with integrated battery storage",396,"megawatthours"
"2026-09-10T20","LDWP","Los Angeles Department of Water and Power","SUN","Solar",899,"megawatthours"
"2026-09-10T20","LDWP","Los Angeles Department of Water and Power","WAT","Hydro",141,"megawatthours"
"2026-09-10T20","LDWP","Los Angeles Department of Water and Power","WND","Wind",24,"megawatthours"
"2026-09-10T20","LGEE","LG&E and KU Services Company as agent for Louisville Gas and Electric Company and Kentucky Utilities Company","COL","Coal",4388,"megawatthours"
"2026-09-10T20","LGEE","LG&E and KU Services Company as agent for Louisville Gas and Electric Company and Kentucky Utilities Company","NG","Natural Gas",677,"megawatthours"
"2026-09-10T20","LGEE","LG&E and KU Services Company as agent for Louisville Gas and Electric Company and Kentucky Utilities Company","OIL","Petroleum",0,"megawatthours"
"2026-09-10T20","LGEE","LG&E and KU Services Company as agent for Louisville Gas and Electric Company and Kentucky Utilities Company","SUN","Solar",82,"megawatthours"
"2026-09-10T20","LGEE","LG&E and KU Services Company as agent for Louisville Gas and Electric Company and Kentucky Utilities Company","WAT","Hydro",51,"megawatthours"
"2026-09-10T20","MIDA","Mid-Atlantic","COL","Coal",24969,"megawatthours"
"2026-09-10T20","MIDA","Mid-Atlantic","NG","Natural Gas",58873,"megawatthours"
"2026-09-10T20","MIDA","Mid-Atlantic","NUC","Nuclear",30893,"megawatthours"
"2026-09-10T20","MIDA","Mid-Atlantic","OIL","Petroleum",1816,"megawatthours"
"2026-09-10T20","MIDA","Mid-Atlantic","OTH","Other",3863,"megawatthours"
"2026-09-10T20","MIDA","Mid-Atlantic","SUN","Solar",8742,"megawatthours"
"2026-09-10T20","MIDA","Mid-Atlantic","WAT","Hydro",5066,"megawatthours"
"2026-09-10T20","MIDA","Mid-Atlantic","WND","Wind",1345,"megawatthours"
"2026-09-10T20","MIDW","Midwest","BAT","Battery storage",267,"megawatthours"
"2026-09-10T20","MIDW","Midwest","COL","Coal",31542,"megawatthours"
"2026-09-10T20","MIDW","Midwest","NG","Natural Gas",41507,"megawatthours"
"2026-09-10T20","MIDW","Midwest","NUC","Nuclear",11677,"megawatthours"
"2026-09-10T20","MIDW","Midwest","OIL","Petroleum",0,"megawatthours"
"2026-09-10T20","MIDW","Midwest","OTH","Other",514,"megawatthours"
"2026-09-10T20","MIDW","Midwest","SUN","Solar",11967,"megawatthours"
"2026-09-10T20","MIDW","Midwest","WAT","Hydro",1839,"megawatthours"
"2026-09-10T20","MIDW","Midwest","WND","Wind",4503,"megawatthours"
"2026-09-10T20","MISO","Midcontinent Independent System Operator, Inc.","BAT","Battery storage",267,"megawatthours"
"2026-09-10T20","MISO","Midcontinent Independent System Operator, Inc.","COL","Coal",26202,"megawatthours"
"2026-09-10T20","MISO","Midcontinent Independent System Operator, Inc.","NG","Natural Gas",39391,"megawatthours"
"2026-09-10T20","MISO","Midcontinent Independent System Operator, Inc.","NUC","Nuclear",11677,"megawatthours"
"2026-09-10T20","MISO","Midcontinent Independent System Operator, Inc.","OTH","Other",514,"megawatthours"
"2026-09-10T20","MISO","Midcontinent Independent System Operator, Inc.","SUN","Solar",11885,"megawatthours"
"2026-09-10T20","MISO","Midcontinent Independent System Operator, Inc.","WAT","Hydro",1788,"megawatthours"
"2026-09-10T20","MISO","Midcontinent Independent System Operator, Inc.","WND","Wind",4445,"megawatthours"
"2026-09-10T20","NE","New England","BAT","Battery storage",11,"megawatthours"
"2026-09-10T20","NE","New England","NG","Natural Gas",7619,"megawatthours"
"2026-09-10T20","NE","New England","NUC","Nuclear",3540,"megawatthours"
"2026-09-10T20","NE","New England","OTH","Other",614,"megawatthours"
"2026-09-10T20","NE","New England","PS","Pumped storage",138,"megawatthours"
"2026-09-10T20","NE","New England","SNB","Solar with integrated battery storage",10,"megawatthours"
"2026-09-10T20","NE","New England","SUN","Solar",720,"megawatthours"
"2026-09-10T20","NE","New England","WAT","Hydro",224,"megawatthours"
"2026-09-10T20","NE","New England","WND","Wind",2074,"megawatthours"
"2026-09-10T20","NEVP","Nevada Power Company","COL","Coal",443,"megawatthours"
"2026-09-10T20","NEVP","Nevada Power Company","NG","Natural Gas",2991,"megawatthours"
"2026-09-10T20","NEVP","Nevada Power Company","NUC","Nuclear",0,"megawatthours"
"2026-09-10T20","NEVP","Nevada Power Company","OIL","Petroleum",0,"megawatthours"
"2026-09-10T20","NEVP","Nevada Power Company","OTH","Other",291,"megawatthours"
"2026-09-10T20","NEVP","Nevada Power Company","SUN","Solar",2833,"megawatthours"
"2026-09-10T20","NEVP","Nevada Power Company","WAT","Hydro",5,"megawatthours"
"2026-09-10T20","NEVP","Nevada Power Company","WND","Wind",4,"megawatthours"
"2026-09-10T20","NW","Northwest","BAT","Battery storage",383,"megawatthours"
"2026-09-10T20","NW","Northwest","COL","Coal",8650,"megawatthours"
"2026-09-10T20","NW","Northwest","GEO","Geothermal",21,"megawatthours"
"2026-09-10T20","NW","Northwest","NG","Natural Gas",11610,"megawatthours"
"2026-09-10T20","NW","Northwest","NUC","Nuclear",1124,"megawatthours"
"2026-09-10T20","NW","Northwest","OIL","Petroleum",174,"megawatthours"
"2026-09-10T20","NW","Northwest","OTH","Other",722,"megawatthours"
"2026-09-10T20","NW","Northwest","SNB","Solar with integrated battery storage",37,"megawatthours"
"2026-09-10T20","NW","Northwest","SUN","Solar",10602,"megawatthours"
"2026-09-10T20","NW","Northwest","WAT","Hydro",8033,"megawatthours"
"2026-09-10T20","NW","Northwest","WND","Wind",9992,"megawatthours"
"2026-09-10T20","NWMT","NorthWestern Corporation","COL","Coal",1235,"megawatthours"
"2026-09-10T20","NWMT","NorthWestern Corporation","NG","Natural Gas",119,"megawatthours"
"2026-09-10T20","NWMT","NorthWestern Corporation","OIL","Petroleum",58,"megawatthours"
"2026-09-10T20","NWMT","NorthWestern Corporation","SUN","Solar",130,"megawatthours"
"2026-09-10T20","NWMT","NorthWestern Corporation","WAT","Hydro",347,"megawatthours"
"2026-09-10T20","NWMT","NorthWestern Corporation","WND","Wind",623,"megawatthours"
"2026-09-10T20","NY","New York","COL","Coal",0,"megawatthours"
"2026-09-10T20","NY","New York","NG","Natural Gas",9993,"megawatthours"
"2026-09-10T20","NY","New York","NUC","Nuclear",3103,"megawatthours"
"2026-09-10T20","NY","New York","OIL","Petroleum",68,"megawatthours"
"2026-09-10T20","NY","New York","OTH","Other",688,"megawatthours"
"2026-09-10T20","NY","New York","SUN","Solar",0,"megawatthours"
"2026-09-10T20","NY","New York","WAT","Hydro",3163,"megawatthours"
"2026-09-10T20","NY","New York","WND","Wind",1595,"megawatthours"
"2026-09-10T20","NYIS","New York Independent System Operator","COL","Coal",0,"megawatthours"
"2026-09-10T20","NYIS","New York Independent System Operator","NG","Natural Gas",9993,"megawatthours"
"2026-09-10T20","NYIS","New York Independent System Operator","NUC","Nuclear",3103,"megawatthours"
"2026-09-10T20","NYIS","New York Independent System Operator","OIL","Petroleum",68,"megawatthours"
"2026-09-10T20","NYIS","New York Independent System Operator","OTH","Other",688,"megawatthours"
"2026-09-10T20","NYIS","New York Independent System Operator","SUN","Solar",0,"megawatthours"
"2026-09-10T20","NYIS","New York Independent System Operator","WAT","Hydro",3163,"megawatthours"
"2026-09-10T20","NYIS","New York Independent System Operator","WND","Wind",1595,"megawatthours"
"2026-09-10T20","PACE","PacifiCorp East","COL","Coal",3304,"megawatthours"
"2026-09-10T20","PACE","PacifiCorp East","NG","Natural Gas",739,"megawatthours"
"2026-09-10T20","PACE","PacifiCorp East","OTH","Other",128,"megawatthours"
"2026-09-10T20","PACE","PacifiCorp East","SUN","Solar",3076,"megawatthours"
"2026-09-10T20","PACE","PacifiCorp East","WAT","Hydro",113,"megawatthours"
"2026-09-10T20","PACE","PacifiCorp East","WND","Wind",3203,"megawatthours"
"2026-09-10T20","PACW","PacifiCorp West","NG","Natural Gas",446,"megawatthours"
"2026-09-10T20","PACW","PacifiCorp West","OTH","Other",34,"megawatthours"
"2026-09-10T20","PACW","PacifiCorp West","SUN","Solar",393,"megawatthours"
"2026-09-10T20","PACW","PacifiCorp West","WAT","Hydro",100,"megawatthours"
"2026-09-10T20","PACW","PacifiCorp West","WND","Wind",620,"megawatthours"
"2026-09-10T20","PGE","Portland General Electric Company","BAT","Battery storage",-203,"megawatthours"
"2026-09-10T20","PGE","Portland General Electric Company","COL","Coal",0,"megawatthours"
"2026-09-10T20","PGE","Portland General Electric Company","NG","Natural Gas",611,"megawatthours"
"2026-09-10T20","PGE","Portland General Electric Company","OTH","Other",0,"megawatthours"
"2026-09-10T20","PGE","Portland General Electric Company","WAT","Hydro",68,"megawatthours"
"2026-09-10T20","PGE","Portland General Electric Company","WND","Wind",0,"megawatthours"
"2026-09-10T20","PJM","PJM Interconnection, LLC","COL","Coal",24969,"megawatthours"
"2026-09-10T20","PJM","PJM Interconnection, LLC","NG","Natural Gas",58873,"megawatthours"
"2026-09-10T20","PJM","PJM Interconnection, LLC","NUC","Nuclear",30893,"megawatthours"
"2026-09-10T20","PJM","PJM Interconnection, LLC","OIL","Petroleum",1816,"megawatthours"
"2026-09-10T20","PJM","PJM Interconnection, LLC","OTH","Other",3863,"megawatthours"
"2026-09-10T20","PJM","PJM Interconnection, LLC","SUN","Solar",8742,"megawatthours"
"2026-09-10T20","PJM","PJM Interconnection, LLC","WAT","Hydro",5066,"megawatthours"
"2026-09-10T20","PJM","PJM Interconnection, LLC","WND","Wind",1345,"megawatthours"
"2026-09-10T20","PNM","Public Service Company of New Mexico","BAT","Battery storage",-465,"megawatthours"
"2026-09-10T20","PNM","Public Service Company of New Mexico","COL","Coal",312,"megawatthours"
"2026-09-10T20","PNM","Public Service Company of New Mexico","GEO","Geothermal",7,"megawatthours"
"2026-09-10T20","PNM","Public Service Company of New Mexico","NG","Natural Gas",318,"megawatthours"
"2026-09-10T20","PNM","Public Service Company of New Mexico","SUN","Solar",1869,"megawatthours"
"2026-09-10T20","PNM","Public Service Company of New Mexico","WAT","Hydro",0,"megawatthours"
"2026-09-10T20","PNM","Public Service Company of New Mexico","WND","Wind",259,"megawatthours"
"2026-09-10T20","PSCO","Public Service Company of Colorado","BAT","Battery storage",761,"megawatthours"
"2026-09-10T20","PSCO","Public Service Company of Colorado","COL","Coal",2068,"megawatthours"
"2026-09-10T20","PSCO","Public Service Company of Colorado","NG","Natural Gas",1110,"megawatthours"
"2026-09-10T20","PSCO","Public Service Company of Colorado","OIL","Petroleum",0,"megawatthours"
"2026-09-10T20","PSCO","Public Service Company of Colorado","SUN","Solar",2043,"megawatthours"
"2026-09-10T20","PSCO","Public Service Company of Colorado","WAT","Hydro",4,"megawatthours"
"2026-09-10T20","PSCO","Public Service Company of Colorado","WND","Wind",1305,"megawatthours"
"2026-09-10T20","PSEI","Puget Sound Energy, Inc.","COL","Coal",0,"megawatthours"
"2026-09-10T20","PSEI","Puget Sound Energy, Inc.","NG","Natural Gas",610,"megawatthours"
"2026-09-10T20","PSEI","Puget Sound Energy, Inc.","OIL","Petroleum",0,"megawatthours"
"2026-09-10T20","PSEI","Puget Sound Energy, Inc.","OTH","Other",15,"megawatthours"
"2026-09-10T20","PSEI","Puget Sound Energy, Inc.","SUN","Solar",5,"megawatthours"
"2026-09-10T20","PSEI","Puget Sound Energy, Inc.","WAT","Hydro",22,"megawatthours"
"2026-09-10T20","PSEI","Puget Sound Energy, Inc.","WND","Wind",301,"megawatthours"
"2026-09-10T20","SC","South Carolina Public Service Authority","COL","Coal",1677,"megawatthours"
"2026-09-10T20","SC","South Carolina Public Service Authority","NG","Natural Gas",791,"megawatthours"
"2026-09-10T20","SC","South Carolina Public Service Authority","OIL","Petroleum",0,"megawatthours"
"2026-09-10T20","SC","South Carolina Public Service Authority","OTH","Other",67,"megawatthours"
"2026-09-10T20","SC","South Carolina Public Service Authority","SUN","Solar",337,"megawatthours"
"2026-09-10T20","SC","South Carolina Public Service Authority","WAT","Hydro",66,"megawatthours"
"2026-09-10T20","SCEG","Dominion Energy South Carolina, Inc.","COL","Coal",325,"megawatthours"
"2026-09-10T20","SCEG","Dominion Energy South Carolina, Inc.","NG","Natural Gas",2290,"megawatthours"
"2026-09-10T20","SCEG","Dominion Energy South Carolina, Inc.","NUC","Nuclear",967,"megawatthours"
"2026-09-10T20","SCEG","Dominion Energy South Carolina, Inc.","OTH","Other",0,"megawatthours"
"2026-09-10T20","SCEG","Dominion Energy South Carolina, Inc.","SUN","Solar",714,"megawatthours"
"2026-09-10T20","SCEG","Dominion Energy South Carolina, Inc.","WAT","Hydro",164,"megawatthours"
"2026-09-10T20","SCL","Seattle City Light","WAT","Hydro",427,"megawatthours"
"2026-09-10T20","SE","Southeast","BAT","Battery storage",60,"megawatthours"
"2026-09-10T20","SE","Southeast","COL","Coal",8404,"megawatthours"
"2026-09-10T20","SE","Southeast","NG","Natural Gas",22114,"megawatthours"
"2026-09-10T20","SE","Southeast","NUC","Nuclear",7816,"megawatthours"
"2026-09-10T20","SE","Southeast","OES","Other energy storage",0,"megawatthours"
"2026-09-10T20","SE","Southeast","OIL","Petroleum",0,"megawatthours"
"2026-09-10T20","SE","Southeast","OTH","Other",55,"megawatthours"
"2026-09-10T20","SE","Southeast","PS","Pumped storage",931,"megawatthours"
"2026-09-10T20","SE","Southeast","SNB","Solar with integrated battery storage",136,"megawatthours"
"2026-09-10T20","SE","Southeast","SUN","Solar",1545,"megawatthours"
"2026-09-10T20","SE","Southeast","WAT","Hydro",1061,"megawatthours"
"2026-09-10T20","SE","Southeast","WND","Wind",0,"megawatthours"
"2026-09-10T20","SEC","Seminole Electric Cooperative","COL","Coal",579,"megawatthours"
"2026-09-10T20","SEC","Seminole Electric Cooperative","NG","Natural Gas",1689,"megawatthours"
"2026-09-10T20","SEC","Seminole Electric Cooperative","SUN","Solar",1,"megawatthours"
"2026-09-10T20","SEPA","Southeastern Power Administration","WAT","Hydro",594,"megawatthours"
"2026-09-10T20","SIKE","Sikeston Board of Municipal Utilities","COL","Coal",31,"megawatthours"
"2026-09-10T20","SOCO","Southern Company Services, Inc. - Trans","BAT","Battery storage",60,"megawatthours"
"2026-09-10T20","SOCO","Southern Company Services, Inc. - Trans","COL","Coal",8404,"megawatthours"
"2026-09-10T20","SOCO","Southern Company Services, Inc. - Trans","NG","Natural Gas",22114,"megawatthours"
"2026-09-10T20","SOCO","Southern Company Services, Inc. - Trans","NUC","Nuclear",7816,"megawatthours"
"2026-09-10T20","SOCO","Southern Company Services, Inc. - Trans","OES","Other energy storage",0,"megawatthours"
"2026-09-10T20","SOCO","Southern Company Services, Inc. - Trans","OIL","Petroleum",0,"megawatthours"
"2026-09-10T20","SOCO","Southern Company Services, Inc. - Trans","OTH","Other",55,"megawatthours"
"2026-09-10T20","SOCO","Southern Company Services, Inc. - Trans","PS","Pumped storage",931,"megawatthours"
"2026-09-10T20","SOCO","Southern Company Services, Inc. - Trans","SNB","Solar with integrated battery storage",136,"megawatthours"
"2026-09-10T20","SOCO","Southern Company Services, Inc. - Trans","SUN","Solar",1545,"megawatthours"
"2026-09-10T20","SOCO","Southern Company Services, Inc. - Trans","WAT","Hydro",467,"megawatthours"
"2026-09-10T20","SOCO","Southern Company Services, Inc. - Trans","WND","Wind",0,"megawatthours"
"2026-09-10T20","SRP","Salt River Project Agricultural Improvement and Power District","BAT","Battery storage",-40,"megawatthours"
"2026-09-10T20","SRP","Salt River Project Agricultural Improvement and Power District","COL","Coal",870,"megawatthours"
"2026-09-10T20","SRP","Salt River Project Agricultural Improvement and Power District","NG","Natural Gas",3012,"megawatthours"
"2026-09-10T20","SRP","Salt River Project Agricultural Improvement and Power District","NUC","Nuclear",3900,"megawatthours"
"2026-09-10T20","SRP","Salt River Project Agricultural Improvement and Power District","SNB","Solar with integrated battery storage",-9,"megawatthours"
"2026-09-10T20","SRP","Salt River Project Agricultural Improvement and Power District","SUN","Solar",1215,"megawatthours"
"2026-09-10T20","SRP","Salt River Project Agricultural Improvement and Power District","WAT","Hydro",15,"megawatthours"
"2026-09-10T20","SRP","Salt River Project Agricultural Improvement and Power District","WND","Wind",9,"megawatthours"
"2026-09-10T20","SW","Southwest","BAT","Battery storage",-780,"megawatthours"
"2026-09-10T20","SW","Southwest","COL","Coal",2718,"megawatthours"
"2026-09-10T20","SW","Southwest","GEO","Geothermal",7,"megawatthours"
"2026-09-10T20","SW","Southwest","NG","Natural Gas",7163,"megawatthours"
"2026-09-10T20","SW","Southwest","NUC","Nuclear",3900,"megawatthours"
"2026-09-10T20","SW","Southwest","OIL","Petroleum",0,"megawatthours"
"2026-09-10T20","SW","Southwest","OTH","Other",28,"megawatthours"
"2026-09-10T20","SW","Southwest","SNB","Solar with integrated battery storage",168,"megawatthours"
"2026-09-10T20","SW","Southwest","SUN","Solar",6717,"megawatthours"
"2026-09-10T20","SW","Southwest","UES","Unknown energy storage",-1226,"megawatthours"
"2026-09-10T20","SW","Southwest","WAT","Hydro",165,"megawatthours"
"2026-09-10T20","SW","Southwest","WND","Wind",294,"megawatthours"
"2026-09-10T20","SWPP","Southwest Power Pool","BAT","Battery storage",31,"megawatthours"
"2026-09-10T20","SWPP","Southwest Power Pool","COL","Coal",13957,"megawatthours"
"2026-09-10T20","SWPP","Southwest Power Pool","NG","Natural Gas",17949,"megawatthours"
"2026-09-10T20","SWPP","Southwest Power Pool","NUC","Nuclear",1858,"megawatthours"
"2026-09-10T20","SWPP","Southwest Power Pool","OIL","Petroleum",0,"megawatthours"
"2026-09-10T20","SWPP","Southwest Power Pool","OTH","Other",69,"megawatthours"
"2026-09-10T20","SWPP","Southwest Power Pool","SUN","Solar",1898,"megawatthours"
"2026-09-10T20","SWPP","Southwest Power Pool","WAT","Hydro",1661,"megawatthours"
"2026-09-10T20","SWPP","Southwest Power Pool","WND","Wind",6974,"megawatthours"
"2026-09-10T20","SWPW","Southwest Power Pool West Balancing Authority Area","BAT","Battery storage",0,"megawatthours"
"2026-09-10T20","SWPW","Southwest Power Pool West Balancing Authority Area","COL","Coal",914,"megawatthours"
"2026-09-10T20","SWPW","Southwest Power Pool West Balancing Authority Area","NG","Natural Gas",674,"megawatthours"
"2026-09-10T20","SWPW","Southwest Power Pool West Balancing Authority Area","NUC","Nuclear",0,"megawatthours"
"2026-09-10T20","SWPW","Southwest Power Pool West Balancing Authority Area","OIL","Petroleum",116,"megawatthours"
"2026-09-10T20","SWPW","Southwest Power Pool West Balancing Authority Area","OTH","Other",6,"megawatthours"
"2026-09-10T20","SWPW","Southwest Power Pool West Balancing Authority Area","SUN","Solar",917,"megawatthours"
"2026-09-10T20","SWPW","Southwest Power Pool West Balancing Authority Area","WAT","Hydro",695,"megawatthours"
"2026-09-10T20","SWPW","Southwest Power Pool West Balancing Authority Area","WND","Wind",291,"megawatthours"
"2026-09-10T20","TAL","City of Tallahassee","NG","Natural Gas",470,"megawatthours"
"2026-09-10T20","TAL","City of Tallahassee","SUN","Solar",7,"megawatthours"
"2026-09-10T20","TAL","City of Tallahassee","WAT","Hydro",0,"megawatthours"
"2026-09-10T20","TEC","Tampa Electric Company","COL","Coal",0,"megawatthours"
"2026-09-10T20","TEC","Tampa Electric Company","NG","Natural Gas",3053,"megawatthours"
"2026-09-10T20","TEC","Tampa Electric Company","OIL","Petroleum",0,"megawatthours"
"2026-09-10T20","TEC","Tampa Electric Company","OTH","Other",30,"megawatthours"
"2026-09-10T20","TEC","Tampa Electric Company","SNB","Solar with integrated battery storage",66,"megawatthours"
"2026-09-10T20","TEC","Tampa Electric Company","SUN","Solar",717,"megawatthours"
"2026-09-10T20","TEN","Tennessee","BAT","Battery storage",0,"megawatthours"
"2026-09-10T20","TEN","Tennessee","COL","Coal",3808,"megawatthours"
"2026-09-10T20","TEN","Tennessee","GEO","Geothermal",0,"megawatthours"
"2026-09-10T20","TEN","Tennessee","NG","Natural Gas",9513,"megawatthours"
"2026-09-10T20","TEN","Tennessee","NUC","Nuclear",7153,"megawatthours"
"2026-09-10T20","TEN","Tennessee","OES","Other energy storage",0,"megawatthours"
"2026-09-10T20","TEN","Tennessee","OIL","Petroleum",0,"megawatthours"
"2026-09-10T20","TEN","Tennessee","OTH","Other",48,"megawatthours"
"2026-09-10T20","TEN","Tennessee","PS","Pumped storage",1128,"megawatthours"
"2026-09-10T20","TEN","Tennessee","SNB","Solar with integrated battery storage",350,"megawatthours"
"2026-09-10T20","TEN","Tennessee","SUN","Solar",845,"megawatthours"
"2026-09-10T20","TEN","Tennessee","UNK","Unknown",0,"megawatthours"
"2026-09-10T20","TEN","Tennessee","WAT","Hydro",3069,"megawatthours"
"2026-09-10T20","TEN","Tennessee","WNB","Wind with integrated battery storage",0,"megawatthours"
"2026-09-10T20","TEN","Tennessee","WND","Wind",0,"megawatthours"
"2026-09-10T20","TEPC","Tucson Electric Power","BAT","Battery storage",-318,"megawatthours"
"2026-09-10T20","TEPC","Tucson Electric Power","COL","Coal",522,"megawatthours"
"2026-09-10T20","TEPC","Tucson Electric Power","NG","Natural Gas",1263,"megawatthours"
"2026-09-10T20","TEPC","Tucson Electric Power","SUN","Solar",563,"megawatthours"
"2026-09-10T20","TEPC","Tucson Electric Power","WND","Wind",2,"megawatthours"
"2026-09-10T20","TEX","Texas","BAT","Battery storage",214,"megawatthours"
"2026-09-10T20","TEX","Texas","COL","Coal",8837,"megawatthours"
"2026-09-10T20","TEX","Texas","NG","Natural Gas",38596,"megawatthours"
"2026-09-10T20","TEX","Texas","NUC","Nuclear",4956,"megawatthours"
"2026-09-10T20","TEX","Texas","OTH","Other",50,"megawatthours"
"2026-09-10T20","TEX","Texas","SUN","Solar",26001,"megawatthours"
"2026-09-10T20","TEX","Texas","WAT","Hydro",44,"megawatthours"
"2026-09-10T20","TEX","Texas","WND","Wind",5358,"megawatthours"
"2026-09-10T20","TIDC","Turlock Irrigation District","NG","Natural Gas",329,"megawatthours"
"2026-09-10T20","TIDC","Turlock Irrigation District","WAT","Hydro",46,"megawatthours"
"2026-09-10T20","TPWR","City of Tacoma, Department of Public Utilities, Light Division","WAT","Hydro",173,"megawatthours"
"2026-09-10T20","TVA","Tennessee Valley Authority","BAT","Battery storage",0,"megawatthours"
"2026-09-10T20","TVA","Tennessee Valley Authority","COL","Coal",3808,"megawatthours"
"2026-09-10T20","TVA","Tennessee Valley Authority","GEO","Geothermal",0,"megawatthours"
"2026-09-10T20","TVA","Tennessee Valley Authority","NG","Natural Gas",9513,"megawatthours"
"2026-09-10T20","TVA","Tennessee Valley Authority","NUC","Nuclear",7153,"megawatthours"
"2026-09-10T20","TVA","Tennessee Valley Authority","OES","Other energy storage",0,"megawatthours"
"2026-09-10T20","TVA","Tennessee Valley Authority","OIL","Petroleum",0,"megawatthours"
"2026-09-10T20","TVA","Tennessee Valley Authority","OTH","Other",48,"megawatthours"
"2026-09-10T20","TVA","Tennessee Valley Authority","PS","Pumped storage",1128,"megawatthours"
"2026-09-10T20","TVA","Tennessee Valley Authority","SNB","Solar with integrated battery storage",350,"megawatthours"
"2026-09-10T20","TVA","Tennessee Valley Authority","SUN","Solar",845,"megawatthours"
"2026-09-10T20","TVA","Tennessee Valley Authority","UNK","Unknown",0,"megawatthours"
"2026-09-10T20","TVA","Tennessee Valley Authority","WAT","Hydro",3069,"megawatthours"
"2026-09-10T20","TVA","Tennessee Valley Authority","WNB","Wind with integrated battery storage",0,"megawatthours"
"2026-09-10T20","TVA","Tennessee Valley Authority","WND","Wind",0,"megawatthours"
"2026-09-10T20","US48","United States Lower 48","BAT","Battery storage",143,"megawatthours"
"2026-09-10T20","US48","United States Lower 48","COL","Coal",114795,"megawatthours"
"2026-09-10T20","US48","United States Lower 48","GEO","Geothermal",1160,"megawatthours"
"2026-09-10T20","US48","United States Lower 48","NG","Natural Gas",286851,"megawatthours"
"2026-09-10T20","US48","United States Lower 48","NUC","Nuclear",92629,"megawatthours"
"2026-09-10T20","US48","United States Lower 48","OES","Other energy storage",0,"megawatthours"
"2026-09-10T20","US48","United States Lower 48","OIL","Petroleum",2078,"megawatthours"
"2026-09-10T20","US48","United States Lower 48","OTH","Other",4529,"megawatthours"
"2026-09-10T20","US48","United States Lower 48","PS","Pumped storage",3305,"megawatthours"
"2026-09-10T20","US48","United States Lower 48","SNB","Solar with integrated battery storage",1286,"megawatthours"
"2026-09-10T20","US48","United States Lower 48","SUN","Solar",97876,"megawatthours"
"2026-09-10T20","US48","United States Lower 48","UES","Unknown energy storage",-1226,"megawatthours"
"2026-09-10T20","US48","United States Lower 48","UNK","Unknown",0,"megawatthours"
"2026-09-10T20","US48","United States Lower 48","WAT","Hydro",26762,"megawatthours"
"2026-09-10T20","US48","United States Lower 48","WNB","Wind with integrated battery storage",0,"megawatthours"
"2026-09-10T20","US48","United States Lower 48","WND","Wind",34076,"megawatthours"
"2026-09-10T20","WALC","Western Area Power Administration - Desert Southwest Region","NG","Natural Gas",604,"megawatthours"
"2026-09-10T20","WALC","Western Area Power Administration - Desert Southwest Region","SNB","Solar with integrated battery storage",81,"megawatthours"
"2026-09-10T20","WALC","Western Area Power Administration - Desert Southwest Region","SUN","Solar",41,"megawatthours"
"2026-09-10T20","WALC","Western Area Power Administration - Desert Southwest Region","WAT","Hydro",150,"megawatthours"
"2026-09-10T20","WALC","Western Area Power Administration - Desert Southwest Region","WND","Wind",-1,"megawatthours"
"2026-09-10T20","YAD","Alcoa Power Generating, Inc. - Yadkin Division","WAT","Hydro",2,"megawatthours"
"2026-09-10T19","AECI","Associated Electric Cooperative, Inc.","COL","Coal",937,"megawatthours"
"2026-09-10T19","AECI","Associated Electric Cooperative, Inc.","NG","Natural Gas",1438,"megawatthours"
"2026-09-10T19","AECI","Associated Electric Cooperative, Inc.","WND","Wind",43,"megawatthours"
"2026-09-10T19","AVA","Avista Corporation","NG","Natural Gas",359,"megawatthours"
"2026-09-10T19","AVA","Avista Corporation","OTH","Other",114,"megawatthours"
"2026-09-10T19","AVA","Avista Corporation","SUN","Solar",9,"megawatthours"
"2026-09-10T19","AVA","Avista Corporation","WAT","Hydro",209,"megawatthours"
"2026-09-10T19","AVA","Avista Corporation","WND","Wind",117,"megawatthours"
"2026-09-10T19","AVRN","Avangrid Renewables, LLC","NG","Natural Gas",479,"megawatthours"
"2026-09-10T19","AVRN","Avangrid Renewables, LLC","SUN","Solar",0,"megawatthours"
"2026-09-10T19","AVRN","Avangrid Renewables, LLC","WAT","Hydro",0,"megawatthours"
"2026-09-10T19","AVRN","Avangrid Renewables, LLC","WND","Wind",1560,"megawatthours"
"2026-09-10T19","AZPS","Arizona Public Service Company","BAT","Battery storage",39,"megawatthours"
"2026-09-10T19","AZPS","Arizona Public Service Company","COL","Coal",1015,"megawatthours"
"2026-09-10T19","AZPS","Arizona Public Service Company","NG","Natural Gas",1148,"megawatthours"
"2026-09-10T19","AZPS","Arizona Public Service Company","NUC","Nuclear",0,"megawatthours"
"2026-09-10T19","AZPS","Arizona Public Service Company","OIL","Petroleum",0,"megawatthours"
"2026-09-10T19","AZPS","Arizona Public Service Company","OTH","Other",28,"megawatthours"
"2026-09-10T19","AZPS","Arizona Public Service Company","SUN","Solar",2389,"megawatthours"
"2026-09-10T19","AZPS","Arizona Public Service Company","UES","Unknown energy storage",-1639,"megawatthours"
"2026-09-10T19","AZPS","Arizona Public Service Company","WAT","Hydro",0,"megawatthours"
"2026-09-10T19","AZPS","Arizona Public Service Company","WND","Wind",31,"megawatthours"
"2026-09-10T19","BANC","Balancing Authority of Northern California","NG","Natural Gas",1338,"megawatthours"
"2026-09-10T19","BANC","Balancing Authority of Northern California","OTH","Other",11,"megawatthours"
"2026-09-10T19","BANC","Balancing Authority of Northern California","SUN","Solar",300,"megawatthours"
"2026-09-10T19","BANC","Balancing Authority of Northern California","WAT","Hydro",281,"megawatthours"
"2026-09-10T19","BHBA","Black Hills Energy","COL","Coal",689,"megawatthours"
"2026-09-10T19","BHBA","Black Hills Energy","NG","Natural Gas",68,"megawatthours"
"2026-09-10T19","BHBA","Black Hills Energy","OIL","Petroleum",0,"megawatthours"
"2026-09-10T19","BHBA","Black Hills Energy","SUN","Solar",209,"megawatthours"
"2026-09-10T19","BHBA","Black Hills Energy","WAT","Hydro",2,"megawatthours"
"2026-09-10T19","BHBA","Black Hills Energy","WND","Wind",59,"megawatthours"
"2026-09-10T19","BPAT","Bonneville Power Administration","NG","Natural Gas",1015,"megawatthours"
"2026-09-10T19","BPAT","Bonneville Power Administration","NUC","Nuclear",1130,"megawatthours"
"2026-09-10T19","BPAT","Bonneville Power Administration","OTH","Other",97,"megawatthours"
"2026-09-10T19","BPAT","Bonneville Power Administration","SNB","Solar with integrated battery storage",36,"megawatthours"
"2026-09-10T19","BPAT","Bonneville Power Administration","SUN","Solar",313,"megawatthours"
"2026-09-10T19","BPAT","Bonneville Power Administration","WAT","Hydro",4219,"megawatthours"
"2026-09-10T19","BPAT","Bonneville Power Administration","WND","Wind",1764,"megawatthours"
"2026-09-10T19","CAL","California","BAT","Battery storage",-32,"megawatthours"
"2026-09-10T19","CAL","California","COL","Coal",0,"megawatthours"
"2026-09-10T19","CAL","California","GEO","Geothermal",1144,"megawatthours"
"2026-09-10T19","CAL","California","NG","Natural Gas",16034,"megawatthours"
"2026-09-10T19","CAL","California","NUC","Nuclear",2220,"megawatthours"
"2026-09-10T19","CAL","California","OIL","Petroleum",18,"megawatthours"
"2026-09-10T19","CAL","California","OTH","Other",-6421,"megawatthours"
"2026-09-10T19","CAL","California","PS","Pumped storage",0,"megawatthours"
"2026-09-10T19","CAL","California","SNB","Solar with integrated battery storage",404,"megawatthours"
"2026-09-10T19","CAL","California","SUN","Solar",21120,"megawatthours"
"2026-09-10T19","CAL","California","WAT","Hydro",2291,"megawatthours"
"2026-09-10T19","CAL","California","WND","Wind",1813,"megawatthours"
"2026-09-10T19","CAR","Carolinas","BAT","Battery storage",-6,"megawatthours"
"2026-09-10T19","CAR","Carolinas","COL","Coal",8057,"megawatthours"
"2026-09-10T19","CAR","Carolinas","NG","Natural Gas",11566,"megawatthours"
"2026-09-10T19","CAR","Carolinas","NUC","Nuclear",10571,"megawatthours"
"2026-09-10T19","CAR","Carolinas","OIL","Petroleum",0,"megawatthours"
"2026-09-10T19","CAR","Carolinas","OTH","Other",1211,"megawatthours"
"2026-09-10T19","CAR","Carolinas","PS","Pumped storage",770,"megawatthours"
"2026-09-10T19","CAR","Carolinas","SNB","Solar with integrated battery storage",33,"megawatthours"
"2026-09-10T19","CAR","Carolinas","SUN","Solar",4211,"megawatthours"
"2026-09-10T19","CAR","Carolinas","WAT","Hydro",319,"megawatthours"
"2026-09-10T19","CENT","Central","BAT","Battery storage",1,"megawatthours"
"2026-09-10T19","CENT","Central","COL","Coal",13125,"megawatthours"
"2026-09-10T19","CENT","Central","NG","Natural Gas",16737,"megawatthours"
"2026-09-10T19","CENT","Central","NUC","Nuclear",1858,"megawatthours"
"2026-09-10T19","CENT","Central","OIL","Petroleum",0,"megawatthours"
"2026-09-10T19","CENT","Central","OTH","Other",33,"megawatthours"
"2026-09-10T19","CENT","Central","SUN","Solar",1788,"megawatthours"
"2026-09-10T19","CENT","Central","WAT","Hydro",1657,"megawatthours"
"2026-09-10T19","CENT","Central","WND","Wind",8058,"megawatthours"
"2026-09-10T19","CHPD","Public Utility District No. 1 of Chelan County","WAT","Hydro",448,"megawatthours"
"2026-09-10T19","CHPD","Public Utility District No. 1 of Chelan County","WND","Wind",0,"megawatthours"
"2026-09-10T19","CISO","California Independent System Operator","COL","Coal",0,"megawatthours"
"2026-09-10T19","CISO","California Independent System Operator","GEO","Geothermal",745,"megawatthours"
"2026-09-10T19","CISO","California Independent System Operator","NG","Natural Gas",12061,"megawatthours"
"2026-09-10T19","CISO","California Independent System Operator","NUC","Nuclear",2220,"megawatthours"
"2026-09-10T19","CISO","California Independent System Operator","OIL","Petroleum",18,"megawatthours"
"2026-09-10T19","CISO","California Independent System Operator","OTH","Other",-6630,"megawatthours"
"2026-09-10T19","CISO","California Independent System Operator","SUN","Solar",19318,"megawatthours"
"2026-09-10T19","CISO","California Independent System Operator","WAT","Hydro",1807,"megawatthours"
"2026-09-10T19","CISO","California Independent System Operator","WND","Wind",1789,"megawatthours"
"2026-09-10T19","CPLE","Duke Energy Progress East","BAT","Battery storage",0,"megawatthours"
"2026-09-10T19","CPLE","Duke Energy Progress East","COL","Coal",2175,"megawatthours"
"2026-09-10T19","CPLE","Duke Energy Progress East","NG","Natural Gas",2195,"megawatthours"
"2026-09-10T19","CPLE","Duke Energy Progress East","NUC","Nuclear",3572,"megawatthours"
"2026-09-10T19","CPLE","Duke Energy Progress East","OIL","Petroleum",0,"megawatthours"
"2026-09-10T19","CPLE","Duke Energy Progress East","OTH","Other",974,"megawatthours"
"2026-09-10T19","CPLE","Duke Energy Progress East","SNB","Solar with integrated battery storage",33,"megawatthours"
"2026-09-10T19","CPLE","Duke Energy Progress East","SUN","Solar",2167,"megawatthours"
"2026-09-10T19","CPLE","Duke Energy Progress East","WAT","Hydro",4,"megawatthours"
"2026-09-10T19","CPLW","Duke Energy Progress West","BAT","Battery storage",-5,"megawatthours"
"2026-09-10T19","CPLW","Duke Energy Progress West","NG","Natural Gas",417,"megawatthours"
"2026-09-10T19","CPLW","Duke Energy Progress West","OTH","Other",166,"megawatthours"
"2026-09-10T19","CPLW","Duke Energy Progress West","SUN","Solar",1,"megawatthours"
"2026-09-10T19","CPLW","Duke Energy Progress West","WAT","Hydro",5,"megawatthours"
"2026-09-10T19","DEAA","Arlington Valley, LLC","NG","Natural Gas",341,"megawatthours"
"2026-09-10T19","DOPD","PUD No. 1 of Douglas County","WAT","Hydro",175,"megawatthours"
"2026-09-10T19","DUK","Duke Energy Carolinas","BAT","Battery storage",-1,"megawatthours"
"2026-09-10T19","DUK","Duke Energy Carolinas","COL","Coal",3915,"megawatthours"
"2026-09-10T19","DUK","Duke Energy Carolinas","NG","Natural Gas",5995,"megawatthours"
"2026-09-10T19","DUK","Duke Energy Carolinas","NUC","Nuclear",6030,"megawatthours"
"2026-09-10T19","DUK","Duke Energy Carolinas","OTH","Other",0,"megawatthours"
"2026-09-10T19","DUK","Duke Energy Carolinas","PS","Pumped storage",770,"megawatthours"
"2026-09-10T19","DUK","Duke Energy Carolinas","SUN","Solar",953,"megawatthours"
"2026-09-10T19","DUK","Duke Energy Carolinas","WAT","Hydro",93,"megawatthours"
"2026-09-10T19","EPE","El Paso Electric Company","NG","Natural Gas",567,"megawatthours"
"2026-09-10T19","EPE","El Paso Electric Company","SNB","Solar with integrated battery storage",114,"megawatthours"
"2026-09-10T19","EPE","El Paso Electric Company","SUN","Solar",584,"megawatthours"
"2026-09-10T19","ERCO","Electric Reliability Council of Texas, Inc.","BAT","Battery storage",-30,"megawatthours"
"2026-09-10T19","ERCO","Electric Reliability Council of Texas, Inc.","COL","Coal",8293,"megawatthours"
"2026-09-10T19","ERCO","Electric Reliability Council of Texas, Inc.","NG","Natural Gas",35515,"megawatthours"
"2026-09-10T19","ERCO","Electric Reliability Council of Texas, Inc.","NUC","Nuclear",4958,"megawatthours"
"2026-09-10T19","ERCO","Electric Reliability Council of Texas, Inc.","OTH","Other",50,"megawatthours"
"2026-09-10T19","ERCO","Electric Reliability Council of Texas, Inc.","SUN","Solar",28761,"megawatthours"
"2026-09-10T19","ERCO","Electric Reliability Council of Texas, Inc.","WAT","Hydro",130,"megawatthours"
"2026-09-10T19","ERCO","Electric Reliability Council of Texas, Inc.","WND","Wind",4449,"megawatthours"
"2026-09-10T19","FLA","Florida","BAT","Battery storage",-60,"megawatthours"
"2026-09-10T19","FLA","Florida","COL","Coal",3721,"megawatthours"
"2026-09-10T19","FLA","Florida","NG","Natural Gas",30604,"megawatthours"
"2026-09-10T19","FLA","Florida","NUC","Nuclear",3824,"megawatthours"
"2026-09-10T19","FLA","Florida","OIL","Petroleum",0,"megawatthours"
"2026-09-10T19","FLA","Florida","OTH","Other",1146,"megawatthours"
"2026-09-10T19","FLA","Florida","SNB","Solar with integrated battery storage",179,"megawatthours"
"2026-09-10T19","FLA","Florida","SUN","Solar",5714,"megawatthours"
"2026-09-10T19","FLA","Florida","WAT","Hydro",14,"megawatthours"
"2026-09-10T19","FMPP","Florida Municipal Power Pool","COL","Coal",936,"megawatthours"
"2026-09-10T19","FMPP","Florida Municipal Power Pool","NG","Natural Gas",2113,"megawatthours"
"2026-09-10T19","FMPP","Florida Municipal Power Pool","NUC","Nuclear",130,"megawatthours"
"2026-09-10T19","FMPP","Florida Municipal Power Pool","OIL","Petroleum",0,"megawatthours"
"2026-09-10T19","FMPP","Florida Municipal Power Pool","OTH","Other",13,"megawatthours"
"2026-09-10T19","FMPP","Florida Municipal Power Pool","SUN","Solar",261,"megawatthours"
"2026-09-10T19","FPC","Duke Energy Florida, Inc.","COL","Coal",1271,"megawatthours"
"2026-09-10T19","FPC","Duke Energy Florida, Inc.","NG","Natural Gas",6179,"megawatthours"
"2026-09-10T19","FPC","Duke Energy Florida, Inc.","OIL","Petroleum",0,"megawatthours"
"2026-09-10T19","FPC","Duke Energy Florida, Inc.","OTH","Other",54,"megawatthours"
"2026-09-10T19","FPC","Duke Energy Florida, Inc.","SUN","Solar",1469,"megawatthours"
"2026-09-10T19","FPC","Duke Energy Florida, Inc.","WAT","Hydro",14,"megawatthours"
"2026-09-10T19","FPL","Florida Power & Light Co.","BAT","Battery storage",-60,"megawatthours"
"2026-09-10T19","FPL","Florida Power & Light Co.","NG","Natural Gas",16244,"megawatthours"
"2026-09-10T19","FPL","Florida Power & Light Co.","NUC","Nuclear",3694,"megawatthours"
"2026-09-10T19","FPL","Florida Power & Light Co.","OIL","Petroleum",0,"megawatthours"
"2026-09-10T19","FPL","Florida Power & Light Co.","OTH","Other",969,"megawatthours"
"2026-09-10T19","FPL","Florida Power & Light Co.","SNB","Solar with integrated battery storage",117,"megawatthours"
"2026-09-10T19","FPL","Florida Power & Light Co.","SUN","Solar",3096,"megawatthours"
"2026-09-10T19","GCPD","Public Utility District No. 2 of Grant County, Washington","WAT","Hydro",419,"megawatthours"
"2026-09-10T19","GRID","Gridforce Energy Management, LLC","COL","Coal",0,"megawatthours"
"2026-09-10T19","GRID","Gridforce Energy Management, LLC","NG","Natural Gas",1726,"megawatthours"
"2026-09-10T19","GRID","Gridforce Energy Management, LLC","SUN","Solar",125,"megawatthours"
"2026-09-10T19","GRID","Gridforce Energy Management, LLC","WND","Wind",10,"megawatthours"
"2026-09-10T19","GVL","Gainesville Regional Utilities","COL","Coal",0,"megawatthours"
"2026-09-10T19","GVL","Gainesville Regional Utilities","NG","Natural Gas",233,"megawatthours"
"2026-09-10T19","GVL","Gainesville Regional Utilities","OTH","Other",79,"megawatthours"
"2026-09-10T19","GWA","NaturEner Power Watch, LLC","WND","Wind",27,"megawatthours"
"2026-09-10T19","HST","City of Homestead","NG","Natural Gas",0,"megawatthours"
"2026-09-10T19","IID","Imperial Irrigation District","BAT","Battery storage",-32,"megawatthours"
"2026-09-10T19","IID","Imperial Irrigation District","GEO","Geothermal",399,"megawatthours"
"2026-09-10T19","IID","Imperial Irrigation District","NG","Natural Gas",90,"megawatthours"
"2026-09-10T19","IID","Imperial Irrigation District","OIL","Petroleum",0,"megawatthours"
"2026-09-10T19","IID","Imperial Irrigation District","SNB","Solar with integrated battery storage",8,"megawatthours"
"2026-09-10T19","IID","Imperial Irrigation District","SUN","Solar",537,"megawatthours"
"2026-09-10T19","IID","Imperial Irrigation District","WAT","Hydro",18,"megawatthours"
"2026-09-10T19","IPCO","Idaho Power Company","BAT","Battery storage",-203,"megawatthours"
"2026-09-10T19","IPCO","Idaho Power Company","GEO","Geothermal",22,"megawatthours"
"2026-09-10T19","IPCO","Idaho Power Company","NG","Natural Gas",658,"megawatthours"
"2026-09-10T19","IPCO","Idaho Power Company","OIL","Petroleum",0,"megawatthours"
"2026-09-10T19","IPCO","Idaho Power Company","OTH","Other",32,"megawatthours"
"2026-09-10T19","IPCO","Idaho Power Company","SUN","Solar",567,"megawatthours"
"2026-09-10T19","IPCO","Idaho Power Company","WAT","Hydro",382,"megawatthours"
"2026-09-10T19","IPCO","Idaho Power Company","WND","Wind",38,"megawatthours"
"2026-09-10T19","ISNE","ISO New England","BAT","Battery storage",19,"megawatthours"
"2026-09-10T19","ISNE","ISO New England","NG","Natural Gas",7309,"megawatthours"
"2026-09-10T19","ISNE","ISO New England","NUC","Nuclear",3538,"megawatthours"
"2026-09-10T19","ISNE","ISO New England","OTH","Other",606,"megawatthours"
"2026-09-10T19","ISNE","ISO New England","PS","Pumped storage",142,"megawatthours"
"2026-09-10T19","ISNE","ISO New England","SNB","Solar with integrated battery storage",7,"megawatthours"
"2026-09-10T19","ISNE","ISO New England","SUN","Solar",841,"megawatthours"
"2026-09-10T19","ISNE","ISO New England","WAT","Hydro",237,"megawatthours"
"2026-09-10T19","ISNE","ISO New England","WND","Wind",2094,"megawatthours"
"2026-09-10T19","JEA","JEA","COL","Coal",935,"megawatthours"
"2026-09-10T19","JEA","JEA","NG","Natural Gas",703,"megawatthours"
"2026-09-10T19","JEA","JEA","OIL","Petroleum",0,"megawatthours"
"2026-09-10T19","JEA","JEA","OTH","Other",2,"megawatthours"
"2026-09-10T19","JEA","JEA","SUN","Solar",7,"megawatthours"
"2026-09-10T19","LDWP","Los Angeles Department of Water and Power","BAT","Battery storage",0,"megawatthours"
"2026-09-10T19","LDWP","Los Angeles Department of Water and Power","NG","Natural Gas",2270,"megawatthours"
"2026-09-10T19","LDWP","Los Angeles Department of Water and Power","OTH","Other",198,"megawatthours"
"2026-09-10T19","LDWP","Los Angeles Department of Water and Power","PS","Pumped storage",0,"megawatthours"
"2026-09-10T19","LDWP","Los Angeles Department of Water and Power","SNB","Solar with integrated battery storage",396,"megawatthours"
"2026-09-10T19","LDWP","Los Angeles Department of Water and Power","SUN","Solar",965,"megawatthours"
"2026-09-10T19","LDWP","Los Angeles Department of Water and Power","WAT","Hydro",141,"megawatthours"
"2026-09-10T19","LDWP","Los Angeles Department of Water and Power","WND","Wind",24,"megawatthours"
"2026-09-10T19","LGEE","LG&E and KU Services Company as agent for Louisville Gas and Electric Company and Kentucky Utilities Company","COL","Coal",4365,"megawatthours"
"2026-09-10T19","LGEE","LG&E and KU Services Company as agent for Louisville Gas and Electric Company and Kentucky Utilities Company","NG","Natural Gas",670,"megawatthours"
"2026-09-10T19","LGEE","LG&E and KU Services Company as agent for Louisville Gas and Electric Company and Kentucky Utilities Company","OIL","Petroleum",0,"megawatthours"
"2026-09-10T19","LGEE","LG&E and KU Services Company as agent for Louisville Gas and Electric Company and Kentucky Utilities Company","SUN","Solar",47,"megawatthours"
"2026-09-10T19","LGEE","LG&E and KU Services Company as agent for Louisville Gas and Electric Company and Kentucky Utilities Company","WAT","Hydro",52,"megawatthours"
"2026-09-10T19","MIDA","Mid-Atlantic","COL","Coal",23851,"megawatthours"
"2026-09-10T19","MIDA","Mid-Atlantic","NG","Natural Gas",58013,"megawatthours"
"2026-09-10T19","MIDA","Mid-Atlantic","NUC","Nuclear",30895,"megawatthours"
"2026-09-10T19","MIDA","Mid-Atlantic","OIL","Petroleum",1856,"megawatthours"
"2026-09-10T19","MIDA","Mid-Atlantic","OTH","Other",3592,"megawatthours"
"2026-09-10T19","MIDA","Mid-Atlantic","SUN","Solar",9622,"megawatthours"
"2026-09-10T19","MIDA","Mid-Atlantic","WAT","Hydro",4176,"megawatthours"
"2026-09-10T19","MIDA","Mid-Atlantic","WND","Wind",1296,"megawatthours"
"2026-09-10T19","MIDW","Midwest","BAT","Battery storage",-74,"megawatthours"
"2026-09-10T19","MIDW","Midwest","COL","Coal",31538,"megawatthours"
"2026-09-10T19","MIDW","Midwest","NG","Natural Gas",40665,"megawatthours"
"2026-09-10T19","MIDW","Midwest","NUC","Nuclear",11678,"megawatthours"
"2026-09-10T19","MIDW","Midwest","OIL","Petroleum",0,"megawatthours"
"2026-09-10T19","MIDW","Midwest","OTH","Other",499,"megawatthours"
"2026-09-10T19","MIDW","Midwest","SUN","Solar",12223,"megawatthours"
"2026-09-10T19","MIDW","Midwest","WAT","Hydro",1792,"megawatthours"
"2026-09-10T19","MIDW","Midwest","WND","Wind",3970,"megawatthours"
"2026-09-10T19","MISO","Midcontinent Independent System Operator, Inc.","BAT","Battery storage",-74,"megawatthours"
"2026-09-10T19","MISO","Midcontinent Independent System Operator, Inc.","COL","Coal",26205,"megawatthours"
"2026-09-10T19","MISO","Midcontinent Independent System Operator, Inc.","NG","Natural Gas",38557,"megawatthours"
"2026-09-10T19","MISO","Midcontinent Independent System Operator, Inc.","NUC","Nuclear",11678,"megawatthours"
"2026-09-10T19","MISO","Midcontinent Independent System Operator, Inc.","OTH","Other",499,"megawatthours"
"2026-09-10T19","MISO","Midcontinent Independent System Operator, Inc.","SUN","Solar",12176,"megawatthours"
"2026-09-10T19","MISO","Midcontinent Independent System Operator, Inc.","WAT","Hydro",1740,"megawatthours"
"2026-09-10T19","MISO","Midcontinent Independent System Operator, Inc.","WND","Wind",3927,"megawatthours"
"2026-09-10T19","NE","New England","BAT","Battery storage",19,"megawatthours"
"2026-09-10T19","NE","New England","NG","Natural Gas",7309,"megawatthours"
"2026-09-10T19","NE","New England","NUC","Nuclear",3538,"megawatthours"
"2026-09-10T19","NE","New England","OTH","Other",606,"megawatthours"
"2026-09-10T19","NE","New England","PS","Pumped storage",142,"megawatthours"
"2026-09-10T19","NE","New England","SNB","Solar with integrated battery storage",7,"megawatthours"
"2026-09-10T19","NE","New England","SUN","Solar",841,"megawatthours"
"2026-09-10T19","NE","New England","WAT","Hydro",237,"megawatthours"
"2026-09-10T19","NE","New England","WND","Wind",2094,"megawatthours"
"2026-09-10T19","NEVP","Nevada Power Company","COL","Coal",443,"megawatthours"
"2026-09-10T19","NEVP","Nevada Power Company","NG","Natural Gas",2975,"megawatthours"
"2026-09-10T19","NEVP","Nevada Power Company","NUC","Nuclear",0,"megawatthours"
"2026-09-10T19","NEVP","Nevada Power Company","OIL","Petroleum",0,"megawatthours"
"2026-09-10T19","NEVP","Nevada Power Company","OTH","Other",342,"megawatthours"
"2026-09-10T19","NEVP","Nevada Power Company","SUN","Solar",3101,"megawatthours"
"2026-09-10T19","NEVP","Nevada Power Company","WAT","Hydro",5,"megawatthours"
"2026-09-10T19","NEVP","Nevada Power Company","WND","Wind",0,"megawatthours"
"2026-09-10T19","NW","Northwest","BAT","Battery storage",25,"megawatthours"
"2026-09-10T19","NW","Northwest","COL","Coal",8926,"megawatthours"
"2026-09-10T19","NW","Northwest","GEO","Geothermal",22,"megawatthours"
"2026-09-10T19","NW","Northwest","NG","Natural Gas",11532,"megawatthours"
"2026-09-10T19","NW","Northwest","NUC","Nuclear",1130,"megawatthours"
"2026-09-10T19","NW","Northwest","OIL","Petroleum",174,"megawatthours"
"2026-09-10T19","NW","Northwest","OTH","Other",758,"megawatthours"
"2026-09-10T19","NW","Northwest","SNB","Solar with integrated battery storage",36,"megawatthours"
"2026-09-10T19","NW","Northwest","SUN","Solar",11085,"megawatthours"
"2026-09-10T19","NW","Northwest","WAT","Hydro",7783,"megawatthours"
"2026-09-10T19","NW","Northwest","WND","Wind",9220,"megawatthours"
"2026-09-10T19","NWMT","NorthWestern Corporation","COL","Coal",1233,"megawatthours"
"2026-09-10T19","NWMT","NorthWestern Corporation","NG","Natural Gas",136,"megawatthours"
"2026-09-10T19","NWMT","NorthWestern Corporation","OIL","Petroleum",58,"megawatthours"
"2026-09-10T19","NWMT","NorthWestern Corporation","SUN","Solar",135,"megawatthours"
"2026-09-10T19","NWMT","NorthWestern Corporation","WAT","Hydro",344,"megawatthours"
"2026-09-10T19","NWMT","NorthWestern Corporation","WND","Wind",632,"megawatthours"
"2026-09-10T19","NY","New York","COL","Coal",0,"megawatthours"
"2026-09-10T19","NY","New York","NG","Natural Gas",9308,"megawatthours"
"2026-09-10T19","NY","New York","NUC","Nuclear",3096,"megawatthours"
"2026-09-10T19","NY","New York","OIL","Petroleum",0,"megawatthours"
"2026-09-10T19","NY","New York","OTH","Other",783,"megawatthours"
"2026-09-10T19","NY","New York","SUN","Solar",0,"megawatthours"
"2026-09-10T19","NY","New York","WAT","Hydro",2856,"megawatthours"
"2026-09-10T19","NY","New York","WND","Wind",1713,"megawatthours"
"2026-09-10T19","NYIS","New York Independent System Operator","COL","Coal",0,"megawatthours"
"2026-09-10T19","NYIS","New York Independent System Operator","NG","Natural Gas",9308,"megawatthours"
"2026-09-10T19","NYIS","New York Independent System Operator","NUC","Nuclear",3096,"megawatthours"
"2026-09-10T19","NYIS","New York Independent System Operator","OIL","Petroleum",0,"megawatthours"
"2026-09-10T19","NYIS","New York Independent System Operator","OTH","Other",783,"megawatthours"
"2026-09-10T19","NYIS","New York Independent System Operator","SUN","Solar",0,"megawatthours"
"2026-09-10T19","NYIS","New York Independent System Operator","WAT","Hydro",2856,"megawatthours"
"2026-09-10T19","NYIS","New York Independent System Operator","WND","Wind",1713,"megawatthours"
"2026-09-10T19","PACE","PacifiCorp East","COL","Coal",3455,"megawatthours"
"2026-09-10T19","PACE","PacifiCorp East","NG","Natural Gas",735,"megawatthours"
"2026-09-10T19","PACE","PacifiCorp East","OTH","Other",128,"megawatthours"
"2026-09-10T19","PACE","PacifiCorp East","SUN","Solar",3131,"megawatthours"
"2026-09-10T19","PACE","PacifiCorp East","WAT","Hydro",109,"megawatthours"
"2026-09-10T19","PACE","PacifiCorp East","WND","Wind",2887,"megawatthours"
"2026-09-10T19","PACW","PacifiCorp West","NG","Natural Gas",447,"megawatthours"
"2026-09-10T19","PACW","PacifiCorp West","OTH","Other",37,"megawatthours"
"2026-09-10T19","PACW","PacifiCorp West","SUN","Solar",395,"megawatthours"
"2026-09-10T19","PACW","PacifiCorp West","WAT","Hydro",98,"megawatthours"
"2026-09-10T19","PACW","PacifiCorp West","WND","Wind",676,"megawatthours"
"2026-09-10T19","PGE","Portland General Electric Company","BAT","Battery storage",-389,"megawatthours"
"2026-09-10T19","PGE","Portland General Electric Company","COL","Coal",0,"megawatthours"
"2026-09-10T19","PGE","Portland General Electric Company","NG","Natural Gas",610,"megawatthours"
"2026-09-10T19","PGE","Portland General Electric Company","OTH","Other",0,"megawatthours"
"2026-09-10T19","PGE","Portland General Electric Company","WAT","Hydro",70,"megawatthours"
"2026-09-10T19","PGE","Portland General Electric Company","WND","Wind",0,"megawatthours"
"2026-09-10T19","PJM","PJM Interconnection, LLC","COL","Coal",23851,"megawatthours"
"2026-09-10T19","PJM","PJM Interconnection, LLC","NG","Natural Gas",58013,"megawatthours"
"2026-09-10T19","PJM","PJM Interconnection, LLC","NUC","Nuclear",30895,"megawatthours"
"2026-09-10T19","PJM","PJM Interconnection, LLC","OIL","Petroleum",1856,"megawatthours"
"2026-09-10T19","PJM","PJM Interconnection, LLC","OTH","Other",3592,"megawatthours"
"2026-09-10T19","PJM","PJM Interconnection, LLC","SUN","Solar",9622,"megawatthours"
"2026-09-10T19","PJM","PJM Interconnection, LLC","WAT","Hydro",4176,"megawatthours"
"2026-09-10T19","PJM","PJM Interconnection, LLC","WND","Wind",1296,"megawatthours"
"2026-09-10T19","PNM","Public Service Company of New Mexico","BAT","Battery storage",-537,"megawatthours"
"2026-09-10T19","PNM","Public Service Company of New Mexico","COL","Coal",337,"megawatthours"
"2026-09-10T19","PNM","Public Service Company of New Mexico","GEO","Geothermal",7,"megawatthours"
"2026-09-10T19","PNM","Public Service Company of New Mexico","NG","Natural Gas",281,"megawatthours"
"2026-09-10T19","PNM","Public Service Company of New Mexico","SUN","Solar",1889,"megawatthours"
"2026-09-10T19","PNM","Public Service Company of New Mexico","WAT","Hydro",0,"megawatthours"
"2026-09-10T19","PNM","Public Service Company of New Mexico","WND","Wind",249,"megawatthours"
"2026-09-10T19","PSCO","Public Service Company of Colorado","BAT","Battery storage",617,"megawatthours"
"2026-09-10T19","PSCO","Public Service Company of Colorado","COL","Coal",2087,"megawatthours"
"2026-09-10T19","PSCO","Public Service Company of Colorado","NG","Natural Gas",1091,"megawatthours"
"2026-09-10T19","PSCO","Public Service Company of Colorado","OIL","Petroleum",0,"megawatthours"
"2026-09-10T19","PSCO","Public Service Company of Colorado","SUN","Solar",2173,"megawatthours"
"2026-09-10T19","PSCO","Public Service Company of Colorado","WAT","Hydro",7,"megawatthours"
"2026-09-10T19","PSCO","Public Service Company of Colorado","WND","Wind",904,"megawatthours"
"2026-09-10T19","PSEI","Puget Sound Energy, Inc.","COL","Coal",0,"megawatthours"
"2026-09-10T19","PSEI","Puget Sound Energy, Inc.","NG","Natural Gas",613,"megawatthours"
"2026-09-10T19","PSEI","Puget Sound Energy, Inc.","OIL","Petroleum",0,"megawatthours"
"2026-09-10T19","PSEI","Puget Sound Energy, Inc.","OTH","Other",3,"megawatthours"
"2026-09-10T19","PSEI","Puget Sound Energy, Inc.","SUN","Solar",6,"megawatthours"
"2026-09-10T19","PSEI","Puget Sound Energy, Inc.","WAT","Hydro",34,"megawatthours"
"2026-09-10T19","PSEI","Puget Sound Energy, Inc.","WND","Wind",281,"megawatthours"
"2026-09-10T19","SC","South Carolina Public Service Authority","COL","Coal",1641,"megawatthours"
"2026-09-10T19","SC","South Carolina Public Service Authority","NG","Natural Gas",796,"megawatthours"
"2026-09-10T19","SC","South Carolina Public Service Authority","OIL","Petroleum",0,"megawatthours"
"2026-09-10T19","SC","South Carolina Public Service Authority","OTH","Other",71,"megawatthours"
"2026-09-10T19","SC","South Carolina Public Service Authority","SUN","Solar",318,"megawatthours"
"2026-09-10T19","SC","South Carolina Public Service Authority","WAT","Hydro",62,"megawatthours"
"2026-09-10T19","SCEG","Dominion Energy South Carolina, Inc.","COL","Coal",326,"megawatthours"
"2026-09-10T19","SCEG","Dominion Energy South Carolina, Inc.","NG","Natural Gas",2163,"megawatthours"
"2026-09-10T19","SCEG","Dominion Energy South Carolina, Inc.","NUC","Nuclear",969,"megawatthours"
"2026-09-10T19","SCEG","Dominion Energy South Carolina, Inc.","OTH","Other",0,"megawatthours"
"2026-09-10T19","SCEG","Dominion Energy South Carolina, Inc.","SUN","Solar",772,"megawatthours"
"2026-09-10T19","SCEG","Dominion Energy South Carolina, Inc.","WAT","Hydro",154,"megawatthours"
"2026-09-10T19","SCL","Seattle City Light","WAT","Hydro",405,"megawatthours"
"2026-09-10T19","SE","Southeast","BAT","Battery storage",21,"megawatthours"
"2026-09-10T19","SE","Southeast","COL","Coal",8394,"megawatthours"
"2026-09-10T19","SE","Southeast","NG","Natural Gas",21025,"megawatthours"
"2026-09-10T19","SE","Southeast","NUC","Nuclear",7819,"megawatthours"
"2026-09-10T19","SE","Southeast","OES","Other energy storage",0,"megawatthours"
"2026-09-10T19","SE","Southeast","OIL","Petroleum",7,"megawatthours"
"2026-09-10T19","SE","Southeast","OTH","Other",55,"megawatthours"
"2026-09-10T19","SE","Southeast","PS","Pumped storage",384,"megawatthours"
"2026-09-10T19","SE","Southeast","SNB","Solar with integrated battery storage",158,"megawatthours"
"2026-09-10T19","SE","Southeast","SUN","Solar",1776,"megawatthours"
"2026-09-10T19","SE","Southeast","WAT","Hydro",936,"megawatthours"
"2026-09-10T19","SE","Southeast","WND","Wind",0,"megawatthours"
"2026-09-10T19","SEC","Seminole Electric Cooperative","COL","Coal",579,"megawatthours"
"2026-09-10T19","SEC","Seminole Electric Cooperative","NG","Natural Gas",1671,"megawatthours"
"2026-09-10T19","SEC","Seminole Electric Cooperative","SUN","Solar",1,"megawatthours"
"2026-09-10T19","SEPA","Southeastern Power Administration","WAT","Hydro",582,"megawatthours"
"2026-09-10T19","SIKE","Sikeston Board of Municipal Utilities","COL","Coal",31,"megawatthours"
"2026-09-10T19","SOCO","Southern Company Services, Inc. - Trans","BAT","Battery storage",21,"megawatthours"
"2026-09-10T19","SOCO","Southern Company Services, Inc. - Trans","COL","Coal",8394,"megawatthours"
"2026-09-10T19","SOCO","Southern Company Services, Inc. - Trans","NG","Natural Gas",21025,"megawatthours"
"2026-09-10T19","SOCO","Southern Company Services, Inc. - Trans","NUC","Nuclear",7819,"megawatthours"
"2026-09-10T19","SOCO","Southern Company Services, Inc. - Trans","OES","Other energy storage",0,"megawatthours"
"2026-09-10T19","SOCO","Southern Company Services, Inc. - Trans","OIL","Petroleum",7,"megawatthours"
"2026-09-10T19","SOCO","Southern Company Services, Inc. - Trans","OTH","Other",55,"megawatthours"
"2026-09-10T19","SOCO","Southern Company Services, Inc. - Trans","PS","Pumped storage",384,"megawatthours"
"2026-09-10T19","SOCO","Southern Company Services, Inc. - Trans","SNB","Solar with integrated battery storage",158,"megawatthours"
"2026-09-10T19","SOCO","Southern Company Services, Inc. - Trans","SUN","Solar",1776,"megawatthours"
"2026-09-10T19","SOCO","Southern Company Services, Inc. - Trans","WAT","Hydro",354,"megawatthours"
"2026-09-10T19","SOCO","Southern Company Services, Inc. - Trans","WND","Wind",0,"megawatthours"
"2026-09-10T19","SRP","Salt River Project Agricultural Improvement and Power District","BAT","Battery storage",-145,"megawatthours"
"2026-09-10T19","SRP","Salt River Project Agricultural Improvement and Power District","COL","Coal",896,"megawatthours"
"2026-09-10T19","SRP","Salt River Project Agricultural Improvement and Power District","NG","Natural Gas",2690,"megawatthours"
"2026-09-10T19","SRP","Salt River Project Agricultural Improvement and Power District","NUC","Nuclear",3901,"megawatthours"
"2026-09-10T19","SRP","Salt River Project Agricultural Improvement and Power District","SNB","Solar with integrated battery storage",-14,"megawatthours"
"2026-09-10T19","SRP","Salt River Project Agricultural Improvement and Power District","SUN","Solar",1232,"megawatthours"
"2026-09-10T19","SRP","Salt River Project Agricultural Improvement and Power District","WAT","Hydro",14,"megawatthours"
"2026-09-10T19","SRP","Salt River Project Agricultural Improvement and Power District","WND","Wind",6,"megawatthours"
"2026-09-10T19","SW","Southwest","BAT","Battery storage",-1057,"megawatthours"
"2026-09-10T19","SW","Southwest","COL","Coal",2854,"megawatthours"
"2026-09-10T19","SW","Southwest","GEO","Geothermal",7,"megawatthours"
"2026-09-10T19","SW","Southwest","NG","Natural Gas",6966,"megawatthours"
"2026-09-10T19","SW","Southwest","NUC","Nuclear",3901,"megawatthours"
"2026-09-10T19","SW","Southwest","OIL","Petroleum",0,"megawatthours"
"2026-09-10T19","SW","Southwest","OTH","Other",28,"megawatthours"
"2026-09-10T19","SW","Southwest","SNB","Solar with integrated battery storage",185,"megawatthours"
"2026-09-10T19","SW","Southwest","SUN","Solar",6717,"megawatthours"
"2026-09-10T19","SW","Southwest","UES","Unknown energy storage",-1639,"megawatthours"
"2026-09-10T19","SW","Southwest","WAT","Hydro",114,"megawatthours"
"2026-09-10T19","SW","Southwest","WND","Wind",287,"megawatthours"
"2026-09-10T19","SWPP","Southwest Power Pool","BAT","Battery storage",1,"megawatthours"
"2026-09-10T19","SWPP","Southwest Power Pool","COL","Coal",13125,"megawatthours"
"2026-09-10T19","SWPP","Southwest Power Pool","NG","Natural Gas",16737,"megawatthours"
"2026-09-10T19","SWPP","Southwest Power Pool","NUC","Nuclear",1858,"megawatthours"
"2026-09-10T19","SWPP","Southwest Power Pool","OIL","Petroleum",0,"megawatthours"
"2026-09-10T19","SWPP","Southwest Power Pool","OTH","Other",33,"megawatthours"
"2026-09-10T19","SWPP","Southwest Power Pool","SUN","Solar",1788,"megawatthours"
"2026-09-10T19","SWPP","Southwest Power Pool","WAT","Hydro",1657,"megawatthours"
"2026-09-10T19","SWPP","Southwest Power Pool","WND","Wind",8058,"megawatthours"
"2026-09-10T19","SWPW","Southwest Power Pool West Balancing Authority Area","BAT","Battery storage",0,"megawatthours"
"2026-09-10T19","SWPW","Southwest Power Pool West Balancing Authority Area","COL","Coal",1019,"megawatthours"
"2026-09-10T19","SWPW","Southwest Power Pool West Balancing Authority Area","NG","Natural Gas",620,"megawatthours"
"2026-09-10T19","SWPW","Southwest Power Pool West Balancing Authority Area","NUC","Nuclear",0,"megawatthours"
"2026-09-10T19","SWPW","Southwest Power Pool West Balancing Authority Area","OIL","Petroleum",116,"megawatthours"
"2026-09-10T19","SWPW","Southwest Power Pool West Balancing Authority Area","OTH","Other",5,"megawatthours"
"2026-09-10T19","SWPW","Southwest Power Pool West Balancing Authority Area","SUN","Solar",921,"megawatthours"
"2026-09-10T19","SWPW","Southwest Power Pool West Balancing Authority Area","WAT","Hydro",686,"megawatthours"
"2026-09-10T19","SWPW","Southwest Power Pool West Balancing Authority Area","WND","Wind",265,"megawatthours"
"2026-09-10T19","TAL","City of Tallahassee","NG","Natural Gas",497,"megawatthours"
"2026-09-10T19","TAL","City of Tallahassee","SUN","Solar",7,"megawatthours"
"2026-09-10T19","TAL","City of Tallahassee","WAT","Hydro",0,"megawatthours"
"2026-09-10T19","TEC","Tampa Electric Company","COL","Coal",0,"megawatthours"
"2026-09-10T19","TEC","Tampa Electric Company","NG","Natural Gas",2964,"megawatthours"
"2026-09-10T19","TEC","Tampa Electric Company","OIL","Petroleum",0,"megawatthours"
"2026-09-10T19","TEC","Tampa Electric Company","OTH","Other",29,"megawatthours"
"2026-09-10T19","TEC","Tampa Electric Company","SNB","Solar with integrated battery storage",62,"megawatthours"
"2026-09-10T19","TEC","Tampa Electric Company","SUN","Solar",873,"megawatthours"
"2026-09-10T19","TEN","Tennessee","BAT","Battery storage",0,"megawatthours"
"2026-09-10T19","TEN","Tennessee","COL","Coal",3832,"megawatthours"
"2026-09-10T19","TEN","Tennessee","GEO","Geothermal",0,"megawatthours"
"2026-09-10T19","TEN","Tennessee","NG","Natural Gas",9513,"megawatthours"
"2026-09-10T19","TEN","Tennessee","NUC","Nuclear",7167,"megawatthours"
"2026-09-10T19","TEN","Tennessee","OES","Other energy storage",0,"megawatthours"
"2026-09-10T19","TEN","Tennessee","OIL","Petroleum",0,"megawatthours"
"2026-09-10T19","TEN","Tennessee","OTH","Other",46,"megawatthours"
"2026-09-10T19","TEN","Tennessee","PS","Pumped storage",1113,"megawatthours"
"2026-09-10T19","TEN","Tennessee","SNB","Solar with integrated battery storage",400,"megawatthours"
"2026-09-10T19","TEN","Tennessee","SUN","Solar",917,"megawatthours"
"2026-09-10T19","TEN","Tennessee","UNK","Unknown",0,"megawatthours"
"2026-09-10T19","TEN","Tennessee","WAT","Hydro",2764,"megawatthours"
"2026-09-10T19","TEN","Tennessee","WNB","Wind with integrated battery storage",0,"megawatthours"
"2026-09-10T19","TEN","Tennessee","WND","Wind",0,"megawatthours"
"2026-09-10T19","TEPC","Tucson Electric Power","BAT","Battery storage",-414,"megawatthours"
"2026-09-10T19","TEPC","Tucson Electric Power","COL","Coal",606,"megawatthours"
"2026-09-10T19","TEPC","Tucson Electric Power","NG","Natural Gas",1263,"megawatthours"
"2026-09-10T19","TEPC","Tucson Electric Power","SUN","Solar",581,"megawatthours"
"2026-09-10T19","TEPC","Tucson Electric Power","WND","Wind",1,"megawatthours"
"2026-09-10T19","TEX","Texas","BAT","Battery storage",-30,"megawatthours"
"2026-09-10T19","TEX","Texas","COL","Coal",8293,"megawatthours"
"2026-09-10T19","TEX","Texas","NG","Natural Gas",35515,"megawatthours"
"2026-09-10T19","TEX","Texas","NUC","Nuclear",4958,"megawatthours"
"2026-09-10T19","TEX","Texas","OTH","Other",50,"megawatthours"
"2026-09-10T19","TEX","Texas","SUN","Solar",28761,"megawatthours"
"2026-09-10T19","TEX","Texas","WAT","Hydro",130,"megawatthours"
"2026-09-10T19","TEX","Texas","WND","Wind",4449,"megawatthours"
"2026-09-10T19","TIDC","Turlock Irrigation District","NG","Natural Gas",275,"megawatthours"
"2026-09-10T19","TIDC","Turlock Irrigation District","WAT","Hydro",44,"megawatthours"
"2026-09-10T19","TPWR","City of Tacoma, Department of Public Utilities, Light Division","WAT","Hydro",171,"megawatthours"
"2026-09-10T19","TVA","Tennessee Valley Authority","BAT","Battery storage",0,"megawatthours"
"2026-09-10T19","TVA","Tennessee Valley Authority","COL","Coal",3832,"megawatthours"
"2026-09-10T19","TVA","Tennessee Valley Authority","GEO","Geothermal",0,"megawatthours"
"2026-09-10T19","TVA","Tennessee Valley Authority","NG","Natural Gas",9513,"megawatthours"
"2026-09-10T19","TVA","Tennessee Valley Authority","NUC","Nuclear",7167,"megawatthours"
"2026-09-10T19","TVA","Tennessee Valley Authority","OES","Other energy storage",0,"megawatthours"
"2026-09-10T19","TVA","Tennessee Valley Authority","OIL","Petroleum",0,"megawatthours"
"2026-09-10T19","TVA","Tennessee Valley Authority","OTH","Other",46,"megawatthours"
"2026-09-10T19","TVA","Tennessee Valley Authority","PS","Pumped storage",1113,"megawatthours"
"2026-09-10T19","TVA","Tennessee Valley Authority","SNB","Solar with integrated battery storage",400,"megawatthours"
"2026-09-10T19","TVA","Tennessee Valley Authority","SUN","Solar",917,"megawatthours"
"2026-09-10T19","TVA","Tennessee Valley Authority","UNK","Unknown",0,"megawatthours"
"2026-09-10T19","TVA","Tennessee Valley Authority","WAT","Hydro",2764,"megawatthours"
"2026-09-10T19","TVA","Tennessee Valley Authority","WNB","Wind with integrated battery storage",0,"megawatthours"
"2026-09-10T19","TVA","Tennessee Valley Authority","WND","Wind",0,"megawatthours"
"2026-09-10T19","US48","United States Lower 48","BAT","Battery storage",-1193,"megawatthours"
"2026-09-10T19","US48","United States Lower 48","COL","Coal",112591,"megawatthours"
"2026-09-10T19","US48","United States Lower 48","GEO","Geothermal",1173,"megawatthours"
"2026-09-10T19","US48","United States Lower 48","NG","Natural Gas",274787,"megawatthours"
"2026-09-10T19","US48","United States Lower 48","NUC","Nuclear",92655,"megawatthours"
"2026-09-10T19","US48","United States Lower 48","OES","Other energy storage",0,"megawatthours"
"2026-09-10T19","US48","United States Lower 48","OIL","Petroleum",2055,"megawatthours"
"2026-09-10T19","US48","United States Lower 48","OTH","Other",2386,"megawatthours"
"2026-09-10T19","US48","United States Lower 48","PS","Pumped storage",2409,"megawatthours"
"2026-09-10T19","US48","United States Lower 48","SNB","Solar with integrated battery storage",1402,"megawatthours"
"2026-09-10T19","US48","United States Lower 48","SUN","Solar",104775,"megawatthours"
"2026-09-10T19","US48","United States Lower 48","UES","Unknown energy storage",-1639,"megawatthours"
"2026-09-10T19","US48","United States Lower 48","UNK","Unknown",0,"megawatthours"
"2026-09-10T19","US48","United States Lower 48","WAT","Hydro",25069,"megawatthours"
"2026-09-10T19","US48","United States Lower 48","WNB","Wind with integrated battery storage",0,"megawatthours"
"2026-09-10T19","US48","United States Lower 48","WND","Wind",32900,"megawatthours"
"2026-09-10T19","WALC","Western Area Power Administration - Desert Southwest Region","NG","Natural Gas",676,"megawatthours"
"2026-09-10T19","WALC","Western Area Power Administration - Desert Southwest Region","SNB","Solar with integrated battery storage",85,"megawatthours"
"2026-09-10T19","WALC","Western Area Power Administration - Desert Southwest Region","SUN","Solar",42,"megawatthours"
"2026-09-10T19","WALC","Western Area Power Administration - Desert Southwest Region","WAT","Hydro",100,"megawatthours"
"2026-09-10T19","WALC","Western Area Power Administration - Desert Southwest Region","WND","Wind",0,"megawatthours"
"2026-09-10T19","YAD","Alcoa Power Generating, Inc. - Yadkin Division","WAT","Hydro",1,"megawatthours"
"2026-09-10T18","AECI","Associated Electric Cooperative, Inc.","COL","Coal",951,"megawatthours"
"2026-09-10T18","AECI","Associated Electric Cooperative, Inc.","NG","Natural Gas",1419,"megawatthours"
"2026-09-10T18","AECI","Associated Electric Cooperative, Inc.","WND","Wind",30,"megawatthours"
"2026-09-10T18","AVA","Avista Corporation","NG","Natural Gas",357,"megawatthours"
"2026-09-10T18","AVA","Avista Corporation","OTH","Other",115,"megawatthours"
"2026-09-10T18","AVA","Avista Corporation","SUN","Solar",6,"megawatthours"
"2026-09-10T18","AVA","Avista Corporation","WAT","Hydro",208,"megawatthours"
"2026-09-10T18","AVA","Avista Corporation","WND","Wind",101,"megawatthours"
"2026-09-10T18","AVRN","Avangrid Renewables, LLC","NG","Natural Gas",467,"megawatthours"
"2026-09-10T18","AVRN","Avangrid Renewables, LLC","SUN","Solar",0,"megawatthours"
"2026-09-10T18","AVRN","Avangrid Renewables, LLC","WAT","Hydro",0,"megawatthours"
"2026-09-10T18","AVRN","Avangrid Renewables, LLC","WND","Wind",1553,"megawatthours"
"2026-09-10T18","AZPS","Arizona Public Service Company","BAT","Battery storage",0,"megawatthours"
"2026-09-10T18","AZPS","Arizona Public Service Company","COL","Coal",1018,"megawatthours"
"2026-09-10T18","AZPS","Arizona Public Service Company","NG","Natural Gas",1147,"megawatthours"
"2026-09-10T18","AZPS","Arizona Public Service Company","NUC","Nuclear",0,"megawatthours"
"2026-09-10T18","AZPS","Arizona Public Service Company","OIL","Petroleum",0,"megawatthours"
"2026-09-10T18","AZPS","Arizona Public Service Company","OTH","Other",28,"megawatthours"
"2026-09-10T18","AZPS","Arizona Public Service Company","SUN","Solar",2350,"megawatthours"
"2026-09-10T18","AZPS","Arizona Public Service Company","UES","Unknown energy storage",-2319,"megawatthours"
"2026-09-10T18","AZPS","Arizona Public Service Company","WAT","Hydro",0,"megawatthours"
"2026-09-10T18","AZPS","Arizona Public Service Company","WND","Wind",29,"megawatthours"
"2026-09-10T18","BANC","Balancing Authority of Northern California","NG","Natural Gas",1303,"megawatthours"
"2026-09-10T18","BANC","Balancing Authority of Northern California","OTH","Other",9,"megawatthours"
"2026-09-10T18","BANC","Balancing Authority of Northern California","SUN","Solar",271,"megawatthours"
"2026-09-10T18","BANC","Balancing Authority of Northern California","WAT","Hydro",284,"megawatthours"
"2026-09-10T18","BHBA","Black Hills Energy","COL","Coal",705,"megawatthours"
"2026-09-10T18","BHBA","Black Hills Energy","NG","Natural Gas",103,"megawatthours"
"2026-09-10T18","BHBA","Black Hills Energy","OIL","Petroleum",0,"megawatthours"
"2026-09-10T18","BHBA","Black Hills Energy","SUN","Solar",215,"megawatthours"
"2026-09-10T18","BHBA","Black Hills Energy","WAT","Hydro",2,"megawatthours"
"2026-09-10T18","BHBA","Black Hills Energy","WND","Wind",95,"megawatthours"
"2026-09-10T18","BPAT","Bonneville Power Administration","NG","Natural Gas",1020,"megawatthours"
"2026-09-10T18","BPAT","Bonneville Power Administration","NUC","Nuclear",1128,"megawatthours"
"2026-09-10T18","BPAT","Bonneville Power Administration","OTH","Other",102,"megawatthours"
"2026-09-10T18","BPAT","Bonneville Power Administration","SNB","Solar with integrated battery storage",45,"megawatthours"
"2026-09-10T18","BPAT","Bonneville Power Administration","SUN","Solar",289,"megawatthours"
"2026-09-10T18","BPAT","Bonneville Power Administration","WAT","Hydro",3993,"megawatthours"
"2026-09-10T18","BPAT","Bonneville Power Administration","WND","Wind",1669,"megawatthours"
"2026-09-10T18","CAL","California","BAT","Battery storage",-23,"megawatthours"
"2026-09-10T18","CAL","California","COL","Coal",0,"megawatthours"
"2026-09-10T18","CAL","California","GEO","Geothermal",1135,"megawatthours"
"2026-09-10T18","CAL","California","NG","Natural Gas",15072,"megawatthours"
"2026-09-10T18","CAL","California","NUC","Nuclear",2225,"megawatthours"
"2026-09-10T18","CAL","California","OIL","Petroleum",18,"megawatthours"
"2026-09-10T18","CAL","California","OTH","Other",-8110,"megawatthours"
"2026-09-10T18","CAL","California","PS","Pumped storage",0,"megawatthours"
"2026-09-10T18","CAL","California","SNB","Solar with integrated battery storage",396,"megawatthours"
"2026-09-10T18","CAL","California","SUN","Solar",20538,"megawatthours"
"2026-09-10T18","CAL","California","WAT","Hydro",2367,"megawatthours"
"2026-09-10T18","CAL","California","WND","Wind",2074,"megawatthours"
"2026-09-10T18","CAR","Carolinas","BAT","Battery storage",-8,"megawatthours"
"2026-09-10T18","CAR","Carolinas","COL","Coal",8247,"megawatthours"
"2026-09-10T18","CAR","Carolinas","NG","Natural Gas",10259,"megawatthours"
"2026-09-10T18","CAR","Carolinas","NUC","Nuclear",10565,"megawatthours"
"2026-09-10T18","CAR","Carolinas","OIL","Petroleum",1,"megawatthours"
