"period","fromba","fromba-name","toba","toba-name","value","value-units"
"2026-09-28T06","AVA","Avista Corporation","BPAT","Bonneville Power Administration",-152,"megawatthours"
"2026-09-28T06","AVA","Avista Corporation","CHPD","Public Utility District No. 1 of Chelan County",-23,"megawatthours"
"2026-09-28T06","AVA","Avista Corporation","GCPD","Public Utility District No. 2 of Grant County, Washington",-28,"megawatthours"
"2026-09-28T06","AVA","Avista Corporation","IPCO","Idaho Power Company",-43,"megawatthours"
"2026-09-28T06","AVA","Avista Corporation","NWMT","NorthWestern Corporation",-102,"megawatthours"
"2026-09-28T06","AVA","Avista Corporation","PACW","PacifiCorp West",123,"megawatthours"
"2026-09-28T06","BANC","Balancing Authority of Northern California","BPAT","Bonneville Power Administration",-566,"megawatthours"
"2026-09-28T06","BANC","Balancing Authority of Northern California","CISO","California Independent System Operator",645,"megawatthours"
"2026-09-28T06","BANC","Balancing Authority of Northern California","TIDC","Turlock Irrigation District",-73,"megawatthours"
"2026-09-28T06","CAL","California","NW","Northwest",-566,"megawatthours"
"2026-09-28T06","CHPD","Public Utility District No. 1 of Chelan County","AVA","Avista Corporation",23,"megawatthours"
"2026-09-28T06","CHPD","Public Utility District No. 1 of Chelan County","BPAT","Bonneville Power Administration",592,"megawatthours"
"2026-09-28T06","CHPD","Public Utility District No. 1 of Chelan County","DOPD","PUD No. 1 of Douglas County",396,"megawatthours"
"2026-09-28T06","CHPD","Public Utility District No. 1 of Chelan County","PSEI","Puget Sound Energy, Inc.",149,"megawatthours"
"2026-09-28T06","EPE","El Paso Electric Company","PNM","Public Service Company of New Mexico",-429,"megawatthours"
"2026-09-28T06","EPE","El Paso Electric Company","SWPP","Southwest Power Pool",0,"megawatthours"
"2026-09-28T06","EPE","El Paso Electric Company","TEPC","Tucson Electric Power",235,"megawatthours"
"2026-09-28T06","GCPD","Public Utility District No. 2 of Grant County, Washington","AVA","Avista Corporation",28,"megawatthours"
"2026-09-28T06","GCPD","Public Utility District No. 2 of Grant County, Washington","BPAT","Bonneville Power Administration",173,"megawatthours"
"2026-09-28T06","GCPD","Public Utility District No. 2 of Grant County, Washington","PACW","PacifiCorp West",72,"megawatthours"
"2026-09-28T06","GCPD","Public Utility District No. 2 of Grant County, Washington","PSEI","Puget Sound Energy, Inc.",9,"megawatthours"
"2026-09-28T06","NEVP","Nevada Power Company","BPAT","Bonneville Power Administration",-160,"megawatthours"
"2026-09-28T06","NEVP","Nevada Power Company","CISO","California Independent System Operator",1594,"megawatthours"
"2026-09-28T06","NEVP","Nevada Power Company","IPCO","Idaho Power Company",-382,"megawatthours"
"2026-09-28T06","NEVP","Nevada Power Company","LDWP","Los Angeles Department of Water and Power",-1078,"megawatthours"
"2026-09-28T06","NEVP","Nevada Power Company","PACE","PacifiCorp East",-384,"megawatthours"
"2026-09-28T06","NEVP","Nevada Power Company","WALC","Western Area Power Administration - Desert Southwest Region",-143,"megawatthours"
"2026-09-28T06","PGE","Portland General Electric Company","BPAT","Bonneville Power Administration",-1146,"megawatthours"
"2026-09-28T06","PGE","Portland General Electric Company","PACW","PacifiCorp West",-77,"megawatthours"
"2026-09-28T06","PNM","Public Service Company of New Mexico","AZPS","Arizona Public Service Company",-83,"megawatthours"
"2026-09-28T06","PNM","Public Service Company of New Mexico","EPE","El Paso Electric Company",429,"megawatthours"
"2026-09-28T06","PNM","Public Service Company of New Mexico","GRID","Gridforce Energy Management, LLC",-107,"megawatthours"
"2026-09-28T06","PNM","Public Service Company of New Mexico","PSCO","Public Service Company of Colorado",-130,"megawatthours"
"2026-09-28T06","PNM","Public Service Company of New Mexico","SWPP","Southwest Power Pool",0,"megawatthours"
"2026-09-28T06","PNM","Public Service Company of New Mexico","SWPW","Southwest Power Pool West Balancing Authority Area",-150,"megawatthours"
"2026-09-28T06","PNM","Public Service Company of New Mexico","TEPC","Tucson Electric Power",-78,"megawatthours"
"2026-09-28T06","SRP","Salt River Project Agricultural Improvement and Power District","AZPS","Arizona Public Service Company",4853,"megawatthours"
"2026-09-28T06","SRP","Salt River Project Agricultural Improvement and Power District","CISO","California Independent System Operator",1934,"megawatthours"
"2026-09-28T06","SRP","Salt River Project Agricultural Improvement and Power District","DEAA","Arlington Valley, LLC",-516,"megawatthours"
"2026-09-28T06","SRP","Salt River Project Agricultural Improvement and Power District","GRID","Gridforce Energy Management, LLC",-619,"megawatthours"
"2026-09-28T06","SRP","Salt River Project Agricultural Improvement and Power District","TEPC","Tucson Electric Power",-1008,"megawatthours"
"2026-09-28T06","SRP","Salt River Project Agricultural Improvement and Power District","WALC","Western Area Power Administration - Desert Southwest Region",-59,"megawatthours"
"2026-09-28T06","SW","Southwest","CAL","California",3394,"megawatthours"
"2026-09-28T06","SW","Southwest","CENT","Central",0,"megawatthours"
"2026-09-28T06","SW","Southwest","NW","Northwest",-1306,"megawatthours"
"2026-09-28T06","TEPC","Tucson Electric Power","AZPS","Arizona Public Service Company",-22,"megawatthours"
"2026-09-28T06","TEPC","Tucson Electric Power","EPE","El Paso Electric Company",-235,"megawatthours"
"2026-09-28T06","TEPC","Tucson Electric Power","PNM","Public Service Company of New Mexico",78,"megawatthours"
"2026-09-28T06","TEPC","Tucson Electric Power","SRP","Salt River Project Agricultural Improvement and Power District",1008,"megawatthours"
"2026-09-28T06","TEPC","Tucson Electric Power","WALC","Western Area Power Administration - Desert Southwest Region",-287,"megawatthours"
"2026-09-28T06","TIDC","Turlock Irrigation District","BANC","Balancing Authority of Northern California",73,"megawatthours"
"2026-09-28T06","TIDC","Turlock Irrigation District","CISO","California Independent System Operator",-127,"megawatthours"
"2026-09-28T06","TPWR","City of Tacoma, Department of Public Utilities, Light Division","BPAT","Bonneville Power Administration",-306,"megawatthours"
"2026-09-28T06","TPWR","City of Tacoma, Department of Public Utilities, Light Division","PSEI","Puget Sound Energy, Inc.",35,"megawatthours"
"2026-09-28T06","WALC","Western Area Power Administration - Desert Southwest Region","AZPS","Arizona Public Service Company",-642,"megawatthours"
"2026-09-28T06","WALC","Western Area Power Administration - Desert Southwest Region","CISO","California Independent System Operator",299,"megawatthours"
"2026-09-28T06","WALC","Western Area Power Administration - Desert Southwest Region","GRID","Gridforce Energy Management, LLC",-269,"megawatthours"
"2026-09-28T06","WALC","Western Area Power Administration - Desert Southwest Region","IID","Imperial Irrigation District",43,"megawatthours"
"2026-09-28T06","WALC","Western Area Power Administration - Desert Southwest Region","LDWP","Los Angeles Department of Water and Power",1118,"megawatthours"
"2026-09-28T06","WALC","Western Area Power Administration - Desert Southwest Region","NEVP","Nevada Power Company",143,"megawatthours"
"2026-09-28T06","WALC","Western Area Power Administration - Desert Southwest Region","SRP","Salt River Project Agricultural Improvement and Power District",60,"megawatthours"
"2026-09-28T06","WALC","Western Area Power Administration - Desert Southwest Region","SWPW","Southwest Power Pool West Balancing Authority Area",-174,"megawatthours"
"2026-09-28T06","WALC","Western Area Power Administration - Desert Southwest Region","TEPC","Tucson Electric Power",287,"megawatthours"
"2026-09-28T05","AVA","Avista Corporation","BPAT","Bonneville Power Administration",-209,"megawatthours"
"2026-09-28T05","AVA","Avista Corporation","CHPD","Public Utility District No. 1 of Chelan County",-26,"megawatthours"
"2026-09-28T05","AVA","Avista Corporation","GCPD","Public Utility District No. 2 of Grant County, Washington",-39,"megawatthours"
"2026-09-28T05","AVA","Avista Corporation","IPCO","Idaho Power Company",-39,"megawatthours"
"2026-09-28T05","AVA","Avista Corporation","NWMT","NorthWestern Corporation",-88,"megawatthours"
"2026-09-28T05","AVA","Avista Corporation","PACW","PacifiCorp West",130,"megawatthours"
"2026-09-28T05","BANC","Balancing Authority of Northern California","BPAT","Bonneville Power Administration",-613,"megawatthours"
"2026-09-28T05","BANC","Balancing Authority of Northern California","CISO","California Independent System Operator",725,"megawatthours"
"2026-09-28T05","BANC","Balancing Authority of Northern California","TIDC","Turlock Irrigation District",-62,"megawatthours"
"2026-09-28T05","BHBA","Black Hills Energy","PACE","PacifiCorp East",154,"megawatthours"
"2026-09-28T05","BHBA","Black Hills Energy","SWPP","Southwest Power Pool",0,"megawatthours"
"2026-09-28T05","BHBA","Black Hills Energy","SWPW","Southwest Power Pool West Balancing Authority Area",-82,"megawatthours"
"2026-09-28T05","CAL","California","NW","Northwest",-613,"megawatthours"
"2026-09-28T05","CHPD","Public Utility District No. 1 of Chelan County","AVA","Avista Corporation",26,"megawatthours"
"2026-09-28T05","CHPD","Public Utility District No. 1 of Chelan County","BPAT","Bonneville Power Administration",668,"megawatthours"
"2026-09-28T05","CHPD","Public Utility District No. 1 of Chelan County","DOPD","PUD No. 1 of Douglas County",356,"megawatthours"
"2026-09-28T05","CHPD","Public Utility District No. 1 of Chelan County","PSEI","Puget Sound Energy, Inc.",171,"megawatthours"
"2026-09-28T05","EPE","El Paso Electric Company","PNM","Public Service Company of New Mexico",-441,"megawatthours"
"2026-09-28T05","EPE","El Paso Electric Company","SWPP","Southwest Power Pool",0,"megawatthours"
"2026-09-28T05","EPE","El Paso Electric Company","TEPC","Tucson Electric Power",154,"megawatthours"
"2026-09-28T05","GCPD","Public Utility District No. 2 of Grant County, Washington","AVA","Avista Corporation",39,"megawatthours"
"2026-09-28T05","GCPD","Public Utility District No. 2 of Grant County, Washington","BPAT","Bonneville Power Administration",247,"megawatthours"
"2026-09-28T05","GCPD","Public Utility District No. 2 of Grant County, Washington","PACW","PacifiCorp West",76,"megawatthours"
"2026-09-28T05","GCPD","Public Utility District No. 2 of Grant County, Washington","PSEI","Puget Sound Energy, Inc.",10,"megawatthours"
"2026-09-28T05","GWA","NaturEner Power Watch, LLC","NWMT","NorthWestern Corporation",37,"megawatthours"
"2026-09-28T05","NEVP","Nevada Power Company","BPAT","Bonneville Power Administration",-74,"megawatthours"
"2026-09-28T05","NEVP","Nevada Power Company","CISO","California Independent System Operator",1542,"megawatthours"
"2026-09-28T05","NEVP","Nevada Power Company","IPCO","Idaho Power Company",-290,"megawatthours"
"2026-09-28T05","NEVP","Nevada Power Company","LDWP","Los Angeles Department of Water and Power",-1165,"megawatthours"
"2026-09-28T05","NEVP","Nevada Power Company","PACE","PacifiCorp East",-419,"megawatthours"
"2026-09-28T05","NEVP","Nevada Power Company","WALC","Western Area Power Administration - Desert Southwest Region",-222,"megawatthours"
"2026-09-28T05","NW","Northwest","CAL","California",377,"megawatthours"
"2026-09-28T05","NW","Northwest","CENT","Central",0,"megawatthours"
"2026-09-28T05","NW","Northwest","SW","Southwest",-222,"megawatthours"
"2026-09-28T05","PGE","Portland General Electric Company","BPAT","Bonneville Power Administration",-1194,"megawatthours"
"2026-09-28T05","PGE","Portland General Electric Company","PACW","PacifiCorp West",-79,"megawatthours"
"2026-09-28T05","PNM","Public Service Company of New Mexico","AZPS","Arizona Public Service Company",58,"megawatthours"
"2026-09-28T05","PNM","Public Service Company of New Mexico","EPE","El Paso Electric Company",441,"megawatthours"
"2026-09-28T05","PNM","Public Service Company of New Mexico","GRID","Gridforce Energy Management, LLC",-79,"megawatthours"
"2026-09-28T05","PNM","Public Service Company of New Mexico","PSCO","Public Service Company of Colorado",-108,"megawatthours"
"2026-09-28T05","PNM","Public Service Company of New Mexico","SWPP","Southwest Power Pool",0,"megawatthours"
"2026-09-28T05","PNM","Public Service Company of New Mexico","SWPW","Southwest Power Pool West Balancing Authority Area",-21,"megawatthours"
"2026-09-28T05","PNM","Public Service Company of New Mexico","TEPC","Tucson Electric Power",-1,"megawatthours"
"2026-09-28T05","SRP","Salt River Project Agricultural Improvement and Power District","AZPS","Arizona Public Service Company",4602,"megawatthours"
"2026-09-28T05","SRP","Salt River Project Agricultural Improvement and Power District","CISO","California Independent System Operator",1767,"megawatthours"
"2026-09-28T05","SRP","Salt River Project Agricultural Improvement and Power District","DEAA","Arlington Valley, LLC",-515,"megawatthours"
"2026-09-28T05","SRP","Salt River Project Agricultural Improvement and Power District","GRID","Gridforce Energy Management, LLC",-620,"megawatthours"
"2026-09-28T05","SRP","Salt River Project Agricultural Improvement and Power District","TEPC","Tucson Electric Power",-1056,"megawatthours"
"2026-09-28T05","SRP","Salt River Project Agricultural Improvement and Power District","WALC","Western Area Power Administration - Desert Southwest Region",-43,"megawatthours"
"2026-09-28T05","SW","Southwest","CAL","California",3280,"megawatthours"
"2026-09-28T05","SW","Southwest","CENT","Central",0,"megawatthours"
"2026-09-28T05","SW","Southwest","NW","Northwest",-1076,"megawatthours"
"2026-09-28T05","TEPC","Tucson Electric Power","AZPS","Arizona Public Service Company",-105,"megawatthours"
"2026-09-28T05","TEPC","Tucson Electric Power","EPE","El Paso Electric Company",-154,"megawatthours"
"2026-09-28T05","TEPC","Tucson Electric Power","PNM","Public Service Company of New Mexico",1,"megawatthours"
"2026-09-28T05","TEPC","Tucson Electric Power","SRP","Salt River Project Agricultural Improvement and Power District",1056,"megawatthours"
"2026-09-28T05","TEPC","Tucson Electric Power","WALC","Western Area Power Administration - Desert Southwest Region",-287,"megawatthours"
"2026-09-28T05","TIDC","Turlock Irrigation District","BANC","Balancing Authority of Northern California",62,"megawatthours"
"2026-09-28T05","TIDC","Turlock Irrigation District","CISO","California Independent System Operator",-124,"megawatthours"
"2026-09-28T05","TPWR","City of Tacoma, Department of Public Utilities, Light Division","BPAT","Bonneville Power Administration",-284,"megawatthours"
"2026-09-28T05","TPWR","City of Tacoma, Department of Public Utilities, Light Division","PSEI","Puget Sound Energy, Inc.",40,"megawatthours"
"2026-09-28T05","WALC","Western Area Power Administration - Desert Southwest Region","AZPS","Arizona Public Service Company",-776,"megawatthours"
"2026-09-28T05","WALC","Western Area Power Administration - Desert Southwest Region","CISO","California Independent System Operator",262,"megawatthours"
"2026-09-28T05","WALC","Western Area Power Administration - Desert Southwest Region","GRID","Gridforce Energy Management, LLC",-252,"megawatthours"
"2026-09-28T05","WALC","Western Area Power Administration - Desert Southwest Region","IID","Imperial Irrigation District",37,"megawatthours"
"2026-09-28T05","WALC","Western Area Power Administration - Desert Southwest Region","LDWP","Los Angeles Department of Water and Power",1214,"megawatthours"
"2026-09-28T05","WALC","Western Area Power Administration - Desert Southwest Region","NEVP","Nevada Power Company",222,"megawatthours"
"2026-09-28T05","WALC","Western Area Power Administration - Desert Southwest Region","SRP","Salt River Project Agricultural Improvement and Power District",42,"megawatthours"
"2026-09-28T05","WALC","Western Area Power Administration - Desert Southwest Region","SWPW","Southwest Power Pool West Balancing Authority Area",-218,"megawatthours"
"2026-09-28T05","WALC","Western Area Power Administration - Desert Southwest Region","TEPC","Tucson Electric Power",287,"megawatthours"
"2026-09-28T04","AECI","Associated Electric Cooperative, Inc.","MISO","Midcontinent Independent System Operator, Inc.",305,"megawatthours"
"2026-09-28T04","AECI","Associated Electric Cooperative, Inc.","SIKE","Sikeston Board of Municipal Utilities",-33,"megawatthours"
"2026-09-28T04","AECI","Associated Electric Cooperative, Inc.","SPA","Southwestern Power Administration",-27,"megawatthours"
"2026-09-28T04","AECI","Associated Electric Cooperative, Inc.","SWPP","Southwest Power Pool",49,"megawatthours"
"2026-09-28T04","AECI","Associated Electric Cooperative, Inc.","TVA","Tennessee Valley Authority",174,"megawatthours"
"2026-09-28T04","AVA","Avista Corporation","BPAT","Bonneville Power Administration",-279,"megawatthours"
"2026-09-28T04","AVA","Avista Corporation","CHPD","Public Utility District No. 1 of Chelan County",-24,"megawatthours"
"2026-09-28T04","AVA","Avista Corporation","GCPD","Public Utility District No. 2 of Grant County, Washington",-54,"megawatthours"
"2026-09-28T04","AVA","Avista Corporation","IPCO","Idaho Power Company",5,"megawatthours"
"2026-09-28T04","AVA","Avista Corporation","NWMT","NorthWestern Corporation",-62,"megawatthours"
"2026-09-28T04","AVA","Avista Corporation","PACW","PacifiCorp West",137,"megawatthours"
"2026-09-28T04","BANC","Balancing Authority of Northern California","BPAT","Bonneville Power Administration",-614,"megawatthours"
"2026-09-28T04","BANC","Balancing Authority of Northern California","CISO","California Independent System Operator",655,"megawatthours"
"2026-09-28T04","BANC","Balancing Authority of Northern California","TIDC","Turlock Irrigation District",-83,"megawatthours"
"2026-09-28T04","BHBA","Black Hills Energy","PACE","PacifiCorp East",155,"megawatthours"
"2026-09-28T04","BHBA","Black Hills Energy","SWPP","Southwest Power Pool",0,"megawatthours"
"2026-09-28T04","BHBA","Black Hills Energy","SWPW","Southwest Power Pool West Balancing Authority Area",-109,"megawatthours"
"2026-09-28T04","CAL","California","NW","Northwest",-614,"megawatthours"
"2026-09-28T04","CAR","Carolinas","MIDA","Mid-Atlantic",1157,"megawatthours"
"2026-09-28T04","CAR","Carolinas","SE","Southeast",-1365,"megawatthours"
"2026-09-28T04","CAR","Carolinas","TEN","Tennessee",-206,"megawatthours"
"2026-09-28T04","CHPD","Public Utility District No. 1 of Chelan County","AVA","Avista Corporation",24,"megawatthours"
"2026-09-28T04","CHPD","Public Utility District No. 1 of Chelan County","BPAT","Bonneville Power Administration",667,"megawatthours"
"2026-09-28T04","CHPD","Public Utility District No. 1 of Chelan County","DOPD","PUD No. 1 of Douglas County",289,"megawatthours"
"2026-09-28T04","CHPD","Public Utility District No. 1 of Chelan County","PSEI","Puget Sound Energy, Inc.",179,"megawatthours"
"2026-09-28T04","EPE","El Paso Electric Company","PNM","Public Service Company of New Mexico",-421,"megawatthours"
"2026-09-28T04","EPE","El Paso Electric Company","SWPP","Southwest Power Pool",0,"megawatthours"
"2026-09-28T04","EPE","El Paso Electric Company","TEPC","Tucson Electric Power",84,"megawatthours"
"2026-09-28T04","GCPD","Public Utility District No. 2 of Grant County, Washington","AVA","Avista Corporation",54,"megawatthours"
"2026-09-28T04","GCPD","Public Utility District No. 2 of Grant County, Washington","BPAT","Bonneville Power Administration",318,"megawatthours"
"2026-09-28T04","GCPD","Public Utility District No. 2 of Grant County, Washington","PACW","PacifiCorp West",82,"megawatthours"
"2026-09-28T04","GCPD","Public Utility District No. 2 of Grant County, Washington","PSEI","Puget Sound Energy, Inc.",10,"megawatthours"
"2026-09-28T04","GWA","NaturEner Power Watch, LLC","NWMT","NorthWestern Corporation",44,"megawatthours"
"2026-09-28T04","LGEE","LG&E and KU Services Company as agent for Louisville Gas and Electric Company and Kentucky Utilities Company","MISO","Midcontinent Independent System Operator, Inc.",93,"megawatthours"
"2026-09-28T04","LGEE","LG&E and KU Services Company as agent for Louisville Gas and Electric Company and Kentucky Utilities Company","PJM","PJM Interconnection, LLC",-45,"megawatthours"
"2026-09-28T04","LGEE","LG&E and KU Services Company as agent for Louisville Gas and Electric Company and Kentucky Utilities Company","TVA","Tennessee Valley Authority",-209,"megawatthours"
"2026-09-28T04","NEVP","Nevada Power Company","BPAT","Bonneville Power Administration",-87,"megawatthours"
"2026-09-28T04","NEVP","Nevada Power Company","CISO","California Independent System Operator",1537,"megawatthours"
"2026-09-28T04","NEVP","Nevada Power Company","IPCO","Idaho Power Company",-309,"megawatthours"
"2026-09-28T04","NEVP","Nevada Power Company","LDWP","Los Angeles Department of Water and Power",-1067,"megawatthours"
"2026-09-28T04","NEVP","Nevada Power Company","PACE","PacifiCorp East",-365,"megawatthours"
"2026-09-28T04","NEVP","Nevada Power Company","WALC","Western Area Power Administration - Desert Southwest Region",-240,"megawatthours"
"2026-09-28T04","NW","Northwest","CAL","California",470,"megawatthours"
"2026-09-28T04","NW","Northwest","CENT","Central",0,"megawatthours"
"2026-09-28T04","NW","Northwest","SW","Southwest",-240,"megawatthours"
"2026-09-28T04","PGE","Portland General Electric Company","BPAT","Bonneville Power Administration",-961,"megawatthours"
"2026-09-28T04","PGE","Portland General Electric Company","PACW","PacifiCorp West",-87,"megawatthours"
"2026-09-28T04","PNM","Public Service Company of New Mexico","AZPS","Arizona Public Service Company",-79,"megawatthours"
"2026-09-28T04","PNM","Public Service Company of New Mexico","EPE","El Paso Electric Company",421,"megawatthours"
"2026-09-28T04","PNM","Public Service Company of New Mexico","GRID","Gridforce Energy Management, LLC",-73,"megawatthours"
"2026-09-28T04","PNM","Public Service Company of New Mexico","PSCO","Public Service Company of Colorado",-103,"megawatthours"
"2026-09-28T04","PNM","Public Service Company of New Mexico","SWPP","Southwest Power Pool",0,"megawatthours"
"2026-09-28T04","PNM","Public Service Company of New Mexico","SWPW","Southwest Power Pool West Balancing Authority Area",-25,"megawatthours"
"2026-09-28T04","PNM","Public Service Company of New Mexico","TEPC","Tucson Electric Power",-29,"megawatthours"
"2026-09-28T04","SE","Southeast","CAR","Carolinas",-147,"megawatthours"
"2026-09-28T04","SEPA","Southeastern Power Administration","DUK","Duke Energy Carolinas",8,"megawatthours"
"2026-09-28T04","SEPA","Southeastern Power Administration","SC","South Carolina Public Service Authority",-137,"megawatthours"
"2026-09-28T04","SEPA","Southeastern Power Administration","SCEG","Dominion Energy South Carolina, Inc.",-18,"megawatthours"
"2026-09-28T04","SEPA","Southeastern Power Administration","SOCO","Southern Company Services, Inc. - Trans",145,"megawatthours"
"2026-09-28T04","SIKE","Sikeston Board of Municipal Utilities","AECI","Associated Electric Cooperative, Inc.",33,"megawatthours"
"2026-09-28T04","SIKE","Sikeston Board of Municipal Utilities","MISO","Midcontinent Independent System Operator, Inc.",42,"megawatthours"
"2026-09-28T04","SIKE","Sikeston Board of Municipal Utilities","SPA","Southwestern Power Administration",79,"megawatthours"
"2026-09-28T04","SIKE","Sikeston Board of Municipal Utilities","SWPP","Southwest Power Pool",-121,"megawatthours"
"2026-09-28T04","SRP","Salt River Project Agricultural Improvement and Power District","AZPS","Arizona Public Service Company",4280,"megawatthours"
"2026-09-28T04","SRP","Salt River Project Agricultural Improvement and Power District","CISO","California Independent System Operator",1772,"megawatthours"
"2026-09-28T04","SRP","Salt River Project Agricultural Improvement and Power District","DEAA","Arlington Valley, LLC",-515,"megawatthours"
"2026-09-28T04","SRP","Salt River Project Agricultural Improvement and Power District","GRID","Gridforce Energy Management, LLC",-621,"megawatthours"
"2026-09-28T04","SRP","Salt River Project Agricultural Improvement and Power District","TEPC","Tucson Electric Power",-959,"megawatthours"
"2026-09-28T04","SRP","Salt River Project Agricultural Improvement and Power District","WALC","Western Area Power Administration - Desert Southwest Region",-118,"megawatthours"
"2026-09-28T04","SW","Southwest","CAL","California",3312,"megawatthours"
"2026-09-28T04","SW","Southwest","CENT","Central",0,"megawatthours"
"2026-09-28T04","SW","Southwest","NW","Northwest",-1026,"megawatthours"
"2026-09-28T04","TEN","Tennessee","CAR","Carolinas",206,"megawatthours"
"2026-09-28T04","TEN","Tennessee","MIDA","Mid-Atlantic",702,"megawatthours"
"2026-09-28T04","TEN","Tennessee","MIDW","Midwest",-1534,"megawatthours"
"2026-09-28T04","TEN","Tennessee","SE","Southeast",747,"megawatthours"
"2026-09-28T04","TEPC","Tucson Electric Power","AZPS","Arizona Public Service Company",-152,"megawatthours"
"2026-09-28T04","TEPC","Tucson Electric Power","EPE","El Paso Electric Company",-84,"megawatthours"
"2026-09-28T04","TEPC","Tucson Electric Power","PNM","Public Service Company of New Mexico",29,"megawatthours"
"2026-09-28T04","TEPC","Tucson Electric Power","SRP","Salt River Project Agricultural Improvement and Power District",959,"megawatthours"
"2026-09-28T04","TEPC","Tucson Electric Power","WALC","Western Area Power Administration - Desert Southwest Region",-346,"megawatthours"
"2026-09-28T04","TIDC","Turlock Irrigation District","BANC","Balancing Authority of Northern California",83,"megawatthours"
"2026-09-28T04","TIDC","Turlock Irrigation District","CISO","California Independent System Operator",-150,"megawatthours"
"2026-09-28T04","TPWR","City of Tacoma, Department of Public Utilities, Light Division","BPAT","Bonneville Power Administration",-299,"megawatthours"
"2026-09-28T04","TPWR","City of Tacoma, Department of Public Utilities, Light Division","PSEI","Puget Sound Energy, Inc.",45,"megawatthours"
"2026-09-28T04","TVA","Tennessee Valley Authority","AECI","Associated Electric Cooperative, Inc.",-172,"megawatthours"
"2026-09-28T04","TVA","Tennessee Valley Authority","CPLW","Duke Energy Progress West",33,"megawatthours"
"2026-09-28T04","TVA","Tennessee Valley Authority","DUK","Duke Energy Carolinas",173,"megawatthours"
"2026-09-28T04","TVA","Tennessee Valley Authority","LGEE","LG&E and KU Services Company as agent for Louisville Gas and Electric Company and Kentucky Utilities Company",209,"megawatthours"
"2026-09-28T04","TVA","Tennessee Valley Authority","MISO","Midcontinent Independent System Operator, Inc.",-1571,"megawatthours"
"2026-09-28T04","TVA","Tennessee Valley Authority","PJM","PJM Interconnection, LLC",702,"megawatthours"
"2026-09-28T04","TVA","Tennessee Valley Authority","SOCO","Southern Company Services, Inc. - Trans",747,"megawatthours"
"2026-09-28T04","WALC","Western Area Power Administration - Desert Southwest Region","AZPS","Arizona Public Service Company",-834,"megawatthours"
"2026-09-28T04","WALC","Western Area Power Administration - Desert Southwest Region","CISO","California Independent System Operator",283,"megawatthours"
"2026-09-28T04","WALC","Western Area Power Administration - Desert Southwest Region","GRID","Gridforce Energy Management, LLC",-248,"megawatthours"
"2026-09-28T04","WALC","Western Area Power Administration - Desert Southwest Region","IID","Imperial Irrigation District",46,"megawatthours"
"2026-09-28T04","WALC","Western Area Power Administration - Desert Southwest Region","LDWP","Los Angeles Department of Water and Power",1211,"megawatthours"
"2026-09-28T04","WALC","Western Area Power Administration - Desert Southwest Region","NEVP","Nevada Power Company",240,"megawatthours"
"2026-09-28T04","WALC","Western Area Power Administration - Desert Southwest Region","SRP","Salt River Project Agricultural Improvement and Power District",117,"megawatthours"
"2026-09-28T04","WALC","Western Area Power Administration - Desert Southwest Region","SWPW","Southwest Power Pool West Balancing Authority Area",-196,"megawatthours"
"2026-09-28T04","WALC","Western Area Power Administration - Desert Southwest Region","TEPC","Tucson Electric Power",346,"megawatthours"
"2026-09-28T03","AECI","Associated Electric Cooperative, Inc.","MISO","Midcontinent Independent System Operator, Inc.",131,"megawatthours"
"2026-09-28T03","AECI","Associated Electric Cooperative, Inc.","SIKE","Sikeston Board of Municipal Utilities",-34,"megawatthours"
"2026-09-28T03","AECI","Associated Electric Cooperative, Inc.","SPA","Southwestern Power Administration",-26,"megawatthours"
"2026-09-28T03","AECI","Associated Electric Cooperative, Inc.","SWPP","Southwest Power Pool",110,"megawatthours"
"2026-09-28T03","AECI","Associated Electric Cooperative, Inc.","TVA","Tennessee Valley Authority",168,"megawatthours"
"2026-09-28T03","AVA","Avista Corporation","BPAT","Bonneville Power Administration",-298,"megawatthours"
"2026-09-28T03","AVA","Avista Corporation","CHPD","Public Utility District No. 1 of Chelan County",-24,"megawatthours"
"2026-09-28T03","AVA","Avista Corporation","GCPD","Public Utility District No. 2 of Grant County, Washington",-66,"megawatthours"
"2026-09-28T03","AVA","Avista Corporation","IPCO","Idaho Power Company",11,"megawatthours"
"2026-09-28T03","AVA","Avista Corporation","NWMT","NorthWestern Corporation",-50,"megawatthours"
"2026-09-28T03","AVA","Avista Corporation","PACW","PacifiCorp West",142,"megawatthours"
"2026-09-28T03","BANC","Balancing Authority of Northern California","BPAT","Bonneville Power Administration",-581,"megawatthours"
"2026-09-28T03","BANC","Balancing Authority of Northern California","CISO","California Independent System Operator",541,"megawatthours"
"2026-09-28T03","BANC","Balancing Authority of Northern California","TIDC","Turlock Irrigation District",-61,"megawatthours"
"2026-09-28T03","BHBA","Black Hills Energy","PACE","PacifiCorp East",163,"megawatthours"
"2026-09-28T03","BHBA","Black Hills Energy","SWPP","Southwest Power Pool",0,"megawatthours"
"2026-09-28T03","BHBA","Black Hills Energy","SWPW","Southwest Power Pool West Balancing Authority Area",-66,"megawatthours"
"2026-09-28T03","CAL","California","NW","Northwest",-581,"megawatthours"
"2026-09-28T03","CAR","Carolinas","MIDA","Mid-Atlantic",864,"megawatthours"
"2026-09-28T03","CAR","Carolinas","SE","Southeast",-1149,"megawatthours"
"2026-09-28T03","CAR","Carolinas","TEN","Tennessee",-200,"megawatthours"
"2026-09-28T03","CHPD","Public Utility District No. 1 of Chelan County","AVA","Avista Corporation",24,"megawatthours"
"2026-09-28T03","CHPD","Public Utility District No. 1 of Chelan County","BPAT","Bonneville Power Administration",646,"megawatthours"
"2026-09-28T03","CHPD","Public Utility District No. 1 of Chelan County","DOPD","PUD No. 1 of Douglas County",324,"megawatthours"
"2026-09-28T03","CHPD","Public Utility District No. 1 of Chelan County","PSEI","Puget Sound Energy, Inc.",180,"megawatthours"
"2026-09-28T03","CPLE","Duke Energy Progress East","DUK","Duke Energy Carolinas",-467,"megawatthours"
"2026-09-28T03","CPLE","Duke Energy Progress East","PJM","PJM Interconnection, LLC",879,"megawatthours"
"2026-09-28T03","CPLE","Duke Energy Progress East","SC","South Carolina Public Service Authority",128,"megawatthours"
"2026-09-28T03","CPLE","Duke Energy Progress East","SCEG","Dominion Energy South Carolina, Inc.",-88,"megawatthours"
"2026-09-28T03","CPLE","Duke Energy Progress East","YAD","Alcoa Power Generating, Inc. - Yadkin Division",1,"megawatthours"
"2026-09-28T03","CPLW","Duke Energy Progress West","DUK","Duke Energy Carolinas",-25,"megawatthours"
"2026-09-28T03","CPLW","Duke Energy Progress West","PJM","PJM Interconnection, LLC",-102,"megawatthours"
"2026-09-28T03","CPLW","Duke Energy Progress West","TVA","Tennessee Valley Authority",-34,"megawatthours"
"2026-09-28T03","DUK","Duke Energy Carolinas","CPLE","Duke Energy Progress East",467,"megawatthours"
"2026-09-28T03","DUK","Duke Energy Carolinas","CPLW","Duke Energy Progress West",25,"megawatthours"
"2026-09-28T03","DUK","Duke Energy Carolinas","PJM","PJM Interconnection, LLC",87,"megawatthours"
"2026-09-28T03","DUK","Duke Energy Carolinas","SC","South Carolina Public Service Authority",-257,"megawatthours"
"2026-09-28T03","DUK","Duke Energy Carolinas","SCEG","Dominion Energy South Carolina, Inc.",-226,"megawatthours"
"2026-09-28T03","DUK","Duke Energy Carolinas","SEPA","Southeastern Power Administration",16,"megawatthours"
"2026-09-28T03","DUK","Duke Energy Carolinas","SOCO","Southern Company Services, Inc. - Trans",146,"megawatthours"
"2026-09-28T03","DUK","Duke Energy Carolinas","TVA","Tennessee Valley Authority",-166,"megawatthours"
"2026-09-28T03","DUK","Duke Energy Carolinas","YAD","Alcoa Power Generating, Inc. - Yadkin Division",-32,"megawatthours"
"2026-09-28T03","EPE","El Paso Electric Company","PNM","Public Service Company of New Mexico",-410,"megawatthours"
"2026-09-28T03","EPE","El Paso Electric Company","SWPP","Southwest Power Pool",0,"megawatthours"
"2026-09-28T03","EPE","El Paso Electric Company","TEPC","Tucson Electric Power",-15,"megawatthours"
"2026-09-28T03","FLA","Florida","SE","Southeast",-618,"megawatthours"
"2026-09-28T03","FMPP","Florida Municipal Power Pool","FPC","Duke Energy Florida, Inc.",219,"megawatthours"
"2026-09-28T03","FMPP","Florida Municipal Power Pool","FPL","Florida Power & Light Co.",2,"megawatthours"
"2026-09-28T03","FMPP","Florida Municipal Power Pool","JEA","JEA",-2,"megawatthours"
"2026-09-28T03","FMPP","Florida Municipal Power Pool","TEC","Tampa Electric Company",-261,"megawatthours"
"2026-09-28T03","FPC","Duke Energy Florida, Inc.","FMPP","Florida Municipal Power Pool",-211,"megawatthours"
"2026-09-28T03","FPC","Duke Energy Florida, Inc.","FPL","Florida Power & Light Co.",-899,"megawatthours"
"2026-09-28T03","FPC","Duke Energy Florida, Inc.","GVL","Gainesville Regional Utilities",6,"megawatthours"
"2026-09-28T03","FPC","Duke Energy Florida, Inc.","SEC","Seminole Electric Cooperative",-549,"megawatthours"
"2026-09-28T03","FPC","Duke Energy Florida, Inc.","SOCO","Southern Company Services, Inc. - Trans",7,"megawatthours"
"2026-09-28T03","FPC","Duke Energy Florida, Inc.","TAL","City of Tallahassee",-115,"megawatthours"
"2026-09-28T03","FPC","Duke Energy Florida, Inc.","TEC","Tampa Electric Company",285,"megawatthours"
"2026-09-28T03","FPL","Florida Power & Light Co.","FMPP","Florida Municipal Power Pool",-2,"megawatthours"
"2026-09-28T03","FPL","Florida Power & Light Co.","FPC","Duke Energy Florida, Inc.",899,"megawatthours"
"2026-09-28T03","FPL","Florida Power & Light Co.","GVL","Gainesville Regional Utilities",15,"megawatthours"
"2026-09-28T03","FPL","Florida Power & Light Co.","HST","City of Homestead",87,"megawatthours"
"2026-09-28T03","FPL","Florida Power & Light Co.","JEA","JEA",556,"megawatthours"
"2026-09-28T03","FPL","Florida Power & Light Co.","SEC","Seminole Electric Cooperative",-1230,"megawatthours"
"2026-09-28T03","FPL","Florida Power & Light Co.","SOCO","Southern Company Services, Inc. - Trans",-538,"megawatthours"
"2026-09-28T03","FPL","Florida Power & Light Co.","TEC","Tampa Electric Company",87,"megawatthours"
"2026-09-28T03","GCPD","Public Utility District No. 2 of Grant County, Washington","AVA","Avista Corporation",66,"megawatthours"
"2026-09-28T03","GCPD","Public Utility District No. 2 of Grant County, Washington","BPAT","Bonneville Power Administration",380,"megawatthours"
"2026-09-28T03","GCPD","Public Utility District No. 2 of Grant County, Washington","PACW","PacifiCorp West",86,"megawatthours"
"2026-09-28T03","GCPD","Public Utility District No. 2 of Grant County, Washington","PSEI","Puget Sound Energy, Inc.",11,"megawatthours"
"2026-09-28T03","GVL","Gainesville Regional Utilities","FPC","Duke Energy Florida, Inc.",-5,"megawatthours"
"2026-09-28T03","GVL","Gainesville Regional Utilities","FPL","Florida Power & Light Co.",-14,"megawatthours"
"2026-09-28T03","GWA","NaturEner Power Watch, LLC","NWMT","NorthWestern Corporation",55,"megawatthours"
"2026-09-28T03","HST","City of Homestead","FPL","Florida Power & Light Co.",-88,"megawatthours"
"2026-09-28T03","LGEE","LG&E and KU Services Company as agent for Louisville Gas and Electric Company and Kentucky Utilities Company","MISO","Midcontinent Independent System Operator, Inc.",66,"megawatthours"
"2026-09-28T03","LGEE","LG&E and KU Services Company as agent for Louisville Gas and Electric Company and Kentucky Utilities Company","PJM","PJM Interconnection, LLC",-91,"megawatthours"
"2026-09-28T03","LGEE","LG&E and KU Services Company as agent for Louisville Gas and Electric Company and Kentucky Utilities Company","TVA","Tennessee Valley Authority",-205,"megawatthours"
"2026-09-28T03","MIDA","Mid-Atlantic","CAR","Carolinas",-634,"megawatthours"
"2026-09-28T03","MIDA","Mid-Atlantic","MIDW","Midwest",2326,"megawatthours"
"2026-09-28T03","MIDA","Mid-Atlantic","NY","New York",1527,"megawatthours"
"2026-09-28T03","MIDA","Mid-Atlantic","TEN","Tennessee",-612,"megawatthours"
"2026-09-28T03","MIDW","Midwest","CENT","Central",44,"megawatthours"
"2026-09-28T03","MIDW","Midwest","MIDA","Mid-Atlantic",-91,"megawatthours"
"2026-09-28T03","MIDW","Midwest","TEN","Tennessee",-37,"megawatthours"
"2026-09-28T03","NEVP","Nevada Power Company","BPAT","Bonneville Power Administration",-80,"megawatthours"
"2026-09-28T03","NEVP","Nevada Power Company","CISO","California Independent System Operator",1511,"megawatthours"
"2026-09-28T03","NEVP","Nevada Power Company","IPCO","Idaho Power Company",-291,"megawatthours"
"2026-09-28T03","NEVP","Nevada Power Company","LDWP","Los Angeles Department of Water and Power",-1085,"megawatthours"
"2026-09-28T03","NEVP","Nevada Power Company","PACE","PacifiCorp East",-352,"megawatthours"
"2026-09-28T03","NEVP","Nevada Power Company","WALC","Western Area Power Administration - Desert Southwest Region",-326,"megawatthours"
"2026-09-28T03","NW","Northwest","CAL","California",426,"megawatthours"
"2026-09-28T03","NW","Northwest","CENT","Central",0,"megawatthours"
"2026-09-28T03","NW","Northwest","SW","Southwest",-326,"megawatthours"
"2026-09-28T03","PGE","Portland General Electric Company","BPAT","Bonneville Power Administration",-1081,"megawatthours"
"2026-09-28T03","PGE","Portland General Electric Company","PACW","PacifiCorp West",-94,"megawatthours"
"2026-09-28T03","PJM","PJM Interconnection, LLC","CPLE","Duke Energy Progress East",-547,"megawatthours"
"2026-09-28T03","PJM","PJM Interconnection, LLC","CPLW","Duke Energy Progress West",86,"megawatthours"
"2026-09-28T03","PJM","PJM Interconnection, LLC","DUK","Duke Energy Carolinas",-173,"megawatthours"
"2026-09-28T03","PJM","PJM Interconnection, LLC","LGEE","LG&E and KU Services Company as agent for Louisville Gas and Electric Company and Kentucky Utilities Company",27,"megawatthours"
"2026-09-28T03","PJM","PJM Interconnection, LLC","MISO","Midcontinent Independent System Operator, Inc.",2299,"megawatthours"
"2026-09-28T03","PJM","PJM Interconnection, LLC","NYIS","New York Independent System Operator",1527,"megawatthours"
"2026-09-28T03","PJM","PJM Interconnection, LLC","TVA","Tennessee Valley Authority",-612,"megawatthours"
"2026-09-28T03","PNM","Public Service Company of New Mexico","AZPS","Arizona Public Service Company",-98,"megawatthours"
"2026-09-28T03","PNM","Public Service Company of New Mexico","EPE","El Paso Electric Company",410,"megawatthours"
"2026-09-28T03","PNM","Public Service Company of New Mexico","GRID","Gridforce Energy Management, LLC",-79,"megawatthours"
"2026-09-28T03","PNM","Public Service Company of New Mexico","PSCO","Public Service Company of Colorado",-118,"megawatthours"
"2026-09-28T03","PNM","Public Service Company of New Mexico","SWPP","Southwest Power Pool",0,"megawatthours"
"2026-09-28T03","PNM","Public Service Company of New Mexico","SWPW","Southwest Power Pool West Balancing Authority Area",-89,"megawatthours"
"2026-09-28T03","PNM","Public Service Company of New Mexico","TEPC","Tucson Electric Power",-7,"megawatthours"
"2026-09-28T03","SCEG","Dominion Energy South Carolina, Inc.","CPLE","Duke Energy Progress East",88,"megawatthours"
"2026-09-28T03","SCEG","Dominion Energy South Carolina, Inc.","DUK","Duke Energy Carolinas",226,"megawatthours"
"2026-09-28T03","SCEG","Dominion Energy South Carolina, Inc.","SC","South Carolina Public Service Authority",1202,"megawatthours"
"2026-09-28T03","SCEG","Dominion Energy South Carolina, Inc.","SEPA","Southeastern Power Administration",14,"megawatthours"
"2026-09-28T03","SCEG","Dominion Energy South Carolina, Inc.","SOCO","Southern Company Services, Inc. - Trans",-1325,"megawatthours"
"2026-09-28T03","SE","Southeast","CAR","Carolinas",-175,"megawatthours"
"2026-09-28T03","SEC","Seminole Electric Cooperative","FPC","Duke Energy Florida, Inc.",557,"megawatthours"
"2026-09-28T03","SEC","Seminole Electric Cooperative","FPL","Florida Power & Light Co.",1231,"megawatthours"
"2026-09-28T03","SEC","Seminole Electric Cooperative","JEA","JEA",76,"megawatthours"
"2026-09-28T03","SEC","Seminole Electric Cooperative","TEC","Tampa Electric Company",-130,"megawatthours"
"2026-09-28T03","SEPA","Southeastern Power Administration","DUK","Duke Energy Carolinas",-16,"megawatthours"
"2026-09-28T03","SEPA","Southeastern Power Administration","SC","South Carolina Public Service Authority",-145,"megawatthours"
"2026-09-28T03","SEPA","Southeastern Power Administration","SCEG","Dominion Energy South Carolina, Inc.",-14,"megawatthours"
"2026-09-28T03","SEPA","Southeastern Power Administration","SOCO","Southern Company Services, Inc. - Trans",170,"megawatthours"
"2026-09-28T03","SIKE","Sikeston Board of Municipal Utilities","AECI","Associated Electric Cooperative, Inc.",35,"megawatthours"
"2026-09-28T03","SIKE","Sikeston Board of Municipal Utilities","MISO","Midcontinent Independent System Operator, Inc.",37,"megawatthours"
"2026-09-28T03","SIKE","Sikeston Board of Municipal Utilities","SPA","Southwestern Power Administration",81,"megawatthours"
"2026-09-28T03","SIKE","Sikeston Board of Municipal Utilities","SWPP","Southwest Power Pool",-121,"megawatthours"
"2026-09-28T03","SRP","Salt River Project Agricultural Improvement and Power District","AZPS","Arizona Public Service Company",4442,"megawatthours"
"2026-09-28T03","SRP","Salt River Project Agricultural Improvement and Power District","CISO","California Independent System Operator",1710,"megawatthours"
"2026-09-28T03","SRP","Salt River Project Agricultural Improvement and Power District","DEAA","Arlington Valley, LLC",-515,"megawatthours"
"2026-09-28T03","SRP","Salt River Project Agricultural Improvement and Power District","GRID","Gridforce Energy Management, LLC",-608,"megawatthours"
"2026-09-28T03","SRP","Salt River Project Agricultural Improvement and Power District","TEPC","Tucson Electric Power",-1022,"megawatthours"
"2026-09-28T03","SRP","Salt River Project Agricultural Improvement and Power District","WALC","Western Area Power Administration - Desert Southwest Region",-258,"megawatthours"
"2026-09-28T03","SW","Southwest","CAL","California",3274,"megawatthours"
"2026-09-28T03","SW","Southwest","CENT","Central",0,"megawatthours"
"2026-09-28T03","SW","Southwest","NW","Northwest",-1007,"megawatthours"
"2026-09-28T03","TAL","City of Tallahassee","FPC","Duke Energy Florida, Inc.",115,"megawatthours"
"2026-09-28T03","TAL","City of Tallahassee","SOCO","Southern Company Services, Inc. - Trans",-87,"megawatthours"
"2026-09-28T03","TEN","Tennessee","CAR","Carolinas",200,"megawatthours"
"2026-09-28T03","TEN","Tennessee","MIDA","Mid-Atlantic",543,"megawatthours"
"2026-09-28T03","TEN","Tennessee","MIDW","Midwest",-1234,"megawatthours"
"2026-09-28T03","TEN","Tennessee","SE","Southeast",719,"megawatthours"
"2026-09-28T03","TEPC","Tucson Electric Power","AZPS","Arizona Public Service Company",-186,"megawatthours"
"2026-09-28T03","TEPC","Tucson Electric Power","EPE","El Paso Electric Company",15,"megawatthours"
"2026-09-28T03","TEPC","Tucson Electric Power","PNM","Public Service Company of New Mexico",7,"megawatthours"
"2026-09-28T03","TEPC","Tucson Electric Power","SRP","Salt River Project Agricultural Improvement and Power District",1022,"megawatthours"
"2026-09-28T03","TEPC","Tucson Electric Power","WALC","Western Area Power Administration - Desert Southwest Region",-418,"megawatthours"
"2026-09-28T03","TIDC","Turlock Irrigation District","BANC","Balancing Authority of Northern California",61,"megawatthours"
"2026-09-28T03","TIDC","Turlock Irrigation District","CISO","California Independent System Operator",-143,"megawatthours"
"2026-09-28T03","TPWR","City of Tacoma, Department of Public Utilities, Light Division","BPAT","Bonneville Power Administration",-295,"megawatthours"
"2026-09-28T03","TPWR","City of Tacoma, Department of Public Utilities, Light Division","PSEI","Puget Sound Energy, Inc.",44,"megawatthours"
"2026-09-28T03","TVA","Tennessee Valley Authority","AECI","Associated Electric Cooperative, Inc.",-165,"megawatthours"
"2026-09-28T03","TVA","Tennessee Valley Authority","CPLW","Duke Energy Progress West",34,"megawatthours"
"2026-09-28T03","TVA","Tennessee Valley Authority","DUK","Duke Energy Carolinas",166,"megawatthours"
"2026-09-28T03","TVA","Tennessee Valley Authority","LGEE","LG&E and KU Services Company as agent for Louisville Gas and Electric Company and Kentucky Utilities Company",205,"megawatthours"
"2026-09-28T03","TVA","Tennessee Valley Authority","MISO","Midcontinent Independent System Operator, Inc.",-1274,"megawatthours"
"2026-09-28T03","TVA","Tennessee Valley Authority","PJM","PJM Interconnection, LLC",543,"megawatthours"
"2026-09-28T03","TVA","Tennessee Valley Authority","SOCO","Southern Company Services, Inc. - Trans",719,"megawatthours"
"2026-09-28T03","WALC","Western Area Power Administration - Desert Southwest Region","AZPS","Arizona Public Service Company",-1009,"megawatthours"
"2026-09-28T03","WALC","Western Area Power Administration - Desert Southwest Region","CISO","California Independent System Operator",324,"megawatthours"
"2026-09-28T03","WALC","Western Area Power Administration - Desert Southwest Region","GRID","Gridforce Energy Management, LLC",-249,"megawatthours"
"2026-09-28T03","WALC","Western Area Power Administration - Desert Southwest Region","IID","Imperial Irrigation District",51,"megawatthours"
"2026-09-28T03","WALC","Western Area Power Administration - Desert Southwest Region","LDWP","Los Angeles Department of Water and Power",1189,"megawatthours"
"2026-09-28T03","WALC","Western Area Power Administration - Desert Southwest Region","NEVP","Nevada Power Company",326,"megawatthours"
"2026-09-28T03","WALC","Western Area Power Administration - Desert Southwest Region","SRP","Salt River Project Agricultural Improvement and Power District",258,"megawatthours"
"2026-09-28T03","WALC","Western Area Power Administration - Desert Southwest Region","SWPW","Southwest Power Pool West Balancing Authority Area",-190,"megawatthours"
"2026-09-28T03","WALC","Western Area Power Administration - Desert Southwest Region","TEPC","Tucson Electric Power",418,"megawatthours"
"2026-09-28T03","YAD","Alcoa Power Generating, Inc. - Yadkin Division","CPLE","Duke Energy Progress East",-1,"megawatthours"
"2026-09-28T03","YAD","Alcoa Power Generating, Inc. - Yadkin Division","DUK","Duke Energy Carolinas",32,"megawatthours"
"2026-09-28T02","AECI","Associated Electric Cooperative, Inc.","MISO","Midcontinent Independent System Operator, Inc.",-48,"megawatthours"
"2026-09-28T02","AECI","Associated Electric Cooperative, Inc.","SIKE","Sikeston Board of Municipal Utilities",-39,"megawatthours"
"2026-09-28T02","AECI","Associated Electric Cooperative, Inc.","SPA","Southwestern Power Administration",-39,"megawatthours"
"2026-09-28T02","AECI","Associated Electric Cooperative, Inc.","SWPP","Southwest Power Pool",176,"megawatthours"
"2026-09-28T02","AECI","Associated Electric Cooperative, Inc.","TVA","Tennessee Valley Authority",155,"megawatthours"
"2026-09-28T02","AVA","Avista Corporation","BPAT","Bonneville Power Administration",-265,"megawatthours"
"2026-09-28T02","AVA","Avista Corporation","CHPD","Public Utility District No. 1 of Chelan County",-19,"megawatthours"
"2026-09-28T02","AVA","Avista Corporation","GCPD","Public Utility District No. 2 of Grant County, Washington",-53,"megawatthours"
"2026-09-28T02","AVA","Avista Corporation","IPCO","Idaho Power Company",0,"megawatthours"
"2026-09-28T02","AVA","Avista Corporation","NWMT","NorthWestern Corporation",-41,"megawatthours"
"2026-09-28T02","AVA","Avista Corporation","PACW","PacifiCorp West",126,"megawatthours"
"2026-09-28T02","BANC","Balancing Authority of Northern California","BPAT","Bonneville Power Administration",-622,"megawatthours"
"2026-09-28T02","BANC","Balancing Authority of Northern California","CISO","California Independent System Operator",709,"megawatthours"
"2026-09-28T02","BANC","Balancing Authority of Northern California","TIDC","Turlock Irrigation District",-137,"megawatthours"
"2026-09-28T02","BHBA","Black Hills Energy","PACE","PacifiCorp East",133,"megawatthours"
"2026-09-28T02","BHBA","Black Hills Energy","SWPP","Southwest Power Pool",0,"megawatthours"
"2026-09-28T02","BHBA","Black Hills Energy","SWPW","Southwest Power Pool West Balancing Authority Area",-109,"megawatthours"
"2026-09-28T02","CAL","California","NW","Northwest",-622,"megawatthours"
"2026-09-28T02","CAR","Carolinas","MIDA","Mid-Atlantic",598,"megawatthours"
"2026-09-28T02","CAR","Carolinas","SE","Southeast",-807,"megawatthours"
"2026-09-28T02","CAR","Carolinas","TEN","Tennessee",-145,"megawatthours"
"2026-09-28T02","CHPD","Public Utility District No. 1 of Chelan County","AVA","Avista Corporation",19,"megawatthours"
"2026-09-28T02","CHPD","Public Utility District No. 1 of Chelan County","BPAT","Bonneville Power Administration",511,"megawatthours"
"2026-09-28T02","CHPD","Public Utility District No. 1 of Chelan County","DOPD","PUD No. 1 of Douglas County",71,"megawatthours"
"2026-09-28T02","CHPD","Public Utility District No. 1 of Chelan County","PSEI","Puget Sound Energy, Inc.",146,"megawatthours"
"2026-09-28T02","CPLE","Duke Energy Progress East","DUK","Duke Energy Carolinas",-612,"megawatthours"
"2026-09-28T02","CPLE","Duke Energy Progress East","PJM","PJM Interconnection, LLC",639,"megawatthours"
"2026-09-28T02","CPLE","Duke Energy Progress East","SC","South Carolina Public Service Authority",81,"megawatthours"
"2026-09-28T02","CPLE","Duke Energy Progress East","SCEG","Dominion Energy South Carolina, Inc.",-95,"megawatthours"
"2026-09-28T02","CPLE","Duke Energy Progress East","YAD","Alcoa Power Generating, Inc. - Yadkin Division",-22,"megawatthours"
"2026-09-28T02","CPLW","Duke Energy Progress West","DUK","Duke Energy Carolinas",-75,"megawatthours"
"2026-09-28T02","CPLW","Duke Energy Progress West","PJM","PJM Interconnection, LLC",-90,"megawatthours"
"2026-09-28T02","CPLW","Duke Energy Progress West","TVA","Tennessee Valley Authority",-30,"megawatthours"
"2026-09-28T02","DUK","Duke Energy Carolinas","CPLE","Duke Energy Progress East",612,"megawatthours"
"2026-09-28T02","DUK","Duke Energy Carolinas","CPLW","Duke Energy Progress West",75,"megawatthours"
"2026-09-28T02","DUK","Duke Energy Carolinas","PJM","PJM Interconnection, LLC",49,"megawatthours"
"2026-09-28T02","DUK","Duke Energy Carolinas","SC","South Carolina Public Service Authority",-211,"megawatthours"
"2026-09-28T02","DUK","Duke Energy Carolinas","SCEG","Dominion Energy South Carolina, Inc.",-216,"megawatthours"
"2026-09-28T02","DUK","Duke Energy Carolinas","SEPA","Southeastern Power Administration",47,"megawatthours"
"2026-09-28T02","DUK","Duke Energy Carolinas","SOCO","Southern Company Services, Inc. - Trans",411,"megawatthours"
"2026-09-28T02","DUK","Duke Energy Carolinas","TVA","Tennessee Valley Authority",-115,"megawatthours"
"2026-09-28T02","DUK","Duke Energy Carolinas","YAD","Alcoa Power Generating, Inc. - Yadkin Division",-129,"megawatthours"
"2026-09-28T02","EPE","El Paso Electric Company","PNM","Public Service Company of New Mexico",-424,"megawatthours"
"2026-09-28T02","EPE","El Paso Electric Company","SWPP","Southwest Power Pool",0,"megawatthours"
"2026-09-28T02","EPE","El Paso Electric Company","TEPC","Tucson Electric Power",-76,"megawatthours"
"2026-09-28T02","FLA","Florida","SE","Southeast",-664,"megawatthours"
"2026-09-28T02","FMPP","Florida Municipal Power Pool","FPC","Duke Energy Florida, Inc.",236,"megawatthours"
"2026-09-28T02","FMPP","Florida Municipal Power Pool","FPL","Florida Power & Light Co.",53,"megawatthours"
"2026-09-28T02","FMPP","Florida Municipal Power Pool","JEA","JEA",-9,"megawatthours"
"2026-09-28T02","FMPP","Florida Municipal Power Pool","TEC","Tampa Electric Company",-295,"megawatthours"
"2026-09-28T02","FPC","Duke Energy Florida, Inc.","FMPP","Florida Municipal Power Pool",-227,"megawatthours"
"2026-09-28T02","FPC","Duke Energy Florida, Inc.","FPL","Florida Power & Light Co.",-1000,"megawatthours"
"2026-09-28T02","FPC","Duke Energy Florida, Inc.","GVL","Gainesville Regional Utilities",-22,"megawatthours"
"2026-09-28T02","FPC","Duke Energy Florida, Inc.","SEC","Seminole Electric Cooperative",-603,"megawatthours"
"2026-09-28T02","FPC","Duke Energy Florida, Inc.","SOCO","Southern Company Services, Inc. - Trans",-1,"megawatthours"
"2026-09-28T02","FPC","Duke Energy Florida, Inc.","TAL","City of Tallahassee",-130,"megawatthours"
"2026-09-28T02","FPC","Duke Energy Florida, Inc.","TEC","Tampa Electric Company",333,"megawatthours"
"2026-09-28T02","FPL","Florida Power & Light Co.","FMPP","Florida Municipal Power Pool",-53,"megawatthours"
"2026-09-28T02","FPL","Florida Power & Light Co.","FPC","Duke Energy Florida, Inc.",1000,"megawatthours"
"2026-09-28T02","FPL","Florida Power & Light Co.","GVL","Gainesville Regional Utilities",1,"megawatthours"
"2026-09-28T02","FPL","Florida Power & Light Co.","HST","City of Homestead",96,"megawatthours"
"2026-09-28T02","FPL","Florida Power & Light Co.","JEA","JEA",551,"megawatthours"
"2026-09-28T02","FPL","Florida Power & Light Co.","SEC","Seminole Electric Cooperative",-1260,"megawatthours"
"2026-09-28T02","FPL","Florida Power & Light Co.","SOCO","Southern Company Services, Inc. - Trans",-559,"megawatthours"
"2026-09-28T02","FPL","Florida Power & Light Co.","TEC","Tampa Electric Company",62,"megawatthours"
"2026-09-28T02","GCPD","Public Utility District No. 2 of Grant County, Washington","AVA","Avista Corporation",53,"megawatthours"
"2026-09-28T02","GCPD","Public Utility District No. 2 of Grant County, Washington","BPAT","Bonneville Power Administration",130,"megawatthours"
"2026-09-28T02","GCPD","Public Utility District No. 2 of Grant County, Washington","PACW","PacifiCorp West",83,"megawatthours"
"2026-09-28T02","GCPD","Public Utility District No. 2 of Grant County, Washington","PSEI","Puget Sound Energy, Inc.",10,"megawatthours"
"2026-09-28T02","GVL","Gainesville Regional Utilities","FPC","Duke Energy Florida, Inc.",21,"megawatthours"
"2026-09-28T02","GVL","Gainesville Regional Utilities","FPL","Florida Power & Light Co.",0,"megawatthours"
"2026-09-28T02","GWA","NaturEner Power Watch, LLC","NWMT","NorthWestern Corporation",49,"megawatthours"
"2026-09-28T02","HST","City of Homestead","FPL","Florida Power & Light Co.",-96,"megawatthours"
"2026-09-28T02","LGEE","LG&E and KU Services Company as agent for Louisville Gas and Electric Company and Kentucky Utilities Company","MISO","Midcontinent Independent System Operator, Inc.",135,"megawatthours"
"2026-09-28T02","LGEE","LG&E and KU Services Company as agent for Louisville Gas and Electric Company and Kentucky Utilities Company","PJM","PJM Interconnection, LLC",-122,"megawatthours"
"2026-09-28T02","LGEE","LG&E and KU Services Company as agent for Louisville Gas and Electric Company and Kentucky Utilities Company","TVA","Tennessee Valley Authority",-230,"megawatthours"
"2026-09-28T02","MIDA","Mid-Atlantic","CAR","Carolinas",-751,"megawatthours"
"2026-09-28T02","MIDA","Mid-Atlantic","MIDW","Midwest",2075,"megawatthours"
"2026-09-28T02","MIDA","Mid-Atlantic","NY","New York",1791,"megawatthours"
"2026-09-28T02","MIDA","Mid-Atlantic","TEN","Tennessee",-742,"megawatthours"
"2026-09-28T02","MIDW","Midwest","CENT","Central",99,"megawatthours"
"2026-09-28T02","MIDW","Midwest","MIDA","Mid-Atlantic",-122,"megawatthours"
"2026-09-28T02","MIDW","Midwest","TEN","Tennessee",-75,"megawatthours"
"2026-09-28T02","NEVP","Nevada Power Company","BPAT","Bonneville Power Administration",-80,"megawatthours"
"2026-09-28T02","NEVP","Nevada Power Company","CISO","California Independent System Operator",1472,"megawatthours"
"2026-09-28T02","NEVP","Nevada Power Company","IPCO","Idaho Power Company",-295,"megawatthours"
"2026-09-28T02","NEVP","Nevada Power Company","LDWP","Los Angeles Department of Water and Power",-1091,"megawatthours"
"2026-09-28T02","NEVP","Nevada Power Company","PACE","PacifiCorp East",-388,"megawatthours"
"2026-09-28T02","NEVP","Nevada Power Company","WALC","Western Area Power Administration - Desert Southwest Region",-306,"megawatthours"
"2026-09-28T02","NW","Northwest","CAL","California",381,"megawatthours"
"2026-09-28T02","NW","Northwest","CENT","Central",0,"megawatthours"
"2026-09-28T02","NW","Northwest","SW","Southwest",-306,"megawatthours"
"2026-09-28T02","PGE","Portland General Electric Company","BPAT","Bonneville Power Administration",-1131,"megawatthours"
"2026-09-28T02","PGE","Portland General Electric Company","PACW","PacifiCorp West",-89,"megawatthours"
"2026-09-28T02","PJM","PJM Interconnection, LLC","CPLE","Duke Energy Progress East",-619,"megawatthours"
"2026-09-28T02","PJM","PJM Interconnection, LLC","CPLW","Duke Energy Progress West",95,"megawatthours"
"2026-09-28T02","PJM","PJM Interconnection, LLC","DUK","Duke Energy Carolinas",-227,"megawatthours"
"2026-09-28T02","PJM","PJM Interconnection, LLC","LGEE","LG&E and KU Services Company as agent for Louisville Gas and Electric Company and Kentucky Utilities Company",13,"megawatthours"
"2026-09-28T02","PJM","PJM Interconnection, LLC","MISO","Midcontinent Independent System Operator, Inc.",2062,"megawatthours"
"2026-09-28T02","PJM","PJM Interconnection, LLC","NYIS","New York Independent System Operator",1791,"megawatthours"
"2026-09-28T02","PJM","PJM Interconnection, LLC","TVA","Tennessee Valley Authority",-742,"megawatthours"
"2026-09-28T02","PNM","Public Service Company of New Mexico","AZPS","Arizona Public Service Company",-113,"megawatthours"
"2026-09-28T02","PNM","Public Service Company of New Mexico","EPE","El Paso Electric Company",424,"megawatthours"
"2026-09-28T02","PNM","Public Service Company of New Mexico","GRID","Gridforce Energy Management, LLC",-61,"megawatthours"
"2026-09-28T02","PNM","Public Service Company of New Mexico","PSCO","Public Service Company of Colorado",-133,"megawatthours"
"2026-09-28T02","PNM","Public Service Company of New Mexico","SWPP","Southwest Power Pool",0,"megawatthours"
"2026-09-28T02","PNM","Public Service Company of New Mexico","SWPW","Southwest Power Pool West Balancing Authority Area",-146,"megawatthours"
"2026-09-28T02","PNM","Public Service Company of New Mexico","TEPC","Tucson Electric Power",-17,"megawatthours"
"2026-09-28T02","SCEG","Dominion Energy South Carolina, Inc.","CPLE","Duke Energy Progress East",95,"megawatthours"
"2026-09-28T02","SCEG","Dominion Energy South Carolina, Inc.","DUK","Duke Energy Carolinas",216,"megawatthours"
"2026-09-28T02","SCEG","Dominion Energy South Carolina, Inc.","SC","South Carolina Public Service Authority",1192,"megawatthours"
"2026-09-28T02","SCEG","Dominion Energy South Carolina, Inc.","SEPA","Southeastern Power Administration",12,"megawatthours"
"2026-09-28T02","SCEG","Dominion Energy South Carolina, Inc.","SOCO","Southern Company Services, Inc. - Trans",-1277,"megawatthours"
"2026-09-28T02","SE","Southeast","CAR","Carolinas",-219,"megawatthours"
"2026-09-28T02","SEC","Seminole Electric Cooperative","FPC","Duke Energy Florida, Inc.",611,"megawatthours"
"2026-09-28T02","SEC","Seminole Electric Cooperative","FPL","Florida Power & Light Co.",1260,"megawatthours"
"2026-09-28T02","SEC","Seminole Electric Cooperative","JEA","JEA",59,"megawatthours"
"2026-09-28T02","SEC","Seminole Electric Cooperative","TEC","Tampa Electric Company",-101,"megawatthours"
"2026-09-28T02","SEPA","Southeastern Power Administration","DUK","Duke Energy Carolinas",-47,"megawatthours"
"2026-09-28T02","SEPA","Southeastern Power Administration","SC","South Carolina Public Service Authority",-160,"megawatthours"
"2026-09-28T02","SEPA","Southeastern Power Administration","SCEG","Dominion Energy South Carolina, Inc.",-12,"megawatthours"
"2026-09-28T02","SEPA","Southeastern Power Administration","SOCO","Southern Company Services, Inc. - Trans",220,"megawatthours"
"2026-09-28T02","SIKE","Sikeston Board of Municipal Utilities","AECI","Associated Electric Cooperative, Inc.",39,"megawatthours"
"2026-09-28T02","SIKE","Sikeston Board of Municipal Utilities","MISO","Midcontinent Independent System Operator, Inc.",32,"megawatthours"
"2026-09-28T02","SIKE","Sikeston Board of Municipal Utilities","SPA","Southwestern Power Administration",84,"megawatthours"
"2026-09-28T02","SIKE","Sikeston Board of Municipal Utilities","SWPP","Southwest Power Pool",-122,"megawatthours"
"2026-09-28T02","SRP","Salt River Project Agricultural Improvement and Power District","AZPS","Arizona Public Service Company",4357,"megawatthours"
"2026-09-28T02","SRP","Salt River Project Agricultural Improvement and Power District","CISO","California Independent System Operator",1808,"megawatthours"
"2026-09-28T02","SRP","Salt River Project Agricultural Improvement and Power District","DEAA","Arlington Valley, LLC",-516,"megawatthours"
"2026-09-28T02","SRP","Salt River Project Agricultural Improvement and Power District","GRID","Gridforce Energy Management, LLC",-605,"megawatthours"
"2026-09-28T02","SRP","Salt River Project Agricultural Improvement and Power District","TEPC","Tucson Electric Power",-914,"megawatthours"
"2026-09-28T02","SRP","Salt River Project Agricultural Improvement and Power District","WALC","Western Area Power Administration - Desert Southwest Region",-251,"megawatthours"
"2026-09-28T02","SW","Southwest","CAL","California",3073,"megawatthours"
"2026-09-28T02","SW","Southwest","CENT","Central",0,"megawatthours"
"2026-09-28T02","SW","Southwest","NW","Northwest",-1098,"megawatthours"
"2026-09-28T02","TAL","City of Tallahassee","FPC","Duke Energy Florida, Inc.",130,"megawatthours"
"2026-09-28T02","TAL","City of Tallahassee","SOCO","Southern Company Services, Inc. - Trans",-104,"megawatthours"
"2026-09-28T02","TEN","Tennessee","CAR","Carolinas",145,"megawatthours"
"2026-09-28T02","TEN","Tennessee","MIDA","Mid-Atlantic",448,"megawatthours"
"2026-09-28T02","TEN","Tennessee","MIDW","Midwest",-683,"megawatthours"
"2026-09-28T02","TEN","Tennessee","SE","Southeast",-69,"megawatthours"
"2026-09-28T02","TEPC","Tucson Electric Power","AZPS","Arizona Public Service Company",-128,"megawatthours"
"2026-09-28T02","TEPC","Tucson Electric Power","EPE","El Paso Electric Company",76,"megawatthours"
"2026-09-28T02","TEPC","Tucson Electric Power","PNM","Public Service Company of New Mexico",17,"megawatthours"
"2026-09-28T02","TEPC","Tucson Electric Power","SRP","Salt River Project Agricultural Improvement and Power District",915,"megawatthours"
"2026-09-28T02","TEPC","Tucson Electric Power","WALC","Western Area Power Administration - Desert Southwest Region",-437,"megawatthours"
"2026-09-28T02","TIDC","Turlock Irrigation District","BANC","Balancing Authority of Northern California",137,"megawatthours"
"2026-09-28T02","TIDC","Turlock Irrigation District","CISO","California Independent System Operator",-138,"megawatthours"
"2026-09-28T02","TPWR","City of Tacoma, Department of Public Utilities, Light Division","BPAT","Bonneville Power Administration",-286,"megawatthours"
"2026-09-28T02","TPWR","City of Tacoma, Department of Public Utilities, Light Division","PSEI","Puget Sound Energy, Inc.",41,"megawatthours"
"2026-09-28T02","TVA","Tennessee Valley Authority","AECI","Associated Electric Cooperative, Inc.",-152,"megawatthours"
"2026-09-28T02","TVA","Tennessee Valley Authority","CPLW","Duke Energy Progress West",30,"megawatthours"
"2026-09-28T02","TVA","Tennessee Valley Authority","DUK","Duke Energy Carolinas",115,"megawatthours"
"2026-09-28T02","TVA","Tennessee Valley Authority","LGEE","LG&E and KU Services Company as agent for Louisville Gas and Electric Company and Kentucky Utilities Company",230,"megawatthours"
"2026-09-28T02","TVA","Tennessee Valley Authority","MISO","Midcontinent Independent System Operator, Inc.",-761,"megawatthours"
"2026-09-28T02","TVA","Tennessee Valley Authority","PJM","PJM Interconnection, LLC",448,"megawatthours"
"2026-09-28T02","TVA","Tennessee Valley Authority","SOCO","Southern Company Services, Inc. - Trans",-69,"megawatthours"
"2026-09-28T02","WALC","Western Area Power Administration - Desert Southwest Region","AZPS","Arizona Public Service Company",-801,"megawatthours"
"2026-09-28T02","WALC","Western Area Power Administration - Desert Southwest Region","CISO","California Independent System Operator",295,"megawatthours"
"2026-09-28T02","WALC","Western Area Power Administration - Desert Southwest Region","GRID","Gridforce Energy Management, LLC",-255,"megawatthours"
"2026-09-28T02","WALC","Western Area Power Administration - Desert Southwest Region","IID","Imperial Irrigation District",48,"megawatthours"
"2026-09-28T02","WALC","Western Area Power Administration - Desert Southwest Region","LDWP","Los Angeles Department of Water and Power",922,"megawatthours"
"2026-09-28T02","WALC","Western Area Power Administration - Desert Southwest Region","NEVP","Nevada Power Company",306,"megawatthours"
"2026-09-28T02","WALC","Western Area Power Administration - Desert Southwest Region","SRP","Salt River Project Agricultural Improvement and Power District",251,"megawatthours"
"2026-09-28T02","WALC","Western Area Power Administration - Desert Southwest Region","SWPW","Southwest Power Pool West Balancing Authority Area",-204,"megawatthours"
"2026-09-28T02","WALC","Western Area Power Administration - Desert Southwest Region","TEPC","Tucson Electric Power",437,"megawatthours"
"2026-09-28T02","YAD","Alcoa Power Generating, Inc. - Yadkin Division","CPLE","Duke Energy Progress East",22,"megawatthours"
"2026-09-28T02","YAD","Alcoa Power Generating, Inc. - Yadkin Division","DUK","Duke Energy Carolinas",129,"megawatthours"
"2026-09-28T01","AECI","Associated Electric Cooperative, Inc.","MISO","Midcontinent Independent System Operator, Inc.",-43,"megawatthours"
"2026-09-28T01","AECI","Associated Electric Cooperative, Inc.","SIKE","Sikeston Board of Municipal Utilities",-38,"megawatthours"
"2026-09-28T01","AECI","Associated Electric Cooperative, Inc.","SPA","Southwestern Power Administration",-87,"megawatthours"
"2026-09-28T01","AECI","Associated Electric Cooperative, Inc.","SWPP","Southwest Power Pool",79,"megawatthours"
"2026-09-28T01","AECI","Associated Electric Cooperative, Inc.","TVA","Tennessee Valley Authority",162,"megawatthours"
"2026-09-28T01","AVA","Avista Corporation","BPAT","Bonneville Power Administration",-238,"megawatthours"
"2026-09-28T01","AVA","Avista Corporation","CHPD","Public Utility District No. 1 of Chelan County",-17,"megawatthours"
"2026-09-28T01","AVA","Avista Corporation","GCPD","Public Utility District No. 2 of Grant County, Washington",-38,"megawatthours"
"2026-09-28T01","AVA","Avista Corporation","IPCO","Idaho Power Company",-7,"megawatthours"
"2026-09-28T01","AVA","Avista Corporation","NWMT","NorthWestern Corporation",-37,"megawatthours"
"2026-09-28T01","AVA","Avista Corporation","PACW","PacifiCorp West",103,"megawatthours"
"2026-09-28T01","BANC","Balancing Authority of Northern California","BPAT","Bonneville Power Administration",-380,"megawatthours"
"2026-09-28T01","BANC","Balancing Authority of Northern California","CISO","California Independent System Operator",616,"megawatthours"
"2026-09-28T01","BANC","Balancing Authority of Northern California","TIDC","Turlock Irrigation District",-291,"megawatthours"
"2026-09-28T01","BHBA","Black Hills Energy","PACE","PacifiCorp East",128,"megawatthours"
"2026-09-28T01","BHBA","Black Hills Energy","SWPP","Southwest Power Pool",0,"megawatthours"
"2026-09-28T01","BHBA","Black Hills Energy","SWPW","Southwest Power Pool West Balancing Authority Area",-98,"megawatthours"
"2026-09-28T01","CAL","California","NW","Northwest",-380,"megawatthours"
"2026-09-28T01","CAR","Carolinas","MIDA","Mid-Atlantic",667,"megawatthours"
"2026-09-28T01","CAR","Carolinas","SE","Southeast",-694,"megawatthours"
"2026-09-28T01","CAR","Carolinas","TEN","Tennessee",-99,"megawatthours"
"2026-09-28T01","CHPD","Public Utility District No. 1 of Chelan County","AVA","Avista Corporation",17,"megawatthours"
"2026-09-28T01","CHPD","Public Utility District No. 1 of Chelan County","BPAT","Bonneville Power Administration",442,"megawatthours"
"2026-09-28T01","CHPD","Public Utility District No. 1 of Chelan County","DOPD","PUD No. 1 of Douglas County",5,"megawatthours"
"2026-09-28T01","CHPD","Public Utility District No. 1 of Chelan County","PSEI","Puget Sound Energy, Inc.",140,"megawatthours"
"2026-09-28T01","CPLE","Duke Energy Progress East","DUK","Duke Energy Carolinas",-938,"megawatthours"
"2026-09-28T01","CPLE","Duke Energy Progress East","PJM","PJM Interconnection, LLC",586,"megawatthours"
"2026-09-28T01","CPLE","Duke Energy Progress East","SC","South Carolina Public Service Authority",9,"megawatthours"
"2026-09-28T01","CPLE","Duke Energy Progress East","SCEG","Dominion Energy South Carolina, Inc.",-114,"megawatthours"
"2026-09-28T01","CPLE","Duke Energy Progress East","YAD","Alcoa Power Generating, Inc. - Yadkin Division",-37,"megawatthours"
"2026-09-28T01","CPLW","Duke Energy Progress West","DUK","Duke Energy Carolinas",-103,"megawatthours"
"2026-09-28T01","CPLW","Duke Energy Progress West","PJM","PJM Interconnection, LLC",-74,"megawatthours"
"2026-09-28T01","CPLW","Duke Energy Progress West","TVA","Tennessee Valley Authority",-22,"megawatthours"
"2026-09-28T01","DUK","Duke Energy Carolinas","CPLE","Duke Energy Progress East",938,"megawatthours"
"2026-09-28T01","DUK","Duke Energy Carolinas","CPLW","Duke Energy Progress West",103,"megawatthours"
"2026-09-28T01","DUK","Duke Energy Carolinas","PJM","PJM Interconnection, LLC",155,"megawatthours"
"2026-09-28T01","DUK","Duke Energy Carolinas","SC","South Carolina Public Service Authority",-181,"megawatthours"
"2026-09-28T01","DUK","Duke Energy Carolinas","SCEG","Dominion Energy South Carolina, Inc.",-169,"megawatthours"
"2026-09-28T01","DUK","Duke Energy Carolinas","SEPA","Southeastern Power Administration",47,"megawatthours"
"2026-09-28T01","DUK","Duke Energy Carolinas","SOCO","Southern Company Services, Inc. - Trans",522,"megawatthours"
"2026-09-28T01","DUK","Duke Energy Carolinas","TVA","Tennessee Valley Authority",-77,"megawatthours"
"2026-09-28T01","DUK","Duke Energy Carolinas","YAD","Alcoa Power Generating, Inc. - Yadkin Division",-122,"megawatthours"
"2026-09-28T01","EPE","El Paso Electric Company","PNM","Public Service Company of New Mexico",-401,"megawatthours"
"2026-09-28T01","EPE","El Paso Electric Company","SWPP","Southwest Power Pool",0,"megawatthours"
"2026-09-28T01","EPE","El Paso Electric Company","TEPC","Tucson Electric Power",-121,"megawatthours"
"2026-09-28T01","FLA","Florida","SE","Southeast",-591,"megawatthours"
"2026-09-28T01","FMPP","Florida Municipal Power Pool","FPC","Duke Energy Florida, Inc.",176,"megawatthours"
"2026-09-28T01","FMPP","Florida Municipal Power Pool","FPL","Florida Power & Light Co.",107,"megawatthours"
"2026-09-28T01","FMPP","Florida Municipal Power Pool","JEA","JEA",-10,"megawatthours"
"2026-09-28T01","FMPP","Florida Municipal Power Pool","TEC","Tampa Electric Company",-291,"megawatthours"
"2026-09-28T01","FPC","Duke Energy Florida, Inc.","FMPP","Florida Municipal Power Pool",-165,"megawatthours"
"2026-09-28T01","FPC","Duke Energy Florida, Inc.","FPL","Florida Power & Light Co.",-1011,"megawatthours"
"2026-09-28T01","FPC","Duke Energy Florida, Inc.","GVL","Gainesville Regional Utilities",-21,"megawatthours"
"2026-09-28T01","FPC","Duke Energy Florida, Inc.","SEC","Seminole Electric Cooperative",-635,"megawatthours"
"2026-09-28T01","FPC","Duke Energy Florida, Inc.","SOCO","Southern Company Services, Inc. - Trans",13,"megawatthours"
"2026-09-28T01","FPC","Duke Energy Florida, Inc.","TAL","City of Tallahassee",-136,"megawatthours"
"2026-09-28T01","FPC","Duke Energy Florida, Inc.","TEC","Tampa Electric Company",323,"megawatthours"
"2026-09-28T01","FPL","Florida Power & Light Co.","FMPP","Florida Municipal Power Pool",-107,"megawatthours"
"2026-09-28T01","FPL","Florida Power & Light Co.","FPC","Duke Energy Florida, Inc.",1011,"megawatthours"
"2026-09-28T01","FPL","Florida Power & Light Co.","GVL","Gainesville Regional Utilities",-1,"megawatthours"
"2026-09-28T01","FPL","Florida Power & Light Co.","HST","City of Homestead",102,"megawatthours"
"2026-09-28T01","FPL","Florida Power & Light Co.","JEA","JEA",550,"megawatthours"
"2026-09-28T01","FPL","Florida Power & Light Co.","SEC","Seminole Electric Cooperative",-1270,"megawatthours"
"2026-09-28T01","FPL","Florida Power & Light Co.","SOCO","Southern Company Services, Inc. - Trans",-495,"megawatthours"
"2026-09-28T01","FPL","Florida Power & Light Co.","TEC","Tampa Electric Company",41,"megawatthours"
"2026-09-28T01","GCPD","Public Utility District No. 2 of Grant County, Washington","AVA","Avista Corporation",38,"megawatthours"
"2026-09-28T01","GCPD","Public Utility District No. 2 of Grant County, Washington","BPAT","Bonneville Power Administration",211,"megawatthours"
"2026-09-28T01","GCPD","Public Utility District No. 2 of Grant County, Washington","PACW","PacifiCorp West",73,"megawatthours"
"2026-09-28T01","GCPD","Public Utility District No. 2 of Grant County, Washington","PSEI","Puget Sound Energy, Inc.",6,"megawatthours"
"2026-09-28T01","GVL","Gainesville Regional Utilities","FPC","Duke Energy Florida, Inc.",23,"megawatthours"
"2026-09-28T01","GVL","Gainesville Regional Utilities","FPL","Florida Power & Light Co.",1,"megawatthours"
"2026-09-28T01","GWA","NaturEner Power Watch, LLC","NWMT","NorthWestern Corporation",44,"megawatthours"
"2026-09-28T01","HST","City of Homestead","FPL","Florida Power & Light Co.",-102,"megawatthours"
"2026-09-28T01","LGEE","LG&E and KU Services Company as agent for Louisville Gas and Electric Company and Kentucky Utilities Company","MISO","Midcontinent Independent System Operator, Inc.",241,"megawatthours"
"2026-09-28T01","LGEE","LG&E and KU Services Company as agent for Louisville Gas and Electric Company and Kentucky Utilities Company","PJM","PJM Interconnection, LLC",-12,"megawatthours"
"2026-09-28T01","LGEE","LG&E and KU Services Company as agent for Louisville Gas and Electric Company and Kentucky Utilities Company","TVA","Tennessee Valley Authority",-234,"megawatthours"
"2026-09-28T01","MIDA","Mid-Atlantic","CAR","Carolinas",-594,"megawatthours"
"2026-09-28T01","MIDA","Mid-Atlantic","MIDW","Midwest",2447,"megawatthours"
"2026-09-28T01","MIDA","Mid-Atlantic","NY","New York",2495,"megawatthours"
"2026-09-28T01","MIDA","Mid-Atlantic","TEN","Tennessee",-579,"megawatthours"
"2026-09-28T01","MIDW","Midwest","CENT","Central",-45,"megawatthours"
"2026-09-28T01","MIDW","Midwest","MIDA","Mid-Atlantic",-12,"megawatthours"
"2026-09-28T01","MIDW","Midwest","TEN","Tennessee",-72,"megawatthours"
"2026-09-28T01","NEVP","Nevada Power Company","BPAT","Bonneville Power Administration",-97,"megawatthours"
"2026-09-28T01","NEVP","Nevada Power Company","CISO","California Independent System Operator",1228,"megawatthours"
"2026-09-28T01","NEVP","Nevada Power Company","IPCO","Idaho Power Company",-324,"megawatthours"
"2026-09-28T01","NEVP","Nevada Power Company","LDWP","Los Angeles Department of Water and Power",-1238,"megawatthours"
"2026-09-28T01","NEVP","Nevada Power Company","PACE","PacifiCorp East",-330,"megawatthours"
"2026-09-28T01","NEVP","Nevada Power Company","WALC","Western Area Power Administration - Desert Southwest Region",-402,"megawatthours"
"2026-09-28T01","NW","Northwest","CAL","California",-10,"megawatthours"
"2026-09-28T01","NW","Northwest","CENT","Central",0,"megawatthours"
"2026-09-28T01","NW","Northwest","SW","Southwest",-402,"megawatthours"
"2026-09-28T01","PGE","Portland General Electric Company","BPAT","Bonneville Power Administration",-1376,"megawatthours"
"2026-09-28T01","PGE","Portland General Electric Company","PACW","PacifiCorp West",-64,"megawatthours"
"2026-09-28T01","PJM","PJM Interconnection, LLC","CPLE","Duke Energy Progress East",-719,"megawatthours"
"2026-09-28T01","PJM","PJM Interconnection, LLC","CPLW","Duke Energy Progress West",142,"megawatthours"
"2026-09-28T01","PJM","PJM Interconnection, LLC","DUK","Duke Energy Carolinas",-17,"megawatthours"
"2026-09-28T01","PJM","PJM Interconnection, LLC","LGEE","LG&E and KU Services Company as agent for Louisville Gas and Electric Company and Kentucky Utilities Company",69,"megawatthours"
"2026-09-28T01","PJM","PJM Interconnection, LLC","MISO","Midcontinent Independent System Operator, Inc.",2378,"megawatthours"
"2026-09-28T01","PJM","PJM Interconnection, LLC","NYIS","New York Independent System Operator",2495,"megawatthours"
"2026-09-28T01","PJM","PJM Interconnection, LLC","TVA","Tennessee Valley Authority",-579,"megawatthours"
"2026-09-28T01","PNM","Public Service Company of New Mexico","AZPS","Arizona Public Service Company",-206,"megawatthours"
"2026-09-28T01","PNM","Public Service Company of New Mexico","EPE","El Paso Electric Company",401,"megawatthours"
"2026-09-28T01","PNM","Public Service Company of New Mexico","GRID","Gridforce Energy Management, LLC",-61,"megawatthours"
"2026-09-28T01","PNM","Public Service Company of New Mexico","PSCO","Public Service Company of Colorado",-143,"megawatthours"
"2026-09-28T01","PNM","Public Service Company of New Mexico","SWPP","Southwest Power Pool",0,"megawatthours"
"2026-09-28T01","PNM","Public Service Company of New Mexico","SWPW","Southwest Power Pool West Balancing Authority Area",-211,"megawatthours"
"2026-09-28T01","PNM","Public Service Company of New Mexico","TEPC","Tucson Electric Power",-38,"megawatthours"
"2026-09-28T01","SCEG","Dominion Energy South Carolina, Inc.","CPLE","Duke Energy Progress East",114,"megawatthours"
"2026-09-28T01","SCEG","Dominion Energy South Carolina, Inc.","DUK","Duke Energy Carolinas",169,"megawatthours"
"2026-09-28T01","SCEG","Dominion Energy South Carolina, Inc.","SC","South Carolina Public Service Authority",1297,"megawatthours"
"2026-09-28T01","SCEG","Dominion Energy South Carolina, Inc.","SEPA","Southeastern Power Administration",-10,"megawatthours"
"2026-09-28T01","SCEG","Dominion Energy South Carolina, Inc.","SOCO","Southern Company Services, Inc. - Trans",-1253,"megawatthours"
"2026-09-28T01","SE","Southeast","CAR","Carolinas",-175,"megawatthours"
"2026-09-28T01","SEC","Seminole Electric Cooperative","FPC","Duke Energy Florida, Inc.",643,"megawatthours"
"2026-09-28T01","SEC","Seminole Electric Cooperative","FPL","Florida Power & Light Co.",1270,"megawatthours"
"2026-09-28T01","SEC","Seminole Electric Cooperative","JEA","JEA",51,"megawatthours"
"2026-09-28T01","SEC","Seminole Electric Cooperative","TEC","Tampa Electric Company",-94,"megawatthours"
"2026-09-28T01","SEPA","Southeastern Power Administration","DUK","Duke Energy Carolinas",-47,"megawatthours"
"2026-09-28T01","SEPA","Southeastern Power Administration","SC","South Carolina Public Service Authority",-138,"megawatthours"
"2026-09-28T01","SEPA","Southeastern Power Administration","SCEG","Dominion Energy South Carolina, Inc.",10,"megawatthours"
"2026-09-28T01","SEPA","Southeastern Power Administration","SOCO","Southern Company Services, Inc. - Trans",247,"megawatthours"
"2026-09-28T01","SIKE","Sikeston Board of Municipal Utilities","AECI","Associated Electric Cooperative, Inc.",38,"megawatthours"
"2026-09-28T01","SIKE","Sikeston Board of Municipal Utilities","MISO","Midcontinent Independent System Operator, Inc.",31,"megawatthours"
"2026-09-28T01","SIKE","Sikeston Board of Municipal Utilities","SPA","Southwestern Power Administration",85,"megawatthours"
"2026-09-28T01","SIKE","Sikeston Board of Municipal Utilities","SWPP","Southwest Power Pool",-122,"megawatthours"
"2026-09-28T01","SRP","Salt River Project Agricultural Improvement and Power District","AZPS","Arizona Public Service Company",4450,"megawatthours"
"2026-09-28T01","SRP","Salt River Project Agricultural Improvement and Power District","CISO","California Independent System Operator",1704,"megawatthours"
"2026-09-28T01","SRP","Salt River Project Agricultural Improvement and Power District","DEAA","Arlington Valley, LLC",-517,"megawatthours"
"2026-09-28T01","SRP","Salt River Project Agricultural Improvement and Power District","GRID","Gridforce Energy Management, LLC",-616,"megawatthours"
"2026-09-28T01","SRP","Salt River Project Agricultural Improvement and Power District","TEPC","Tucson Electric Power",-684,"megawatthours"
"2026-09-28T01","SRP","Salt River Project Agricultural Improvement and Power District","WALC","Western Area Power Administration - Desert Southwest Region",-174,"megawatthours"
"2026-09-28T01","SW","Southwest","CAL","California",2718,"megawatthours"
"2026-09-28T01","SW","Southwest","CENT","Central",0,"megawatthours"
"2026-09-28T01","SW","Southwest","NW","Northwest",-1178,"megawatthours"
"2026-09-28T01","TAL","City of Tallahassee","FPC","Duke Energy Florida, Inc.",136,"megawatthours"
"2026-09-28T01","TAL","City of Tallahassee","SOCO","Southern Company Services, Inc. - Trans",-109,"megawatthours"
"2026-09-28T01","TEN","Tennessee","CAR","Carolinas",99,"megawatthours"
"2026-09-28T01","TEN","Tennessee","MIDA","Mid-Atlantic",513,"megawatthours"
"2026-09-28T01","TEN","Tennessee","MIDW","Midwest",-348,"megawatthours"
"2026-09-28T01","TEN","Tennessee","SE","Southeast",-87,"megawatthours"
"2026-09-28T01","TEPC","Tucson Electric Power","AZPS","Arizona Public Service Company",-87,"megawatthours"
"2026-09-28T01","TEPC","Tucson Electric Power","EPE","El Paso Electric Company",121,"megawatthours"
"2026-09-28T01","TEPC","Tucson Electric Power","PNM","Public Service Company of New Mexico",38,"megawatthours"
"2026-09-28T01","TEPC","Tucson Electric Power","SRP","Salt River Project Agricultural Improvement and Power District",684,"megawatthours"
"2026-09-28T01","TEPC","Tucson Electric Power","WALC","Western Area Power Administration - Desert Southwest Region",-365,"megawatthours"
"2026-09-28T01","TIDC","Turlock Irrigation District","BANC","Balancing Authority of Northern California",291,"megawatthours"
"2026-09-28T01","TIDC","Turlock Irrigation District","CISO","California Independent System Operator",-355,"megawatthours"
"2026-09-28T01","TPWR","City of Tacoma, Department of Public Utilities, Light Division","BPAT","Bonneville Power Administration",-324,"megawatthours"
"2026-09-28T01","TPWR","City of Tacoma, Department of Public Utilities, Light Division","PSEI","Puget Sound Energy, Inc.",45,"megawatthours"
"2026-09-28T01","TVA","Tennessee Valley Authority","AECI","Associated Electric Cooperative, Inc.",-161,"megawatthours"
"2026-09-28T01","TVA","Tennessee Valley Authority","CPLW","Duke Energy Progress West",22,"megawatthours"
"2026-09-28T01","TVA","Tennessee Valley Authority","DUK","Duke Energy Carolinas",77,"megawatthours"
"2026-09-28T01","TVA","Tennessee Valley Authority","LGEE","LG&E and KU Services Company as agent for Louisville Gas and Electric Company and Kentucky Utilities Company",234,"megawatthours"
"2026-09-28T01","TVA","Tennessee Valley Authority","MISO","Midcontinent Independent System Operator, Inc.",-421,"megawatthours"
"2026-09-28T01","TVA","Tennessee Valley Authority","PJM","PJM Interconnection, LLC",513,"megawatthours"
"2026-09-28T01","TVA","Tennessee Valley Authority","SOCO","Southern Company Services, Inc. - Trans",-87,"megawatthours"
"2026-09-28T01","WALC","Western Area Power Administration - Desert Southwest Region","AZPS","Arizona Public Service Company",-646,"megawatthours"
"2026-09-28T01","WALC","Western Area Power Administration - Desert Southwest Region","CISO","California Independent System Operator",184,"megawatthours"
"2026-09-28T01","WALC","Western Area Power Administration - Desert Southwest Region","GRID","Gridforce Energy Management, LLC",-368,"megawatthours"
"2026-09-28T01","WALC","Western Area Power Administration - Desert Southwest Region","IID","Imperial Irrigation District",44,"megawatthours"
"2026-09-28T01","WALC","Western Area Power Administration - Desert Southwest Region","LDWP","Los Angeles Department of Water and Power",786,"megawatthours"
"2026-09-28T01","WALC","Western Area Power Administration - Desert Southwest Region","NEVP","Nevada Power Company",402,"megawatthours"
"2026-09-28T01","WALC","Western Area Power Administration - Desert Southwest Region","SRP","Salt River Project Agricultural Improvement and Power District",174,"megawatthours"
"2026-09-28T01","WALC","Western Area Power Administration - Desert Southwest Region","SWPW","Southwest Power Pool West Balancing Authority Area",-181,"megawatthours"
"2026-09-28T01","WALC","Western Area Power Administration - Desert Southwest Region","TEPC","Tucson Electric Power",365,"megawatthours"
"2026-09-28T01","YAD","Alcoa Power Generating, Inc. - Yadkin Division","CPLE","Duke Energy Progress East",37,"megawatthours"
"2026-09-28T01","YAD","Alcoa Power Generating, Inc. - Yadkin Division","DUK","Duke Energy Carolinas",122,"megawatthours"
"2026-09-28T00","AECI","Associated Electric Cooperative, Inc.","MISO","Midcontinent Independent System Operator, Inc.",7,"megawatthours"
"2026-09-28T00","AECI","Associated Electric Cooperative, Inc.","SIKE","Sikeston Board of Municipal Utilities",-36,"megawatthours"
"2026-09-28T00","AECI","Associated Electric Cooperative, Inc.","SPA","Southwestern Power Administration",-140,"megawatthours"
"2026-09-28T00","AECI","Associated Electric Cooperative, Inc.","SWPP","Southwest Power Pool",-58,"megawatthours"
"2026-09-28T00","AECI","Associated Electric Cooperative, Inc.","TVA","Tennessee Valley Authority",166,"megawatthours"
"2026-09-28T00","AVA","Avista Corporation","BPAT","Bonneville Power Administration",-298,"megawatthours"
"2026-09-28T00","AVA","Avista Corporation","CHPD","Public Utility District No. 1 of Chelan County",-14,"megawatthours"
"2026-09-28T00","AVA","Avista Corporation","GCPD","Public Utility District No. 2 of Grant County, Washington",-4,"megawatthours"
"2026-09-28T00","AVA","Avista Corporation","IPCO","Idaho Power Company",-49,"megawatthours"
"2026-09-28T00","AVA","Avista Corporation","NWMT","NorthWestern Corporation",-78,"megawatthours"
"2026-09-28T00","AVA","Avista Corporation","PACW","PacifiCorp West",65,"megawatthours"
"2026-09-28T00","BANC","Balancing Authority of Northern California","BPAT","Bonneville Power Administration",-145,"megawatthours"
"2026-09-28T00","BANC","Balancing Authority of Northern California","CISO","California Independent System Operator",272,"megawatthours"
"2026-09-28T00","BANC","Balancing Authority of Northern California","TIDC","Turlock Irrigation District",-470,"megawatthours"
"2026-09-28T00","BHBA","Black Hills Energy","PACE","PacifiCorp East",118,"megawatthours"
"2026-09-28T00","BHBA","Black Hills Energy","SWPP","Southwest Power Pool",0,"megawatthours"
"2026-09-28T00","BHBA","Black Hills Energy","SWPW","Southwest Power Pool West Balancing Authority Area",-50,"megawatthours"
"2026-09-28T00","CAL","California","NW","Northwest",-145,"megawatthours"
"2026-09-28T00","CAR","Carolinas","MIDA","Mid-Atlantic",552,"megawatthours"
"2026-09-28T00","CAR","Carolinas","SE","Southeast",-665,"megawatthours"
"2026-09-28T00","CAR","Carolinas","TEN","Tennessee",-126,"megawatthours"
"2026-09-28T00","CHPD","Public Utility District No. 1 of Chelan County","AVA","Avista Corporation",14,"megawatthours"
"2026-09-28T00","CHPD","Public Utility District No. 1 of Chelan County","BPAT","Bonneville Power Administration",354,"megawatthours"
"2026-09-28T00","CHPD","Public Utility District No. 1 of Chelan County","DOPD","PUD No. 1 of Douglas County",-10,"megawatthours"
"2026-09-28T00","CHPD","Public Utility District No. 1 of Chelan County","PSEI","Puget Sound Energy, Inc.",123,"megawatthours"
"2026-09-28T00","CPLE","Duke Energy Progress East","DUK","Duke Energy Carolinas",-1127,"megawatthours"
"2026-09-28T00","CPLE","Duke Energy Progress East","PJM","PJM Interconnection, LLC",465,"megawatthours"
"2026-09-28T00","CPLE","Duke Energy Progress East","SC","South Carolina Public Service Authority",17,"megawatthours"
"2026-09-28T00","CPLE","Duke Energy Progress East","SCEG","Dominion Energy South Carolina, Inc.",-116,"megawatthours"
"2026-09-28T00","CPLE","Duke Energy Progress East","YAD","Alcoa Power Generating, Inc. - Yadkin Division",-52,"megawatthours"
"2026-09-28T00","CPLW","Duke Energy Progress West","DUK","Duke Energy Carolinas",-92,"megawatthours"
"2026-09-28T00","CPLW","Duke Energy Progress West","PJM","PJM Interconnection, LLC",-86,"megawatthours"
"2026-09-28T00","CPLW","Duke Energy Progress West","TVA","Tennessee Valley Authority",-31,"megawatthours"
"2026-09-28T00","DUK","Duke Energy Carolinas","CPLE","Duke Energy Progress East",1127,"megawatthours"
"2026-09-28T00","DUK","Duke Energy Carolinas","CPLW","Duke Energy Progress West",92,"megawatthours"
"2026-09-28T00","DUK","Duke Energy Carolinas","PJM","PJM Interconnection, LLC",173,"megawatthours"
"2026-09-28T00","DUK","Duke Energy Carolinas","SC","South Carolina Public Service Authority",-176,"megawatthours"
"2026-09-28T00","DUK","Duke Energy Carolinas","SCEG","Dominion Energy South Carolina, Inc.",-126,"megawatthours"
"2026-09-28T00","DUK","Duke Energy Carolinas","SEPA","Southeastern Power Administration",50,"megawatthours"
"2026-09-28T00","DUK","Duke Energy Carolinas","SOCO","Southern Company Services, Inc. - Trans",552,"megawatthours"
"2026-09-28T00","DUK","Duke Energy Carolinas","TVA","Tennessee Valley Authority",-95,"megawatthours"
"2026-09-28T00","DUK","Duke Energy Carolinas","YAD","Alcoa Power Generating, Inc. - Yadkin Division",-102,"megawatthours"
"2026-09-28T00","EPE","El Paso Electric Company","PNM","Public Service Company of New Mexico",-278,"megawatthours"
"2026-09-28T00","EPE","El Paso Electric Company","SWPP","Southwest Power Pool",0,"megawatthours"
"2026-09-28T00","EPE","El Paso Electric Company","TEPC","Tucson Electric Power",46,"megawatthours"
"2026-09-28T00","FLA","Florida","SE","Southeast",-622,"megawatthours"
"2026-09-28T00","FMPP","Florida Municipal Power Pool","FPC","Duke Energy Florida, Inc.",132,"megawatthours"
"2026-09-28T00","FMPP","Florida Municipal Power Pool","FPL","Florida Power & Light Co.",142,"megawatthours"
"2026-09-28T00","FMPP","Florida Municipal Power Pool","JEA","JEA",-23,"megawatthours"
"2026-09-28T00","FMPP","Florida Municipal Power Pool","TEC","Tampa Electric Company",-279,"megawatthours"
"2026-09-28T00","FPC","Duke Energy Florida, Inc.","FMPP","Florida Municipal Power Pool",-122,"megawatthours"
"2026-09-28T00","FPC","Duke Energy Florida, Inc.","FPL","Florida Power & Light Co.",-1190,"megawatthours"
"2026-09-28T00","FPC","Duke Energy Florida, Inc.","GVL","Gainesville Regional Utilities",-23,"megawatthours"
"2026-09-28T00","FPC","Duke Energy Florida, Inc.","SEC","Seminole Electric Cooperative",-738,"megawatthours"
"2026-09-28T00","FPC","Duke Energy Florida, Inc.","SOCO","Southern Company Services, Inc. - Trans",10,"megawatthours"
"2026-09-28T00","FPC","Duke Energy Florida, Inc.","TAL","City of Tallahassee",-145,"megawatthours"
"2026-09-28T00","FPC","Duke Energy Florida, Inc.","TEC","Tampa Electric Company",438,"megawatthours"
"2026-09-28T00","FPL","Florida Power & Light Co.","FMPP","Florida Municipal Power Pool",-142,"megawatthours"
"2026-09-28T00","FPL","Florida Power & Light Co.","FPC","Duke Energy Florida, Inc.",1190,"megawatthours"
"2026-09-28T00","FPL","Florida Power & Light Co.","GVL","Gainesville Regional Utilities",8,"megawatthours"
"2026-09-28T00","FPL","Florida Power & Light Co.","HST","City of Homestead",104,"megawatthours"
"2026-09-28T00","FPL","Florida Power & Light Co.","JEA","JEA",582,"megawatthours"
"2026-09-28T00","FPL","Florida Power & Light Co.","SEC","Seminole Electric Cooperative",-1231,"megawatthours"
"2026-09-28T00","FPL","Florida Power & Light Co.","SOCO","Southern Company Services, Inc. - Trans",-513,"megawatthours"
"2026-09-28T00","FPL","Florida Power & Light Co.","TEC","Tampa Electric Company",-14,"megawatthours"
"2026-09-28T00","GCPD","Public Utility District No. 2 of Grant County, Washington","AVA","Avista Corporation",4,"megawatthours"
"2026-09-28T00","GCPD","Public Utility District No. 2 of Grant County, Washington","BPAT","Bonneville Power Administration",131,"megawatthours"
"2026-09-28T00","GCPD","Public Utility District No. 2 of Grant County, Washington","PACW","PacifiCorp West",62,"megawatthours"
"2026-09-28T00","GCPD","Public Utility District No. 2 of Grant County, Washington","PSEI","Puget Sound Energy, Inc.",1,"megawatthours"
"2026-09-28T00","GVL","Gainesville Regional Utilities","FPC","Duke Energy Florida, Inc.",23,"megawatthours"
"2026-09-28T00","GVL","Gainesville Regional Utilities","FPL","Florida Power & Light Co.",-8,"megawatthours"
"2026-09-28T00","GWA","NaturEner Power Watch, LLC","NWMT","NorthWestern Corporation",112,"megawatthours"
"2026-09-28T00","HST","City of Homestead","FPL","Florida Power & Light Co.",-104,"megawatthours"
"2026-09-28T00","LGEE","LG&E and KU Services Company as agent for Louisville Gas and Electric Company and Kentucky Utilities Company","MISO","Midcontinent Independent System Operator, Inc.",235,"megawatthours"
"2026-09-28T00","LGEE","LG&E and KU Services Company as agent for Louisville Gas and Electric Company and Kentucky Utilities Company","PJM","PJM Interconnection, LLC",-21,"megawatthours"
"2026-09-28T00","LGEE","LG&E and KU Services Company as agent for Louisville Gas and Electric Company and Kentucky Utilities Company","TVA","Tennessee Valley Authority",-250,"megawatthours"
"2026-09-28T00","MIDA","Mid-Atlantic","CAR","Carolinas",-305,"megawatthours"
"2026-09-28T00","MIDA","Mid-Atlantic","MIDW","Midwest",2260,"megawatthours"
"2026-09-28T00","MIDA","Mid-Atlantic","NY","New York",2818,"megawatthours"
"2026-09-28T00","MIDA","Mid-Atlantic","TEN","Tennessee",-345,"megawatthours"
"2026-09-28T00","MIDW","Midwest","CENT","Central",-235,"megawatthours"
"2026-09-28T00","MIDW","Midwest","MIDA","Mid-Atlantic",-21,"megawatthours"
"2026-09-28T00","MIDW","Midwest","TEN","Tennessee",-84,"megawatthours"
"2026-09-28T00","NEVP","Nevada Power Company","BPAT","Bonneville Power Administration",-56,"megawatthours"
"2026-09-28T00","NEVP","Nevada Power Company","CISO","California Independent System Operator",1102,"megawatthours"
"2026-09-28T00","NEVP","Nevada Power Company","IPCO","Idaho Power Company",-376,"megawatthours"
"2026-09-28T00","NEVP","Nevada Power Company","LDWP","Los Angeles Department of Water and Power",-1195,"megawatthours"
"2026-09-28T00","NEVP","Nevada Power Company","PACE","PacifiCorp East",-296,"megawatthours"
"2026-09-28T00","NEVP","Nevada Power Company","WALC","Western Area Power Administration - Desert Southwest Region",-511,"megawatthours"
"2026-09-28T00","NW","Northwest","CAL","California",-93,"megawatthours"
"2026-09-28T00","NW","Northwest","CENT","Central",0,"megawatthours"
"2026-09-28T00","NW","Northwest","SW","Southwest",-511,"megawatthours"
"2026-09-28T00","PGE","Portland General Electric Company","BPAT","Bonneville Power Administration",-1450,"megawatthours"
"2026-09-28T00","PGE","Portland General Electric Company","PACW","PacifiCorp West",-40,"megawatthours"
"2026-09-28T00","PJM","PJM Interconnection, LLC","CPLE","Duke Energy Progress East",-531,"megawatthours"
"2026-09-28T00","PJM","PJM Interconnection, LLC","CPLW","Duke Energy Progress West",152,"megawatthours"
"2026-09-28T00","PJM","PJM Interconnection, LLC","DUK","Duke Energy Carolinas",74,"megawatthours"
"2026-09-28T00","PJM","PJM Interconnection, LLC","LGEE","LG&E and KU Services Company as agent for Louisville Gas and Electric Company and Kentucky Utilities Company",52,"megawatthours"
"2026-09-28T00","PJM","PJM Interconnection, LLC","MISO","Midcontinent Independent System Operator, Inc.",2208,"megawatthours"
"2026-09-28T00","PJM","PJM Interconnection, LLC","NYIS","New York Independent System Operator",2818,"megawatthours"
"2026-09-28T00","PJM","PJM Interconnection, LLC","TVA","Tennessee Valley Authority",-345,"megawatthours"
"2026-09-28T00","PNM","Public Service Company of New Mexico","AZPS","Arizona Public Service Company",-288,"megawatthours"
"2026-09-28T00","PNM","Public Service Company of New Mexico","EPE","El Paso Electric Company",278,"megawatthours"
"2026-09-28T00","PNM","Public Service Company of New Mexico","GRID","Gridforce Energy Management, LLC",-62,"megawatthours"
"2026-09-28T00","PNM","Public Service Company of New Mexico","PSCO","Public Service Company of Colorado",-126,"megawatthours"
"2026-09-28T00","PNM","Public Service Company of New Mexico","SWPP","Southwest Power Pool",0,"megawatthours"
"2026-09-28T00","PNM","Public Service Company of New Mexico","SWPW","Southwest Power Pool West Balancing Authority Area",-142,"megawatthours"
"2026-09-28T00","PNM","Public Service Company of New Mexico","TEPC","Tucson Electric Power",-147,"megawatthours"
"2026-09-28T00","SCEG","Dominion Energy South Carolina, Inc.","CPLE","Duke Energy Progress East",116,"megawatthours"
"2026-09-28T00","SCEG","Dominion Energy South Carolina, Inc.","DUK","Duke Energy Carolinas",126,"megawatthours"
"2026-09-28T00","SCEG","Dominion Energy South Carolina, Inc.","SC","South Carolina Public Service Authority",1341,"megawatthours"
"2026-09-28T00","SCEG","Dominion Energy South Carolina, Inc.","SEPA","Southeastern Power Administration",-18,"megawatthours"
"2026-09-28T00","SCEG","Dominion Energy South Carolina, Inc.","SOCO","Southern Company Services, Inc. - Trans",-1249,"megawatthours"
"2026-09-28T00","SE","Southeast","CAR","Carolinas",-159,"megawatthours"
"2026-09-28T00","SEC","Seminole Electric Cooperative","FPC","Duke Energy Florida, Inc.",746,"megawatthours"
"2026-09-28T00","SEC","Seminole Electric Cooperative","FPL","Florida Power & Light Co.",1231,"megawatthours"
"2026-09-28T00","SEC","Seminole Electric Cooperative","JEA","JEA",16,"megawatthours"
"2026-09-28T00","SEC","Seminole Electric Cooperative","TEC","Tampa Electric Company",-132,"megawatthours"
"2026-09-28T00","SEPA","Southeastern Power Administration","DUK","Duke Energy Carolinas",-50,"megawatthours"
"2026-09-28T00","SEPA","Southeastern Power Administration","SC","South Carolina Public Service Authority",-127,"megawatthours"
"2026-09-28T00","SEPA","Southeastern Power Administration","SCEG","Dominion Energy South Carolina, Inc.",18,"megawatthours"
"2026-09-28T00","SEPA","Southeastern Power Administration","SOCO","Southern Company Services, Inc. - Trans",261,"megawatthours"
"2026-09-28T00","SIKE","Sikeston Board of Municipal Utilities","AECI","Associated Electric Cooperative, Inc.",37,"megawatthours"
"2026-09-28T00","SIKE","Sikeston Board of Municipal Utilities","MISO","Midcontinent Independent System Operator, Inc.",32,"megawatthours"
"2026-09-28T00","SIKE","Sikeston Board of Municipal Utilities","SPA","Southwestern Power Administration",86,"megawatthours"
"2026-09-28T00","SIKE","Sikeston Board of Municipal Utilities","SWPP","Southwest Power Pool",-123,"megawatthours"
"2026-09-28T00","SRP","Salt River Project Agricultural Improvement and Power District","AZPS","Arizona Public Service Company",4651,"megawatthours"
"2026-09-28T00","SRP","Salt River Project Agricultural Improvement and Power District","CISO","California Independent System Operator",1593,"megawatthours"
"2026-09-28T00","SRP","Salt River Project Agricultural Improvement and Power District","DEAA","Arlington Valley, LLC",-527,"megawatthours"
"2026-09-28T00","SRP","Salt River Project Agricultural Improvement and Power District","GRID","Gridforce Energy Management, LLC",-601,"megawatthours"
"2026-09-28T00","SRP","Salt River Project Agricultural Improvement and Power District","TEPC","Tucson Electric Power",-634,"megawatthours"
"2026-09-28T00","SRP","Salt River Project Agricultural Improvement and Power District","WALC","Western Area Power Administration - Desert Southwest Region",-52,"megawatthours"
"2026-09-28T00","SW","Southwest","CAL","California",2476,"megawatthours"
"2026-09-28T00","SW","Southwest","CENT","Central",0,"megawatthours"
"2026-09-28T00","SW","Southwest","NW","Northwest",-942,"megawatthours"
"2026-09-28T00","TAL","City of Tallahassee","FPC","Duke Energy Florida, Inc.",145,"megawatthours"
"2026-09-28T00","TAL","City of Tallahassee","SOCO","Southern Company Services, Inc. - Trans",-119,"megawatthours"
"2026-09-28T00","TEN","Tennessee","CAR","Carolinas",126,"megawatthours"
"2026-09-28T00","TEN","Tennessee","MIDA","Mid-Atlantic",610,"megawatthours"
"2026-09-28T00","TEN","Tennessee","MIDW","Midwest",-366,"megawatthours"
"2026-09-28T00","TEN","Tennessee","SE","Southeast",-1,"megawatthours"
"2026-09-28T00","TEPC","Tucson Electric Power","AZPS","Arizona Public Service Company",-16,"megawatthours"
"2026-09-28T00","TEPC","Tucson Electric Power","EPE","El Paso Electric Company",-46,"megawatthours"
"2026-09-28T00","TEPC","Tucson Electric Power","PNM","Public Service Company of New Mexico",147,"megawatthours"
"2026-09-28T00","TEPC","Tucson Electric Power","SRP","Salt River Project Agricultural Improvement and Power District",634,"megawatthours"
"2026-09-28T00","TEPC","Tucson Electric Power","WALC","Western Area Power Administration - Desert Southwest Region",-307,"megawatthours"
"2026-09-28T00","TIDC","Turlock Irrigation District","BANC","Balancing Authority of Northern California",470,"megawatthours"
"2026-09-28T00","TIDC","Turlock Irrigation District","CISO","California Independent System Operator",-544,"megawatthours"
"2026-09-28T00","TPWR","City of Tacoma, Department of Public Utilities, Light Division","BPAT","Bonneville Power Administration",-354,"megawatthours"
"2026-09-28T00","TPWR","City of Tacoma, Department of Public Utilities, Light Division","PSEI","Puget Sound Energy, Inc.",45,"megawatthours"
"2026-09-28T00","TVA","Tennessee Valley Authority","AECI","Associated Electric Cooperative, Inc.",-166,"megawatthours"
"2026-09-28T00","TVA","Tennessee Valley Authority","CPLW","Duke Energy Progress West",31,"megawatthours"
"2026-09-28T00","TVA","Tennessee Valley Authority","DUK","Duke Energy Carolinas",95,"megawatthours"
"2026-09-28T00","TVA","Tennessee Valley Authority","LGEE","LG&E and KU Services Company as agent for Louisville Gas and Electric Company and Kentucky Utilities Company",250,"megawatthours"
"2026-09-28T00","TVA","Tennessee Valley Authority","MISO","Midcontinent Independent System Operator, Inc.",-450,"megawatthours"
"2026-09-28T00","TVA","Tennessee Valley Authority","PJM","PJM Interconnection, LLC",610,"megawatthours"
"2026-09-28T00","TVA","Tennessee Valley Authority","SOCO","Southern Company Services, Inc. - Trans",-1,"megawatthours"
"2026-09-28T00","WALC","Western Area Power Administration - Desert Southwest Region","AZPS","Arizona Public Service Company",-858,"megawatthours"
"2026-09-28T00","WALC","Western Area Power Administration - Desert Southwest Region","CISO","California Independent System Operator",73,"megawatthours"
"2026-09-28T00","WALC","Western Area Power Administration - Desert Southwest Region","GRID","Gridforce Energy Management, LLC",-372,"megawatthours"
"2026-09-28T00","WALC","Western Area Power Administration - Desert Southwest Region","IID","Imperial Irrigation District",24,"megawatthours"
"2026-09-28T00","WALC","Western Area Power Administration - Desert Southwest Region","LDWP","Los Angeles Department of Water and Power",786,"megawatthours"
"2026-09-28T00","WALC","Western Area Power Administration - Desert Southwest Region","NEVP","Nevada Power Company",511,"megawatthours"
"2026-09-28T00","WALC","Western Area Power Administration - Desert Southwest Region","SRP","Salt River Project Agricultural Improvement and Power District",52,"megawatthours"
"2026-09-28T00","WALC","Western Area Power Administration - Desert Southwest Region","SWPW","Southwest Power Pool West Balancing Authority Area",-150,"megawatthours"
"2026-09-28T00","WALC","Western Area Power Administration - Desert Southwest Region","TEPC","Tucson Electric Power",307,"megawatthours"
"2026-09-28T00","YAD","Alcoa Power Generating, Inc. - Yadkin Division","CPLE","Duke Energy Progress East",52,"megawatthours"
"2026-09-28T00","YAD","Alcoa Power Generating, Inc. - Yadkin Division","DUK","Duke Energy Carolinas",102,"megawatthours"
"2026-09-27T23","AECI","Associated Electric Cooperative, Inc.","MISO","Midcontinent Independent System Operator, Inc.",-167,"megawatthours"
"2026-09-27T23","AECI","Associated Electric Cooperative, Inc.","SIKE","Sikeston Board of Municipal Utilities",-37,"megawatthours"
"2026-09-27T23","AECI","Associated Electric Cooperative, Inc.","SPA","Southwestern Power Administration",-153,"megawatthours"
"2026-09-27T23","AECI","Associated Electric Cooperative, Inc.","SWPP","Southwest Power Pool",9,"megawatthours"
"2026-09-27T23","AECI","Associated Electric Cooperative, Inc.","TVA","Tennessee Valley Authority",191,"megawatthours"
"2026-09-27T23","AVA","Avista Corporation","BPAT","Bonneville Power Administration",-447,"megawatthours"
"2026-09-27T23","AVA","Avista Corporation","CHPD","Public Utility District No. 1 of Chelan County",-14,"megawatthours"
"2026-09-27T23","AVA","Avista Corporation","GCPD","Public Utility District No. 2 of Grant County, Washington",-20,"megawatthours"
"2026-09-27T23","AVA","Avista Corporation","IPCO","Idaho Power Company",97,"megawatthours"
"2026-09-27T23","AVA","Avista Corporation","NWMT","NorthWestern Corporation",-55,"megawatthours"
"2026-09-27T23","AVA","Avista Corporation","PACW","PacifiCorp West",89,"megawatthours"
"2026-09-27T23","BANC","Balancing Authority of Northern California","BPAT","Bonneville Power Administration",-278,"megawatthours"
"2026-09-27T23","BANC","Balancing Authority of Northern California","CISO","California Independent System Operator",272,"megawatthours"
"2026-09-27T23","BANC","Balancing Authority of Northern California","TIDC","Turlock Irrigation District",-458,"megawatthours"
"2026-09-27T23","BHBA","Black Hills Energy","PACE","PacifiCorp East",171,"megawatthours"
"2026-09-27T23","BHBA","Black Hills Energy","SWPP","Southwest Power Pool",0,"megawatthours"
"2026-09-27T23","BHBA","Black Hills Energy","SWPW","Southwest Power Pool West Balancing Authority Area",-67,"megawatthours"
"2026-09-27T23","CAL","California","NW","Northwest",-278,"megawatthours"
"2026-09-27T23","CAR","Carolinas","MIDA","Mid-Atlantic",669,"megawatthours"
"2026-09-27T23","CAR","Carolinas","SE","Southeast",-789,"megawatthours"
"2026-09-27T23","CAR","Carolinas","TEN","Tennessee",-157,"megawatthours"
"2026-09-27T23","CHPD","Public Utility District No. 1 of Chelan County","AVA","Avista Corporation",14,"megawatthours"
"2026-09-27T23","CHPD","Public Utility District No. 1 of Chelan County","BPAT","Bonneville Power Administration",337,"megawatthours"
"2026-09-27T23","CHPD","Public Utility District No. 1 of Chelan County","DOPD","PUD No. 1 of Douglas County",22,"megawatthours"
"2026-09-27T23","CHPD","Public Utility District No. 1 of Chelan County","PSEI","Puget Sound Energy, Inc.",111,"megawatthours"
"2026-09-27T23","CPLE","Duke Energy Progress East","DUK","Duke Energy Carolinas",-1097,"megawatthours"
"2026-09-27T23","CPLE","Duke Energy Progress East","PJM","PJM Interconnection, LLC",537,"megawatthours"
"2026-09-27T23","CPLE","Duke Energy Progress East","SC","South Carolina Public Service Authority",13,"megawatthours"
"2026-09-27T23","CPLE","Duke Energy Progress East","SCEG","Dominion Energy South Carolina, Inc.",-126,"megawatthours"
"2026-09-27T23","CPLE","Duke Energy Progress East","YAD","Alcoa Power Generating, Inc. - Yadkin Division",-50,"megawatthours"
"2026-09-27T23","CPLW","Duke Energy Progress West","DUK","Duke Energy Carolinas",-89,"megawatthours"
"2026-09-27T23","CPLW","Duke Energy Progress West","PJM","PJM Interconnection, LLC",-95,"megawatthours"
"2026-09-27T23","CPLW","Duke Energy Progress West","TVA","Tennessee Valley Authority",-49,"megawatthours"
"2026-09-27T23","DUK","Duke Energy Carolinas","CPLE","Duke Energy Progress East",1097,"megawatthours"
"2026-09-27T23","DUK","Duke Energy Carolinas","CPLW","Duke Energy Progress West",89,"megawatthours"
"2026-09-27T23","DUK","Duke Energy Carolinas","PJM","PJM Interconnection, LLC",227,"megawatthours"
"2026-09-27T23","DUK","Duke Energy Carolinas","SC","South Carolina Public Service Authority",-214,"megawatthours"
"2026-09-27T23","DUK","Duke Energy Carolinas","SCEG","Dominion Energy South Carolina, Inc.",-160,"megawatthours"
"2026-09-27T23","DUK","Duke Energy Carolinas","SEPA","Southeastern Power Administration",39,"megawatthours"
"2026-09-27T23","DUK","Duke Energy Carolinas","SOCO","Southern Company Services, Inc. - Trans",533,"megawatthours"
"2026-09-27T23","DUK","Duke Energy Carolinas","TVA","Tennessee Valley Authority",-108,"megawatthours"
"2026-09-27T23","DUK","Duke Energy Carolinas","YAD","Alcoa Power Generating, Inc. - Yadkin Division",-103,"megawatthours"
"2026-09-27T23","EPE","El Paso Electric Company","PNM","Public Service Company of New Mexico",-305,"megawatthours"
"2026-09-27T23","EPE","El Paso Electric Company","SWPP","Southwest Power Pool",0,"megawatthours"
"2026-09-27T23","EPE","El Paso Electric Company","TEPC","Tucson Electric Power",107,"megawatthours"
"2026-09-27T23","FLA","Florida","SE","Southeast",-819,"megawatthours"
"2026-09-27T23","FMPP","Florida Municipal Power Pool","FPC","Duke Energy Florida, Inc.",178,"megawatthours"
"2026-09-27T23","FMPP","Florida Municipal Power Pool","FPL","Florida Power & Light Co.",109,"megawatthours"
"2026-09-27T23","FMPP","Florida Municipal Power Pool","JEA","JEA",-36,"megawatthours"
"2026-09-27T23","FMPP","Florida Municipal Power Pool","TEC","Tampa Electric Company",-285,"megawatthours"
"2026-09-27T23","FPC","Duke Energy Florida, Inc.","FMPP","Florida Municipal Power Pool",-166,"megawatthours"
"2026-09-27T23","FPC","Duke Energy Florida, Inc.","FPL","Florida Power & Light Co.",-1249,"megawatthours"
"2026-09-27T23","FPC","Duke Energy Florida, Inc.","GVL","Gainesville Regional Utilities",-2,"megawatthours"
"2026-09-27T23","FPC","Duke Energy Florida, Inc.","SEC","Seminole Electric Cooperative",-765,"megawatthours"
"2026-09-27T23","FPC","Duke Energy Florida, Inc.","SOCO","Southern Company Services, Inc. - Trans",31,"megawatthours"
"2026-09-27T23","FPC","Duke Energy Florida, Inc.","TAL","City of Tallahassee",-161,"megawatthours"
"2026-09-27T23","FPC","Duke Energy Florida, Inc.","TEC","Tampa Electric Company",565,"megawatthours"
"2026-09-27T23","FPL","Florida Power & Light Co.","FMPP","Florida Municipal Power Pool",-109,"megawatthours"
"2026-09-27T23","FPL","Florida Power & Light Co.","FPC","Duke Energy Florida, Inc.",1249,"megawatthours"
"2026-09-27T23","FPL","Florida Power & Light Co.","GVL","Gainesville Regional Utilities",14,"megawatthours"
"2026-09-27T23","FPL","Florida Power & Light Co.","HST","City of Homestead",108,"megawatthours"
"2026-09-27T23","FPL","Florida Power & Light Co.","JEA","JEA",657,"megawatthours"
"2026-09-27T23","FPL","Florida Power & Light Co.","SEC","Seminole Electric Cooperative",-1176,"megawatthours"
"2026-09-27T23","FPL","Florida Power & Light Co.","SOCO","Southern Company Services, Inc. - Trans",-716,"megawatthours"
"2026-09-27T23","FPL","Florida Power & Light Co.","TEC","Tampa Electric Company",-163,"megawatthours"
"2026-09-27T23","GCPD","Public Utility District No. 2 of Grant County, Washington","AVA","Avista Corporation",20,"megawatthours"
"2026-09-27T23","GCPD","Public Utility District No. 2 of Grant County, Washington","BPAT","Bonneville Power Administration",-135,"megawatthours"
"2026-09-27T23","GCPD","Public Utility District No. 2 of Grant County, Washington","PACW","PacifiCorp West",59,"megawatthours"
"2026-09-27T23","GCPD","Public Utility District No. 2 of Grant County, Washington","PSEI","Puget Sound Energy, Inc.",-9,"megawatthours"
"2026-09-27T23","GVL","Gainesville Regional Utilities","FPC","Duke Energy Florida, Inc.",1,"megawatthours"
"2026-09-27T23","GVL","Gainesville Regional Utilities","FPL","Florida Power & Light Co.",-13,"megawatthours"
"2026-09-27T23","GWA","NaturEner Power Watch, LLC","NWMT","NorthWestern Corporation",64,"megawatthours"
"2026-09-27T23","HST","City of Homestead","FPL","Florida Power & Light Co.",-108,"megawatthours"
"2026-09-27T23","LGEE","LG&E and KU Services Company as agent for Louisville Gas and Electric Company and Kentucky Utilities Company","MISO","Midcontinent Independent System Operator, Inc.",134,"megawatthours"
"2026-09-27T23","LGEE","LG&E and KU Services Company as agent for Louisville Gas and Electric Company and Kentucky Utilities Company","PJM","PJM Interconnection, LLC",-8,"megawatthours"
"2026-09-27T23","LGEE","LG&E and KU Services Company as agent for Louisville Gas and Electric Company and Kentucky Utilities Company","TVA","Tennessee Valley Authority",-229,"megawatthours"
"2026-09-27T23","MIDA","Mid-Atlantic","CAR","Carolinas",-131,"megawatthours"
"2026-09-27T23","MIDA","Mid-Atlantic","MIDW","Midwest",2598,"megawatthours"
"2026-09-27T23","MIDA","Mid-Atlantic","NY","New York",2707,"megawatthours"
"2026-09-27T23","MIDA","Mid-Atlantic","TEN","Tennessee",-219,"megawatthours"
"2026-09-27T23","MIDW","Midwest","CENT","Central",-170,"megawatthours"
"2026-09-27T23","MIDW","Midwest","MIDA","Mid-Atlantic",-8,"megawatthours"
"2026-09-27T23","MIDW","Midwest","TEN","Tennessee",-38,"megawatthours"
"2026-09-27T23","NEVP","Nevada Power Company","BPAT","Bonneville Power Administration",-73,"megawatthours"
"2026-09-27T23","NEVP","Nevada Power Company","CISO","California Independent System Operator",832,"megawatthours"
"2026-09-27T23","NEVP","Nevada Power Company","IPCO","Idaho Power Company",-277,"megawatthours"
"2026-09-27T23","NEVP","Nevada Power Company","LDWP","Los Angeles Department of Water and Power",-1221,"megawatthours"
"2026-09-27T23","NEVP","Nevada Power Company","PACE","PacifiCorp East",-170,"megawatthours"
"2026-09-27T23","NEVP","Nevada Power Company","WALC","Western Area Power Administration - Desert Southwest Region",-638,"megawatthours"
"2026-09-27T23","NW","Northwest","CAL","California",-389,"megawatthours"
"2026-09-27T23","NW","Northwest","CENT","Central",0,"megawatthours"
"2026-09-27T23","NW","Northwest","SW","Southwest",-638,"megawatthours"
"2026-09-27T23","PGE","Portland General Electric Company","BPAT","Bonneville Power Administration",-1443,"megawatthours"
"2026-09-27T23","PGE","Portland General Electric Company","PACW","PacifiCorp West",-32,"megawatthours"
"2026-09-27T23","PJM","PJM Interconnection, LLC","CPLE","Duke Energy Progress East",-327,"megawatthours"
"2026-09-27T23","PJM","PJM Interconnection, LLC","CPLW","Duke Energy Progress West",136,"megawatthours"
"2026-09-27T23","PJM","PJM Interconnection, LLC","DUK","Duke Energy Carolinas",60,"megawatthours"
"2026-09-27T23","PJM","PJM Interconnection, LLC","LGEE","LG&E and KU Services Company as agent for Louisville Gas and Electric Company and Kentucky Utilities Company",-38,"megawatthours"
"2026-09-27T23","PJM","PJM Interconnection, LLC","MISO","Midcontinent Independent System Operator, Inc.",2636,"megawatthours"
"2026-09-27T23","PJM","PJM Interconnection, LLC","NYIS","New York Independent System Operator",2707,"megawatthours"
"2026-09-27T23","PJM","PJM Interconnection, LLC","TVA","Tennessee Valley Authority",-219,"megawatthours"
"2026-09-27T23","PNM","Public Service Company of New Mexico","AZPS","Arizona Public Service Company",-55,"megawatthours"
"2026-09-27T23","PNM","Public Service Company of New Mexico","EPE","El Paso Electric Company",305,"megawatthours"
"2026-09-27T23","PNM","Public Service Company of New Mexico","GRID","Gridforce Energy Management, LLC",-30,"megawatthours"
"2026-09-27T23","PNM","Public Service Company of New Mexico","PSCO","Public Service Company of Colorado",-94,"megawatthours"
"2026-09-27T23","PNM","Public Service Company of New Mexico","SWPP","Southwest Power Pool",0,"megawatthours"
"2026-09-27T23","PNM","Public Service Company of New Mexico","SWPW","Southwest Power Pool West Balancing Authority Area",37,"megawatthours"
"2026-09-27T23","PNM","Public Service Company of New Mexico","TEPC","Tucson Electric Power",-42,"megawatthours"
"2026-09-27T23","SCEG","Dominion Energy South Carolina, Inc.","CPLE","Duke Energy Progress East",126,"megawatthours"
"2026-09-27T23","SCEG","Dominion Energy South Carolina, Inc.","DUK","Duke Energy Carolinas",160,"megawatthours"
"2026-09-27T23","SCEG","Dominion Energy South Carolina, Inc.","SC","South Carolina Public Service Authority",1386,"megawatthours"
"2026-09-27T23","SCEG","Dominion Energy South Carolina, Inc.","SEPA","Southeastern Power Administration",-22,"megawatthours"
"2026-09-27T23","SCEG","Dominion Energy South Carolina, Inc.","SOCO","Southern Company Services, Inc. - Trans",-1339,"megawatthours"
"2026-09-27T23","SE","Southeast","CAR","Carolinas",-111,"megawatthours"
"2026-09-27T23","SEC","Seminole Electric Cooperative","FPC","Duke Energy Florida, Inc.",773,"megawatthours"
"2026-09-27T23","SEC","Seminole Electric Cooperative","FPL","Florida Power & Light Co.",1176,"megawatthours"
"2026-09-27T23","SEC","Seminole Electric Cooperative","JEA","JEA",-15,"megawatthours"
"2026-09-27T23","SEC","Seminole Electric Cooperative","TEC","Tampa Electric Company",-145,"megawatthours"
"2026-09-27T23","SEPA","Southeastern Power Administration","DUK","Duke Energy Carolinas",-39,"megawatthours"
"2026-09-27T23","SEPA","Southeastern Power Administration","SC","South Carolina Public Service Authority",-94,"megawatthours"
"2026-09-27T23","SEPA","Southeastern Power Administration","SCEG","Dominion Energy South Carolina, Inc.",22,"megawatthours"
"2026-09-27T23","SEPA","Southeastern Power Administration","SOCO","Southern Company Services, Inc. - Trans",326,"megawatthours"
"2026-09-27T23","SIKE","Sikeston Board of Municipal Utilities","AECI","Associated Electric Cooperative, Inc.",38,"megawatthours"
"2026-09-27T23","SIKE","Sikeston Board of Municipal Utilities","MISO","Midcontinent Independent System Operator, Inc.",21,"megawatthours"
"2026-09-27T23","SIKE","Sikeston Board of Municipal Utilities","SPA","Southwestern Power Administration",96,"megawatthours"
"2026-09-27T23","SIKE","Sikeston Board of Municipal Utilities","SWPP","Southwest Power Pool",-122,"megawatthours"
"2026-09-27T23","SRP","Salt River Project Agricultural Improvement and Power District","AZPS","Arizona Public Service Company",4185,"megawatthours"
"2026-09-27T23","SRP","Salt River Project Agricultural Improvement and Power District","CISO","California Independent System Operator",1084,"megawatthours"
"2026-09-27T23","SRP","Salt River Project Agricultural Improvement and Power District","DEAA","Arlington Valley, LLC",-507,"megawatthours"
"2026-09-27T23","SRP","Salt River Project Agricultural Improvement and Power District","GRID","Gridforce Energy Management, LLC",-507,"megawatthours"
"2026-09-27T23","SRP","Salt River Project Agricultural Improvement and Power District","TEPC","Tucson Electric Power",-858,"megawatthours"
"2026-09-27T23","SRP","Salt River Project Agricultural Improvement and Power District","WALC","Western Area Power Administration - Desert Southwest Region",-55,"megawatthours"
"2026-09-27T23","SW","Southwest","CAL","California",1745,"megawatthours"
"2026-09-27T23","SW","Southwest","CENT","Central",0,"megawatthours"
"2026-09-27T23","SW","Southwest","NW","Northwest",-515,"megawatthours"
"2026-09-27T23","TAL","City of Tallahassee","FPC","Duke Energy Florida, Inc.",161,"megawatthours"
"2026-09-27T23","TAL","City of Tallahassee","SOCO","Southern Company Services, Inc. - Trans",-134,"megawatthours"
"2026-09-27T23","TEN","Tennessee","CAR","Carolinas",157,"megawatthours"
"2026-09-27T23","TEN","Tennessee","MIDA","Mid-Atlantic",745,"megawatthours"
"2026-09-27T23","TEN","Tennessee","MIDW","Midwest",-712,"megawatthours"
"2026-09-27T23","TEN","Tennessee","SE","Southeast",220,"megawatthours"
"2026-09-27T23","TEPC","Tucson Electric Power","AZPS","Arizona Public Service Company",-93,"megawatthours"
"2026-09-27T23","TEPC","Tucson Electric Power","EPE","El Paso Electric Company",-107,"megawatthours"
"2026-09-27T23","TEPC","Tucson Electric Power","PNM","Public Service Company of New Mexico",42,"megawatthours"
"2026-09-27T23","TEPC","Tucson Electric Power","SRP","Salt River Project Agricultural Improvement and Power District",858,"megawatthours"
"2026-09-27T23","TEPC","Tucson Electric Power","WALC","Western Area Power Administration - Desert Southwest Region",-356,"megawatthours"
"2026-09-27T23","TPWR","City of Tacoma, Department of Public Utilities, Light Division","BPAT","Bonneville Power Administration",-343,"megawatthours"
"2026-09-27T23","TPWR","City of Tacoma, Department of Public Utilities, Light Division","PSEI","Puget Sound Energy, Inc.",45,"megawatthours"
"2026-09-27T23","TVA","Tennessee Valley Authority","AECI","Associated Electric Cooperative, Inc.",-190,"megawatthours"
"2026-09-27T23","TVA","Tennessee Valley Authority","CPLW","Duke Energy Progress West",49,"megawatthours"
"2026-09-27T23","TVA","Tennessee Valley Authority","DUK","Duke Energy Carolinas",108,"megawatthours"
"2026-09-27T23","TVA","Tennessee Valley Authority","LGEE","LG&E and KU Services Company as agent for Louisville Gas and Electric Company and Kentucky Utilities Company",229,"megawatthours"
"2026-09-27T23","TVA","Tennessee Valley Authority","MISO","Midcontinent Independent System Operator, Inc.",-751,"megawatthours"
"2026-09-27T23","TVA","Tennessee Valley Authority","PJM","PJM Interconnection, LLC",745,"megawatthours"
"2026-09-27T23","TVA","Tennessee Valley Authority","SOCO","Southern Company Services, Inc. - Trans",220,"megawatthours"
"2026-09-27T23","WALC","Western Area Power Administration - Desert Southwest Region","AZPS","Arizona Public Service Company",-909,"megawatthours"
"2026-09-27T23","WALC","Western Area Power Administration - Desert Southwest Region","CISO","California Independent System Operator",35,"megawatthours"
"2026-09-27T23","WALC","Western Area Power Administration - Desert Southwest Region","GRID","Gridforce Energy Management, LLC",-435,"megawatthours"
"2026-09-27T23","WALC","Western Area Power Administration - Desert Southwest Region","IID","Imperial Irrigation District",-13,"megawatthours"
"2026-09-27T23","WALC","Western Area Power Administration - Desert Southwest Region","LDWP","Los Angeles Department of Water and Power",639,"megawatthours"
"2026-09-27T23","WALC","Western Area Power Administration - Desert Southwest Region","NEVP","Nevada Power Company",638,"megawatthours"
"2026-09-27T23","WALC","Western Area Power Administration - Desert Southwest Region","SRP","Salt River Project Agricultural Improvement and Power District",55,"megawatthours"
"2026-09-27T23","WALC","Western Area Power Administration - Desert Southwest Region","SWPW","Southwest Power Pool West Balancing Authority Area",-124,"megawatthours"
"2026-09-27T23","WALC","Western Area Power Administration - Desert Southwest Region","TEPC","Tucson Electric Power",356,"megawatthours"
"2026-09-27T23","YAD","Alcoa Power Generating, Inc. - Yadkin Division","CPLE","Duke Energy Progress East",50,"megawatthours"
"2026-09-27T23","YAD","Alcoa Power Generating, Inc. - Yadkin Division","DUK","Duke Energy Carolinas",103,"megawatthours"
"2026-09-27T22","AECI","Associated Electric Cooperative, Inc.","MISO","Midcontinent Independent System Operator, Inc.",-326,"megawatthours"
"2026-09-27T22","AECI","Associated Electric Cooperative, Inc.","SIKE","Sikeston Board of Municipal Utilities",-63,"megawatthours"
"2026-09-27T22","AECI","Associated Electric Cooperative, Inc.","SPA","Southwestern Power Administration",-153,"megawatthours"
"2026-09-27T22","AECI","Associated Electric Cooperative, Inc.","SWPP","Southwest Power Pool",182,"megawatthours"
"2026-09-27T22","AECI","Associated Electric Cooperative, Inc.","TVA","Tennessee Valley Authority",197,"megawatthours"
"2026-09-27T22","AVA","Avista Corporation","BPAT","Bonneville Power Administration",-496,"megawatthours"
"2026-09-27T22","AVA","Avista Corporation","CHPD","Public Utility District No. 1 of Chelan County",-14,"megawatthours"
"2026-09-27T22","AVA","Avista Corporation","GCPD","Public Utility District No. 2 of Grant County, Washington",-16,"megawatthours"
"2026-09-27T22","AVA","Avista Corporation","IPCO","Idaho Power Company",106,"megawatthours"
"2026-09-27T22","AVA","Avista Corporation","NWMT","NorthWestern Corporation",-55,"megawatthours"
"2026-09-27T22","AVA","Avista Corporation","PACW","PacifiCorp West",89,"megawatthours"
"2026-09-27T22","BANC","Balancing Authority of Northern California","BPAT","Bonneville Power Administration",-269,"megawatthours"
"2026-09-27T22","BANC","Balancing Authority of Northern California","CISO","California Independent System Operator",337,"megawatthours"
"2026-09-27T22","BANC","Balancing Authority of Northern California","TIDC","Turlock Irrigation District",-449,"megawatthours"
"2026-09-27T22","BHBA","Black Hills Energy","PACE","PacifiCorp East",195,"megawatthours"
"2026-09-27T22","BHBA","Black Hills Energy","SWPP","Southwest Power Pool",0,"megawatthours"
"2026-09-27T22","BHBA","Black Hills Energy","SWPW","Southwest Power Pool West Balancing Authority Area",-105,"megawatthours"
"2026-09-27T22","CAL","California","NW","Northwest",-269,"megawatthours"
"2026-09-27T22","CAR","Carolinas","MIDA","Mid-Atlantic",512,"megawatthours"
"2026-09-27T22","CAR","Carolinas","SE","Southeast",-937,"megawatthours"
"2026-09-27T22","CAR","Carolinas","TEN","Tennessee",-229,"megawatthours"
"2026-09-27T22","CHPD","Public Utility District No. 1 of Chelan County","AVA","Avista Corporation",14,"megawatthours"
"2026-09-27T22","CHPD","Public Utility District No. 1 of Chelan County","BPAT","Bonneville Power Administration",364,"megawatthours"
"2026-09-27T22","CHPD","Public Utility District No. 1 of Chelan County","DOPD","PUD No. 1 of Douglas County",72,"megawatthours"
"2026-09-27T22","CHPD","Public Utility District No. 1 of Chelan County","PSEI","Puget Sound Energy, Inc.",117,"megawatthours"
"2026-09-27T22","CPLE","Duke Energy Progress East","DUK","Duke Energy Carolinas",-598,"megawatthours"
"2026-09-27T22","CPLE","Duke Energy Progress East","PJM","PJM Interconnection, LLC",637,"megawatthours"
"2026-09-27T22","CPLE","Duke Energy Progress East","SC","South Carolina Public Service Authority",166,"megawatthours"
"2026-09-27T22","CPLE","Duke Energy Progress East","SCEG","Dominion Energy South Carolina, Inc.",-101,"megawatthours"
"2026-09-27T22","CPLE","Duke Energy Progress East","YAD","Alcoa Power Generating, Inc. - Yadkin Division",-1,"megawatthours"
"2026-09-27T22","CPLW","Duke Energy Progress West","DUK","Duke Energy Carolinas",0,"megawatthours"
"2026-09-27T22","CPLW","Duke Energy Progress West","PJM","PJM Interconnection, LLC",-142,"megawatthours"
"2026-09-27T22","CPLW","Duke Energy Progress West","TVA","Tennessee Valley Authority",-60,"megawatthours"
"2026-09-27T22","DUK","Duke Energy Carolinas","CPLE","Duke Energy Progress East",598,"megawatthours"
"2026-09-27T22","DUK","Duke Energy Carolinas","CPLW","Duke Energy Progress West",0,"megawatthours"
"2026-09-27T22","DUK","Duke Energy Carolinas","PJM","PJM Interconnection, LLC",17,"megawatthours"
"2026-09-27T22","DUK","Duke Energy Carolinas","SC","South Carolina Public Service Authority",-357,"megawatthours"
"2026-09-27T22","DUK","Duke Energy Carolinas","SCEG","Dominion Energy South Carolina, Inc.",-258,"megawatthours"
"2026-09-27T22","DUK","Duke Energy Carolinas","SEPA","Southeastern Power Administration",23,"megawatthours"
"2026-09-27T22","DUK","Duke Energy Carolinas","SOCO","Southern Company Services, Inc. - Trans",447,"megawatthours"
"2026-09-27T22","DUK","Duke Energy Carolinas","TVA","Tennessee Valley Authority",-169,"megawatthours"
"2026-09-27T22","DUK","Duke Energy Carolinas","YAD","Alcoa Power Generating, Inc. - Yadkin Division",-25,"megawatthours"
"2026-09-27T22","EPE","El Paso Electric Company","PNM","Public Service Company of New Mexico",-283,"megawatthours"
"2026-09-27T22","EPE","El Paso Electric Company","SWPP","Southwest Power Pool",0,"megawatthours"
"2026-09-27T22","EPE","El Paso Electric Company","TEPC","Tucson Electric Power",133,"megawatthours"
"2026-09-27T22","FLA","Florida","SE","Southeast",-982,"megawatthours"
"2026-09-27T22","FMPP","Florida Municipal Power Pool","FPC","Duke Energy Florida, Inc.",310,"megawatthours"
"2026-09-27T22","FMPP","Florida Municipal Power Pool","FPL","Florida Power & Light Co.",20,"megawatthours"
"2026-09-27T22","FMPP","Florida Municipal Power Pool","JEA","JEA",-48,"megawatthours"
"2026-09-27T22","FMPP","Florida Municipal Power Pool","TEC","Tampa Electric Company",-372,"megawatthours"
"2026-09-27T22","FPC","Duke Energy Florida, Inc.","FMPP","Florida Municipal Power Pool",-299,"megawatthours"
"2026-09-27T22","FPC","Duke Energy Florida, Inc.","FPL","Florida Power & Light Co.",-1198,"megawatthours"
"2026-09-27T22","FPC","Duke Energy Florida, Inc.","GVL","Gainesville Regional Utilities",14,"megawatthours"
"2026-09-27T22","FPC","Duke Energy Florida, Inc.","SEC","Seminole Electric Cooperative",-770,"megawatthours"
"2026-09-27T22","FPC","Duke Energy Florida, Inc.","SOCO","Southern Company Services, Inc. - Trans",84,"megawatthours"
"2026-09-27T22","FPC","Duke Energy Florida, Inc.","TAL","City of Tallahassee",-172,"megawatthours"
"2026-09-27T22","FPC","Duke Energy Florida, Inc.","TEC","Tampa Electric Company",588,"megawatthours"
"2026-09-27T22","FPL","Florida Power & Light Co.","FMPP","Florida Municipal Power Pool",-20,"megawatthours"
"2026-09-27T22","FPL","Florida Power & Light Co.","FPC","Duke Energy Florida, Inc.",1198,"megawatthours"
"2026-09-27T22","FPL","Florida Power & Light Co.","GVL","Gainesville Regional Utilities",17,"megawatthours"
"2026-09-27T22","FPL","Florida Power & Light Co.","HST","City of Homestead",111,"megawatthours"
"2026-09-27T22","FPL","Florida Power & Light Co.","JEA","JEA",738,"megawatthours"
"2026-09-27T22","FPL","Florida Power & Light Co.","SEC","Seminole Electric Cooperative",-1078,"megawatthours"
"2026-09-27T22","FPL","Florida Power & Light Co.","SOCO","Southern Company Services, Inc. - Trans",-919,"megawatthours"
"2026-09-27T22","FPL","Florida Power & Light Co.","TEC","Tampa Electric Company",-156,"megawatthours"
"2026-09-27T22","GCPD","Public Utility District No. 2 of Grant County, Washington","AVA","Avista Corporation",16,"megawatthours"
"2026-09-27T22","GCPD","Public Utility District No. 2 of Grant County, Washington","BPAT","Bonneville Power Administration",-151,"megawatthours"
"2026-09-27T22","GCPD","Public Utility District No. 2 of Grant County, Washington","PACW","PacifiCorp West",57,"megawatthours"
"2026-09-27T22","GCPD","Public Utility District No. 2 of Grant County, Washington","PSEI","Puget Sound Energy, Inc.",-18,"megawatthours"
"2026-09-27T22","GVL","Gainesville Regional Utilities","FPC","Duke Energy Florida, Inc.",-12,"megawatthours"
"2026-09-27T22","GVL","Gainesville Regional Utilities","FPL","Florida Power & Light Co.",-17,"megawatthours"
"2026-09-27T22","GWA","NaturEner Power Watch, LLC","NWMT","NorthWestern Corporation",80,"megawatthours"
"2026-09-27T22","HST","City of Homestead","FPL","Florida Power & Light Co.",-110,"megawatthours"
"2026-09-27T22","LGEE","LG&E and KU Services Company as agent for Louisville Gas and Electric Company and Kentucky Utilities Company","MISO","Midcontinent Independent System Operator, Inc.",-110,"megawatthours"
"2026-09-27T22","LGEE","LG&E and KU Services Company as agent for Louisville Gas and Electric Company and Kentucky Utilities Company","PJM","PJM Interconnection, LLC",-66,"megawatthours"
"2026-09-27T22","LGEE","LG&E and KU Services Company as agent for Louisville Gas and Electric Company and Kentucky Utilities Company","TVA","Tennessee Valley Authority",-144,"megawatthours"
"2026-09-27T22","MIDA","Mid-Atlantic","CAR","Carolinas",-252,"megawatthours"
"2026-09-27T22","MIDA","Mid-Atlantic","MIDW","Midwest",2567,"megawatthours"
"2026-09-27T22","MIDA","Mid-Atlantic","NY","New York",2837,"megawatthours"
"2026-09-27T22","MIDA","Mid-Atlantic","TEN","Tennessee",-272,"megawatthours"
"2026-09-27T22","MIDW","Midwest","CENT","Central",28,"megawatthours"
"2026-09-27T22","MIDW","Midwest","MIDA","Mid-Atlantic",-66,"megawatthours"
"2026-09-27T22","MIDW","Midwest","TEN","Tennessee",53,"megawatthours"
"2026-09-27T22","NEVP","Nevada Power Company","BPAT","Bonneville Power Administration",-83,"megawatthours"
"2026-09-27T22","NEVP","Nevada Power Company","CISO","California Independent System Operator",848,"megawatthours"
"2026-09-27T22","NEVP","Nevada Power Company","IPCO","Idaho Power Company",-276,"megawatthours"
"2026-09-27T22","NEVP","Nevada Power Company","LDWP","Los Angeles Department of Water and Power",-1232,"megawatthours"
"2026-09-27T22","NEVP","Nevada Power Company","PACE","PacifiCorp East",-128,"megawatthours"
"2026-09-27T22","NEVP","Nevada Power Company","WALC","Western Area Power Administration - Desert Southwest Region",-698,"megawatthours"
"2026-09-27T22","NW","Northwest","CAL","California",-384,"megawatthours"
"2026-09-27T22","NW","Northwest","CENT","Central",0,"megawatthours"
"2026-09-27T22","NW","Northwest","SW","Southwest",-698,"megawatthours"
"2026-09-27T22","PGE","Portland General Electric Company","BPAT","Bonneville Power Administration",-1510,"megawatthours"
"2026-09-27T22","PGE","Portland General Electric Company","PACW","PacifiCorp West",-26,"megawatthours"
"2026-09-27T22","PJM","PJM Interconnection, LLC","CPLE","Duke Energy Progress East",-315,"megawatthours"
"2026-09-27T22","PJM","PJM Interconnection, LLC","CPLW","Duke Energy Progress West",107,"megawatthours"
"2026-09-27T22","PJM","PJM Interconnection, LLC","DUK","Duke Energy Carolinas",-44,"megawatthours"
"2026-09-27T22","PJM","PJM Interconnection, LLC","LGEE","LG&E and KU Services Company as agent for Louisville Gas and Electric Company and Kentucky Utilities Company",-80,"megawatthours"
"2026-09-27T22","PJM","PJM Interconnection, LLC","MISO","Midcontinent Independent System Operator, Inc.",2647,"megawatthours"
"2026-09-27T22","PJM","PJM Interconnection, LLC","NYIS","New York Independent System Operator",2837,"megawatthours"
"2026-09-27T22","PJM","PJM Interconnection, LLC","TVA","Tennessee Valley Authority",-272,"megawatthours"
"2026-09-27T22","PNM","Public Service Company of New Mexico","AZPS","Arizona Public Service Company",39,"megawatthours"
"2026-09-27T22","PNM","Public Service Company of New Mexico","EPE","El Paso Electric Company",283,"megawatthours"
"2026-09-27T22","PNM","Public Service Company of New Mexico","GRID","Gridforce Energy Management, LLC",-14,"megawatthours"
"2026-09-27T22","PNM","Public Service Company of New Mexico","PSCO","Public Service Company of Colorado",-93,"megawatthours"
"2026-09-27T22","PNM","Public Service Company of New Mexico","SWPP","Southwest Power Pool",0,"megawatthours"
"2026-09-27T22","PNM","Public Service Company of New Mexico","SWPW","Southwest Power Pool West Balancing Authority Area",112,"megawatthours"
"2026-09-27T22","PNM","Public Service Company of New Mexico","TEPC","Tucson Electric Power",45,"megawatthours"
"2026-09-27T22","SCEG","Dominion Energy South Carolina, Inc.","CPLE","Duke Energy Progress East",101,"megawatthours"
"2026-09-27T22","SCEG","Dominion Energy South Carolina, Inc.","DUK","Duke Energy Carolinas",258,"megawatthours"
"2026-09-27T22","SCEG","Dominion Energy South Carolina, Inc.","SC","South Carolina Public Service Authority",1312,"megawatthours"
"2026-09-27T22","SCEG","Dominion Energy South Carolina, Inc.","SEPA","Southeastern Power Administration",-15,"megawatthours"
"2026-09-27T22","SCEG","Dominion Energy South Carolina, Inc.","SOCO","Southern Company Services, Inc. - Trans",-1392,"megawatthours"
"2026-09-27T22","SE","Southeast","CAR","Carolinas",-63,"megawatthours"
"2026-09-27T22","SEC","Seminole Electric Cooperative","FPC","Duke Energy Florida, Inc.",777,"megawatthours"
"2026-09-27T22","SEC","Seminole Electric Cooperative","FPL","Florida Power & Light Co.",1078,"megawatthours"
"2026-09-27T22","SEC","Seminole Electric Cooperative","JEA","JEA",-39,"megawatthours"
"2026-09-27T22","SEC","Seminole Electric Cooperative","TEC","Tampa Electric Company",-89,"megawatthours"
"2026-09-27T22","SEPA","Southeastern Power Administration","DUK","Duke Energy Carolinas",-23,"megawatthours"
"2026-09-27T22","SEPA","Southeastern Power Administration","SC","South Carolina Public Service Authority",-55,"megawatthours"
"2026-09-27T22","SEPA","Southeastern Power Administration","SCEG","Dominion Energy South Carolina, Inc.",15,"megawatthours"
"2026-09-27T22","SEPA","Southeastern Power Administration","SOCO","Southern Company Services, Inc. - Trans",270,"megawatthours"
"2026-09-27T22","SIKE","Sikeston Board of Municipal Utilities","AECI","Associated Electric Cooperative, Inc.",64,"megawatthours"
"2026-09-27T22","SIKE","Sikeston Board of Municipal Utilities","MISO","Midcontinent Independent System Operator, Inc.",-30,"megawatthours"
"2026-09-27T22","SIKE","Sikeston Board of Municipal Utilities","SPA","Southwestern Power Administration",121,"megawatthours"
"2026-09-27T22","SIKE","Sikeston Board of Municipal Utilities","SWPP","Southwest Power Pool",-122,"megawatthours"
"2026-09-27T22","SRP","Salt River Project Agricultural Improvement and Power District","AZPS","Arizona Public Service Company",4394,"megawatthours"
"2026-09-27T22","SRP","Salt River Project Agricultural Improvement and Power District","CISO","California Independent System Operator",1004,"megawatthours"
"2026-09-27T22","SRP","Salt River Project Agricultural Improvement and Power District","DEAA","Arlington Valley, LLC",-489,"megawatthours"
"2026-09-27T22","SRP","Salt River Project Agricultural Improvement and Power District","GRID","Gridforce Energy Management, LLC",-547,"megawatthours"
"2026-09-27T22","SRP","Salt River Project Agricultural Improvement and Power District","TEPC","Tucson Electric Power",-843,"megawatthours"
"2026-09-27T22","SRP","Salt River Project Agricultural Improvement and Power District","WALC","Western Area Power Administration - Desert Southwest Region",78,"megawatthours"
"2026-09-27T22","SW","Southwest","CAL","California",1572,"megawatthours"
"2026-09-27T22","SW","Southwest","CENT","Central",0,"megawatthours"
"2026-09-27T22","SW","Southwest","NW","Northwest",-406,"megawatthours"
"2026-09-27T22","TAL","City of Tallahassee","FPC","Duke Energy Florida, Inc.",172,"megawatthours"
"2026-09-27T22","TAL","City of Tallahassee","SOCO","Southern Company Services, Inc. - Trans",-147,"megawatthours"
"2026-09-27T22","TEN","Tennessee","CAR","Carolinas",229,"megawatthours"
"2026-09-27T22","TEN","Tennessee","MIDA","Mid-Atlantic",578,"megawatthours"
"2026-09-27T22","TEN","Tennessee","MIDW","Midwest",-1225,"megawatthours"
"2026-09-27T22","TEN","Tennessee","SE","Southeast",647,"megawatthours"
"2026-09-27T22","TEPC","Tucson Electric Power","AZPS","Arizona Public Service Company",-50,"megawatthours"
"2026-09-27T22","TEPC","Tucson Electric Power","EPE","El Paso Electric Company",-133,"megawatthours"
"2026-09-27T22","TEPC","Tucson Electric Power","PNM","Public Service Company of New Mexico",-45,"megawatthours"
"2026-09-27T22","TEPC","Tucson Electric Power","SRP","Salt River Project Agricultural Improvement and Power District",843,"megawatthours"
"2026-09-27T22","TEPC","Tucson Electric Power","WALC","Western Area Power Administration - Desert Southwest Region",-372,"megawatthours"
"2026-09-27T22","TPWR","City of Tacoma, Department of Public Utilities, Light Division","BPAT","Bonneville Power Administration",-329,"megawatthours"
"2026-09-27T22","TPWR","City of Tacoma, Department of Public Utilities, Light Division","PSEI","Puget Sound Energy, Inc.",47,"megawatthours"
"2026-09-27T22","TVA","Tennessee Valley Authority","AECI","Associated Electric Cooperative, Inc.",-197,"megawatthours"
"2026-09-27T22","TVA","Tennessee Valley Authority","CPLW","Duke Energy Progress West",60,"megawatthours"
"2026-09-27T22","TVA","Tennessee Valley Authority","DUK","Duke Energy Carolinas",169,"megawatthours"
"2026-09-27T22","TVA","Tennessee Valley Authority","LGEE","LG&E and KU Services Company as agent for Louisville Gas and Electric Company and Kentucky Utilities Company",144,"megawatthours"
"2026-09-27T22","TVA","Tennessee Valley Authority","MISO","Midcontinent Independent System Operator, Inc.",-1172,"megawatthours"
"2026-09-27T22","TVA","Tennessee Valley Authority","PJM","PJM Interconnection, LLC",578,"megawatthours"
"2026-09-27T22","TVA","Tennessee Valley Authority","SOCO","Southern Company Services, Inc. - Trans",647,"megawatthours"
"2026-09-27T22","WALC","Western Area Power Administration - Desert Southwest Region","AZPS","Arizona Public Service Company",-780,"megawatthours"
"2026-09-27T22","WALC","Western Area Power Administration - Desert Southwest Region","CISO","California Independent System Operator",22,"megawatthours"
"2026-09-27T22","WALC","Western Area Power Administration - Desert Southwest Region","GRID","Gridforce Energy Management, LLC",-437,"megawatthours"
"2026-09-27T22","WALC","Western Area Power Administration - Desert Southwest Region","IID","Imperial Irrigation District",4,"megawatthours"
"2026-09-27T22","WALC","Western Area Power Administration - Desert Southwest Region","LDWP","Los Angeles Department of Water and Power",542,"megawatthours"
"2026-09-27T22","WALC","Western Area Power Administration - Desert Southwest Region","NEVP","Nevada Power Company",698,"megawatthours"
"2026-09-27T22","WALC","Western Area Power Administration - Desert Southwest Region","SRP","Salt River Project Agricultural Improvement and Power District",-79,"megawatthours"
"2026-09-27T22","WALC","Western Area Power Administration - Desert Southwest Region","SWPW","Southwest Power Pool West Balancing Authority Area",-125,"megawatthours"
"2026-09-27T22","WALC","Western Area Power Administration - Desert Southwest Region","TEPC","Tucson Electric Power",372,"megawatthours"
"2026-09-27T22","YAD","Alcoa Power Generating, Inc. - Yadkin Division","CPLE","Duke Energy Progress East",1,"megawatthours"
"2026-09-27T22","YAD","Alcoa Power Generating, Inc. - Yadkin Division","DUK","Duke Energy Carolinas",25,"megawatthours"
"2026-09-27T21","AECI","Associated Electric Cooperative, Inc.","MISO","Midcontinent Independent System Operator, Inc.",-387,"megawatthours"
"2026-09-27T21","AECI","Associated Electric Cooperative, Inc.","SIKE","Sikeston Board of Municipal Utilities",-70,"megawatthours"
"2026-09-27T21","AECI","Associated Electric Cooperative, Inc.","SPA","Southwestern Power Administration",-89,"megawatthours"
"2026-09-27T21","AECI","Associated Electric Cooperative, Inc.","SWPP","Southwest Power Pool",283,"megawatthours"
"2026-09-27T21","AECI","Associated Electric Cooperative, Inc.","TVA","Tennessee Valley Authority",164,"megawatthours"
"2026-09-27T21","AVA","Avista Corporation","BPAT","Bonneville Power Administration",-544,"megawatthours"
"2026-09-27T21","AVA","Avista Corporation","CHPD","Public Utility District No. 1 of Chelan County",-15,"megawatthours"
"2026-09-27T21","AVA","Avista Corporation","GCPD","Public Utility District No. 2 of Grant County, Washington",-10,"megawatthours"
"2026-09-27T21","AVA","Avista Corporation","IPCO","Idaho Power Company",140,"megawatthours"
"2026-09-27T21","AVA","Avista Corporation","NWMT","NorthWestern Corporation",-44,"megawatthours"
"2026-09-27T21","AVA","Avista Corporation","PACW","PacifiCorp West",95,"megawatthours"
"2026-09-27T21","BANC","Balancing Authority of Northern California","BPAT","Bonneville Power Administration",-231,"megawatthours"
"2026-09-27T21","BANC","Balancing Authority of Northern California","CISO","California Independent System Operator",368,"megawatthours"
"2026-09-27T21","BANC","Balancing Authority of Northern California","TIDC","Turlock Irrigation District",-390,"megawatthours"
"2026-09-27T21","BHBA","Black Hills Energy","PACE","PacifiCorp East",214,"megawatthours"
"2026-09-27T21","BHBA","Black Hills Energy","SWPP","Southwest Power Pool",0,"megawatthours"
"2026-09-27T21","BHBA","Black Hills Energy","SWPW","Southwest Power Pool West Balancing Authority Area",-84,"megawatthours"
"2026-09-27T21","CAL","California","NW","Northwest",-231,"megawatthours"
"2026-09-27T21","CAR","Carolinas","MIDA","Mid-Atlantic",225,"megawatthours"
"2026-09-27T21","CAR","Carolinas","SE","Southeast",-833,"megawatthours"
"2026-09-27T21","CAR","Carolinas","TEN","Tennessee",-234,"megawatthours"
"2026-09-27T21","CHPD","Public Utility District No. 1 of Chelan County","AVA","Avista Corporation",15,"megawatthours"
"2026-09-27T21","CHPD","Public Utility District No. 1 of Chelan County","BPAT","Bonneville Power Administration",380,"megawatthours"
"2026-09-27T21","CHPD","Public Utility District No. 1 of Chelan County","DOPD","PUD No. 1 of Douglas County",61,"megawatthours"
"2026-09-27T21","CHPD","Public Utility District No. 1 of Chelan County","PSEI","Puget Sound Energy, Inc.",120,"megawatthours"
"2026-09-27T21","CPLE","Duke Energy Progress East","DUK","Duke Energy Carolinas",128,"megawatthours"
"2026-09-27T21","CPLE","Duke Energy Progress East","PJM","PJM Interconnection, LLC",451,"megawatthours"
"2026-09-27T21","CPLE","Duke Energy Progress East","SC","South Carolina Public Service Authority",317,"megawatthours"
"2026-09-27T21","CPLE","Duke Energy Progress East","SCEG","Dominion Energy South Carolina, Inc.",-65,"megawatthours"
"2026-09-27T21","CPLE","Duke Energy Progress East","YAD","Alcoa Power Generating, Inc. - Yadkin Division",21,"megawatthours"
"2026-09-27T21","CPLW","Duke Energy Progress West","DUK","Duke Energy Carolinas",22,"megawatthours"
"2026-09-27T21","CPLW","Duke Energy Progress West","PJM","PJM Interconnection, LLC",-152,"megawatthours"
"2026-09-27T21","CPLW","Duke Energy Progress West","TVA","Tennessee Valley Authority",-54,"megawatthours"
"2026-09-27T21","DUK","Duke Energy Carolinas","CPLE","Duke Energy Progress East",-128,"megawatthours"
"2026-09-27T21","DUK","Duke Energy Carolinas","CPLW","Duke Energy Progress West",-22,"megawatthours"
"2026-09-27T21","DUK","Duke Energy Carolinas","PJM","PJM Interconnection, LLC",-74,"megawatthours"
"2026-09-27T21","DUK","Duke Energy Carolinas","SC","South Carolina Public Service Authority",-419,"megawatthours"
"2026-09-27T21","DUK","Duke Energy Carolinas","SCEG","Dominion Energy South Carolina, Inc.",-290,"megawatthours"
"2026-09-27T21","DUK","Duke Energy Carolinas","SEPA","Southeastern Power Administration",27,"megawatthours"
"2026-09-27T21","DUK","Duke Energy Carolinas","SOCO","Southern Company Services, Inc. - Trans",491,"megawatthours"
"2026-09-27T21","DUK","Duke Energy Carolinas","TVA","Tennessee Valley Authority",-180,"megawatthours"
"2026-09-27T21","DUK","Duke Energy Carolinas","YAD","Alcoa Power Generating, Inc. - Yadkin Division",-41,"megawatthours"
"2026-09-27T21","EPE","El Paso Electric Company","PNM","Public Service Company of New Mexico",-248,"megawatthours"
"2026-09-27T21","EPE","El Paso Electric Company","SWPP","Southwest Power Pool",0,"megawatthours"
"2026-09-27T21","EPE","El Paso Electric Company","TEPC","Tucson Electric Power",96,"megawatthours"
"2026-09-27T21","FLA","Florida","SE","Southeast",-537,"megawatthours"
"2026-09-27T21","FMPP","Florida Municipal Power Pool","FPC","Duke Energy Florida, Inc.",326,"megawatthours"
"2026-09-27T21","FMPP","Florida Municipal Power Pool","FPL","Florida Power & Light Co.",-18,"megawatthours"
"2026-09-27T21","FMPP","Florida Municipal Power Pool","JEA","JEA",-45,"megawatthours"
"2026-09-27T21","FMPP","Florida Municipal Power Pool","TEC","Tampa Electric Company",-378,"megawatthours"
"2026-09-27T21","FPC","Duke Energy Florida, Inc.","FMPP","Florida Municipal Power Pool",-314,"megawatthours"
"2026-09-27T21","FPC","Duke Energy Florida, Inc.","FPL","Florida Power & Light Co.",-1064,"megawatthours"
"2026-09-27T21","FPC","Duke Energy Florida, Inc.","GVL","Gainesville Regional Utilities",13,"megawatthours"
"2026-09-27T21","FPC","Duke Energy Florida, Inc.","SEC","Seminole Electric Cooperative",-754,"megawatthours"
"2026-09-27T21","FPC","Duke Energy Florida, Inc.","SOCO","Southern Company Services, Inc. - Trans",116,"megawatthours"
"2026-09-27T21","FPC","Duke Energy Florida, Inc.","TAL","City of Tallahassee",-156,"megawatthours"
"2026-09-27T21","FPC","Duke Energy Florida, Inc.","TEC","Tampa Electric Company",512,"megawatthours"
"2026-09-27T21","FPL","Florida Power & Light Co.","FMPP","Florida Municipal Power Pool",18,"megawatthours"
"2026-09-27T21","FPL","Florida Power & Light Co.","FPC","Duke Energy Florida, Inc.",1064,"megawatthours"
"2026-09-27T21","FPL","Florida Power & Light Co.","GVL","Gainesville Regional Utilities",21,"megawatthours"
"2026-09-27T21","FPL","Florida Power & Light Co.","HST","City of Homestead",109,"megawatthours"
"2026-09-27T21","FPL","Florida Power & Light Co.","JEA","JEA",753,"megawatthours"
"2026-09-27T21","FPL","Florida Power & Light Co.","SEC","Seminole Electric Cooperative",-1080,"megawatthours"
"2026-09-27T21","FPL","Florida Power & Light Co.","SOCO","Southern Company Services, Inc. - Trans",-523,"megawatthours"
"2026-09-27T21","FPL","Florida Power & Light Co.","TEC","Tampa Electric Company",-195,"megawatthours"
"2026-09-27T21","GCPD","Public Utility District No. 2 of Grant County, Washington","AVA","Avista Corporation",10,"megawatthours"
"2026-09-27T21","GCPD","Public Utility District No. 2 of Grant County, Washington","BPAT","Bonneville Power Administration",-182,"megawatthours"
"2026-09-27T21","GCPD","Public Utility District No. 2 of Grant County, Washington","PACW","PacifiCorp West",55,"megawatthours"
"2026-09-27T21","GCPD","Public Utility District No. 2 of Grant County, Washington","PSEI","Puget Sound Energy, Inc.",-26,"megawatthours"
"2026-09-27T21","GVL","Gainesville Regional Utilities","FPC","Duke Energy Florida, Inc.",-12,"megawatthours"
"2026-09-27T21","GVL","Gainesville Regional Utilities","FPL","Florida Power & Light Co.",-21,"megawatthours"
"2026-09-27T21","GWA","NaturEner Power Watch, LLC","NWMT","NorthWestern Corporation",74,"megawatthours"
"2026-09-27T21","HST","City of Homestead","FPL","Florida Power & Light Co.",-109,"megawatthours"
"2026-09-27T21","LGEE","LG&E and KU Services Company as agent for Louisville Gas and Electric Company and Kentucky Utilities Company","MISO","Midcontinent Independent System Operator, Inc.",-128,"megawatthours"
"2026-09-27T21","LGEE","LG&E and KU Services Company as agent for Louisville Gas and Electric Company and Kentucky Utilities Company","PJM","PJM Interconnection, LLC",-51,"megawatthours"
"2026-09-27T21","LGEE","LG&E and KU Services Company as agent for Louisville Gas and Electric Company and Kentucky Utilities Company","TVA","Tennessee Valley Authority",-65,"megawatthours"
"2026-09-27T21","MIDA","Mid-Atlantic","CAR","Carolinas",-388,"megawatthours"
"2026-09-27T21","MIDA","Mid-Atlantic","MIDW","Midwest",2766,"megawatthours"
"2026-09-27T21","MIDA","Mid-Atlantic","NY","New York",2795,"megawatthours"
"2026-09-27T21","MIDA","Mid-Atlantic","TEN","Tennessee",-277,"megawatthours"
"2026-09-27T21","MIDW","Midwest","CENT","Central",189,"megawatthours"
"2026-09-27T21","MIDW","Midwest","MIDA","Mid-Atlantic",-51,"megawatthours"
"2026-09-27T21","MIDW","Midwest","TEN","Tennessee",99,"megawatthours"
"2026-09-27T21","NEVP","Nevada Power Company","BPAT","Bonneville Power Administration",-149,"megawatthours"
"2026-09-27T21","NEVP","Nevada Power Company","CISO","California Independent System Operator",993,"megawatthours"
"2026-09-27T21","NEVP","Nevada Power Company","IPCO","Idaho Power Company",-250,"megawatthours"
"2026-09-27T21","NEVP","Nevada Power Company","LDWP","Los Angeles Department of Water and Power",-1081,"megawatthours"
"2026-09-27T21","NEVP","Nevada Power Company","PACE","PacifiCorp East",-37,"megawatthours"
"2026-09-27T21","NEVP","Nevada Power Company","WALC","Western Area Power Administration - Desert Southwest Region",-538,"megawatthours"
"2026-09-27T21","NW","Northwest","CAL","California",-88,"megawatthours"
"2026-09-27T21","NW","Northwest","CENT","Central",0,"megawatthours"
"2026-09-27T21","NW","Northwest","SW","Southwest",-538,"megawatthours"
"2026-09-27T21","PGE","Portland General Electric Company","BPAT","Bonneville Power Administration",-1452,"megawatthours"
"2026-09-27T21","PGE","Portland General Electric Company","PACW","PacifiCorp West",-24,"megawatthours"
"2026-09-27T21","PJM","PJM Interconnection, LLC","CPLE","Duke Energy Progress East",-350,"megawatthours"
"2026-09-27T21","PJM","PJM Interconnection, LLC","CPLW","Duke Energy Progress West",101,"megawatthours"
"2026-09-27T21","PJM","PJM Interconnection, LLC","DUK","Duke Energy Carolinas",-139,"megawatthours"
"2026-09-27T21","PJM","PJM Interconnection, LLC","LGEE","LG&E and KU Services Company as agent for Louisville Gas and Electric Company and Kentucky Utilities Company",-167,"megawatthours"
"2026-09-27T21","PJM","PJM Interconnection, LLC","MISO","Midcontinent Independent System Operator, Inc.",2933,"megawatthours"
"2026-09-27T21","PJM","PJM Interconnection, LLC","NYIS","New York Independent System Operator",2795,"megawatthours"
"2026-09-27T21","PJM","PJM Interconnection, LLC","TVA","Tennessee Valley Authority",-277,"megawatthours"
"2026-09-27T21","PNM","Public Service Company of New Mexico","AZPS","Arizona Public Service Company",-2,"megawatthours"
"2026-09-27T21","PNM","Public Service Company of New Mexico","EPE","El Paso Electric Company",248,"megawatthours"
"2026-09-27T21","PNM","Public Service Company of New Mexico","GRID","Gridforce Energy Management, LLC",-11,"megawatthours"
"2026-09-27T21","PNM","Public Service Company of New Mexico","PSCO","Public Service Company of Colorado",-109,"megawatthours"
"2026-09-27T21","PNM","Public Service Company of New Mexico","SWPP","Southwest Power Pool",0,"megawatthours"
"2026-09-27T21","PNM","Public Service Company of New Mexico","SWPW","Southwest Power Pool West Balancing Authority Area",120,"megawatthours"
"2026-09-27T21","PNM","Public Service Company of New Mexico","TEPC","Tucson Electric Power",27,"megawatthours"
"2026-09-27T21","SCEG","Dominion Energy South Carolina, Inc.","CPLE","Duke Energy Progress East",65,"megawatthours"
"2026-09-27T21","SCEG","Dominion Energy South Carolina, Inc.","DUK","Duke Energy Carolinas",290,"megawatthours"
"2026-09-27T21","SCEG","Dominion Energy South Carolina, Inc.","SC","South Carolina Public Service Authority",1216,"megawatthours"
"2026-09-27T21","SCEG","Dominion Energy South Carolina, Inc.","SEPA","Southeastern Power Administration",-5,"megawatthours"
"2026-09-27T21","SCEG","Dominion Energy South Carolina, Inc.","SOCO","Southern Company Services, Inc. - Trans",-1346,"megawatthours"
"2026-09-27T21","SE","Southeast","CAR","Carolinas",-83,"megawatthours"
"2026-09-27T21","SEC","Seminole Electric Cooperative","FPC","Duke Energy Florida, Inc.",763,"megawatthours"
"2026-09-27T21","SEC","Seminole Electric Cooperative","FPL","Florida Power & Light Co.",1080,"megawatthours"
"2026-09-27T21","SEC","Seminole Electric Cooperative","JEA","JEA",-29,"megawatthours"
"2026-09-27T21","SEC","Seminole Electric Cooperative","TEC","Tampa Electric Company",36,"megawatthours"
"2026-09-27T21","SEPA","Southeastern Power Administration","DUK","Duke Energy Carolinas",-27,"megawatthours"
"2026-09-27T21","SEPA","Southeastern Power Administration","SC","South Carolina Public Service Authority",-61,"megawatthours"
"2026-09-27T21","SEPA","Southeastern Power Administration","SCEG","Dominion Energy South Carolina, Inc.",5,"megawatthours"
"2026-09-27T21","SEPA","Southeastern Power Administration","SOCO","Southern Company Services, Inc. - Trans",190,"megawatthours"
"2026-09-27T21","SIKE","Sikeston Board of Municipal Utilities","AECI","Associated Electric Cooperative, Inc.",70,"megawatthours"
"2026-09-27T21","SIKE","Sikeston Board of Municipal Utilities","MISO","Midcontinent Independent System Operator, Inc.",-33,"megawatthours"
"2026-09-27T21","SIKE","Sikeston Board of Municipal Utilities","SPA","Southwestern Power Administration",117,"megawatthours"
"2026-09-27T21","SIKE","Sikeston Board of Municipal Utilities","SWPP","Southwest Power Pool",-122,"megawatthours"
"2026-09-27T21","SRP","Salt River Project Agricultural Improvement and Power District","AZPS","Arizona Public Service Company",4424,"megawatthours"
"2026-09-27T21","SRP","Salt River Project Agricultural Improvement and Power District","CISO","California Independent System Operator",1059,"megawatthours"
"2026-09-27T21","SRP","Salt River Project Agricultural Improvement and Power District","DEAA","Arlington Valley, LLC",-485,"megawatthours"
"2026-09-27T21","SRP","Salt River Project Agricultural Improvement and Power District","GRID","Gridforce Energy Management, LLC",-545,"megawatthours"
"2026-09-27T21","SRP","Salt River Project Agricultural Improvement and Power District","TEPC","Tucson Electric Power",-725,"megawatthours"
"2026-09-27T21","SRP","Salt River Project Agricultural Improvement and Power District","WALC","Western Area Power Administration - Desert Southwest Region",171,"megawatthours"
"2026-09-27T21","SW","Southwest","CAL","California",1502,"megawatthours"
"2026-09-27T21","SW","Southwest","CENT","Central",0,"megawatthours"
"2026-09-27T21","SW","Southwest","NW","Northwest",-534,"megawatthours"
"2026-09-27T21","TAL","City of Tallahassee","FPC","Duke Energy Florida, Inc.",156,"megawatthours"
"2026-09-27T21","TAL","City of Tallahassee","SOCO","Southern Company Services, Inc. - Trans",-130,"megawatthours"
"2026-09-27T21","TEN","Tennessee","CAR","Carolinas",234,"megawatthours"
"2026-09-27T21","TEN","Tennessee","MIDA","Mid-Atlantic",347,"megawatthours"
"2026-09-27T21","TEN","Tennessee","MIDW","Midwest",-1155,"megawatthours"
"2026-09-27T21","TEN","Tennessee","SE","Southeast",588,"megawatthours"
"2026-09-27T21","TEPC","Tucson Electric Power","AZPS","Arizona Public Service Company",15,"megawatthours"
"2026-09-27T21","TEPC","Tucson Electric Power","EPE","El Paso Electric Company",-96,"megawatthours"
"2026-09-27T21","TEPC","Tucson Electric Power","PNM","Public Service Company of New Mexico",-27,"megawatthours"
"2026-09-27T21","TEPC","Tucson Electric Power","SRP","Salt River Project Agricultural Improvement and Power District",725,"megawatthours"
"2026-09-27T21","TEPC","Tucson Electric Power","WALC","Western Area Power Administration - Desert Southwest Region",-464,"megawatthours"
"2026-09-27T21","TPWR","City of Tacoma, Department of Public Utilities, Light Division","BPAT","Bonneville Power Administration",-343,"megawatthours"
"2026-09-27T21","TPWR","City of Tacoma, Department of Public Utilities, Light Division","PSEI","Puget Sound Energy, Inc.",46,"megawatthours"
"2026-09-27T21","TVA","Tennessee Valley Authority","AECI","Associated Electric Cooperative, Inc.",-164,"megawatthours"
"2026-09-27T21","TVA","Tennessee Valley Authority","CPLW","Duke Energy Progress West",54,"megawatthours"
"2026-09-27T21","TVA","Tennessee Valley Authority","DUK","Duke Energy Carolinas",180,"megawatthours"
"2026-09-27T21","TVA","Tennessee Valley Authority","LGEE","LG&E and KU Services Company as agent for Louisville Gas and Electric Company and Kentucky Utilities Company",65,"megawatthours"
"2026-09-27T21","TVA","Tennessee Valley Authority","MISO","Midcontinent Independent System Operator, Inc.",-1056,"megawatthours"
"2026-09-27T21","TVA","Tennessee Valley Authority","PJM","PJM Interconnection, LLC",347,"megawatthours"
"2026-09-27T21","TVA","Tennessee Valley Authority","SOCO","Southern Company Services, Inc. - Trans",588,"megawatthours"
"2026-09-27T21","WALC","Western Area Power Administration - Desert Southwest Region","AZPS","Arizona Public Service Company",-523,"megawatthours"
"2026-09-27T21","WALC","Western Area Power Administration - Desert Southwest Region","CISO","California Independent System Operator",11,"megawatthours"
"2026-09-27T21","WALC","Western Area Power Administration - Desert Southwest Region","GRID","Gridforce Energy Management, LLC",-437,"megawatthours"
"2026-09-27T21","WALC","Western Area Power Administration - Desert Southwest Region","IID","Imperial Irrigation District",7,"megawatthours"
"2026-09-27T21","WALC","Western Area Power Administration - Desert Southwest Region","LDWP","Los Angeles Department of Water and Power",425,"megawatthours"
"2026-09-27T21","WALC","Western Area Power Administration - Desert Southwest Region","NEVP","Nevada Power Company",538,"megawatthours"
"2026-09-27T21","WALC","Western Area Power Administration - Desert Southwest Region","SRP","Salt River Project Agricultural Improvement and Power District",-172,"megawatthours"
"2026-09-27T21","WALC","Western Area Power Administration - Desert Southwest Region","SWPW","Southwest Power Pool West Balancing Authority Area",-90,"megawatthours"
"2026-09-27T21","WALC","Western Area Power Administration - Desert Southwest Region","TEPC","Tucson Electric Power",464,"megawatthours"
"2026-09-27T21","YAD","Alcoa Power Generating, Inc. - Yadkin Division","CPLE","Duke Energy Progress East",-21,"megawatthours"
"2026-09-27T21","YAD","Alcoa Power Generating, Inc. - Yadkin Division","DUK","Duke Energy Carolinas",41,"megawatthours"
"2026-09-27T20","AECI","Associated Electric Cooperative, Inc.","MISO","Midcontinent Independent System Operator, Inc.",-610,"megawatthours"
"2026-09-27T20","AECI","Associated Electric Cooperative, Inc.","SIKE","Sikeston Board of Municipal Utilities",-63,"megawatthours"
"2026-09-27T20","AECI","Associated Electric Cooperative, Inc.","SPA","Southwestern Power Administration",-66,"megawatthours"
"2026-09-27T20","AECI","Associated Electric Cooperative, Inc.","SWPP","Southwest Power Pool",364,"megawatthours"
"2026-09-27T20","AECI","Associated Electric Cooperative, Inc.","TVA","Tennessee Valley Authority",124,"megawatthours"
"2026-09-27T20","AVA","Avista Corporation","BPAT","Bonneville Power Administration",-553,"megawatthours"
"2026-09-27T20","AVA","Avista Corporation","CHPD","Public Utility District No. 1 of Chelan County",-14,"megawatthours"
"2026-09-27T20","AVA","Avista Corporation","GCPD","Public Utility District No. 2 of Grant County, Washington",-1,"megawatthours"
"2026-09-27T20","AVA","Avista Corporation","IPCO","Idaho Power Company",119,"megawatthours"
"2026-09-27T20","AVA","Avista Corporation","NWMT","NorthWestern Corporation",-51,"megawatthours"
"2026-09-27T20","AVA","Avista Corporation","PACW","PacifiCorp West",95,"megawatthours"
"2026-09-27T20","BANC","Balancing Authority of Northern California","BPAT","Bonneville Power Administration",-165,"megawatthours"
"2026-09-27T20","BANC","Balancing Authority of Northern California","CISO","California Independent System Operator",260,"megawatthours"
"2026-09-27T20","BANC","Balancing Authority of Northern California","TIDC","Turlock Irrigation District",-406,"megawatthours"
"2026-09-27T20","BHBA","Black Hills Energy","PACE","PacifiCorp East",204,"megawatthours"
"2026-09-27T20","BHBA","Black Hills Energy","SWPP","Southwest Power Pool",0,"megawatthours"
"2026-09-27T20","BHBA","Black Hills Energy","SWPW","Southwest Power Pool West Balancing Authority Area",-85,"megawatthours"
"2026-09-27T20","CAL","California","NW","Northwest",-165,"megawatthours"
"2026-09-27T20","CAR","Carolinas","MIDA","Mid-Atlantic",54,"megawatthours"
"2026-09-27T20","CAR","Carolinas","SE","Southeast",-734,"megawatthours"
"2026-09-27T20","CAR","Carolinas","TEN","Tennessee",-195,"megawatthours"
"2026-09-27T20","CHPD","Public Utility District No. 1 of Chelan County","AVA","Avista Corporation",14,"megawatthours"
"2026-09-27T20","CHPD","Public Utility District No. 1 of Chelan County","BPAT","Bonneville Power Administration",393,"megawatthours"
"2026-09-27T20","CHPD","Public Utility District No. 1 of Chelan County","DOPD","PUD No. 1 of Douglas County",80,"megawatthours"
"2026-09-27T20","CHPD","Public Utility District No. 1 of Chelan County","PSEI","Puget Sound Energy, Inc.",126,"megawatthours"
"2026-09-27T20","CPLE","Duke Energy Progress East","DUK","Duke Energy Carolinas",313,"megawatthours"
"2026-09-27T20","CPLE","Duke Energy Progress East","PJM","PJM Interconnection, LLC",250,"megawatthours"
"2026-09-27T20","CPLE","Duke Energy Progress East","SC","South Carolina Public Service Authority",414,"megawatthours"
"2026-09-27T20","CPLE","Duke Energy Progress East","SCEG","Dominion Energy South Carolina, Inc.",-44,"megawatthours"
"2026-09-27T20","CPLE","Duke Energy Progress East","YAD","Alcoa Power Generating, Inc. - Yadkin Division",25,"megawatthours"
"2026-09-27T20","CPLW","Duke Energy Progress West","DUK","Duke Energy Carolinas",-11,"megawatthours"
"2026-09-27T20","CPLW","Duke Energy Progress West","PJM","PJM Interconnection, LLC",-136,"megawatthours"
"2026-09-27T20","CPLW","Duke Energy Progress West","TVA","Tennessee Valley Authority",-42,"megawatthours"
"2026-09-27T20","DUK","Duke Energy Carolinas","CPLE","Duke Energy Progress East",-313,"megawatthours"
"2026-09-27T20","DUK","Duke Energy Carolinas","CPLW","Duke Energy Progress West",11,"megawatthours"
"2026-09-27T20","DUK","Duke Energy Carolinas","PJM","PJM Interconnection, LLC",-60,"megawatthours"
"2026-09-27T20","DUK","Duke Energy Carolinas","SC","South Carolina Public Service Authority",-400,"megawatthours"
"2026-09-27T20","DUK","Duke Energy Carolinas","SCEG","Dominion Energy South Carolina, Inc.",-260,"megawatthours"
"2026-09-27T20","DUK","Duke Energy Carolinas","SEPA","Southeastern Power Administration",35,"megawatthours"
"2026-09-27T20","DUK","Duke Energy Carolinas","SOCO","Southern Company Services, Inc. - Trans",576,"megawatthours"
"2026-09-27T20","DUK","Duke Energy Carolinas","TVA","Tennessee Valley Authority",-153,"megawatthours"
"2026-09-27T20","DUK","Duke Energy Carolinas","YAD","Alcoa Power Generating, Inc. - Yadkin Division",-44,"megawatthours"
"2026-09-27T20","EPE","El Paso Electric Company","PNM","Public Service Company of New Mexico",-245,"megawatthours"
"2026-09-27T20","EPE","El Paso Electric Company","SWPP","Southwest Power Pool",0,"megawatthours"
"2026-09-27T20","EPE","El Paso Electric Company","TEPC","Tucson Electric Power",232,"megawatthours"
"2026-09-27T20","FLA","Florida","SE","Southeast",-508,"megawatthours"
"2026-09-27T20","FMPP","Florida Municipal Power Pool","FPC","Duke Energy Florida, Inc.",368,"megawatthours"
"2026-09-27T20","FMPP","Florida Municipal Power Pool","FPL","Florida Power & Light Co.",-100,"megawatthours"
"2026-09-27T20","FMPP","Florida Municipal Power Pool","JEA","JEA",-45,"megawatthours"
"2026-09-27T20","FMPP","Florida Municipal Power Pool","TEC","Tampa Electric Company",-343,"megawatthours"
"2026-09-27T20","FPC","Duke Energy Florida, Inc.","FMPP","Florida Municipal Power Pool",-356,"megawatthours"
"2026-09-27T20","FPC","Duke Energy Florida, Inc.","FPL","Florida Power & Light Co.",-978,"megawatthours"
"2026-09-27T20","FPC","Duke Energy Florida, Inc.","GVL","Gainesville Regional Utilities",4,"megawatthours"
"2026-09-27T20","FPC","Duke Energy Florida, Inc.","SEC","Seminole Electric Cooperative",-741,"megawatthours"
"2026-09-27T20","FPC","Duke Energy Florida, Inc.","SOCO","Southern Company Services, Inc. - Trans",122,"megawatthours"
"2026-09-27T20","FPC","Duke Energy Florida, Inc.","TAL","City of Tallahassee",-145,"megawatthours"
"2026-09-27T20","FPC","Duke Energy Florida, Inc.","TEC","Tampa Electric Company",371,"megawatthours"
"2026-09-27T20","FPL","Florida Power & Light Co.","FMPP","Florida Municipal Power Pool",100,"megawatthours"
"2026-09-27T20","FPL","Florida Power & Light Co.","FPC","Duke Energy Florida, Inc.",978,"megawatthours"
"2026-09-27T20","FPL","Florida Power & Light Co.","GVL","Gainesville Regional Utilities",27,"megawatthours"
"2026-09-27T20","FPL","Florida Power & Light Co.","HST","City of Homestead",108,"megawatthours"
"2026-09-27T20","FPL","Florida Power & Light Co.","JEA","JEA",771,"megawatthours"
"2026-09-27T20","FPL","Florida Power & Light Co.","SEC","Seminole Electric Cooperative",-1031,"megawatthours"
"2026-09-27T20","FPL","Florida Power & Light Co.","SOCO","Southern Company Services, Inc. - Trans",-510,"megawatthours"
"2026-09-27T20","FPL","Florida Power & Light Co.","TEC","Tampa Electric Company",-194,"megawatthours"
"2026-09-27T20","GCPD","Public Utility District No. 2 of Grant County, Washington","AVA","Avista Corporation",1,"megawatthours"
"2026-09-27T20","GCPD","Public Utility District No. 2 of Grant County, Washington","BPAT","Bonneville Power Administration",-111,"megawatthours"
"2026-09-27T20","GCPD","Public Utility District No. 2 of Grant County, Washington","PACW","PacifiCorp West",57,"megawatthours"
"2026-09-27T20","GCPD","Public Utility District No. 2 of Grant County, Washington","PSEI","Puget Sound Energy, Inc.",-52,"megawatthours"
"2026-09-27T20","GVL","Gainesville Regional Utilities","FPC","Duke Energy Florida, Inc.",-4,"megawatthours"
"2026-09-27T20","GVL","Gainesville Regional Utilities","FPL","Florida Power & Light Co.",-26,"megawatthours"
"2026-09-27T20","GWA","NaturEner Power Watch, LLC","NWMT","NorthWestern Corporation",97,"megawatthours"
"2026-09-27T20","HST","City of Homestead","FPL","Florida Power & Light Co.",-108,"megawatthours"
"2026-09-27T20","LGEE","LG&E and KU Services Company as agent for Louisville Gas and Electric Company and Kentucky Utilities Company","MISO","Midcontinent Independent System Operator, Inc.",-250,"megawatthours"
"2026-09-27T20","LGEE","LG&E and KU Services Company as agent for Louisville Gas and Electric Company and Kentucky Utilities Company","PJM","PJM Interconnection, LLC",39,"megawatthours"
"2026-09-27T20","LGEE","LG&E and KU Services Company as agent for Louisville Gas and Electric Company and Kentucky Utilities Company","TVA","Tennessee Valley Authority",-19,"megawatthours"
"2026-09-27T20","MIDA","Mid-Atlantic","CAR","Carolinas",-554,"megawatthours"
"2026-09-27T20","MIDA","Mid-Atlantic","MIDW","Midwest",2996,"megawatthours"
"2026-09-27T20","MIDA","Mid-Atlantic","NY","New York",2732,"megawatthours"
"2026-09-27T20","MIDA","Mid-Atlantic","TEN","Tennessee",-328,"megawatthours"
"2026-09-27T20","MIDW","Midwest","CENT","Central",288,"megawatthours"
"2026-09-27T20","MIDW","Midwest","MIDA","Mid-Atlantic",39,"megawatthours"
"2026-09-27T20","MIDW","Midwest","TEN","Tennessee",105,"megawatthours"
"2026-09-27T20","NEVP","Nevada Power Company","BPAT","Bonneville Power Administration",-85,"megawatthours"
"2026-09-27T20","NEVP","Nevada Power Company","CISO","California Independent System Operator",1156,"megawatthours"
"2026-09-27T20","NEVP","Nevada Power Company","IPCO","Idaho Power Company",-89,"megawatthours"
"2026-09-27T20","NEVP","Nevada Power Company","LDWP","Los Angeles Department of Water and Power",-897,"megawatthours"
"2026-09-27T20","NEVP","Nevada Power Company","PACE","PacifiCorp East",-44,"megawatthours"
"2026-09-27T20","NEVP","Nevada Power Company","WALC","Western Area Power Administration - Desert Southwest Region",-348,"megawatthours"
"2026-09-27T20","NW","Northwest","CAL","California",259,"megawatthours"
"2026-09-27T20","NW","Northwest","CENT","Central",0,"megawatthours"
"2026-09-27T20","NW","Northwest","SW","Southwest",-348,"megawatthours"
"2026-09-27T20","PGE","Portland General Electric Company","BPAT","Bonneville Power Administration",-1487,"megawatthours"
"2026-09-27T20","PGE","Portland General Electric Company","PACW","PacifiCorp West",-20,"megawatthours"
"2026-09-27T20","PJM","PJM Interconnection, LLC","CPLE","Duke Energy Progress East",-479,"megawatthours"
"2026-09-27T20","PJM","PJM Interconnection, LLC","CPLW","Duke Energy Progress West",113,"megawatthours"
"2026-09-27T20","PJM","PJM Interconnection, LLC","DUK","Duke Energy Carolinas",-188,"megawatthours"
"2026-09-27T20","PJM","PJM Interconnection, LLC","LGEE","LG&E and KU Services Company as agent for Louisville Gas and Electric Company and Kentucky Utilities Company",-152,"megawatthours"
"2026-09-27T20","PJM","PJM Interconnection, LLC","MISO","Midcontinent Independent System Operator, Inc.",3148,"megawatthours"
"2026-09-27T20","PJM","PJM Interconnection, LLC","NYIS","New York Independent System Operator",2732,"megawatthours"
"2026-09-27T20","PJM","PJM Interconnection, LLC","TVA","Tennessee Valley Authority",-328,"megawatthours"
"2026-09-27T20","PNM","Public Service Company of New Mexico","AZPS","Arizona Public Service Company",-29,"megawatthours"
"2026-09-27T20","PNM","Public Service Company of New Mexico","EPE","El Paso Electric Company",245,"megawatthours"
"2026-09-27T20","PNM","Public Service Company of New Mexico","GRID","Gridforce Energy Management, LLC",-4,"megawatthours"
"2026-09-27T20","PNM","Public Service Company of New Mexico","PSCO","Public Service Company of Colorado",-97,"megawatthours"
"2026-09-27T20","PNM","Public Service Company of New Mexico","SWPP","Southwest Power Pool",0,"megawatthours"
"2026-09-27T20","PNM","Public Service Company of New Mexico","SWPW","Southwest Power Pool West Balancing Authority Area",126,"megawatthours"
"2026-09-27T20","PNM","Public Service Company of New Mexico","TEPC","Tucson Electric Power",30,"megawatthours"
"2026-09-27T20","SCEG","Dominion Energy South Carolina, Inc.","CPLE","Duke Energy Progress East",44,"megawatthours"
"2026-09-27T20","SCEG","Dominion Energy South Carolina, Inc.","DUK","Duke Energy Carolinas",260,"megawatthours"
"2026-09-27T20","SCEG","Dominion Energy South Carolina, Inc.","SC","South Carolina Public Service Authority",1201,"megawatthours"
"2026-09-27T20","SCEG","Dominion Energy South Carolina, Inc.","SEPA","Southeastern Power Administration",-6,"megawatthours"
"2026-09-27T20","SCEG","Dominion Energy South Carolina, Inc.","SOCO","Southern Company Services, Inc. - Trans",-1339,"megawatthours"
"2026-09-27T20","SE","Southeast","CAR","Carolinas",-94,"megawatthours"
"2026-09-27T20","SEC","Seminole Electric Cooperative","FPC","Duke Energy Florida, Inc.",750,"megawatthours"
"2026-09-27T20","SEC","Seminole Electric Cooperative","FPL","Florida Power & Light Co.",1031,"megawatthours"
"2026-09-27T20","SEC","Seminole Electric Cooperative","JEA","JEA",-29,"megawatthours"
"2026-09-27T20","SEC","Seminole Electric Cooperative","TEC","Tampa Electric Company",123,"megawatthours"
"2026-09-27T20","SEPA","Southeastern Power Administration","DUK","Duke Energy Carolinas",-35,"megawatthours"
"2026-09-27T20","SEPA","Southeastern Power Administration","SC","South Carolina Public Service Authority",-65,"megawatthours"
"2026-09-27T20","SEPA","Southeastern Power Administration","SCEG","Dominion Energy South Carolina, Inc.",6,"megawatthours"
"2026-09-27T20","SEPA","Southeastern Power Administration","SOCO","Southern Company Services, Inc. - Trans",196,"megawatthours"
"2026-09-27T20","SIKE","Sikeston Board of Municipal Utilities","AECI","Associated Electric Cooperative, Inc.",64,"megawatthours"
"2026-09-27T20","SIKE","Sikeston Board of Municipal Utilities","MISO","Midcontinent Independent System Operator, Inc.",-22,"megawatthours"
"2026-09-27T20","SIKE","Sikeston Board of Municipal Utilities","SPA","Southwestern Power Administration",113,"megawatthours"
"2026-09-27T20","SIKE","Sikeston Board of Municipal Utilities","SWPP","Southwest Power Pool",-123,"megawatthours"
"2026-09-27T20","SRP","Salt River Project Agricultural Improvement and Power District","AZPS","Arizona Public Service Company",4767,"megawatthours"
"2026-09-27T20","SRP","Salt River Project Agricultural Improvement and Power District","CISO","California Independent System Operator",1013,"megawatthours"
"2026-09-27T20","SRP","Salt River Project Agricultural Improvement and Power District","DEAA","Arlington Valley, LLC",-486,"megawatthours"
"2026-09-27T20","SRP","Salt River Project Agricultural Improvement and Power District","GRID","Gridforce Energy Management, LLC",-469,"megawatthours"
"2026-09-27T20","SRP","Salt River Project Agricultural Improvement and Power District","TEPC","Tucson Electric Power",-710,"megawatthours"
"2026-09-27T20","SRP","Salt River Project Agricultural Improvement and Power District","WALC","Western Area Power Administration - Desert Southwest Region",140,"megawatthours"
"2026-09-27T20","SW","Southwest","CAL","California",1464,"megawatthours"
"2026-09-27T20","SW","Southwest","CENT","Central",0,"megawatthours"
"2026-09-27T20","SW","Southwest","NW","Northwest",-647,"megawatthours"
"2026-09-27T20","TAL","City of Tallahassee","FPC","Duke Energy Florida, Inc.",145,"megawatthours"
"2026-09-27T20","TAL","City of Tallahassee","SOCO","Southern Company Services, Inc. - Trans",-120,"megawatthours"
"2026-09-27T20","TEN","Tennessee","CAR","Carolinas",195,"megawatthours"
"2026-09-27T20","TEN","Tennessee","MIDA","Mid-Atlantic",217,"megawatthours"
"2026-09-27T20","TEN","Tennessee","MIDW","Midwest",-1073,"megawatthours"
"2026-09-27T20","TEN","Tennessee","SE","Southeast",847,"megawatthours"
"2026-09-27T20","TEPC","Tucson Electric Power","AZPS","Arizona Public Service Company",-20,"megawatthours"
"2026-09-27T20","TEPC","Tucson Electric Power","EPE","El Paso Electric Company",-232,"megawatthours"
"2026-09-27T20","TEPC","Tucson Electric Power","PNM","Public Service Company of New Mexico",-30,"megawatthours"
"2026-09-27T20","TEPC","Tucson Electric Power","SRP","Salt River Project Agricultural Improvement and Power District",710,"megawatthours"
"2026-09-27T20","TEPC","Tucson Electric Power","WALC","Western Area Power Administration - Desert Southwest Region",-433,"megawatthours"
"2026-09-27T20","TPWR","City of Tacoma, Department of Public Utilities, Light Division","BPAT","Bonneville Power Administration",-345,"megawatthours"
"2026-09-27T20","TPWR","City of Tacoma, Department of Public Utilities, Light Division","PSEI","Puget Sound Energy, Inc.",47,"megawatthours"
"2026-09-27T20","TVA","Tennessee Valley Authority","AECI","Associated Electric Cooperative, Inc.",-124,"megawatthours"
"2026-09-27T20","TVA","Tennessee Valley Authority","CPLW","Duke Energy Progress West",42,"megawatthours"
"2026-09-27T20","TVA","Tennessee Valley Authority","DUK","Duke Energy Carolinas",153,"megawatthours"
"2026-09-27T20","TVA","Tennessee Valley Authority","LGEE","LG&E and KU Services Company as agent for Louisville Gas and Electric Company and Kentucky Utilities Company",19,"megawatthours"
"2026-09-27T20","TVA","Tennessee Valley Authority","MISO","Midcontinent Independent System Operator, Inc.",-968,"megawatthours"
"2026-09-27T20","TVA","Tennessee Valley Authority","PJM","PJM Interconnection, LLC",217,"megawatthours"
"2026-09-27T20","TVA","Tennessee Valley Authority","SOCO","Southern Company Services, Inc. - Trans",847,"megawatthours"
"2026-09-27T20","WALC","Western Area Power Administration - Desert Southwest Region","AZPS","Arizona Public Service Company",-318,"megawatthours"
"2026-09-27T20","WALC","Western Area Power Administration - Desert Southwest Region","CISO","California Independent System Operator",44,"megawatthours"
"2026-09-27T20","WALC","Western Area Power Administration - Desert Southwest Region","GRID","Gridforce Energy Management, LLC",-439,"megawatthours"
"2026-09-27T20","WALC","Western Area Power Administration - Desert Southwest Region","IID","Imperial Irrigation District",6,"megawatthours"
"2026-09-27T20","WALC","Western Area Power Administration - Desert Southwest Region","LDWP","Los Angeles Department of Water and Power",401,"megawatthours"
"2026-09-27T20","WALC","Western Area Power Administration - Desert Southwest Region","NEVP","Nevada Power Company",348,"megawatthours"
"2026-09-27T20","WALC","Western Area Power Administration - Desert Southwest Region","SRP","Salt River Project Agricultural Improvement and Power District",-139,"megawatthours"
"2026-09-27T20","WALC","Western Area Power Administration - Desert Southwest Region","SWPW","Southwest Power Pool West Balancing Authority Area",-112,"megawatthours"
"2026-09-27T20","WALC","Western Area Power Administration - Desert Southwest Region","TEPC","Tucson Electric Power",433,"megawatthours"
"2026-09-27T20","YAD","Alcoa Power Generating, Inc. - Yadkin Division","CPLE","Duke Energy Progress East",-25,"megawatthours"
"2026-09-27T20","YAD","Alcoa Power Generating, Inc. - Yadkin Division","DUK","Duke Energy Carolinas",44,"megawatthours"
"2026-09-27T19","AECI","Associated Electric Cooperative, Inc.","MISO","Midcontinent Independent System Operator, Inc.",-658,"megawatthours"
"2026-09-27T19","AECI","Associated Electric Cooperative, Inc.","SIKE","Sikeston Board of Municipal Utilities",-51,"megawatthours"
"2026-09-27T19","AECI","Associated Electric Cooperative, Inc.","SPA","Southwestern Power Administration",-85,"megawatthours"
"2026-09-27T19","AECI","Associated Electric Cooperative, Inc.","SWPP","Southwest Power Pool",283,"megawatthours"
"2026-09-27T19","AECI","Associated Electric Cooperative, Inc.","TVA","Tennessee Valley Authority",114,"megawatthours"
"2026-09-27T19","AVA","Avista Corporation","BPAT","Bonneville Power Administration",-676,"megawatthours"
"2026-09-27T19","AVA","Avista Corporation","CHPD","Public Utility District No. 1 of Chelan County",-14,"megawatthours"
"2026-09-27T19","AVA","Avista Corporation","GCPD","Public Utility District No. 2 of Grant County, Washington",3,"megawatthours"
"2026-09-27T19","AVA","Avista Corporation","IPCO","Idaho Power Company",105,"megawatthours"
"2026-09-27T19","AVA","Avista Corporation","NWMT","NorthWestern Corporation",-53,"megawatthours"
"2026-09-27T19","AVA","Avista Corporation","PACW","PacifiCorp West",90,"megawatthours"
"2026-09-27T19","BANC","Balancing Authority of Northern California","BPAT","Bonneville Power Administration",-36,"megawatthours"
"2026-09-27T19","BANC","Balancing Authority of Northern California","CISO","California Independent System Operator",-33,"megawatthours"
"2026-09-27T19","BANC","Balancing Authority of Northern California","TIDC","Turlock Irrigation District",-433,"megawatthours"
"2026-09-27T19","BHBA","Black Hills Energy","PACE","PacifiCorp East",219,"megawatthours"
"2026-09-27T19","BHBA","Black Hills Energy","SWPP","Southwest Power Pool",0,"megawatthours"
"2026-09-27T19","BHBA","Black Hills Energy","SWPW","Southwest Power Pool West Balancing Authority Area",-99,"megawatthours"
"2026-09-27T19","CAL","California","NW","Northwest",-36,"megawatthours"
"2026-09-27T19","CAR","Carolinas","MIDA","Mid-Atlantic",177,"megawatthours"
"2026-09-27T19","CAR","Carolinas","SE","Southeast",-798,"megawatthours"
"2026-09-27T19","CAR","Carolinas","TEN","Tennessee",-169,"megawatthours"
"2026-09-27T19","CHPD","Public Utility District No. 1 of Chelan County","AVA","Avista Corporation",14,"megawatthours"
"2026-09-27T19","CHPD","Public Utility District No. 1 of Chelan County","BPAT","Bonneville Power Administration",388,"megawatthours"
"2026-09-27T19","CHPD","Public Utility District No. 1 of Chelan County","DOPD","PUD No. 1 of Douglas County",56,"megawatthours"
"2026-09-27T19","CHPD","Public Utility District No. 1 of Chelan County","PSEI","Puget Sound Energy, Inc.",127,"megawatthours"
"2026-09-27T19","CPLE","Duke Energy Progress East","DUK","Duke Energy Carolinas",464,"megawatthours"
"2026-09-27T19","CPLE","Duke Energy Progress East","PJM","PJM Interconnection, LLC",240,"megawatthours"
"2026-09-27T19","CPLE","Duke Energy Progress East","SC","South Carolina Public Service Authority",419,"megawatthours"
"2026-09-27T19","CPLE","Duke Energy Progress East","SCEG","Dominion Energy South Carolina, Inc.",-40,"megawatthours"
"2026-09-27T19","CPLE","Duke Energy Progress East","YAD","Alcoa Power Generating, Inc. - Yadkin Division",30,"megawatthours"
"2026-09-27T19","CPLW","Duke Energy Progress West","DUK","Duke Energy Carolinas",-40,"megawatthours"
"2026-09-27T19","CPLW","Duke Energy Progress West","PJM","PJM Interconnection, LLC",-107,"megawatthours"
"2026-09-27T19","CPLW","Duke Energy Progress West","TVA","Tennessee Valley Authority",-30,"megawatthours"
"2026-09-27T19","DUK","Duke Energy Carolinas","CPLE","Duke Energy Progress East",-464,"megawatthours"
"2026-09-27T19","DUK","Duke Energy Carolinas","CPLW","Duke Energy Progress West",40,"megawatthours"
"2026-09-27T19","DUK","Duke Energy Carolinas","PJM","PJM Interconnection, LLC",44,"megawatthours"
"2026-09-27T19","DUK","Duke Energy Carolinas","SC","South Carolina Public Service Authority",-407,"megawatthours"
"2026-09-27T19","DUK","Duke Energy Carolinas","SCEG","Dominion Energy South Carolina, Inc.",-284,"megawatthours"
"2026-09-27T19","DUK","Duke Energy Carolinas","SEPA","Southeastern Power Administration",38,"megawatthours"
"2026-09-27T19","DUK","Duke Energy Carolinas","SOCO","Southern Company Services, Inc. - Trans",511,"megawatthours"
"2026-09-27T19","DUK","Duke Energy Carolinas","TVA","Tennessee Valley Authority",-139,"megawatthours"
"2026-09-27T19","DUK","Duke Energy Carolinas","YAD","Alcoa Power Generating, Inc. - Yadkin Division",-51,"megawatthours"
"2026-09-27T19","EPE","El Paso Electric Company","PNM","Public Service Company of New Mexico",-257,"megawatthours"
"2026-09-27T19","EPE","El Paso Electric Company","SWPP","Southwest Power Pool",0,"megawatthours"
"2026-09-27T19","EPE","El Paso Electric Company","TEPC","Tucson Electric Power",302,"megawatthours"
"2026-09-27T19","FLA","Florida","SE","Southeast",-324,"megawatthours"
"2026-09-27T19","FMPP","Florida Municipal Power Pool","FPC","Duke Energy Florida, Inc.",358,"megawatthours"
"2026-09-27T19","FMPP","Florida Municipal Power Pool","FPL","Florida Power & Light Co.",-162,"megawatthours"
"2026-09-27T19","FMPP","Florida Municipal Power Pool","JEA","JEA",-41,"megawatthours"
"2026-09-27T19","FMPP","Florida Municipal Power Pool","TEC","Tampa Electric Company",-310,"megawatthours"
"2026-09-27T19","FPC","Duke Energy Florida, Inc.","FMPP","Florida Municipal Power Pool",-347,"megawatthours"
"2026-09-27T19","FPC","Duke Energy Florida, Inc.","FPL","Florida Power & Light Co.",-1009,"megawatthours"
"2026-09-27T19","FPC","Duke Energy Florida, Inc.","GVL","Gainesville Regional Utilities",1,"megawatthours"
"2026-09-27T19","FPC","Duke Energy Florida, Inc.","SEC","Seminole Electric Cooperative",-674,"megawatthours"
"2026-09-27T19","FPC","Duke Energy Florida, Inc.","SOCO","Southern Company Services, Inc. - Trans",130,"megawatthours"
"2026-09-27T19","FPC","Duke Energy Florida, Inc.","TAL","City of Tallahassee",-130,"megawatthours"
"2026-09-27T19","FPC","Duke Energy Florida, Inc.","TEC","Tampa Electric Company",335,"megawatthours"
"2026-09-27T19","FPL","Florida Power & Light Co.","FMPP","Florida Municipal Power Pool",162,"megawatthours"
"2026-09-27T19","FPL","Florida Power & Light Co.","FPC","Duke Energy Florida, Inc.",1009,"megawatthours"
"2026-09-27T19","FPL","Florida Power & Light Co.","GVL","Gainesville Regional Utilities",29,"megawatthours"
"2026-09-27T19","FPL","Florida Power & Light Co.","HST","City of Homestead",105,"megawatthours"
"2026-09-27T19","FPL","Florida Power & Light Co.","JEA","JEA",770,"megawatthours"
"2026-09-27T19","FPL","Florida Power & Light Co.","SEC","Seminole Electric Cooperative",-1013,"megawatthours"
"2026-09-27T19","FPL","Florida Power & Light Co.","SOCO","Southern Company Services, Inc. - Trans",-350,"megawatthours"
"2026-09-27T19","FPL","Florida Power & Light Co.","TEC","Tampa Electric Company",-144,"megawatthours"
"2026-09-27T19","GCPD","Public Utility District No. 2 of Grant County, Washington","AVA","Avista Corporation",-3,"megawatthours"
"2026-09-27T19","GCPD","Public Utility District No. 2 of Grant County, Washington","BPAT","Bonneville Power Administration",-86,"megawatthours"
"2026-09-27T19","GCPD","Public Utility District No. 2 of Grant County, Washington","PACW","PacifiCorp West",56,"megawatthours"
"2026-09-27T19","GCPD","Public Utility District No. 2 of Grant County, Washington","PSEI","Puget Sound Energy, Inc.",-53,"megawatthours"
"2026-09-27T19","GVL","Gainesville Regional Utilities","FPC","Duke Energy Florida, Inc.",0,"megawatthours"
"2026-09-27T19","GVL","Gainesville Regional Utilities","FPL","Florida Power & Light Co.",-28,"megawatthours"
"2026-09-27T19","GWA","NaturEner Power Watch, LLC","NWMT","NorthWestern Corporation",99,"megawatthours"
"2026-09-27T19","HST","City of Homestead","FPL","Florida Power & Light Co.",-105,"megawatthours"
"2026-09-27T19","LGEE","LG&E and KU Services Company as agent for Louisville Gas and Electric Company and Kentucky Utilities Company","MISO","Midcontinent Independent System Operator, Inc.",-260,"megawatthours"
"2026-09-27T19","LGEE","LG&E and KU Services Company as agent for Louisville Gas and Electric Company and Kentucky Utilities Company","PJM","PJM Interconnection, LLC",78,"megawatthours"
"2026-09-27T19","LGEE","LG&E and KU Services Company as agent for Louisville Gas and Electric Company and Kentucky Utilities Company","TVA","Tennessee Valley Authority",-40,"megawatthours"
"2026-09-27T19","MIDA","Mid-Atlantic","CAR","Carolinas",-748,"megawatthours"
"2026-09-27T19","MIDA","Mid-Atlantic","MIDW","Midwest",3784,"megawatthours"
"2026-09-27T19","MIDA","Mid-Atlantic","NY","New York",2849,"megawatthours"
"2026-09-27T19","MIDA","Mid-Atlantic","TEN","Tennessee",-392,"megawatthours"
"2026-09-27T19","MIDW","Midwest","CENT","Central",182,"megawatthours"
"2026-09-27T19","MIDW","Midwest","MIDA","Mid-Atlantic",78,"megawatthours"
"2026-09-27T19","MIDW","Midwest","TEN","Tennessee",74,"megawatthours"
"2026-09-27T19","NEVP","Nevada Power Company","BPAT","Bonneville Power Administration",-156,"megawatthours"
"2026-09-27T19","NEVP","Nevada Power Company","CISO","California Independent System Operator",1309,"megawatthours"
"2026-09-27T19","NEVP","Nevada Power Company","IPCO","Idaho Power Company",-174,"megawatthours"
"2026-09-27T19","NEVP","Nevada Power Company","LDWP","Los Angeles Department of Water and Power",-763,"megawatthours"
"2026-09-27T19","NEVP","Nevada Power Company","PACE","PacifiCorp East",-36,"megawatthours"
"2026-09-27T19","NEVP","Nevada Power Company","WALC","Western Area Power Administration - Desert Southwest Region",-196,"megawatthours"
"2026-09-27T19","NW","Northwest","CAL","California",546,"megawatthours"
"2026-09-27T19","NW","Northwest","CENT","Central",0,"megawatthours"
"2026-09-27T19","NW","Northwest","SW","Southwest",-196,"megawatthours"
"2026-09-27T19","PGE","Portland General Electric Company","BPAT","Bonneville Power Administration",-1392,"megawatthours"
"2026-09-27T19","PGE","Portland General Electric Company","PACW","PacifiCorp West",-22,"megawatthours"
"2026-09-27T19","PJM","PJM Interconnection, LLC","CPLE","Duke Energy Progress East",-543,"megawatthours"
"2026-09-27T19","PJM","PJM Interconnection, LLC","CPLW","Duke Energy Progress West",99,"megawatthours"
"2026-09-27T19","PJM","PJM Interconnection, LLC","DUK","Duke Energy Carolinas",-304,"megawatthours"
"2026-09-27T19","PJM","PJM Interconnection, LLC","LGEE","LG&E and KU Services Company as agent for Louisville Gas and Electric Company and Kentucky Utilities Company",-134,"megawatthours"
"2026-09-27T19","PJM","PJM Interconnection, LLC","MISO","Midcontinent Independent System Operator, Inc.",3918,"megawatthours"
"2026-09-27T19","PJM","PJM Interconnection, LLC","NYIS","New York Independent System Operator",2849,"megawatthours"
"2026-09-27T19","PJM","PJM Interconnection, LLC","TVA","Tennessee Valley Authority",-392,"megawatthours"
"2026-09-27T19","PNM","Public Service Company of New Mexico","AZPS","Arizona Public Service Company",-40,"megawatthours"
"2026-09-27T19","PNM","Public Service Company of New Mexico","EPE","El Paso Electric Company",257,"megawatthours"
"2026-09-27T19","PNM","Public Service Company of New Mexico","GRID","Gridforce Energy Management, LLC",-2,"megawatthours"
"2026-09-27T19","PNM","Public Service Company of New Mexico","PSCO","Public Service Company of Colorado",-79,"megawatthours"
"2026-09-27T19","PNM","Public Service Company of New Mexico","SWPP","Southwest Power Pool",0,"megawatthours"
"2026-09-27T19","PNM","Public Service Company of New Mexico","SWPW","Southwest Power Pool West Balancing Authority Area",171,"megawatthours"
"2026-09-27T19","PNM","Public Service Company of New Mexico","TEPC","Tucson Electric Power",-57,"megawatthours"
"2026-09-27T19","SCEG","Dominion Energy South Carolina, Inc.","CPLE","Duke Energy Progress East",40,"megawatthours"
"2026-09-27T19","SCEG","Dominion Energy South Carolina, Inc.","DUK","Duke Energy Carolinas",284,"megawatthours"
"2026-09-27T19","SCEG","Dominion Energy South Carolina, Inc.","SC","South Carolina Public Service Authority",1198,"megawatthours"
"2026-09-27T19","SCEG","Dominion Energy South Carolina, Inc.","SEPA","Southeastern Power Administration",13,"megawatthours"
"2026-09-27T19","SCEG","Dominion Energy South Carolina, Inc.","SOCO","Southern Company Services, Inc. - Trans",-1360,"megawatthours"
"2026-09-27T19","SE","Southeast","CAR","Carolinas",-141,"megawatthours"
"2026-09-27T19","SEC","Seminole Electric Cooperative","FPC","Duke Energy Florida, Inc.",681,"megawatthours"
"2026-09-27T19","SEC","Seminole Electric Cooperative","FPL","Florida Power & Light Co.",1013,"megawatthours"
"2026-09-27T19","SEC","Seminole Electric Cooperative","JEA","JEA",-18,"megawatthours"
"2026-09-27T19","SEC","Seminole Electric Cooperative","TEC","Tampa Electric Company",135,"megawatthours"
"2026-09-27T19","SEPA","Southeastern Power Administration","DUK","Duke Energy Carolinas",-38,"megawatthours"
"2026-09-27T19","SEPA","Southeastern Power Administration","SC","South Carolina Public Service Authority",-90,"megawatthours"
"2026-09-27T19","SEPA","Southeastern Power Administration","SCEG","Dominion Energy South Carolina, Inc.",-13,"megawatthours"
"2026-09-27T19","SEPA","Southeastern Power Administration","SOCO","Southern Company Services, Inc. - Trans",177,"megawatthours"
"2026-09-27T19","SIKE","Sikeston Board of Municipal Utilities","AECI","Associated Electric Cooperative, Inc.",51,"megawatthours"
"2026-09-27T19","SIKE","Sikeston Board of Municipal Utilities","MISO","Midcontinent Independent System Operator, Inc.",-3,"megawatthours"
"2026-09-27T19","SIKE","Sikeston Board of Municipal Utilities","SPA","Southwestern Power Administration",106,"megawatthours"
"2026-09-27T19","SIKE","Sikeston Board of Municipal Utilities","SWPP","Southwest Power Pool",-122,"megawatthours"
"2026-09-27T19","SRP","Salt River Project Agricultural Improvement and Power District","AZPS","Arizona Public Service Company",4394,"megawatthours"
"2026-09-27T19","SRP","Salt River Project Agricultural Improvement and Power District","CISO","California Independent System Operator",1292,"megawatthours"
"2026-09-27T19","SRP","Salt River Project Agricultural Improvement and Power District","DEAA","Arlington Valley, LLC",-486,"megawatthours"
"2026-09-27T19","SRP","Salt River Project Agricultural Improvement and Power District","GRID","Gridforce Energy Management, LLC",-496,"megawatthours"
"2026-09-27T19","SRP","Salt River Project Agricultural Improvement and Power District","TEPC","Tucson Electric Power",-904,"megawatthours"
"2026-09-27T19","SRP","Salt River Project Agricultural Improvement and Power District","WALC","Western Area Power Administration - Desert Southwest Region",120,"megawatthours"
"2026-09-27T19","SW","Southwest","CAL","California",1728,"megawatthours"
"2026-09-27T19","SW","Southwest","CENT","Central",0,"megawatthours"
"2026-09-27T19","SW","Southwest","NW","Northwest",-751,"megawatthours"
"2026-09-27T19","TAL","City of Tallahassee","FPC","Duke Energy Florida, Inc.",129,"megawatthours"
"2026-09-27T19","TAL","City of Tallahassee","SOCO","Southern Company Services, Inc. - Trans",-104,"megawatthours"
"2026-09-27T19","TEN","Tennessee","CAR","Carolinas",169,"megawatthours"
"2026-09-27T19","TEN","Tennessee","MIDA","Mid-Atlantic",273,"megawatthours"
"2026-09-27T19","TEN","Tennessee","MIDW","Midwest",-1127,"megawatthours"
"2026-09-27T19","TEN","Tennessee","SE","Southeast",846,"megawatthours"
"2026-09-27T19","TEPC","Tucson Electric Power","AZPS","Arizona Public Service Company",15,"megawatthours"
"2026-09-27T19","TEPC","Tucson Electric Power","EPE","El Paso Electric Company",-302,"megawatthours"
"2026-09-27T19","TEPC","Tucson Electric Power","PNM","Public Service Company of New Mexico",57,"megawatthours"
"2026-09-27T19","TEPC","Tucson Electric Power","SRP","Salt River Project Agricultural Improvement and Power District",904,"megawatthours"
"2026-09-27T19","TEPC","Tucson Electric Power","WALC","Western Area Power Administration - Desert Southwest Region",-353,"megawatthours"
"2026-09-27T19","TPWR","City of Tacoma, Department of Public Utilities, Light Division","BPAT","Bonneville Power Administration",-350,"megawatthours"
"2026-09-27T19","TPWR","City of Tacoma, Department of Public Utilities, Light Division","PSEI","Puget Sound Energy, Inc.",46,"megawatthours"
"2026-09-27T19","TVA","Tennessee Valley Authority","AECI","Associated Electric Cooperative, Inc.",-114,"megawatthours"
"2026-09-27T19","TVA","Tennessee Valley Authority","CPLW","Duke Energy Progress West",30,"megawatthours"
"2026-09-27T19","TVA","Tennessee Valley Authority","DUK","Duke Energy Carolinas",139,"megawatthours"
"2026-09-27T19","TVA","Tennessee Valley Authority","LGEE","LG&E and KU Services Company as agent for Louisville Gas and Electric Company and Kentucky Utilities Company",40,"megawatthours"
"2026-09-27T19","TVA","Tennessee Valley Authority","MISO","Midcontinent Independent System Operator, Inc.",-1053,"megawatthours"
"2026-09-27T19","TVA","Tennessee Valley Authority","PJM","PJM Interconnection, LLC",273,"megawatthours"
"2026-09-27T19","TVA","Tennessee Valley Authority","SOCO","Southern Company Services, Inc. - Trans",846,"megawatthours"
"2026-09-27T19","WALC","Western Area Power Administration - Desert Southwest Region","AZPS","Arizona Public Service Company",-172,"megawatthours"
"2026-09-27T19","WALC","Western Area Power Administration - Desert Southwest Region","CISO","California Independent System Operator",29,"megawatthours"
"2026-09-27T19","WALC","Western Area Power Administration - Desert Southwest Region","GRID","Gridforce Energy Management, LLC",-437,"megawatthours"
"2026-09-27T19","WALC","Western Area Power Administration - Desert Southwest Region","IID","Imperial Irrigation District",6,"megawatthours"
"2026-09-27T19","WALC","Western Area Power Administration - Desert Southwest Region","LDWP","Los Angeles Department of Water and Power",401,"megawatthours"
"2026-09-27T19","WALC","Western Area Power Administration - Desert Southwest Region","NEVP","Nevada Power Company",196,"megawatthours"
"2026-09-27T19","WALC","Western Area Power Administration - Desert Southwest Region","SRP","Salt River Project Agricultural Improvement and Power District",-120,"megawatthours"
"2026-09-27T19","WALC","Western Area Power Administration - Desert Southwest Region","SWPW","Southwest Power Pool West Balancing Authority Area",-104,"megawatthours"
"2026-09-27T19","WALC","Western Area Power Administration - Desert Southwest Region","TEPC","Tucson Electric Power",353,"megawatthours"
"2026-09-27T19","YAD","Alcoa Power Generating, Inc. - Yadkin Division","CPLE","Duke Energy Progress East",-30,"megawatthours"
"2026-09-27T19","YAD","Alcoa Power Generating, Inc. - Yadkin Division","DUK","Duke Energy Carolinas",51,"megawatthours"
"2026-09-27T18","AECI","Associated Electric Cooperative, Inc.","MISO","Midcontinent Independent System Operator, Inc.",-625,"megawatthours"
"2026-09-27T18","AECI","Associated Electric Cooperative, Inc.","SIKE","Sikeston Board of Municipal Utilities",-48,"megawatthours"
"2026-09-27T18","AECI","Associated Electric Cooperative, Inc.","SPA","Southwestern Power Administration",-115,"megawatthours"
"2026-09-27T18","AECI","Associated Electric Cooperative, Inc.","SWPP","Southwest Power Pool",274,"megawatthours"
"2026-09-27T18","AECI","Associated Electric Cooperative, Inc.","TVA","Tennessee Valley Authority",113,"megawatthours"
"2026-09-27T18","AVA","Avista Corporation","BPAT","Bonneville Power Administration",-708,"megawatthours"
"2026-09-27T18","AVA","Avista Corporation","CHPD","Public Utility District No. 1 of Chelan County",-14,"megawatthours"
"2026-09-27T18","AVA","Avista Corporation","GCPD","Public Utility District No. 2 of Grant County, Washington",17,"megawatthours"
"2026-09-27T18","AVA","Avista Corporation","IPCO","Idaho Power Company",107,"megawatthours"
"2026-09-27T18","AVA","Avista Corporation","NWMT","NorthWestern Corporation",-46,"megawatthours"
"2026-09-27T18","AVA","Avista Corporation","PACW","PacifiCorp West",96,"megawatthours"
"2026-09-27T18","BANC","Balancing Authority of Northern California","BPAT","Bonneville Power Administration",35,"megawatthours"
"2026-09-27T18","BANC","Balancing Authority of Northern California","CISO","California Independent System Operator",-40,"megawatthours"
"2026-09-27T18","BANC","Balancing Authority of Northern California","TIDC","Turlock Irrigation District",-490,"megawatthours"
"2026-09-27T18","BHBA","Black Hills Energy","PACE","PacifiCorp East",226,"megawatthours"
"2026-09-27T18","BHBA","Black Hills Energy","SWPP","Southwest Power Pool",0,"megawatthours"
"2026-09-27T18","BHBA","Black Hills Energy","SWPW","Southwest Power Pool West Balancing Authority Area",-128,"megawatthours"
"2026-09-27T18","CAL","California","NW","Northwest",35,"megawatthours"
"2026-09-27T18","CAR","Carolinas","MIDA","Mid-Atlantic",318,"megawatthours"
"2026-09-27T18","CAR","Carolinas","SE","Southeast",-779,"megawatthours"
"2026-09-27T18","CAR","Carolinas","TEN","Tennessee",-164,"megawatthours"
"2026-09-27T18","CHPD","Public Utility District No. 1 of Chelan County","AVA","Avista Corporation",14,"megawatthours"
"2026-09-27T18","CHPD","Public Utility District No. 1 of Chelan County","BPAT","Bonneville Power Administration",405,"megawatthours"
"2026-09-27T18","CHPD","Public Utility District No. 1 of Chelan County","DOPD","PUD No. 1 of Douglas County",108,"megawatthours"
"2026-09-27T18","CHPD","Public Utility District No. 1 of Chelan County","PSEI","Puget Sound Energy, Inc.",136,"megawatthours"
"2026-09-27T18","CPLE","Duke Energy Progress East","DUK","Duke Energy Carolinas",530,"megawatthours"
"2026-09-27T18","CPLE","Duke Energy Progress East","PJM","PJM Interconnection, LLC",280,"megawatthours"
"2026-09-27T18","CPLE","Duke Energy Progress East","SC","South Carolina Public Service Authority",396,"megawatthours"
"2026-09-27T18","CPLE","Duke Energy Progress East","SCEG","Dominion Energy South Carolina, Inc.",-37,"megawatthours"
"2026-09-27T18","CPLE","Duke Energy Progress East","YAD","Alcoa Power Generating, Inc. - Yadkin Division",31,"megawatthours"
"2026-09-27T18","CPLW","Duke Energy Progress West","DUK","Duke Energy Carolinas",-59,"megawatthours"
"2026-09-27T18","CPLW","Duke Energy Progress West","PJM","PJM Interconnection, LLC",-101,"megawatthours"
"2026-09-27T18","CPLW","Duke Energy Progress West","TVA","Tennessee Valley Authority",-23,"megawatthours"
"2026-09-27T18","DUK","Duke Energy Carolinas","CPLE","Duke Energy Progress East",-530,"megawatthours"
"2026-09-27T18","DUK","Duke Energy Carolinas","CPLW","Duke Energy Progress West",59,"megawatthours"
"2026-09-27T18","DUK","Duke Energy Carolinas","PJM","PJM Interconnection, LLC",139,"megawatthours"
"2026-09-27T18","DUK","Duke Energy Carolinas","SC","South Carolina Public Service Authority",-440,"megawatthours"
"2026-09-27T18","DUK","Duke Energy Carolinas","SCEG","Dominion Energy South Carolina, Inc.",-301,"megawatthours"
"2026-09-27T18","DUK","Duke Energy Carolinas","SEPA","Southeastern Power Administration",25,"megawatthours"
"2026-09-27T18","DUK","Duke Energy Carolinas","SOCO","Southern Company Services, Inc. - Trans",389,"megawatthours"
"2026-09-27T18","DUK","Duke Energy Carolinas","TVA","Tennessee Valley Authority",-141,"megawatthours"
"2026-09-27T18","DUK","Duke Energy Carolinas","YAD","Alcoa Power Generating, Inc. - Yadkin Division",-51,"megawatthours"
"2026-09-27T18","EPE","El Paso Electric Company","PNM","Public Service Company of New Mexico",-258,"megawatthours"
"2026-09-27T18","EPE","El Paso Electric Company","SWPP","Southwest Power Pool",0,"megawatthours"
"2026-09-27T18","EPE","El Paso Electric Company","TEPC","Tucson Electric Power",412,"megawatthours"
"2026-09-27T18","FLA","Florida","SE","Southeast",-243,"megawatthours"
"2026-09-27T18","FMPP","Florida Municipal Power Pool","FPC","Duke Energy Florida, Inc.",362,"megawatthours"
"2026-09-27T18","FMPP","Florida Municipal Power Pool","FPL","Florida Power & Light Co.",-179,"megawatthours"
"2026-09-27T18","FMPP","Florida Municipal Power Pool","JEA","JEA",-36,"megawatthours"
"2026-09-27T18","FMPP","Florida Municipal Power Pool","TEC","Tampa Electric Company",-314,"megawatthours"
"2026-09-27T18","FPC","Duke Energy Florida, Inc.","FMPP","Florida Municipal Power Pool",-352,"megawatthours"
"2026-09-27T18","FPC","Duke Energy Florida, Inc.","FPL","Florida Power & Light Co.",-879,"megawatthours"
"2026-09-27T18","FPC","Duke Energy Florida, Inc.","GVL","Gainesville Regional Utilities",0,"megawatthours"
"2026-09-27T18","FPC","Duke Energy Florida, Inc.","SEC","Seminole Electric Cooperative",-622,"megawatthours"
"2026-09-27T18","FPC","Duke Energy Florida, Inc.","SOCO","Southern Company Services, Inc. - Trans",145,"megawatthours"
"2026-09-27T18","FPC","Duke Energy Florida, Inc.","TAL","City of Tallahassee",-112,"megawatthours"
"2026-09-27T18","FPC","Duke Energy Florida, Inc.","TEC","Tampa Electric Company",324,"megawatthours"
"2026-09-27T18","FPL","Florida Power & Light Co.","FMPP","Florida Municipal Power Pool",179,"megawatthours"
"2026-09-27T18","FPL","Florida Power & Light Co.","FPC","Duke Energy Florida, Inc.",879,"megawatthours"
"2026-09-27T18","FPL","Florida Power & Light Co.","GVL","Gainesville Regional Utilities",26,"megawatthours"
"2026-09-27T18","FPL","Florida Power & Light Co.","HST","City of Homestead",101,"megawatthours"
"2026-09-27T18","FPL","Florida Power & Light Co.","JEA","JEA",787,"megawatthours"
"2026-09-27T18","FPL","Florida Power & Light Co.","SEC","Seminole Electric Cooperative",-1020,"megawatthours"
"2026-09-27T18","FPL","Florida Power & Light Co.","SOCO","Southern Company Services, Inc. - Trans",-299,"megawatthours"
"2026-09-27T18","FPL","Florida Power & Light Co.","TEC","Tampa Electric Company",-120,"megawatthours"
"2026-09-27T18","GCPD","Public Utility District No. 2 of Grant County, Washington","AVA","Avista Corporation",-17,"megawatthours"
"2026-09-27T18","GCPD","Public Utility District No. 2 of Grant County, Washington","BPAT","Bonneville Power Administration",-29,"megawatthours"
"2026-09-27T18","GCPD","Public Utility District No. 2 of Grant County, Washington","PACW","PacifiCorp West",56,"megawatthours"
"2026-09-27T18","GCPD","Public Utility District No. 2 of Grant County, Washington","PSEI","Puget Sound Energy, Inc.",-47,"megawatthours"
"2026-09-27T18","GVL","Gainesville Regional Utilities","FPC","Duke Energy Florida, Inc.",0,"megawatthours"
"2026-09-27T18","GVL","Gainesville Regional Utilities","FPL","Florida Power & Light Co.",-26,"megawatthours"
"2026-09-27T18","GWA","NaturEner Power Watch, LLC","NWMT","NorthWestern Corporation",75,"megawatthours"
"2026-09-27T18","HST","City of Homestead","FPL","Florida Power & Light Co.",-101,"megawatthours"
"2026-09-27T18","LGEE","LG&E and KU Services Company as agent for Louisville Gas and Electric Company and Kentucky Utilities Company","MISO","Midcontinent Independent System Operator, Inc.",-337,"megawatthours"
"2026-09-27T18","LGEE","LG&E and KU Services Company as agent for Louisville Gas and Electric Company and Kentucky Utilities Company","PJM","PJM Interconnection, LLC",165,"megawatthours"
"2026-09-27T18","LGEE","LG&E and KU Services Company as agent for Louisville Gas and Electric Company and Kentucky Utilities Company","TVA","Tennessee Valley Authority",-30,"megawatthours"
"2026-09-27T18","MIDA","Mid-Atlantic","CAR","Carolinas",-1173,"megawatthours"
"2026-09-27T18","MIDA","Mid-Atlantic","MIDW","Midwest",3107,"megawatthours"
"2026-09-27T18","MIDA","Mid-Atlantic","NY","New York",2793,"megawatthours"
"2026-09-27T18","MIDA","Mid-Atlantic","TEN","Tennessee",-590,"megawatthours"
"2026-09-27T18","MIDW","Midwest","CENT","Central",145,"megawatthours"
"2026-09-27T18","MIDW","Midwest","MIDA","Mid-Atlantic",165,"megawatthours"
"2026-09-27T18","MIDW","Midwest","TEN","Tennessee",83,"megawatthours"
"2026-09-27T18","NEVP","Nevada Power Company","BPAT","Bonneville Power Administration",-158,"megawatthours"
"2026-09-27T18","NEVP","Nevada Power Company","CISO","California Independent System Operator",1244,"megawatthours"
"2026-09-27T18","NEVP","Nevada Power Company","IPCO","Idaho Power Company",-168,"megawatthours"
"2026-09-27T18","NEVP","Nevada Power Company","LDWP","Los Angeles Department of Water and Power",-1086,"megawatthours"
"2026-09-27T18","NEVP","Nevada Power Company","PACE","PacifiCorp East",22,"megawatthours"
"2026-09-27T18","NEVP","Nevada Power Company","WALC","Western Area Power Administration - Desert Southwest Region",-162,"megawatthours"
"2026-09-27T18","NW","Northwest","CAL","California",158,"megawatthours"
"2026-09-27T18","NW","Northwest","CENT","Central",0,"megawatthours"
"2026-09-27T18","NW","Northwest","SW","Southwest",-162,"megawatthours"
"2026-09-27T18","PGE","Portland General Electric Company","BPAT","Bonneville Power Administration",-1341,"megawatthours"
"2026-09-27T18","PGE","Portland General Electric Company","PACW","PacifiCorp West",-13,"megawatthours"
"2026-09-27T18","PJM","PJM Interconnection, LLC","CPLE","Duke Energy Progress East",-730,"megawatthours"
"2026-09-27T18","PJM","PJM Interconnection, LLC","CPLW","Duke Energy Progress West",68,"megawatthours"
"2026-09-27T18","PJM","PJM Interconnection, LLC","DUK","Duke Energy Carolinas",-511,"megawatthours"
"2026-09-27T18","PJM","PJM Interconnection, LLC","LGEE","LG&E and KU Services Company as agent for Louisville Gas and Electric Company and Kentucky Utilities Company",-209,"megawatthours"
"2026-09-27T18","PJM","PJM Interconnection, LLC","MISO","Midcontinent Independent System Operator, Inc.",3316,"megawatthours"
"2026-09-27T18","PJM","PJM Interconnection, LLC","NYIS","New York Independent System Operator",2793,"megawatthours"
"2026-09-27T18","PJM","PJM Interconnection, LLC","TVA","Tennessee Valley Authority",-590,"megawatthours"
"2026-09-27T18","PNM","Public Service Company of New Mexico","AZPS","Arizona Public Service Company",-59,"megawatthours"
"2026-09-27T18","PNM","Public Service Company of New Mexico","EPE","El Paso Electric Company",258,"megawatthours"
"2026-09-27T18","PNM","Public Service Company of New Mexico","GRID","Gridforce Energy Management, LLC",3,"megawatthours"
"2026-09-27T18","PNM","Public Service Company of New Mexico","PSCO","Public Service Company of Colorado",-70,"megawatthours"
"2026-09-27T18","PNM","Public Service Company of New Mexico","SWPP","Southwest Power Pool",0,"megawatthours"
"2026-09-27T18","PNM","Public Service Company of New Mexico","SWPW","Southwest Power Pool West Balancing Authority Area",224,"megawatthours"
"2026-09-27T18","PNM","Public Service Company of New Mexico","TEPC","Tucson Electric Power",-97,"megawatthours"
"2026-09-27T18","SCEG","Dominion Energy South Carolina, Inc.","CPLE","Duke Energy Progress East",37,"megawatthours"
"2026-09-27T18","SCEG","Dominion Energy South Carolina, Inc.","DUK","Duke Energy Carolinas",301,"megawatthours"
"2026-09-27T18","SCEG","Dominion Energy South Carolina, Inc.","SC","South Carolina Public Service Authority",1046,"megawatthours"
"2026-09-27T18","SCEG","Dominion Energy South Carolina, Inc.","SEPA","Southeastern Power Administration",14,"megawatthours"
"2026-09-27T18","SCEG","Dominion Energy South Carolina, Inc.","SOCO","Southern Company Services, Inc. - Trans",-1207,"megawatthours"
"2026-09-27T18","SE","Southeast","CAR","Carolinas",-121,"megawatthours"
"2026-09-27T18","SEC","Seminole Electric Cooperative","FPC","Duke Energy Florida, Inc.",629,"megawatthours"
"2026-09-27T18","SEC","Seminole Electric Cooperative","FPL","Florida Power & Light Co.",1020,"megawatthours"
"2026-09-27T18","SEC","Seminole Electric Cooperative","JEA","JEA",-5,"megawatthours"
"2026-09-27T18","SEC","Seminole Electric Cooperative","TEC","Tampa Electric Company",147,"megawatthours"
"2026-09-27T18","SEPA","Southeastern Power Administration","DUK","Duke Energy Carolinas",-25,"megawatthours"
"2026-09-27T18","SEPA","Southeastern Power Administration","SC","South Carolina Public Service Authority",-82,"megawatthours"
"2026-09-27T18","SEPA","Southeastern Power Administration","SCEG","Dominion Energy South Carolina, Inc.",-14,"megawatthours"
"2026-09-27T18","SEPA","Southeastern Power Administration","SOCO","Southern Company Services, Inc. - Trans",153,"megawatthours"
"2026-09-27T18","SIKE","Sikeston Board of Municipal Utilities","AECI","Associated Electric Cooperative, Inc.",49,"megawatthours"
"2026-09-27T18","SIKE","Sikeston Board of Municipal Utilities","MISO","Midcontinent Independent System Operator, Inc.",-2,"megawatthours"
"2026-09-27T18","SIKE","Sikeston Board of Municipal Utilities","SPA","Southwestern Power Administration",107,"megawatthours"
"2026-09-27T18","SIKE","Sikeston Board of Municipal Utilities","SWPP","Southwest Power Pool",-121,"megawatthours"
"2026-09-27T18","SRP","Salt River Project Agricultural Improvement and Power District","AZPS","Arizona Public Service Company",4658,"megawatthours"
"2026-09-27T18","SRP","Salt River Project Agricultural Improvement and Power District","CISO","California Independent System Operator",1347,"megawatthours"
"2026-09-27T18","SRP","Salt River Project Agricultural Improvement and Power District","DEAA","Arlington Valley, LLC",-484,"megawatthours"
"2026-09-27T18","SRP","Salt River Project Agricultural Improvement and Power District","GRID","Gridforce Energy Management, LLC",-493,"megawatthours"
"2026-09-27T18","SRP","Salt River Project Agricultural Improvement and Power District","TEPC","Tucson Electric Power",-1136,"megawatthours"
"2026-09-27T18","SRP","Salt River Project Agricultural Improvement and Power District","WALC","Western Area Power Administration - Desert Southwest Region",123,"megawatthours"
"2026-09-27T18","SW","Southwest","CAL","California",1861,"megawatthours"
"2026-09-27T18","SW","Southwest","CENT","Central",0,"megawatthours"
"2026-09-27T18","SW","Southwest","NW","Northwest",-683,"megawatthours"
"2026-09-27T18","TAL","City of Tallahassee","FPC","Duke Energy Florida, Inc.",113,"megawatthours"
"2026-09-27T18","TAL","City of Tallahassee","SOCO","Southern Company Services, Inc. - Trans",-89,"megawatthours"
"2026-09-27T18","TEN","Tennessee","CAR","Carolinas",164,"megawatthours"
"2026-09-27T18","TEN","Tennessee","MIDA","Mid-Atlantic",276,"megawatthours"
"2026-09-27T18","TEN","Tennessee","MIDW","Midwest",-1169,"megawatthours"
"2026-09-27T18","TEN","Tennessee","SE","Southeast",876,"megawatthours"
"2026-09-27T18","TEPC","Tucson Electric Power","AZPS","Arizona Public Service Company",35,"megawatthours"
"2026-09-27T18","TEPC","Tucson Electric Power","EPE","El Paso Electric Company",-412,"megawatthours"
"2026-09-27T18","TEPC","Tucson Electric Power","PNM","Public Service Company of New Mexico",97,"megawatthours"
"2026-09-27T18","TEPC","Tucson Electric Power","SRP","Salt River Project Agricultural Improvement and Power District",1136,"megawatthours"
"2026-09-27T18","TEPC","Tucson Electric Power","WALC","Western Area Power Administration - Desert Southwest Region",-353,"megawatthours"
"2026-09-27T18","TPWR","City of Tacoma, Department of Public Utilities, Light Division","BPAT","Bonneville Power Administration",-363,"megawatthours"
"2026-09-27T18","TPWR","City of Tacoma, Department of Public Utilities, Light Division","PSEI","Puget Sound Energy, Inc.",44,"megawatthours"
"2026-09-27T18","TVA","Tennessee Valley Authority","AECI","Associated Electric Cooperative, Inc.",-112,"megawatthours"
"2026-09-27T18","TVA","Tennessee Valley Authority","CPLW","Duke Energy Progress West",23,"megawatthours"
"2026-09-27T18","TVA","Tennessee Valley Authority","DUK","Duke Energy Carolinas",141,"megawatthours"
"2026-09-27T18","TVA","Tennessee Valley Authority","LGEE","LG&E and KU Services Company as agent for Louisville Gas and Electric Company and Kentucky Utilities Company",30,"megawatthours"
"2026-09-27T18","TVA","Tennessee Valley Authority","MISO","Midcontinent Independent System Operator, Inc.",-1087,"megawatthours"
"2026-09-27T18","TVA","Tennessee Valley Authority","PJM","PJM Interconnection, LLC",276,"megawatthours"
"2026-09-27T18","TVA","Tennessee Valley Authority","SOCO","Southern Company Services, Inc. - Trans",876,"megawatthours"
"2026-09-27T18","WALC","Western Area Power Administration - Desert Southwest Region","AZPS","Arizona Public Service Company",-204,"megawatthours"
"2026-09-27T18","WALC","Western Area Power Administration - Desert Southwest Region","CISO","California Independent System Operator",83,"megawatthours"
"2026-09-27T18","WALC","Western Area Power Administration - Desert Southwest Region","GRID","Gridforce Energy Management, LLC",-434,"megawatthours"
"2026-09-27T18","WALC","Western Area Power Administration - Desert Southwest Region","IID","Imperial Irrigation District",12,"megawatthours"
"2026-09-27T18","WALC","Western Area Power Administration - Desert Southwest Region","LDWP","Los Angeles Department of Water and Power",419,"megawatthours"
"2026-09-27T18","WALC","Western Area Power Administration - Desert Southwest Region","NEVP","Nevada Power Company",162,"megawatthours"
"2026-09-27T18","WALC","Western Area Power Administration - Desert Southwest Region","SRP","Salt River Project Agricultural Improvement and Power District",-124,"megawatthours"
"2026-09-27T18","WALC","Western Area Power Administration - Desert Southwest Region","SWPW","Southwest Power Pool West Balancing Authority Area",-75,"megawatthours"
"2026-09-27T18","WALC","Western Area Power Administration - Desert Southwest Region","TEPC","Tucson Electric Power",353,"megawatthours"
"2026-09-27T18","YAD","Alcoa Power Generating, Inc. - Yadkin Division","CPLE","Duke Energy Progress East",-31,"megawatthours"
"2026-09-27T18","YAD","Alcoa Power Generating, Inc. - Yadkin Division","DUK","Duke Energy Carolinas",51,"megawatthours"
"2026-09-27T17","AECI","Associated Electric Cooperative, Inc.","MISO","Midcontinent Independent System Operator, Inc.",-454,"megawatthours"
"2026-09-27T17","AECI","Associated Electric Cooperative, Inc.","SIKE","Sikeston Board of Municipal Utilities",-42,"megawatthours"
"2026-09-27T17","AECI","Associated Electric Cooperative, Inc.","SPA","Southwestern Power Administration",-108,"megawatthours"
"2026-09-27T17","AECI","Associated Electric Cooperative, Inc.","SWPP","Southwest Power Pool",199,"megawatthours"
"2026-09-27T17","AECI","Associated Electric Cooperative, Inc.","TVA","Tennessee Valley Authority",107,"megawatthours"
"2026-09-27T17","AVA","Avista Corporation","BPAT","Bonneville Power Administration",-705,"megawatthours"
"2026-09-27T17","AVA","Avista Corporation","CHPD","Public Utility District No. 1 of Chelan County",-13,"megawatthours"
"2026-09-27T17","AVA","Avista Corporation","GCPD","Public Utility District No. 2 of Grant County, Washington",37,"megawatthours"
"2026-09-27T17","AVA","Avista Corporation","IPCO","Idaho Power Company",94,"megawatthours"
"2026-09-27T17","AVA","Avista Corporation","NWMT","NorthWestern Corporation",-38,"megawatthours"
"2026-09-27T17","AVA","Avista Corporation","PACW","PacifiCorp West",107,"megawatthours"
"2026-09-27T17","BANC","Balancing Authority of Northern California","BPAT","Bonneville Power Administration",-26,"megawatthours"
"2026-09-27T17","BANC","Balancing Authority of Northern California","CISO","California Independent System Operator",203,"megawatthours"
"2026-09-27T17","BANC","Balancing Authority of Northern California","TIDC","Turlock Irrigation District",-548,"megawatthours"
"2026-09-27T17","BHBA","Black Hills Energy","PACE","PacifiCorp East",216,"megawatthours"
"2026-09-27T17","BHBA","Black Hills Energy","SWPP","Southwest Power Pool",0,"megawatthours"
"2026-09-27T17","BHBA","Black Hills Energy","SWPW","Southwest Power Pool West Balancing Authority Area",-141,"megawatthours"
"2026-09-27T17","CAL","California","NW","Northwest",-26,"megawatthours"
"2026-09-27T17","CAR","Carolinas","MIDA","Mid-Atlantic",486,"megawatthours"
"2026-09-27T17","CAR","Carolinas","SE","Southeast",-897,"megawatthours"
"2026-09-27T17","CAR","Carolinas","TEN","Tennessee",-177,"megawatthours"
"2026-09-27T17","CHPD","Public Utility District No. 1 of Chelan County","AVA","Avista Corporation",13,"megawatthours"
"2026-09-27T17","CHPD","Public Utility District No. 1 of Chelan County","BPAT","Bonneville Power Administration",433,"megawatthours"
"2026-09-27T17","CHPD","Public Utility District No. 1 of Chelan County","DOPD","PUD No. 1 of Douglas County",103,"megawatthours"
"2026-09-27T17","CHPD","Public Utility District No. 1 of Chelan County","PSEI","Puget Sound Energy, Inc.",143,"megawatthours"
"2026-09-27T17","CPLE","Duke Energy Progress East","DUK","Duke Energy Carolinas",643,"megawatthours"
"2026-09-27T17","CPLE","Duke Energy Progress East","PJM","PJM Interconnection, LLC",411,"megawatthours"
"2026-09-27T17","CPLE","Duke Energy Progress East","SC","South Carolina Public Service Authority",417,"megawatthours"
"2026-09-27T17","CPLE","Duke Energy Progress East","SCEG","Dominion Energy South Carolina, Inc.",-27,"megawatthours"
"2026-09-27T17","CPLE","Duke Energy Progress East","YAD","Alcoa Power Generating, Inc. - Yadkin Division",36,"megawatthours"
"2026-09-27T17","CPLW","Duke Energy Progress West","DUK","Duke Energy Carolinas",-81,"megawatthours"
"2026-09-27T17","CPLW","Duke Energy Progress West","PJM","PJM Interconnection, LLC",-113,"megawatthours"
"2026-09-27T17","CPLW","Duke Energy Progress West","TVA","Tennessee Valley Authority",-23,"megawatthours"
"2026-09-27T17","DUK","Duke Energy Carolinas","CPLE","Duke Energy Progress East",-643,"megawatthours"
"2026-09-27T17","DUK","Duke Energy Carolinas","CPLW","Duke Energy Progress West",81,"megawatthours"
"2026-09-27T17","DUK","Duke Energy Carolinas","PJM","PJM Interconnection, LLC",188,"megawatthours"
"2026-09-27T17","DUK","Duke Energy Carolinas","SC","South Carolina Public Service Authority",-479,"megawatthours"
"2026-09-27T17","DUK","Duke Energy Carolinas","SCEG","Dominion Energy South Carolina, Inc.",-309,"megawatthours"
"2026-09-27T17","DUK","Duke Energy Carolinas","SEPA","Southeastern Power Administration",20,"megawatthours"
"2026-09-27T17","DUK","Duke Energy Carolinas","SOCO","Southern Company Services, Inc. - Trans",250,"megawatthours"
"2026-09-27T17","DUK","Duke Energy Carolinas","TVA","Tennessee Valley Authority",-154,"megawatthours"
"2026-09-27T17","DUK","Duke Energy Carolinas","YAD","Alcoa Power Generating, Inc. - Yadkin Division",-56,"megawatthours"
"2026-09-27T17","EPE","El Paso Electric Company","PNM","Public Service Company of New Mexico",-291,"megawatthours"
"2026-09-27T17","EPE","El Paso Electric Company","SWPP","Southwest Power Pool",0,"megawatthours"
"2026-09-27T17","EPE","El Paso Electric Company","TEPC","Tucson Electric Power",476,"megawatthours"
"2026-09-27T17","FLA","Florida","SE","Southeast",-416,"megawatthours"
"2026-09-27T17","FMPP","Florida Municipal Power Pool","FPC","Duke Energy Florida, Inc.",285,"megawatthours"
"2026-09-27T17","FMPP","Florida Municipal Power Pool","FPL","Florida Power & Light Co.",-195,"megawatthours"
"2026-09-27T17","FMPP","Florida Municipal Power Pool","JEA","JEA",-37,"megawatthours"
"2026-09-27T17","FMPP","Florida Municipal Power Pool","TEC","Tampa Electric Company",-288,"megawatthours"
"2026-09-27T17","FPC","Duke Energy Florida, Inc.","FMPP","Florida Municipal Power Pool",-275,"megawatthours"
"2026-09-27T17","FPC","Duke Energy Florida, Inc.","FPL","Florida Power & Light Co.",-808,"megawatthours"
"2026-09-27T17","FPC","Duke Energy Florida, Inc.","GVL","Gainesville Regional Utilities",-8,"megawatthours"
"2026-09-27T17","FPC","Duke Energy Florida, Inc.","SEC","Seminole Electric Cooperative",-620,"megawatthours"
"2026-09-27T17","FPC","Duke Energy Florida, Inc.","SOCO","Southern Company Services, Inc. - Trans",109,"megawatthours"
"2026-09-27T17","FPC","Duke Energy Florida, Inc.","TAL","City of Tallahassee",-109,"megawatthours"
"2026-09-27T17","FPC","Duke Energy Florida, Inc.","TEC","Tampa Electric Company",434,"megawatthours"
"2026-09-27T17","FPL","Florida Power & Light Co.","FMPP","Florida Municipal Power Pool",195,"megawatthours"
"2026-09-27T17","FPL","Florida Power & Light Co.","FPC","Duke Energy Florida, Inc.",808,"megawatthours"
"2026-09-27T17","FPL","Florida Power & Light Co.","GVL","Gainesville Regional Utilities",30,"megawatthours"
"2026-09-27T17","FPL","Florida Power & Light Co.","HST","City of Homestead",95,"megawatthours"
"2026-09-27T17","FPL","Florida Power & Light Co.","JEA","JEA",799,"megawatthours"
"2026-09-27T17","FPL","Florida Power & Light Co.","SEC","Seminole Electric Cooperative",-911,"megawatthours"
"2026-09-27T17","FPL","Florida Power & Light Co.","SOCO","Southern Company Services, Inc. - Trans",-439,"megawatthours"
"2026-09-27T17","FPL","Florida Power & Light Co.","TEC","Tampa Electric Company",-175,"megawatthours"
"2026-09-27T17","GCPD","Public Utility District No. 2 of Grant County, Washington","AVA","Avista Corporation",-37,"megawatthours"
"2026-09-27T17","GCPD","Public Utility District No. 2 of Grant County, Washington","BPAT","Bonneville Power Administration",119,"megawatthours"
"2026-09-27T17","GCPD","Public Utility District No. 2 of Grant County, Washington","PACW","PacifiCorp West",55,"megawatthours"
"2026-09-27T17","GCPD","Public Utility District No. 2 of Grant County, Washington","PSEI","Puget Sound Energy, Inc.",-52,"megawatthours"
"2026-09-27T17","GVL","Gainesville Regional Utilities","FPC","Duke Energy Florida, Inc.",7,"megawatthours"
"2026-09-27T17","GVL","Gainesville Regional Utilities","FPL","Florida Power & Light Co.",-29,"megawatthours"
"2026-09-27T17","GWA","NaturEner Power Watch, LLC","NWMT","NorthWestern Corporation",53,"megawatthours"
"2026-09-27T17","HST","City of Homestead","FPL","Florida Power & Light Co.",-95,"megawatthours"
"2026-09-27T17","LGEE","LG&E and KU Services Company as agent for Louisville Gas and Electric Company and Kentucky Utilities Company","MISO","Midcontinent Independent System Operator, Inc.",-365,"megawatthours"
"2026-09-27T17","LGEE","LG&E and KU Services Company as agent for Louisville Gas and Electric Company and Kentucky Utilities Company","PJM","PJM Interconnection, LLC",150,"megawatthours"
"2026-09-27T17","LGEE","LG&E and KU Services Company as agent for Louisville Gas and Electric Company and Kentucky Utilities Company","TVA","Tennessee Valley Authority",-50,"megawatthours"
"2026-09-27T17","MIDA","Mid-Atlantic","CAR","Carolinas",-1299,"megawatthours"
"2026-09-27T17","MIDA","Mid-Atlantic","MIDW","Midwest",3553,"megawatthours"
"2026-09-27T17","MIDA","Mid-Atlantic","NY","New York",2655,"megawatthours"
"2026-09-27T17","MIDA","Mid-Atlantic","TEN","Tennessee",-661,"megawatthours"
"2026-09-27T17","MIDW","Midwest","CENT","Central",66,"megawatthours"
"2026-09-27T17","MIDW","Midwest","MIDA","Mid-Atlantic",150,"megawatthours"
"2026-09-27T17","MIDW","Midwest","TEN","Tennessee",57,"megawatthours"
"2026-09-27T17","NEVP","Nevada Power Company","BPAT","Bonneville Power Administration",-155,"megawatthours"
"2026-09-27T17","NEVP","Nevada Power Company","CISO","California Independent System Operator",1218,"megawatthours"
"2026-09-27T17","NEVP","Nevada Power Company","IPCO","Idaho Power Company",-172,"megawatthours"
"2026-09-27T17","NEVP","Nevada Power Company","LDWP","Los Angeles Department of Water and Power",-1269,"megawatthours"
"2026-09-27T17","NEVP","Nevada Power Company","PACE","PacifiCorp East",-58,"megawatthours"
"2026-09-27T17","NEVP","Nevada Power Company","WALC","Western Area Power Administration - Desert Southwest Region",-193,"megawatthours"
"2026-09-27T17","NW","Northwest","CAL","California",-51,"megawatthours"
"2026-09-27T17","NW","Northwest","CENT","Central",0,"megawatthours"
"2026-09-27T17","NW","Northwest","SW","Southwest",-193,"megawatthours"
"2026-09-27T17","PGE","Portland General Electric Company","BPAT","Bonneville Power Administration",-1283,"megawatthours"
"2026-09-27T17","PGE","Portland General Electric Company","PACW","PacifiCorp West",-19,"megawatthours"
"2026-09-27T17","PJM","PJM Interconnection, LLC","CPLE","Duke Energy Progress East",-868,"megawatthours"
"2026-09-27T17","PJM","PJM Interconnection, LLC","CPLW","Duke Energy Progress West",70,"megawatthours"
"2026-09-27T17","PJM","PJM Interconnection, LLC","DUK","Duke Energy Carolinas",-501,"megawatthours"
"2026-09-27T17","PJM","PJM Interconnection, LLC","LGEE","LG&E and KU Services Company as agent for Louisville Gas and Electric Company and Kentucky Utilities Company",-88,"megawatthours"
"2026-09-27T17","PJM","PJM Interconnection, LLC","MISO","Midcontinent Independent System Operator, Inc.",3641,"megawatthours"
"2026-09-27T17","PJM","PJM Interconnection, LLC","NYIS","New York Independent System Operator",2655,"megawatthours"
"2026-09-27T17","PJM","PJM Interconnection, LLC","TVA","Tennessee Valley Authority",-661,"megawatthours"
"2026-09-27T17","PNM","Public Service Company of New Mexico","AZPS","Arizona Public Service Company",57,"megawatthours"
"2026-09-27T17","PNM","Public Service Company of New Mexico","EPE","El Paso Electric Company",291,"megawatthours"
"2026-09-27T17","PNM","Public Service Company of New Mexico","GRID","Gridforce Energy Management, LLC",5,"megawatthours"
"2026-09-27T17","PNM","Public Service Company of New Mexico","PSCO","Public Service Company of Colorado",-66,"megawatthours"
"2026-09-27T17","PNM","Public Service Company of New Mexico","SWPP","Southwest Power Pool",0,"megawatthours"
"2026-09-27T17","PNM","Public Service Company of New Mexico","SWPW","Southwest Power Pool West Balancing Authority Area",268,"megawatthours"
"2026-09-27T17","PNM","Public Service Company of New Mexico","TEPC","Tucson Electric Power",-43,"megawatthours"
"2026-09-27T17","SCEG","Dominion Energy South Carolina, Inc.","CPLE","Duke Energy Progress East",27,"megawatthours"
"2026-09-27T17","SCEG","Dominion Energy South Carolina, Inc.","DUK","Duke Energy Carolinas",309,"megawatthours"
"2026-09-27T17","SCEG","Dominion Energy South Carolina, Inc.","SC","South Carolina Public Service Authority",1030,"megawatthours"
"2026-09-27T17","SCEG","Dominion Energy South Carolina, Inc.","SEPA","Southeastern Power Administration",24,"megawatthours"
"2026-09-27T17","SCEG","Dominion Energy South Carolina, Inc.","SOCO","Southern Company Services, Inc. - Trans",-1191,"megawatthours"
"2026-09-27T17","SE","Southeast","CAR","Carolinas",-134,"megawatthours"
"2026-09-27T17","SEC","Seminole Electric Cooperative","FPC","Duke Energy Florida, Inc.",628,"megawatthours"
"2026-09-27T17","SEC","Seminole Electric Cooperative","FPL","Florida Power & Light Co.",912,"megawatthours"
"2026-09-27T17","SEC","Seminole Electric Cooperative","JEA","JEA",-9,"megawatthours"
"2026-09-27T17","SEC","Seminole Electric Cooperative","TEC","Tampa Electric Company",70,"megawatthours"
"2026-09-27T17","SEPA","Southeastern Power Administration","DUK","Duke Energy Carolinas",-20,"megawatthours"
"2026-09-27T17","SEPA","Southeastern Power Administration","SC","South Carolina Public Service Authority",-90,"megawatthours"
"2026-09-27T17","SEPA","Southeastern Power Administration","SCEG","Dominion Energy South Carolina, Inc.",-24,"megawatthours"
"2026-09-27T17","SEPA","Southeastern Power Administration","SOCO","Southern Company Services, Inc. - Trans",136,"megawatthours"
"2026-09-27T17","SIKE","Sikeston Board of Municipal Utilities","AECI","Associated Electric Cooperative, Inc.",42,"megawatthours"
"2026-09-27T17","SIKE","Sikeston Board of Municipal Utilities","MISO","Midcontinent Independent System Operator, Inc.",15,"megawatthours"
"2026-09-27T17","SIKE","Sikeston Board of Municipal Utilities","SPA","Southwestern Power Administration",98,"megawatthours"
"2026-09-27T17","SIKE","Sikeston Board of Municipal Utilities","SWPP","Southwest Power Pool",-123,"megawatthours"
"2026-09-27T17","SRP","Salt River Project Agricultural Improvement and Power District","AZPS","Arizona Public Service Company",4953,"megawatthours"
"2026-09-27T17","SRP","Salt River Project Agricultural Improvement and Power District","CISO","California Independent System Operator",1262,"megawatthours"
"2026-09-27T17","SRP","Salt River Project Agricultural Improvement and Power District","DEAA","Arlington Valley, LLC",-483,"megawatthours"
"2026-09-27T17","SRP","Salt River Project Agricultural Improvement and Power District","GRID","Gridforce Energy Management, LLC",-481,"megawatthours"
"2026-09-27T17","SRP","Salt River Project Agricultural Improvement and Power District","TEPC","Tucson Electric Power",-1080,"megawatthours"
"2026-09-27T17","SRP","Salt River Project Agricultural Improvement and Power District","WALC","Western Area Power Administration - Desert Southwest Region",277,"megawatthours"
"2026-09-27T17","SW","Southwest","CAL","California",2064,"megawatthours"
"2026-09-27T17","SW","Southwest","CENT","Central",0,"megawatthours"
"2026-09-27T17","SW","Southwest","NW","Northwest",-591,"megawatthours"
"2026-09-27T17","TAL","City of Tallahassee","FPC","Duke Energy Florida, Inc.",110,"megawatthours"
"2026-09-27T17","TAL","City of Tallahassee","SOCO","Southern Company Services, Inc. - Trans",-86,"megawatthours"
"2026-09-27T17","TEN","Tennessee","CAR","Carolinas",177,"megawatthours"
"2026-09-27T17","TEN","Tennessee","MIDA","Mid-Atlantic",328,"megawatthours"
"2026-09-27T17","TEN","Tennessee","MIDW","Midwest",-1299,"megawatthours"
"2026-09-27T17","TEN","Tennessee","SE","Southeast",932,"megawatthours"
"2026-09-27T17","TEPC","Tucson Electric Power","AZPS","Arizona Public Service Company",-1,"megawatthours"
"2026-09-27T17","TEPC","Tucson Electric Power","EPE","El Paso Electric Company",-476,"megawatthours"
"2026-09-27T17","TEPC","Tucson Electric Power","PNM","Public Service Company of New Mexico",43,"megawatthours"
"2026-09-27T17","TEPC","Tucson Electric Power","SRP","Salt River Project Agricultural Improvement and Power District",1080,"megawatthours"
"2026-09-27T17","TEPC","Tucson Electric Power","WALC","Western Area Power Administration - Desert Southwest Region",-216,"megawatthours"
"2026-09-27T17","TPWR","City of Tacoma, Department of Public Utilities, Light Division","BPAT","Bonneville Power Administration",-356,"megawatthours"
"2026-09-27T17","TPWR","City of Tacoma, Department of Public Utilities, Light Division","PSEI","Puget Sound Energy, Inc.",42,"megawatthours"
"2026-09-27T17","TVA","Tennessee Valley Authority","AECI","Associated Electric Cooperative, Inc.",-105,"megawatthours"
"2026-09-27T17","TVA","Tennessee Valley Authority","CPLW","Duke Energy Progress West",23,"megawatthours"
"2026-09-27T17","TVA","Tennessee Valley Authority","DUK","Duke Energy Carolinas",154,"megawatthours"
"2026-09-27T17","TVA","Tennessee Valley Authority","LGEE","LG&E and KU Services Company as agent for Louisville Gas and Electric Company and Kentucky Utilities Company",50,"megawatthours"
"2026-09-27T17","TVA","Tennessee Valley Authority","MISO","Midcontinent Independent System Operator, Inc.",-1244,"megawatthours"
"2026-09-27T17","TVA","Tennessee Valley Authority","PJM","PJM Interconnection, LLC",328,"megawatthours"
"2026-09-27T17","TVA","Tennessee Valley Authority","SOCO","Southern Company Services, Inc. - Trans",932,"megawatthours"
"2026-09-27T17","WALC","Western Area Power Administration - Desert Southwest Region","AZPS","Arizona Public Service Company",-434,"megawatthours"
"2026-09-27T17","WALC","Western Area Power Administration - Desert Southwest Region","CISO","California Independent System Operator",115,"megawatthours"
"2026-09-27T17","WALC","Western Area Power Administration - Desert Southwest Region","GRID","Gridforce Energy Management, LLC",-432,"megawatthours"
"2026-09-27T17","WALC","Western Area Power Administration - Desert Southwest Region","IID","Imperial Irrigation District",1,"megawatthours"
"2026-09-27T17","WALC","Western Area Power Administration - Desert Southwest Region","LDWP","Los Angeles Department of Water and Power",686,"megawatthours"
"2026-09-27T17","WALC","Western Area Power Administration - Desert Southwest Region","NEVP","Nevada Power Company",193,"megawatthours"
"2026-09-27T17","WALC","Western Area Power Administration - Desert Southwest Region","SRP","Salt River Project Agricultural Improvement and Power District",-277,"megawatthours"
"2026-09-27T17","WALC","Western Area Power Administration - Desert Southwest Region","SWPW","Southwest Power Pool West Balancing Authority Area",-78,"megawatthours"
"2026-09-27T17","WALC","Western Area Power Administration - Desert Southwest Region","TEPC","Tucson Electric Power",216,"megawatthours"
"2026-09-27T17","YAD","Alcoa Power Generating, Inc. - Yadkin Division","CPLE","Duke Energy Progress East",-36,"megawatthours"
"2026-09-27T17","YAD","Alcoa Power Generating, Inc. - Yadkin Division","DUK","Duke Energy Carolinas",56,"megawatthours"
"2026-09-27T16","AECI","Associated Electric Cooperative, Inc.","MISO","Midcontinent Independent System Operator, Inc.",-311,"megawatthours"
"2026-09-27T16","AECI","Associated Electric Cooperative, Inc.","SIKE","Sikeston Board of Municipal Utilities",-28,"megawatthours"
"2026-09-27T16","AECI","Associated Electric Cooperative, Inc.","SPA","Southwestern Power Administration",-146,"megawatthours"
"2026-09-27T16","AECI","Associated Electric Cooperative, Inc.","SWPP","Southwest Power Pool",232,"megawatthours"
"2026-09-27T16","AECI","Associated Electric Cooperative, Inc.","TVA","Tennessee Valley Authority",104,"megawatthours"
"2026-09-27T16","AVA","Avista Corporation","BPAT","Bonneville Power Administration",-572,"megawatthours"
"2026-09-27T16","AVA","Avista Corporation","CHPD","Public Utility District No. 1 of Chelan County",-12,"megawatthours"
"2026-09-27T16","AVA","Avista Corporation","GCPD","Public Utility District No. 2 of Grant County, Washington",64,"megawatthours"
"2026-09-27T16","AVA","Avista Corporation","IPCO","Idaho Power Company",12,"megawatthours"
"2026-09-27T16","AVA","Avista Corporation","NWMT","NorthWestern Corporation",-39,"megawatthours"
"2026-09-27T16","AVA","Avista Corporation","PACW","PacifiCorp West",92,"megawatthours"
"2026-09-27T16","BANC","Balancing Authority of Northern California","BPAT","Bonneville Power Administration",-64,"megawatthours"
"2026-09-27T16","BANC","Balancing Authority of Northern California","CISO","California Independent System Operator",353,"megawatthours"
"2026-09-27T16","BANC","Balancing Authority of Northern California","TIDC","Turlock Irrigation District",-490,"megawatthours"
"2026-09-27T16","BHBA","Black Hills Energy","PACE","PacifiCorp East",221,"megawatthours"
"2026-09-27T16","BHBA","Black Hills Energy","SWPP","Southwest Power Pool",0,"megawatthours"
"2026-09-27T16","BHBA","Black Hills Energy","SWPW","Southwest Power Pool West Balancing Authority Area",-132,"megawatthours"
"2026-09-27T16","CAL","California","NW","Northwest",-64,"megawatthours"
"2026-09-27T16","CAR","Carolinas","MIDA","Mid-Atlantic",684,"megawatthours"
"2026-09-27T16","CAR","Carolinas","SE","Southeast",-1083,"megawatthours"
"2026-09-27T16","CAR","Carolinas","TEN","Tennessee",-165,"megawatthours"
"2026-09-27T16","CHPD","Public Utility District No. 1 of Chelan County","AVA","Avista Corporation",12,"megawatthours"
"2026-09-27T16","CHPD","Public Utility District No. 1 of Chelan County","BPAT","Bonneville Power Administration",409,"megawatthours"
"2026-09-27T16","CHPD","Public Utility District No. 1 of Chelan County","DOPD","PUD No. 1 of Douglas County",77,"megawatthours"
"2026-09-27T16","CHPD","Public Utility District No. 1 of Chelan County","PSEI","Puget Sound Energy, Inc.",141,"megawatthours"
"2026-09-27T16","CPLE","Duke Energy Progress East","DUK","Duke Energy Carolinas",689,"megawatthours"
"2026-09-27T16","CPLE","Duke Energy Progress East","PJM","PJM Interconnection, LLC",479,"megawatthours"
"2026-09-27T16","CPLE","Duke Energy Progress East","SC","South Carolina Public Service Authority",384,"megawatthours"
"2026-09-27T16","CPLE","Duke Energy Progress East","SCEG","Dominion Energy South Carolina, Inc.",-28,"megawatthours"
"2026-09-27T16","CPLE","Duke Energy Progress East","YAD","Alcoa Power Generating, Inc. - Yadkin Division",35,"megawatthours"
"2026-09-27T16","CPLW","Duke Energy Progress West","DUK","Duke Energy Carolinas",-133,"megawatthours"
"2026-09-27T16","CPLW","Duke Energy Progress West","PJM","PJM Interconnection, LLC",-99,"megawatthours"
"2026-09-27T16","CPLW","Duke Energy Progress West","TVA","Tennessee Valley Authority",-23,"megawatthours"
"2026-09-27T16","DUK","Duke Energy Carolinas","CPLE","Duke Energy Progress East",-689,"megawatthours"
"2026-09-27T16","DUK","Duke Energy Carolinas","CPLW","Duke Energy Progress West",133,"megawatthours"
"2026-09-27T16","DUK","Duke Energy Carolinas","PJM","PJM Interconnection, LLC",304,"megawatthours"
"2026-09-27T16","DUK","Duke Energy Carolinas","SC","South Carolina Public Service Authority",-485,"megawatthours"
"2026-09-27T16","DUK","Duke Energy Carolinas","SCEG","Dominion Energy South Carolina, Inc.",-333,"megawatthours"
"2026-09-27T16","DUK","Duke Energy Carolinas","SEPA","Southeastern Power Administration",2,"megawatthours"
"2026-09-27T16","DUK","Duke Energy Carolinas","SOCO","Southern Company Services, Inc. - Trans",131,"megawatthours"
"2026-09-27T16","DUK","Duke Energy Carolinas","TVA","Tennessee Valley Authority",-142,"megawatthours"
"2026-09-27T16","DUK","Duke Energy Carolinas","YAD","Alcoa Power Generating, Inc. - Yadkin Division",-56,"megawatthours"
"2026-09-27T16","EPE","El Paso Electric Company","PNM","Public Service Company of New Mexico",-288,"megawatthours"
"2026-09-27T16","EPE","El Paso Electric Company","SWPP","Southwest Power Pool",0,"megawatthours"
"2026-09-27T16","EPE","El Paso Electric Company","TEPC","Tucson Electric Power",508,"megawatthours"
"2026-09-27T16","FLA","Florida","SE","Southeast",-332,"megawatthours"
"2026-09-27T16","FMPP","Florida Municipal Power Pool","FPC","Duke Energy Florida, Inc.",260,"megawatthours"
"2026-09-27T16","FMPP","Florida Municipal Power Pool","FPL","Florida Power & Light Co.",-196,"megawatthours"
"2026-09-27T16","FMPP","Florida Municipal Power Pool","JEA","JEA",-30,"megawatthours"
"2026-09-27T16","FMPP","Florida Municipal Power Pool","TEC","Tampa Electric Company",-269,"megawatthours"
"2026-09-27T16","FPC","Duke Energy Florida, Inc.","FMPP","Florida Municipal Power Pool",-251,"megawatthours"
"2026-09-27T16","FPC","Duke Energy Florida, Inc.","FPL","Florida Power & Light Co.",-599,"megawatthours"
"2026-09-27T16","FPC","Duke Energy Florida, Inc.","GVL","Gainesville Regional Utilities",-7,"megawatthours"
"2026-09-27T16","FPC","Duke Energy Florida, Inc.","SEC","Seminole Electric Cooperative",-518,"megawatthours"
"2026-09-27T16","FPC","Duke Energy Florida, Inc.","SOCO","Southern Company Services, Inc. - Trans",84,"megawatthours"
"2026-09-27T16","FPC","Duke Energy Florida, Inc.","TAL","City of Tallahassee",-100,"megawatthours"
"2026-09-27T16","FPC","Duke Energy Florida, Inc.","TEC","Tampa Electric Company",396,"megawatthours"
"2026-09-27T16","FPL","Florida Power & Light Co.","FMPP","Florida Municipal Power Pool",196,"megawatthours"
"2026-09-27T16","FPL","Florida Power & Light Co.","FPC","Duke Energy Florida, Inc.",599,"megawatthours"
"2026-09-27T16","FPL","Florida Power & Light Co.","GVL","Gainesville Regional Utilities",15,"megawatthours"
"2026-09-27T16","FPL","Florida Power & Light Co.","HST","City of Homestead",89,"megawatthours"
"2026-09-27T16","FPL","Florida Power & Light Co.","JEA","JEA",769,"megawatthours"
"2026-09-27T16","FPL","Florida Power & Light Co.","SEC","Seminole Electric Cooperative",-817,"megawatthours"
"2026-09-27T16","FPL","Florida Power & Light Co.","SOCO","Southern Company Services, Inc. - Trans",-341,"megawatthours"
"2026-09-27T16","FPL","Florida Power & Light Co.","TEC","Tampa Electric Company",-120,"megawatthours"
"2026-09-27T16","GCPD","Public Utility District No. 2 of Grant County, Washington","AVA","Avista Corporation",-64,"megawatthours"
"2026-09-27T16","GCPD","Public Utility District No. 2 of Grant County, Washington","BPAT","Bonneville Power Administration",157,"megawatthours"
"2026-09-27T16","GCPD","Public Utility District No. 2 of Grant County, Washington","PACW","PacifiCorp West",62,"megawatthours"
"2026-09-27T16","GCPD","Public Utility District No. 2 of Grant County, Washington","PSEI","Puget Sound Energy, Inc.",-59,"megawatthours"
"2026-09-27T16","GVL","Gainesville Regional Utilities","FPC","Duke Energy Florida, Inc.",7,"megawatthours"
"2026-09-27T16","GVL","Gainesville Regional Utilities","FPL","Florida Power & Light Co.",-15,"megawatthours"
"2026-09-27T16","GWA","NaturEner Power Watch, LLC","NWMT","NorthWestern Corporation",58,"megawatthours"
"2026-09-27T16","HST","City of Homestead","FPL","Florida Power & Light Co.",-88,"megawatthours"
"2026-09-27T16","LGEE","LG&E and KU Services Company as agent for Louisville Gas and Electric Company and Kentucky Utilities Company","MISO","Midcontinent Independent System Operator, Inc.",-305,"megawatthours"
"2026-09-27T16","LGEE","LG&E and KU Services Company as agent for Louisville Gas and Electric Company and Kentucky Utilities Company","PJM","PJM Interconnection, LLC",132,"megawatthours"
"2026-09-27T16","LGEE","LG&E and KU Services Company as agent for Louisville Gas and Electric Company and Kentucky Utilities Company","TVA","Tennessee Valley Authority",-96,"megawatthours"
"2026-09-27T16","MIDA","Mid-Atlantic","CAR","Carolinas",-1173,"megawatthours"
"2026-09-27T16","MIDA","Mid-Atlantic","MIDW","Midwest",3724,"megawatthours"
"2026-09-27T16","MIDA","Mid-Atlantic","NY","New York",2384,"megawatthours"
"2026-09-27T16","MIDA","Mid-Atlantic","TEN","Tennessee",-730,"megawatthours"
"2026-09-27T16","MIDW","Midwest","CENT","Central",52,"megawatthours"
"2026-09-27T16","MIDW","Midwest","MIDA","Mid-Atlantic",132,"megawatthours"
"2026-09-27T16","MIDW","Midwest","TEN","Tennessee",8,"megawatthours"
"2026-09-27T16","NEVP","Nevada Power Company","BPAT","Bonneville Power Administration",-109,"megawatthours"
"2026-09-27T16","NEVP","Nevada Power Company","CISO","California Independent System Operator",1527,"megawatthours"
"2026-09-27T16","NEVP","Nevada Power Company","IPCO","Idaho Power Company",-138,"megawatthours"
"2026-09-27T16","NEVP","Nevada Power Company","LDWP","Los Angeles Department of Water and Power",-1174,"megawatthours"
"2026-09-27T16","NEVP","Nevada Power Company","PACE","PacifiCorp East",-97,"megawatthours"
"2026-09-27T16","NEVP","Nevada Power Company","WALC","Western Area Power Administration - Desert Southwest Region",-110,"megawatthours"
"2026-09-27T16","NW","Northwest","CAL","California",353,"megawatthours"
"2026-09-27T16","NW","Northwest","CENT","Central",0,"megawatthours"
"2026-09-27T16","NW","Northwest","SW","Southwest",-110,"megawatthours"
"2026-09-27T16","PGE","Portland General Electric Company","BPAT","Bonneville Power Administration",-1216,"megawatthours"
"2026-09-27T16","PGE","Portland General Electric Company","PACW","PacifiCorp West",-19,"megawatthours"
"2026-09-27T16","PJM","PJM Interconnection, LLC","CPLE","Duke Energy Progress East",-848,"megawatthours"
"2026-09-27T16","PJM","PJM Interconnection, LLC","CPLW","Duke Energy Progress West",67,"megawatthours"
"2026-09-27T16","PJM","PJM Interconnection, LLC","DUK","Duke Energy Carolinas",-392,"megawatthours"
"2026-09-27T16","PJM","PJM Interconnection, LLC","LGEE","LG&E and KU Services Company as agent for Louisville Gas and Electric Company and Kentucky Utilities Company",87,"megawatthours"
"2026-09-27T16","PJM","PJM Interconnection, LLC","MISO","Midcontinent Independent System Operator, Inc.",3637,"megawatthours"
"2026-09-27T16","PJM","PJM Interconnection, LLC","NYIS","New York Independent System Operator",2384,"megawatthours"
"2026-09-27T16","PJM","PJM Interconnection, LLC","TVA","Tennessee Valley Authority",-730,"megawatthours"
"2026-09-27T16","PNM","Public Service Company of New Mexico","AZPS","Arizona Public Service Company",10,"megawatthours"
"2026-09-27T16","PNM","Public Service Company of New Mexico","EPE","El Paso Electric Company",288,"megawatthours"
"2026-09-27T16","PNM","Public Service Company of New Mexico","GRID","Gridforce Energy Management, LLC",6,"megawatthours"
"2026-09-27T16","PNM","Public Service Company of New Mexico","PSCO","Public Service Company of Colorado",-73,"megawatthours"
"2026-09-27T16","PNM","Public Service Company of New Mexico","SWPP","Southwest Power Pool",0,"megawatthours"
"2026-09-27T16","PNM","Public Service Company of New Mexico","SWPW","Southwest Power Pool West Balancing Authority Area",280,"megawatthours"
"2026-09-27T16","PNM","Public Service Company of New Mexico","TEPC","Tucson Electric Power",-92,"megawatthours"
"2026-09-27T16","SCEG","Dominion Energy South Carolina, Inc.","CPLE","Duke Energy Progress East",28,"megawatthours"
"2026-09-27T16","SCEG","Dominion Energy South Carolina, Inc.","DUK","Duke Energy Carolinas",333,"megawatthours"
"2026-09-27T16","SCEG","Dominion Energy South Carolina, Inc.","SC","South Carolina Public Service Authority",1036,"megawatthours"
"2026-09-27T16","SCEG","Dominion Energy South Carolina, Inc.","SEPA","Southeastern Power Administration",26,"megawatthours"
"2026-09-27T16","SCEG","Dominion Energy South Carolina, Inc.","SOCO","Southern Company Services, Inc. - Trans",-1242,"megawatthours"
"2026-09-27T16","SE","Southeast","CAR","Carolinas",-111,"megawatthours"
"2026-09-27T16","SEC","Seminole Electric Cooperative","FPC","Duke Energy Florida, Inc.",526,"megawatthours"
"2026-09-27T16","SEC","Seminole Electric Cooperative","FPL","Florida Power & Light Co.",817,"megawatthours"
"2026-09-27T16","SEC","Seminole Electric Cooperative","JEA","JEA",2,"megawatthours"
"2026-09-27T16","SEC","Seminole Electric Cooperative","TEC","Tampa Electric Company",59,"megawatthours"
"2026-09-27T16","SEPA","Southeastern Power Administration","DUK","Duke Energy Carolinas",-2,"megawatthours"
"2026-09-27T16","SEPA","Southeastern Power Administration","SC","South Carolina Public Service Authority",-83,"megawatthours"
"2026-09-27T16","SEPA","Southeastern Power Administration","SCEG","Dominion Energy South Carolina, Inc.",-26,"megawatthours"
"2026-09-27T16","SEPA","Southeastern Power Administration","SOCO","Southern Company Services, Inc. - Trans",109,"megawatthours"
"2026-09-27T16","SIKE","Sikeston Board of Municipal Utilities","AECI","Associated Electric Cooperative, Inc.",29,"megawatthours"
"2026-09-27T16","SIKE","Sikeston Board of Municipal Utilities","MISO","Midcontinent Independent System Operator, Inc.",37,"megawatthours"
"2026-09-27T16","SIKE","Sikeston Board of Municipal Utilities","SPA","Southwestern Power Administration",89,"megawatthours"
"2026-09-27T16","SIKE","Sikeston Board of Municipal Utilities","SWPP","Southwest Power Pool",-123,"megawatthours"
"2026-09-27T16","SRP","Salt River Project Agricultural Improvement and Power District","AZPS","Arizona Public Service Company",5017,"megawatthours"
"2026-09-27T16","SRP","Salt River Project Agricultural Improvement and Power District","CISO","California Independent System Operator",1410,"megawatthours"
"2026-09-27T16","SRP","Salt River Project Agricultural Improvement and Power District","DEAA","Arlington Valley, LLC",-434,"megawatthours"
"2026-09-27T16","SRP","Salt River Project Agricultural Improvement and Power District","GRID","Gridforce Energy Management, LLC",-464,"megawatthours"
"2026-09-27T16","SRP","Salt River Project Agricultural Improvement and Power District","TEPC","Tucson Electric Power",-929,"megawatthours"
"2026-09-27T16","SRP","Salt River Project Agricultural Improvement and Power District","WALC","Western Area Power Administration - Desert Southwest Region",271,"megawatthours"
"2026-09-27T16","SW","Southwest","CAL","California",2571,"megawatthours"
"2026-09-27T16","SW","Southwest","CENT","Central",0,"megawatthours"
"2026-09-27T16","SW","Southwest","NW","Northwest",-635,"megawatthours"
"2026-09-27T16","TAL","City of Tallahassee","FPC","Duke Energy Florida, Inc.",99,"megawatthours"
"2026-09-27T16","TAL","City of Tallahassee","SOCO","Southern Company Services, Inc. - Trans",-75,"megawatthours"
"2026-09-27T16","TEN","Tennessee","CAR","Carolinas",165,"megawatthours"
"2026-09-27T16","TEN","Tennessee","MIDA","Mid-Atlantic",393,"megawatthours"
"2026-09-27T16","TEN","Tennessee","MIDW","Midwest",-1375,"megawatthours"
"2026-09-27T16","TEN","Tennessee","SE","Southeast",524,"megawatthours"
"2026-09-27T16","TEPC","Tucson Electric Power","AZPS","Arizona Public Service Company",-10,"megawatthours"
"2026-09-27T16","TEPC","Tucson Electric Power","EPE","El Paso Electric Company",-508,"megawatthours"
"2026-09-27T16","TEPC","Tucson Electric Power","PNM","Public Service Company of New Mexico",92,"megawatthours"
"2026-09-27T16","TEPC","Tucson Electric Power","SRP","Salt River Project Agricultural Improvement and Power District",929,"megawatthours"
"2026-09-27T16","TEPC","Tucson Electric Power","WALC","Western Area Power Administration - Desert Southwest Region",-76,"megawatthours"
"2026-09-27T16","TPWR","City of Tacoma, Department of Public Utilities, Light Division","BPAT","Bonneville Power Administration",-342,"megawatthours"
"2026-09-27T16","TPWR","City of Tacoma, Department of Public Utilities, Light Division","PSEI","Puget Sound Energy, Inc.",40,"megawatthours"
"2026-09-27T16","TVA","Tennessee Valley Authority","AECI","Associated Electric Cooperative, Inc.",-102,"megawatthours"
"2026-09-27T16","TVA","Tennessee Valley Authority","CPLW","Duke Energy Progress West",23,"megawatthours"
"2026-09-27T16","TVA","Tennessee Valley Authority","DUK","Duke Energy Carolinas",142,"megawatthours"
"2026-09-27T16","TVA","Tennessee Valley Authority","LGEE","LG&E and KU Services Company as agent for Louisville Gas and Electric Company and Kentucky Utilities Company",96,"megawatthours"
"2026-09-27T16","TVA","Tennessee Valley Authority","MISO","Midcontinent Independent System Operator, Inc.",-1369,"megawatthours"
"2026-09-27T16","TVA","Tennessee Valley Authority","PJM","PJM Interconnection, LLC",393,"megawatthours"
"2026-09-27T16","TVA","Tennessee Valley Authority","SOCO","Southern Company Services, Inc. - Trans",524,"megawatthours"
"2026-09-27T16","WALC","Western Area Power Administration - Desert Southwest Region","AZPS","Arizona Public Service Company",-637,"megawatthours"
"2026-09-27T16","WALC","Western Area Power Administration - Desert Southwest Region","CISO","California Independent System Operator",184,"megawatthours"
"2026-09-27T16","WALC","Western Area Power Administration - Desert Southwest Region","GRID","Gridforce Energy Management, LLC",-434,"megawatthours"
"2026-09-27T16","WALC","Western Area Power Administration - Desert Southwest Region","IID","Imperial Irrigation District",7,"megawatthours"
"2026-09-27T16","WALC","Western Area Power Administration - Desert Southwest Region","LDWP","Los Angeles Department of Water and Power",970,"megawatthours"
"2026-09-27T16","WALC","Western Area Power Administration - Desert Southwest Region","NEVP","Nevada Power Company",110,"megawatthours"
"2026-09-27T16","WALC","Western Area Power Administration - Desert Southwest Region","SRP","Salt River Project Agricultural Improvement and Power District",-271,"megawatthours"
"2026-09-27T16","WALC","Western Area Power Administration - Desert Southwest Region","SWPW","Southwest Power Pool West Balancing Authority Area",-60,"megawatthours"
"2026-09-27T16","WALC","Western Area Power Administration - Desert Southwest Region","TEPC","Tucson Electric Power",76,"megawatthours"
"2026-09-27T16","YAD","Alcoa Power Generating, Inc. - Yadkin Division","CPLE","Duke Energy Progress East",-35,"megawatthours"
"2026-09-27T16","YAD","Alcoa Power Generating, Inc. - Yadkin Division","DUK","Duke Energy Carolinas",56,"megawatthours"
"2026-09-27T15","AECI","Associated Electric Cooperative, Inc.","MISO","Midcontinent Independent System Operator, Inc.",-47,"megawatthours"
"2026-09-27T15","AECI","Associated Electric Cooperative, Inc.","SIKE","Sikeston Board of Municipal Utilities",-19,"megawatthours"
"2026-09-27T15","AECI","Associated Electric Cooperative, Inc.","SPA","Southwestern Power Administration",-174,"megawatthours"
"2026-09-27T15","AECI","Associated Electric Cooperative, Inc.","SWPP","Southwest Power Pool",120,"megawatthours"
"2026-09-27T15","AECI","Associated Electric Cooperative, Inc.","TVA","Tennessee Valley Authority",99,"megawatthours"
"2026-09-27T15","AVA","Avista Corporation","BPAT","Bonneville Power Administration",-465,"megawatthours"
"2026-09-27T15","AVA","Avista Corporation","CHPD","Public Utility District No. 1 of Chelan County",-9,"megawatthours"
"2026-09-27T15","AVA","Avista Corporation","GCPD","Public Utility District No. 2 of Grant County, Washington",47,"megawatthours"
"2026-09-27T15","AVA","Avista Corporation","IPCO","Idaho Power Company",67,"megawatthours"
"2026-09-27T15","AVA","Avista Corporation","NWMT","NorthWestern Corporation",-30,"megawatthours"
"2026-09-27T15","AVA","Avista Corporation","PACW","PacifiCorp West",120,"megawatthours"
"2026-09-27T15","BANC","Balancing Authority of Northern California","BPAT","Bonneville Power Administration",-366,"megawatthours"
"2026-09-27T15","BANC","Balancing Authority of Northern California","CISO","California Independent System Operator",572,"megawatthours"
"2026-09-27T15","BANC","Balancing Authority of Northern California","TIDC","Turlock Irrigation District",-191,"megawatthours"
"2026-09-27T15","BHBA","Black Hills Energy","PACE","PacifiCorp East",213,"megawatthours"
"2026-09-27T15","BHBA","Black Hills Energy","SWPP","Southwest Power Pool",0,"megawatthours"
"2026-09-27T15","BHBA","Black Hills Energy","SWPW","Southwest Power Pool West Balancing Authority Area",-100,"megawatthours"
"2026-09-27T15","CAL","California","NW","Northwest",-366,"megawatthours"
"2026-09-27T15","CAR","Carolinas","MIDA","Mid-Atlantic",1110,"megawatthours"
"2026-09-27T15","CAR","Carolinas","SE","Southeast",-1287,"megawatthours"
"2026-09-27T15","CAR","Carolinas","TEN","Tennessee",-154,"megawatthours"
"2026-09-27T15","CHPD","Public Utility District No. 1 of Chelan County","AVA","Avista Corporation",9,"megawatthours"
"2026-09-27T15","CHPD","Public Utility District No. 1 of Chelan County","BPAT","Bonneville Power Administration",346,"megawatthours"
"2026-09-27T15","CHPD","Public Utility District No. 1 of Chelan County","DOPD","PUD No. 1 of Douglas County",82,"megawatthours"
"2026-09-27T15","CHPD","Public Utility District No. 1 of Chelan County","PSEI","Puget Sound Energy, Inc.",125,"megawatthours"
"2026-09-27T15","CPLE","Duke Energy Progress East","DUK","Duke Energy Carolinas",537,"megawatthours"
"2026-09-27T15","CPLE","Duke Energy Progress East","PJM","PJM Interconnection, LLC",667,"megawatthours"
"2026-09-27T15","CPLE","Duke Energy Progress East","SC","South Carolina Public Service Authority",258,"megawatthours"
"2026-09-27T15","CPLE","Duke Energy Progress East","SCEG","Dominion Energy South Carolina, Inc.",-51,"megawatthours"
"2026-09-27T15","CPLE","Duke Energy Progress East","YAD","Alcoa Power Generating, Inc. - Yadkin Division",31,"megawatthours"
"2026-09-27T15","CPLW","Duke Energy Progress West","DUK","Duke Energy Carolinas",-174,"megawatthours"
"2026-09-27T15","CPLW","Duke Energy Progress West","PJM","PJM Interconnection, LLC",-68,"megawatthours"
"2026-09-27T15","CPLW","Duke Energy Progress West","TVA","Tennessee Valley Authority",-22,"megawatthours"
"2026-09-27T15","DUK","Duke Energy Carolinas","CPLE","Duke Energy Progress East",-537,"megawatthours"
"2026-09-27T15","DUK","Duke Energy Carolinas","CPLW","Duke Energy Progress West",174,"megawatthours"
"2026-09-27T15","DUK","Duke Energy Carolinas","PJM","PJM Interconnection, LLC",511,"megawatthours"
"2026-09-27T15","DUK","Duke Energy Carolinas","SC","South Carolina Public Service Authority",-541,"megawatthours"
"2026-09-27T15","DUK","Duke Energy Carolinas","SCEG","Dominion Energy South Carolina, Inc.",-390,"megawatthours"
"2026-09-27T15","DUK","Duke Energy Carolinas","SEPA","Southeastern Power Administration",-13,"megawatthours"
"2026-09-27T15","DUK","Duke Energy Carolinas","SOCO","Southern Company Services, Inc. - Trans",10,"megawatthours"
"2026-09-27T15","DUK","Duke Energy Carolinas","TVA","Tennessee Valley Authority",-132,"megawatthours"
"2026-09-27T15","DUK","Duke Energy Carolinas","YAD","Alcoa Power Generating, Inc. - Yadkin Division",-51,"megawatthours"
"2026-09-27T15","EPE","El Paso Electric Company","PNM","Public Service Company of New Mexico",-278,"megawatthours"
"2026-09-27T15","EPE","El Paso Electric Company","SWPP","Southwest Power Pool",0,"megawatthours"
"2026-09-27T15","EPE","El Paso Electric Company","TEPC","Tucson Electric Power",387,"megawatthours"
"2026-09-27T15","FLA","Florida","SE","Southeast",-36,"megawatthours"
"2026-09-27T15","FMPP","Florida Municipal Power Pool","FPC","Duke Energy Florida, Inc.",168,"megawatthours"
"2026-09-27T15","FMPP","Florida Municipal Power Pool","FPL","Florida Power & Light Co.",-216,"megawatthours"
"2026-09-27T15","FMPP","Florida Municipal Power Pool","JEA","JEA",-17,"megawatthours"
"2026-09-27T15","FMPP","Florida Municipal Power Pool","TEC","Tampa Electric Company",-179,"megawatthours"
"2026-09-27T15","FPC","Duke Energy Florida, Inc.","FMPP","Florida Municipal Power Pool",-160,"megawatthours"
"2026-09-27T15","FPC","Duke Energy Florida, Inc.","FPL","Florida Power & Light Co.",-420,"megawatthours"
"2026-09-27T15","FPC","Duke Energy Florida, Inc.","GVL","Gainesville Regional Utilities",17,"megawatthours"
"2026-09-27T15","FPC","Duke Energy Florida, Inc.","SEC","Seminole Electric Cooperative",-361,"megawatthours"
"2026-09-27T15","FPC","Duke Energy Florida, Inc.","SOCO","Southern Company Services, Inc. - Trans",130,"megawatthours"
"2026-09-27T15","FPC","Duke Energy Florida, Inc.","TAL","City of Tallahassee",-70,"megawatthours"
"2026-09-27T15","FPC","Duke Energy Florida, Inc.","TEC","Tampa Electric Company",197,"megawatthours"
"2026-09-27T15","FPL","Florida Power & Light Co.","FMPP","Florida Municipal Power Pool",216,"megawatthours"
"2026-09-27T15","FPL","Florida Power & Light Co.","FPC","Duke Energy Florida, Inc.",420,"megawatthours"
"2026-09-27T15","FPL","Florida Power & Light Co.","GVL","Gainesville Regional Utilities",-1,"megawatthours"
"2026-09-27T15","FPL","Florida Power & Light Co.","HST","City of Homestead",82,"megawatthours"
"2026-09-27T15","FPL","Florida Power & Light Co.","JEA","JEA",695,"megawatthours"
"2026-09-27T15","FPL","Florida Power & Light Co.","SEC","Seminole Electric Cooperative",-768,"megawatthours"
"2026-09-27T15","FPL","Florida Power & Light Co.","SOCO","Southern Company Services, Inc. - Trans",-121,"megawatthours"
"2026-09-27T15","FPL","Florida Power & Light Co.","TEC","Tampa Electric Company",-65,"megawatthours"
"2026-09-27T15","GCPD","Public Utility District No. 2 of Grant County, Washington","AVA","Avista Corporation",-47,"megawatthours"
"2026-09-27T15","GCPD","Public Utility District No. 2 of Grant County, Washington","BPAT","Bonneville Power Administration",341,"megawatthours"
"2026-09-27T15","GCPD","Public Utility District No. 2 of Grant County, Washington","PACW","PacifiCorp West",70,"megawatthours"
"2026-09-27T15","GCPD","Public Utility District No. 2 of Grant County, Washington","PSEI","Puget Sound Energy, Inc.",-75,"megawatthours"
"2026-09-27T15","GVL","Gainesville Regional Utilities","FPC","Duke Energy Florida, Inc.",-17,"megawatthours"
"2026-09-27T15","GVL","Gainesville Regional Utilities","FPL","Florida Power & Light Co.",1,"megawatthours"
"2026-09-27T15","GWA","NaturEner Power Watch, LLC","NWMT","NorthWestern Corporation",1,"megawatthours"
"2026-09-27T15","HST","City of Homestead","FPL","Florida Power & Light Co.",-82,"megawatthours"
"2026-09-27T15","LGEE","LG&E and KU Services Company as agent for Louisville Gas and Electric Company and Kentucky Utilities Company","MISO","Midcontinent Independent System Operator, Inc.",-204,"megawatthours"
"2026-09-27T15","LGEE","LG&E and KU Services Company as agent for Louisville Gas and Electric Company and Kentucky Utilities Company","PJM","PJM Interconnection, LLC",210,"megawatthours"
"2026-09-27T15","LGEE","LG&E and KU Services Company as agent for Louisville Gas and Electric Company and Kentucky Utilities Company","TVA","Tennessee Valley Authority",-164,"megawatthours"
"2026-09-27T15","MIDA","Mid-Atlantic","CAR","Carolinas",-1190,"megawatthours"
"2026-09-27T15","MIDA","Mid-Atlantic","MIDW","Midwest",3285,"megawatthours"
"2026-09-27T15","MIDA","Mid-Atlantic","NY","New York",2311,"megawatthours"
"2026-09-27T15","MIDA","Mid-Atlantic","TEN","Tennessee",-890,"megawatthours"
"2026-09-27T15","MIDW","Midwest","CENT","Central",-79,"megawatthours"
"2026-09-27T15","MIDW","Midwest","MIDA","Mid-Atlantic",210,"megawatthours"
"2026-09-27T15","MIDW","Midwest","TEN","Tennessee",-65,"megawatthours"
"2026-09-27T15","NEVP","Nevada Power Company","BPAT","Bonneville Power Administration",-139,"megawatthours"
"2026-09-27T15","NEVP","Nevada Power Company","CISO","California Independent System Operator",1520,"megawatthours"
"2026-09-27T15","NEVP","Nevada Power Company","IPCO","Idaho Power Company",-146,"megawatthours"
"2026-09-27T15","NEVP","Nevada Power Company","LDWP","Los Angeles Department of Water and Power",-1030,"megawatthours"
"2026-09-27T15","NEVP","Nevada Power Company","PACE","PacifiCorp East",-115,"megawatthours"
"2026-09-27T15","NEVP","Nevada Power Company","WALC","Western Area Power Administration - Desert Southwest Region",-23,"megawatthours"
"2026-09-27T15","NW","Northwest","CAL","California",490,"megawatthours"
"2026-09-27T15","NW","Northwest","CENT","Central",0,"megawatthours"
"2026-09-27T15","NW","Northwest","SW","Southwest",-23,"megawatthours"
"2026-09-27T15","PGE","Portland General Electric Company","BPAT","Bonneville Power Administration",-1063,"megawatthours"
"2026-09-27T15","PGE","Portland General Electric Company","PACW","PacifiCorp West",-34,"megawatthours"
"2026-09-27T15","PJM","PJM Interconnection, LLC","CPLE","Duke Energy Progress East",-883,"megawatthours"
"2026-09-27T15","PJM","PJM Interconnection, LLC","CPLW","Duke Energy Progress West",51,"megawatthours"
"2026-09-27T15","PJM","PJM Interconnection, LLC","DUK","Duke Energy Carolinas",-358,"megawatthours"
"2026-09-27T15","PJM","PJM Interconnection, LLC","LGEE","LG&E and KU Services Company as agent for Louisville Gas and Electric Company and Kentucky Utilities Company",53,"megawatthours"
"2026-09-27T15","PJM","PJM Interconnection, LLC","MISO","Midcontinent Independent System Operator, Inc.",3232,"megawatthours"
"2026-09-27T15","PJM","PJM Interconnection, LLC","NYIS","New York Independent System Operator",2311,"megawatthours"
"2026-09-27T15","PJM","PJM Interconnection, LLC","TVA","Tennessee Valley Authority",-890,"megawatthours"
"2026-09-27T15","PNM","Public Service Company of New Mexico","AZPS","Arizona Public Service Company",-11,"megawatthours"
"2026-09-27T15","PNM","Public Service Company of New Mexico","EPE","El Paso Electric Company",278,"megawatthours"
"2026-09-27T15","PNM","Public Service Company of New Mexico","GRID","Gridforce Energy Management, LLC",6,"megawatthours"
"2026-09-27T15","PNM","Public Service Company of New Mexico","PSCO","Public Service Company of Colorado",-97,"megawatthours"
"2026-09-27T15","PNM","Public Service Company of New Mexico","SWPP","Southwest Power Pool",0,"megawatthours"
"2026-09-27T15","PNM","Public Service Company of New Mexico","SWPW","Southwest Power Pool West Balancing Authority Area",209,"megawatthours"
"2026-09-27T15","PNM","Public Service Company of New Mexico","TEPC","Tucson Electric Power",-117,"megawatthours"
"2026-09-27T15","SCEG","Dominion Energy South Carolina, Inc.","CPLE","Duke Energy Progress East",51,"megawatthours"
"2026-09-27T15","SCEG","Dominion Energy South Carolina, Inc.","DUK","Duke Energy Carolinas",390,"megawatthours"
"2026-09-27T15","SCEG","Dominion Energy South Carolina, Inc.","SC","South Carolina Public Service Authority",1046,"megawatthours"
"2026-09-27T15","SCEG","Dominion Energy South Carolina, Inc.","SEPA","Southeastern Power Administration",28,"megawatthours"
"2026-09-27T15","SCEG","Dominion Energy South Carolina, Inc.","SOCO","Southern Company Services, Inc. - Trans",-1312,"megawatthours"
"2026-09-27T15","SE","Southeast","CAR","Carolinas",-93,"megawatthours"
"2026-09-27T15","SEC","Seminole Electric Cooperative","FPC","Duke Energy Florida, Inc.",369,"megawatthours"
"2026-09-27T15","SEC","Seminole Electric Cooperative","FPL","Florida Power & Light Co.",767,"megawatthours"
"2026-09-27T15","SEC","Seminole Electric Cooperative","JEA","JEA",28,"megawatthours"
"2026-09-27T15","SEC","Seminole Electric Cooperative","TEC","Tampa Electric Company",88,"megawatthours"
"2026-09-27T15","SEPA","Southeastern Power Administration","DUK","Duke Energy Carolinas",13,"megawatthours"
"2026-09-27T15","SEPA","Southeastern Power Administration","SC","South Carolina Public Service Authority",-78,"megawatthours"
"2026-09-27T15","SEPA","Southeastern Power Administration","SCEG","Dominion Energy South Carolina, Inc.",-28,"megawatthours"
"2026-09-27T15","SEPA","Southeastern Power Administration","SOCO","Southern Company Services, Inc. - Trans",90,"megawatthours"
"2026-09-27T15","SIKE","Sikeston Board of Municipal Utilities","AECI","Associated Electric Cooperative, Inc.",19,"megawatthours"
"2026-09-27T15","SIKE","Sikeston Board of Municipal Utilities","MISO","Midcontinent Independent System Operator, Inc.",38,"megawatthours"
"2026-09-27T15","SIKE","Sikeston Board of Municipal Utilities","SPA","Southwestern Power Administration",76,"megawatthours"
"2026-09-27T15","SIKE","Sikeston Board of Municipal Utilities","SWPP","Southwest Power Pool",-101,"megawatthours"
"2026-09-27T15","SRP","Salt River Project Agricultural Improvement and Power District","AZPS","Arizona Public Service Company",4886,"megawatthours"
"2026-09-27T15","SRP","Salt River Project Agricultural Improvement and Power District","CISO","California Independent System Operator",1644,"megawatthours"
"2026-09-27T15","SRP","Salt River Project Agricultural Improvement and Power District","DEAA","Arlington Valley, LLC",-436,"megawatthours"
"2026-09-27T15","SRP","Salt River Project Agricultural Improvement and Power District","GRID","Gridforce Energy Management, LLC",-560,"megawatthours"
"2026-09-27T15","SRP","Salt River Project Agricultural Improvement and Power District","TEPC","Tucson Electric Power",-795,"megawatthours"
"2026-09-27T15","SRP","Salt River Project Agricultural Improvement and Power District","WALC","Western Area Power Administration - Desert Southwest Region",300,"megawatthours"
"2026-09-27T15","SW","Southwest","CAL","California",2924,"megawatthours"
"2026-09-27T15","SW","Southwest","CENT","Central",0,"megawatthours"
"2026-09-27T15","SW","Southwest","NW","Northwest",-920,"megawatthours"
"2026-09-27T15","TAL","City of Tallahassee","FPC","Duke Energy Florida, Inc.",70,"megawatthours"
"2026-09-27T15","TAL","City of Tallahassee","SOCO","Southern Company Services, Inc. - Trans",-45,"megawatthours"
"2026-09-27T15","TEN","Tennessee","CAR","Carolinas",154,"megawatthours"
"2026-09-27T15","TEN","Tennessee","MIDA","Mid-Atlantic",588,"megawatthours"
"2026-09-27T15","TEN","Tennessee","MIDW","Midwest",-1389,"megawatthours"
"2026-09-27T15","TEN","Tennessee","SE","Southeast",282,"megawatthours"
"2026-09-27T15","TEPC","Tucson Electric Power","AZPS","Arizona Public Service Company",21,"megawatthours"
"2026-09-27T15","TEPC","Tucson Electric Power","EPE","El Paso Electric Company",-387,"megawatthours"
"2026-09-27T15","TEPC","Tucson Electric Power","PNM","Public Service Company of New Mexico",117,"megawatthours"
"2026-09-27T15","TEPC","Tucson Electric Power","SRP","Salt River Project Agricultural Improvement and Power District",795,"megawatthours"
"2026-09-27T15","TEPC","Tucson Electric Power","WALC","Western Area Power Administration - Desert Southwest Region",-74,"megawatthours"
"2026-09-27T15","TPWR","City of Tacoma, Department of Public Utilities, Light Division","BPAT","Bonneville Power Administration",-254,"megawatthours"
"2026-09-27T15","TPWR","City of Tacoma, Department of Public Utilities, Light Division","PSEI","Puget Sound Energy, Inc.",35,"megawatthours"
"2026-09-27T15","TVA","Tennessee Valley Authority","AECI","Associated Electric Cooperative, Inc.",-97,"megawatthours"
"2026-09-27T15","TVA","Tennessee Valley Authority","CPLW","Duke Energy Progress West",22,"megawatthours"
"2026-09-27T15","TVA","Tennessee Valley Authority","DUK","Duke Energy Carolinas",132,"megawatthours"
"2026-09-27T15","TVA","Tennessee Valley Authority","LGEE","LG&E and KU Services Company as agent for Louisville Gas and Electric Company and Kentucky Utilities Company",164,"megawatthours"
"2026-09-27T15","TVA","Tennessee Valley Authority","MISO","Midcontinent Independent System Operator, Inc.",-1456,"megawatthours"
"2026-09-27T15","TVA","Tennessee Valley Authority","PJM","PJM Interconnection, LLC",588,"megawatthours"
"2026-09-27T15","TVA","Tennessee Valley Authority","SOCO","Southern Company Services, Inc. - Trans",282,"megawatthours"
"2026-09-27T15","WALC","Western Area Power Administration - Desert Southwest Region","AZPS","Arizona Public Service Company",-616,"megawatthours"
"2026-09-27T15","WALC","Western Area Power Administration - Desert Southwest Region","CISO","California Independent System Operator",146,"megawatthours"
"2026-09-27T15","WALC","Western Area Power Administration - Desert Southwest Region","GRID","Gridforce Energy Management, LLC",-437,"megawatthours"
"2026-09-27T15","WALC","Western Area Power Administration - Desert Southwest Region","IID","Imperial Irrigation District",11,"megawatthours"
"2026-09-27T15","WALC","Western Area Power Administration - Desert Southwest Region","LDWP","Los Angeles Department of Water and Power",1123,"megawatthours"
"2026-09-27T15","WALC","Western Area Power Administration - Desert Southwest Region","NEVP","Nevada Power Company",23,"megawatthours"
"2026-09-27T15","WALC","Western Area Power Administration - Desert Southwest Region","SRP","Salt River Project Agricultural Improvement and Power District",-301,"megawatthours"
"2026-09-27T15","WALC","Western Area Power Administration - Desert Southwest Region","SWPW","Southwest Power Pool West Balancing Authority Area",-64,"megawatthours"
"2026-09-27T15","WALC","Western Area Power Administration - Desert Southwest Region","TEPC","Tucson Electric Power",74,"megawatthours"
"2026-09-27T15","YAD","Alcoa Power Generating, Inc. - Yadkin Division","CPLE","Duke Energy Progress East",-31,"megawatthours"
"2026-09-27T15","YAD","Alcoa Power Generating, Inc. - Yadkin Division","DUK","Duke Energy Carolinas",51,"megawatthours"
"2026-09-27T14","AECI","Associated Electric Cooperative, Inc.","MISO","Midcontinent Independent System Operator, Inc.",284,"megawatthours"
"2026-09-27T14","AECI","Associated Electric Cooperative, Inc.","SIKE","Sikeston Board of Municipal Utilities",-17,"megawatthours"
"2026-09-27T14","AECI","Associated Electric Cooperative, Inc.","SPA","Southwestern Power Administration",-132,"megawatthours"
"2026-09-27T14","AECI","Associated Electric Cooperative, Inc.","SWPP","Southwest Power Pool",46,"megawatthours"
"2026-09-27T14","AECI","Associated Electric Cooperative, Inc.","TVA","Tennessee Valley Authority",105,"megawatthours"
"2026-09-27T14","AVA","Avista Corporation","BPAT","Bonneville Power Administration",-311,"megawatthours"
"2026-09-27T14","AVA","Avista Corporation","CHPD","Public Utility District No. 1 of Chelan County",-10,"megawatthours"
"2026-09-27T14","AVA","Avista Corporation","GCPD","Public Utility District No. 2 of Grant County, Washington",66,"megawatthours"
"2026-09-27T14","AVA","Avista Corporation","IPCO","Idaho Power Company",17,"megawatthours"
"2026-09-27T14","AVA","Avista Corporation","NWMT","NorthWestern Corporation",-50,"megawatthours"
"2026-09-27T14","AVA","Avista Corporation","PACW","PacifiCorp West",109,"megawatthours"
"2026-09-27T14","BANC","Balancing Authority of Northern California","BPAT","Bonneville Power Administration",-397,"megawatthours"
"2026-09-27T14","BANC","Balancing Authority of Northern California","CISO","California Independent System Operator",418,"megawatthours"
"2026-09-27T14","BANC","Balancing Authority of Northern California","TIDC","Turlock Irrigation District",-79,"megawatthours"
"2026-09-27T14","BHBA","Black Hills Energy","PACE","PacifiCorp East",213,"megawatthours"
"2026-09-27T14","BHBA","Black Hills Energy","SWPP","Southwest Power Pool",0,"megawatthours"
"2026-09-27T14","BHBA","Black Hills Energy","SWPW","Southwest Power Pool West Balancing Authority Area",-135,"megawatthours"
"2026-09-27T14","CAL","California","NW","Northwest",-397,"megawatthours"
"2026-09-27T14","CAR","Carolinas","MIDA","Mid-Atlantic",1239,"megawatthours"
"2026-09-27T14","CAR","Carolinas","SE","Southeast",-1322,"megawatthours"
"2026-09-27T14","CAR","Carolinas","TEN","Tennessee",-146,"megawatthours"
"2026-09-27T14","CHPD","Public Utility District No. 1 of Chelan County","AVA","Avista Corporation",10,"megawatthours"
"2026-09-27T14","CHPD","Public Utility District No. 1 of Chelan County","BPAT","Bonneville Power Administration",303,"megawatthours"
"2026-09-27T14","CHPD","Public Utility District No. 1 of Chelan County","DOPD","PUD No. 1 of Douglas County",-48,"megawatthours"
"2026-09-27T14","CHPD","Public Utility District No. 1 of Chelan County","PSEI","Puget Sound Energy, Inc.",105,"megawatthours"
"2026-09-27T14","CPLE","Duke Energy Progress East","DUK","Duke Energy Carolinas",355,"megawatthours"
"2026-09-27T14","CPLE","Duke Energy Progress East","PJM","PJM Interconnection, LLC",808,"megawatthours"
"2026-09-27T14","CPLE","Duke Energy Progress East","SC","South Carolina Public Service Authority",166,"megawatthours"
"2026-09-27T14","CPLE","Duke Energy Progress East","SCEG","Dominion Energy South Carolina, Inc.",-72,"megawatthours"
"2026-09-27T14","CPLE","Duke Energy Progress East","YAD","Alcoa Power Generating, Inc. - Yadkin Division",23,"megawatthours"
"2026-09-27T14","CPLW","Duke Energy Progress West","DUK","Duke Energy Carolinas",-188,"megawatthours"
"2026-09-27T14","CPLW","Duke Energy Progress West","PJM","PJM Interconnection, LLC",-70,"megawatthours"
"2026-09-27T14","CPLW","Duke Energy Progress West","TVA","Tennessee Valley Authority",-30,"megawatthours"
"2026-09-27T14","DUK","Duke Energy Carolinas","CPLE","Duke Energy Progress East",-355,"megawatthours"
"2026-09-27T14","DUK","Duke Energy Carolinas","CPLW","Duke Energy Progress West",188,"megawatthours"
"2026-09-27T14","DUK","Duke Energy Carolinas","PJM","PJM Interconnection, LLC",501,"megawatthours"
"2026-09-27T14","DUK","Duke Energy Carolinas","SC","South Carolina Public Service Authority",-513,"megawatthours"
"2026-09-27T14","DUK","Duke Energy Carolinas","SCEG","Dominion Energy South Carolina, Inc.",-398,"megawatthours"
"2026-09-27T14","DUK","Duke Energy Carolinas","SEPA","Southeastern Power Administration",-19,"megawatthours"
"2026-09-27T14","DUK","Duke Energy Carolinas","SOCO","Southern Company Services, Inc. - Trans",-22,"megawatthours"
"2026-09-27T14","DUK","Duke Energy Carolinas","TVA","Tennessee Valley Authority",-116,"megawatthours"
"2026-09-27T14","DUK","Duke Energy Carolinas","YAD","Alcoa Power Generating, Inc. - Yadkin Division",-42,"megawatthours"
"2026-09-27T14","EPE","El Paso Electric Company","PNM","Public Service Company of New Mexico",-269,"megawatthours"
"2026-09-27T14","EPE","El Paso Electric Company","SWPP","Southwest Power Pool",0,"megawatthours"
"2026-09-27T14","EPE","El Paso Electric Company","TEPC","Tucson Electric Power",81,"megawatthours"
"2026-09-27T14","FLA","Florida","SE","Southeast",-178,"megawatthours"
"2026-09-27T14","FMPP","Florida Municipal Power Pool","FPC","Duke Energy Florida, Inc.",173,"megawatthours"
"2026-09-27T14","FMPP","Florida Municipal Power Pool","FPL","Florida Power & Light Co.",-207,"megawatthours"
"2026-09-27T14","FMPP","Florida Municipal Power Pool","JEA","JEA",-6,"megawatthours"
"2026-09-27T14","FMPP","Florida Municipal Power Pool","TEC","Tampa Electric Company",-170,"megawatthours"
"2026-09-27T14","FPC","Duke Energy Florida, Inc.","FMPP","Florida Municipal Power Pool",-166,"megawatthours"
"2026-09-27T14","FPC","Duke Energy Florida, Inc.","FPL","Florida Power & Light Co.",-366,"megawatthours"
"2026-09-27T14","FPC","Duke Energy Florida, Inc.","GVL","Gainesville Regional Utilities",-8,"megawatthours"
"2026-09-27T14","FPC","Duke Energy Florida, Inc.","SEC","Seminole Electric Cooperative",-248,"megawatthours"
"2026-09-27T14","FPC","Duke Energy Florida, Inc.","SOCO","Southern Company Services, Inc. - Trans",133,"megawatthours"
"2026-09-27T14","FPC","Duke Energy Florida, Inc.","TAL","City of Tallahassee",-71,"megawatthours"
"2026-09-27T14","FPC","Duke Energy Florida, Inc.","TEC","Tampa Electric Company",53,"megawatthours"
"2026-09-27T14","FPL","Florida Power & Light Co.","FMPP","Florida Municipal Power Pool",207,"megawatthours"
"2026-09-27T14","FPL","Florida Power & Light Co.","FPC","Duke Energy Florida, Inc.",366,"megawatthours"
"2026-09-27T14","FPL","Florida Power & Light Co.","GVL","Gainesville Regional Utilities",-13,"megawatthours"
"2026-09-27T14","FPL","Florida Power & Light Co.","HST","City of Homestead",72,"megawatthours"
"2026-09-27T14","FPL","Florida Power & Light Co.","JEA","JEA",658,"megawatthours"
"2026-09-27T14","FPL","Florida Power & Light Co.","SEC","Seminole Electric Cooperative",-730,"megawatthours"
"2026-09-27T14","FPL","Florida Power & Light Co.","SOCO","Southern Company Services, Inc. - Trans",-264,"megawatthours"
"2026-09-27T14","FPL","Florida Power & Light Co.","TEC","Tampa Electric Company",55,"megawatthours"
"2026-09-27T14","GCPD","Public Utility District No. 2 of Grant County, Washington","AVA","Avista Corporation",-66,"megawatthours"
"2026-09-27T14","GCPD","Public Utility District No. 2 of Grant County, Washington","BPAT","Bonneville Power Administration",306,"megawatthours"
"2026-09-27T14","GCPD","Public Utility District No. 2 of Grant County, Washington","PACW","PacifiCorp West",68,"megawatthours"
"2026-09-27T14","GCPD","Public Utility District No. 2 of Grant County, Washington","PSEI","Puget Sound Energy, Inc.",-82,"megawatthours"
"2026-09-27T14","GVL","Gainesville Regional Utilities","FPC","Duke Energy Florida, Inc.",7,"megawatthours"
"2026-09-27T14","GVL","Gainesville Regional Utilities","FPL","Florida Power & Light Co.",13,"megawatthours"
"2026-09-27T14","GWA","NaturEner Power Watch, LLC","NWMT","NorthWestern Corporation",39,"megawatthours"
"2026-09-27T14","HST","City of Homestead","FPL","Florida Power & Light Co.",-73,"megawatthours"
"2026-09-27T14","LGEE","LG&E and KU Services Company as agent for Louisville Gas and Electric Company and Kentucky Utilities Company","MISO","Midcontinent Independent System Operator, Inc.",-68,"megawatthours"
"2026-09-27T14","LGEE","LG&E and KU Services Company as agent for Louisville Gas and Electric Company and Kentucky Utilities Company","PJM","PJM Interconnection, LLC",90,"megawatthours"
"2026-09-27T14","LGEE","LG&E and KU Services Company as agent for Louisville Gas and Electric Company and Kentucky Utilities Company","TVA","Tennessee Valley Authority",-188,"megawatthours"
"2026-09-27T14","MIDA","Mid-Atlantic","CAR","Carolinas",-1223,"megawatthours"
"2026-09-27T14","MIDA","Mid-Atlantic","MIDW","Midwest",3585,"megawatthours"
"2026-09-27T14","MIDA","Mid-Atlantic","NY","New York",2314,"megawatthours"
"2026-09-27T14","MIDA","Mid-Atlantic","TEN","Tennessee",-857,"megawatthours"
"2026-09-27T14","MIDW","Midwest","CENT","Central",-103,"megawatthours"
"2026-09-27T14","MIDW","Midwest","MIDA","Mid-Atlantic",90,"megawatthours"
"2026-09-27T14","MIDW","Midwest","TEN","Tennessee",-83,"megawatthours"
"2026-09-27T14","NEVP","Nevada Power Company","BPAT","Bonneville Power Administration",-122,"megawatthours"
"2026-09-27T14","NEVP","Nevada Power Company","CISO","California Independent System Operator",1479,"megawatthours"
"2026-09-27T14","NEVP","Nevada Power Company","IPCO","Idaho Power Company",-176,"megawatthours"
"2026-09-27T14","NEVP","Nevada Power Company","LDWP","Los Angeles Department of Water and Power",-1067,"megawatthours"
"2026-09-27T14","NEVP","Nevada Power Company","PACE","PacifiCorp East",-118,"megawatthours"
"2026-09-27T14","NEVP","Nevada Power Company","WALC","Western Area Power Administration - Desert Southwest Region",-107,"megawatthours"
"2026-09-27T14","NW","Northwest","CAL","California",412,"megawatthours"
"2026-09-27T14","NW","Northwest","CENT","Central",0,"megawatthours"
"2026-09-27T14","NW","Northwest","SW","Southwest",-107,"megawatthours"
"2026-09-27T14","PGE","Portland General Electric Company","BPAT","Bonneville Power Administration",-924,"megawatthours"
"2026-09-27T14","PGE","Portland General Electric Company","PACW","PacifiCorp West",-43,"megawatthours"
"2026-09-27T14","PJM","PJM Interconnection, LLC","CPLE","Duke Energy Progress East",-955,"megawatthours"
"2026-09-27T14","PJM","PJM Interconnection, LLC","CPLW","Duke Energy Progress West",50,"megawatthours"
"2026-09-27T14","PJM","PJM Interconnection, LLC","DUK","Duke Energy Carolinas",-318,"megawatthours"
"2026-09-27T14","PJM","PJM Interconnection, LLC","LGEE","LG&E and KU Services Company as agent for Louisville Gas and Electric Company and Kentucky Utilities Company",31,"megawatthours"
"2026-09-27T14","PJM","PJM Interconnection, LLC","MISO","Midcontinent Independent System Operator, Inc.",3554,"megawatthours"
"2026-09-27T14","PJM","PJM Interconnection, LLC","NYIS","New York Independent System Operator",2314,"megawatthours"
"2026-09-27T14","PJM","PJM Interconnection, LLC","TVA","Tennessee Valley Authority",-857,"megawatthours"
"2026-09-27T14","PNM","Public Service Company of New Mexico","AZPS","Arizona Public Service Company",-153,"megawatthours"
"2026-09-27T14","PNM","Public Service Company of New Mexico","EPE","El Paso Electric Company",269,"megawatthours"
"2026-09-27T14","PNM","Public Service Company of New Mexico","GRID","Gridforce Energy Management, LLC",6,"megawatthours"
"2026-09-27T14","PNM","Public Service Company of New Mexico","PSCO","Public Service Company of Colorado",-122,"megawatthours"
"2026-09-27T14","PNM","Public Service Company of New Mexico","SWPP","Southwest Power Pool",0,"megawatthours"
"2026-09-27T14","PNM","Public Service Company of New Mexico","SWPW","Southwest Power Pool West Balancing Authority Area",66,"megawatthours"
"2026-09-27T14","PNM","Public Service Company of New Mexico","TEPC","Tucson Electric Power",-171,"megawatthours"
"2026-09-27T14","SCEG","Dominion Energy South Carolina, Inc.","CPLE","Duke Energy Progress East",72,"megawatthours"
"2026-09-27T14","SCEG","Dominion Energy South Carolina, Inc.","DUK","Duke Energy Carolinas",398,"megawatthours"
"2026-09-27T14","SCEG","Dominion Energy South Carolina, Inc.","SC","South Carolina Public Service Authority",1045,"megawatthours"
"2026-09-27T14","SCEG","Dominion Energy South Carolina, Inc.","SEPA","Southeastern Power Administration",27,"megawatthours"
"2026-09-27T14","SCEG","Dominion Energy South Carolina, Inc.","SOCO","Southern Company Services, Inc. - Trans",-1308,"megawatthours"
"2026-09-27T14","SE","Southeast","CAR","Carolinas",-85,"megawatthours"
"2026-09-27T14","SEC","Seminole Electric Cooperative","FPC","Duke Energy Florida, Inc.",255,"megawatthours"
"2026-09-27T14","SEC","Seminole Electric Cooperative","FPL","Florida Power & Light Co.",730,"megawatthours"
"2026-09-27T14","SEC","Seminole Electric Cooperative","JEA","JEA",47,"megawatthours"
"2026-09-27T14","SEC","Seminole Electric Cooperative","TEC","Tampa Electric Company",146,"megawatthours"
"2026-09-27T14","SEPA","Southeastern Power Administration","DUK","Duke Energy Carolinas",19,"megawatthours"
"2026-09-27T14","SEPA","Southeastern Power Administration","SC","South Carolina Public Service Authority",-77,"megawatthours"
"2026-09-27T14","SEPA","Southeastern Power Administration","SCEG","Dominion Energy South Carolina, Inc.",-27,"megawatthours"
"2026-09-27T14","SEPA","Southeastern Power Administration","SOCO","Southern Company Services, Inc. - Trans",85,"megawatthours"
"2026-09-27T14","SIKE","Sikeston Board of Municipal Utilities","AECI","Associated Electric Cooperative, Inc.",17,"megawatthours"
"2026-09-27T14","SIKE","Sikeston Board of Municipal Utilities","MISO","Midcontinent Independent System Operator, Inc.",33,"megawatthours"
"2026-09-27T14","SIKE","Sikeston Board of Municipal Utilities","SPA","Southwestern Power Administration",65,"megawatthours"
"2026-09-27T14","SIKE","Sikeston Board of Municipal Utilities","SWPP","Southwest Power Pool",-82,"megawatthours"
"2026-09-27T14","SRP","Salt River Project Agricultural Improvement and Power District","AZPS","Arizona Public Service Company",4499,"megawatthours"
"2026-09-27T14","SRP","Salt River Project Agricultural Improvement and Power District","CISO","California Independent System Operator",1757,"megawatthours"
"2026-09-27T14","SRP","Salt River Project Agricultural Improvement and Power District","DEAA","Arlington Valley, LLC",-485,"megawatthours"
"2026-09-27T14","SRP","Salt River Project Agricultural Improvement and Power District","GRID","Gridforce Energy Management, LLC",-582,"megawatthours"
"2026-09-27T14","SRP","Salt River Project Agricultural Improvement and Power District","TEPC","Tucson Electric Power",-572,"megawatthours"
"2026-09-27T14","SRP","Salt River Project Agricultural Improvement and Power District","WALC","Western Area Power Administration - Desert Southwest Region",205,"megawatthours"
"2026-09-27T14","SW","Southwest","CAL","California",3158,"megawatthours"
"2026-09-27T14","SW","Southwest","CENT","Central",0,"megawatthours"
"2026-09-27T14","SW","Southwest","NW","Northwest",-1006,"megawatthours"
"2026-09-27T14","TAL","City of Tallahassee","FPC","Duke Energy Florida, Inc.",71,"megawatthours"
"2026-09-27T14","TAL","City of Tallahassee","SOCO","Southern Company Services, Inc. - Trans",-47,"megawatthours"
"2026-09-27T14","TEN","Tennessee","CAR","Carolinas",146,"megawatthours"
"2026-09-27T14","TEN","Tennessee","MIDA","Mid-Atlantic",663,"megawatthours"
"2026-09-27T14","TEN","Tennessee","MIDW","Midwest",-1543,"megawatthours"
"2026-09-27T14","TEN","Tennessee","SE","Southeast",280,"megawatthours"
"2026-09-27T14","TEPC","Tucson Electric Power","AZPS","Arizona Public Service Company",51,"megawatthours"
"2026-09-27T14","TEPC","Tucson Electric Power","EPE","El Paso Electric Company",-81,"megawatthours"
"2026-09-27T14","TEPC","Tucson Electric Power","PNM","Public Service Company of New Mexico",171,"megawatthours"
"2026-09-27T14","TEPC","Tucson Electric Power","SRP","Salt River Project Agricultural Improvement and Power District",572,"megawatthours"
"2026-09-27T14","TEPC","Tucson Electric Power","WALC","Western Area Power Administration - Desert Southwest Region",-239,"megawatthours"
"2026-09-27T14","TPWR","City of Tacoma, Department of Public Utilities, Light Division","BPAT","Bonneville Power Administration",-250,"megawatthours"
"2026-09-27T14","TPWR","City of Tacoma, Department of Public Utilities, Light Division","PSEI","Puget Sound Energy, Inc.",31,"megawatthours"
"2026-09-27T14","TVA","Tennessee Valley Authority","AECI","Associated Electric Cooperative, Inc.",-103,"megawatthours"
"2026-09-27T14","TVA","Tennessee Valley Authority","CPLW","Duke Energy Progress West",30,"megawatthours"
"2026-09-27T14","TVA","Tennessee Valley Authority","DUK","Duke Energy Carolinas",116,"megawatthours"
"2026-09-27T14","TVA","Tennessee Valley Authority","LGEE","LG&E and KU Services Company as agent for Louisville Gas and Electric Company and Kentucky Utilities Company",188,"megawatthours"
"2026-09-27T14","TVA","Tennessee Valley Authority","MISO","Midcontinent Independent System Operator, Inc.",-1628,"megawatthours"
"2026-09-27T14","TVA","Tennessee Valley Authority","PJM","PJM Interconnection, LLC",663,"megawatthours"
"2026-09-27T14","TVA","Tennessee Valley Authority","SOCO","Southern Company Services, Inc. - Trans",280,"megawatthours"
"2026-09-27T14","WALC","Western Area Power Administration - Desert Southwest Region","AZPS","Arizona Public Service Company",-796,"megawatthours"
"2026-09-27T14","WALC","Western Area Power Administration - Desert Southwest Region","CISO","California Independent System Operator",193,"megawatthours"
"2026-09-27T14","WALC","Western Area Power Administration - Desert Southwest Region","GRID","Gridforce Energy Management, LLC",-440,"megawatthours"
"2026-09-27T14","WALC","Western Area Power Administration - Desert Southwest Region","IID","Imperial Irrigation District",14,"megawatthours"
"2026-09-27T14","WALC","Western Area Power Administration - Desert Southwest Region","LDWP","Los Angeles Department of Water and Power",1194,"megawatthours"
"2026-09-27T14","WALC","Western Area Power Administration - Desert Southwest Region","NEVP","Nevada Power Company",107,"megawatthours"
"2026-09-27T14","WALC","Western Area Power Administration - Desert Southwest Region","SRP","Salt River Project Agricultural Improvement and Power District",-206,"megawatthours"
"2026-09-27T14","WALC","Western Area Power Administration - Desert Southwest Region","SWPW","Southwest Power Pool West Balancing Authority Area",-41,"megawatthours"
"2026-09-27T14","WALC","Western Area Power Administration - Desert Southwest Region","TEPC","Tucson Electric Power",239,"megawatthours"
"2026-09-27T14","YAD","Alcoa Power Generating, Inc. - Yadkin Division","CPLE","Duke Energy Progress East",-23,"megawatthours"
"2026-09-27T14","YAD","Alcoa Power Generating, Inc. - Yadkin Division","DUK","Duke Energy Carolinas",42,"megawatthours"
"2026-09-27T13","AECI","Associated Electric Cooperative, Inc.","MISO","Midcontinent Independent System Operator, Inc.",519,"megawatthours"
"2026-09-27T13","AECI","Associated Electric Cooperative, Inc.","SIKE","Sikeston Board of Municipal Utilities",-12,"megawatthours"
"2026-09-27T13","AECI","Associated Electric Cooperative, Inc.","SPA","Southwestern Power Administration",-106,"megawatthours"
"2026-09-27T13","AECI","Associated Electric Cooperative, Inc.","SWPP","Southwest Power Pool",-46,"megawatthours"
"2026-09-27T13","AECI","Associated Electric Cooperative, Inc.","TVA","Tennessee Valley Authority",132,"megawatthours"
"2026-09-27T13","AVA","Avista Corporation","BPAT","Bonneville Power Administration",-245,"megawatthours"
"2026-09-27T13","AVA","Avista Corporation","CHPD","Public Utility District No. 1 of Chelan County",-12,"megawatthours"
"2026-09-27T13","AVA","Avista Corporation","GCPD","Public Utility District No. 2 of Grant County, Washington",46,"megawatthours"
"2026-09-27T13","AVA","Avista Corporation","IPCO","Idaho Power Company",14,"megawatthours"
"2026-09-27T13","AVA","Avista Corporation","NWMT","NorthWestern Corporation",-64,"megawatthours"
"2026-09-27T13","AVA","Avista Corporation","PACW","PacifiCorp West",104,"megawatthours"
"2026-09-27T13","BANC","Balancing Authority of Northern California","BPAT","Bonneville Power Administration",-408,"megawatthours"
"2026-09-27T13","BANC","Balancing Authority of Northern California","CISO","California Independent System Operator",329,"megawatthours"
"2026-09-27T13","BANC","Balancing Authority of Northern California","TIDC","Turlock Irrigation District",-14,"megawatthours"
"2026-09-27T13","BHBA","Black Hills Energy","PACE","PacifiCorp East",187,"megawatthours"
"2026-09-27T13","BHBA","Black Hills Energy","SWPP","Southwest Power Pool",0,"megawatthours"
"2026-09-27T13","BHBA","Black Hills Energy","SWPW","Southwest Power Pool West Balancing Authority Area",-114,"megawatthours"
"2026-09-27T13","CAL","California","NW","Northwest",-408,"megawatthours"
"2026-09-27T13","CAR","Carolinas","MIDA","Mid-Atlantic",1115,"megawatthours"
"2026-09-27T13","CAR","Carolinas","SE","Southeast",-1266,"megawatthours"
"2026-09-27T13","CAR","Carolinas","TEN","Tennessee",-135,"megawatthours"
"2026-09-27T13","CHPD","Public Utility District No. 1 of Chelan County","AVA","Avista Corporation",12,"megawatthours"
"2026-09-27T13","CHPD","Public Utility District No. 1 of Chelan County","BPAT","Bonneville Power Administration",306,"megawatthours"
"2026-09-27T13","CHPD","Public Utility District No. 1 of Chelan County","DOPD","PUD No. 1 of Douglas County",-91,"megawatthours"
"2026-09-27T13","CHPD","Public Utility District No. 1 of Chelan County","PSEI","Puget Sound Energy, Inc.",93,"megawatthours"
"2026-09-27T13","CPLE","Duke Energy Progress East","DUK","Duke Energy Carolinas",-46,"megawatthours"
"2026-09-27T13","CPLE","Duke Energy Progress East","PJM","PJM Interconnection, LLC",790,"megawatthours"
"2026-09-27T13","CPLE","Duke Energy Progress East","SC","South Carolina Public Service Authority",146,"megawatthours"
"2026-09-27T13","CPLE","Duke Energy Progress East","SCEG","Dominion Energy South Carolina, Inc.",-80,"megawatthours"
"2026-09-27T13","CPLE","Duke Energy Progress East","YAD","Alcoa Power Generating, Inc. - Yadkin Division",8,"megawatthours"
"2026-09-27T13","CPLW","Duke Energy Progress West","DUK","Duke Energy Carolinas",-126,"megawatthours"
"2026-09-27T13","CPLW","Duke Energy Progress West","PJM","PJM Interconnection, LLC",-67,"megawatthours"
"2026-09-27T13","CPLW","Duke Energy Progress West","TVA","Tennessee Valley Authority",-26,"megawatthours"
"2026-09-27T13","DUK","Duke Energy Carolinas","CPLE","Duke Energy Progress East",46,"megawatthours"
"2026-09-27T13","DUK","Duke Energy Carolinas","CPLW","Duke Energy Progress West",126,"megawatthours"
"2026-09-27T13","DUK","Duke Energy Carolinas","PJM","PJM Interconnection, LLC",392,"megawatthours"
"2026-09-27T13","DUK","Duke Energy Carolinas","SC","South Carolina Public Service Authority",-412,"megawatthours"
"2026-09-27T13","DUK","Duke Energy Carolinas","SCEG","Dominion Energy South Carolina, Inc.",-310,"megawatthours"
"2026-09-27T13","DUK","Duke Energy Carolinas","SEPA","Southeastern Power Administration",-6,"megawatthours"
"2026-09-27T13","DUK","Duke Energy Carolinas","SOCO","Southern Company Services, Inc. - Trans",4,"megawatthours"
"2026-09-27T13","DUK","Duke Energy Carolinas","TVA","Tennessee Valley Authority",-109,"megawatthours"
"2026-09-27T13","DUK","Duke Energy Carolinas","YAD","Alcoa Power Generating, Inc. - Yadkin Division",-28,"megawatthours"
"2026-09-27T13","EPE","El Paso Electric Company","PNM","Public Service Company of New Mexico",-293,"megawatthours"
"2026-09-27T13","EPE","El Paso Electric Company","SWPP","Southwest Power Pool",0,"megawatthours"
"2026-09-27T13","EPE","El Paso Electric Company","TEPC","Tucson Electric Power",79,"megawatthours"
"2026-09-27T13","FLA","Florida","SE","Southeast",-39,"megawatthours"
"2026-09-27T13","FMPP","Florida Municipal Power Pool","FPC","Duke Energy Florida, Inc.",128,"megawatthours"
"2026-09-27T13","FMPP","Florida Municipal Power Pool","FPL","Florida Power & Light Co.",-173,"megawatthours"
"2026-09-27T13","FMPP","Florida Municipal Power Pool","JEA","JEA",3,"megawatthours"
"2026-09-27T13","FMPP","Florida Municipal Power Pool","TEC","Tampa Electric Company",-169,"megawatthours"
"2026-09-27T13","FPC","Duke Energy Florida, Inc.","FMPP","Florida Municipal Power Pool",-122,"megawatthours"
"2026-09-27T13","FPC","Duke Energy Florida, Inc.","FPL","Florida Power & Light Co.",-353,"megawatthours"
"2026-09-27T13","FPC","Duke Energy Florida, Inc.","GVL","Gainesville Regional Utilities",-10,"megawatthours"
"2026-09-27T13","FPC","Duke Energy Florida, Inc.","SEC","Seminole Electric Cooperative",-231,"megawatthours"
"2026-09-27T13","FPC","Duke Energy Florida, Inc.","SOCO","Southern Company Services, Inc. - Trans",100,"megawatthours"
"2026-09-27T13","FPC","Duke Energy Florida, Inc.","TAL","City of Tallahassee",-69,"megawatthours"
"2026-09-27T13","FPC","Duke Energy Florida, Inc.","TEC","Tampa Electric Company",119,"megawatthours"
"2026-09-27T13","FPL","Florida Power & Light Co.","FMPP","Florida Municipal Power Pool",173,"megawatthours"
"2026-09-27T13","FPL","Florida Power & Light Co.","FPC","Duke Energy Florida, Inc.",353,"megawatthours"
"2026-09-27T13","FPL","Florida Power & Light Co.","GVL","Gainesville Regional Utilities",-23,"megawatthours"
"2026-09-27T13","FPL","Florida Power & Light Co.","HST","City of Homestead",63,"megawatthours"
"2026-09-27T13","FPL","Florida Power & Light Co.","JEA","JEA",568,"megawatthours"
"2026-09-27T13","FPL","Florida Power & Light Co.","SEC","Seminole Electric Cooperative",-773,"megawatthours"
"2026-09-27T13","FPL","Florida Power & Light Co.","SOCO","Southern Company Services, Inc. - Trans",-96,"megawatthours"
"2026-09-27T13","FPL","Florida Power & Light Co.","TEC","Tampa Electric Company",11,"megawatthours"
"2026-09-27T13","GCPD","Public Utility District No. 2 of Grant County, Washington","AVA","Avista Corporation",-46,"megawatthours"
"2026-09-27T13","GCPD","Public Utility District No. 2 of Grant County, Washington","BPAT","Bonneville Power Administration",177,"megawatthours"
"2026-09-27T13","GCPD","Public Utility District No. 2 of Grant County, Washington","PACW","PacifiCorp West",66,"megawatthours"
"2026-09-27T13","GCPD","Public Utility District No. 2 of Grant County, Washington","PSEI","Puget Sound Energy, Inc.",-56,"megawatthours"
"2026-09-27T13","GVL","Gainesville Regional Utilities","FPC","Duke Energy Florida, Inc.",10,"megawatthours"
"2026-09-27T13","GVL","Gainesville Regional Utilities","FPL","Florida Power & Light Co.",22,"megawatthours"
"2026-09-27T13","GWA","NaturEner Power Watch, LLC","NWMT","NorthWestern Corporation",43,"megawatthours"
"2026-09-27T13","HST","City of Homestead","FPL","Florida Power & Light Co.",-63,"megawatthours"
"2026-09-27T13","LGEE","LG&E and KU Services Company as agent for Louisville Gas and Electric Company and Kentucky Utilities Company","MISO","Midcontinent Independent System Operator, Inc.",152,"megawatthours"
"2026-09-27T13","LGEE","LG&E and KU Services Company as agent for Louisville Gas and Electric Company and Kentucky Utilities Company","PJM","PJM Interconnection, LLC",-82,"megawatthours"
"2026-09-27T13","LGEE","LG&E and KU Services Company as agent for Louisville Gas and Electric Company and Kentucky Utilities Company","TVA","Tennessee Valley Authority",-239,"megawatthours"
"2026-09-27T13","MIDA","Mid-Atlantic","CAR","Carolinas",-1251,"megawatthours"
"2026-09-27T13","MIDA","Mid-Atlantic","MIDW","Midwest",3850,"megawatthours"
"2026-09-27T13","MIDA","Mid-Atlantic","NY","New York",2344,"megawatthours"
"2026-09-27T13","MIDA","Mid-Atlantic","TEN","Tennessee",-731,"megawatthours"
"2026-09-27T13","MIDW","Midwest","CENT","Central",-177,"megawatthours"
"2026-09-27T13","MIDW","Midwest","MIDA","Mid-Atlantic",-82,"megawatthours"
"2026-09-27T13","MIDW","Midwest","TEN","Tennessee",-107,"megawatthours"
"2026-09-27T13","NEVP","Nevada Power Company","BPAT","Bonneville Power Administration",-113,"megawatthours"
"2026-09-27T13","NEVP","Nevada Power Company","CISO","California Independent System Operator",1437,"megawatthours"
"2026-09-27T13","NEVP","Nevada Power Company","IPCO","Idaho Power Company",-180,"megawatthours"
"2026-09-27T13","NEVP","Nevada Power Company","LDWP","Los Angeles Department of Water and Power",-1116,"megawatthours"
"2026-09-27T13","NEVP","Nevada Power Company","PACE","PacifiCorp East",2,"megawatthours"
"2026-09-27T13","NEVP","Nevada Power Company","WALC","Western Area Power Administration - Desert Southwest Region",-150,"megawatthours"
"2026-09-27T13","NW","Northwest","CAL","California",321,"megawatthours"
"2026-09-27T13","NW","Northwest","CENT","Central",0,"megawatthours"
"2026-09-27T13","NW","Northwest","SW","Southwest",-150,"megawatthours"
"2026-09-27T13","PGE","Portland General Electric Company","BPAT","Bonneville Power Administration",-856,"megawatthours"
"2026-09-27T13","PGE","Portland General Electric Company","PACW","PacifiCorp West",-41,"megawatthours"
"2026-09-27T13","PJM","PJM Interconnection, LLC","CPLE","Duke Energy Progress East",-976,"megawatthours"
"2026-09-27T13","PJM","PJM Interconnection, LLC","CPLW","Duke Energy Progress West",49,"megawatthours"
"2026-09-27T13","PJM","PJM Interconnection, LLC","DUK","Duke Energy Carolinas",-324,"megawatthours"
"2026-09-27T13","PJM","PJM Interconnection, LLC","LGEE","LG&E and KU Services Company as agent for Louisville Gas and Electric Company and Kentucky Utilities Company",76,"megawatthours"
"2026-09-27T13","PJM","PJM Interconnection, LLC","MISO","Midcontinent Independent System Operator, Inc.",3774,"megawatthours"
"2026-09-27T13","PJM","PJM Interconnection, LLC","NYIS","New York Independent System Operator",2344,"megawatthours"
"2026-09-27T13","PJM","PJM Interconnection, LLC","TVA","Tennessee Valley Authority",-731,"megawatthours"
"2026-09-27T13","PNM","Public Service Company of New Mexico","AZPS","Arizona Public Service Company",-278,"megawatthours"
"2026-09-27T13","PNM","Public Service Company of New Mexico","EPE","El Paso Electric Company",293,"megawatthours"
"2026-09-27T13","PNM","Public Service Company of New Mexico","GRID","Gridforce Energy Management, LLC",4,"megawatthours"
"2026-09-27T13","PNM","Public Service Company of New Mexico","PSCO","Public Service Company of Colorado",-121,"megawatthours"
"2026-09-27T13","PNM","Public Service Company of New Mexico","SWPP","Southwest Power Pool",0,"megawatthours"
"2026-09-27T13","PNM","Public Service Company of New Mexico","SWPW","Southwest Power Pool West Balancing Authority Area",15,"megawatthours"
"2026-09-27T13","PNM","Public Service Company of New Mexico","TEPC","Tucson Electric Power",-231,"megawatthours"
"2026-09-27T13","SCEG","Dominion Energy South Carolina, Inc.","CPLE","Duke Energy Progress East",80,"megawatthours"
"2026-09-27T13","SCEG","Dominion Energy South Carolina, Inc.","DUK","Duke Energy Carolinas",310,"megawatthours"
"2026-09-27T13","SCEG","Dominion Energy South Carolina, Inc.","SC","South Carolina Public Service Authority",1068,"megawatthours"
"2026-09-27T13","SCEG","Dominion Energy South Carolina, Inc.","SEPA","Southeastern Power Administration",21,"megawatthours"
"2026-09-27T13","SCEG","Dominion Energy South Carolina, Inc.","SOCO","Southern Company Services, Inc. - Trans",-1285,"megawatthours"
"2026-09-27T13","SE","Southeast","CAR","Carolinas",-120,"megawatthours"
"2026-09-27T13","SEC","Seminole Electric Cooperative","FPC","Duke Energy Florida, Inc.",238,"megawatthours"
"2026-09-27T13","SEC","Seminole Electric Cooperative","FPL","Florida Power & Light Co.",774,"megawatthours"
"2026-09-27T13","SEC","Seminole Electric Cooperative","JEA","JEA",70,"megawatthours"
"2026-09-27T13","SEC","Seminole Electric Cooperative","TEC","Tampa Electric Company",65,"megawatthours"
"2026-09-27T13","SEPA","Southeastern Power Administration","DUK","Duke Energy Carolinas",6,"megawatthours"
"2026-09-27T13","SEPA","Southeastern Power Administration","SC","South Carolina Public Service Authority",-105,"megawatthours"
"2026-09-27T13","SEPA","Southeastern Power Administration","SCEG","Dominion Energy South Carolina, Inc.",-21,"megawatthours"
"2026-09-27T13","SEPA","Southeastern Power Administration","SOCO","Southern Company Services, Inc. - Trans",118,"megawatthours"
"2026-09-27T13","SIKE","Sikeston Board of Municipal Utilities","AECI","Associated Electric Cooperative, Inc.",12,"megawatthours"
"2026-09-27T13","SIKE","Sikeston Board of Municipal Utilities","MISO","Midcontinent Independent System Operator, Inc.",45,"megawatthours"
"2026-09-27T13","SIKE","Sikeston Board of Municipal Utilities","SPA","Southwestern Power Administration",57,"megawatthours"
"2026-09-27T13","SIKE","Sikeston Board of Municipal Utilities","SWPP","Southwest Power Pool",-82,"megawatthours"
"2026-09-27T13","SRP","Salt River Project Agricultural Improvement and Power District","AZPS","Arizona Public Service Company",4534,"megawatthours"
"2026-09-27T13","SRP","Salt River Project Agricultural Improvement and Power District","CISO","California Independent System Operator",1896,"megawatthours"
"2026-09-27T13","SRP","Salt River Project Agricultural Improvement and Power District","DEAA","Arlington Valley, LLC",-486,"megawatthours"
"2026-09-27T13","SRP","Salt River Project Agricultural Improvement and Power District","GRID","Gridforce Energy Management, LLC",-549,"megawatthours"
"2026-09-27T13","SRP","Salt River Project Agricultural Improvement and Power District","TEPC","Tucson Electric Power",-517,"megawatthours"
"2026-09-27T13","SRP","Salt River Project Agricultural Improvement and Power District","WALC","Western Area Power Administration - Desert Southwest Region",177,"megawatthours"
"2026-09-27T13","SW","Southwest","CAL","California",3324,"megawatthours"
"2026-09-27T13","SW","Southwest","CENT","Central",0,"megawatthours"
"2026-09-27T13","SW","Southwest","NW","Northwest",-947,"megawatthours"
"2026-09-27T13","TAL","City of Tallahassee","FPC","Duke Energy Florida, Inc.",68,"megawatthours"
"2026-09-27T13","TAL","City of Tallahassee","SOCO","Southern Company Services, Inc. - Trans",-43,"megawatthours"
"2026-09-27T13","TEN","Tennessee","CAR","Carolinas",135,"megawatthours"
"2026-09-27T13","TEN","Tennessee","MIDA","Mid-Atlantic",731,"megawatthours"
"2026-09-27T13","TEN","Tennessee","MIDW","Midwest",-1530,"megawatthours"
"2026-09-27T13","TEN","Tennessee","SE","Southeast",361,"megawatthours"
"2026-09-27T13","TEPC","Tucson Electric Power","AZPS","Arizona Public Service Company",110,"megawatthours"
"2026-09-27T13","TEPC","Tucson Electric Power","EPE","El Paso Electric Company",-79,"megawatthours"
"2026-09-27T13","TEPC","Tucson Electric Power","PNM","Public Service Company of New Mexico",231,"megawatthours"
"2026-09-27T13","TEPC","Tucson Electric Power","SRP","Salt River Project Agricultural Improvement and Power District",517,"megawatthours"
"2026-09-27T13","TEPC","Tucson Electric Power","WALC","Western Area Power Administration - Desert Southwest Region",-318,"megawatthours"
"2026-09-27T13","TPWR","City of Tacoma, Department of Public Utilities, Light Division","BPAT","Bonneville Power Administration",-292,"megawatthours"
"2026-09-27T13","TPWR","City of Tacoma, Department of Public Utilities, Light Division","PSEI","Puget Sound Energy, Inc.",27,"megawatthours"
"2026-09-27T13","TVA","Tennessee Valley Authority","AECI","Associated Electric Cooperative, Inc.",-127,"megawatthours"
"2026-09-27T13","TVA","Tennessee Valley Authority","CPLW","Duke Energy Progress West",26,"megawatthours"
"2026-09-27T13","TVA","Tennessee Valley Authority","DUK","Duke Energy Carolinas",109,"megawatthours"
"2026-09-27T13","TVA","Tennessee Valley Authority","LGEE","LG&E and KU Services Company as agent for Louisville Gas and Electric Company and Kentucky Utilities Company",239,"megawatthours"
"2026-09-27T13","TVA","Tennessee Valley Authority","MISO","Midcontinent Independent System Operator, Inc.",-1642,"megawatthours"
"2026-09-27T13","TVA","Tennessee Valley Authority","PJM","PJM Interconnection, LLC",731,"megawatthours"
"2026-09-27T13","TVA","Tennessee Valley Authority","SOCO","Southern Company Services, Inc. - Trans",361,"megawatthours"
"2026-09-27T13","WALC","Western Area Power Administration - Desert Southwest Region","AZPS","Arizona Public Service Company",-949,"megawatthours"
"2026-09-27T13","WALC","Western Area Power Administration - Desert Southwest Region","CISO","California Independent System Operator",185,"megawatthours"
"2026-09-27T13","WALC","Western Area Power Administration - Desert Southwest Region","GRID","Gridforce Energy Management, LLC",-438,"megawatthours"
"2026-09-27T13","WALC","Western Area Power Administration - Desert Southwest Region","IID","Imperial Irrigation District",19,"megawatthours"
"2026-09-27T13","WALC","Western Area Power Administration - Desert Southwest Region","LDWP","Los Angeles Department of Water and Power",1224,"megawatthours"
"2026-09-27T13","WALC","Western Area Power Administration - Desert Southwest Region","NEVP","Nevada Power Company",150,"megawatthours"
"2026-09-27T13","WALC","Western Area Power Administration - Desert Southwest Region","SRP","Salt River Project Agricultural Improvement and Power District",-177,"megawatthours"
"2026-09-27T13","WALC","Western Area Power Administration - Desert Southwest Region","SWPW","Southwest Power Pool West Balancing Authority Area",-8,"megawatthours"
"2026-09-27T13","WALC","Western Area Power Administration - Desert Southwest Region","TEPC","Tucson Electric Power",318,"megawatthours"
"2026-09-27T13","YAD","Alcoa Power Generating, Inc. - Yadkin Division","CPLE","Duke Energy Progress East",-8,"megawatthours"
"2026-09-27T13","YAD","Alcoa Power Generating, Inc. - Yadkin Division","DUK","Duke Energy Carolinas",28,"megawatthours"
"2026-09-27T12","AECI","Associated Electric Cooperative, Inc.","MISO","Midcontinent Independent System Operator, Inc.",562,"megawatthours"
"2026-09-27T12","AECI","Associated Electric Cooperative, Inc.","SIKE","Sikeston Board of Municipal Utilities",-7,"megawatthours"
"2026-09-27T12","AECI","Associated Electric Cooperative, Inc.","SPA","Southwestern Power Administration",-122,"megawatthours"
"2026-09-27T12","AECI","Associated Electric Cooperative, Inc.","SWPP","Southwest Power Pool",-2,"megawatthours"
"2026-09-27T12","AECI","Associated Electric Cooperative, Inc.","TVA","Tennessee Valley Authority",147,"megawatthours"
"2026-09-27T12","AVA","Avista Corporation","BPAT","Bonneville Power Administration",-233,"megawatthours"
"2026-09-27T12","AVA","Avista Corporation","CHPD","Public Utility District No. 1 of Chelan County",-11,"megawatthours"
"2026-09-27T12","AVA","Avista Corporation","GCPD","Public Utility District No. 2 of Grant County, Washington",29,"megawatthours"
"2026-09-27T12","AVA","Avista Corporation","IPCO","Idaho Power Company",11,"megawatthours"
"2026-09-27T12","AVA","Avista Corporation","NWMT","NorthWestern Corporation",-78,"megawatthours"
"2026-09-27T12","AVA","Avista Corporation","PACW","PacifiCorp West",108,"megawatthours"
"2026-09-27T12","BANC","Balancing Authority of Northern California","BPAT","Bonneville Power Administration",-507,"megawatthours"
"2026-09-27T12","BANC","Balancing Authority of Northern California","CISO","California Independent System Operator",375,"megawatthours"
"2026-09-27T12","BANC","Balancing Authority of Northern California","TIDC","Turlock Irrigation District",-28,"megawatthours"
"2026-09-27T12","BHBA","Black Hills Energy","PACE","PacifiCorp East",150,"megawatthours"
"2026-09-27T12","BHBA","Black Hills Energy","SWPP","Southwest Power Pool",0,"megawatthours"
"2026-09-27T12","BHBA","Black Hills Energy","SWPW","Southwest Power Pool West Balancing Authority Area",-115,"megawatthours"
"2026-09-27T12","CAL","California","NW","Northwest",-507,"megawatthours"
"2026-09-27T12","CAR","Carolinas","MIDA","Mid-Atlantic",1135,"megawatthours"
"2026-09-27T12","CAR","Carolinas","SE","Southeast",-1418,"megawatthours"
"2026-09-27T12","CAR","Carolinas","TEN","Tennessee",-127,"megawatthours"
"2026-09-27T12","CHPD","Public Utility District No. 1 of Chelan County","AVA","Avista Corporation",11,"megawatthours"
"2026-09-27T12","CHPD","Public Utility District No. 1 of Chelan County","BPAT","Bonneville Power Administration",254,"megawatthours"
"2026-09-27T12","CHPD","Public Utility District No. 1 of Chelan County","DOPD","PUD No. 1 of Douglas County",-144,"megawatthours"
"2026-09-27T12","CHPD","Public Utility District No. 1 of Chelan County","PSEI","Puget Sound Energy, Inc.",80,"megawatthours"
"2026-09-27T12","CPLE","Duke Energy Progress East","DUK","Duke Energy Carolinas",-349,"megawatthours"
"2026-09-27T12","CPLE","Duke Energy Progress East","PJM","PJM Interconnection, LLC",828,"megawatthours"
"2026-09-27T12","CPLE","Duke Energy Progress East","SC","South Carolina Public Service Authority",84,"megawatthours"
"2026-09-27T12","CPLE","Duke Energy Progress East","SCEG","Dominion Energy South Carolina, Inc.",-98,"megawatthours"
"2026-09-27T12","CPLE","Duke Energy Progress East","YAD","Alcoa Power Generating, Inc. - Yadkin Division",2,"megawatthours"
"2026-09-27T12","CPLW","Duke Energy Progress West","DUK","Duke Energy Carolinas",-77,"megawatthours"
"2026-09-27T12","CPLW","Duke Energy Progress West","PJM","PJM Interconnection, LLC",-51,"megawatthours"
"2026-09-27T12","CPLW","Duke Energy Progress West","TVA","Tennessee Valley Authority",-27,"megawatthours"
"2026-09-27T12","DUK","Duke Energy Carolinas","CPLE","Duke Energy Progress East",349,"megawatthours"
"2026-09-27T12","DUK","Duke Energy Carolinas","CPLW","Duke Energy Progress West",77,"megawatthours"
"2026-09-27T12","DUK","Duke Energy Carolinas","PJM","PJM Interconnection, LLC",358,"megawatthours"
"2026-09-27T12","DUK","Duke Energy Carolinas","SC","South Carolina Public Service Authority",-345,"megawatthours"
"2026-09-27T12","DUK","Duke Energy Carolinas","SCEG","Dominion Energy South Carolina, Inc.",-259,"megawatthours"
"2026-09-27T12","DUK","Duke Energy Carolinas","SEPA","Southeastern Power Administration",-12,"megawatthours"
"2026-09-27T12","DUK","Duke Energy Carolinas","SOCO","Southern Company Services, Inc. - Trans",-120,"megawatthours"
"2026-09-27T12","DUK","Duke Energy Carolinas","TVA","Tennessee Valley Authority",-100,"megawatthours"
"2026-09-27T12","DUK","Duke Energy Carolinas","YAD","Alcoa Power Generating, Inc. - Yadkin Division",-22,"megawatthours"
"2026-09-27T12","EPE","El Paso Electric Company","PNM","Public Service Company of New Mexico",-296,"megawatthours"
"2026-09-27T12","EPE","El Paso Electric Company","SWPP","Southwest Power Pool",0,"megawatthours"
"2026-09-27T12","EPE","El Paso Electric Company","TEPC","Tucson Electric Power",96,"megawatthours"
"2026-09-27T12","FLA","Florida","SE","Southeast",48,"megawatthours"
"2026-09-27T12","FMPP","Florida Municipal Power Pool","FPC","Duke Energy Florida, Inc.",75,"megawatthours"
"2026-09-27T12","FMPP","Florida Municipal Power Pool","FPL","Florida Power & Light Co.",-116,"megawatthours"
"2026-09-27T12","FMPP","Florida Municipal Power Pool","JEA","JEA",8,"megawatthours"
"2026-09-27T12","FMPP","Florida Municipal Power Pool","TEC","Tampa Electric Company",-109,"megawatthours"
"2026-09-27T12","FPC","Duke Energy Florida, Inc.","FMPP","Florida Municipal Power Pool",-69,"megawatthours"
"2026-09-27T12","FPC","Duke Energy Florida, Inc.","FPL","Florida Power & Light Co.",-413,"megawatthours"
"2026-09-27T12","FPC","Duke Energy Florida, Inc.","GVL","Gainesville Regional Utilities",-25,"megawatthours"
"2026-09-27T12","FPC","Duke Energy Florida, Inc.","SEC","Seminole Electric Cooperative",-316,"megawatthours"
"2026-09-27T12","FPC","Duke Energy Florida, Inc.","SOCO","Southern Company Services, Inc. - Trans",62,"megawatthours"
"2026-09-27T12","FPC","Duke Energy Florida, Inc.","TAL","City of Tallahassee",-77,"megawatthours"
"2026-09-27T12","FPC","Duke Energy Florida, Inc.","TEC","Tampa Electric Company",269,"megawatthours"
"2026-09-27T12","FPL","Florida Power & Light Co.","FMPP","Florida Municipal Power Pool",116,"megawatthours"
"2026-09-27T12","FPL","Florida Power & Light Co.","FPC","Duke Energy Florida, Inc.",413,"megawatthours"
"2026-09-27T12","FPL","Florida Power & Light Co.","GVL","Gainesville Regional Utilities",-21,"megawatthours"
"2026-09-27T12","FPL","Florida Power & Light Co.","HST","City of Homestead",55,"megawatthours"
"2026-09-27T12","FPL","Florida Power & Light Co.","JEA","JEA",513,"megawatthours"
"2026-09-27T12","FPL","Florida Power & Light Co.","SEC","Seminole Electric Cooperative",-812,"megawatthours"
"2026-09-27T12","FPL","Florida Power & Light Co.","SOCO","Southern Company Services, Inc. - Trans",13,"megawatthours"
"2026-09-27T12","FPL","Florida Power & Light Co.","TEC","Tampa Electric Company",-57,"megawatthours"
"2026-09-27T12","GCPD","Public Utility District No. 2 of Grant County, Washington","AVA","Avista Corporation",-29,"megawatthours"
"2026-09-27T12","GCPD","Public Utility District No. 2 of Grant County, Washington","BPAT","Bonneville Power Administration",210,"megawatthours"
"2026-09-27T12","GCPD","Public Utility District No. 2 of Grant County, Washington","PACW","PacifiCorp West",64,"megawatthours"
"2026-09-27T12","GCPD","Public Utility District No. 2 of Grant County, Washington","PSEI","Puget Sound Energy, Inc.",-19,"megawatthours"
"2026-09-27T12","GVL","Gainesville Regional Utilities","FPC","Duke Energy Florida, Inc.",24,"megawatthours"
"2026-09-27T12","GVL","Gainesville Regional Utilities","FPL","Florida Power & Light Co.",21,"megawatthours"
"2026-09-27T12","GWA","NaturEner Power Watch, LLC","NWMT","NorthWestern Corporation",37,"megawatthours"
"2026-09-27T12","HST","City of Homestead","FPL","Florida Power & Light Co.",-56,"megawatthours"
"2026-09-27T12","LGEE","LG&E and KU Services Company as agent for Louisville Gas and Electric Company and Kentucky Utilities Company","MISO","Midcontinent Independent System Operator, Inc.",198,"megawatthours"
"2026-09-27T12","LGEE","LG&E and KU Services Company as agent for Louisville Gas and Electric Company and Kentucky Utilities Company","PJM","PJM Interconnection, LLC",-49,"megawatthours"
"2026-09-27T12","LGEE","LG&E and KU Services Company as agent for Louisville Gas and Electric Company and Kentucky Utilities Company","TVA","Tennessee Valley Authority",-290,"megawatthours"
"2026-09-27T12","MIDA","Mid-Atlantic","CAR","Carolinas",-1195,"megawatthours"
"2026-09-27T12","MIDA","Mid-Atlantic","MIDW","Midwest",3936,"megawatthours"
"2026-09-27T12","MIDA","Mid-Atlantic","NY","New York",2373,"megawatthours"
"2026-09-27T12","MIDA","Mid-Atlantic","TEN","Tennessee",-697,"megawatthours"
"2026-09-27T12","MIDW","Midwest","CENT","Central",-156,"megawatthours"
"2026-09-27T12","MIDW","Midwest","MIDA","Mid-Atlantic",-49,"megawatthours"
"2026-09-27T12","MIDW","Midwest","TEN","Tennessee",-143,"megawatthours"
"2026-09-27T12","NEVP","Nevada Power Company","BPAT","Bonneville Power Administration",-114,"megawatthours"
"2026-09-27T12","NEVP","Nevada Power Company","CISO","California Independent System Operator",1452,"megawatthours"
"2026-09-27T12","NEVP","Nevada Power Company","IPCO","Idaho Power Company",-203,"megawatthours"
"2026-09-27T12","NEVP","Nevada Power Company","LDWP","Los Angeles Department of Water and Power",-1102,"megawatthours"
"2026-09-27T12","NEVP","Nevada Power Company","PACE","PacifiCorp East",-33,"megawatthours"
"2026-09-27T12","NEVP","Nevada Power Company","WALC","Western Area Power Administration - Desert Southwest Region",-112,"megawatthours"
"2026-09-27T12","NW","Northwest","CAL","California",350,"megawatthours"
"2026-09-27T12","NW","Northwest","CENT","Central",0,"megawatthours"
"2026-09-27T12","NW","Northwest","SW","Southwest",-112,"megawatthours"
"2026-09-27T12","PGE","Portland General Electric Company","BPAT","Bonneville Power Administration",-827,"megawatthours"
"2026-09-27T12","PGE","Portland General Electric Company","PACW","PacifiCorp West",-44,"megawatthours"
"2026-09-27T12","PJM","PJM Interconnection, LLC","CPLE","Duke Energy Progress East",-954,"megawatthours"
"2026-09-27T12","PJM","PJM Interconnection, LLC","CPLW","Duke Energy Progress West",65,"megawatthours"
"2026-09-27T12","PJM","PJM Interconnection, LLC","DUK","Duke Energy Carolinas",-306,"megawatthours"
"2026-09-27T12","PJM","PJM Interconnection, LLC","LGEE","LG&E and KU Services Company as agent for Louisville Gas and Electric Company and Kentucky Utilities Company",102,"megawatthours"
"2026-09-27T12","PJM","PJM Interconnection, LLC","MISO","Midcontinent Independent System Operator, Inc.",3834,"megawatthours"
"2026-09-27T12","PJM","PJM Interconnection, LLC","NYIS","New York Independent System Operator",2373,"megawatthours"
"2026-09-27T12","PJM","PJM Interconnection, LLC","TVA","Tennessee Valley Authority",-697,"megawatthours"
"2026-09-27T12","PNM","Public Service Company of New Mexico","AZPS","Arizona Public Service Company",-229,"megawatthours"
"2026-09-27T12","PNM","Public Service Company of New Mexico","EPE","El Paso Electric Company",296,"megawatthours"
"2026-09-27T12","PNM","Public Service Company of New Mexico","GRID","Gridforce Energy Management, LLC",7,"megawatthours"
"2026-09-27T12","PNM","Public Service Company of New Mexico","PSCO","Public Service Company of Colorado",-126,"megawatthours"
"2026-09-27T12","PNM","Public Service Company of New Mexico","SWPP","Southwest Power Pool",0,"megawatthours"
"2026-09-27T12","PNM","Public Service Company of New Mexico","SWPW","Southwest Power Pool West Balancing Authority Area",8,"megawatthours"
"2026-09-27T12","PNM","Public Service Company of New Mexico","TEPC","Tucson Electric Power",-173,"megawatthours"
"2026-09-27T12","SCEG","Dominion Energy South Carolina, Inc.","CPLE","Duke Energy Progress East",98,"megawatthours"
"2026-09-27T12","SCEG","Dominion Energy South Carolina, Inc.","DUK","Duke Energy Carolinas",259,"megawatthours"
"2026-09-27T12","SCEG","Dominion Energy South Carolina, Inc.","SC","South Carolina Public Service Authority",1139,"megawatthours"
"2026-09-27T12","SCEG","Dominion Energy South Carolina, Inc.","SEPA","Southeastern Power Administration",16,"megawatthours"
"2026-09-27T12","SCEG","Dominion Energy South Carolina, Inc.","SOCO","Southern Company Services, Inc. - Trans",-1302,"megawatthours"
"2026-09-27T12","SE","Southeast","CAR","Carolinas",-126,"megawatthours"
"2026-09-27T12","SEC","Seminole Electric Cooperative","FPC","Duke Energy Florida, Inc.",323,"megawatthours"
"2026-09-27T12","SEC","Seminole Electric Cooperative","FPL","Florida Power & Light Co.",812,"megawatthours"
"2026-09-27T12","SEC","Seminole Electric Cooperative","JEA","JEA",71,"megawatthours"
"2026-09-27T12","SEC","Seminole Electric Cooperative","TEC","Tampa Electric Company",-37,"megawatthours"
"2026-09-27T12","SEPA","Southeastern Power Administration","DUK","Duke Energy Carolinas",12,"megawatthours"
"2026-09-27T12","SEPA","Southeastern Power Administration","SC","South Carolina Public Service Authority",-122,"megawatthours"
"2026-09-27T12","SEPA","Southeastern Power Administration","SCEG","Dominion Energy South Carolina, Inc.",-16,"megawatthours"
"2026-09-27T12","SEPA","Southeastern Power Administration","SOCO","Southern Company Services, Inc. - Trans",125,"megawatthours"
"2026-09-27T12","SIKE","Sikeston Board of Municipal Utilities","AECI","Associated Electric Cooperative, Inc.",7,"megawatthours"
"2026-09-27T12","SIKE","Sikeston Board of Municipal Utilities","MISO","Midcontinent Independent System Operator, Inc.",58,"megawatthours"
"2026-09-27T12","SIKE","Sikeston Board of Municipal Utilities","SPA","Southwestern Power Administration",57,"megawatthours"
"2026-09-27T12","SIKE","Sikeston Board of Municipal Utilities","SWPP","Southwest Power Pool",-89,"megawatthours"
"2026-09-27T12","SRP","Salt River Project Agricultural Improvement and Power District","AZPS","Arizona Public Service Company",4568,"megawatthours"
"2026-09-27T12","SRP","Salt River Project Agricultural Improvement and Power District","CISO","California Independent System Operator",1909,"megawatthours"
"2026-09-27T12","SRP","Salt River Project Agricultural Improvement and Power District","DEAA","Arlington Valley, LLC",-485,"megawatthours"
"2026-09-27T12","SRP","Salt River Project Agricultural Improvement and Power District","GRID","Gridforce Energy Management, LLC",-582,"megawatthours"
"2026-09-27T12","SRP","Salt River Project Agricultural Improvement and Power District","TEPC","Tucson Electric Power",-591,"megawatthours"
"2026-09-27T12","SRP","Salt River Project Agricultural Improvement and Power District","WALC","Western Area Power Administration - Desert Southwest Region",202,"megawatthours"
"2026-09-27T12","SW","Southwest","CAL","California",3293,"megawatthours"
"2026-09-27T12","SW","Southwest","CENT","Central",0,"megawatthours"
"2026-09-27T12","SW","Southwest","NW","Northwest",-993,"megawatthours"
"2026-09-27T12","TAL","City of Tallahassee","FPC","Duke Energy Florida, Inc.",77,"megawatthours"
"2026-09-27T12","TAL","City of Tallahassee","SOCO","Southern Company Services, Inc. - Trans",-27,"megawatthours"
"2026-09-27T12","TEN","Tennessee","CAR","Carolinas",127,"megawatthours"
"2026-09-27T12","TEN","Tennessee","MIDA","Mid-Atlantic",890,"megawatthours"
"2026-09-27T12","TEN","Tennessee","MIDW","Midwest",-1542,"megawatthours"
"2026-09-27T12","TEN","Tennessee","SE","Southeast",316,"megawatthours"
"2026-09-27T12","TEPC","Tucson Electric Power","AZPS","Arizona Public Service Company",99,"megawatthours"
"2026-09-27T12","TEPC","Tucson Electric Power","EPE","El Paso Electric Company",-96,"megawatthours"
"2026-09-27T12","TEPC","Tucson Electric Power","PNM","Public Service Company of New Mexico",173,"megawatthours"
"2026-09-27T12","TEPC","Tucson Electric Power","SRP","Salt River Project Agricultural Improvement and Power District",591,"megawatthours"
"2026-09-27T12","TEPC","Tucson Electric Power","WALC","Western Area Power Administration - Desert Southwest Region",-315,"megawatthours"
"2026-09-27T12","TPWR","City of Tacoma, Department of Public Utilities, Light Division","BPAT","Bonneville Power Administration",-280,"megawatthours"
"2026-09-27T12","TPWR","City of Tacoma, Department of Public Utilities, Light Division","PSEI","Puget Sound Energy, Inc.",25,"megawatthours"
"2026-09-27T12","TVA","Tennessee Valley Authority","AECI","Associated Electric Cooperative, Inc.",-143,"megawatthours"
"2026-09-27T12","TVA","Tennessee Valley Authority","CPLW","Duke Energy Progress West",27,"megawatthours"
"2026-09-27T12","TVA","Tennessee Valley Authority","DUK","Duke Energy Carolinas",100,"megawatthours"
"2026-09-27T12","TVA","Tennessee Valley Authority","LGEE","LG&E and KU Services Company as agent for Louisville Gas and Electric Company and Kentucky Utilities Company",290,"megawatthours"
"2026-09-27T12","TVA","Tennessee Valley Authority","MISO","Midcontinent Independent System Operator, Inc.",-1689,"megawatthours"
"2026-09-27T12","TVA","Tennessee Valley Authority","PJM","PJM Interconnection, LLC",890,"megawatthours"
"2026-09-27T12","TVA","Tennessee Valley Authority","SOCO","Southern Company Services, Inc. - Trans",316,"megawatthours"
"2026-09-27T12","WALC","Western Area Power Administration - Desert Southwest Region","AZPS","Arizona Public Service Company",-959,"megawatthours"
"2026-09-27T12","WALC","Western Area Power Administration - Desert Southwest Region","CISO","California Independent System Operator",173,"megawatthours"
"2026-09-27T12","WALC","Western Area Power Administration - Desert Southwest Region","GRID","Gridforce Energy Management, LLC",-433,"megawatthours"
"2026-09-27T12","WALC","Western Area Power Administration - Desert Southwest Region","IID","Imperial Irrigation District",16,"megawatthours"
"2026-09-27T12","WALC","Western Area Power Administration - Desert Southwest Region","LDWP","Los Angeles Department of Water and Power",1195,"megawatthours"
"2026-09-27T12","WALC","Western Area Power Administration - Desert Southwest Region","NEVP","Nevada Power Company",112,"megawatthours"
"2026-09-27T12","WALC","Western Area Power Administration - Desert Southwest Region","SRP","Salt River Project Agricultural Improvement and Power District",-202,"megawatthours"
"2026-09-27T12","WALC","Western Area Power Administration - Desert Southwest Region","SWPW","Southwest Power Pool West Balancing Authority Area",21,"megawatthours"
"2026-09-27T12","WALC","Western Area Power Administration - Desert Southwest Region","TEPC","Tucson Electric Power",315,"megawatthours"
"2026-09-27T12","YAD","Alcoa Power Generating, Inc. - Yadkin Division","CPLE","Duke Energy Progress East",-2,"megawatthours"
"2026-09-27T12","YAD","Alcoa Power Generating, Inc. - Yadkin Division","DUK","Duke Energy Carolinas",24,"megawatthours"
"2026-09-27T11","AECI","Associated Electric Cooperative, Inc.","MISO","Midcontinent Independent System Operator, Inc.",616,"megawatthours"
"2026-09-27T11","AECI","Associated Electric Cooperative, Inc.","SIKE","Sikeston Board of Municipal Utilities",-4,"megawatthours"
"2026-09-27T11","AECI","Associated Electric Cooperative, Inc.","SPA","Southwestern Power Administration",-90,"megawatthours"
"2026-09-27T11","AECI","Associated Electric Cooperative, Inc.","SWPP","Southwest Power Pool",-65,"megawatthours"
"2026-09-27T11","AECI","Associated Electric Cooperative, Inc.","TVA","Tennessee Valley Authority",136,"megawatthours"
"2026-09-27T11","AVA","Avista Corporation","BPAT","Bonneville Power Administration",-216,"megawatthours"
"2026-09-27T11","AVA","Avista Corporation","CHPD","Public Utility District No. 1 of Chelan County",-10,"megawatthours"
"2026-09-27T11","AVA","Avista Corporation","GCPD","Public Utility District No. 2 of Grant County, Washington",19,"megawatthours"
"2026-09-27T11","AVA","Avista Corporation","IPCO","Idaho Power Company",26,"megawatthours"
"2026-09-27T11","AVA","Avista Corporation","NWMT","NorthWestern Corporation",-77,"megawatthours"
"2026-09-27T11","AVA","Avista Corporation","PACW","PacifiCorp West",112,"megawatthours"
"2026-09-27T11","BANC","Balancing Authority of Northern California","BPAT","Bonneville Power Administration",-567,"megawatthours"
"2026-09-27T11","BANC","Balancing Authority of Northern California","CISO","California Independent System Operator",546,"megawatthours"
"2026-09-27T11","BANC","Balancing Authority of Northern California","TIDC","Turlock Irrigation District",-36,"megawatthours"
"2026-09-27T11","BHBA","Black Hills Energy","PACE","PacifiCorp East",151,"megawatthours"
"2026-09-27T11","BHBA","Black Hills Energy","SWPP","Southwest Power Pool",0,"megawatthours"
"2026-09-27T11","BHBA","Black Hills Energy","SWPW","Southwest Power Pool West Balancing Authority Area",-113,"megawatthours"
"2026-09-27T11","CAL","California","NW","Northwest",-567,"megawatthours"
"2026-09-27T11","CAR","Carolinas","MIDA","Mid-Atlantic",1169,"megawatthours"
"2026-09-27T11","CAR","Carolinas","SE","Southeast",-1348,"megawatthours"
"2026-09-27T11","CAR","Carolinas","TEN","Tennessee",-147,"megawatthours"
"2026-09-27T11","CHPD","Public Utility District No. 1 of Chelan County","AVA","Avista Corporation",10,"megawatthours"
"2026-09-27T11","CHPD","Public Utility District No. 1 of Chelan County","BPAT","Bonneville Power Administration",194,"megawatthours"
"2026-09-27T11","CHPD","Public Utility District No. 1 of Chelan County","DOPD","PUD No. 1 of Douglas County",-77,"megawatthours"
"2026-09-27T11","CHPD","Public Utility District No. 1 of Chelan County","PSEI","Puget Sound Energy, Inc.",71,"megawatthours"
"2026-09-27T11","CPLE","Duke Energy Progress East","DUK","Duke Energy Carolinas",-329,"megawatthours"
"2026-09-27T11","CPLE","Duke Energy Progress East","PJM","PJM Interconnection, LLC",901,"megawatthours"
"2026-09-27T11","CPLE","Duke Energy Progress East","SC","South Carolina Public Service Authority",109,"megawatthours"
"2026-09-27T11","CPLE","Duke Energy Progress East","SCEG","Dominion Energy South Carolina, Inc.",-91,"megawatthours"
"2026-09-27T11","CPLE","Duke Energy Progress East","YAD","Alcoa Power Generating, Inc. - Yadkin Division",1,"megawatthours"
"2026-09-27T11","CPLW","Duke Energy Progress West","DUK","Duke Energy Carolinas",-22,"megawatthours"
"2026-09-27T11","CPLW","Duke Energy Progress West","PJM","PJM Interconnection, LLC",-50,"megawatthours"
"2026-09-27T11","CPLW","Duke Energy Progress West","TVA","Tennessee Valley Authority",-29,"megawatthours"
"2026-09-27T11","DUK","Duke Energy Carolinas","CPLE","Duke Energy Progress East",329,"megawatthours"
"2026-09-27T11","DUK","Duke Energy Carolinas","CPLW","Duke Energy Progress West",22,"megawatthours"
"2026-09-27T11","DUK","Duke Energy Carolinas","PJM","PJM Interconnection, LLC",318,"megawatthours"
"2026-09-27T11","DUK","Duke Energy Carolinas","SC","South Carolina Public Service Authority",-357,"megawatthours"
"2026-09-27T11","DUK","Duke Energy Carolinas","SCEG","Dominion Energy South Carolina, Inc.",-263,"megawatthours"
"2026-09-27T11","DUK","Duke Energy Carolinas","SEPA","Southeastern Power Administration",-10,"megawatthours"
"2026-09-27T11","DUK","Duke Energy Carolinas","SOCO","Southern Company Services, Inc. - Trans",-110,"megawatthours"
"2026-09-27T11","DUK","Duke Energy Carolinas","TVA","Tennessee Valley Authority",-118,"megawatthours"
"2026-09-27T11","DUK","Duke Energy Carolinas","YAD","Alcoa Power Generating, Inc. - Yadkin Division",-11,"megawatthours"
"2026-09-27T11","EPE","El Paso Electric Company","PNM","Public Service Company of New Mexico",-314,"megawatthours"
"2026-09-27T11","EPE","El Paso Electric Company","SWPP","Southwest Power Pool",0,"megawatthours"
"2026-09-27T11","EPE","El Paso Electric Company","TEPC","Tucson Electric Power",107,"megawatthours"
"2026-09-27T11","FLA","Florida","SE","Southeast",141,"megawatthours"
"2026-09-27T11","FMPP","Florida Municipal Power Pool","FPC","Duke Energy Florida, Inc.",69,"megawatthours"
"2026-09-27T11","FMPP","Florida Municipal Power Pool","FPL","Florida Power & Light Co.",-109,"megawatthours"
"2026-09-27T11","FMPP","Florida Municipal Power Pool","JEA","JEA",6,"megawatthours"
"2026-09-27T11","FMPP","Florida Municipal Power Pool","TEC","Tampa Electric Company",-106,"megawatthours"
"2026-09-27T11","FPC","Duke Energy Florida, Inc.","FMPP","Florida Municipal Power Pool",-63,"megawatthours"
"2026-09-27T11","FPC","Duke Energy Florida, Inc.","FPL","Florida Power & Light Co.",-392,"megawatthours"
"2026-09-27T11","FPC","Duke Energy Florida, Inc.","GVL","Gainesville Regional Utilities",-32,"megawatthours"
"2026-09-27T11","FPC","Duke Energy Florida, Inc.","SEC","Seminole Electric Cooperative",-351,"megawatthours"
"2026-09-27T11","FPC","Duke Energy Florida, Inc.","SOCO","Southern Company Services, Inc. - Trans",52,"megawatthours"
"2026-09-27T11","FPC","Duke Energy Florida, Inc.","TAL","City of Tallahassee",-104,"megawatthours"
"2026-09-27T11","FPC","Duke Energy Florida, Inc.","TEC","Tampa Electric Company",237,"megawatthours"
"2026-09-27T11","FPL","Florida Power & Light Co.","FMPP","Florida Municipal Power Pool",109,"megawatthours"
"2026-09-27T11","FPL","Florida Power & Light Co.","FPC","Duke Energy Florida, Inc.",392,"megawatthours"
"2026-09-27T11","FPL","Florida Power & Light Co.","GVL","Gainesville Regional Utilities",-16,"megawatthours"
"2026-09-27T11","FPL","Florida Power & Light Co.","HST","City of Homestead",54,"megawatthours"
"2026-09-27T11","FPL","Florida Power & Light Co.","JEA","JEA",409,"megawatthours"
"2026-09-27T11","FPL","Florida Power & Light Co.","SEC","Seminole Electric Cooperative",-800,"megawatthours"
"2026-09-27T11","FPL","Florida Power & Light Co.","SOCO","Southern Company Services, Inc. - Trans",95,"megawatthours"
"2026-09-27T11","FPL","Florida Power & Light Co.","TEC","Tampa Electric Company",-64,"megawatthours"
"2026-09-27T11","GCPD","Public Utility District No. 2 of Grant County, Washington","AVA","Avista Corporation",-19,"megawatthours"
"2026-09-27T11","GCPD","Public Utility District No. 2 of Grant County, Washington","BPAT","Bonneville Power Administration",423,"megawatthours"
"2026-09-27T11","GCPD","Public Utility District No. 2 of Grant County, Washington","PACW","PacifiCorp West",63,"megawatthours"
"2026-09-27T11","GCPD","Public Utility District No. 2 of Grant County, Washington","PSEI","Puget Sound Energy, Inc.",-21,"megawatthours"
"2026-09-27T11","GVL","Gainesville Regional Utilities","FPC","Duke Energy Florida, Inc.",32,"megawatthours"
"2026-09-27T11","GVL","Gainesville Regional Utilities","FPL","Florida Power & Light Co.",16,"megawatthours"
"2026-09-27T11","GWA","NaturEner Power Watch, LLC","NWMT","NorthWestern Corporation",34,"megawatthours"
"2026-09-27T11","HST","City of Homestead","FPL","Florida Power & Light Co.",-55,"megawatthours"
"2026-09-27T11","LGEE","LG&E and KU Services Company as agent for Louisville Gas and Electric Company and Kentucky Utilities Company","MISO","Midcontinent Independent System Operator, Inc.",173,"megawatthours"
"2026-09-27T11","LGEE","LG&E and KU Services Company as agent for Louisville Gas and Electric Company and Kentucky Utilities Company","PJM","PJM Interconnection, LLC",-26,"megawatthours"
"2026-09-27T11","LGEE","LG&E and KU Services Company as agent for Louisville Gas and Electric Company and Kentucky Utilities Company","TVA","Tennessee Valley Authority",-280,"megawatthours"
"2026-09-27T11","MIDA","Mid-Atlantic","CAR","Carolinas",-1311,"megawatthours"
"2026-09-27T11","MIDA","Mid-Atlantic","MIDW","Midwest",4157,"megawatthours"
"2026-09-27T11","MIDA","Mid-Atlantic","NY","New York",2393,"megawatthours"
"2026-09-27T11","MIDA","Mid-Atlantic","TEN","Tennessee",-724,"megawatthours"
"2026-09-27T11","MIDW","Midwest","CENT","Central",-188,"megawatthours"
"2026-09-27T11","MIDW","Midwest","MIDA","Mid-Atlantic",-26,"megawatthours"
"2026-09-27T11","MIDW","Midwest","TEN","Tennessee",-144,"megawatthours"
"2026-09-27T11","NEVP","Nevada Power Company","BPAT","Bonneville Power Administration",-122,"megawatthours"
"2026-09-27T11","NEVP","Nevada Power Company","CISO","California Independent System Operator",1444,"megawatthours"
"2026-09-27T11","NEVP","Nevada Power Company","IPCO","Idaho Power Company",-214,"megawatthours"
"2026-09-27T11","NEVP","Nevada Power Company","LDWP","Los Angeles Department of Water and Power",-1105,"megawatthours"
"2026-09-27T11","NEVP","Nevada Power Company","PACE","PacifiCorp East",-104,"megawatthours"
"2026-09-27T11","NEVP","Nevada Power Company","WALC","Western Area Power Administration - Desert Southwest Region",-117,"megawatthours"
"2026-09-27T11","NW","Northwest","CAL","California",339,"megawatthours"
"2026-09-27T11","NW","Northwest","CENT","Central",0,"megawatthours"
"2026-09-27T11","NW","Northwest","SW","Southwest",-117,"megawatthours"
"2026-09-27T11","PGE","Portland General Electric Company","BPAT","Bonneville Power Administration",-794,"megawatthours"
"2026-09-27T11","PGE","Portland General Electric Company","PACW","PacifiCorp West",-45,"megawatthours"
"2026-09-27T11","PJM","PJM Interconnection, LLC","CPLE","Duke Energy Progress East",-1025,"megawatthours"
"2026-09-27T11","PJM","PJM Interconnection, LLC","CPLW","Duke Energy Progress West",63,"megawatthours"
"2026-09-27T11","PJM","PJM Interconnection, LLC","DUK","Duke Energy Carolinas",-349,"megawatthours"
"2026-09-27T11","PJM","PJM Interconnection, LLC","LGEE","LG&E and KU Services Company as agent for Louisville Gas and Electric Company and Kentucky Utilities Company",79,"megawatthours"
"2026-09-27T11","PJM","PJM Interconnection, LLC","MISO","Midcontinent Independent System Operator, Inc.",4078,"megawatthours"
"2026-09-27T11","PJM","PJM Interconnection, LLC","NYIS","New York Independent System Operator",2393,"megawatthours"
"2026-09-27T11","PJM","PJM Interconnection, LLC","TVA","Tennessee Valley Authority",-724,"megawatthours"
"2026-09-27T11","PNM","Public Service Company of New Mexico","AZPS","Arizona Public Service Company",-200,"megawatthours"
"2026-09-27T11","PNM","Public Service Company of New Mexico","EPE","El Paso Electric Company",314,"megawatthours"
"2026-09-27T11","PNM","Public Service Company of New Mexico","GRID","Gridforce Energy Management, LLC",5,"megawatthours"
"2026-09-27T11","PNM","Public Service Company of New Mexico","PSCO","Public Service Company of Colorado",-135,"megawatthours"
"2026-09-27T11","PNM","Public Service Company of New Mexico","SWPP","Southwest Power Pool",0,"megawatthours"
"2026-09-27T11","PNM","Public Service Company of New Mexico","SWPW","Southwest Power Pool West Balancing Authority Area",-20,"megawatthours"
"2026-09-27T11","PNM","Public Service Company of New Mexico","TEPC","Tucson Electric Power",-183,"megawatthours"
"2026-09-27T11","SCEG","Dominion Energy South Carolina, Inc.","CPLE","Duke Energy Progress East",91,"megawatthours"
"2026-09-27T11","SCEG","Dominion Energy South Carolina, Inc.","DUK","Duke Energy Carolinas",263,"megawatthours"
"2026-09-27T11","SCEG","Dominion Energy South Carolina, Inc.","SC","South Carolina Public Service Authority",1096,"megawatthours"
"2026-09-27T11","SCEG","Dominion Energy South Carolina, Inc.","SEPA","Southeastern Power Administration",16,"megawatthours"
"2026-09-27T11","SCEG","Dominion Energy South Carolina, Inc.","SOCO","Southern Company Services, Inc. - Trans",-1244,"megawatthours"
"2026-09-27T11","SE","Southeast","CAR","Carolinas",-133,"megawatthours"
"2026-09-27T11","SEC","Seminole Electric Cooperative","FPC","Duke Energy Florida, Inc.",358,"megawatthours"
"2026-09-27T11","SEC","Seminole Electric Cooperative","FPL","Florida Power & Light Co.",800,"megawatthours"
"2026-09-27T11","SEC","Seminole Electric Cooperative","JEA","JEA",65,"megawatthours"
"2026-09-27T11","SEC","Seminole Electric Cooperative","TEC","Tampa Electric Company",-45,"megawatthours"
"2026-09-27T11","SEPA","Southeastern Power Administration","DUK","Duke Energy Carolinas",10,"megawatthours"
"2026-09-27T11","SEPA","Southeastern Power Administration","SC","South Carolina Public Service Authority",-127,"megawatthours"
"2026-09-27T11","SEPA","Southeastern Power Administration","SCEG","Dominion Energy South Carolina, Inc.",-16,"megawatthours"
"2026-09-27T11","SEPA","Southeastern Power Administration","SOCO","Southern Company Services, Inc. - Trans",128,"megawatthours"
"2026-09-27T11","SIKE","Sikeston Board of Municipal Utilities","AECI","Associated Electric Cooperative, Inc.",4,"megawatthours"
"2026-09-27T11","SIKE","Sikeston Board of Municipal Utilities","MISO","Midcontinent Independent System Operator, Inc.",62,"megawatthours"
"2026-09-27T11","SIKE","Sikeston Board of Municipal Utilities","SPA","Southwestern Power Administration",55,"megawatthours"
"2026-09-27T11","SIKE","Sikeston Board of Municipal Utilities","SWPP","Southwest Power Pool",-88,"megawatthours"
"2026-09-27T11","SRP","Salt River Project Agricultural Improvement and Power District","AZPS","Arizona Public Service Company",4656,"megawatthours"
"2026-09-27T11","SRP","Salt River Project Agricultural Improvement and Power District","CISO","California Independent System Operator",1925,"megawatthours"
"2026-09-27T11","SRP","Salt River Project Agricultural Improvement and Power District","DEAA","Arlington Valley, LLC",-485,"megawatthours"
"2026-09-27T11","SRP","Salt River Project Agricultural Improvement and Power District","GRID","Gridforce Energy Management, LLC",-589,"megawatthours"
"2026-09-27T11","SRP","Salt River Project Agricultural Improvement and Power District","TEPC","Tucson Electric Power",-694,"megawatthours"
"2026-09-27T11","SRP","Salt River Project Agricultural Improvement and Power District","WALC","Western Area Power Administration - Desert Southwest Region",195,"megawatthours"
"2026-09-27T11","SW","Southwest","CAL","California",3224,"megawatthours"
"2026-09-27T11","SW","Southwest","CENT","Central",0,"megawatthours"
"2026-09-27T11","SW","Southwest","NW","Northwest",-1052,"megawatthours"
"2026-09-27T11","TAL","City of Tallahassee","FPC","Duke Energy Florida, Inc.",105,"megawatthours"
"2026-09-27T11","TAL","City of Tallahassee","SOCO","Southern Company Services, Inc. - Trans",-6,"megawatthours"
"2026-09-27T11","TEN","Tennessee","CAR","Carolinas",147,"megawatthours"
"2026-09-27T11","TEN","Tennessee","MIDA","Mid-Atlantic",856,"megawatthours"
"2026-09-27T11","TEN","Tennessee","MIDW","Midwest",-1554,"megawatthours"
"2026-09-27T11","TEN","Tennessee","SE","Southeast",643,"megawatthours"
"2026-09-27T11","TEPC","Tucson Electric Power","AZPS","Arizona Public Service Company",102,"megawatthours"
"2026-09-27T11","TEPC","Tucson Electric Power","EPE","El Paso Electric Company",-107,"megawatthours"
"2026-09-27T11","TEPC","Tucson Electric Power","PNM","Public Service Company of New Mexico",183,"megawatthours"
"2026-09-27T11","TEPC","Tucson Electric Power","SRP","Salt River Project Agricultural Improvement and Power District",694,"megawatthours"
"2026-09-27T11","TEPC","Tucson Electric Power","WALC","Western Area Power Administration - Desert Southwest Region",-317,"megawatthours"
"2026-09-27T11","TPWR","City of Tacoma, Department of Public Utilities, Light Division","BPAT","Bonneville Power Administration",-267,"megawatthours"
"2026-09-27T11","TPWR","City of Tacoma, Department of Public Utilities, Light Division","PSEI","Puget Sound Energy, Inc.",26,"megawatthours"
"2026-09-27T11","TVA","Tennessee Valley Authority","AECI","Associated Electric Cooperative, Inc.",-132,"megawatthours"
"2026-09-27T11","TVA","Tennessee Valley Authority","CPLW","Duke Energy Progress West",29,"megawatthours"
"2026-09-27T11","TVA","Tennessee Valley Authority","DUK","Duke Energy Carolinas",118,"megawatthours"
"2026-09-27T11","TVA","Tennessee Valley Authority","LGEE","LG&E and KU Services Company as agent for Louisville Gas and Electric Company and Kentucky Utilities Company",280,"megawatthours"
"2026-09-27T11","TVA","Tennessee Valley Authority","MISO","Midcontinent Independent System Operator, Inc.",-1702,"megawatthours"
"2026-09-27T11","TVA","Tennessee Valley Authority","PJM","PJM Interconnection, LLC",856,"megawatthours"
"2026-09-27T11","TVA","Tennessee Valley Authority","SOCO","Southern Company Services, Inc. - Trans",643,"megawatthours"
"2026-09-27T11","WALC","Western Area Power Administration - Desert Southwest Region","AZPS","Arizona Public Service Company",-881,"megawatthours"
"2026-09-27T11","WALC","Western Area Power Administration - Desert Southwest Region","CISO","California Independent System Operator",147,"megawatthours"
"2026-09-27T11","WALC","Western Area Power Administration - Desert Southwest Region","GRID","Gridforce Energy Management, LLC",-436,"megawatthours"
"2026-09-27T11","WALC","Western Area Power Administration - Desert Southwest Region","IID","Imperial Irrigation District",23,"megawatthours"
"2026-09-27T11","WALC","Western Area Power Administration - Desert Southwest Region","LDWP","Los Angeles Department of Water and Power",1129,"megawatthours"
"2026-09-27T11","WALC","Western Area Power Administration - Desert Southwest Region","NEVP","Nevada Power Company",117,"megawatthours"
"2026-09-27T11","WALC","Western Area Power Administration - Desert Southwest Region","SRP","Salt River Project Agricultural Improvement and Power District",-195,"megawatthours"
"2026-09-27T11","WALC","Western Area Power Administration - Desert Southwest Region","SWPW","Southwest Power Pool West Balancing Authority Area",6,"megawatthours"
"2026-09-27T11","WALC","Western Area Power Administration - Desert Southwest Region","TEPC","Tucson Electric Power",317,"megawatthours"
"2026-09-27T11","YAD","Alcoa Power Generating, Inc. - Yadkin Division","CPLE","Duke Energy Progress East",-1,"megawatthours"
"2026-09-27T11","YAD","Alcoa Power Generating, Inc. - Yadkin Division","DUK","Duke Energy Carolinas",11,"megawatthours"
"2026-09-27T10","AECI","Associated Electric Cooperative, Inc.","MISO","Midcontinent Independent System Operator, Inc.",703,"megawatthours"
"2026-09-27T10","AECI","Associated Electric Cooperative, Inc.","SIKE","Sikeston Board of Municipal Utilities",2,"megawatthours"
"2026-09-27T10","AECI","Associated Electric Cooperative, Inc.","SPA","Southwestern Power Administration",-92,"megawatthours"
"2026-09-27T10","AECI","Associated Electric Cooperative, Inc.","SWPP","Southwest Power Pool",-101,"megawatthours"
"2026-09-27T10","AECI","Associated Electric Cooperative, Inc.","TVA","Tennessee Valley Authority",122,"megawatthours"
"2026-09-27T10","AVA","Avista Corporation","BPAT","Bonneville Power Administration",-232,"megawatthours"
"2026-09-27T10","AVA","Avista Corporation","CHPD","Public Utility District No. 1 of Chelan County",-10,"megawatthours"
"2026-09-27T10","AVA","Avista Corporation","GCPD","Public Utility District No. 2 of Grant County, Washington",37,"megawatthours"
"2026-09-27T10","AVA","Avista Corporation","IPCO","Idaho Power Company",28,"megawatthours"
"2026-09-27T10","AVA","Avista Corporation","NWMT","NorthWestern Corporation",-85,"megawatthours"
"2026-09-27T10","AVA","Avista Corporation","PACW","PacifiCorp West",115,"megawatthours"
"2026-09-27T10","BANC","Balancing Authority of Northern California","BPAT","Bonneville Power Administration",-611,"megawatthours"
"2026-09-27T10","BANC","Balancing Authority of Northern California","CISO","California Independent System Operator",589,"megawatthours"
"2026-09-27T10","BANC","Balancing Authority of Northern California","TIDC","Turlock Irrigation District",-78,"megawatthours"
"2026-09-27T10","BHBA","Black Hills Energy","PACE","PacifiCorp East",152,"megawatthours"
"2026-09-27T10","BHBA","Black Hills Energy","SWPP","Southwest Power Pool",0,"megawatthours"
"2026-09-27T10","BHBA","Black Hills Energy","SWPW","Southwest Power Pool West Balancing Authority Area",-90,"megawatthours"
"2026-09-27T10","CAL","California","NW","Northwest",-611,"megawatthours"
"2026-09-27T10","CAR","Carolinas","MIDA","Mid-Atlantic",1199,"megawatthours"
"2026-09-27T10","CAR","Carolinas","SE","Southeast",-1308,"megawatthours"
"2026-09-27T10","CAR","Carolinas","TEN","Tennessee",-150,"megawatthours"
"2026-09-27T10","CHPD","Public Utility District No. 1 of Chelan County","AVA","Avista Corporation",10,"megawatthours"
"2026-09-27T10","CHPD","Public Utility District No. 1 of Chelan County","BPAT","Bonneville Power Administration",197,"megawatthours"
"2026-09-27T10","CHPD","Public Utility District No. 1 of Chelan County","DOPD","PUD No. 1 of Douglas County",-57,"megawatthours"
"2026-09-27T10","CHPD","Public Utility District No. 1 of Chelan County","PSEI","Puget Sound Energy, Inc.",77,"megawatthours"
"2026-09-27T10","CPLE","Duke Energy Progress East","DUK","Duke Energy Carolinas",-194,"megawatthours"
"2026-09-27T10","CPLE","Duke Energy Progress East","PJM","PJM Interconnection, LLC",924,"megawatthours"
"2026-09-27T10","CPLE","Duke Energy Progress East","SC","South Carolina Public Service Authority",158,"megawatthours"
"2026-09-27T10","CPLE","Duke Energy Progress East","SCEG","Dominion Energy South Carolina, Inc.",-79,"megawatthours"
"2026-09-27T10","CPLE","Duke Energy Progress East","YAD","Alcoa Power Generating, Inc. - Yadkin Division",5,"megawatthours"
"2026-09-27T10","CPLW","Duke Energy Progress West","DUK","Duke Energy Carolinas",-1,"megawatthours"
"2026-09-27T10","CPLW","Duke Energy Progress West","PJM","PJM Interconnection, LLC",-49,"megawatthours"
"2026-09-27T10","CPLW","Duke Energy Progress West","TVA","Tennessee Valley Authority",-27,"megawatthours"
"2026-09-27T10","DUK","Duke Energy Carolinas","CPLE","Duke Energy Progress East",194,"megawatthours"
"2026-09-27T10","DUK","Duke Energy Carolinas","CPLW","Duke Energy Progress West",1,"megawatthours"
"2026-09-27T10","DUK","Duke Energy Carolinas","PJM","PJM Interconnection, LLC",324,"megawatthours"
"2026-09-27T10","DUK","Duke Energy Carolinas","SC","South Carolina Public Service Authority",-374,"megawatthours"
"2026-09-27T10","DUK","Duke Energy Carolinas","SCEG","Dominion Energy South Carolina, Inc.",-275,"megawatthours"
"2026-09-27T10","DUK","Duke Energy Carolinas","SEPA","Southeastern Power Administration",-12,"megawatthours"
"2026-09-27T10","DUK","Duke Energy Carolinas","SOCO","Southern Company Services, Inc. - Trans",-110,"megawatthours"
"2026-09-27T10","DUK","Duke Energy Carolinas","TVA","Tennessee Valley Authority",-123,"megawatthours"
"2026-09-27T10","DUK","Duke Energy Carolinas","YAD","Alcoa Power Generating, Inc. - Yadkin Division",-14,"megawatthours"
"2026-09-27T10","EPE","El Paso Electric Company","PNM","Public Service Company of New Mexico",-308,"megawatthours"
"2026-09-27T10","EPE","El Paso Electric Company","SWPP","Southwest Power Pool",0,"megawatthours"
"2026-09-27T10","EPE","El Paso Electric Company","TEPC","Tucson Electric Power",85,"megawatthours"
"2026-09-27T10","FLA","Florida","SE","Southeast",123,"megawatthours"
"2026-09-27T10","FMPP","Florida Municipal Power Pool","FPC","Duke Energy Florida, Inc.",72,"megawatthours"
"2026-09-27T10","FMPP","Florida Municipal Power Pool","FPL","Florida Power & Light Co.",-124,"megawatthours"
"2026-09-27T10","FMPP","Florida Municipal Power Pool","JEA","JEA",8,"megawatthours"
"2026-09-27T10","FMPP","Florida Municipal Power Pool","TEC","Tampa Electric Company",-113,"megawatthours"
"2026-09-27T10","FPC","Duke Energy Florida, Inc.","FMPP","Florida Municipal Power Pool",-66,"megawatthours"
"2026-09-27T10","FPC","Duke Energy Florida, Inc.","FPL","Florida Power & Light Co.",-389,"megawatthours"
"2026-09-27T10","FPC","Duke Energy Florida, Inc.","GVL","Gainesville Regional Utilities",-35,"megawatthours"
"2026-09-27T10","FPC","Duke Energy Florida, Inc.","SEC","Seminole Electric Cooperative",-350,"megawatthours"
"2026-09-27T10","FPC","Duke Energy Florida, Inc.","SOCO","Southern Company Services, Inc. - Trans",57,"megawatthours"
"2026-09-27T10","FPC","Duke Energy Florida, Inc.","TAL","City of Tallahassee",-101,"megawatthours"
"2026-09-27T10","FPC","Duke Energy Florida, Inc.","TEC","Tampa Electric Company",231,"megawatthours"
"2026-09-27T10","FPL","Florida Power & Light Co.","FMPP","Florida Municipal Power Pool",124,"megawatthours"
"2026-09-27T10","FPL","Florida Power & Light Co.","FPC","Duke Energy Florida, Inc.",389,"megawatthours"
"2026-09-27T10","FPL","Florida Power & Light Co.","GVL","Gainesville Regional Utilities",-14,"megawatthours"
"2026-09-27T10","FPL","Florida Power & Light Co.","HST","City of Homestead",56,"megawatthours"
"2026-09-27T10","FPL","Florida Power & Light Co.","JEA","JEA",387,"megawatthours"
"2026-09-27T10","FPL","Florida Power & Light Co.","SEC","Seminole Electric Cooperative",-822,"megawatthours"
"2026-09-27T10","FPL","Florida Power & Light Co.","SOCO","Southern Company Services, Inc. - Trans",68,"megawatthours"
"2026-09-27T10","FPL","Florida Power & Light Co.","TEC","Tampa Electric Company",-31,"megawatthours"
"2026-09-27T10","GCPD","Public Utility District No. 2 of Grant County, Washington","AVA","Avista Corporation",-37,"megawatthours"
"2026-09-27T10","GCPD","Public Utility District No. 2 of Grant County, Washington","BPAT","Bonneville Power Administration",486,"megawatthours"
"2026-09-27T10","GCPD","Public Utility District No. 2 of Grant County, Washington","PACW","PacifiCorp West",61,"megawatthours"
"2026-09-27T10","GCPD","Public Utility District No. 2 of Grant County, Washington","PSEI","Puget Sound Energy, Inc.",-16,"megawatthours"
"2026-09-27T10","GVL","Gainesville Regional Utilities","FPC","Duke Energy Florida, Inc.",35,"megawatthours"
"2026-09-27T10","GVL","Gainesville Regional Utilities","FPL","Florida Power & Light Co.",14,"megawatthours"
"2026-09-27T10","GWA","NaturEner Power Watch, LLC","NWMT","NorthWestern Corporation",20,"megawatthours"
"2026-09-27T10","HST","City of Homestead","FPL","Florida Power & Light Co.",-55,"megawatthours"
"2026-09-27T10","LGEE","LG&E and KU Services Company as agent for Louisville Gas and Electric Company and Kentucky Utilities Company","MISO","Midcontinent Independent System Operator, Inc.",179,"megawatthours"
"2026-09-27T10","LGEE","LG&E and KU Services Company as agent for Louisville Gas and Electric Company and Kentucky Utilities Company","PJM","PJM Interconnection, LLC",-72,"megawatthours"
"2026-09-27T10","LGEE","LG&E and KU Services Company as agent for Louisville Gas and Electric Company and Kentucky Utilities Company","TVA","Tennessee Valley Authority",-249,"megawatthours"
"2026-09-27T10","MIDA","Mid-Atlantic","CAR","Carolinas",-1293,"megawatthours"
"2026-09-27T10","MIDA","Mid-Atlantic","MIDW","Midwest",3698,"megawatthours"
"2026-09-27T10","MIDA","Mid-Atlantic","NY","New York",2479,"megawatthours"
"2026-09-27T10","MIDA","Mid-Atlantic","TEN","Tennessee",-790,"megawatthours"
"2026-09-27T10","MIDW","Midwest","CENT","Central",-222,"megawatthours"
"2026-09-27T10","MIDW","Midwest","MIDA","Mid-Atlantic",-72,"megawatthours"
"2026-09-27T10","MIDW","Midwest","TEN","Tennessee",-127,"megawatthours"
"2026-09-27T10","NEVP","Nevada Power Company","BPAT","Bonneville Power Administration",-124,"megawatthours"
"2026-09-27T10","NEVP","Nevada Power Company","CISO","California Independent System Operator",1430,"megawatthours"
"2026-09-27T10","NEVP","Nevada Power Company","IPCO","Idaho Power Company",-246,"megawatthours"
"2026-09-27T10","NEVP","Nevada Power Company","LDWP","Los Angeles Department of Water and Power",-1119,"megawatthours"
"2026-09-27T10","NEVP","Nevada Power Company","PACE","PacifiCorp East",-218,"megawatthours"
"2026-09-27T10","NEVP","Nevada Power Company","WALC","Western Area Power Administration - Desert Southwest Region",-136,"megawatthours"
"2026-09-27T10","NW","Northwest","CAL","California",311,"megawatthours"
"2026-09-27T10","NW","Northwest","CENT","Central",0,"megawatthours"
"2026-09-27T10","NW","Northwest","SW","Southwest",-136,"megawatthours"
"2026-09-27T10","PGE","Portland General Electric Company","BPAT","Bonneville Power Administration",-873,"megawatthours"
"2026-09-27T10","PGE","Portland General Electric Company","PACW","PacifiCorp West",-52,"megawatthours"
"2026-09-27T10","PJM","PJM Interconnection, LLC","CPLE","Duke Energy Progress East",-953,"megawatthours"
"2026-09-27T10","PJM","PJM Interconnection, LLC","CPLW","Duke Energy Progress West",55,"megawatthours"
"2026-09-27T10","PJM","PJM Interconnection, LLC","DUK","Duke Energy Carolinas",-395,"megawatthours"
"2026-09-27T10","PJM","PJM Interconnection, LLC","LGEE","LG&E and KU Services Company as agent for Louisville Gas and Electric Company and Kentucky Utilities Company",45,"megawatthours"
"2026-09-27T10","PJM","PJM Interconnection, LLC","MISO","Midcontinent Independent System Operator, Inc.",3653,"megawatthours"
"2026-09-27T10","PJM","PJM Interconnection, LLC","NYIS","New York Independent System Operator",2479,"megawatthours"
"2026-09-27T10","PJM","PJM Interconnection, LLC","TVA","Tennessee Valley Authority",-790,"megawatthours"
"2026-09-27T10","PNM","Public Service Company of New Mexico","AZPS","Arizona Public Service Company",-218,"megawatthours"
"2026-09-27T10","PNM","Public Service Company of New Mexico","EPE","El Paso Electric Company",308,"megawatthours"
"2026-09-27T10","PNM","Public Service Company of New Mexico","GRID","Gridforce Energy Management, LLC",6,"megawatthours"
"2026-09-27T10","PNM","Public Service Company of New Mexico","PSCO","Public Service Company of Colorado",-93,"megawatthours"
"2026-09-27T10","PNM","Public Service Company of New Mexico","SWPP","Southwest Power Pool",0,"megawatthours"
"2026-09-27T10","PNM","Public Service Company of New Mexico","SWPW","Southwest Power Pool West Balancing Authority Area",-99,"megawatthours"
"2026-09-27T10","PNM","Public Service Company of New Mexico","TEPC","Tucson Electric Power",-153,"megawatthours"
"2026-09-27T10","SCEG","Dominion Energy South Carolina, Inc.","CPLE","Duke Energy Progress East",79,"megawatthours"
"2026-09-27T10","SCEG","Dominion Energy South Carolina, Inc.","DUK","Duke Energy Carolinas",275,"megawatthours"
"2026-09-27T10","SCEG","Dominion Energy South Carolina, Inc.","SC","South Carolina Public Service Authority",1064,"megawatthours"
"2026-09-27T10","SCEG","Dominion Energy South Carolina, Inc.","SEPA","Southeastern Power Administration",17,"megawatthours"
"2026-09-27T10","SCEG","Dominion Energy South Carolina, Inc.","SOCO","Southern Company Services, Inc. - Trans",-1203,"megawatthours"
"2026-09-27T10","SE","Southeast","CAR","Carolinas",-138,"megawatthours"
"2026-09-27T10","SEC","Seminole Electric Cooperative","FPC","Duke Energy Florida, Inc.",356,"megawatthours"
"2026-09-27T10","SEC","Seminole Electric Cooperative","FPL","Florida Power & Light Co.",822,"megawatthours"
"2026-09-27T10","SEC","Seminole Electric Cooperative","JEA","JEA",72,"megawatthours"
"2026-09-27T10","SEC","Seminole Electric Cooperative","TEC","Tampa Electric Company",-26,"megawatthours"
"2026-09-27T10","SEPA","Southeastern Power Administration","DUK","Duke Energy Carolinas",12,"megawatthours"
"2026-09-27T10","SEPA","Southeastern Power Administration","SC","South Carolina Public Service Authority",-133,"megawatthours"
"2026-09-27T10","SEPA","Southeastern Power Administration","SCEG","Dominion Energy South Carolina, Inc.",-17,"megawatthours"
"2026-09-27T10","SEPA","Southeastern Power Administration","SOCO","Southern Company Services, Inc. - Trans",138,"megawatthours"
"2026-09-27T10","SIKE","Sikeston Board of Municipal Utilities","AECI","Associated Electric Cooperative, Inc.",-2,"megawatthours"
"2026-09-27T10","SIKE","Sikeston Board of Municipal Utilities","MISO","Midcontinent Independent System Operator, Inc.",63,"megawatthours"
"2026-09-27T10","SIKE","Sikeston Board of Municipal Utilities","SPA","Southwestern Power Administration",53,"megawatthours"
"2026-09-27T10","SIKE","Sikeston Board of Municipal Utilities","SWPP","Southwest Power Pool",-82,"megawatthours"
"2026-09-27T10","SRP","Salt River Project Agricultural Improvement and Power District","AZPS","Arizona Public Service Company",4662,"megawatthours"
"2026-09-27T10","SRP","Salt River Project Agricultural Improvement and Power District","CISO","California Independent System Operator",1786,"megawatthours"
"2026-09-27T10","SRP","Salt River Project Agricultural Improvement and Power District","DEAA","Arlington Valley, LLC",-485,"megawatthours"
"2026-09-27T10","SRP","Salt River Project Agricultural Improvement and Power District","GRID","Gridforce Energy Management, LLC",-587,"megawatthours"
"2026-09-27T10","SRP","Salt River Project Agricultural Improvement and Power District","TEPC","Tucson Electric Power",-797,"megawatthours"
"2026-09-27T10","SRP","Salt River Project Agricultural Improvement and Power District","WALC","Western Area Power Administration - Desert Southwest Region",193,"megawatthours"
"2026-09-27T10","SW","Southwest","CAL","California",2979,"megawatthours"
"2026-09-27T10","SW","Southwest","CENT","Central",0,"megawatthours"
"2026-09-27T10","SW","Southwest","NW","Northwest",-1092,"megawatthours"
"2026-09-27T10","TAL","City of Tallahassee","FPC","Duke Energy Florida, Inc.",101,"megawatthours"
"2026-09-27T10","TAL","City of Tallahassee","SOCO","Southern Company Services, Inc. - Trans",-2,"megawatthours"
"2026-09-27T10","TEN","Tennessee","CAR","Carolinas",150,"megawatthours"
"2026-09-27T10","TEN","Tennessee","MIDA","Mid-Atlantic",732,"megawatthours"
"2026-09-27T10","TEN","Tennessee","MIDW","Midwest",-1422,"megawatthours"
"2026-09-27T10","TEN","Tennessee","SE","Southeast",674,"megawatthours"
"2026-09-27T10","TEPC","Tucson Electric Power","AZPS","Arizona Public Service Company",133,"megawatthours"
"2026-09-27T10","TEPC","Tucson Electric Power","EPE","El Paso Electric Company",-85,"megawatthours"
"2026-09-27T10","TEPC","Tucson Electric Power","PNM","Public Service Company of New Mexico",153,"megawatthours"
"2026-09-27T10","TEPC","Tucson Electric Power","SRP","Salt River Project Agricultural Improvement and Power District",797,"megawatthours"
"2026-09-27T10","TEPC","Tucson Electric Power","WALC","Western Area Power Administration - Desert Southwest Region",-311,"megawatthours"
"2026-09-27T10","TPWR","City of Tacoma, Department of Public Utilities, Light Division","BPAT","Bonneville Power Administration",-283,"megawatthours"
"2026-09-27T10","TPWR","City of Tacoma, Department of Public Utilities, Light Division","PSEI","Puget Sound Energy, Inc.",25,"megawatthours"
"2026-09-27T10","TVA","Tennessee Valley Authority","AECI","Associated Electric Cooperative, Inc.",-118,"megawatthours"
"2026-09-27T10","TVA","Tennessee Valley Authority","CPLW","Duke Energy Progress West",27,"megawatthours"
"2026-09-27T10","TVA","Tennessee Valley Authority","DUK","Duke Energy Carolinas",123,"megawatthours"
"2026-09-27T10","TVA","Tennessee Valley Authority","LGEE","LG&E and KU Services Company as agent for Louisville Gas and Electric Company and Kentucky Utilities Company",249,"megawatthours"
"2026-09-27T10","TVA","Tennessee Valley Authority","MISO","Midcontinent Independent System Operator, Inc.",-1553,"megawatthours"
"2026-09-27T10","TVA","Tennessee Valley Authority","PJM","PJM Interconnection, LLC",732,"megawatthours"
"2026-09-27T10","TVA","Tennessee Valley Authority","SOCO","Southern Company Services, Inc. - Trans",674,"megawatthours"
"2026-09-27T10","WALC","Western Area Power Administration - Desert Southwest Region","AZPS","Arizona Public Service Company",-793,"megawatthours"
"2026-09-27T10","WALC","Western Area Power Administration - Desert Southwest Region","CISO","California Independent System Operator",73,"megawatthours"
"2026-09-27T10","WALC","Western Area Power Administration - Desert Southwest Region","GRID","Gridforce Energy Management, LLC",-435,"megawatthours"
"2026-09-27T10","WALC","Western Area Power Administration - Desert Southwest Region","IID","Imperial Irrigation District",27,"megawatthours"
"2026-09-27T10","WALC","Western Area Power Administration - Desert Southwest Region","LDWP","Los Angeles Department of Water and Power",1093,"megawatthours"
"2026-09-27T10","WALC","Western Area Power Administration - Desert Southwest Region","NEVP","Nevada Power Company",136,"megawatthours"
"2026-09-27T10","WALC","Western Area Power Administration - Desert Southwest Region","SRP","Salt River Project Agricultural Improvement and Power District",-195,"megawatthours"
"2026-09-27T10","WALC","Western Area Power Administration - Desert Southwest Region","SWPW","Southwest Power Pool West Balancing Authority Area",-20,"megawatthours"
"2026-09-27T10","WALC","Western Area Power Administration - Desert Southwest Region","TEPC","Tucson Electric Power",311,"megawatthours"
"2026-09-27T10","YAD","Alcoa Power Generating, Inc. - Yadkin Division","CPLE","Duke Energy Progress East",-5,"megawatthours"
"2026-09-27T10","YAD","Alcoa Power Generating, Inc. - Yadkin Division","DUK","Duke Energy Carolinas",14,"megawatthours"
"2026-09-27T09","AECI","Associated Electric Cooperative, Inc.","MISO","Midcontinent Independent System Operator, Inc.",758,"megawatthours"
"2026-09-27T09","AECI","Associated Electric Cooperative, Inc.","SIKE","Sikeston Board of Municipal Utilities",1,"megawatthours"
"2026-09-27T09","AECI","Associated Electric Cooperative, Inc.","SPA","Southwestern Power Administration",-91,"megawatthours"
"2026-09-27T09","AECI","Associated Electric Cooperative, Inc.","SWPP","Southwest Power Pool",-144,"megawatthours"
"2026-09-27T09","AECI","Associated Electric Cooperative, Inc.","TVA","Tennessee Valley Authority",121,"megawatthours"
"2026-09-27T09","AVA","Avista Corporation","BPAT","Bonneville Power Administration",-216,"megawatthours"
"2026-09-27T09","AVA","Avista Corporation","CHPD","Public Utility District No. 1 of Chelan County",-12,"megawatthours"
"2026-09-27T09","AVA","Avista Corporation","GCPD","Public Utility District No. 2 of Grant County, Washington",44,"megawatthours"
"2026-09-27T09","AVA","Avista Corporation","IPCO","Idaho Power Company",72,"megawatthours"
"2026-09-27T09","AVA","Avista Corporation","NWMT","NorthWestern Corporation",-84,"megawatthours"
"2026-09-27T09","AVA","Avista Corporation","PACW","PacifiCorp West",102,"megawatthours"
"2026-09-27T09","BANC","Balancing Authority of Northern California","BPAT","Bonneville Power Administration",-715,"megawatthours"
"2026-09-27T09","BANC","Balancing Authority of Northern California","CISO","California Independent System Operator",780,"megawatthours"
"2026-09-27T09","BANC","Balancing Authority of Northern California","TIDC","Turlock Irrigation District",-64,"megawatthours"
"2026-09-27T09","BHBA","Black Hills Energy","PACE","PacifiCorp East",153,"megawatthours"
"2026-09-27T09","BHBA","Black Hills Energy","SWPP","Southwest Power Pool",0,"megawatthours"
"2026-09-27T09","BHBA","Black Hills Energy","SWPW","Southwest Power Pool West Balancing Authority Area",-111,"megawatthours"
"2026-09-27T09","CAL","California","NW","Northwest",-715,"megawatthours"
"2026-09-27T09","CAR","Carolinas","MIDA","Mid-Atlantic",1144,"megawatthours"
"2026-09-27T09","CAR","Carolinas","SE","Southeast",-1390,"megawatthours"
"2026-09-27T09","CAR","Carolinas","TEN","Tennessee",-175,"megawatthours"
"2026-09-27T09","CHPD","Public Utility District No. 1 of Chelan County","AVA","Avista Corporation",12,"megawatthours"
"2026-09-27T09","CHPD","Public Utility District No. 1 of Chelan County","BPAT","Bonneville Power Administration",279,"megawatthours"
"2026-09-27T09","CHPD","Public Utility District No. 1 of Chelan County","DOPD","PUD No. 1 of Douglas County",5,"megawatthours"
"2026-09-27T09","CHPD","Public Utility District No. 1 of Chelan County","PSEI","Puget Sound Energy, Inc.",87,"megawatthours"
"2026-09-27T09","CPLE","Duke Energy Progress East","DUK","Duke Energy Carolinas",-114,"megawatthours"
"2026-09-27T09","CPLE","Duke Energy Progress East","PJM","PJM Interconnection, LLC",903,"megawatthours"
"2026-09-27T09","CPLE","Duke Energy Progress East","SC","South Carolina Public Service Authority",190,"megawatthours"
"2026-09-27T09","CPLE","Duke Energy Progress East","SCEG","Dominion Energy South Carolina, Inc.",-70,"megawatthours"
"2026-09-27T09","CPLE","Duke Energy Progress East","YAD","Alcoa Power Generating, Inc. - Yadkin Division",8,"megawatthours"
"2026-09-27T09","CPLW","Duke Energy Progress West","DUK","Duke Energy Carolinas",23,"megawatthours"
"2026-09-27T09","CPLW","Duke Energy Progress West","PJM","PJM Interconnection, LLC",-65,"megawatthours"
"2026-09-27T09","CPLW","Duke Energy Progress West","TVA","Tennessee Valley Authority",-28,"megawatthours"
"2026-09-27T09","DUK","Duke Energy Carolinas","CPLE","Duke Energy Progress East",114,"megawatthours"
"2026-09-27T09","DUK","Duke Energy Carolinas","CPLW","Duke Energy Progress West",-23,"megawatthours"
"2026-09-27T09","DUK","Duke Energy Carolinas","PJM","PJM Interconnection, LLC",306,"megawatthours"
"2026-09-27T09","DUK","Duke Energy Carolinas","SC","South Carolina Public Service Authority",-390,"megawatthours"
"2026-09-27T09","DUK","Duke Energy Carolinas","SCEG","Dominion Energy South Carolina, Inc.",-277,"megawatthours"
"2026-09-27T09","DUK","Duke Energy Carolinas","SEPA","Southeastern Power Administration",-19,"megawatthours"
"2026-09-27T09","DUK","Duke Energy Carolinas","SOCO","Southern Company Services, Inc. - Trans",-200,"megawatthours"
"2026-09-27T09","DUK","Duke Energy Carolinas","TVA","Tennessee Valley Authority",-147,"megawatthours"
"2026-09-27T09","DUK","Duke Energy Carolinas","YAD","Alcoa Power Generating, Inc. - Yadkin Division",-19,"megawatthours"
"2026-09-27T09","EPE","El Paso Electric Company","PNM","Public Service Company of New Mexico",-309,"megawatthours"
"2026-09-27T09","EPE","El Paso Electric Company","SWPP","Southwest Power Pool",0,"megawatthours"
"2026-09-27T09","EPE","El Paso Electric Company","TEPC","Tucson Electric Power",104,"megawatthours"
"2026-09-27T09","FLA","Florida","SE","Southeast",118,"megawatthours"
"2026-09-27T09","FMPP","Florida Municipal Power Pool","FPC","Duke Energy Florida, Inc.",66,"megawatthours"
"2026-09-27T09","FMPP","Florida Municipal Power Pool","FPL","Florida Power & Light Co.",-117,"megawatthours"
"2026-09-27T09","FMPP","Florida Municipal Power Pool","JEA","JEA",7,"megawatthours"
"2026-09-27T09","FMPP","Florida Municipal Power Pool","TEC","Tampa Electric Company",-112,"megawatthours"
"2026-09-27T09","FPC","Duke Energy Florida, Inc.","FMPP","Florida Municipal Power Pool",-60,"megawatthours"
"2026-09-27T09","FPC","Duke Energy Florida, Inc.","FPL","Florida Power & Light Co.",-395,"megawatthours"
"2026-09-27T09","FPC","Duke Energy Florida, Inc.","GVL","Gainesville Regional Utilities",-37,"megawatthours"
"2026-09-27T09","FPC","Duke Energy Florida, Inc.","SEC","Seminole Electric Cooperative",-356,"megawatthours"
"2026-09-27T09","FPC","Duke Energy Florida, Inc.","SOCO","Southern Company Services, Inc. - Trans",53,"megawatthours"
"2026-09-27T09","FPC","Duke Energy Florida, Inc.","TAL","City of Tallahassee",-103,"megawatthours"
"2026-09-27T09","FPC","Duke Energy Florida, Inc.","TEC","Tampa Electric Company",255,"megawatthours"
"2026-09-27T09","FPL","Florida Power & Light Co.","FMPP","Florida Municipal Power Pool",117,"megawatthours"
"2026-09-27T09","FPL","Florida Power & Light Co.","FPC","Duke Energy Florida, Inc.",395,"megawatthours"
"2026-09-27T09","FPL","Florida Power & Light Co.","GVL","Gainesville Regional Utilities",-14,"megawatthours"
"2026-09-27T09","FPL","Florida Power & Light Co.","HST","City of Homestead",56,"megawatthours"
"2026-09-27T09","FPL","Florida Power & Light Co.","JEA","JEA",410,"megawatthours"
"2026-09-27T09","FPL","Florida Power & Light Co.","SEC","Seminole Electric Cooperative",-817,"megawatthours"
"2026-09-27T09","FPL","Florida Power & Light Co.","SOCO","Southern Company Services, Inc. - Trans",68,"megawatthours"
"2026-09-27T09","FPL","Florida Power & Light Co.","TEC","Tampa Electric Company",-37,"megawatthours"
"2026-09-27T09","GCPD","Public Utility District No. 2 of Grant County, Washington","AVA","Avista Corporation",-44,"megawatthours"
"2026-09-27T09","GCPD","Public Utility District No. 2 of Grant County, Washington","BPAT","Bonneville Power Administration",310,"megawatthours"
"2026-09-27T09","GCPD","Public Utility District No. 2 of Grant County, Washington","PACW","PacifiCorp West",64,"megawatthours"
"2026-09-27T09","GCPD","Public Utility District No. 2 of Grant County, Washington","PSEI","Puget Sound Energy, Inc.",-20,"megawatthours"
"2026-09-27T09","GVL","Gainesville Regional Utilities","FPC","Duke Energy Florida, Inc.",36,"megawatthours"
"2026-09-27T09","GVL","Gainesville Regional Utilities","FPL","Florida Power & Light Co.",13,"megawatthours"
"2026-09-27T09","GWA","NaturEner Power Watch, LLC","NWMT","NorthWestern Corporation",17,"megawatthours"
"2026-09-27T09","HST","City of Homestead","FPL","Florida Power & Light Co.",-56,"megawatthours"
"2026-09-27T09","LGEE","LG&E and KU Services Company as agent for Louisville Gas and Electric Company and Kentucky Utilities Company","MISO","Midcontinent Independent System Operator, Inc.",193,"megawatthours"
"2026-09-27T09","LGEE","LG&E and KU Services Company as agent for Louisville Gas and Electric Company and Kentucky Utilities Company","PJM","PJM Interconnection, LLC",-98,"megawatthours"
"2026-09-27T09","LGEE","LG&E and KU Services Company as agent for Louisville Gas and Electric Company and Kentucky Utilities Company","TVA","Tennessee Valley Authority",-241,"megawatthours"
"2026-09-27T09","MIDA","Mid-Atlantic","CAR","Carolinas",-1292,"megawatthours"
"2026-09-27T09","MIDA","Mid-Atlantic","MIDW","Midwest",3322,"megawatthours"
"2026-09-27T09","MIDA","Mid-Atlantic","NY","New York",2371,"megawatthours"
"2026-09-27T09","MIDA","Mid-Atlantic","TEN","Tennessee",-850,"megawatthours"
"2026-09-27T09","MIDW","Midwest","CENT","Central",-268,"megawatthours"
"2026-09-27T09","MIDW","Midwest","MIDA","Mid-Atlantic",-98,"megawatthours"
"2026-09-27T09","MIDW","Midwest","TEN","Tennessee",-120,"megawatthours"
"2026-09-27T09","NEVP","Nevada Power Company","BPAT","Bonneville Power Administration",-152,"megawatthours"
"2026-09-27T09","NEVP","Nevada Power Company","CISO","California Independent System Operator",1347,"megawatthours"
"2026-09-27T09","NEVP","Nevada Power Company","IPCO","Idaho Power Company",-258,"megawatthours"
"2026-09-27T09","NEVP","Nevada Power Company","LDWP","Los Angeles Department of Water and Power",-1190,"megawatthours"
"2026-09-27T09","NEVP","Nevada Power Company","PACE","PacifiCorp East",-92,"megawatthours"
"2026-09-27T09","NEVP","Nevada Power Company","WALC","Western Area Power Administration - Desert Southwest Region",-214,"megawatthours"
"2026-09-27T09","NW","Northwest","CAL","California",157,"megawatthours"
"2026-09-27T09","NW","Northwest","CENT","Central",0,"megawatthours"
"2026-09-27T09","NW","Northwest","SW","Southwest",-214,"megawatthours"
"2026-09-27T09","PGE","Portland General Electric Company","BPAT","Bonneville Power Administration",-789,"megawatthours"
"2026-09-27T09","PGE","Portland General Electric Company","PACW","PacifiCorp West",-51,"megawatthours"
"2026-09-27T09","PJM","PJM Interconnection, LLC","CPLE","Duke Energy Progress East",-950,"megawatthours"
"2026-09-27T09","PJM","PJM Interconnection, LLC","CPLW","Duke Energy Progress West",47,"megawatthours"
"2026-09-27T09","PJM","PJM Interconnection, LLC","DUK","Duke Energy Carolinas",-389,"megawatthours"
"2026-09-27T09","PJM","PJM Interconnection, LLC","LGEE","LG&E and KU Services Company as agent for Louisville Gas and Electric Company and Kentucky Utilities Company",45,"megawatthours"
"2026-09-27T09","PJM","PJM Interconnection, LLC","MISO","Midcontinent Independent System Operator, Inc.",3277,"megawatthours"
"2026-09-27T09","PJM","PJM Interconnection, LLC","NYIS","New York Independent System Operator",2371,"megawatthours"
"2026-09-27T09","PJM","PJM Interconnection, LLC","TVA","Tennessee Valley Authority",-850,"megawatthours"
"2026-09-27T09","PNM","Public Service Company of New Mexico","AZPS","Arizona Public Service Company",-207,"megawatthours"
"2026-09-27T09","PNM","Public Service Company of New Mexico","EPE","El Paso Electric Company",309,"megawatthours"
"2026-09-27T09","PNM","Public Service Company of New Mexico","GRID","Gridforce Energy Management, LLC",5,"megawatthours"
"2026-09-27T09","PNM","Public Service Company of New Mexico","PSCO","Public Service Company of Colorado",-94,"megawatthours"
"2026-09-27T09","PNM","Public Service Company of New Mexico","SWPP","Southwest Power Pool",0,"megawatthours"
"2026-09-27T09","PNM","Public Service Company of New Mexico","SWPW","Southwest Power Pool West Balancing Authority Area",-95,"megawatthours"
"2026-09-27T09","PNM","Public Service Company of New Mexico","TEPC","Tucson Electric Power",-113,"megawatthours"
"2026-09-27T09","SCEG","Dominion Energy South Carolina, Inc.","CPLE","Duke Energy Progress East",70,"megawatthours"
"2026-09-27T09","SCEG","Dominion Energy South Carolina, Inc.","DUK","Duke Energy Carolinas",277,"megawatthours"
"2026-09-27T09","SCEG","Dominion Energy South Carolina, Inc.","SC","South Carolina Public Service Authority",1066,"megawatthours"
"2026-09-27T09","SCEG","Dominion Energy South Carolina, Inc.","SEPA","Southeastern Power Administration",17,"megawatthours"
"2026-09-27T09","SCEG","Dominion Energy South Carolina, Inc.","SOCO","Southern Company Services, Inc. - Trans",-1188,"megawatthours"
"2026-09-27T09","SE","Southeast","CAR","Carolinas",-127,"megawatthours"
"2026-09-27T09","SEC","Seminole Electric Cooperative","FPC","Duke Energy Florida, Inc.",364,"megawatthours"
"2026-09-27T09","SEC","Seminole Electric Cooperative","FPL","Florida Power & Light Co.",817,"megawatthours"
"2026-09-27T09","SEC","Seminole Electric Cooperative","JEA","JEA",70,"megawatthours"
"2026-09-27T09","SEC","Seminole Electric Cooperative","TEC","Tampa Electric Company",-33,"megawatthours"
"2026-09-27T09","SEPA","Southeastern Power Administration","DUK","Duke Energy Carolinas",19,"megawatthours"
"2026-09-27T09","SEPA","Southeastern Power Administration","SC","South Carolina Public Service Authority",-129,"megawatthours"
"2026-09-27T09","SEPA","Southeastern Power Administration","SCEG","Dominion Energy South Carolina, Inc.",-17,"megawatthours"
"2026-09-27T09","SEPA","Southeastern Power Administration","SOCO","Southern Company Services, Inc. - Trans",125,"megawatthours"
"2026-09-27T09","SIKE","Sikeston Board of Municipal Utilities","AECI","Associated Electric Cooperative, Inc.",0,"megawatthours"
"2026-09-27T09","SIKE","Sikeston Board of Municipal Utilities","MISO","Midcontinent Independent System Operator, Inc.",65,"megawatthours"
"2026-09-27T09","SIKE","Sikeston Board of Municipal Utilities","SPA","Southwestern Power Administration",56,"megawatthours"
"2026-09-27T09","SIKE","Sikeston Board of Municipal Utilities","SWPP","Southwest Power Pool",-89,"megawatthours"
"2026-09-27T09","SRP","Salt River Project Agricultural Improvement and Power District","AZPS","Arizona Public Service Company",4584,"megawatthours"
"2026-09-27T09","SRP","Salt River Project Agricultural Improvement and Power District","CISO","California Independent System Operator",1701,"megawatthours"
"2026-09-27T09","SRP","Salt River Project Agricultural Improvement and Power District","DEAA","Arlington Valley, LLC",-486,"megawatthours"
"2026-09-27T09","SRP","Salt River Project Agricultural Improvement and Power District","GRID","Gridforce Energy Management, LLC",-569,"megawatthours"
"2026-09-27T09","SRP","Salt River Project Agricultural Improvement and Power District","TEPC","Tucson Electric Power",-837,"megawatthours"
"2026-09-27T09","SRP","Salt River Project Agricultural Improvement and Power District","WALC","Western Area Power Administration - Desert Southwest Region",193,"megawatthours"
"2026-09-27T09","SW","Southwest","CAL","California",2849,"megawatthours"
"2026-09-27T09","SW","Southwest","CENT","Central",0,"megawatthours"
"2026-09-27T09","SW","Southwest","NW","Northwest",-985,"megawatthours"
"2026-09-27T09","TAL","City of Tallahassee","FPC","Duke Energy Florida, Inc.",103,"megawatthours"
"2026-09-27T09","TAL","City of Tallahassee","SOCO","Southern Company Services, Inc. - Trans",-3,"megawatthours"
"2026-09-27T09","TEN","Tennessee","CAR","Carolinas",175,"megawatthours"
"2026-09-27T09","TEN","Tennessee","MIDA","Mid-Atlantic",698,"megawatthours"
"2026-09-27T09","TEN","Tennessee","MIDW","Midwest",-1430,"megawatthours"
"2026-09-27T09","TEN","Tennessee","SE","Southeast",717,"megawatthours"
"2026-09-27T09","TEPC","Tucson Electric Power","AZPS","Arizona Public Service Company",115,"megawatthours"
"2026-09-27T09","TEPC","Tucson Electric Power","EPE","El Paso Electric Company",-104,"megawatthours"
"2026-09-27T09","TEPC","Tucson Electric Power","PNM","Public Service Company of New Mexico",113,"megawatthours"
"2026-09-27T09","TEPC","Tucson Electric Power","SRP","Salt River Project Agricultural Improvement and Power District",837,"megawatthours"
"2026-09-27T09","TEPC","Tucson Electric Power","WALC","Western Area Power Administration - Desert Southwest Region",-286,"megawatthours"
"2026-09-27T09","TPWR","City of Tacoma, Department of Public Utilities, Light Division","BPAT","Bonneville Power Administration",-280,"megawatthours"
"2026-09-27T09","TPWR","City of Tacoma, Department of Public Utilities, Light Division","PSEI","Puget Sound Energy, Inc.",29,"megawatthours"
"2026-09-27T09","TVA","Tennessee Valley Authority","AECI","Associated Electric Cooperative, Inc.",-117,"megawatthours"
"2026-09-27T09","TVA","Tennessee Valley Authority","CPLW","Duke Energy Progress West",28,"megawatthours"
"2026-09-27T09","TVA","Tennessee Valley Authority","DUK","Duke Energy Carolinas",147,"megawatthours"
"2026-09-27T09","TVA","Tennessee Valley Authority","LGEE","LG&E and KU Services Company as agent for Louisville Gas and Electric Company and Kentucky Utilities Company",241,"megawatthours"
"2026-09-27T09","TVA","Tennessee Valley Authority","MISO","Midcontinent Independent System Operator, Inc.",-1554,"megawatthours"
"2026-09-27T09","TVA","Tennessee Valley Authority","PJM","PJM Interconnection, LLC",698,"megawatthours"
"2026-09-27T09","TVA","Tennessee Valley Authority","SOCO","Southern Company Services, Inc. - Trans",717,"megawatthours"
"2026-09-27T09","WALC","Western Area Power Administration - Desert Southwest Region","AZPS","Arizona Public Service Company",-846,"megawatthours"
"2026-09-27T09","WALC","Western Area Power Administration - Desert Southwest Region","CISO","California Independent System Operator",54,"megawatthours"
"2026-09-27T09","WALC","Western Area Power Administration - Desert Southwest Region","GRID","Gridforce Energy Management, LLC",-438,"megawatthours"
"2026-09-27T09","WALC","Western Area Power Administration - Desert Southwest Region","IID","Imperial Irrigation District",28,"megawatthours"
"2026-09-27T09","WALC","Western Area Power Administration - Desert Southwest Region","LDWP","Los Angeles Department of Water and Power",1066,"megawatthours"
"2026-09-27T09","WALC","Western Area Power Administration - Desert Southwest Region","NEVP","Nevada Power Company",214,"megawatthours"
"2026-09-27T09","WALC","Western Area Power Administration - Desert Southwest Region","SRP","Salt River Project Agricultural Improvement and Power District",-193,"megawatthours"
"2026-09-27T09","WALC","Western Area Power Administration - Desert Southwest Region","SWPW","Southwest Power Pool West Balancing Authority Area",-8,"megawatthours"
"2026-09-27T09","WALC","Western Area Power Administration - Desert Southwest Region","TEPC","Tucson Electric Power",286,"megawatthours"
"2026-09-27T09","YAD","Alcoa Power Generating, Inc. - Yadkin Division","CPLE","Duke Energy Progress East",-8,"megawatthours"
"2026-09-27T09","YAD","Alcoa Power Generating, Inc. - Yadkin Division","DUK","Duke Energy Carolinas",19,"megawatthours"
"2026-09-27T08","AECI","Associated Electric Cooperative, Inc.","MISO","Midcontinent Independent System Operator, Inc.",744,"megawatthours"
"2026-09-27T08","AECI","Associated Electric Cooperative, Inc.","SIKE","Sikeston Board of Municipal Utilities",0,"megawatthours"
"2026-09-27T08","AECI","Associated Electric Cooperative, Inc.","SPA","Southwestern Power Administration",-80,"megawatthours"
"2026-09-27T08","AECI","Associated Electric Cooperative, Inc.","SWPP","Southwest Power Pool",-185,"megawatthours"
"2026-09-27T08","AECI","Associated Electric Cooperative, Inc.","TVA","Tennessee Valley Authority",131,"megawatthours"
"2026-09-27T08","AVA","Avista Corporation","BPAT","Bonneville Power Administration",-264,"megawatthours"
"2026-09-27T08","AVA","Avista Corporation","CHPD","Public Utility District No. 1 of Chelan County",-13,"megawatthours"
"2026-09-27T08","AVA","Avista Corporation","GCPD","Public Utility District No. 2 of Grant County, Washington",19,"megawatthours"
"2026-09-27T08","AVA","Avista Corporation","IPCO","Idaho Power Company",111,"megawatthours"
"2026-09-27T08","AVA","Avista Corporation","NWMT","NorthWestern Corporation",-73,"megawatthours"
"2026-09-27T08","AVA","Avista Corporation","PACW","PacifiCorp West",113,"megawatthours"
"2026-09-27T08","BANC","Balancing Authority of Northern California","BPAT","Bonneville Power Administration",-938,"megawatthours"
"2026-09-27T08","BANC","Balancing Authority of Northern California","CISO","California Independent System Operator",1047,"megawatthours"
"2026-09-27T08","BANC","Balancing Authority of Northern California","TIDC","Turlock Irrigation District",-39,"megawatthours"
"2026-09-27T08","BHBA","Black Hills Energy","PACE","PacifiCorp East",133,"megawatthours"
"2026-09-27T08","BHBA","Black Hills Energy","SWPP","Southwest Power Pool",0,"megawatthours"
"2026-09-27T08","BHBA","Black Hills Energy","SWPW","Southwest Power Pool West Balancing Authority Area",-131,"megawatthours"
"2026-09-27T08","CAL","California","NW","Northwest",-938,"megawatthours"
"2026-09-27T08","CAR","Carolinas","MIDA","Mid-Atlantic",1260,"megawatthours"
"2026-09-27T08","CAR","Carolinas","SE","Southeast",-1384,"megawatthours"
"2026-09-27T08","CAR","Carolinas","TEN","Tennessee",-154,"megawatthours"
"2026-09-27T08","CHPD","Public Utility District No. 1 of Chelan County","AVA","Avista Corporation",13,"megawatthours"
"2026-09-27T08","CHPD","Public Utility District No. 1 of Chelan County","BPAT","Bonneville Power Administration",279,"megawatthours"
"2026-09-27T08","CHPD","Public Utility District No. 1 of Chelan County","DOPD","PUD No. 1 of Douglas County",20,"megawatthours"
"2026-09-27T08","CHPD","Public Utility District No. 1 of Chelan County","PSEI","Puget Sound Energy, Inc.",88,"megawatthours"
"2026-09-27T08","CPLE","Duke Energy Progress East","DUK","Duke Energy Carolinas",-291,"megawatthours"
"2026-09-27T08","CPLE","Duke Energy Progress East","PJM","PJM Interconnection, LLC",974,"megawatthours"
"2026-09-27T08","CPLE","Duke Energy Progress East","SC","South Carolina Public Service Authority",148,"megawatthours"
"2026-09-27T08","CPLE","Duke Energy Progress East","SCEG","Dominion Energy South Carolina, Inc.",-77,"megawatthours"
"2026-09-27T08","CPLE","Duke Energy Progress East","YAD","Alcoa Power Generating, Inc. - Yadkin Division",8,"megawatthours"
"2026-09-27T08","CPLW","Duke Energy Progress West","DUK","Duke Energy Carolinas",24,"megawatthours"
"2026-09-27T08","CPLW","Duke Energy Progress West","PJM","PJM Interconnection, LLC",-63,"megawatthours"
"2026-09-27T08","CPLW","Duke Energy Progress West","TVA","Tennessee Valley Authority",-29,"megawatthours"
"2026-09-27T08","DUK","Duke Energy Carolinas","CPLE","Duke Energy Progress East",291,"megawatthours"
"2026-09-27T08","DUK","Duke Energy Carolinas","CPLW","Duke Energy Progress West",-24,"megawatthours"
"2026-09-27T08","DUK","Duke Energy Carolinas","PJM","PJM Interconnection, LLC",349,"megawatthours"
"2026-09-27T08","DUK","Duke Energy Carolinas","SC","South Carolina Public Service Authority",-372,"megawatthours"
"2026-09-27T08","DUK","Duke Energy Carolinas","SCEG","Dominion Energy South Carolina, Inc.",-276,"megawatthours"
"2026-09-27T08","DUK","Duke Energy Carolinas","SEPA","Southeastern Power Administration",-20,"megawatthours"
"2026-09-27T08","DUK","Duke Energy Carolinas","SOCO","Southern Company Services, Inc. - Trans",-195,"megawatthours"
"2026-09-27T08","DUK","Duke Energy Carolinas","TVA","Tennessee Valley Authority",-125,"megawatthours"
"2026-09-27T08","DUK","Duke Energy Carolinas","YAD","Alcoa Power Generating, Inc. - Yadkin Division",-17,"megawatthours"
"2026-09-27T08","EPE","El Paso Electric Company","PNM","Public Service Company of New Mexico",-312,"megawatthours"
"2026-09-27T08","EPE","El Paso Electric Company","SWPP","Southwest Power Pool",0,"megawatthours"
"2026-09-27T08","EPE","El Paso Electric Company","TEPC","Tucson Electric Power",114,"megawatthours"
"2026-09-27T08","FLA","Florida","SE","Southeast",131,"megawatthours"
"2026-09-27T08","FMPP","Florida Municipal Power Pool","FPC","Duke Energy Florida, Inc.",73,"megawatthours"
"2026-09-27T08","FMPP","Florida Municipal Power Pool","FPL","Florida Power & Light Co.",-126,"megawatthours"
"2026-09-27T08","FMPP","Florida Municipal Power Pool","JEA","JEA",6,"megawatthours"
"2026-09-27T08","FMPP","Florida Municipal Power Pool","TEC","Tampa Electric Company",-115,"megawatthours"
"2026-09-27T08","FPC","Duke Energy Florida, Inc.","FMPP","Florida Municipal Power Pool",-67,"megawatthours"
"2026-09-27T08","FPC","Duke Energy Florida, Inc.","FPL","Florida Power & Light Co.",-394,"megawatthours"
"2026-09-27T08","FPC","Duke Energy Florida, Inc.","GVL","Gainesville Regional Utilities",-41,"megawatthours"
"2026-09-27T08","FPC","Duke Energy Florida, Inc.","SEC","Seminole Electric Cooperative",-377,"megawatthours"
"2026-09-27T08","FPC","Duke Energy Florida, Inc.","SOCO","Southern Company Services, Inc. - Trans",51,"megawatthours"
"2026-09-27T08","FPC","Duke Energy Florida, Inc.","TAL","City of Tallahassee",-107,"megawatthours"
"2026-09-27T08","FPC","Duke Energy Florida, Inc.","TEC","Tampa Electric Company",292,"megawatthours"
"2026-09-27T08","FPL","Florida Power & Light Co.","FMPP","Florida Municipal Power Pool",126,"megawatthours"
"2026-09-27T08","FPL","Florida Power & Light Co.","FPC","Duke Energy Florida, Inc.",394,"megawatthours"
"2026-09-27T08","FPL","Florida Power & Light Co.","GVL","Gainesville Regional Utilities",-13,"megawatthours"
"2026-09-27T08","FPL","Florida Power & Light Co.","HST","City of Homestead",59,"megawatthours"
"2026-09-27T08","FPL","Florida Power & Light Co.","JEA","JEA",421,"megawatthours"
"2026-09-27T08","FPL","Florida Power & Light Co.","SEC","Seminole Electric Cooperative",-824,"megawatthours"
"2026-09-27T08","FPL","Florida Power & Light Co.","SOCO","Southern Company Services, Inc. - Trans",86,"megawatthours"
"2026-09-27T08","FPL","Florida Power & Light Co.","TEC","Tampa Electric Company",-67,"megawatthours"
"2026-09-27T08","GCPD","Public Utility District No. 2 of Grant County, Washington","AVA","Avista Corporation",-19,"megawatthours"
"2026-09-27T08","GCPD","Public Utility District No. 2 of Grant County, Washington","BPAT","Bonneville Power Administration",341,"megawatthours"
"2026-09-27T08","GCPD","Public Utility District No. 2 of Grant County, Washington","PACW","PacifiCorp West",67,"megawatthours"
"2026-09-27T08","GCPD","Public Utility District No. 2 of Grant County, Washington","PSEI","Puget Sound Energy, Inc.",-2,"megawatthours"
"2026-09-27T08","GVL","Gainesville Regional Utilities","FPC","Duke Energy Florida, Inc.",39,"megawatthours"
"2026-09-27T08","GVL","Gainesville Regional Utilities","FPL","Florida Power & Light Co.",13,"megawatthours"
"2026-09-27T08","GWA","NaturEner Power Watch, LLC","NWMT","NorthWestern Corporation",9,"megawatthours"
"2026-09-27T08","HST","City of Homestead","FPL","Florida Power & Light Co.",-59,"megawatthours"
"2026-09-27T08","LGEE","LG&E and KU Services Company as agent for Louisville Gas and Electric Company and Kentucky Utilities Company","MISO","Midcontinent Independent System Operator, Inc.",160,"megawatthours"
"2026-09-27T08","LGEE","LG&E and KU Services Company as agent for Louisville Gas and Electric Company and Kentucky Utilities Company","PJM","PJM Interconnection, LLC",-74,"megawatthours"
"2026-09-27T08","LGEE","LG&E and KU Services Company as agent for Louisville Gas and Electric Company and Kentucky Utilities Company","TVA","Tennessee Valley Authority",-243,"megawatthours"
"2026-09-27T08","MIDA","Mid-Atlantic","CAR","Carolinas",-1361,"megawatthours"
"2026-09-27T08","MIDA","Mid-Atlantic","MIDW","Midwest",2264,"megawatthours"
"2026-09-27T08","MIDA","Mid-Atlantic","NY","New York",2435,"megawatthours"
"2026-09-27T08","MIDA","Mid-Atlantic","TEN","Tennessee",-940,"megawatthours"
"2026-09-27T08","MIDW","Midwest","CENT","Central",-296,"megawatthours"
"2026-09-27T08","MIDW","Midwest","MIDA","Mid-Atlantic",-74,"megawatthours"
"2026-09-27T08","MIDW","Midwest","TEN","Tennessee",-112,"megawatthours"
"2026-09-27T08","NEVP","Nevada Power Company","BPAT","Bonneville Power Administration",-137,"megawatthours"
"2026-09-27T08","NEVP","Nevada Power Company","CISO","California Independent System Operator",1348,"megawatthours"
"2026-09-27T08","NEVP","Nevada Power Company","IPCO","Idaho Power Company",-222,"megawatthours"
"2026-09-27T08","NEVP","Nevada Power Company","LDWP","Los Angeles Department of Water and Power",-1170,"megawatthours"
"2026-09-27T08","NEVP","Nevada Power Company","PACE","PacifiCorp East",-158,"megawatthours"
"2026-09-27T08","NEVP","Nevada Power Company","WALC","Western Area Power Administration - Desert Southwest Region",-248,"megawatthours"
"2026-09-27T08","NW","Northwest","CAL","California",178,"megawatthours"
"2026-09-27T08","NW","Northwest","CENT","Central",0,"megawatthours"
"2026-09-27T08","NW","Northwest","SW","Southwest",-248,"megawatthours"
"2026-09-27T08","PGE","Portland General Electric Company","BPAT","Bonneville Power Administration",-704,"megawatthours"
"2026-09-27T08","PGE","Portland General Electric Company","PACW","PacifiCorp West",-55,"megawatthours"
"2026-09-27T08","PJM","PJM Interconnection, LLC","CPLE","Duke Energy Progress East",-1033,"megawatthours"
"2026-09-27T08","PJM","PJM Interconnection, LLC","CPLW","Duke Energy Progress West",49,"megawatthours"
"2026-09-27T08","PJM","PJM Interconnection, LLC","DUK","Duke Energy Carolinas",-377,"megawatthours"
"2026-09-27T08","PJM","PJM Interconnection, LLC","LGEE","LG&E and KU Services Company as agent for Louisville Gas and Electric Company and Kentucky Utilities Company",75,"megawatthours"
"2026-09-27T08","PJM","PJM Interconnection, LLC","MISO","Midcontinent Independent System Operator, Inc.",2189,"megawatthours"
"2026-09-27T08","PJM","PJM Interconnection, LLC","NYIS","New York Independent System Operator",2435,"megawatthours"
"2026-09-27T08","PJM","PJM Interconnection, LLC","TVA","Tennessee Valley Authority",-940,"megawatthours"
"2026-09-27T08","PNM","Public Service Company of New Mexico","AZPS","Arizona Public Service Company",-232,"megawatthours"
"2026-09-27T08","PNM","Public Service Company of New Mexico","EPE","El Paso Electric Company",312,"megawatthours"
"2026-09-27T08","PNM","Public Service Company of New Mexico","GRID","Gridforce Energy Management, LLC",4,"megawatthours"
"2026-09-27T08","PNM","Public Service Company of New Mexico","PSCO","Public Service Company of Colorado",-101,"megawatthours"
"2026-09-27T08","PNM","Public Service Company of New Mexico","SWPP","Southwest Power Pool",0,"megawatthours"
"2026-09-27T08","PNM","Public Service Company of New Mexico","SWPW","Southwest Power Pool West Balancing Authority Area",-127,"megawatthours"
"2026-09-27T08","PNM","Public Service Company of New Mexico","TEPC","Tucson Electric Power",-101,"megawatthours"
"2026-09-27T08","SCEG","Dominion Energy South Carolina, Inc.","CPLE","Duke Energy Progress East",77,"megawatthours"
"2026-09-27T08","SCEG","Dominion Energy South Carolina, Inc.","DUK","Duke Energy Carolinas",276,"megawatthours"
"2026-09-27T08","SCEG","Dominion Energy South Carolina, Inc.","SC","South Carolina Public Service Authority",1059,"megawatthours"
"2026-09-27T08","SCEG","Dominion Energy South Carolina, Inc.","SEPA","Southeastern Power Administration",19,"megawatthours"
"2026-09-27T08","SCEG","Dominion Energy South Carolina, Inc.","SOCO","Southern Company Services, Inc. - Trans",-1188,"megawatthours"
"2026-09-27T08","SE","Southeast","CAR","Carolinas",-129,"megawatthours"
"2026-09-27T08","SEC","Seminole Electric Cooperative","FPC","Duke Energy Florida, Inc.",384,"megawatthours"
"2026-09-27T08","SEC","Seminole Electric Cooperative","FPL","Florida Power & Light Co.",824,"megawatthours"
"2026-09-27T08","SEC","Seminole Electric Cooperative","JEA","JEA",67,"megawatthours"
"2026-09-27T08","SEC","Seminole Electric Cooperative","TEC","Tampa Electric Company",-52,"megawatthours"
"2026-09-27T08","SEPA","Southeastern Power Administration","DUK","Duke Energy Carolinas",20,"megawatthours"
"2026-09-27T08","SEPA","Southeastern Power Administration","SC","South Carolina Public Service Authority",-130,"megawatthours"
"2026-09-27T08","SEPA","Southeastern Power Administration","SCEG","Dominion Energy South Carolina, Inc.",-19,"megawatthours"
"2026-09-27T08","SEPA","Southeastern Power Administration","SOCO","Southern Company Services, Inc. - Trans",125,"megawatthours"
"2026-09-27T08","SIKE","Sikeston Board of Municipal Utilities","AECI","Associated Electric Cooperative, Inc.",1,"megawatthours"
"2026-09-27T08","SIKE","Sikeston Board of Municipal Utilities","MISO","Midcontinent Independent System Operator, Inc.",64,"megawatthours"
"2026-09-27T08","SIKE","Sikeston Board of Municipal Utilities","SPA","Southwestern Power Administration",56,"megawatthours"
"2026-09-27T08","SIKE","Sikeston Board of Municipal Utilities","SWPP","Southwest Power Pool",-87,"megawatthours"
"2026-09-27T08","SRP","Salt River Project Agricultural Improvement and Power District","AZPS","Arizona Public Service Company",4333,"megawatthours"
"2026-09-27T08","SRP","Salt River Project Agricultural Improvement and Power District","CISO","California Independent System Operator",1674,"megawatthours"
"2026-09-27T08","SRP","Salt River Project Agricultural Improvement and Power District","DEAA","Arlington Valley, LLC",-406,"megawatthours"
"2026-09-27T08","SRP","Salt River Project Agricultural Improvement and Power District","GRID","Gridforce Energy Management, LLC",-543,"megawatthours"
"2026-09-27T08","SRP","Salt River Project Agricultural Improvement and Power District","TEPC","Tucson Electric Power",-916,"megawatthours"
"2026-09-27T08","SRP","Salt River Project Agricultural Improvement and Power District","WALC","Western Area Power Administration - Desert Southwest Region",109,"megawatthours"
"2026-09-27T08","SW","Southwest","CAL","California",2790,"megawatthours"
"2026-09-27T08","SW","Southwest","CENT","Central",0,"megawatthours"
"2026-09-27T08","SW","Southwest","NW","Northwest",-979,"megawatthours"
"2026-09-27T08","TAL","City of Tallahassee","FPC","Duke Energy Florida, Inc.",108,"megawatthours"
"2026-09-27T08","TAL","City of Tallahassee","SOCO","Southern Company Services, Inc. - Trans",-6,"megawatthours"
"2026-09-27T08","TEN","Tennessee","CAR","Carolinas",154,"megawatthours"
"2026-09-27T08","TEN","Tennessee","MIDA","Mid-Atlantic",723,"megawatthours"
"2026-09-27T08","TEN","Tennessee","MIDW","Midwest",-1482,"megawatthours"
"2026-09-27T08","TEN","Tennessee","SE","Southeast",730,"megawatthours"
"2026-09-27T08","TEPC","Tucson Electric Power","AZPS","Arizona Public Service Company",52,"megawatthours"
"2026-09-27T08","TEPC","Tucson Electric Power","EPE","El Paso Electric Company",-114,"megawatthours"
"2026-09-27T08","TEPC","Tucson Electric Power","PNM","Public Service Company of New Mexico",101,"megawatthours"
"2026-09-27T08","TEPC","Tucson Electric Power","SRP","Salt River Project Agricultural Improvement and Power District",916,"megawatthours"
"2026-09-27T08","TEPC","Tucson Electric Power","WALC","Western Area Power Administration - Desert Southwest Region",-307,"megawatthours"
"2026-09-27T08","TPWR","City of Tacoma, Department of Public Utilities, Light Division","BPAT","Bonneville Power Administration",-303,"megawatthours"
"2026-09-27T08","TPWR","City of Tacoma, Department of Public Utilities, Light Division","PSEI","Puget Sound Energy, Inc.",32,"megawatthours"
"2026-09-27T08","TVA","Tennessee Valley Authority","AECI","Associated Electric Cooperative, Inc.",-128,"megawatthours"
"2026-09-27T08","TVA","Tennessee Valley Authority","CPLW","Duke Energy Progress West",29,"megawatthours"
"2026-09-27T08","TVA","Tennessee Valley Authority","DUK","Duke Energy Carolinas",125,"megawatthours"
"2026-09-27T08","TVA","Tennessee Valley Authority","LGEE","LG&E and KU Services Company as agent for Louisville Gas and Electric Company and Kentucky Utilities Company",243,"megawatthours"
"2026-09-27T08","TVA","Tennessee Valley Authority","MISO","Midcontinent Independent System Operator, Inc.",-1597,"megawatthours"
"2026-09-27T08","TVA","Tennessee Valley Authority","PJM","PJM Interconnection, LLC",723,"megawatthours"
"2026-09-27T08","TVA","Tennessee Valley Authority","SOCO","Southern Company Services, Inc. - Trans",730,"megawatthours"
"2026-09-27T08","WALC","Western Area Power Administration - Desert Southwest Region","AZPS","Arizona Public Service Company",-841,"megawatthours"
"2026-09-27T08","WALC","Western Area Power Administration - Desert Southwest Region","CISO","California Independent System Operator",68,"megawatthours"
"2026-09-27T08","WALC","Western Area Power Administration - Desert Southwest Region","GRID","Gridforce Energy Management, LLC",-439,"megawatthours"
"2026-09-27T08","WALC","Western Area Power Administration - Desert Southwest Region","IID","Imperial Irrigation District",36,"megawatthours"
"2026-09-27T08","WALC","Western Area Power Administration - Desert Southwest Region","LDWP","Los Angeles Department of Water and Power",1012,"megawatthours"
"2026-09-27T08","WALC","Western Area Power Administration - Desert Southwest Region","NEVP","Nevada Power Company",248,"megawatthours"
"2026-09-27T08","WALC","Western Area Power Administration - Desert Southwest Region","SRP","Salt River Project Agricultural Improvement and Power District",-109,"megawatthours"
"2026-09-27T08","WALC","Western Area Power Administration - Desert Southwest Region","SWPW","Southwest Power Pool West Balancing Authority Area",-21,"megawatthours"
"2026-09-27T08","WALC","Western Area Power Administration - Desert Southwest Region","TEPC","Tucson Electric Power",307,"megawatthours"
"2026-09-27T08","YAD","Alcoa Power Generating, Inc. - Yadkin Division","CPLE","Duke Energy Progress East",-8,"megawatthours"
"2026-09-27T08","YAD","Alcoa Power Generating, Inc. - Yadkin Division","DUK","Duke Energy Carolinas",17,"megawatthours"
"2026-09-27T07","AECI","Associated Electric Cooperative, Inc.","MISO","Midcontinent Independent System Operator, Inc.",693,"megawatthours"
"2026-09-27T07","AECI","Associated Electric Cooperative, Inc.","SIKE","Sikeston Board of Municipal Utilities",-5,"megawatthours"
"2026-09-27T07","AECI","Associated Electric Cooperative, Inc.","SPA","Southwestern Power Administration",-85,"megawatthours"
"2026-09-27T07","AECI","Associated Electric Cooperative, Inc.","SWPP","Southwest Power Pool",-182,"megawatthours"
"2026-09-27T07","AECI","Associated Electric Cooperative, Inc.","TVA","Tennessee Valley Authority",149,"megawatthours"
"2026-09-27T07","AVA","Avista Corporation","BPAT","Bonneville Power Administration",-345,"megawatthours"
"2026-09-27T07","AVA","Avista Corporation","CHPD","Public Utility District No. 1 of Chelan County",-14,"megawatthours"
"2026-09-27T07","AVA","Avista Corporation","GCPD","Public Utility District No. 2 of Grant County, Washington",-4,"megawatthours"
"2026-09-27T07","AVA","Avista Corporation","IPCO","Idaho Power Company",136,"megawatthours"
"2026-09-27T07","AVA","Avista Corporation","NWMT","NorthWestern Corporation",-68,"megawatthours"
"2026-09-27T07","AVA","Avista Corporation","PACW","PacifiCorp West",120,"megawatthours"
"2026-09-27T07","AVRN","Avangrid Renewables, LLC","BPAT","Bonneville Power Administration",191,"megawatthours"
"2026-09-27T07","AVRN","Avangrid Renewables, LLC","PACW","PacifiCorp West",510,"megawatthours"
"2026-09-27T07","AZPS","Arizona Public Service Company","CISO","California Independent System Operator",927,"megawatthours"
"2026-09-27T07","AZPS","Arizona Public Service Company","IID","Imperial Irrigation District",-2,"megawatthours"
"2026-09-27T07","AZPS","Arizona Public Service Company","LDWP","Los Angeles Department of Water and Power",404,"megawatthours"
"2026-09-27T07","AZPS","Arizona Public Service Company","PACE","PacifiCorp East",-119,"megawatthours"
"2026-09-27T07","AZPS","Arizona Public Service Company","PNM","Public Service Company of New Mexico",209,"megawatthours"
"2026-09-27T07","AZPS","Arizona Public Service Company","SRP","Salt River Project Agricultural Improvement and Power District",-4467,"megawatthours"
"2026-09-27T07","AZPS","Arizona Public Service Company","SWPW","Southwest Power Pool West Balancing Authority Area",35,"megawatthours"
"2026-09-27T07","AZPS","Arizona Public Service Company","TEPC","Tucson Electric Power",-19,"megawatthours"
"2026-09-27T07","AZPS","Arizona Public Service Company","WALC","Western Area Power Administration - Desert Southwest Region",843,"megawatthours"
"2026-09-27T07","BANC","Balancing Authority of Northern California","BPAT","Bonneville Power Administration",-1147,"megawatthours"
"2026-09-27T07","BANC","Balancing Authority of Northern California","CISO","California Independent System Operator",1066,"megawatthours"
"2026-09-27T07","BANC","Balancing Authority of Northern California","TIDC","Turlock Irrigation District",-13,"megawatthours"
"2026-09-27T07","BHBA","Black Hills Energy","PACE","PacifiCorp East",132,"megawatthours"
"2026-09-27T07","BHBA","Black Hills Energy","SWPP","Southwest Power Pool",0,"megawatthours"
"2026-09-27T07","BHBA","Black Hills Energy","SWPW","Southwest Power Pool West Balancing Authority Area",-130,"megawatthours"
"2026-09-27T07","BPAT","Bonneville Power Administration","AVA","Avista Corporation",40,"megawatthours"
"2026-09-27T07","BPAT","Bonneville Power Administration","AVRN","Avangrid Renewables, LLC",-191,"megawatthours"
"2026-09-27T07","BPAT","Bonneville Power Administration","BANC","Balancing Authority of Northern California",1147,"megawatthours"
"2026-09-27T07","BPAT","Bonneville Power Administration","BCHA","British Columbia Hydro and Power Authority",-2315,"megawatthours"
"2026-09-27T07","BPAT","Bonneville Power Administration","CHPD","Public Utility District No. 1 of Chelan County",-323,"megawatthours"
"2026-09-27T07","BPAT","Bonneville Power Administration","CISO","California Independent System Operator",1549,"megawatthours"
"2026-09-27T07","BPAT","Bonneville Power Administration","DOPD","PUD No. 1 of Douglas County",3,"megawatthours"
"2026-09-27T07","BPAT","Bonneville Power Administration","GCPD","Public Utility District No. 2 of Grant County, Washington",-346,"megawatthours"
"2026-09-27T07","BPAT","Bonneville Power Administration","GRID","Gridforce Energy Management, LLC",-843,"megawatthours"
"2026-09-27T07","BPAT","Bonneville Power Administration","IPCO","Idaho Power Company",-61,"megawatthours"
"2026-09-27T07","BPAT","Bonneville Power Administration","LDWP","Los Angeles Department of Water and Power",2364,"megawatthours"
"2026-09-27T07","BPAT","Bonneville Power Administration","NEVP","Nevada Power Company",77,"megawatthours"
"2026-09-27T07","BPAT","Bonneville Power Administration","NWMT","NorthWestern Corporation",-1160,"megawatthours"
"2026-09-27T07","BPAT","Bonneville Power Administration","PACW","PacifiCorp West",451,"megawatthours"
"2026-09-27T07","BPAT","Bonneville Power Administration","PGE","Portland General Electric Company",5,"megawatthours"
"2026-09-27T07","BPAT","Bonneville Power Administration","PSEI","Puget Sound Energy, Inc.",1449,"megawatthours"
"2026-09-27T07","BPAT","Bonneville Power Administration","SCL","Seattle City Light",99,"megawatthours"
"2026-09-27T07","BPAT","Bonneville Power Administration","TPWR","City of Tacoma, Department of Public Utilities, Light Division",229,"megawatthours"
"2026-09-27T07","CAL","California","MEX","Mexico",80,"megawatthours"
"2026-09-27T07","CAL","California","NW","Northwest",-4190,"megawatthours"
"2026-09-27T07","CAL","California","SW","Southwest",-3587,"megawatthours"
"2026-09-27T07","CAR","Carolinas","MIDA","Mid-Atlantic",1240,"megawatthours"
"2026-09-27T07","CAR","Carolinas","SE","Southeast",-1397,"megawatthours"
"2026-09-27T07","CAR","Carolinas","TEN","Tennessee",-90,"megawatthours"
"2026-09-27T07","CHPD","Public Utility District No. 1 of Chelan County","AVA","Avista Corporation",14,"megawatthours"
"2026-09-27T07","CHPD","Public Utility District No. 1 of Chelan County","BPAT","Bonneville Power Administration",322,"megawatthours"
"2026-09-27T07","CHPD","Public Utility District No. 1 of Chelan County","DOPD","PUD No. 1 of Douglas County",60,"megawatthours"
"2026-09-27T07","CHPD","Public Utility District No. 1 of Chelan County","PSEI","Puget Sound Energy, Inc.",95,"megawatthours"
"2026-09-27T07","CISO","California Independent System Operator","AZPS","Arizona Public Service Company",-1780,"megawatthours"
"2026-09-27T07","CISO","California Independent System Operator","BANC","Balancing Authority of Northern California",-1080,"megawatthours"
"2026-09-27T07","CISO","California Independent System Operator","BPAT","Bonneville Power Administration",-1557,"megawatthours"
"2026-09-27T07","CISO","California Independent System Operator","CEN","Centro Nacional de Control de Energia",80,"megawatthours"
"2026-09-27T07","CISO","California Independent System Operator","IID","Imperial Irrigation District",-184,"megawatthours"
"2026-09-27T07","CISO","California Independent System Operator","LDWP","Los Angeles Department of Water and Power",-2205,"megawatthours"
"2026-09-27T07","CISO","California Independent System Operator","NEVP","Nevada Power Company",-1450,"megawatthours"
"2026-09-27T07","CISO","California Independent System Operator","PACW","PacifiCorp West",-36,"megawatthours"
"2026-09-27T07","CISO","California Independent System Operator","SRP","Salt River Project Agricultural Improvement and Power District",-1659,"megawatthours"
"2026-09-27T07","CISO","California Independent System Operator","TIDC","Turlock Irrigation District",50,"megawatthours"
"2026-09-27T07","CISO","California Independent System Operator","WALC","Western Area Power Administration - Desert Southwest Region",-116,"megawatthours"
"2026-09-27T07","CPLE","Duke Energy Progress East","DUK","Duke Energy Carolinas",-626,"megawatthours"
"2026-09-27T07","CPLE","Duke Energy Progress East","PJM","PJM Interconnection, LLC",900,"megawatthours"
"2026-09-27T07","CPLE","Duke Energy Progress East","SC","South Carolina Public Service Authority",35,"megawatthours"
"2026-09-27T07","CPLE","Duke Energy Progress East","SCEG","Dominion Energy South Carolina, Inc.",-95,"megawatthours"
"2026-09-27T07","CPLE","Duke Energy Progress East","YAD","Alcoa Power Generating, Inc. - Yadkin Division",-5,"megawatthours"
"2026-09-27T07","CPLW","Duke Energy Progress West","DUK","Duke Energy Carolinas",-34,"megawatthours"
"2026-09-27T07","CPLW","Duke Energy Progress West","PJM","PJM Interconnection, LLC",-55,"megawatthours"
"2026-09-27T07","CPLW","Duke Energy Progress West","TVA","Tennessee Valley Authority",-26,"megawatthours"
"2026-09-27T07","DEAA","Arlington Valley, LLC","SRP","Salt River Project Agricultural Improvement and Power District",206,"megawatthours"
"2026-09-27T07","DOPD","PUD No. 1 of Douglas County","BPAT","Bonneville Power Administration",-4,"megawatthours"
"2026-09-27T07","DOPD","PUD No. 1 of Douglas County","CHPD","Public Utility District No. 1 of Chelan County",-60,"megawatthours"
"2026-09-27T07","DUK","Duke Energy Carolinas","CPLE","Duke Energy Progress East",626,"megawatthours"
"2026-09-27T07","DUK","Duke Energy Carolinas","CPLW","Duke Energy Progress West",34,"megawatthours"
"2026-09-27T07","DUK","Duke Energy Carolinas","PJM","PJM Interconnection, LLC",395,"megawatthours"
"2026-09-27T07","DUK","Duke Energy Carolinas","SC","South Carolina Public Service Authority",-349,"megawatthours"
"2026-09-27T07","DUK","Duke Energy Carolinas","SCEG","Dominion Energy South Carolina, Inc.",-271,"megawatthours"
"2026-09-27T07","DUK","Duke Energy Carolinas","SEPA","Southeastern Power Administration",-15,"megawatthours"
"2026-09-27T07","DUK","Duke Energy Carolinas","SOCO","Southern Company Services, Inc. - Trans",-148,"megawatthours"
"2026-09-27T07","DUK","Duke Energy Carolinas","TVA","Tennessee Valley Authority",-64,"megawatthours"
"2026-09-27T07","DUK","Duke Energy Carolinas","YAD","Alcoa Power Generating, Inc. - Yadkin Division",-5,"megawatthours"
"2026-09-27T07","EPE","El Paso Electric Company","PNM","Public Service Company of New Mexico",-278,"megawatthours"
"2026-09-27T07","EPE","El Paso Electric Company","SWPP","Southwest Power Pool",0,"megawatthours"
"2026-09-27T07","EPE","El Paso Electric Company","TEPC","Tucson Electric Power",176,"megawatthours"
"2026-09-27T07","FLA","Florida","SE","Southeast",70,"megawatthours"
"2026-09-27T07","FMPP","Florida Municipal Power Pool","FPC","Duke Energy Florida, Inc.",83,"megawatthours"
"2026-09-27T07","FMPP","Florida Municipal Power Pool","FPL","Florida Power & Light Co.",-134,"megawatthours"
"2026-09-27T07","FMPP","Florida Municipal Power Pool","JEA","JEA",8,"megawatthours"
"2026-09-27T07","FMPP","Florida Municipal Power Pool","TEC","Tampa Electric Company",-117,"megawatthours"
"2026-09-27T07","FPC","Duke Energy Florida, Inc.","FMPP","Florida Municipal Power Pool",-77,"megawatthours"
"2026-09-27T07","FPC","Duke Energy Florida, Inc.","FPL","Florida Power & Light Co.",-357,"megawatthours"
"2026-09-27T07","FPC","Duke Energy Florida, Inc.","GVL","Gainesville Regional Utilities",-25,"megawatthours"
"2026-09-27T07","FPC","Duke Energy Florida, Inc.","SEC","Seminole Electric Cooperative",-345,"megawatthours"
"2026-09-27T07","FPC","Duke Energy Florida, Inc.","SOCO","Southern Company Services, Inc. - Trans",59,"megawatthours"
"2026-09-27T07","FPC","Duke Energy Florida, Inc.","TAL","City of Tallahassee",-106,"megawatthours"
"2026-09-27T07","FPC","Duke Energy Florida, Inc.","TEC","Tampa Electric Company",216,"megawatthours"
"2026-09-27T07","FPL","Florida Power & Light Co.","FMPP","Florida Municipal Power Pool",134,"megawatthours"
"2026-09-27T07","FPL","Florida Power & Light Co.","FPC","Duke Energy Florida, Inc.",357,"megawatthours"
"2026-09-27T07","FPL","Florida Power & Light Co.","GVL","Gainesville Regional Utilities",-16,"megawatthours"
"2026-09-27T07","FPL","Florida Power & Light Co.","HST","City of Homestead",62,"megawatthours"
"2026-09-27T07","FPL","Florida Power & Light Co.","JEA","JEA",420,"megawatthours"
"2026-09-27T07","FPL","Florida Power & Light Co.","SEC","Seminole Electric Cooperative",-859,"megawatthours"
"2026-09-27T07","FPL","Florida Power & Light Co.","SOCO","Southern Company Services, Inc. - Trans",16,"megawatthours"
"2026-09-27T07","FPL","Florida Power & Light Co.","TEC","Tampa Electric Company",-8,"megawatthours"
"2026-09-27T07","GCPD","Public Utility District No. 2 of Grant County, Washington","AVA","Avista Corporation",4,"megawatthours"
"2026-09-27T07","GCPD","Public Utility District No. 2 of Grant County, Washington","BPAT","Bonneville Power Administration",345,"megawatthours"
"2026-09-27T07","GCPD","Public Utility District No. 2 of Grant County, Washington","PACW","PacifiCorp West",68,"megawatthours"
"2026-09-27T07","GCPD","Public Utility District No. 2 of Grant County, Washington","PSEI","Puget Sound Energy, Inc.",1,"megawatthours"
"2026-09-27T07","GRID","Gridforce Energy Management, LLC","BPAT","Bonneville Power Administration",823,"megawatthours"
"2026-09-27T07","GRID","Gridforce Energy Management, LLC","PNM","Public Service Company of New Mexico",-5,"megawatthours"
"2026-09-27T07","GRID","Gridforce Energy Management, LLC","SRP","Salt River Project Agricultural Improvement and Power District",539,"megawatthours"
"2026-09-27T07","GRID","Gridforce Energy Management, LLC","WALC","Western Area Power Administration - Desert Southwest Region",456,"megawatthours"
"2026-09-27T07","GVL","Gainesville Regional Utilities","FPC","Duke Energy Florida, Inc.",24,"megawatthours"
"2026-09-27T07","GVL","Gainesville Regional Utilities","FPL","Florida Power & Light Co.",16,"megawatthours"
"2026-09-27T07","GWA","NaturEner Power Watch, LLC","NWMT","NorthWestern Corporation",23,"megawatthours"
"2026-09-27T07","HST","City of Homestead","FPL","Florida Power & Light Co.",-62,"megawatthours"
"2026-09-27T07","IID","Imperial Irrigation District","AZPS","Arizona Public Service Company",2,"megawatthours"
"2026-09-27T07","IID","Imperial Irrigation District","CISO","California Independent System Operator",184,"megawatthours"
"2026-09-27T07","IID","Imperial Irrigation District","WALC","Western Area Power Administration - Desert Southwest Region",-34,"megawatthours"
"2026-09-27T07","IPCO","Idaho Power Company","AVA","Avista Corporation",-136,"megawatthours"
"2026-09-27T07","IPCO","Idaho Power Company","BPAT","Bonneville Power Administration",61,"megawatthours"
"2026-09-27T07","IPCO","Idaho Power Company","NEVP","Nevada Power Company",136,"megawatthours"
"2026-09-27T07","IPCO","Idaho Power Company","NWMT","NorthWestern Corporation",-8,"megawatthours"
"2026-09-27T07","IPCO","Idaho Power Company","PACE","PacifiCorp East",-390,"megawatthours"
"2026-09-27T07","IPCO","Idaho Power Company","PACW","PacifiCorp West",-13,"megawatthours"
"2026-09-27T07","LGEE","LG&E and KU Services Company as agent for Louisville Gas and Electric Company and Kentucky Utilities Company","MISO","Midcontinent Independent System Operator, Inc.",140,"megawatthours"
"2026-09-27T07","LGEE","LG&E and KU Services Company as agent for Louisville Gas and Electric Company and Kentucky Utilities Company","PJM","PJM Interconnection, LLC",-42,"megawatthours"
"2026-09-27T07","LGEE","LG&E and KU Services Company as agent for Louisville Gas and Electric Company and Kentucky Utilities Company","TVA","Tennessee Valley Authority",-258,"megawatthours"
"2026-09-27T07","MIDA","Mid-Atlantic","CAR","Carolinas",-1291,"megawatthours"
"2026-09-27T07","MIDA","Mid-Atlantic","MIDW","Midwest",2217,"megawatthours"
"2026-09-27T07","MIDA","Mid-Atlantic","NY","New York",2408,"megawatthours"
"2026-09-27T07","MIDA","Mid-Atlantic","TEN","Tennessee",-845,"megawatthours"
"2026-09-27T07","MIDW","Midwest","CENT","Central",-293,"megawatthours"
"2026-09-27T07","MIDW","Midwest","MIDA","Mid-Atlantic",-42,"megawatthours"
"2026-09-27T07","MIDW","Midwest","TEN","Tennessee",-109,"megawatthours"
"2026-09-27T07","NEVP","Nevada Power Company","BPAT","Bonneville Power Administration",-77,"megawatthours"
"2026-09-27T07","NEVP","Nevada Power Company","CISO","California Independent System Operator",1449,"megawatthours"
"2026-09-27T07","NEVP","Nevada Power Company","IPCO","Idaho Power Company",-255,"megawatthours"
"2026-09-27T07","NEVP","Nevada Power Company","LDWP","Los Angeles Department of Water and Power",-1151,"megawatthours"
"2026-09-27T07","NEVP","Nevada Power Company","PACE","PacifiCorp East",-205,"megawatthours"
"2026-09-27T07","NEVP","Nevada Power Company","WALC","Western Area Power Administration - Desert Southwest Region",-176,"megawatthours"
"2026-09-27T07","NW","Northwest","CAL","California",5395,"megawatthours"
"2026-09-27T07","NW","Northwest","CAN","Canada",-2315,"megawatthours"
"2026-09-27T07","NW","Northwest","CENT","Central",0,"megawatthours"
"2026-09-27T07","NW","Northwest","SW","Southwest",814,"megawatthours"
"2026-09-27T07","PACW","PacifiCorp West","AVA","Avista Corporation",-120,"megawatthours"
"2026-09-27T07","PACW","PacifiCorp West","AVRN","Avangrid Renewables, LLC",-510,"megawatthours"
"2026-09-27T07","PACW","PacifiCorp West","BPAT","Bonneville Power Administration",-451,"megawatthours"
"2026-09-27T07","PACW","PacifiCorp West","CISO","California Independent System Operator",37,"megawatthours"
"2026-09-27T07","PACW","PacifiCorp West","GCPD","Public Utility District No. 2 of Grant County, Washington",-68,"megawatthours"
"2026-09-27T07","PACW","PacifiCorp West","IPCO","Idaho Power Company",13,"megawatthours"
"2026-09-27T07","PACW","PacifiCorp West","PGE","Portland General Electric Company",75,"megawatthours"
"2026-09-27T07","PGE","Portland General Electric Company","BPAT","Bonneville Power Administration",-789,"megawatthours"
"2026-09-27T07","PGE","Portland General Electric Company","PACW","PacifiCorp West",-75,"megawatthours"
"2026-09-27T07","PJM","PJM Interconnection, LLC","CPLE","Duke Energy Progress East",-1017,"megawatthours"
"2026-09-27T07","PJM","PJM Interconnection, LLC","CPLW","Duke Energy Progress West",62,"megawatthours"
"2026-09-27T07","PJM","PJM Interconnection, LLC","DUK","Duke Energy Carolinas",-336,"megawatthours"
"2026-09-27T07","PJM","PJM Interconnection, LLC","LGEE","LG&E and KU Services Company as agent for Louisville Gas and Electric Company and Kentucky Utilities Company",76,"megawatthours"
"2026-09-27T07","PJM","PJM Interconnection, LLC","MISO","Midcontinent Independent System Operator, Inc.",2141,"megawatthours"
"2026-09-27T07","PJM","PJM Interconnection, LLC","NYIS","New York Independent System Operator",2408,"megawatthours"
"2026-09-27T07","PJM","PJM Interconnection, LLC","TVA","Tennessee Valley Authority",-845,"megawatthours"
"2026-09-27T07","PNM","Public Service Company of New Mexico","AZPS","Arizona Public Service Company",-209,"megawatthours"
"2026-09-27T07","PNM","Public Service Company of New Mexico","EPE","El Paso Electric Company",278,"megawatthours"
"2026-09-27T07","PNM","Public Service Company of New Mexico","GRID","Gridforce Energy Management, LLC",5,"megawatthours"
"2026-09-27T07","PNM","Public Service Company of New Mexico","PSCO","Public Service Company of Colorado",-116,"megawatthours"
"2026-09-27T07","PNM","Public Service Company of New Mexico","SWPP","Southwest Power Pool",0,"megawatthours"
"2026-09-27T07","PNM","Public Service Company of New Mexico","SWPW","Southwest Power Pool West Balancing Authority Area",-158,"megawatthours"
"2026-09-27T07","PNM","Public Service Company of New Mexico","TEPC","Tucson Electric Power",-86,"megawatthours"
"2026-09-27T07","PSEI","Puget Sound Energy, Inc.","BPAT","Bonneville Power Administration",-1998,"megawatthours"
"2026-09-27T07","PSEI","Puget Sound Energy, Inc.","CHPD","Public Utility District No. 1 of Chelan County",-95,"megawatthours"
"2026-09-27T07","PSEI","Puget Sound Energy, Inc.","GCPD","Public Utility District No. 2 of Grant County, Washington",-1,"megawatthours"
"2026-09-27T07","PSEI","Puget Sound Energy, Inc.","SCL","Seattle City Light",197,"megawatthours"
"2026-09-27T07","PSEI","Puget Sound Energy, Inc.","TPWR","City of Tacoma, Department of Public Utilities, Light Division",-35,"megawatthours"
"2026-09-27T07","SCEG","Dominion Energy South Carolina, Inc.","CPLE","Duke Energy Progress East",95,"megawatthours"
"2026-09-27T07","SCEG","Dominion Energy South Carolina, Inc.","DUK","Duke Energy Carolinas",271,"megawatthours"
"2026-09-27T07","SCEG","Dominion Energy South Carolina, Inc.","SC","South Carolina Public Service Authority",1116,"megawatthours"
"2026-09-27T07","SCEG","Dominion Energy South Carolina, Inc.","SEPA","Southeastern Power Administration",17,"megawatthours"
"2026-09-27T07","SCEG","Dominion Energy South Carolina, Inc.","SOCO","Southern Company Services, Inc. - Trans",-1251,"megawatthours"
"2026-09-27T07","SCL","Seattle City Light","BPAT","Bonneville Power Administration",-99,"megawatthours"
"2026-09-27T07","SCL","Seattle City Light","PSEI","Puget Sound Energy, Inc.",-197,"megawatthours"
"2026-09-27T07","SE","Southeast","CAR","Carolinas",-133,"megawatthours"
"2026-09-27T07","SEC","Seminole Electric Cooperative","FPC","Duke Energy Florida, Inc.",352,"megawatthours"
"2026-09-27T07","SEC","Seminole Electric Cooperative","FPL","Florida Power & Light Co.",859,"megawatthours"
"2026-09-27T07","SEC","Seminole Electric Cooperative","JEA","JEA",76,"megawatthours"
"2026-09-27T07","SEC","Seminole Electric Cooperative","TEC","Tampa Electric Company",-62,"megawatthours"
"2026-09-27T07","SEPA","Southeastern Power Administration","DUK","Duke Energy Carolinas",15,"megawatthours"
"2026-09-27T07","SEPA","Southeastern Power Administration","SC","South Carolina Public Service Authority",-131,"megawatthours"
"2026-09-27T07","SEPA","Southeastern Power Administration","SCEG","Dominion Energy South Carolina, Inc.",-17,"megawatthours"
"2026-09-27T07","SEPA","Southeastern Power Administration","SOCO","Southern Company Services, Inc. - Trans",131,"megawatthours"
"2026-09-27T07","SIKE","Sikeston Board of Municipal Utilities","AECI","Associated Electric Cooperative, Inc.",5,"megawatthours"
"2026-09-27T07","SIKE","Sikeston Board of Municipal Utilities","MISO","Midcontinent Independent System Operator, Inc.",53,"megawatthours"
"2026-09-27T07","SIKE","Sikeston Board of Municipal Utilities","SPA","Southwestern Power Administration",57,"megawatthours"
"2026-09-27T07","SIKE","Sikeston Board of Municipal Utilities","SWPP","Southwest Power Pool",-83,"megawatthours"
"2026-09-27T07","SRP","Salt River Project Agricultural Improvement and Power District","AZPS","Arizona Public Service Company",4265,"megawatthours"
"2026-09-27T07","SRP","Salt River Project Agricultural Improvement and Power District","CISO","California Independent System Operator",1678,"megawatthours"
"2026-09-27T07","SRP","Salt River Project Agricultural Improvement and Power District","DEAA","Arlington Valley, LLC",-206,"megawatthours"
"2026-09-27T07","SRP","Salt River Project Agricultural Improvement and Power District","GRID","Gridforce Energy Management, LLC",-539,"megawatthours"
"2026-09-27T07","SRP","Salt River Project Agricultural Improvement and Power District","TEPC","Tucson Electric Power",-964,"megawatthours"
"2026-09-27T07","SRP","Salt River Project Agricultural Improvement and Power District","WALC","Western Area Power Administration - Desert Southwest Region",-25,"megawatthours"
"2026-09-27T07","SW","Southwest","CAL","California",4258,"megawatthours"
"2026-09-27T07","SW","Southwest","CENT","Central",0,"megawatthours"
"2026-09-27T07","SW","Southwest","NW","Northwest",-1218,"megawatthours"
"2026-09-27T07","TAL","City of Tallahassee","FPC","Duke Energy Florida, Inc.",106,"megawatthours"
"2026-09-27T07","TAL","City of Tallahassee","SOCO","Southern Company Services, Inc. - Trans",-5,"megawatthours"
"2026-09-27T07","TEN","Tennessee","CAR","Carolinas",90,"megawatthours"
"2026-09-27T07","TEN","Tennessee","MIDA","Mid-Atlantic",790,"megawatthours"
"2026-09-27T07","TEN","Tennessee","MIDW","Midwest",-1545,"megawatthours"
"2026-09-27T07","TEN","Tennessee","SE","Southeast",574,"megawatthours"
"2026-09-27T07","TEPC","Tucson Electric Power","AZPS","Arizona Public Service Company",19,"megawatthours"
"2026-09-27T07","TEPC","Tucson Electric Power","EPE","El Paso Electric Company",-176,"megawatthours"
"2026-09-27T07","TEPC","Tucson Electric Power","PNM","Public Service Company of New Mexico",86,"megawatthours"
"2026-09-27T07","TEPC","Tucson Electric Power","SRP","Salt River Project Agricultural Improvement and Power District",964,"megawatthours"
"2026-09-27T07","TEPC","Tucson Electric Power","WALC","Western Area Power Administration - Desert Southwest Region",-359,"megawatthours"
"2026-09-27T07","TIDC","Turlock Irrigation District","BANC","Balancing Authority of Northern California",13,"megawatthours"
"2026-09-27T07","TIDC","Turlock Irrigation District","CISO","California Independent System Operator",-50,"megawatthours"
"2026-09-27T07","TPWR","City of Tacoma, Department of Public Utilities, Light Division","BPAT","Bonneville Power Administration",-229,"megawatthours"
"2026-09-27T07","TPWR","City of Tacoma, Department of Public Utilities, Light Division","PSEI","Puget Sound Energy, Inc.",35,"megawatthours"
"2026-09-27T07","TVA","Tennessee Valley Authority","AECI","Associated Electric Cooperative, Inc.",-145,"megawatthours"
"2026-09-27T07","TVA","Tennessee Valley Authority","CPLW","Duke Energy Progress West",26,"megawatthours"
"2026-09-27T07","TVA","Tennessee Valley Authority","DUK","Duke Energy Carolinas",64,"megawatthours"
"2026-09-27T07","TVA","Tennessee Valley Authority","LGEE","LG&E and KU Services Company as agent for Louisville Gas and Electric Company and Kentucky Utilities Company",258,"megawatthours"
"2026-09-27T07","TVA","Tennessee Valley Authority","MISO","Midcontinent Independent System Operator, Inc.",-1658,"megawatthours"
"2026-09-27T07","TVA","Tennessee Valley Authority","PJM","PJM Interconnection, LLC",790,"megawatthours"
"2026-09-27T07","TVA","Tennessee Valley Authority","SOCO","Southern Company Services, Inc. - Trans",574,"megawatthours"
"2026-09-27T07","US48","United States Lower 48","CAN","Canada",-2315,"megawatthours"
"2026-09-27T07","US48","United States Lower 48","MEX","Mexico",80,"megawatthours"
"2026-09-27T07","WALC","Western Area Power Administration - Desert Southwest Region","AZPS","Arizona Public Service Company",-842,"megawatthours"
"2026-09-27T07","WALC","Western Area Power Administration - Desert Southwest Region","CISO","California Independent System Operator",118,"megawatthours"
"2026-09-27T07","WALC","Western Area Power Administration - Desert Southwest Region","GRID","Gridforce Energy Management, LLC",-456,"megawatthours"
"2026-09-27T07","WALC","Western Area Power Administration - Desert Southwest Region","IID","Imperial Irrigation District",34,"megawatthours"
"2026-09-27T07","WALC","Western Area Power Administration - Desert Southwest Region","LDWP","Los Angeles Department of Water and Power",1099,"megawatthours"
"2026-09-27T07","WALC","Western Area Power Administration - Desert Southwest Region","NEVP","Nevada Power Company",176,"megawatthours"
"2026-09-27T07","WALC","Western Area Power Administration - Desert Southwest Region","SRP","Salt River Project Agricultural Improvement and Power District",27,"megawatthours"
"2026-09-27T07","WALC","Western Area Power Administration - Desert Southwest Region","SWPW","Southwest Power Pool West Balancing Authority Area",-46,"megawatthours"
"2026-09-27T07","WALC","Western Area Power Administration - Desert Southwest Region","TEPC","Tucson Electric Power",359,"megawatthours"
"2026-09-27T07","YAD","Alcoa Power Generating, Inc. - Yadkin Division","CPLE","Duke Energy Progress East",5,"megawatthours"
"2026-09-27T07","YAD","Alcoa Power Generating, Inc. - Yadkin Division","DUK","Duke Energy Carolinas",5,"megawatthours"
"2026-09-27T06","AECI","Associated Electric Cooperative, Inc.","MISO","Midcontinent Independent System Operator, Inc.",640,"megawatthours"
"2026-09-27T06","AECI","Associated Electric Cooperative, Inc.","SIKE","Sikeston Board of Municipal Utilities",-5,"megawatthours"
"2026-09-27T06","AECI","Associated Electric Cooperative, Inc.","SPA","Southwestern Power Administration",-66,"megawatthours"
"2026-09-27T06","AECI","Associated Electric Cooperative, Inc.","SWPP","Southwest Power Pool",-227,"megawatthours"
"2026-09-27T06","AECI","Associated Electric Cooperative, Inc.","TVA","Tennessee Valley Authority",159,"megawatthours"
"2026-09-27T06","AVA","Avista Corporation","BPAT","Bonneville Power Administration",-443,"megawatthours"
"2026-09-27T06","AVA","Avista Corporation","CHPD","Public Utility District No. 1 of Chelan County",-16,"megawatthours"
"2026-09-27T06","AVA","Avista Corporation","GCPD","Public Utility District No. 2 of Grant County, Washington",-26,"megawatthours"
"2026-09-27T06","AVA","Avista Corporation","IPCO","Idaho Power Company",157,"megawatthours"
"2026-09-27T06","AVA","Avista Corporation","NWMT","NorthWestern Corporation",-70,"megawatthours"
"2026-09-27T06","AVA","Avista Corporation","PACW","PacifiCorp West",126,"megawatthours"
"2026-09-27T06","AVRN","Avangrid Renewables, LLC","BPAT","Bonneville Power Administration",191,"megawatthours"
"2026-09-27T06","AVRN","Avangrid Renewables, LLC","PACW","PacifiCorp West",508,"megawatthours"
"2026-09-27T06","AZPS","Arizona Public Service Company","CISO","California Independent System Operator",1030,"megawatthours"
"2026-09-27T06","AZPS","Arizona Public Service Company","IID","Imperial Irrigation District",12,"megawatthours"
"2026-09-27T06","AZPS","Arizona Public Service Company","LDWP","Los Angeles Department of Water and Power",411,"megawatthours"
"2026-09-27T06","AZPS","Arizona Public Service Company","PACE","PacifiCorp East",-107,"megawatthours"
"2026-09-27T06","AZPS","Arizona Public Service Company","PNM","Public Service Company of New Mexico",317,"megawatthours"
"2026-09-27T06","AZPS","Arizona Public Service Company","SRP","Salt River Project Agricultural Improvement and Power District",-4260,"megawatthours"
"2026-09-27T06","AZPS","Arizona Public Service Company","SWPW","Southwest Power Pool West Balancing Authority Area",80,"megawatthours"
"2026-09-27T06","AZPS","Arizona Public Service Company","TEPC","Tucson Electric Power",-36,"megawatthours"
"2026-09-27T06","AZPS","Arizona Public Service Company","WALC","Western Area Power Administration - Desert Southwest Region",820,"megawatthours"
"2026-09-27T06","BANC","Balancing Authority of Northern California","BPAT","Bonneville Power Administration",-1191,"megawatthours"
"2026-09-27T06","BANC","Balancing Authority of Northern California","CISO","California Independent System Operator",1174,"megawatthours"
"2026-09-27T06","BANC","Balancing Authority of Northern California","TIDC","Turlock Irrigation District",-65,"megawatthours"
"2026-09-27T06","BHBA","Black Hills Energy","PACE","PacifiCorp East",125,"megawatthours"
"2026-09-27T06","BHBA","Black Hills Energy","SWPP","Southwest Power Pool",0,"megawatthours"
"2026-09-27T06","BHBA","Black Hills Energy","SWPW","Southwest Power Pool West Balancing Authority Area",-110,"megawatthours"
"2026-09-27T06","BPAT","Bonneville Power Administration","AVA","Avista Corporation",138,"megawatthours"
"2026-09-27T06","BPAT","Bonneville Power Administration","AVRN","Avangrid Renewables, LLC",-191,"megawatthours"
"2026-09-27T06","BPAT","Bonneville Power Administration","BANC","Balancing Authority of Northern California",1191,"megawatthours"
"2026-09-27T06","BPAT","Bonneville Power Administration","BCHA","British Columbia Hydro and Power Authority",-2361,"megawatthours"
"2026-09-27T06","BPAT","Bonneville Power Administration","CHPD","Public Utility District No. 1 of Chelan County",-367,"megawatthours"
"2026-09-27T06","BPAT","Bonneville Power Administration","CISO","California Independent System Operator",1622,"megawatthours"
"2026-09-27T06","BPAT","Bonneville Power Administration","DOPD","PUD No. 1 of Douglas County",-20,"megawatthours"
"2026-09-27T06","BPAT","Bonneville Power Administration","GCPD","Public Utility District No. 2 of Grant County, Washington",-189,"megawatthours"
"2026-09-27T06","BPAT","Bonneville Power Administration","GRID","Gridforce Energy Management, LLC",-833,"megawatthours"
"2026-09-27T06","BPAT","Bonneville Power Administration","IPCO","Idaho Power Company",-63,"megawatthours"
"2026-09-27T06","BPAT","Bonneville Power Administration","LDWP","Los Angeles Department of Water and Power",2368,"megawatthours"
"2026-09-27T06","BPAT","Bonneville Power Administration","NEVP","Nevada Power Company",134,"megawatthours"
"2026-09-27T06","BPAT","Bonneville Power Administration","NWMT","NorthWestern Corporation",-1142,"megawatthours"
"2026-09-27T06","BPAT","Bonneville Power Administration","PACW","PacifiCorp West",713,"megawatthours"
"2026-09-27T06","BPAT","Bonneville Power Administration","PGE","Portland General Electric Company",-122,"megawatthours"
"2026-09-27T06","BPAT","Bonneville Power Administration","PSEI","Puget Sound Energy, Inc.",1575,"megawatthours"
"2026-09-27T06","BPAT","Bonneville Power Administration","SCL","Seattle City Light",28,"megawatthours"
"2026-09-27T06","BPAT","Bonneville Power Administration","TPWR","City of Tacoma, Department of Public Utilities, Light Division",209,"megawatthours"
"2026-09-27T06","CAL","California","MEX","Mexico",158,"megawatthours"
"2026-09-27T06","CAL","California","NW","Northwest",-4247,"megawatthours"
"2026-09-27T06","CAL","California","SW","Southwest",-3712,"megawatthours"
"2026-09-27T06","CAR","Carolinas","MIDA","Mid-Atlantic",1238,"megawatthours"
"2026-09-27T06","CAR","Carolinas","SE","Southeast",-1350,"megawatthours"
"2026-09-27T06","CAR","Carolinas","TEN","Tennessee",-86,"megawatthours"
"2026-09-27T06","CHPD","Public Utility District No. 1 of Chelan County","AVA","Avista Corporation",16,"megawatthours"
"2026-09-27T06","CHPD","Public Utility District No. 1 of Chelan County","BPAT","Bonneville Power Administration",366,"megawatthours"
"2026-09-27T06","CHPD","Public Utility District No. 1 of Chelan County","DOPD","PUD No. 1 of Douglas County",71,"megawatthours"
"2026-09-27T06","CHPD","Public Utility District No. 1 of Chelan County","PSEI","Puget Sound Energy, Inc.",107,"megawatthours"
"2026-09-27T06","CISO","California Independent System Operator","AZPS","Arizona Public Service Company",-1789,"megawatthours"
"2026-09-27T06","CISO","California Independent System Operator","BANC","Balancing Authority of Northern California",-1179,"megawatthours"
"2026-09-27T06","CISO","California Independent System Operator","BPAT","Bonneville Power Administration",-1626,"megawatthours"
"2026-09-27T06","CISO","California Independent System Operator","CEN","Centro Nacional de Control de Energia",158,"megawatthours"
"2026-09-27T06","CISO","California Independent System Operator","IID","Imperial Irrigation District",-68,"megawatthours"
"2026-09-27T06","CISO","California Independent System Operator","LDWP","Los Angeles Department of Water and Power",-2425,"megawatthours"
"2026-09-27T06","CISO","California Independent System Operator","NEVP","Nevada Power Company",-1394,"megawatthours"
"2026-09-27T06","CISO","California Independent System Operator","PACW","PacifiCorp West",-36,"megawatthours"
"2026-09-27T06","CISO","California Independent System Operator","SRP","Salt River Project Agricultural Improvement and Power District",-1691,"megawatthours"
"2026-09-27T06","CISO","California Independent System Operator","TIDC","Turlock Irrigation District",115,"megawatthours"
"2026-09-27T06","CISO","California Independent System Operator","WALC","Western Area Power Administration - Desert Southwest Region",-164,"megawatthours"
"2026-09-27T06","CPLE","Duke Energy Progress East","DUK","Duke Energy Carolinas",-702,"megawatthours"
"2026-09-27T06","CPLE","Duke Energy Progress East","PJM","PJM Interconnection, LLC",896,"megawatthours"
"2026-09-27T06","CPLE","Duke Energy Progress East","SC","South Carolina Public Service Authority",1,"megawatthours"
"2026-09-27T06","CPLE","Duke Energy Progress East","SCEG","Dominion Energy South Carolina, Inc.",-100,"megawatthours"
"2026-09-27T06","CPLE","Duke Energy Progress East","YAD","Alcoa Power Generating, Inc. - Yadkin Division",-7,"megawatthours"
"2026-09-27T06","CPLW","Duke Energy Progress West","DUK","Duke Energy Carolinas",-17,"megawatthours"
"2026-09-27T06","CPLW","Duke Energy Progress West","PJM","PJM Interconnection, LLC",-47,"megawatthours"
"2026-09-27T06","CPLW","Duke Energy Progress West","TVA","Tennessee Valley Authority",-28,"megawatthours"
"2026-09-27T06","DEAA","Arlington Valley, LLC","SRP","Salt River Project Agricultural Improvement and Power District",211,"megawatthours"
"2026-09-27T06","DOPD","PUD No. 1 of Douglas County","BPAT","Bonneville Power Administration",18,"megawatthours"
"2026-09-27T06","DOPD","PUD No. 1 of Douglas County","CHPD","Public Utility District No. 1 of Chelan County",-71,"megawatthours"
"2026-09-27T06","DUK","Duke Energy Carolinas","CPLE","Duke Energy Progress East",702,"megawatthours"
"2026-09-27T06","DUK","Duke Energy Carolinas","CPLW","Duke Energy Progress West",17,"megawatthours"
"2026-09-27T06","DUK","Duke Energy Carolinas","PJM","PJM Interconnection, LLC",389,"megawatthours"
"2026-09-27T06","DUK","Duke Energy Carolinas","SC","South Carolina Public Service Authority",-321,"megawatthours"
"2026-09-27T06","DUK","Duke Energy Carolinas","SCEG","Dominion Energy South Carolina, Inc.",-274,"megawatthours"
"2026-09-27T06","DUK","Duke Energy Carolinas","SEPA","Southeastern Power Administration",-11,"megawatthours"
"2026-09-27T06","DUK","Duke Energy Carolinas","SOCO","Southern Company Services, Inc. - Trans",-101,"megawatthours"
"2026-09-27T06","DUK","Duke Energy Carolinas","TVA","Tennessee Valley Authority",-58,"megawatthours"
"2026-09-27T06","DUK","Duke Energy Carolinas","YAD","Alcoa Power Generating, Inc. - Yadkin Division",-3,"megawatthours"
"2026-09-27T06","EPE","El Paso Electric Company","PNM","Public Service Company of New Mexico",-390,"megawatthours"
"2026-09-27T06","EPE","El Paso Electric Company","SWPP","Southwest Power Pool",0,"megawatthours"
"2026-09-27T06","EPE","El Paso Electric Company","TEPC","Tucson Electric Power",172,"megawatthours"
"2026-09-27T06","FLA","Florida","SE","Southeast",30,"megawatthours"
"2026-09-27T06","FMPP","Florida Municipal Power Pool","FPC","Duke Energy Florida, Inc.",46,"megawatthours"
"2026-09-27T06","FMPP","Florida Municipal Power Pool","FPL","Florida Power & Light Co.",-98,"megawatthours"
"2026-09-27T06","FMPP","Florida Municipal Power Pool","JEA","JEA",10,"megawatthours"
"2026-09-27T06","FMPP","Florida Municipal Power Pool","TEC","Tampa Electric Company",-122,"megawatthours"
"2026-09-27T06","FPC","Duke Energy Florida, Inc.","FMPP","Florida Municipal Power Pool",-40,"megawatthours"
"2026-09-27T06","FPC","Duke Energy Florida, Inc.","FPL","Florida Power & Light Co.",-452,"megawatthours"
"2026-09-27T06","FPC","Duke Energy Florida, Inc.","GVL","Gainesville Regional Utilities",-12,"megawatthours"
"2026-09-27T06","FPC","Duke Energy Florida, Inc.","SEC","Seminole Electric Cooperative",-359,"megawatthours"
"2026-09-27T06","FPC","Duke Energy Florida, Inc.","SOCO","Southern Company Services, Inc. - Trans",61,"megawatthours"
"2026-09-27T06","FPC","Duke Energy Florida, Inc.","TAL","City of Tallahassee",-110,"megawatthours"
"2026-09-27T06","FPC","Duke Energy Florida, Inc.","TEC","Tampa Electric Company",225,"megawatthours"
"2026-09-27T06","FPL","Florida Power & Light Co.","FMPP","Florida Municipal Power Pool",98,"megawatthours"
"2026-09-27T06","FPL","Florida Power & Light Co.","FPC","Duke Energy Florida, Inc.",452,"megawatthours"
"2026-09-27T06","FPL","Florida Power & Light Co.","GVL","Gainesville Regional Utilities",-17,"megawatthours"
"2026-09-27T06","FPL","Florida Power & Light Co.","HST","City of Homestead",67,"megawatthours"
"2026-09-27T06","FPL","Florida Power & Light Co.","JEA","JEA",430,"megawatthours"
"2026-09-27T06","FPL","Florida Power & Light Co.","SEC","Seminole Electric Cooperative",-936,"megawatthours"
"2026-09-27T06","FPL","Florida Power & Light Co.","SOCO","Southern Company Services, Inc. - Trans",-23,"megawatthours"
"2026-09-27T06","FPL","Florida Power & Light Co.","TEC","Tampa Electric Company",10,"megawatthours"
"2026-09-27T06","GCPD","Public Utility District No. 2 of Grant County, Washington","AVA","Avista Corporation",26,"megawatthours"
"2026-09-27T06","GCPD","Public Utility District No. 2 of Grant County, Washington","BPAT","Bonneville Power Administration",188,"megawatthours"
"2026-09-27T06","GCPD","Public Utility District No. 2 of Grant County, Washington","PACW","PacifiCorp West",72,"megawatthours"
"2026-09-27T06","GCPD","Public Utility District No. 2 of Grant County, Washington","PSEI","Puget Sound Energy, Inc.",2,"megawatthours"
"2026-09-27T06","GRID","Gridforce Energy Management, LLC","BPAT","Bonneville Power Administration",818,"megawatthours"
"2026-09-27T06","GRID","Gridforce Energy Management, LLC","PNM","Public Service Company of New Mexico",-6,"megawatthours"
"2026-09-27T06","GRID","Gridforce Energy Management, LLC","SRP","Salt River Project Agricultural Improvement and Power District",554,"megawatthours"
"2026-09-27T06","GRID","Gridforce Energy Management, LLC","WALC","Western Area Power Administration - Desert Southwest Region",566,"megawatthours"
"2026-09-27T06","GVL","Gainesville Regional Utilities","FPC","Duke Energy Florida, Inc.",13,"megawatthours"
"2026-09-27T06","GVL","Gainesville Regional Utilities","FPL","Florida Power & Light Co.",16,"megawatthours"
"2026-09-27T06","GWA","NaturEner Power Watch, LLC","NWMT","NorthWestern Corporation",56,"megawatthours"
"2026-09-27T06","HST","City of Homestead","FPL","Florida Power & Light Co.",-68,"megawatthours"
"2026-09-27T06","IID","Imperial Irrigation District","AZPS","Arizona Public Service Company",-12,"megawatthours"
"2026-09-27T06","IID","Imperial Irrigation District","CISO","California Independent System Operator",71,"megawatthours"
"2026-09-27T06","IID","Imperial Irrigation District","WALC","Western Area Power Administration - Desert Southwest Region",-56,"megawatthours"
"2026-09-27T06","IPCO","Idaho Power Company","AVA","Avista Corporation",-157,"megawatthours"
"2026-09-27T06","IPCO","Idaho Power Company","BPAT","Bonneville Power Administration",63,"megawatthours"
"2026-09-27T06","IPCO","Idaho Power Company","NEVP","Nevada Power Company",7,"megawatthours"
"2026-09-27T06","IPCO","Idaho Power Company","NWMT","NorthWestern Corporation",-8,"megawatthours"
"2026-09-27T06","IPCO","Idaho Power Company","PACE","PacifiCorp East",-259,"megawatthours"
"2026-09-27T06","IPCO","Idaho Power Company","PACW","PacifiCorp West",-28,"megawatthours"
"2026-09-27T06","LGEE","LG&E and KU Services Company as agent for Louisville Gas and Electric Company and Kentucky Utilities Company","MISO","Midcontinent Independent System Operator, Inc.",160,"megawatthours"
"2026-09-27T06","LGEE","LG&E and KU Services Company as agent for Louisville Gas and Electric Company and Kentucky Utilities Company","PJM","PJM Interconnection, LLC",-40,"megawatthours"
"2026-09-27T06","LGEE","LG&E and KU Services Company as agent for Louisville Gas and Electric Company and Kentucky Utilities Company","TVA","Tennessee Valley Authority",-292,"megawatthours"
"2026-09-27T06","MIDA","Mid-Atlantic","CAR","Carolinas",-1153,"megawatthours"
"2026-09-27T06","MIDA","Mid-Atlantic","MIDW","Midwest",1951,"megawatthours"
"2026-09-27T06","MIDA","Mid-Atlantic","NY","New York",2367,"megawatthours"
"2026-09-27T06","MIDA","Mid-Atlantic","TEN","Tennessee",-707,"megawatthours"
"2026-09-27T06","MIDW","Midwest","CENT","Central",-317,"megawatthours"
"2026-09-27T06","MIDW","Midwest","MIDA","Mid-Atlantic",-40,"megawatthours"
"2026-09-27T06","MIDW","Midwest","TEN","Tennessee",-133,"megawatthours"
"2026-09-27T06","NEVP","Nevada Power Company","BPAT","Bonneville Power Administration",-134,"megawatthours"
"2026-09-27T06","NEVP","Nevada Power Company","CISO","California Independent System Operator",1391,"megawatthours"
"2026-09-27T06","NEVP","Nevada Power Company","IPCO","Idaho Power Company",-126,"megawatthours"
"2026-09-27T06","NEVP","Nevada Power Company","LDWP","Los Angeles Department of Water and Power",-1153,"megawatthours"
"2026-09-27T06","NEVP","Nevada Power Company","PACE","PacifiCorp East",-170,"megawatthours"
"2026-09-27T06","NEVP","Nevada Power Company","WALC","Western Area Power Administration - Desert Southwest Region",-292,"megawatthours"
"2026-09-27T06","NW","Northwest","CAL","California",5890,"megawatthours"
"2026-09-27T06","NW","Northwest","CAN","Canada",-2361,"megawatthours"
"2026-09-27T06","NW","Northwest","CENT","Central",0,"megawatthours"
"2026-09-27T06","NW","Northwest","SW","Southwest",929,"megawatthours"
"2026-09-27T06","NWMT","NorthWestern Corporation","AESO","Alberta Electric System Operator",0,"megawatthours"
"2026-09-27T06","NWMT","NorthWestern Corporation","AVA","Avista Corporation",70,"megawatthours"
"2026-09-27T06","NWMT","NorthWestern Corporation","BPAT","Bonneville Power Administration",1142,"megawatthours"
"2026-09-27T06","NWMT","NorthWestern Corporation","GWA","NaturEner Power Watch, LLC",-55,"megawatthours"
"2026-09-27T06","NWMT","NorthWestern Corporation","IPCO","Idaho Power Company",8,"megawatthours"
"2026-09-27T06","NWMT","NorthWestern Corporation","PACE","PacifiCorp East",234,"megawatthours"
"2026-09-27T06","NWMT","NorthWestern Corporation","SWPW","Southwest Power Pool West Balancing Authority Area",30,"megawatthours"
"2026-09-27T06","NWMT","NorthWestern Corporation","WAUW","Western Area Power Administration - Upper Great Plains West",0,"megawatthours"
"2026-09-27T06","NWMT","NorthWestern Corporation","WWA","NaturEner Wind Watch, LLC",0,"megawatthours"
"2026-09-27T06","PACE","PacifiCorp East","AZPS","Arizona Public Service Company",107,"megawatthours"
"2026-09-27T06","PACE","PacifiCorp East","BHBA","Black Hills Energy",-122,"megawatthours"
"2026-09-27T06","PACE","PacifiCorp East","IPCO","Idaho Power Company",259,"megawatthours"
"2026-09-27T06","PACE","PacifiCorp East","LDWP","Los Angeles Department of Water and Power",434,"megawatthours"
"2026-09-27T06","PACE","PacifiCorp East","NEVP","Nevada Power Company",170,"megawatthours"
"2026-09-27T06","PACE","PacifiCorp East","NWMT","NorthWestern Corporation",-234,"megawatthours"
"2026-09-27T06","PACE","PacifiCorp East","SWPW","Southwest Power Pool West Balancing Authority Area",-2,"megawatthours"
"2026-09-27T06","PACW","PacifiCorp West","AVA","Avista Corporation",-126,"megawatthours"
"2026-09-27T06","PACW","PacifiCorp West","AVRN","Avangrid Renewables, LLC",-508,"megawatthours"
"2026-09-27T06","PACW","PacifiCorp West","BPAT","Bonneville Power Administration",-713,"megawatthours"
"2026-09-27T06","PACW","PacifiCorp West","CISO","California Independent System Operator",37,"megawatthours"
"2026-09-27T06","PACW","PacifiCorp West","GCPD","Public Utility District No. 2 of Grant County, Washington",-72,"megawatthours"
"2026-09-27T06","PACW","PacifiCorp West","IPCO","Idaho Power Company",28,"megawatthours"
"2026-09-27T06","PACW","PacifiCorp West","PGE","Portland General Electric Company",67,"megawatthours"
"2026-09-27T06","PGE","Portland General Electric Company","BPAT","Bonneville Power Administration",-692,"megawatthours"
"2026-09-27T06","PGE","Portland General Electric Company","PACW","PacifiCorp West",-67,"megawatthours"
"2026-09-27T06","PJM","PJM Interconnection, LLC","CPLE","Duke Energy Progress East",-947,"megawatthours"
"2026-09-27T06","PJM","PJM Interconnection, LLC","CPLW","Duke Energy Progress West",77,"megawatthours"
"2026-09-27T06","PJM","PJM Interconnection, LLC","DUK","Duke Energy Carolinas",-283,"megawatthours"
"2026-09-27T06","PJM","PJM Interconnection, LLC","LGEE","LG&E and KU Services Company as agent for Louisville Gas and Electric Company and Kentucky Utilities Company",124,"megawatthours"
"2026-09-27T06","PJM","PJM Interconnection, LLC","MISO","Midcontinent Independent System Operator, Inc.",1827,"megawatthours"
"2026-09-27T06","PJM","PJM Interconnection, LLC","NYIS","New York Independent System Operator",2367,"megawatthours"
"2026-09-27T06","PJM","PJM Interconnection, LLC","TVA","Tennessee Valley Authority",-707,"megawatthours"
"2026-09-27T06","PNM","Public Service Company of New Mexico","AZPS","Arizona Public Service Company",-317,"megawatthours"
"2026-09-27T06","PNM","Public Service Company of New Mexico","EPE","El Paso Electric Company",390,"megawatthours"
"2026-09-27T06","PNM","Public Service Company of New Mexico","GRID","Gridforce Energy Management, LLC",6,"megawatthours"
"2026-09-27T06","PNM","Public Service Company of New Mexico","PSCO","Public Service Company of Colorado",-121,"megawatthours"
"2026-09-27T06","PNM","Public Service Company of New Mexico","SWPP","Southwest Power Pool",0,"megawatthours"
"2026-09-27T06","PNM","Public Service Company of New Mexico","SWPW","Southwest Power Pool West Balancing Authority Area",-171,"megawatthours"
"2026-09-27T06","PNM","Public Service Company of New Mexico","TEPC","Tucson Electric Power",-151,"megawatthours"
"2026-09-27T06","PSCO","Public Service Company of Colorado","PNM","Public Service Company of New Mexico",0,"megawatthours"
"2026-09-27T06","PSCO","Public Service Company of Colorado","SWPP","Southwest Power Pool",0,"megawatthours"
"2026-09-27T06","PSCO","Public Service Company of Colorado","SWPW","Southwest Power Pool West Balancing Authority Area",0,"megawatthours"
"2026-09-27T06","PSEI","Puget Sound Energy, Inc.","BPAT","Bonneville Power Administration",-2122,"megawatthours"
"2026-09-27T06","PSEI","Puget Sound Energy, Inc.","CHPD","Public Utility District No. 1 of Chelan County",-107,"megawatthours"
"2026-09-27T06","PSEI","Puget Sound Energy, Inc.","GCPD","Public Utility District No. 2 of Grant County, Washington",-2,"megawatthours"
"2026-09-27T06","PSEI","Puget Sound Energy, Inc.","SCL","Seattle City Light",212,"megawatthours"
"2026-09-27T06","PSEI","Puget Sound Energy, Inc.","TPWR","City of Tacoma, Department of Public Utilities, Light Division",-39,"megawatthours"
"2026-09-27T06","SCEG","Dominion Energy South Carolina, Inc.","CPLE","Duke Energy Progress East",100,"megawatthours"
"2026-09-27T06","SCEG","Dominion Energy South Carolina, Inc.","DUK","Duke Energy Carolinas",274,"megawatthours"
"2026-09-27T06","SCEG","Dominion Energy South Carolina, Inc.","SC","South Carolina Public Service Authority",1120,"megawatthours"
"2026-09-27T06","SCEG","Dominion Energy South Carolina, Inc.","SEPA","Southeastern Power Administration",17,"megawatthours"
"2026-09-27T06","SCEG","Dominion Energy South Carolina, Inc.","SOCO","Southern Company Services, Inc. - Trans",-1255,"megawatthours"
"2026-09-27T06","SCL","Seattle City Light","BPAT","Bonneville Power Administration",-28,"megawatthours"
"2026-09-27T06","SCL","Seattle City Light","PSEI","Puget Sound Energy, Inc.",-212,"megawatthours"
"2026-09-27T06","SE","Southeast","CAR","Carolinas",-138,"megawatthours"
"2026-09-27T06","SEC","Seminole Electric Cooperative","FPC","Duke Energy Florida, Inc.",367,"megawatthours"
"2026-09-27T06","SEC","Seminole Electric Cooperative","FPL","Florida Power & Light Co.",936,"megawatthours"
"2026-09-27T06","SEC","Seminole Electric Cooperative","JEA","JEA",81,"megawatthours"
"2026-09-27T06","SEC","Seminole Electric Cooperative","TEC","Tampa Electric Company",-111,"megawatthours"
"2026-09-27T06","SEPA","Southeastern Power Administration","DUK","Duke Energy Carolinas",11,"megawatthours"
"2026-09-27T06","SEPA","Southeastern Power Administration","SC","South Carolina Public Service Authority",-132,"megawatthours"
"2026-09-27T06","SEPA","Southeastern Power Administration","SCEG","Dominion Energy South Carolina, Inc.",-17,"megawatthours"
"2026-09-27T06","SEPA","Southeastern Power Administration","SOCO","Southern Company Services, Inc. - Trans",138,"megawatthours"
"2026-09-27T06","SIKE","Sikeston Board of Municipal Utilities","AECI","Associated Electric Cooperative, Inc.",6,"megawatthours"
"2026-09-27T06","SIKE","Sikeston Board of Municipal Utilities","MISO","Midcontinent Independent System Operator, Inc.",51,"megawatthours"
"2026-09-27T06","SIKE","Sikeston Board of Municipal Utilities","SPA","Southwestern Power Administration",58,"megawatthours"
"2026-09-27T06","SIKE","Sikeston Board of Municipal Utilities","SWPP","Southwest Power Pool",-82,"megawatthours"
"2026-09-27T06","SRP","Salt River Project Agricultural Improvement and Power District","AZPS","Arizona Public Service Company",4018,"megawatthours"
"2026-09-27T06","SRP","Salt River Project Agricultural Improvement and Power District","CISO","California Independent System Operator",1625,"megawatthours"
"2026-09-27T06","SRP","Salt River Project Agricultural Improvement and Power District","DEAA","Arlington Valley, LLC",-211,"megawatthours"
"2026-09-27T06","SRP","Salt River Project Agricultural Improvement and Power District","GRID","Gridforce Energy Management, LLC",-554,"megawatthours"
"2026-09-27T06","SRP","Salt River Project Agricultural Improvement and Power District","TEPC","Tucson Electric Power",-737,"megawatthours"
"2026-09-27T06","SRP","Salt River Project Agricultural Improvement and Power District","WALC","Western Area Power Administration - Desert Southwest Region",10,"megawatthours"
"2026-09-27T06","SW","Southwest","CAL","California",4398,"megawatthours"
"2026-09-27T06","SW","Southwest","CENT","Central",0,"megawatthours"
"2026-09-27T06","SW","Southwest","NW","Northwest",-1218,"megawatthours"
"2026-09-27T06","TAL","City of Tallahassee","FPC","Duke Energy Florida, Inc.",110,"megawatthours"
"2026-09-27T06","TAL","City of Tallahassee","SOCO","Southern Company Services, Inc. - Trans",-8,"megawatthours"
"2026-09-27T06","TEN","Tennessee","CAR","Carolinas",86,"megawatthours"
"2026-09-27T06","TEN","Tennessee","MIDA","Mid-Atlantic",851,"megawatthours"
"2026-09-27T06","TEN","Tennessee","MIDW","Midwest",-1593,"megawatthours"
"2026-09-27T06","TEN","Tennessee","SE","Southeast",447,"megawatthours"
"2026-09-27T06","TEPC","Tucson Electric Power","AZPS","Arizona Public Service Company",36,"megawatthours"
"2026-09-27T06","TEPC","Tucson Electric Power","EPE","El Paso Electric Company",-172,"megawatthours"
"2026-09-27T06","TEPC","Tucson Electric Power","PNM","Public Service Company of New Mexico",151,"megawatthours"
"2026-09-27T06","TEPC","Tucson Electric Power","SRP","Salt River Project Agricultural Improvement and Power District",738,"megawatthours"
"2026-09-27T06","TEPC","Tucson Electric Power","WALC","Western Area Power Administration - Desert Southwest Region",-367,"megawatthours"
"2026-09-27T06","TIDC","Turlock Irrigation District","BANC","Balancing Authority of Northern California",65,"megawatthours"
"2026-09-27T06","TIDC","Turlock Irrigation District","CISO","California Independent System Operator",-115,"megawatthours"
"2026-09-27T06","TPWR","City of Tacoma, Department of Public Utilities, Light Division","BPAT","Bonneville Power Administration",-209,"megawatthours"
"2026-09-27T06","TPWR","City of Tacoma, Department of Public Utilities, Light Division","PSEI","Puget Sound Energy, Inc.",39,"megawatthours"
"2026-09-27T06","TVA","Tennessee Valley Authority","AECI","Associated Electric Cooperative, Inc.",-155,"megawatthours"
"2026-09-27T06","TVA","Tennessee Valley Authority","CPLW","Duke Energy Progress West",28,"megawatthours"
"2026-09-27T06","TVA","Tennessee Valley Authority","DUK","Duke Energy Carolinas",58,"megawatthours"
"2026-09-27T06","TVA","Tennessee Valley Authority","LGEE","LG&E and KU Services Company as agent for Louisville Gas and Electric Company and Kentucky Utilities Company",292,"megawatthours"
"2026-09-27T06","TVA","Tennessee Valley Authority","MISO","Midcontinent Independent System Operator, Inc.",-1730,"megawatthours"
"2026-09-27T06","TVA","Tennessee Valley Authority","PJM","PJM Interconnection, LLC",851,"megawatthours"
"2026-09-27T06","TVA","Tennessee Valley Authority","SOCO","Southern Company Services, Inc. - Trans",447,"megawatthours"
"2026-09-27T06","US48","United States Lower 48","CAN","Canada",-2361,"megawatthours"
"2026-09-27T06","US48","United States Lower 48","MEX","Mexico",158,"megawatthours"
"2026-09-27T06","WALC","Western Area Power Administration - Desert Southwest Region","AZPS","Arizona Public Service Company",-820,"megawatthours"
"2026-09-27T06","WALC","Western Area Power Administration - Desert Southwest Region","CISO","California Independent System Operator",169,"megawatthours"
"2026-09-27T06","WALC","Western Area Power Administration - Desert Southwest Region","GRID","Gridforce Energy Management, LLC",-566,"megawatthours"
"2026-09-27T06","WALC","Western Area Power Administration - Desert Southwest Region","IID","Imperial Irrigation District",56,"megawatthours"
"2026-09-27T06","WALC","Western Area Power Administration - Desert Southwest Region","LDWP","Los Angeles Department of Water and Power",1095,"megawatthours"
"2026-09-27T06","WALC","Western Area Power Administration - Desert Southwest Region","NEVP","Nevada Power Company",292,"megawatthours"
"2026-09-27T06","WALC","Western Area Power Administration - Desert Southwest Region","SRP","Salt River Project Agricultural Improvement and Power District",-12,"megawatthours"
"2026-09-27T06","WALC","Western Area Power Administration - Desert Southwest Region","SWPW","Southwest Power Pool West Balancing Authority Area",-77,"megawatthours"
"2026-09-27T06","WALC","Western Area Power Administration - Desert Southwest Region","TEPC","Tucson Electric Power",367,"megawatthours"
"2026-09-27T06","YAD","Alcoa Power Generating, Inc. - Yadkin Division","CPLE","Duke Energy Progress East",7,"megawatthours"
"2026-09-27T06","YAD","Alcoa Power Generating, Inc. - Yadkin Division","DUK","Duke Energy Carolinas",5,"megawatthours"
"2026-09-27T05","AECI","Associated Electric Cooperative, Inc.","MISO","Midcontinent Independent System Operator, Inc.",562,"megawatthours"
"2026-09-27T05","AECI","Associated Electric Cooperative, Inc.","SIKE","Sikeston Board of Municipal Utilities",-15,"megawatthours"
"2026-09-27T05","AECI","Associated Electric Cooperative, Inc.","SPA","Southwestern Power Administration",-3,"megawatthours"
"2026-09-27T05","AECI","Associated Electric Cooperative, Inc.","SWPP","Southwest Power Pool",-249,"megawatthours"
"2026-09-27T05","AECI","Associated Electric Cooperative, Inc.","TVA","Tennessee Valley Authority",174,"megawatthours"
"2026-09-27T05","AVA","Avista Corporation","BPAT","Bonneville Power Administration",-437,"megawatthours"
"2026-09-27T05","AVA","Avista Corporation","CHPD","Public Utility District No. 1 of Chelan County",-20,"megawatthours"
"2026-09-27T05","AVA","Avista Corporation","GCPD","Public Utility District No. 2 of Grant County, Washington",-25,"megawatthours"
"2026-09-27T05","AVA","Avista Corporation","IPCO","Idaho Power Company",115,"megawatthours"
"2026-09-27T05","AVA","Avista Corporation","NWMT","NorthWestern Corporation",-92,"megawatthours"
"2026-09-27T05","AVA","Avista Corporation","PACW","PacifiCorp West",99,"megawatthours"
"2026-09-27T05","AVRN","Avangrid Renewables, LLC","BPAT","Bonneville Power Administration",254,"megawatthours"
"2026-09-27T05","AVRN","Avangrid Renewables, LLC","PACW","PacifiCorp West",507,"megawatthours"
"2026-09-27T05","AZPS","Arizona Public Service Company","CISO","California Independent System Operator",1057,"megawatthours"
"2026-09-27T05","AZPS","Arizona Public Service Company","IID","Imperial Irrigation District",12,"megawatthours"
"2026-09-27T05","AZPS","Arizona Public Service Company","LDWP","Los Angeles Department of Water and Power",437,"megawatthours"
"2026-09-27T05","AZPS","Arizona Public Service Company","PACE","PacifiCorp East",-54,"megawatthours"
"2026-09-27T05","AZPS","Arizona Public Service Company","PNM","Public Service Company of New Mexico",177,"megawatthours"
"2026-09-27T05","AZPS","Arizona Public Service Company","SRP","Salt River Project Agricultural Improvement and Power District",-4220,"megawatthours"
"2026-09-27T05","AZPS","Arizona Public Service Company","SWPW","Southwest Power Pool West Balancing Authority Area",86,"megawatthours"
"2026-09-27T05","AZPS","Arizona Public Service Company","TEPC","Tucson Electric Power",-43,"megawatthours"
"2026-09-27T05","AZPS","Arizona Public Service Company","WALC","Western Area Power Administration - Desert Southwest Region",940,"megawatthours"
"2026-09-27T05","BANC","Balancing Authority of Northern California","BPAT","Bonneville Power Administration",-983,"megawatthours"
"2026-09-27T05","BANC","Balancing Authority of Northern California","CISO","California Independent System Operator",920,"megawatthours"
"2026-09-27T05","BANC","Balancing Authority of Northern California","TIDC","Turlock Irrigation District",-121,"megawatthours"
"2026-09-27T05","BHBA","Black Hills Energy","PACE","PacifiCorp East",88,"megawatthours"
"2026-09-27T05","BHBA","Black Hills Energy","SWPP","Southwest Power Pool",0,"megawatthours"
"2026-09-27T05","BHBA","Black Hills Energy","SWPW","Southwest Power Pool West Balancing Authority Area",-115,"megawatthours"
"2026-09-27T05","BPAT","Bonneville Power Administration","AVA","Avista Corporation",136,"megawatthours"
"2026-09-27T05","BPAT","Bonneville Power Administration","AVRN","Avangrid Renewables, LLC",-254,"megawatthours"
"2026-09-27T05","BPAT","Bonneville Power Administration","BANC","Balancing Authority of Northern California",983,"megawatthours"
"2026-09-27T05","BPAT","Bonneville Power Administration","BCHA","British Columbia Hydro and Power Authority",-2171,"megawatthours"
"2026-09-27T05","BPAT","Bonneville Power Administration","CHPD","Public Utility District No. 1 of Chelan County",-514,"megawatthours"
"2026-09-27T05","BPAT","Bonneville Power Administration","CISO","California Independent System Operator",1343,"megawatthours"
"2026-09-27T05","BPAT","Bonneville Power Administration","DOPD","PUD No. 1 of Douglas County",-332,"megawatthours"
"2026-09-27T05","BPAT","Bonneville Power Administration","GCPD","Public Utility District No. 2 of Grant County, Washington",-140,"megawatthours"
"2026-09-27T05","BPAT","Bonneville Power Administration","GRID","Gridforce Energy Management, LLC",-815,"megawatthours"
"2026-09-27T05","BPAT","Bonneville Power Administration","IPCO","Idaho Power Company",-67,"megawatthours"
"2026-09-27T05","BPAT","Bonneville Power Administration","LDWP","Los Angeles Department of Water and Power",2254,"megawatthours"
"2026-09-27T05","BPAT","Bonneville Power Administration","NEVP","Nevada Power Company",125,"megawatthours"
"2026-09-27T05","BPAT","Bonneville Power Administration","NWMT","NorthWestern Corporation",-1316,"megawatthours"
"2026-09-27T05","BPAT","Bonneville Power Administration","PACW","PacifiCorp West",761,"megawatthours"
"2026-09-27T05","BPAT","Bonneville Power Administration","PGE","Portland General Electric Company",287,"megawatthours"
"2026-09-27T05","BPAT","Bonneville Power Administration","PSEI","Puget Sound Energy, Inc.",1673,"megawatthours"
"2026-09-27T05","BPAT","Bonneville Power Administration","SCL","Seattle City Light",21,"megawatthours"
"2026-09-27T05","BPAT","Bonneville Power Administration","TPWR","City of Tacoma, Department of Public Utilities, Light Division",321,"megawatthours"
"2026-09-27T05","CAL","California","MEX","Mexico",279,"megawatthours"
"2026-09-27T05","CAL","California","NW","Northwest",-3668,"megawatthours"
"2026-09-27T05","CAL","California","SW","Southwest",-3784,"megawatthours"
"2026-09-27T05","CAR","Carolinas","MIDA","Mid-Atlantic",1305,"megawatthours"
"2026-09-27T05","CAR","Carolinas","SE","Southeast",-1457,"megawatthours"
"2026-09-27T05","CAR","Carolinas","TEN","Tennessee",-93,"megawatthours"
"2026-09-27T05","CENT","Central","MIDW","Midwest",360,"megawatthours"
"2026-09-27T05","CENT","Central","NW","Northwest",-94,"megawatthours"
"2026-09-27T05","CENT","Central","SW","Southwest",0,"megawatthours"
"2026-09-27T05","CENT","Central","TEX","Texas",-46,"megawatthours"
"2026-09-27T05","CHPD","Public Utility District No. 1 of Chelan County","AVA","Avista Corporation",20,"megawatthours"
"2026-09-27T05","CHPD","Public Utility District No. 1 of Chelan County","BPAT","Bonneville Power Administration",513,"megawatthours"
"2026-09-27T05","CHPD","Public Utility District No. 1 of Chelan County","DOPD","PUD No. 1 of Douglas County",151,"megawatthours"
"2026-09-27T05","CHPD","Public Utility District No. 1 of Chelan County","PSEI","Puget Sound Energy, Inc.",143,"megawatthours"
"2026-09-27T05","CISO","California Independent System Operator","AZPS","Arizona Public Service Company",-1815,"megawatthours"
"2026-09-27T05","CISO","California Independent System Operator","BANC","Balancing Authority of Northern California",-924,"megawatthours"
"2026-09-27T05","CISO","California Independent System Operator","BPAT","Bonneville Power Administration",-1345,"megawatthours"
"2026-09-27T05","CISO","California Independent System Operator","CEN","Centro Nacional de Control de Energia",279,"megawatthours"
"2026-09-27T05","CISO","California Independent System Operator","IID","Imperial Irrigation District",9,"megawatthours"
"2026-09-27T05","CISO","California Independent System Operator","LDWP","Los Angeles Department of Water and Power",-2180,"megawatthours"
"2026-09-27T05","CISO","California Independent System Operator","NEVP","Nevada Power Company",-1309,"megawatthours"
"2026-09-27T05","CISO","California Independent System Operator","PACW","PacifiCorp West",-31,"megawatthours"
"2026-09-27T05","CISO","California Independent System Operator","SRP","Salt River Project Agricultural Improvement and Power District",-1670,"megawatthours"
"2026-09-27T05","CISO","California Independent System Operator","TIDC","Turlock Irrigation District",193,"megawatthours"
"2026-09-27T05","CISO","California Independent System Operator","WALC","Western Area Power Administration - Desert Southwest Region",-224,"megawatthours"
"2026-09-27T05","CPLE","Duke Energy Progress East","DUK","Duke Energy Carolinas",-745,"megawatthours"
"2026-09-27T05","CPLE","Duke Energy Progress East","PJM","PJM Interconnection, LLC",977,"megawatthours"
"2026-09-27T05","CPLE","Duke Energy Progress East","SC","South Carolina Public Service Authority",-23,"megawatthours"
"2026-09-27T05","CPLE","Duke Energy Progress East","SCEG","Dominion Energy South Carolina, Inc.",-112,"megawatthours"
"2026-09-27T05","CPLE","Duke Energy Progress East","YAD","Alcoa Power Generating, Inc. - Yadkin Division",-3,"megawatthours"
"2026-09-27T05","CPLW","Duke Energy Progress West","DUK","Duke Energy Carolinas",-18,"megawatthours"
"2026-09-27T05","CPLW","Duke Energy Progress West","PJM","PJM Interconnection, LLC",-49,"megawatthours"
"2026-09-27T05","CPLW","Duke Energy Progress West","TVA","Tennessee Valley Authority",-29,"megawatthours"
"2026-09-27T05","DEAA","Arlington Valley, LLC","SRP","Salt River Project Agricultural Improvement and Power District",200,"megawatthours"
"2026-09-27T05","DOPD","PUD No. 1 of Douglas County","BPAT","Bonneville Power Administration",331,"megawatthours"
"2026-09-27T05","DOPD","PUD No. 1 of Douglas County","CHPD","Public Utility District No. 1 of Chelan County",-151,"megawatthours"
"2026-09-27T05","DUK","Duke Energy Carolinas","CPLE","Duke Energy Progress East",745,"megawatthours"
"2026-09-27T05","DUK","Duke Energy Carolinas","CPLW","Duke Energy Progress West",18,"megawatthours"
"2026-09-27T05","DUK","Duke Energy Carolinas","PJM","PJM Interconnection, LLC",377,"megawatthours"
"2026-09-27T05","DUK","Duke Energy Carolinas","SC","South Carolina Public Service Authority",-336,"megawatthours"
"2026-09-27T05","DUK","Duke Energy Carolinas","SCEG","Dominion Energy South Carolina, Inc.",-278,"megawatthours"
"2026-09-27T05","DUK","Duke Energy Carolinas","SEPA","Southeastern Power Administration",-15,"megawatthours"
"2026-09-27T05","DUK","Duke Energy Carolinas","SOCO","Southern Company Services, Inc. - Trans",-151,"megawatthours"
"2026-09-27T05","DUK","Duke Energy Carolinas","TVA","Tennessee Valley Authority",-64,"megawatthours"
"2026-09-27T05","DUK","Duke Energy Carolinas","YAD","Alcoa Power Generating, Inc. - Yadkin Division",-6,"megawatthours"
"2026-09-27T05","EPE","El Paso Electric Company","PNM","Public Service Company of New Mexico",-405,"megawatthours"
"2026-09-27T05","EPE","El Paso Electric Company","SWPP","Southwest Power Pool",0,"megawatthours"
"2026-09-27T05","EPE","El Paso Electric Company","TEPC","Tucson Electric Power",153,"megawatthours"
"2026-09-27T05","ERCO","Electric Reliability Council of Texas, Inc.","CEN","Centro Nacional de Control de Energia",221,"megawatthours"
"2026-09-27T05","ERCO","Electric Reliability Council of Texas, Inc.","SWPP","Southwest Power Pool",-245,"megawatthours"
"2026-09-27T05","FLA","Florida","SE","Southeast",-62,"megawatthours"
"2026-09-27T05","FMPP","Florida Municipal Power Pool","FPC","Duke Energy Florida, Inc.",80,"megawatthours"
"2026-09-27T05","FMPP","Florida Municipal Power Pool","FPL","Florida Power & Light Co.",-69,"megawatthours"
"2026-09-27T05","FMPP","Florida Municipal Power Pool","JEA","JEA",7,"megawatthours"
"2026-09-27T05","FMPP","Florida Municipal Power Pool","TEC","Tampa Electric Company",-170,"megawatthours"
"2026-09-27T05","FPC","Duke Energy Florida, Inc.","FMPP","Florida Municipal Power Pool",-74,"megawatthours"
"2026-09-27T05","FPC","Duke Energy Florida, Inc.","FPL","Florida Power & Light Co.",-517,"megawatthours"
"2026-09-27T05","FPC","Duke Energy Florida, Inc.","GVL","Gainesville Regional Utilities",-9,"megawatthours"
"2026-09-27T05","FPC","Duke Energy Florida, Inc.","SEC","Seminole Electric Cooperative",-404,"megawatthours"
"2026-09-27T05","FPC","Duke Energy Florida, Inc.","SOCO","Southern Company Services, Inc. - Trans",55,"megawatthours"
"2026-09-27T05","FPC","Duke Energy Florida, Inc.","TAL","City of Tallahassee",-117,"megawatthours"
"2026-09-27T05","FPC","Duke Energy Florida, Inc.","TEC","Tampa Electric Company",218,"megawatthours"
"2026-09-27T05","FPL","Florida Power & Light Co.","FMPP","Florida Municipal Power Pool",69,"megawatthours"
"2026-09-27T05","FPL","Florida Power & Light Co.","FPC","Duke Energy Florida, Inc.",517,"megawatthours"
"2026-09-27T05","FPL","Florida Power & Light Co.","GVL","Gainesville Regional Utilities",-10,"megawatthours"
"2026-09-27T05","FPL","Florida Power & Light Co.","HST","City of Homestead",76,"megawatthours"
"2026-09-27T05","FPL","Florida Power & Light Co.","JEA","JEA",442,"megawatthours"
"2026-09-27T05","FPL","Florida Power & Light Co.","SEC","Seminole Electric Cooperative",-1041,"megawatthours"
"2026-09-27T05","FPL","Florida Power & Light Co.","SOCO","Southern Company Services, Inc. - Trans",-102,"megawatthours"
"2026-09-27T05","FPL","Florida Power & Light Co.","TEC","Tampa Electric Company",105,"megawatthours"
"2026-09-27T05","GCPD","Public Utility District No. 2 of Grant County, Washington","AVA","Avista Corporation",25,"megawatthours"
"2026-09-27T05","GCPD","Public Utility District No. 2 of Grant County, Washington","BPAT","Bonneville Power Administration",139,"megawatthours"
"2026-09-27T05","GCPD","Public Utility District No. 2 of Grant County, Washington","PACW","PacifiCorp West",76,"megawatthours"
"2026-09-27T05","GCPD","Public Utility District No. 2 of Grant County, Washington","PSEI","Puget Sound Energy, Inc.",0,"megawatthours"
"2026-09-27T05","GRID","Gridforce Energy Management, LLC","BPAT","Bonneville Power Administration",813,"megawatthours"
"2026-09-27T05","GRID","Gridforce Energy Management, LLC","PNM","Public Service Company of New Mexico",-6,"megawatthours"
"2026-09-27T05","GRID","Gridforce Energy Management, LLC","SRP","Salt River Project Agricultural Improvement and Power District",600,"megawatthours"
"2026-09-27T05","GRID","Gridforce Energy Management, LLC","WALC","Western Area Power Administration - Desert Southwest Region",564,"megawatthours"
"2026-09-27T05","GVL","Gainesville Regional Utilities","FPC","Duke Energy Florida, Inc.",8,"megawatthours"
"2026-09-27T05","GVL","Gainesville Regional Utilities","FPL","Florida Power & Light Co.",10,"megawatthours"
"2026-09-27T05","GWA","NaturEner Power Watch, LLC","NWMT","NorthWestern Corporation",94,"megawatthours"
"2026-09-27T05","HST","City of Homestead","FPL","Florida Power & Light Co.",-75,"megawatthours"
"2026-09-27T05","IID","Imperial Irrigation District","AZPS","Arizona Public Service Company",-12,"megawatthours"
"2026-09-27T05","IID","Imperial Irrigation District","CISO","California Independent System Operator",-8,"megawatthours"
"2026-09-27T05","IID","Imperial Irrigation District","WALC","Western Area Power Administration - Desert Southwest Region",-63,"megawatthours"
"2026-09-27T05","IPCO","Idaho Power Company","AVA","Avista Corporation",-115,"megawatthours"
"2026-09-27T05","IPCO","Idaho Power Company","BPAT","Bonneville Power Administration",67,"megawatthours"
"2026-09-27T05","IPCO","Idaho Power Company","NEVP","Nevada Power Company",-32,"megawatthours"
"2026-09-27T05","IPCO","Idaho Power Company","NWMT","NorthWestern Corporation",-9,"megawatthours"
"2026-09-27T05","IPCO","Idaho Power Company","PACE","PacifiCorp East",-269,"megawatthours"
"2026-09-27T05","IPCO","Idaho Power Company","PACW","PacifiCorp West",1,"megawatthours"
"2026-09-27T05","LGEE","LG&E and KU Services Company as agent for Louisville Gas and Electric Company and Kentucky Utilities Company","MISO","Midcontinent Independent System Operator, Inc.",186,"megawatthours"
"2026-09-27T05","LGEE","LG&E and KU Services Company as agent for Louisville Gas and Electric Company and Kentucky Utilities Company","PJM","PJM Interconnection, LLC",-71,"megawatthours"
"2026-09-27T05","LGEE","LG&E and KU Services Company as agent for Louisville Gas and Electric Company and Kentucky Utilities Company","TVA","Tennessee Valley Authority",-306,"megawatthours"
"2026-09-27T05","MIDA","Mid-Atlantic","CAR","Carolinas",-1021,"megawatthours"
"2026-09-27T05","MIDA","Mid-Atlantic","MIDW","Midwest",2314,"megawatthours"
"2026-09-27T05","MIDA","Mid-Atlantic","NY","New York",2337,"megawatthours"
"2026-09-27T05","MIDA","Mid-Atlantic","TEN","Tennessee",-786,"megawatthours"
"2026-09-27T05","MIDW","Midwest","CAN","Canada",-2268,"megawatthours"
"2026-09-27T05","MIDW","Midwest","CENT","Central",-619,"megawatthours"
"2026-09-27T05","MIDW","Midwest","MIDA","Mid-Atlantic",-2450,"megawatthours"
"2026-09-27T05","MIDW","Midwest","SE","Southeast",389,"megawatthours"
"2026-09-27T05","MIDW","Midwest","TEN","Tennessee",1614,"megawatthours"
"2026-09-27T05","MISO","Midcontinent Independent System Operator, Inc.","AECI","Associated Electric Cooperative, Inc.",-551,"megawatthours"
"2026-09-27T05","MISO","Midcontinent Independent System Operator, Inc.","IESO","Ontario IESO",-1195,"megawatthours"
"2026-09-27T05","MISO","Midcontinent Independent System Operator, Inc.","LGEE","LG&E and KU Services Company as agent for Louisville Gas and Electric Company and Kentucky Utilities Company",-185,"megawatthours"
"2026-09-27T05","MISO","Midcontinent Independent System Operator, Inc.","MHEB","Manitoba Hydro",-1073,"megawatthours"
"2026-09-27T05","MISO","Midcontinent Independent System Operator, Inc.","PJM","PJM Interconnection, LLC",-2379,"megawatthours"
"2026-09-27T05","MISO","Midcontinent Independent System Operator, Inc.","SIKE","Sikeston Board of Municipal Utilities",-39,"megawatthours"
"2026-09-27T05","MISO","Midcontinent Independent System Operator, Inc.","SOCO","Southern Company Services, Inc. - Trans",389,"megawatthours"
"2026-09-27T05","MISO","Midcontinent Independent System Operator, Inc.","SPA","Southwestern Power Administration",-24,"megawatthours"
"2026-09-27T05","MISO","Midcontinent Independent System Operator, Inc.","SWPP","Southwest Power Pool",-320,"megawatthours"
"2026-09-27T05","MISO","Midcontinent Independent System Operator, Inc.","TVA","Tennessee Valley Authority",1746,"megawatthours"
"2026-09-27T05","NEVP","Nevada Power Company","BPAT","Bonneville Power Administration",-125,"megawatthours"
"2026-09-27T05","NEVP","Nevada Power Company","CISO","California Independent System Operator",1307,"megawatthours"
"2026-09-27T05","NEVP","Nevada Power Company","IPCO","Idaho Power Company",-86,"megawatthours"
"2026-09-27T05","NEVP","Nevada Power Company","LDWP","Los Angeles Department of Water and Power",-1182,"megawatthours"
"2026-09-27T05","NEVP","Nevada Power Company","PACE","PacifiCorp East",-135,"megawatthours"
"2026-09-27T05","NEVP","Nevada Power Company","WALC","Western Area Power Administration - Desert Southwest Region",-445,"megawatthours"
"2026-09-27T05","NW","Northwest","CAL","California",5165,"megawatthours"
"2026-09-27T05","NW","Northwest","CAN","Canada",-2171,"megawatthours"
"2026-09-27T05","NW","Northwest","CENT","Central",0,"megawatthours"
"2026-09-27T05","NW","Northwest","SW","Southwest",612,"megawatthours"
"2026-09-27T05","NWMT","NorthWestern Corporation","AESO","Alberta Electric System Operator",0,"megawatthours"
"2026-09-27T05","NWMT","NorthWestern Corporation","AVA","Avista Corporation",92,"megawatthours"
"2026-09-27T05","NWMT","NorthWestern Corporation","BPAT","Bonneville Power Administration",1316,"megawatthours"
"2026-09-27T05","NWMT","NorthWestern Corporation","GWA","NaturEner Power Watch, LLC",-95,"megawatthours"
"2026-09-27T05","NWMT","NorthWestern Corporation","IPCO","Idaho Power Company",9,"megawatthours"
"2026-09-27T05","NWMT","NorthWestern Corporation","PACE","PacifiCorp East",229,"megawatthours"
"2026-09-27T05","NWMT","NorthWestern Corporation","SWPW","Southwest Power Pool West Balancing Authority Area",26,"megawatthours"
"2026-09-27T05","NWMT","NorthWestern Corporation","WAUW","Western Area Power Administration - Upper Great Plains West",0,"megawatthours"
"2026-09-27T05","NWMT","NorthWestern Corporation","WWA","NaturEner Wind Watch, LLC",0,"megawatthours"
"2026-09-27T05","PACE","PacifiCorp East","AZPS","Arizona Public Service Company",54,"megawatthours"
"2026-09-27T05","PACE","PacifiCorp East","BHBA","Black Hills Energy",-86,"megawatthours"
"2026-09-27T05","PACE","PacifiCorp East","IPCO","Idaho Power Company",269,"megawatthours"
"2026-09-27T05","PACE","PacifiCorp East","LDWP","Los Angeles Department of Water and Power",427,"megawatthours"
"2026-09-27T05","PACE","PacifiCorp East","NEVP","Nevada Power Company",135,"megawatthours"
"2026-09-27T05","PACE","PacifiCorp East","NWMT","NorthWestern Corporation",-229,"megawatthours"
"2026-09-27T05","PACE","PacifiCorp East","SWPW","Southwest Power Pool West Balancing Authority Area",53,"megawatthours"
"2026-09-27T05","PACW","PacifiCorp West","AVA","Avista Corporation",-99,"megawatthours"
"2026-09-27T05","PACW","PacifiCorp West","AVRN","Avangrid Renewables, LLC",-507,"megawatthours"
"2026-09-27T05","PACW","PacifiCorp West","BPAT","Bonneville Power Administration",-761,"megawatthours"
"2026-09-27T05","PACW","PacifiCorp West","CISO","California Independent System Operator",33,"megawatthours"
"2026-09-27T05","PACW","PacifiCorp West","GCPD","Public Utility District No. 2 of Grant County, Washington",-76,"megawatthours"
"2026-09-27T05","PACW","PacifiCorp West","IPCO","Idaho Power Company",-1,"megawatthours"
"2026-09-27T05","PACW","PacifiCorp West","PGE","Portland General Electric Company",63,"megawatthours"
"2026-09-27T05","PGE","Portland General Electric Company","BPAT","Bonneville Power Administration",-1092,"megawatthours"
"2026-09-27T05","PGE","Portland General Electric Company","PACW","PacifiCorp West",-63,"megawatthours"
"2026-09-27T05","PJM","PJM Interconnection, LLC","CPLE","Duke Energy Progress East",-792,"megawatthours"
"2026-09-27T05","PJM","PJM Interconnection, LLC","CPLW","Duke Energy Progress West",73,"megawatthours"
"2026-09-27T05","PJM","PJM Interconnection, LLC","DUK","Duke Energy Carolinas",-302,"megawatthours"
"2026-09-27T05","PJM","PJM Interconnection, LLC","LGEE","LG&E and KU Services Company as agent for Louisville Gas and Electric Company and Kentucky Utilities Company",176,"megawatthours"
"2026-09-27T05","PJM","PJM Interconnection, LLC","MISO","Midcontinent Independent System Operator, Inc.",2138,"megawatthours"
"2026-09-27T05","PJM","PJM Interconnection, LLC","NYIS","New York Independent System Operator",2337,"megawatthours"
"2026-09-27T05","PJM","PJM Interconnection, LLC","TVA","Tennessee Valley Authority",-786,"megawatthours"
"2026-09-27T05","PNM","Public Service Company of New Mexico","AZPS","Arizona Public Service Company",-177,"megawatthours"
"2026-09-27T05","PNM","Public Service Company of New Mexico","EPE","El Paso Electric Company",405,"megawatthours"
"2026-09-27T05","PNM","Public Service Company of New Mexico","GRID","Gridforce Energy Management, LLC",6,"megawatthours"
"2026-09-27T05","PNM","Public Service Company of New Mexico","PSCO","Public Service Company of Colorado",-131,"megawatthours"
"2026-09-27T05","PNM","Public Service Company of New Mexico","SWPP","Southwest Power Pool",0,"megawatthours"
"2026-09-27T05","PNM","Public Service Company of New Mexico","SWPW","Southwest Power Pool West Balancing Authority Area",7,"megawatthours"
"2026-09-27T05","PNM","Public Service Company of New Mexico","TEPC","Tucson Electric Power",-117,"megawatthours"
"2026-09-27T05","PSCO","Public Service Company of Colorado","PNM","Public Service Company of New Mexico",0,"megawatthours"
"2026-09-27T05","PSCO","Public Service Company of Colorado","SWPP","Southwest Power Pool",0,"megawatthours"
"2026-09-27T05","PSCO","Public Service Company of Colorado","SWPW","Southwest Power Pool West Balancing Authority Area",186,"megawatthours"
"2026-09-27T05","PSEI","Puget Sound Energy, Inc.","BPAT","Bonneville Power Administration",-2199,"megawatthours"
"2026-09-27T05","PSEI","Puget Sound Energy, Inc.","CHPD","Public Utility District No. 1 of Chelan County",-143,"megawatthours"
"2026-09-27T05","PSEI","Puget Sound Energy, Inc.","GCPD","Public Utility District No. 2 of Grant County, Washington",0,"megawatthours"
"2026-09-27T05","PSEI","Puget Sound Energy, Inc.","SCL","Seattle City Light",208,"megawatthours"
"2026-09-27T05","PSEI","Puget Sound Energy, Inc.","TPWR","City of Tacoma, Department of Public Utilities, Light Division",-41,"megawatthours"
"2026-09-27T05","SCEG","Dominion Energy South Carolina, Inc.","CPLE","Duke Energy Progress East",112,"megawatthours"
"2026-09-27T05","SCEG","Dominion Energy South Carolina, Inc.","DUK","Duke Energy Carolinas",278,"megawatthours"
"2026-09-27T05","SCEG","Dominion Energy South Carolina, Inc.","SC","South Carolina Public Service Authority",1157,"megawatthours"
"2026-09-27T05","SCEG","Dominion Energy South Carolina, Inc.","SEPA","Southeastern Power Administration",17,"megawatthours"
"2026-09-27T05","SCEG","Dominion Energy South Carolina, Inc.","SOCO","Southern Company Services, Inc. - Trans",-1308,"megawatthours"
"2026-09-27T05","SCL","Seattle City Light","BPAT","Bonneville Power Administration",-21,"megawatthours"
"2026-09-27T05","SCL","Seattle City Light","PSEI","Puget Sound Energy, Inc.",-208,"megawatthours"
"2026-09-27T05","SE","Southeast","CAR","Carolinas",1848,"megawatthours"
"2026-09-27T05","SE","Southeast","FLA","Florida",73,"megawatthours"
"2026-09-27T05","SE","Southeast","MIDW","Midwest",-521,"megawatthours"
"2026-09-27T05","SE","Southeast","TEN","Tennessee",-538,"megawatthours"
"2026-09-27T05","SEC","Seminole Electric Cooperative","FPC","Duke Energy Florida, Inc.",411,"megawatthours"
"2026-09-27T05","SEC","Seminole Electric Cooperative","FPL","Florida Power & Light Co.",1041,"megawatthours"
"2026-09-27T05","SEC","Seminole Electric Cooperative","JEA","JEA",84,"megawatthours"
"2026-09-27T05","SEC","Seminole Electric Cooperative","TEC","Tampa Electric Company",-137,"megawatthours"
"2026-09-27T05","SEPA","Southeastern Power Administration","DUK","Duke Energy Carolinas",15,"megawatthours"
"2026-09-27T05","SEPA","Southeastern Power Administration","SC","South Carolina Public Service Authority",-128,"megawatthours"
"2026-09-27T05","SEPA","Southeastern Power Administration","SCEG","Dominion Energy South Carolina, Inc.",-17,"megawatthours"
"2026-09-27T05","SEPA","Southeastern Power Administration","SOCO","Southern Company Services, Inc. - Trans",163,"megawatthours"
"2026-09-27T05","SIKE","Sikeston Board of Municipal Utilities","AECI","Associated Electric Cooperative, Inc.",15,"megawatthours"
"2026-09-27T05","SIKE","Sikeston Board of Municipal Utilities","MISO","Midcontinent Independent System Operator, Inc.",39,"megawatthours"
"2026-09-27T05","SIKE","Sikeston Board of Municipal Utilities","SPA","Southwestern Power Administration",59,"megawatthours"
"2026-09-27T05","SIKE","Sikeston Board of Municipal Utilities","SWPP","Southwest Power Pool",-82,"megawatthours"
"2026-09-27T05","SOCO","Southern Company Services, Inc. - Trans","DUK","Duke Energy Carolinas",151,"megawatthours"
"2026-09-27T05","SOCO","Southern Company Services, Inc. - Trans","FPC","Duke Energy Florida, Inc.",-55,"megawatthours"
"2026-09-27T05","SOCO","Southern Company Services, Inc. - Trans","FPL","Florida Power & Light Co.",112,"megawatthours"
"2026-09-27T05","SOCO","Southern Company Services, Inc. - Trans","MISO","Midcontinent Independent System Operator, Inc.",-521,"megawatthours"
"2026-09-27T05","SOCO","Southern Company Services, Inc. - Trans","SC","South Carolina Public Service Authority",519,"megawatthours"
"2026-09-27T05","SOCO","Southern Company Services, Inc. - Trans","SCEG","Dominion Energy South Carolina, Inc.",1308,"megawatthours"
"2026-09-27T05","SOCO","Southern Company Services, Inc. - Trans","SEPA","Southeastern Power Administration",-163,"megawatthours"
"2026-09-27T05","SOCO","Southern Company Services, Inc. - Trans","TAL","City of Tallahassee",16,"megawatthours"
"2026-09-27T05","SOCO","Southern Company Services, Inc. - Trans","TVA","Tennessee Valley Authority",-538,"megawatthours"
"2026-09-27T05","SPA","Southwestern Power Administration","AECI","Associated Electric Cooperative, Inc.",3,"megawatthours"
"2026-09-27T05","SPA","Southwestern Power Administration","MISO","Midcontinent Independent System Operator, Inc.",24,"megawatthours"
"2026-09-27T05","SPA","Southwestern Power Administration","SIKE","Sikeston Board of Municipal Utilities",-59,"megawatthours"
"2026-09-27T05","SPA","Southwestern Power Administration","SWPP","Southwest Power Pool",27,"megawatthours"
"2026-09-27T05","SRP","Salt River Project Agricultural Improvement and Power District","AZPS","Arizona Public Service Company",3995,"megawatthours"
"2026-09-27T05","SRP","Salt River Project Agricultural Improvement and Power District","CISO","California Independent System Operator",1636,"megawatthours"
"2026-09-27T05","SRP","Salt River Project Agricultural Improvement and Power District","DEAA","Arlington Valley, LLC",-200,"megawatthours"
"2026-09-27T05","SRP","Salt River Project Agricultural Improvement and Power District","GRID","Gridforce Energy Management, LLC",-600,"megawatthours"
"2026-09-27T05","SRP","Salt River Project Agricultural Improvement and Power District","TEPC","Tucson Electric Power",-599,"megawatthours"
"2026-09-27T05","SRP","Salt River Project Agricultural Improvement and Power District","WALC","Western Area Power Administration - Desert Southwest Region",-28,"megawatthours"
"2026-09-27T05","SW","Southwest","CAL","California",4554,"megawatthours"
"2026-09-27T05","SW","Southwest","CENT","Central",0,"megawatthours"
"2026-09-27T05","SW","Southwest","NW","Northwest",-898,"megawatthours"
"2026-09-27T05","SWPP","Southwest Power Pool","AECI","Associated Electric Cooperative, Inc.",312,"megawatthours"
"2026-09-27T05","SWPP","Southwest Power Pool","EPE","El Paso Electric Company",0,"megawatthours"
"2026-09-27T05","SWPP","Southwest Power Pool","ERCO","Electric Reliability Council of Texas, Inc.",-46,"megawatthours"
"2026-09-27T05","SWPP","Southwest Power Pool","MISO","Midcontinent Independent System Operator, Inc.",80,"megawatthours"
"2026-09-27T05","SWPP","Southwest Power Pool","PNM","Public Service Company of New Mexico",0,"megawatthours"
"2026-09-27T05","SWPP","Southwest Power Pool","PSCO","Public Service Company of Colorado",-94,"megawatthours"
"2026-09-27T05","SWPW","Southwest Power Pool West Balancing Authority Area","AZPS","Arizona Public Service Company",-72,"megawatthours"
"2026-09-27T05","SWPW","Southwest Power Pool West Balancing Authority Area","BHBA","Black Hills Energy",155,"megawatthours"
"2026-09-27T05","SWPW","Southwest Power Pool West Balancing Authority Area","NWMT","NorthWestern Corporation",5,"megawatthours"
"2026-09-27T05","SWPW","Southwest Power Pool West Balancing Authority Area","PACE","PacifiCorp East",-5,"megawatthours"
"2026-09-27T05","SWPW","Southwest Power Pool West Balancing Authority Area","PNM","Public Service Company of New Mexico",-175,"megawatthours"
"2026-09-27T05","SWPW","Southwest Power Pool West Balancing Authority Area","PSCO","Public Service Company of Colorado",-62,"megawatthours"
"2026-09-27T05","SWPW","Southwest Power Pool West Balancing Authority Area","WALC","Western Area Power Administration - Desert Southwest Region",92,"megawatthours"
"2026-09-27T05","TAL","City of Tallahassee","FPC","Duke Energy Florida, Inc.",117,"megawatthours"
"2026-09-27T05","TAL","City of Tallahassee","SOCO","Southern Company Services, Inc. - Trans",-15,"megawatthours"
"2026-09-27T05","TEN","Tennessee","CAR","Carolinas",93,"megawatthours"
"2026-09-27T05","TEN","Tennessee","MIDA","Mid-Atlantic",941,"megawatthours"
"2026-09-27T05","TEN","Tennessee","MIDW","Midwest",-1709,"megawatthours"
"2026-09-27T05","TEN","Tennessee","SE","Southeast",538,"megawatthours"
"2026-09-27T05","TEPC","Tucson Electric Power","AZPS","Arizona Public Service Company",43,"megawatthours"
"2026-09-27T05","TEPC","Tucson Electric Power","EPE","El Paso Electric Company",-153,"megawatthours"
"2026-09-27T05","TEPC","Tucson Electric Power","PNM","Public Service Company of New Mexico",117,"megawatthours"
"2026-09-27T05","TEPC","Tucson Electric Power","SRP","Salt River Project Agricultural Improvement and Power District",599,"megawatthours"
"2026-09-27T05","TEPC","Tucson Electric Power","WALC","Western Area Power Administration - Desert Southwest Region",-378,"megawatthours"
"2026-09-27T05","TEX","Texas","CENT","Central",-245,"megawatthours"
"2026-09-27T05","TEX","Texas","MEX","Mexico",221,"megawatthours"
"2026-09-27T05","TIDC","Turlock Irrigation District","BANC","Balancing Authority of Northern California",121,"megawatthours"
"2026-09-27T05","TIDC","Turlock Irrigation District","CISO","California Independent System Operator",-193,"megawatthours"
"2026-09-27T05","TPWR","City of Tacoma, Department of Public Utilities, Light Division","BPAT","Bonneville Power Administration",-321,"megawatthours"
"2026-09-27T05","TPWR","City of Tacoma, Department of Public Utilities, Light Division","PSEI","Puget Sound Energy, Inc.",41,"megawatthours"
"2026-09-27T05","TVA","Tennessee Valley Authority","AECI","Associated Electric Cooperative, Inc.",-172,"megawatthours"
"2026-09-27T05","TVA","Tennessee Valley Authority","CPLW","Duke Energy Progress West",29,"megawatthours"
"2026-09-27T05","TVA","Tennessee Valley Authority","DUK","Duke Energy Carolinas",64,"megawatthours"
"2026-09-27T05","TVA","Tennessee Valley Authority","LGEE","LG&E and KU Services Company as agent for Louisville Gas and Electric Company and Kentucky Utilities Company",306,"megawatthours"
"2026-09-27T05","TVA","Tennessee Valley Authority","MISO","Midcontinent Independent System Operator, Inc.",-1843,"megawatthours"
"2026-09-27T05","TVA","Tennessee Valley Authority","PJM","PJM Interconnection, LLC",941,"megawatthours"
"2026-09-27T05","TVA","Tennessee Valley Authority","SOCO","Southern Company Services, Inc. - Trans",538,"megawatthours"
"2026-09-27T05","US48","United States Lower 48","CAN","Canada",-4439,"megawatthours"
"2026-09-27T05","US48","United States Lower 48","MEX","Mexico",500,"megawatthours"
"2026-09-27T05","WALC","Western Area Power Administration - Desert Southwest Region","AZPS","Arizona Public Service Company",-939,"megawatthours"
"2026-09-27T05","WALC","Western Area Power Administration - Desert Southwest Region","CISO","California Independent System Operator",223,"megawatthours"
"2026-09-27T05","WALC","Western Area Power Administration - Desert Southwest Region","GRID","Gridforce Energy Management, LLC",-564,"megawatthours"
"2026-09-27T05","WALC","Western Area Power Administration - Desert Southwest Region","IID","Imperial Irrigation District",63,"megawatthours"
"2026-09-27T05","WALC","Western Area Power Administration - Desert Southwest Region","LDWP","Los Angeles Department of Water and Power",1126,"megawatthours"
"2026-09-27T05","WALC","Western Area Power Administration - Desert Southwest Region","NEVP","Nevada Power Company",445,"megawatthours"
"2026-09-27T05","WALC","Western Area Power Administration - Desert Southwest Region","SRP","Salt River Project Agricultural Improvement and Power District",29,"megawatthours"
"2026-09-27T05","WALC","Western Area Power Administration - Desert Southwest Region","SWPW","Southwest Power Pool West Balancing Authority Area",-93,"megawatthours"
"2026-09-27T05","WALC","Western Area Power Administration - Desert Southwest Region","TEPC","Tucson Electric Power",378,"megawatthours"
"2026-09-27T05","YAD","Alcoa Power Generating, Inc. - Yadkin Division","CPLE","Duke Energy Progress East",3,"megawatthours"
"2026-09-27T05","YAD","Alcoa Power Generating, Inc. - Yadkin Division","DUK","Duke Energy Carolinas",6,"megawatthours"
"2026-09-27T04","AECI","Associated Electric Cooperative, Inc.","MISO","Midcontinent Independent System Operator, Inc.",522,"megawatthours"
"2026-09-27T04","AECI","Associated Electric Cooperative, Inc.","SIKE","Sikeston Board of Municipal Utilities",-15,"megawatthours"
"2026-09-27T04","AECI","Associated Electric Cooperative, Inc.","SPA","Southwestern Power Administration",21,"megawatthours"
"2026-09-27T04","AECI","Associated Electric Cooperative, Inc.","SWPP","Southwest Power Pool",-289,"megawatthours"
"2026-09-27T04","AECI","Associated Electric Cooperative, Inc.","TVA","Tennessee Valley Authority",186,"megawatthours"
"2026-09-27T04","AVA","Avista Corporation","BPAT","Bonneville Power Administration",-309,"megawatthours"
"2026-09-27T04","AVA","Avista Corporation","CHPD","Public Utility District No. 1 of Chelan County",-22,"megawatthours"
"2026-09-27T04","AVA","Avista Corporation","GCPD","Public Utility District No. 2 of Grant County, Washington",-55,"megawatthours"
"2026-09-27T04","AVA","Avista Corporation","IPCO","Idaho Power Company",124,"megawatthours"
"2026-09-27T04","AVA","Avista Corporation","NWMT","NorthWestern Corporation",-77,"megawatthours"
"2026-09-27T04","AVA","Avista Corporation","PACW","PacifiCorp West",125,"megawatthours"
"2026-09-27T04","AVRN","Avangrid Renewables, LLC","BPAT","Bonneville Power Administration",214,"megawatthours"
"2026-09-27T04","AVRN","Avangrid Renewables, LLC","PACW","PacifiCorp West",506,"megawatthours"
"2026-09-27T04","AZPS","Arizona Public Service Company","CISO","California Independent System Operator",922,"megawatthours"
"2026-09-27T04","AZPS","Arizona Public Service Company","IID","Imperial Irrigation District",7,"megawatthours"
"2026-09-27T04","AZPS","Arizona Public Service Company","LDWP","Los Angeles Department of Water and Power",365,"megawatthours"
"2026-09-27T04","AZPS","Arizona Public Service Company","PACE","PacifiCorp East",-83,"megawatthours"
"2026-09-27T04","AZPS","Arizona Public Service Company","PNM","Public Service Company of New Mexico",198,"megawatthours"
"2026-09-27T04","AZPS","Arizona Public Service Company","SRP","Salt River Project Agricultural Improvement and Power District",-3919,"megawatthours"
"2026-09-27T04","AZPS","Arizona Public Service Company","SWPW","Southwest Power Pool West Balancing Authority Area",145,"megawatthours"
"2026-09-27T04","AZPS","Arizona Public Service Company","TEPC","Tucson Electric Power",6,"megawatthours"
"2026-09-27T04","AZPS","Arizona Public Service Company","WALC","Western Area Power Administration - Desert Southwest Region",847,"megawatthours"
"2026-09-27T04","BANC","Balancing Authority of Northern California","BPAT","Bonneville Power Administration",-894,"megawatthours"
"2026-09-27T04","BANC","Balancing Authority of Northern California","CISO","California Independent System Operator",985,"megawatthours"
"2026-09-27T04","BANC","Balancing Authority of Northern California","TIDC","Turlock Irrigation District",-128,"megawatthours"
"2026-09-27T04","BHBA","Black Hills Energy","PACE","PacifiCorp East",49,"megawatthours"
"2026-09-27T04","BHBA","Black Hills Energy","SWPP","Southwest Power Pool",0,"megawatthours"
"2026-09-27T04","BHBA","Black Hills Energy","SWPW","Southwest Power Pool West Balancing Authority Area",-138,"megawatthours"
"2026-09-27T04","BPAT","Bonneville Power Administration","AVA","Avista Corporation",10,"megawatthours"
"2026-09-27T04","BPAT","Bonneville Power Administration","AVRN","Avangrid Renewables, LLC",-214,"megawatthours"
"2026-09-27T04","BPAT","Bonneville Power Administration","BANC","Balancing Authority of Northern California",894,"megawatthours"
"2026-09-27T04","BPAT","Bonneville Power Administration","BCHA","British Columbia Hydro and Power Authority",-2187,"megawatthours"
"2026-09-27T04","BPAT","Bonneville Power Administration","CHPD","Public Utility District No. 1 of Chelan County",-566,"megawatthours"
"2026-09-27T04","BPAT","Bonneville Power Administration","CISO","California Independent System Operator",1216,"megawatthours"
"2026-09-27T04","BPAT","Bonneville Power Administration","DOPD","PUD No. 1 of Douglas County",-444,"megawatthours"
"2026-09-27T04","BPAT","Bonneville Power Administration","GCPD","Public Utility District No. 2 of Grant County, Washington",-234,"megawatthours"
"2026-09-27T04","BPAT","Bonneville Power Administration","GRID","Gridforce Energy Management, LLC",-817,"megawatthours"
"2026-09-27T04","BPAT","Bonneville Power Administration","IPCO","Idaho Power Company",-67,"megawatthours"
"2026-09-27T04","BPAT","Bonneville Power Administration","LDWP","Los Angeles Department of Water and Power",2377,"megawatthours"
"2026-09-27T04","BPAT","Bonneville Power Administration","NEVP","Nevada Power Company",117,"megawatthours"
"2026-09-27T04","BPAT","Bonneville Power Administration","NWMT","NorthWestern Corporation",-1211,"megawatthours"
"2026-09-27T04","BPAT","Bonneville Power Administration","PACW","PacifiCorp West",723,"megawatthours"
"2026-09-27T04","BPAT","Bonneville Power Administration","PGE","Portland General Electric Company",381,"megawatthours"
"2026-09-27T04","BPAT","Bonneville Power Administration","PSEI","Puget Sound Energy, Inc.",1727,"megawatthours"
"2026-09-27T04","BPAT","Bonneville Power Administration","SCL","Seattle City Light",21,"megawatthours"
"2026-09-27T04","BPAT","Bonneville Power Administration","TPWR","City of Tacoma, Department of Public Utilities, Light Division",356,"megawatthours"
"2026-09-27T04","CAL","California","MEX","Mexico",404,"megawatthours"
"2026-09-27T04","CAL","California","NW","Northwest",-3375,"megawatthours"
"2026-09-27T04","CAL","California","SW","Southwest",-3193,"megawatthours"
"2026-09-27T04","CAR","Carolinas","MIDA","Mid-Atlantic",1231,"megawatthours"
"2026-09-27T04","CAR","Carolinas","SE","Southeast",-1794,"megawatthours"
"2026-09-27T04","CAR","Carolinas","TEN","Tennessee",-76,"megawatthours"
"2026-09-27T04","CENT","Central","MIDW","Midwest",200,"megawatthours"
"2026-09-27T04","CENT","Central","NW","Northwest",-338,"megawatthours"
"2026-09-27T04","CENT","Central","SW","Southwest",0,"megawatthours"
"2026-09-27T04","CENT","Central","TEX","Texas",-879,"megawatthours"
"2026-09-27T04","CHPD","Public Utility District No. 1 of Chelan County","AVA","Avista Corporation",22,"megawatthours"
"2026-09-27T04","CHPD","Public Utility District No. 1 of Chelan County","BPAT","Bonneville Power Administration",566,"megawatthours"
"2026-09-27T04","CHPD","Public Utility District No. 1 of Chelan County","DOPD","PUD No. 1 of Douglas County",177,"megawatthours"
"2026-09-27T04","CHPD","Public Utility District No. 1 of Chelan County","PSEI","Puget Sound Energy, Inc.",157,"megawatthours"
"2026-09-27T04","CISO","California Independent System Operator","AZPS","Arizona Public Service Company",-1517,"megawatthours"
"2026-09-27T04","CISO","California Independent System Operator","BANC","Balancing Authority of Northern California",-988,"megawatthours"
"2026-09-27T04","CISO","California Independent System Operator","BPAT","Bonneville Power Administration",-1220,"megawatthours"
"2026-09-27T04","CISO","California Independent System Operator","CEN","Centro Nacional de Control de Energia",404,"megawatthours"
"2026-09-27T04","CISO","California Independent System Operator","IID","Imperial Irrigation District",50,"megawatthours"
"2026-09-27T04","CISO","California Independent System Operator","LDWP","Los Angeles Department of Water and Power",-1843,"megawatthours"
"2026-09-27T04","CISO","California Independent System Operator","NEVP","Nevada Power Company",-1233,"megawatthours"
"2026-09-27T04","CISO","California Independent System Operator","PACW","PacifiCorp West",-28,"megawatthours"
"2026-09-27T04","CISO","California Independent System Operator","SRP","Salt River Project Agricultural Improvement and Power District",-1461,"megawatthours"
"2026-09-27T04","CISO","California Independent System Operator","TIDC","Turlock Irrigation District",213,"megawatthours"
"2026-09-27T04","CISO","California Independent System Operator","WALC","Western Area Power Administration - Desert Southwest Region",-144,"megawatthours"
"2026-09-27T04","CPLE","Duke Energy Progress East","DUK","Duke Energy Carolinas",-643,"megawatthours"
"2026-09-27T04","CPLE","Duke Energy Progress East","PJM","PJM Interconnection, LLC",957,"megawatthours"
"2026-09-27T04","CPLE","Duke Energy Progress East","SC","South Carolina Public Service Authority",-57,"megawatthours"
"2026-09-27T04","CPLE","Duke Energy Progress East","SCEG","Dominion Energy South Carolina, Inc.",-111,"megawatthours"
"2026-09-27T04","CPLE","Duke Energy Progress East","YAD","Alcoa Power Generating, Inc. - Yadkin Division",-2,"megawatthours"
"2026-09-27T04","CPLW","Duke Energy Progress West","DUK","Duke Energy Carolinas",-40,"megawatthours"
"2026-09-27T04","CPLW","Duke Energy Progress West","PJM","PJM Interconnection, LLC",-62,"megawatthours"
"2026-09-27T04","CPLW","Duke Energy Progress West","TVA","Tennessee Valley Authority",-27,"megawatthours"
"2026-09-27T04","DEAA","Arlington Valley, LLC","SRP","Salt River Project Agricultural Improvement and Power District",140,"megawatthours"
"2026-09-27T04","DOPD","PUD No. 1 of Douglas County","BPAT","Bonneville Power Administration",443,"megawatthours"
"2026-09-27T04","DOPD","PUD No. 1 of Douglas County","CHPD","Public Utility District No. 1 of Chelan County",-177,"megawatthours"
"2026-09-27T04","DUK","Duke Energy Carolinas","CPLE","Duke Energy Progress East",643,"megawatthours"
"2026-09-27T04","DUK","Duke Energy Carolinas","CPLW","Duke Energy Progress West",40,"megawatthours"
"2026-09-27T04","DUK","Duke Energy Carolinas","PJM","PJM Interconnection, LLC",336,"megawatthours"
"2026-09-27T04","DUK","Duke Energy Carolinas","SC","South Carolina Public Service Authority",-300,"megawatthours"
"2026-09-27T04","DUK","Duke Energy Carolinas","SCEG","Dominion Energy South Carolina, Inc.",-315,"megawatthours"
"2026-09-27T04","DUK","Duke Energy Carolinas","SEPA","Southeastern Power Administration",-11,"megawatthours"
"2026-09-27T04","DUK","Duke Energy Carolinas","SOCO","Southern Company Services, Inc. - Trans",-64,"megawatthours"
"2026-09-27T04","DUK","Duke Energy Carolinas","TVA","Tennessee Valley Authority",-49,"megawatthours"
"2026-09-27T04","DUK","Duke Energy Carolinas","YAD","Alcoa Power Generating, Inc. - Yadkin Division",-10,"megawatthours"
"2026-09-27T04","EPE","El Paso Electric Company","PNM","Public Service Company of New Mexico",-415,"megawatthours"
"2026-09-27T04","EPE","El Paso Electric Company","SWPP","Southwest Power Pool",0,"megawatthours"
"2026-09-27T04","EPE","El Paso Electric Company","TEPC","Tucson Electric Power",77,"megawatthours"
"2026-09-27T04","ERCO","Electric Reliability Council of Texas, Inc.","CEN","Centro Nacional de Control de Energia",137,"megawatthours"
"2026-09-27T04","ERCO","Electric Reliability Council of Texas, Inc.","SWPP","Southwest Power Pool",-241,"megawatthours"
"2026-09-27T04","FLA","Florida","SE","Southeast",-415,"megawatthours"
"2026-09-27T04","FMPP","Florida Municipal Power Pool","FPC","Duke Energy Florida, Inc.",75,"megawatthours"
"2026-09-27T04","FMPP","Florida Municipal Power Pool","FPL","Florida Power & Light Co.",-8,"megawatthours"
"2026-09-27T04","FMPP","Florida Municipal Power Pool","JEA","JEA",-1,"megawatthours"
"2026-09-27T04","FMPP","Florida Municipal Power Pool","TEC","Tampa Electric Company",-191,"megawatthours"
"2026-09-27T04","FPC","Duke Energy Florida, Inc.","FMPP","Florida Municipal Power Pool",-68,"megawatthours"
"2026-09-27T04","FPC","Duke Energy Florida, Inc.","FPL","Florida Power & Light Co.",-747,"megawatthours"
"2026-09-27T04","FPC","Duke Energy Florida, Inc.","GVL","Gainesville Regional Utilities",-6,"megawatthours"
"2026-09-27T04","FPC","Duke Energy Florida, Inc.","SEC","Seminole Electric Cooperative",-502,"megawatthours"
"2026-09-27T04","FPC","Duke Energy Florida, Inc.","SOCO","Southern Company Services, Inc. - Trans",31,"megawatthours"
"2026-09-27T04","FPC","Duke Energy Florida, Inc.","TAL","City of Tallahassee",-130,"megawatthours"
"2026-09-27T04","FPC","Duke Energy Florida, Inc.","TEC","Tampa Electric Company",305,"megawatthours"
"2026-09-27T04","FPL","Florida Power & Light Co.","FMPP","Florida Municipal Power Pool",8,"megawatthours"
"2026-09-27T04","FPL","Florida Power & Light Co.","FPC","Duke Energy Florida, Inc.",747,"megawatthours"
"2026-09-27T04","FPL","Florida Power & Light Co.","GVL","Gainesville Regional Utilities",3,"megawatthours"
"2026-09-27T04","FPL","Florida Power & Light Co.","HST","City of Homestead",80,"megawatthours"
"2026-09-27T04","FPL","Florida Power & Light Co.","JEA","JEA",436,"megawatthours"
"2026-09-27T04","FPL","Florida Power & Light Co.","SEC","Seminole Electric Cooperative",-1068,"megawatthours"
"2026-09-27T04","FPL","Florida Power & Light Co.","SOCO","Southern Company Services, Inc. - Trans",-414,"megawatthours"
"2026-09-27T04","FPL","Florida Power & Light Co.","TEC","Tampa Electric Company",76,"megawatthours"
"2026-09-27T04","GCPD","Public Utility District No. 2 of Grant County, Washington","AVA","Avista Corporation",55,"megawatthours"
"2026-09-27T04","GCPD","Public Utility District No. 2 of Grant County, Washington","BPAT","Bonneville Power Administration",234,"megawatthours"
"2026-09-27T04","GCPD","Public Utility District No. 2 of Grant County, Washington","PACW","PacifiCorp West",77,"megawatthours"
"2026-09-27T04","GCPD","Public Utility District No. 2 of Grant County, Washington","PSEI","Puget Sound Energy, Inc.",3,"megawatthours"
"2026-09-27T04","GRID","Gridforce Energy Management, LLC","BPAT","Bonneville Power Administration",809,"megawatthours"
"2026-09-27T04","GRID","Gridforce Energy Management, LLC","PNM","Public Service Company of New Mexico",-3,"megawatthours"
"2026-09-27T04","GRID","Gridforce Energy Management, LLC","SRP","Salt River Project Agricultural Improvement and Power District",611,"megawatthours"
"2026-09-27T04","GRID","Gridforce Energy Management, LLC","WALC","Western Area Power Administration - Desert Southwest Region",564,"megawatthours"
"2026-09-27T04","GVL","Gainesville Regional Utilities","FPC","Duke Energy Florida, Inc.",6,"megawatthours"
"2026-09-27T04","GVL","Gainesville Regional Utilities","FPL","Florida Power & Light Co.",-3,"megawatthours"
"2026-09-27T04","GWA","NaturEner Power Watch, LLC","NWMT","NorthWestern Corporation",133,"megawatthours"
"2026-09-27T04","HST","City of Homestead","FPL","Florida Power & Light Co.",-81,"megawatthours"
"2026-09-27T04","IID","Imperial Irrigation District","AZPS","Arizona Public Service Company",-7,"megawatthours"
"2026-09-27T04","IID","Imperial Irrigation District","CISO","California Independent System Operator",-51,"megawatthours"
"2026-09-27T04","IID","Imperial Irrigation District","WALC","Western Area Power Administration - Desert Southwest Region",-64,"megawatthours"
"2026-09-27T04","IPCO","Idaho Power Company","AVA","Avista Corporation",-124,"megawatthours"
"2026-09-27T04","IPCO","Idaho Power Company","BPAT","Bonneville Power Administration",67,"megawatthours"
"2026-09-27T04","IPCO","Idaho Power Company","NEVP","Nevada Power Company",-76,"megawatthours"
"2026-09-27T04","IPCO","Idaho Power Company","NWMT","NorthWestern Corporation",-9,"megawatthours"
"2026-09-27T04","IPCO","Idaho Power Company","PACE","PacifiCorp East",-171,"megawatthours"
"2026-09-27T04","IPCO","Idaho Power Company","PACW","PacifiCorp West",-7,"megawatthours"
"2026-09-27T04","ISNE","ISO New England","HQT","Hydro-Quebec TransEnergie",837,"megawatthours"
"2026-09-27T04","ISNE","ISO New England","NBSO","New Brunswick System Operator",51,"megawatthours"
"2026-09-27T04","ISNE","ISO New England","NYIS","New York Independent System Operator",-107,"megawatthours"
"2026-09-27T04","JEA","JEA","FMPP","Florida Municipal Power Pool",1,"megawatthours"
"2026-09-27T04","JEA","JEA","FPL","Florida Power & Light Co.",-437,"megawatthours"
"2026-09-27T04","JEA","JEA","SEC","Seminole Electric Cooperative",-69,"megawatthours"
"2026-09-27T04","LGEE","LG&E and KU Services Company as agent for Louisville Gas and Electric Company and Kentucky Utilities Company","MISO","Midcontinent Independent System Operator, Inc.",157,"megawatthours"
"2026-09-27T04","LGEE","LG&E and KU Services Company as agent for Louisville Gas and Electric Company and Kentucky Utilities Company","PJM","PJM Interconnection, LLC",-70,"megawatthours"
"2026-09-27T04","LGEE","LG&E and KU Services Company as agent for Louisville Gas and Electric Company and Kentucky Utilities Company","TVA","Tennessee Valley Authority",-288,"megawatthours"
"2026-09-27T04","MIDA","Mid-Atlantic","CAR","Carolinas",-736,"megawatthours"
"2026-09-27T04","MIDA","Mid-Atlantic","MIDW","Midwest",-2166,"megawatthours"
"2026-09-27T04","MIDA","Mid-Atlantic","NY","New York",760,"megawatthours"
"2026-09-27T04","MIDA","Mid-Atlantic","TEN","Tennessee",-262,"megawatthours"
"2026-09-27T04","MIDW","Midwest","CAN","Canada",-2014,"megawatthours"
"2026-09-27T04","MIDW","Midwest","CENT","Central",-522,"megawatthours"
"2026-09-27T04","MIDW","Midwest","MIDA","Mid-Atlantic",-2549,"megawatthours"
"2026-09-27T04","MIDW","Midwest","SE","Southeast",273,"megawatthours"
"2026-09-27T04","MIDW","Midwest","TEN","Tennessee",1398,"megawatthours"
"2026-09-27T04","MISO","Midcontinent Independent System Operator, Inc.","AECI","Associated Electric Cooperative, Inc.",-513,"megawatthours"
"2026-09-27T04","MISO","Midcontinent Independent System Operator, Inc.","IESO","Ontario IESO",-1095,"megawatthours"
"2026-09-27T04","MISO","Midcontinent Independent System Operator, Inc.","LGEE","LG&E and KU Services Company as agent for Louisville Gas and Electric Company and Kentucky Utilities Company",-155,"megawatthours"
"2026-09-27T04","MISO","Midcontinent Independent System Operator, Inc.","MHEB","Manitoba Hydro",-919,"megawatthours"
"2026-09-27T04","MISO","Midcontinent Independent System Operator, Inc.","PJM","PJM Interconnection, LLC",-2479,"megawatthours"
"2026-09-27T04","MISO","Midcontinent Independent System Operator, Inc.","SIKE","Sikeston Board of Municipal Utilities",-37,"megawatthours"
"2026-09-27T04","MISO","Midcontinent Independent System Operator, Inc.","SOCO","Southern Company Services, Inc. - Trans",273,"megawatthours"
"2026-09-27T04","MISO","Midcontinent Independent System Operator, Inc.","SPA","Southwestern Power Administration",-41,"megawatthours"
"2026-09-27T04","MISO","Midcontinent Independent System Operator, Inc.","SWPP","Southwest Power Pool",-192,"megawatthours"
"2026-09-27T04","MISO","Midcontinent Independent System Operator, Inc.","TVA","Tennessee Valley Authority",1500,"megawatthours"
"2026-09-27T04","NE","New England","CAN","Canada",888,"megawatthours"
"2026-09-27T04","NE","New England","NY","New York",-107,"megawatthours"
"2026-09-27T04","NEVP","Nevada Power Company","BPAT","Bonneville Power Administration",-117,"megawatthours"
"2026-09-27T04","NEVP","Nevada Power Company","CISO","California Independent System Operator",1232,"megawatthours"
"2026-09-27T04","NEVP","Nevada Power Company","IPCO","Idaho Power Company",-42,"megawatthours"
"2026-09-27T04","NEVP","Nevada Power Company","LDWP","Los Angeles Department of Water and Power",-1174,"megawatthours"
"2026-09-27T04","NEVP","Nevada Power Company","PACE","PacifiCorp East",-144,"megawatthours"
"2026-09-27T04","NEVP","Nevada Power Company","WALC","Western Area Power Administration - Desert Southwest Region",-418,"megawatthours"
"2026-09-27T04","NW","Northwest","CAL","California",5058,"megawatthours"
"2026-09-27T04","NW","Northwest","CAN","Canada",-2187,"megawatthours"
"2026-09-27T04","NW","Northwest","CENT","Central",0,"megawatthours"
"2026-09-27T04","NW","Northwest","SW","Southwest",846,"megawatthours"
"2026-09-27T04","NWMT","NorthWestern Corporation","AESO","Alberta Electric System Operator",0,"megawatthours"
"2026-09-27T04","NWMT","NorthWestern Corporation","AVA","Avista Corporation",77,"megawatthours"
"2026-09-27T04","NWMT","NorthWestern Corporation","BPAT","Bonneville Power Administration",1211,"megawatthours"
"2026-09-27T04","NWMT","NorthWestern Corporation","GWA","NaturEner Power Watch, LLC",-133,"megawatthours"
"2026-09-27T04","NWMT","NorthWestern Corporation","IPCO","Idaho Power Company",9,"megawatthours"
"2026-09-27T04","NWMT","NorthWestern Corporation","PACE","PacifiCorp East",272,"megawatthours"
"2026-09-27T04","NWMT","NorthWestern Corporation","SWPW","Southwest Power Pool West Balancing Authority Area",-19,"megawatthours"
"2026-09-27T04","NWMT","NorthWestern Corporation","WAUW","Western Area Power Administration - Upper Great Plains West",0,"megawatthours"
"2026-09-27T04","NWMT","NorthWestern Corporation","WWA","NaturEner Wind Watch, LLC",0,"megawatthours"
"2026-09-27T04","NY","New York","CAN","Canada",249,"megawatthours"
"2026-09-27T04","NY","New York","MIDA","Mid-Atlantic",-2315,"megawatthours"
"2026-09-27T04","NY","New York","NE","New England",132,"megawatthours"
"2026-09-27T04","NYIS","New York Independent System Operator","HQT","Hydro-Quebec TransEnergie",983,"megawatthours"
"2026-09-27T04","NYIS","New York Independent System Operator","IESO","Ontario IESO",-734,"megawatthours"
"2026-09-27T04","NYIS","New York Independent System Operator","ISNE","ISO New England",132,"megawatthours"
"2026-09-27T04","NYIS","New York Independent System Operator","PJM","PJM Interconnection, LLC",-2315,"megawatthours"
"2026-09-27T04","PACE","PacifiCorp East","AZPS","Arizona Public Service Company",83,"megawatthours"
"2026-09-27T04","PACE","PacifiCorp East","BHBA","Black Hills Energy",-47,"megawatthours"
"2026-09-27T04","PACE","PacifiCorp East","IPCO","Idaho Power Company",171,"megawatthours"
"2026-09-27T04","PACE","PacifiCorp East","LDWP","Los Angeles Department of Water and Power",485,"megawatthours"
"2026-09-27T04","PACE","PacifiCorp East","NEVP","Nevada Power Company",144,"megawatthours"
"2026-09-27T04","PACE","PacifiCorp East","NWMT","NorthWestern Corporation",-272,"megawatthours"
"2026-09-27T04","PACE","PacifiCorp East","SWPW","Southwest Power Pool West Balancing Authority Area",198,"megawatthours"
"2026-09-27T04","PACW","PacifiCorp West","AVA","Avista Corporation",-125,"megawatthours"
"2026-09-27T04","PACW","PacifiCorp West","AVRN","Avangrid Renewables, LLC",-506,"megawatthours"
"2026-09-27T04","PACW","PacifiCorp West","BPAT","Bonneville Power Administration",-723,"megawatthours"
"2026-09-27T04","PACW","PacifiCorp West","CISO","California Independent System Operator",28,"megawatthours"
"2026-09-27T04","PACW","PacifiCorp West","GCPD","Public Utility District No. 2 of Grant County, Washington",-77,"megawatthours"
"2026-09-27T04","PACW","PacifiCorp West","IPCO","Idaho Power Company",7,"megawatthours"
"2026-09-27T04","PACW","PacifiCorp West","PGE","Portland General Electric Company",74,"megawatthours"
"2026-09-27T04","PGE","Portland General Electric Company","BPAT","Bonneville Power Administration",-1118,"megawatthours"
"2026-09-27T04","PGE","Portland General Electric Company","PACW","PacifiCorp West",-74,"megawatthours"
"2026-09-27T04","PJM","PJM Interconnection, LLC","CPLE","Duke Energy Progress East",-736,"megawatthours"
"2026-09-27T04","PJM","PJM Interconnection, LLC","DUK","Duke Energy Carolinas",0,"megawatthours"
"2026-09-27T04","PJM","PJM Interconnection, LLC","LGEE","LG&E and KU Services Company as agent for Louisville Gas and Electric Company and Kentucky Utilities Company",-145,"megawatthours"
"2026-09-27T04","PJM","PJM Interconnection, LLC","MISO","Midcontinent Independent System Operator, Inc.",-2021,"megawatthours"
"2026-09-27T04","PJM","PJM Interconnection, LLC","NYIS","New York Independent System Operator",760,"megawatthours"
"2026-09-27T04","PJM","PJM Interconnection, LLC","TVA","Tennessee Valley Authority",-262,"megawatthours"
"2026-09-27T04","PNM","Public Service Company of New Mexico","AZPS","Arizona Public Service Company",-198,"megawatthours"
"2026-09-27T04","PNM","Public Service Company of New Mexico","EPE","El Paso Electric Company",415,"megawatthours"
"2026-09-27T04","PNM","Public Service Company of New Mexico","GRID","Gridforce Energy Management, LLC",3,"megawatthours"
"2026-09-27T04","PNM","Public Service Company of New Mexico","PSCO","Public Service Company of Colorado",-111,"megawatthours"
"2026-09-27T04","PNM","Public Service Company of New Mexico","SWPP","Southwest Power Pool",0,"megawatthours"
"2026-09-27T04","PNM","Public Service Company of New Mexico","SWPW","Southwest Power Pool West Balancing Authority Area",56,"megawatthours"
"2026-09-27T04","PNM","Public Service Company of New Mexico","TEPC","Tucson Electric Power",-122,"megawatthours"
"2026-09-27T04","PSCO","Public Service Company of Colorado","PNM","Public Service Company of New Mexico",0,"megawatthours"
"2026-09-27T04","PSCO","Public Service Company of Colorado","SWPP","Southwest Power Pool",0,"megawatthours"
"2026-09-27T04","PSCO","Public Service Company of Colorado","SWPW","Southwest Power Pool West Balancing Authority Area",192,"megawatthours"
"2026-09-27T04","PSEI","Puget Sound Energy, Inc.","BPAT","Bonneville Power Administration",-2271,"megawatthours"
"2026-09-27T04","PSEI","Puget Sound Energy, Inc.","CHPD","Public Utility District No. 1 of Chelan County",-157,"megawatthours"
"2026-09-27T04","PSEI","Puget Sound Energy, Inc.","GCPD","Public Utility District No. 2 of Grant County, Washington",-3,"megawatthours"
"2026-09-27T04","PSEI","Puget Sound Energy, Inc.","SCL","Seattle City Light",212,"megawatthours"
"2026-09-27T04","PSEI","Puget Sound Energy, Inc.","TPWR","City of Tacoma, Department of Public Utilities, Light Division",-42,"megawatthours"
"2026-09-27T04","SC","South Carolina Public Service Authority","CPLE","Duke Energy Progress East",57,"megawatthours"
"2026-09-27T04","SC","South Carolina Public Service Authority","DUK","Duke Energy Carolinas",300,"megawatthours"
"2026-09-27T04","SC","South Carolina Public Service Authority","SCEG","Dominion Energy South Carolina, Inc.",-1076,"megawatthours"
"2026-09-27T04","SC","South Carolina Public Service Authority","SEPA","Southeastern Power Administration",135,"megawatthours"
"2026-09-27T04","SC","South Carolina Public Service Authority","SOCO","Southern Company Services, Inc. - Trans",-590,"megawatthours"
"2026-09-27T04","SCEG","Dominion Energy South Carolina, Inc.","CPLE","Duke Energy Progress East",111,"megawatthours"
"2026-09-27T04","SCEG","Dominion Energy South Carolina, Inc.","DUK","Duke Energy Carolinas",315,"megawatthours"
"2026-09-27T04","SCEG","Dominion Energy South Carolina, Inc.","SC","South Carolina Public Service Authority",1062,"megawatthours"
"2026-09-27T04","SCEG","Dominion Energy South Carolina, Inc.","SEPA","Southeastern Power Administration",18,"megawatthours"
"2026-09-27T04","SCEG","Dominion Energy South Carolina, Inc.","SOCO","Southern Company Services, Inc. - Trans",-1282,"megawatthours"
"2026-09-27T04","SCL","Seattle City Light","BPAT","Bonneville Power Administration",-21,"megawatthours"
"2026-09-27T04","SCL","Seattle City Light","PSEI","Puget Sound Energy, Inc.",-212,"megawatthours"
"2026-09-27T04","SE","Southeast","CAR","Carolinas",1794,"megawatthours"
"2026-09-27T04","SE","Southeast","FLA","Florida",417,"megawatthours"
"2026-09-27T04","SE","Southeast","MIDW","Midwest",-415,"megawatthours"
"2026-09-27T04","SE","Southeast","TEN","Tennessee",-317,"megawatthours"
"2026-09-27T04","SEC","Seminole Electric Cooperative","FPC","Duke Energy Florida, Inc.",510,"megawatthours"
"2026-09-27T04","SEC","Seminole Electric Cooperative","FPL","Florida Power & Light Co.",1067,"megawatthours"
"2026-09-27T04","SEC","Seminole Electric Cooperative","JEA","JEA",69,"megawatthours"
"2026-09-27T04","SEC","Seminole Electric Cooperative","TEC","Tampa Electric Company",-180,"megawatthours"
"2026-09-27T04","SEPA","Southeastern Power Administration","DUK","Duke Energy Carolinas",11,"megawatthours"
"2026-09-27T04","SEPA","Southeastern Power Administration","SC","South Carolina Public Service Authority",-135,"megawatthours"
"2026-09-27T04","SEPA","Southeastern Power Administration","SCEG","Dominion Energy South Carolina, Inc.",-18,"megawatthours"
"2026-09-27T04","SEPA","Southeastern Power Administration","SOCO","Southern Company Services, Inc. - Trans",177,"megawatthours"
"2026-09-27T04","SIKE","Sikeston Board of Municipal Utilities","AECI","Associated Electric Cooperative, Inc.",16,"megawatthours"
"2026-09-27T04","SIKE","Sikeston Board of Municipal Utilities","MISO","Midcontinent Independent System Operator, Inc.",37,"megawatthours"
"2026-09-27T04","SIKE","Sikeston Board of Municipal Utilities","SPA","Southwestern Power Administration",61,"megawatthours"
"2026-09-27T04","SIKE","Sikeston Board of Municipal Utilities","SWPP","Southwest Power Pool",-82,"megawatthours"
"2026-09-27T04","SOCO","Southern Company Services, Inc. - Trans","DUK","Duke Energy Carolinas",64,"megawatthours"
"2026-09-27T04","SOCO","Southern Company Services, Inc. - Trans","FPC","Duke Energy Florida, Inc.",-31,"megawatthours"
"2026-09-27T04","SOCO","Southern Company Services, Inc. - Trans","FPL","Florida Power & Light Co.",416,"megawatthours"
"2026-09-27T04","SOCO","Southern Company Services, Inc. - Trans","MISO","Midcontinent Independent System Operator, Inc.",-415,"megawatthours"
"2026-09-27T04","SOCO","Southern Company Services, Inc. - Trans","SC","South Carolina Public Service Authority",590,"megawatthours"
"2026-09-27T04","SOCO","Southern Company Services, Inc. - Trans","SCEG","Dominion Energy South Carolina, Inc.",1282,"megawatthours"
"2026-09-27T04","SOCO","Southern Company Services, Inc. - Trans","SEPA","Southeastern Power Administration",-177,"megawatthours"
"2026-09-27T04","SOCO","Southern Company Services, Inc. - Trans","TAL","City of Tallahassee",32,"megawatthours"
"2026-09-27T04","SOCO","Southern Company Services, Inc. - Trans","TVA","Tennessee Valley Authority",-317,"megawatthours"
"2026-09-27T04","SPA","Southwestern Power Administration","AECI","Associated Electric Cooperative, Inc.",-21,"megawatthours"
"2026-09-27T04","SPA","Southwestern Power Administration","MISO","Midcontinent Independent System Operator, Inc.",42,"megawatthours"
"2026-09-27T04","SPA","Southwestern Power Administration","SIKE","Sikeston Board of Municipal Utilities",-61,"megawatthours"
"2026-09-27T04","SPA","Southwestern Power Administration","SWPP","Southwest Power Pool",28,"megawatthours"
"2026-09-27T04","SRP","Salt River Project Agricultural Improvement and Power District","AZPS","Arizona Public Service Company",3723,"megawatthours"
"2026-09-27T04","SRP","Salt River Project Agricultural Improvement and Power District","CISO","California Independent System Operator",1438,"megawatthours"
"2026-09-27T04","SRP","Salt River Project Agricultural Improvement and Power District","DEAA","Arlington Valley, LLC",-140,"megawatthours"
"2026-09-27T04","SRP","Salt River Project Agricultural Improvement and Power District","GRID","Gridforce Energy Management, LLC",-611,"megawatthours"
"2026-09-27T04","SRP","Salt River Project Agricultural Improvement and Power District","TEPC","Tucson Electric Power",-397,"megawatthours"
"2026-09-27T04","SRP","Salt River Project Agricultural Improvement and Power District","WALC","Western Area Power Administration - Desert Southwest Region",-94,"megawatthours"
"2026-09-27T04","SW","Southwest","CAL","California",3916,"megawatthours"
"2026-09-27T04","SW","Southwest","CENT","Central",0,"megawatthours"
"2026-09-27T04","SW","Southwest","NW","Northwest",-857,"megawatthours"
"2026-09-27T04","SWPP","Southwest Power Pool","AECI","Associated Electric Cooperative, Inc.",324,"megawatthours"
"2026-09-27T04","SWPP","Southwest Power Pool","EPE","El Paso Electric Company",0,"megawatthours"
"2026-09-27T04","SWPP","Southwest Power Pool","ERCO","Electric Reliability Council of Texas, Inc.",-879,"megawatthours"
"2026-09-27T04","SWPP","Southwest Power Pool","MISO","Midcontinent Independent System Operator, Inc.",-84,"megawatthours"
"2026-09-27T04","SWPP","Southwest Power Pool","PNM","Public Service Company of New Mexico",0,"megawatthours"
"2026-09-27T04","SWPP","Southwest Power Pool","PSCO","Public Service Company of Colorado",-338,"megawatthours"
"2026-09-27T04","SWPW","Southwest Power Pool West Balancing Authority Area","AZPS","Arizona Public Service Company",85,"megawatthours"
"2026-09-27T04","SWPW","Southwest Power Pool West Balancing Authority Area","BHBA","Black Hills Energy",145,"megawatthours"
"2026-09-27T04","SWPW","Southwest Power Pool West Balancing Authority Area","NWMT","NorthWestern Corporation",55,"megawatthours"
"2026-09-27T04","SWPW","Southwest Power Pool West Balancing Authority Area","PACE","PacifiCorp East",16,"megawatthours"
"2026-09-27T04","SWPW","Southwest Power Pool West Balancing Authority Area","PNM","Public Service Company of New Mexico",-236,"megawatthours"
"2026-09-27T04","SWPW","Southwest Power Pool West Balancing Authority Area","PSCO","Public Service Company of Colorado",-471,"megawatthours"
"2026-09-27T04","SWPW","Southwest Power Pool West Balancing Authority Area","WALC","Western Area Power Administration - Desert Southwest Region",160,"megawatthours"
"2026-09-27T04","TAL","City of Tallahassee","FPC","Duke Energy Florida, Inc.",130,"megawatthours"
"2026-09-27T04","TAL","City of Tallahassee","SOCO","Southern Company Services, Inc. - Trans",-32,"megawatthours"
"2026-09-27T04","TEC","Tampa Electric Company","FMPP","Florida Municipal Power Pool",191,"megawatthours"
"2026-09-27T04","TEC","Tampa Electric Company","FPC","Duke Energy Florida, Inc.",-305,"megawatthours"
"2026-09-27T04","TEC","Tampa Electric Company","FPL","Florida Power & Light Co.",-76,"megawatthours"
"2026-09-27T04","TEC","Tampa Electric Company","SEC","Seminole Electric Cooperative",180,"megawatthours"
"2026-09-27T04","TEN","Tennessee","CAR","Carolinas",76,"megawatthours"
"2026-09-27T04","TEN","Tennessee","MIDA","Mid-Atlantic",845,"megawatthours"
"2026-09-27T04","TEN","Tennessee","MIDW","Midwest",-1492,"megawatthours"
"2026-09-27T04","TEN","Tennessee","SE","Southeast",317,"megawatthours"
"2026-09-27T04","TEPC","Tucson Electric Power","AZPS","Arizona Public Service Company",-6,"megawatthours"
"2026-09-27T04","TEPC","Tucson Electric Power","EPE","El Paso Electric Company",-77,"megawatthours"
"2026-09-27T04","TEPC","Tucson Electric Power","PNM","Public Service Company of New Mexico",122,"megawatthours"
"2026-09-27T04","TEPC","Tucson Electric Power","SRP","Salt River Project Agricultural Improvement and Power District",397,"megawatthours"
"2026-09-27T04","TEPC","Tucson Electric Power","WALC","Western Area Power Administration - Desert Southwest Region",-412,"megawatthours"
"2026-09-27T04","TEX","Texas","CENT","Central",-241,"megawatthours"
"2026-09-27T04","TEX","Texas","MEX","Mexico",137,"megawatthours"
"2026-09-27T04","TIDC","Turlock Irrigation District","BANC","Balancing Authority of Northern California",128,"megawatthours"
"2026-09-27T04","TIDC","Turlock Irrigation District","CISO","California Independent System Operator",-212,"megawatthours"
"2026-09-27T04","TPWR","City of Tacoma, Department of Public Utilities, Light Division","BPAT","Bonneville Power Administration",-356,"megawatthours"
"2026-09-27T04","TPWR","City of Tacoma, Department of Public Utilities, Light Division","PSEI","Puget Sound Energy, Inc.",42,"megawatthours"
"2026-09-27T04","TVA","Tennessee Valley Authority","AECI","Associated Electric Cooperative, Inc.",-185,"megawatthours"
"2026-09-27T04","TVA","Tennessee Valley Authority","CPLW","Duke Energy Progress West",27,"megawatthours"
"2026-09-27T04","TVA","Tennessee Valley Authority","DUK","Duke Energy Carolinas",49,"megawatthours"
"2026-09-27T04","TVA","Tennessee Valley Authority","LGEE","LG&E and KU Services Company as agent for Louisville Gas and Electric Company and Kentucky Utilities Company",288,"megawatthours"
"2026-09-27T04","TVA","Tennessee Valley Authority","MISO","Midcontinent Independent System Operator, Inc.",-1595,"megawatthours"
"2026-09-27T04","TVA","Tennessee Valley Authority","PJM","PJM Interconnection, LLC",845,"megawatthours"
"2026-09-27T04","TVA","Tennessee Valley Authority","SOCO","Southern Company Services, Inc. - Trans",317,"megawatthours"
"2026-09-27T04","US48","United States Lower 48","CAN","Canada",-3064,"megawatthours"
"2026-09-27T04","US48","United States Lower 48","MEX","Mexico",541,"megawatthours"
"2026-09-27T04","WALC","Western Area Power Administration - Desert Southwest Region","AZPS","Arizona Public Service Company",-846,"megawatthours"
"2026-09-27T04","WALC","Western Area Power Administration - Desert Southwest Region","CISO","California Independent System Operator",148,"megawatthours"
"2026-09-27T04","WALC","Western Area Power Administration - Desert Southwest Region","GRID","Gridforce Energy Management, LLC",-564,"megawatthours"
"2026-09-27T04","WALC","Western Area Power Administration - Desert Southwest Region","IID","Imperial Irrigation District",64,"megawatthours"
"2026-09-27T04","WALC","Western Area Power Administration - Desert Southwest Region","LDWP","Los Angeles Department of Water and Power",972,"megawatthours"
"2026-09-27T04","WALC","Western Area Power Administration - Desert Southwest Region","NEVP","Nevada Power Company",418,"megawatthours"
"2026-09-27T04","WALC","Western Area Power Administration - Desert Southwest Region","SRP","Salt River Project Agricultural Improvement and Power District",95,"megawatthours"
"2026-09-27T04","WALC","Western Area Power Administration - Desert Southwest Region","SWPW","Southwest Power Pool West Balancing Authority Area",-110,"megawatthours"
"2026-09-27T04","WALC","Western Area Power Administration - Desert Southwest Region","TEPC","Tucson Electric Power",412,"megawatthours"
"2026-09-27T04","YAD","Alcoa Power Generating, Inc. - Yadkin Division","CPLE","Duke Energy Progress East",2,"megawatthours"
"2026-09-27T04","YAD","Alcoa Power Generating, Inc. - Yadkin Division","DUK","Duke Energy Carolinas",10,"megawatthours"
"2026-09-27T03","AECI","Associated Electric Cooperative, Inc.","MISO","Midcontinent Independent System Operator, Inc.",438,"megawatthours"
"2026-09-27T03","AECI","Associated Electric Cooperative, Inc.","SIKE","Sikeston Board of Municipal Utilities",-23,"megawatthours"
"2026-09-27T03","AECI","Associated Electric Cooperative, Inc.","SPA","Southwestern Power Administration",56,"megawatthours"
"2026-09-27T03","AECI","Associated Electric Cooperative, Inc.","SWPP","Southwest Power Pool",-348,"megawatthours"
"2026-09-27T03","AECI","Associated Electric Cooperative, Inc.","TVA","Tennessee Valley Authority",184,"megawatthours"
"2026-09-27T03","AVA","Avista Corporation","BPAT","Bonneville Power Administration",-330,"megawatthours"
"2026-09-27T03","AVA","Avista Corporation","CHPD","Public Utility District No. 1 of Chelan County",-20,"megawatthours"
"2026-09-27T03","AVA","Avista Corporation","GCPD","Public Utility District No. 2 of Grant County, Washington",-55,"megawatthours"
"2026-09-27T03","AVA","Avista Corporation","IPCO","Idaho Power Company",75,"megawatthours"
"2026-09-27T03","AVA","Avista Corporation","NWMT","NorthWestern Corporation",-89,"megawatthours"
"2026-09-27T03","AVA","Avista Corporation","PACW","PacifiCorp West",107,"megawatthours"
"2026-09-27T03","AVRN","Avangrid Renewables, LLC","BPAT","Bonneville Power Administration",227,"megawatthours"
"2026-09-27T03","AVRN","Avangrid Renewables, LLC","PACW","PacifiCorp West",505,"megawatthours"
"2026-09-27T03","AZPS","Arizona Public Service Company","CISO","California Independent System Operator",1096,"megawatthours"
"2026-09-27T03","AZPS","Arizona Public Service Company","IID","Imperial Irrigation District",10,"megawatthours"
"2026-09-27T03","AZPS","Arizona Public Service Company","LDWP","Los Angeles Department of Water and Power",483,"megawatthours"
"2026-09-27T03","AZPS","Arizona Public Service Company","PACE","PacifiCorp East",-27,"megawatthours"
"2026-09-27T03","AZPS","Arizona Public Service Company","PNM","Public Service Company of New Mexico",155,"megawatthours"
"2026-09-27T03","AZPS","Arizona Public Service Company","SRP","Salt River Project Agricultural Improvement and Power District",-4531,"megawatthours"
"2026-09-27T03","AZPS","Arizona Public Service Company","SWPW","Southwest Power Pool West Balancing Authority Area",112,"megawatthours"
"2026-09-27T03","AZPS","Arizona Public Service Company","TEPC","Tucson Electric Power",-105,"megawatthours"
"2026-09-27T03","AZPS","Arizona Public Service Company","WALC","Western Area Power Administration - Desert Southwest Region",1306,"megawatthours"
"2026-09-27T03","BANC","Balancing Authority of Northern California","BPAT","Bonneville Power Administration",-764,"megawatthours"
"2026-09-27T03","BANC","Balancing Authority of Northern California","CISO","California Independent System Operator",812,"megawatthours"
"2026-09-27T03","BANC","Balancing Authority of Northern California","TIDC","Turlock Irrigation District",-183,"megawatthours"
"2026-09-27T03","BHBA","Black Hills Energy","PACE","PacifiCorp East",55,"megawatthours"
"2026-09-27T03","BHBA","Black Hills Energy","SWPP","Southwest Power Pool",0,"megawatthours"
"2026-09-27T03","BHBA","Black Hills Energy","SWPW","Southwest Power Pool West Balancing Authority Area",-189,"megawatthours"
"2026-09-27T03","BPAT","Bonneville Power Administration","AVA","Avista Corporation",33,"megawatthours"
"2026-09-27T03","BPAT","Bonneville Power Administration","AVRN","Avangrid Renewables, LLC",-227,"megawatthours"
"2026-09-27T03","BPAT","Bonneville Power Administration","BANC","Balancing Authority of Northern California",764,"megawatthours"
"2026-09-27T03","BPAT","Bonneville Power Administration","BCHA","British Columbia Hydro and Power Authority",-2163,"megawatthours"
"2026-09-27T03","BPAT","Bonneville Power Administration","CHPD","Public Utility District No. 1 of Chelan County",-535,"megawatthours"
"2026-09-27T03","BPAT","Bonneville Power Administration","CISO","California Independent System Operator",1070,"megawatthours"
"2026-09-27T03","BPAT","Bonneville Power Administration","DOPD","PUD No. 1 of Douglas County",-393,"megawatthours"
"2026-09-27T03","BPAT","Bonneville Power Administration","GCPD","Public Utility District No. 2 of Grant County, Washington",-213,"megawatthours"
"2026-09-27T03","BPAT","Bonneville Power Administration","GRID","Gridforce Energy Management, LLC",-817,"megawatthours"
"2026-09-27T03","BPAT","Bonneville Power Administration","IPCO","Idaho Power Company",-72,"megawatthours"
"2026-09-27T03","BPAT","Bonneville Power Administration","LDWP","Los Angeles Department of Water and Power",2407,"megawatthours"
"2026-09-27T03","BPAT","Bonneville Power Administration","NEVP","Nevada Power Company",81,"megawatthours"
"2026-09-27T03","BPAT","Bonneville Power Administration","NWMT","NorthWestern Corporation",-1167,"megawatthours"
"2026-09-27T03","BPAT","Bonneville Power Administration","PACW","PacifiCorp West",678,"megawatthours"
"2026-09-27T03","BPAT","Bonneville Power Administration","PGE","Portland General Electric Company",406,"megawatthours"
"2026-09-27T03","BPAT","Bonneville Power Administration","PSEI","Puget Sound Energy, Inc.",1745,"megawatthours"
"2026-09-27T03","BPAT","Bonneville Power Administration","SCL","Seattle City Light",-99,"megawatthours"
"2026-09-27T03","BPAT","Bonneville Power Administration","TPWR","City of Tacoma, Department of Public Utilities, Light Division",358,"megawatthours"
"2026-09-27T03","CAL","California","MEX","Mexico",441,"megawatthours"
"2026-09-27T03","CAL","California","NW","Northwest",-3163,"megawatthours"
"2026-09-27T03","CAL","California","SW","Southwest",-3823,"megawatthours"
"2026-09-27T03","CAR","Carolinas","MIDA","Mid-Atlantic",1089,"megawatthours"
"2026-09-27T03","CAR","Carolinas","SE","Southeast",-1633,"megawatthours"
"2026-09-27T03","CAR","Carolinas","TEN","Tennessee",-93,"megawatthours"
"2026-09-27T03","CENT","Central","MIDW","Midwest",55,"megawatthours"
"2026-09-27T03","CENT","Central","NW","Northwest",-374,"megawatthours"
"2026-09-27T03","CENT","Central","SW","Southwest",0,"megawatthours"
"2026-09-27T03","CENT","Central","TEX","Texas",-604,"megawatthours"
"2026-09-27T03","CHPD","Public Utility District No. 1 of Chelan County","AVA","Avista Corporation",20,"megawatthours"
"2026-09-27T03","CHPD","Public Utility District No. 1 of Chelan County","BPAT","Bonneville Power Administration",534,"megawatthours"
"2026-09-27T03","CHPD","Public Utility District No. 1 of Chelan County","DOPD","PUD No. 1 of Douglas County",128,"megawatthours"
"2026-09-27T03","CHPD","Public Utility District No. 1 of Chelan County","PSEI","Puget Sound Energy, Inc.",150,"megawatthours"
"2026-09-27T03","CISO","California Independent System Operator","AZPS","Arizona Public Service Company",-1796,"megawatthours"
"2026-09-27T03","CISO","California Independent System Operator","BANC","Balancing Authority of Northern California",-1030,"megawatthours"
"2026-09-27T03","CISO","California Independent System Operator","BPAT","Bonneville Power Administration",-1075,"megawatthours"
"2026-09-27T03","CISO","California Independent System Operator","CEN","Centro Nacional de Control de Energia",441,"megawatthours"
"2026-09-27T03","CISO","California Independent System Operator","IID","Imperial Irrigation District",-47,"megawatthours"
"2026-09-27T03","CISO","California Independent System Operator","LDWP","Los Angeles Department of Water and Power",-2146,"megawatthours"
"2026-09-27T03","CISO","California Independent System Operator","NEVP","Nevada Power Company",-1298,"megawatthours"
"2026-09-27T03","CISO","California Independent System Operator","PACW","PacifiCorp West",-26,"megawatthours"
"2026-09-27T03","CISO","California Independent System Operator","SRP","Salt River Project Agricultural Improvement and Power District",-1718,"megawatthours"
"2026-09-27T03","CISO","California Independent System Operator","TIDC","Turlock Irrigation District",290,"megawatthours"
"2026-09-27T03","CISO","California Independent System Operator","WALC","Western Area Power Administration - Desert Southwest Region",-236,"megawatthours"
"2026-09-27T03","CPLE","Duke Energy Progress East","DUK","Duke Energy Carolinas",-743,"megawatthours"
"2026-09-27T03","CPLE","Duke Energy Progress East","PJM","PJM Interconnection, LLC",883,"megawatthours"
"2026-09-27T03","CPLE","Duke Energy Progress East","SC","South Carolina Public Service Authority",-73,"megawatthours"
"2026-09-27T03","CPLE","Duke Energy Progress East","SCEG","Dominion Energy South Carolina, Inc.",-121,"megawatthours"
"2026-09-27T03","CPLE","Duke Energy Progress East","YAD","Alcoa Power Generating, Inc. - Yadkin Division",-5,"megawatthours"
"2026-09-27T03","CPLW","Duke Energy Progress West","DUK","Duke Energy Carolinas",-58,"megawatthours"
"2026-09-27T03","CPLW","Duke Energy Progress West","PJM","PJM Interconnection, LLC",-77,"megawatthours"
"2026-09-27T03","CPLW","Duke Energy Progress West","TVA","Tennessee Valley Authority",-24,"megawatthours"
"2026-09-27T03","DEAA","Arlington Valley, LLC","SRP","Salt River Project Agricultural Improvement and Power District",196,"megawatthours"
"2026-09-27T03","DOPD","PUD No. 1 of Douglas County","BPAT","Bonneville Power Administration",392,"megawatthours"
"2026-09-27T03","DOPD","PUD No. 1 of Douglas County","CHPD","Public Utility District No. 1 of Chelan County",-128,"megawatthours"
"2026-09-27T03","DUK","Duke Energy Carolinas","CPLE","Duke Energy Progress East",743,"megawatthours"
"2026-09-27T03","DUK","Duke Energy Carolinas","CPLW","Duke Energy Progress West",58,"megawatthours"
"2026-09-27T03","DUK","Duke Energy Carolinas","PJM","PJM Interconnection, LLC",283,"megawatthours"
"2026-09-27T03","DUK","Duke Energy Carolinas","SC","South Carolina Public Service Authority",-319,"megawatthours"
"2026-09-27T03","DUK","Duke Energy Carolinas","SCEG","Dominion Energy South Carolina, Inc.",-319,"megawatthours"
"2026-09-27T03","DUK","Duke Energy Carolinas","SEPA","Southeastern Power Administration",15,"megawatthours"
"2026-09-27T03","DUK","Duke Energy Carolinas","SOCO","Southern Company Services, Inc. - Trans",103,"megawatthours"
"2026-09-27T03","DUK","Duke Energy Carolinas","TVA","Tennessee Valley Authority",-69,"megawatthours"
"2026-09-27T03","DUK","Duke Energy Carolinas","YAD","Alcoa Power Generating, Inc. - Yadkin Division",-16,"megawatthours"
"2026-09-27T03","EPE","El Paso Electric Company","PNM","Public Service Company of New Mexico",-399,"megawatthours"
"2026-09-27T03","EPE","El Paso Electric Company","SWPP","Southwest Power Pool",0,"megawatthours"
"2026-09-27T03","EPE","El Paso Electric Company","TEPC","Tucson Electric Power",68,"megawatthours"
"2026-09-27T03","ERCO","Electric Reliability Council of Texas, Inc.","CEN","Centro Nacional de Control de Energia",157,"megawatthours"
"2026-09-27T03","ERCO","Electric Reliability Council of Texas, Inc.","SWPP","Southwest Power Pool",-145,"megawatthours"
"2026-09-27T03","FLA","Florida","SE","Southeast",-514,"megawatthours"
"2026-09-27T03","FMPP","Florida Municipal Power Pool","FPC","Duke Energy Florida, Inc.",164,"megawatthours"
"2026-09-27T03","FMPP","Florida Municipal Power Pool","FPL","Florida Power & Light Co.",37,"megawatthours"
"2026-09-27T03","FMPP","Florida Municipal Power Pool","JEA","JEA",2,"megawatthours"
"2026-09-27T03","FMPP","Florida Municipal Power Pool","TEC","Tampa Electric Company",-224,"megawatthours"
"2026-09-27T03","FPC","Duke Energy Florida, Inc.","FMPP","Florida Municipal Power Pool",-156,"megawatthours"
"2026-09-27T03","FPC","Duke Energy Florida, Inc.","FPL","Florida Power & Light Co.",-877,"megawatthours"
"2026-09-27T03","FPC","Duke Energy Florida, Inc.","GVL","Gainesville Regional Utilities",6,"megawatthours"
"2026-09-27T03","FPC","Duke Energy Florida, Inc.","SEC","Seminole Electric Cooperative",-597,"megawatthours"
"2026-09-27T03","FPC","Duke Energy Florida, Inc.","SOCO","Southern Company Services, Inc. - Trans",21,"megawatthours"
"2026-09-27T03","FPC","Duke Energy Florida, Inc.","TAL","City of Tallahassee",-97,"megawatthours"
"2026-09-27T03","FPC","Duke Energy Florida, Inc.","TEC","Tampa Electric Company",287,"megawatthours"
"2026-09-27T03","FPL","Florida Power & Light Co.","FMPP","Florida Municipal Power Pool",-37,"megawatthours"
"2026-09-27T03","FPL","Florida Power & Light Co.","FPC","Duke Energy Florida, Inc.",877,"megawatthours"
"2026-09-27T03","FPL","Florida Power & Light Co.","GVL","Gainesville Regional Utilities",12,"megawatthours"
"2026-09-27T03","FPL","Florida Power & Light Co.","HST","City of Homestead",88,"megawatthours"
"2026-09-27T03","FPL","Florida Power & Light Co.","JEA","JEA",557,"megawatthours"
"2026-09-27T03","FPL","Florida Power & Light Co.","SEC","Seminole Electric Cooperative",-1286,"megawatthours"
"2026-09-27T03","FPL","Florida Power & Light Co.","SOCO","Southern Company Services, Inc. - Trans",-466,"megawatthours"
"2026-09-27T03","FPL","Florida Power & Light Co.","TEC","Tampa Electric Company",143,"megawatthours"
"2026-09-27T03","GCPD","Public Utility District No. 2 of Grant County, Washington","AVA","Avista Corporation",55,"megawatthours"
"2026-09-27T03","GCPD","Public Utility District No. 2 of Grant County, Washington","BPAT","Bonneville Power Administration",212,"megawatthours"
"2026-09-27T03","GCPD","Public Utility District No. 2 of Grant County, Washington","PACW","PacifiCorp West",80,"megawatthours"
"2026-09-27T03","GCPD","Public Utility District No. 2 of Grant County, Washington","PSEI","Puget Sound Energy, Inc.",0,"megawatthours"
"2026-09-27T03","GRID","Gridforce Energy Management, LLC","BPAT","Bonneville Power Administration",814,"megawatthours"
"2026-09-27T03","GRID","Gridforce Energy Management, LLC","PNM","Public Service Company of New Mexico",0,"megawatthours"
"2026-09-27T03","GRID","Gridforce Energy Management, LLC","SRP","Salt River Project Agricultural Improvement and Power District",591,"megawatthours"
"2026-09-27T03","GRID","Gridforce Energy Management, LLC","WALC","Western Area Power Administration - Desert Southwest Region",504,"megawatthours"
"2026-09-27T03","GVL","Gainesville Regional Utilities","FPC","Duke Energy Florida, Inc.",-4,"megawatthours"
"2026-09-27T03","GVL","Gainesville Regional Utilities","FPL","Florida Power & Light Co.",-12,"megawatthours"
"2026-09-27T03","GWA","NaturEner Power Watch, LLC","NWMT","NorthWestern Corporation",185,"megawatthours"
"2026-09-27T03","HST","City of Homestead","FPL","Florida Power & Light Co.",-88,"megawatthours"
"2026-09-27T03","IID","Imperial Irrigation District","AZPS","Arizona Public Service Company",-10,"megawatthours"
"2026-09-27T03","IID","Imperial Irrigation District","CISO","California Independent System Operator",46,"megawatthours"
"2026-09-27T03","IID","Imperial Irrigation District","WALC","Western Area Power Administration - Desert Southwest Region",-63,"megawatthours"
"2026-09-27T03","IPCO","Idaho Power Company","AVA","Avista Corporation",-75,"megawatthours"
"2026-09-27T03","IPCO","Idaho Power Company","BPAT","Bonneville Power Administration",72,"megawatthours"
"2026-09-27T03","IPCO","Idaho Power Company","NEVP","Nevada Power Company",-94,"megawatthours"
"2026-09-27T03","IPCO","Idaho Power Company","NWMT","NorthWestern Corporation",-10,"megawatthours"
"2026-09-27T03","IPCO","Idaho Power Company","PACE","PacifiCorp East",-270,"megawatthours"
"2026-09-27T03","IPCO","Idaho Power Company","PACW","PacifiCorp West",31,"megawatthours"
"2026-09-27T03","ISNE","ISO New England","HQT","Hydro-Quebec TransEnergie",838,"megawatthours"
"2026-09-27T03","ISNE","ISO New England","NBSO","New Brunswick System Operator",32,"megawatthours"
"2026-09-27T03","ISNE","ISO New England","NYIS","New York Independent System Operator",85,"megawatthours"
"2026-09-27T03","JEA","JEA","FMPP","Florida Municipal Power Pool",-2,"megawatthours"
"2026-09-27T03","JEA","JEA","FPL","Florida Power & Light Co.",-557,"megawatthours"
"2026-09-27T03","JEA","JEA","SEC","Seminole Electric Cooperative",-85,"megawatthours"
"2026-09-27T03","LGEE","LG&E and KU Services Company as agent for Louisville Gas and Electric Company and Kentucky Utilities Company","MISO","Midcontinent Independent System Operator, Inc.",189,"megawatthours"
"2026-09-27T03","LGEE","LG&E and KU Services Company as agent for Louisville Gas and Electric Company and Kentucky Utilities Company","PJM","PJM Interconnection, LLC",-119,"megawatthours"
"2026-09-27T03","LGEE","LG&E and KU Services Company as agent for Louisville Gas and Electric Company and Kentucky Utilities Company","TVA","Tennessee Valley Authority",-277,"megawatthours"
"2026-09-27T03","MIDA","Mid-Atlantic","CAR","Carolinas",-653,"megawatthours"
"2026-09-27T03","MIDA","Mid-Atlantic","MIDW","Midwest",-2039,"megawatthours"
"2026-09-27T03","MIDA","Mid-Atlantic","NY","New York",425,"megawatthours"
"2026-09-27T03","MIDA","Mid-Atlantic","TEN","Tennessee",-278,"megawatthours"
"2026-09-27T03","MIDW","Midwest","CAN","Canada",-2029,"megawatthours"
"2026-09-27T03","MIDW","Midwest","CENT","Central",-586,"megawatthours"
"2026-09-27T03","MIDW","Midwest","MIDA","Mid-Atlantic",-2262,"megawatthours"
"2026-09-27T03","MIDW","Midwest","SE","Southeast",156,"megawatthours"
"2026-09-27T03","MIDW","Midwest","TEN","Tennessee",1205,"megawatthours"
"2026-09-27T03","MISO","Midcontinent Independent System Operator, Inc.","AECI","Associated Electric Cooperative, Inc.",-436,"megawatthours"
"2026-09-27T03","MISO","Midcontinent Independent System Operator, Inc.","IESO","Ontario IESO",-1042,"megawatthours"
"2026-09-27T03","MISO","Midcontinent Independent System Operator, Inc.","LGEE","LG&E and KU Services Company as agent for Louisville Gas and Electric Company and Kentucky Utilities Company",-189,"megawatthours"
"2026-09-27T03","MISO","Midcontinent Independent System Operator, Inc.","MHEB","Manitoba Hydro",-987,"megawatthours"
"2026-09-27T03","MISO","Midcontinent Independent System Operator, Inc.","PJM","PJM Interconnection, LLC",-2143,"megawatthours"
"2026-09-27T03","MISO","Midcontinent Independent System Operator, Inc.","SIKE","Sikeston Board of Municipal Utilities",-28,"megawatthours"
"2026-09-27T03","MISO","Midcontinent Independent System Operator, Inc.","SOCO","Southern Company Services, Inc. - Trans",156,"megawatthours"
"2026-09-27T03","MISO","Midcontinent Independent System Operator, Inc.","SPA","Southwestern Power Administration",-71,"megawatthours"
"2026-09-27T03","MISO","Midcontinent Independent System Operator, Inc.","SWPP","Southwest Power Pool",-204,"megawatthours"
"2026-09-27T03","MISO","Midcontinent Independent System Operator, Inc.","TVA","Tennessee Valley Authority",1298,"megawatthours"
"2026-09-27T03","NE","New England","CAN","Canada",870,"megawatthours"
"2026-09-27T03","NE","New England","NY","New York",85,"megawatthours"
"2026-09-27T03","NEVP","Nevada Power Company","BPAT","Bonneville Power Administration",-81,"megawatthours"
"2026-09-27T03","NEVP","Nevada Power Company","CISO","California Independent System Operator",1297,"megawatthours"
"2026-09-27T03","NEVP","Nevada Power Company","IPCO","Idaho Power Company",-24,"megawatthours"
"2026-09-27T03","NEVP","Nevada Power Company","LDWP","Los Angeles Department of Water and Power",-1167,"megawatthours"
"2026-09-27T03","NEVP","Nevada Power Company","PACE","PacifiCorp East",-107,"megawatthours"
"2026-09-27T03","NEVP","Nevada Power Company","WALC","Western Area Power Administration - Desert Southwest Region",-611,"megawatthours"
"2026-09-27T03","NW","Northwest","CAL","California",4852,"megawatthours"
"2026-09-27T03","NW","Northwest","CAN","Canada",-2163,"megawatthours"
"2026-09-27T03","NW","Northwest","CENT","Central",0,"megawatthours"
"2026-09-27T03","NW","Northwest","SW","Southwest",335,"megawatthours"
"2026-09-27T03","NWMT","NorthWestern Corporation","AESO","Alberta Electric System Operator",0,"megawatthours"
"2026-09-27T03","NWMT","NorthWestern Corporation","AVA","Avista Corporation",89,"megawatthours"
"2026-09-27T03","NWMT","NorthWestern Corporation","BPAT","Bonneville Power Administration",1167,"megawatthours"
"2026-09-27T03","NWMT","NorthWestern Corporation","GWA","NaturEner Power Watch, LLC",-185,"megawatthours"
"2026-09-27T03","NWMT","NorthWestern Corporation","IPCO","Idaho Power Company",10,"megawatthours"
"2026-09-27T03","NWMT","NorthWestern Corporation","PACE","PacifiCorp East",184,"megawatthours"
"2026-09-27T03","NWMT","NorthWestern Corporation","SWPW","Southwest Power Pool West Balancing Authority Area",-87,"megawatthours"
"2026-09-27T03","NWMT","NorthWestern Corporation","WAUW","Western Area Power Administration - Upper Great Plains West",0,"megawatthours"
"2026-09-27T03","NWMT","NorthWestern Corporation","WWA","NaturEner Wind Watch, LLC",0,"megawatthours"
"2026-09-27T03","NY","New York","CAN","Canada",253,"megawatthours"
"2026-09-27T03","NY","New York","MIDA","Mid-Atlantic",-2281,"megawatthours"
"2026-09-27T03","NY","New York","NE","New England",-58,"megawatthours"
"2026-09-27T03","NYIS","New York Independent System Operator","HQT","Hydro-Quebec TransEnergie",986,"megawatthours"
"2026-09-27T03","NYIS","New York Independent System Operator","IESO","Ontario IESO",-733,"megawatthours"
"2026-09-27T03","NYIS","New York Independent System Operator","ISNE","ISO New England",-58,"megawatthours"
"2026-09-27T03","NYIS","New York Independent System Operator","PJM","PJM Interconnection, LLC",-2281,"megawatthours"
"2026-09-27T03","PACE","PacifiCorp East","AZPS","Arizona Public Service Company",27,"megawatthours"
"2026-09-27T03","PACE","PacifiCorp East","BHBA","Black Hills Energy",-56,"megawatthours"
"2026-09-27T03","PACE","PacifiCorp East","IPCO","Idaho Power Company",270,"megawatthours"
"2026-09-27T03","PACE","PacifiCorp East","LDWP","Los Angeles Department of Water and Power",455,"megawatthours"
"2026-09-27T03","PACE","PacifiCorp East","NEVP","Nevada Power Company",107,"megawatthours"
"2026-09-27T03","PACE","PacifiCorp East","NWMT","NorthWestern Corporation",-184,"megawatthours"
"2026-09-27T03","PACE","PacifiCorp East","SWPW","Southwest Power Pool West Balancing Authority Area",131,"megawatthours"
"2026-09-27T03","PACW","PacifiCorp West","AVA","Avista Corporation",-107,"megawatthours"
"2026-09-27T03","PACW","PacifiCorp West","AVRN","Avangrid Renewables, LLC",-505,"megawatthours"
"2026-09-27T03","PACW","PacifiCorp West","BPAT","Bonneville Power Administration",-678,"megawatthours"
"2026-09-27T03","PACW","PacifiCorp West","CISO","California Independent System Operator",26,"megawatthours"
"2026-09-27T03","PACW","PacifiCorp West","GCPD","Public Utility District No. 2 of Grant County, Washington",-80,"megawatthours"
"2026-09-27T03","PACW","PacifiCorp West","IPCO","Idaho Power Company",-31,"megawatthours"
"2026-09-27T03","PACW","PacifiCorp West","PGE","Portland General Electric Company",82,"megawatthours"
"2026-09-27T03","PGE","Portland General Electric Company","BPAT","Bonneville Power Administration",-1138,"megawatthours"
"2026-09-27T03","PGE","Portland General Electric Company","PACW","PacifiCorp West",-82,"megawatthours"
"2026-09-27T03","PJM","PJM Interconnection, LLC","CPLE","Duke Energy Progress East",-653,"megawatthours"
"2026-09-27T03","PJM","PJM Interconnection, LLC","DUK","Duke Energy Carolinas",0,"megawatthours"
"2026-09-27T03","PJM","PJM Interconnection, LLC","LGEE","LG&E and KU Services Company as agent for Louisville Gas and Electric Company and Kentucky Utilities Company",-99,"megawatthours"
"2026-09-27T03","PJM","PJM Interconnection, LLC","MISO","Midcontinent Independent System Operator, Inc.",-1940,"megawatthours"
"2026-09-27T03","PJM","PJM Interconnection, LLC","NYIS","New York Independent System Operator",425,"megawatthours"
"2026-09-27T03","PJM","PJM Interconnection, LLC","TVA","Tennessee Valley Authority",-278,"megawatthours"
"2026-09-27T03","PNM","Public Service Company of New Mexico","AZPS","Arizona Public Service Company",-155,"megawatthours"
"2026-09-27T03","PNM","Public Service Company of New Mexico","EPE","El Paso Electric Company",399,"megawatthours"
"2026-09-27T03","PNM","Public Service Company of New Mexico","GRID","Gridforce Energy Management, LLC",0,"megawatthours"
"2026-09-27T03","PNM","Public Service Company of New Mexico","PSCO","Public Service Company of Colorado",-98,"megawatthours"
"2026-09-27T03","PNM","Public Service Company of New Mexico","SWPP","Southwest Power Pool",0,"megawatthours"
"2026-09-27T03","PNM","Public Service Company of New Mexico","SWPW","Southwest Power Pool West Balancing Authority Area",150,"megawatthours"
"2026-09-27T03","PNM","Public Service Company of New Mexico","TEPC","Tucson Electric Power",-150,"megawatthours"
"2026-09-27T03","PSCO","Public Service Company of Colorado","PNM","Public Service Company of New Mexico",0,"megawatthours"
"2026-09-27T03","PSCO","Public Service Company of Colorado","SWPP","Southwest Power Pool",0,"megawatthours"
"2026-09-27T03","PSCO","Public Service Company of Colorado","SWPW","Southwest Power Pool West Balancing Authority Area",111,"megawatthours"
"2026-09-27T03","PSEI","Puget Sound Energy, Inc.","BPAT","Bonneville Power Administration",-2293,"megawatthours"
"2026-09-27T03","PSEI","Puget Sound Energy, Inc.","CHPD","Public Utility District No. 1 of Chelan County",-150,"megawatthours"
"2026-09-27T03","PSEI","Puget Sound Energy, Inc.","GCPD","Public Utility District No. 2 of Grant County, Washington",0,"megawatthours"
"2026-09-27T03","PSEI","Puget Sound Energy, Inc.","SCL","Seattle City Light",206,"megawatthours"
"2026-09-27T03","PSEI","Puget Sound Energy, Inc.","TPWR","City of Tacoma, Department of Public Utilities, Light Division",-43,"megawatthours"
"2026-09-27T03","SC","South Carolina Public Service Authority","CPLE","Duke Energy Progress East",73,"megawatthours"
"2026-09-27T03","SC","South Carolina Public Service Authority","DUK","Duke Energy Carolinas",319,"megawatthours"
"2026-09-27T03","SC","South Carolina Public Service Authority","SCEG","Dominion Energy South Carolina, Inc.",-1081,"megawatthours"
"2026-09-27T03","SC","South Carolina Public Service Authority","SEPA","Southeastern Power Administration",159,"megawatthours"
"2026-09-27T03","SC","South Carolina Public Service Authority","SOCO","Southern Company Services, Inc. - Trans",-652,"megawatthours"
"2026-09-27T03","SCEG","Dominion Energy South Carolina, Inc.","CPLE","Duke Energy Progress East",121,"megawatthours"
"2026-09-27T03","SCEG","Dominion Energy South Carolina, Inc.","DUK","Duke Energy Carolinas",319,"megawatthours"
"2026-09-27T03","SCEG","Dominion Energy South Carolina, Inc.","SC","South Carolina Public Service Authority",1067,"megawatthours"
"2026-09-27T03","SCEG","Dominion Energy South Carolina, Inc.","SEPA","Southeastern Power Administration",17,"megawatthours"
"2026-09-27T03","SCEG","Dominion Energy South Carolina, Inc.","SOCO","Southern Company Services, Inc. - Trans",-1275,"megawatthours"
"2026-09-27T03","SCL","Seattle City Light","BPAT","Bonneville Power Administration",99,"megawatthours"
"2026-09-27T03","SCL","Seattle City Light","PSEI","Puget Sound Energy, Inc.",-206,"megawatthours"
"2026-09-27T03","SE","Southeast","CAR","Carolinas",1633,"megawatthours"
"2026-09-27T03","SE","Southeast","FLA","Florida",522,"megawatthours"
"2026-09-27T03","SE","Southeast","MIDW","Midwest",-312,"megawatthours"
"2026-09-27T03","SE","Southeast","TEN","Tennessee",-322,"megawatthours"
"2026-09-27T03","SEC","Seminole Electric Cooperative","FPC","Duke Energy Florida, Inc.",604,"megawatthours"
"2026-09-27T03","SEC","Seminole Electric Cooperative","FPL","Florida Power & Light Co.",1285,"megawatthours"
"2026-09-27T03","SEC","Seminole Electric Cooperative","JEA","JEA",85,"megawatthours"
"2026-09-27T03","SEC","Seminole Electric Cooperative","TEC","Tampa Electric Company",-214,"megawatthours"
"2026-09-27T03","SEPA","Southeastern Power Administration","DUK","Duke Energy Carolinas",-15,"megawatthours"
"2026-09-27T03","SEPA","Southeastern Power Administration","SC","South Carolina Public Service Authority",-159,"megawatthours"
"2026-09-27T03","SEPA","Southeastern Power Administration","SCEG","Dominion Energy South Carolina, Inc.",-17,"megawatthours"
"2026-09-27T03","SEPA","Southeastern Power Administration","SOCO","Southern Company Services, Inc. - Trans",226,"megawatthours"
"2026-09-27T03","SIKE","Sikeston Board of Municipal Utilities","AECI","Associated Electric Cooperative, Inc.",24,"megawatthours"
"2026-09-27T03","SIKE","Sikeston Board of Municipal Utilities","MISO","Midcontinent Independent System Operator, Inc.",27,"megawatthours"
"2026-09-27T03","SIKE","Sikeston Board of Municipal Utilities","SPA","Southwestern Power Administration",63,"megawatthours"
"2026-09-27T03","SIKE","Sikeston Board of Municipal Utilities","SWPP","Southwest Power Pool",-82,"megawatthours"
"2026-09-27T03","SOCO","Southern Company Services, Inc. - Trans","DUK","Duke Energy Carolinas",-103,"megawatthours"
"2026-09-27T03","SOCO","Southern Company Services, Inc. - Trans","FPC","Duke Energy Florida, Inc.",-21,"megawatthours"
"2026-09-27T03","SOCO","Southern Company Services, Inc. - Trans","FPL","Florida Power & Light Co.",474,"megawatthours"
"2026-09-27T03","SOCO","Southern Company Services, Inc. - Trans","MISO","Midcontinent Independent System Operator, Inc.",-312,"megawatthours"
"2026-09-27T03","SOCO","Southern Company Services, Inc. - Trans","SC","South Carolina Public Service Authority",652,"megawatthours"
"2026-09-27T03","SOCO","Southern Company Services, Inc. - Trans","SCEG","Dominion Energy South Carolina, Inc.",1275,"megawatthours"
"2026-09-27T03","SOCO","Southern Company Services, Inc. - Trans","SEPA","Southeastern Power Administration",-225,"megawatthours"
"2026-09-27T03","SOCO","Southern Company Services, Inc. - Trans","TAL","City of Tallahassee",69,"megawatthours"
"2026-09-27T03","SOCO","Southern Company Services, Inc. - Trans","TVA","Tennessee Valley Authority",-322,"megawatthours"
"2026-09-27T03","SPA","Southwestern Power Administration","AECI","Associated Electric Cooperative, Inc.",-56,"megawatthours"
"2026-09-27T03","SPA","Southwestern Power Administration","MISO","Midcontinent Independent System Operator, Inc.",70,"megawatthours"
"2026-09-27T03","SPA","Southwestern Power Administration","SIKE","Sikeston Board of Municipal Utilities",-63,"megawatthours"
"2026-09-27T03","SPA","Southwestern Power Administration","SWPP","Southwest Power Pool",50,"megawatthours"
"2026-09-27T03","SRP","Salt River Project Agricultural Improvement and Power District","AZPS","Arizona Public Service Company",4326,"megawatthours"
"2026-09-27T03","SRP","Salt River Project Agricultural Improvement and Power District","CISO","California Independent System Operator",1651,"megawatthours"
"2026-09-27T03","SRP","Salt River Project Agricultural Improvement and Power District","DEAA","Arlington Valley, LLC",-196,"megawatthours"
"2026-09-27T03","SRP","Salt River Project Agricultural Improvement and Power District","GRID","Gridforce Energy Management, LLC",-591,"megawatthours"
"2026-09-27T03","SRP","Salt River Project Agricultural Improvement and Power District","TEPC","Tucson Electric Power",-501,"megawatthours"
"2026-09-27T03","SRP","Salt River Project Agricultural Improvement and Power District","WALC","Western Area Power Administration - Desert Southwest Region",-7,"megawatthours"
"2026-09-27T03","SW","Southwest","CAL","California",4767,"megawatthours"
"2026-09-27T03","SW","Southwest","CENT","Central",0,"megawatthours"
"2026-09-27T03","SW","Southwest","NW","Northwest",-417,"megawatthours"
"2026-09-27T03","SWPP","Southwest Power Pool","AECI","Associated Electric Cooperative, Inc.",235,"megawatthours"
"2026-09-27T03","SWPP","Southwest Power Pool","EPE","El Paso Electric Company",0,"megawatthours"
"2026-09-27T03","SWPP","Southwest Power Pool","ERCO","Electric Reliability Council of Texas, Inc.",-604,"megawatthours"
"2026-09-27T03","SWPP","Southwest Power Pool","MISO","Midcontinent Independent System Operator, Inc.",-131,"megawatthours"
"2026-09-27T03","SWPP","Southwest Power Pool","PNM","Public Service Company of New Mexico",0,"megawatthours"
"2026-09-27T03","SWPP","Southwest Power Pool","PSCO","Public Service Company of Colorado",-374,"megawatthours"
"2026-09-27T03","SWPW","Southwest Power Pool West Balancing Authority Area","AZPS","Arizona Public Service Company",57,"megawatthours"
"2026-09-27T03","SWPW","Southwest Power Pool West Balancing Authority Area","BHBA","Black Hills Energy",98,"megawatthours"
