"cause","communitydescriptor","metersaffected","reportedstarttime","statuskind","utilitydisclaimer","incident","customersrestored","estimatedrestorationtime","causekind","incident_cause","incident_location","incident_location_kind","name","utility_id","county","state","geom.type","geom.geometry.coordinates","geom.geometry.type","geo_point_2d.lon","geo_point_2d.lat","centroid.lon","centroid.lat"
,"22063",24,,,,"{""Location"": {""kind"": ""electricalNetwork"", ""CoordinateSystem"": {""crsUrn"": ""EPSG:4326""}}}",,,,,"{""kind"": ""electricalNetwork"", ""CoordinateSystem"": {""crsUrn"": ""EPSG:4326""}}","electricalNetwork","DIXIE ELECTRIC MEMBERSHIP CORP,5202","5202","Livingston","Louisiana","Feature","[[[[-90.9899,30.4649],[-90.9763,30.4675],[-90.9748,30.4818],[-90.9731,30.4918],[-90.97,30.4956],[-90.9759,30.4983],[-90.9679,30.5044],[-90.9809,30.5356],[-90.9724,30.5648],[-90.9879,30.5726],[-90.9851,30.5856],[-90.9805,30.5848],[-90.9805,30.5891],[-90.9582,30.5986],[-90.9398,30.609],[-90.9406,30.6205],[-90.9107,30.6494],[-90.8527,30.6496],[-90.6436,30.6499],[-90.6346,30.6499],[-90.5671,30.65],[-90.5671,30.6431],[-90.567,30.5771],[-90.5669,30.5261],[-90.5669,30.5043],[-90.5669,30.4871],[-90.5567,30.4837],[-90.5582,30.4789],[-90.5528,30.4756],[-90.5469,30.4316],[-90.5205,30.4155],[-90.4893,30.3555],[-90.4791,30.3576],[-90.4836,30.3333],[-90.4858,30.277],[-90.5091,30.2301],[-90.5541,30.1956],[-90.5778,30.1972],[-90.592,30.2083],[-90.5995,30.2168],[-90.6319,30.2212],[-90.6447,30.2307],[-90.6493,30.2323],[-90.6604,30.2255],[-90.6617,30.2137],[-90.679,30.2067],[-90.6733,30.198],[-90.6946,30.1752],[-90.7033,30.1858],[-90.7195,30.19],[-90.7226,30.2065],[-90.7344,30.2119],[-90.7314,30.2212],[-90.7491,30.2413],[-90.7678,30.2397],[-90.7741,30.2517],[-90.7914,30.265],[-90.7821,30.2748],[-90.794,30.2809],[-90.8109,30.2757],[-90.824,30.2927],[-90.8291,30.3175],[-90.8388,30.3182],[-90.8518,30.3319],[-90.8585,30.3438],[-90.8917,30.3452],[-90.9081,30.356],[-90.9071,30.3612],[-90.937,30.3639],[-90.9492,30.3944],[-90.9689,30.3933],[-90.9694,30.4051],[-90.9579,30.4061],[-90.9658,30.4147],[-90.9812,30.4223],[-90.9724,30.4403],[-90.9857,30.4476],[-90.9811,30.4517],[-90.9899,30.4649]]]]","MultiPolygon",-90.7278404425874,30.4403728498572,-90.727885039,30.440124926
"Pending Investigation","19017",1,"2026-10-06T12:52:00+00:00","awaitingCrewAssignment","Butler County Rural Elec Coop - (IA)","{""cause"": ""Pending Investigation"", ""Location"": {""kind"": ""electricalNetwork"", ""CoordinateSystem"": {""crsUrn"": ""EPSG:4326""}}}",,,,"Pending Investigation","{""kind"": ""electricalNetwork"", ""CoordinateSystem"": {""crsUrn"": ""EPSG:4326""}}","electricalNetwork","BUTLER COUNTY RURAL ELEC COOP - (IA),2652","2652","Bremer","Iowa","Feature","[[[[-92.5545,42.7301],[-92.5544,42.7446],[-92.5544,42.8183],[-92.5542,42.9071],[-92.3176,42.907],[-92.0816,42.907],[-92.0817,42.8766],[-92.0819,42.8314],[-92.0816,42.8184],[-92.0817,42.7298],[-92.0817,42.6421],[-92.1989,42.6422],[-92.3177,42.6422],[-92.4989,42.6423],[-92.5545,42.6423],[-92.5548,42.7027],[-92.5545,42.7301]]]]","MultiPolygon",-92.3180439106682,42.7746111390874,-92.318054834,42.774587244
,"36111",2,"2026-10-07T11:13:36+00:00","awaitingCrewAssignment","Based on reports from customers and field personnel, we predict the outages listed","{""Location"": {""kind"": ""electricalNetwork"", ""CoordinateSystem"": {""crsUrn"": ""EPSG:4326""}}}",,"{""ert"": ""2026-10-07T14:30:00Z""}",,,"{""kind"": ""electricalNetwork"", ""CoordinateSystem"": {""crsUrn"": ""EPSG:4326""}}","electricalNetwork","CENTRAL HUDSON GAS & ELEC CORP,3249","3249","Ulster","New York","Feature","[[[[-74.6697,42.0678],[-74.5536,42.1215],[-74.531,42.1465],[-74.504,42.1449],[-74.4517,42.1692],[-74.4137,42.1548],[-74.3076,42.1143],[-74.2865,42.1128],[-74.2716,42.1116],[-74.0748,42.0966],[-74.0638,42.1216],[-74.0424,42.1704],[-74.0036,42.1634],[-74.0024,42.177],[-73.9729,42.16],[-73.9184,42.1289],[-73.9107,42.1273],[-73.9153,42.1213],[-73.9215,42.11],[-73.9291,42.0817],[-73.9296,42.0788],[-73.9283,42.0668],[-73.9323,42.0616],[-73.9372,42.0303],[-73.9333,42.0185],[-73.9368,42.0067],[-73.94,41.999],[-73.9445,41.9818],[-73.9459,41.9776],[-73.9537,41.9527],[-73.9579,41.922],[-73.9611,41.9183],[-73.9644,41.9131],[-73.9618,41.9005],[-73.9456,41.8822],[-73.9404,41.873],[-73.9488,41.8495],[-73.952,41.7905],[-73.9516,41.7706],[-73.9466,41.7637],[-73.9435,41.76],[-73.9409,41.7549],[-73.9411,41.736],[-73.9423,41.7258],[-73.9444,41.7146],[-73.9461,41.7029],[-73.9467,41.6994],[-73.9425,41.6841],[-73.947,41.6688],[-73.9469,41.6564],[-73.949,41.6448],[-73.9526,41.6252],[-73.9521,41.614],[-73.9533,41.59],[-73.9864,41.5868],[-74.0371,41.582],[-74.0539,41.5807],[-74.0744,41.6036],[-74.0846,41.6004],[-74.0902,41.599],[-74.1345,41.6157],[-74.1264,41.5825],[-74.1845,41.594],[-74.1875,41.5908],[-74.2449,41.6038],[-74.2502,41.6293],[-74.2641,41.6327],[-74.3407,41.5944],[-74.3494,41.5986],[-74.3537,41.5917],[-74.3671,41.591],[-74.3657,41.5951],[-74.3751,41.5969],[-74.3951,41.6449],[-74.4254,41.6606],[-74.4911,41.6972],[-74.5751,41.7453],[-74.5435,41.7789],[-74.533,41.7894],[-74.5255,41.7968],[-74.4869,41.8353],[-74.4537,41.8756],[-74.655,41.9637],[-74.7807,42.0164],[-74.6697,42.0678]]]]","MultiPolygon",-74.2585098574374,41.8880474981802,-74.258569516,41.888145626
,"47171",1,,,,"{""Location"": {""kind"": ""electricalNetwork"", ""CoordinateSystem"": {""crsUrn"": ""EPSG:4326""}}}",,,,,"{""kind"": ""electricalNetwork"", ""CoordinateSystem"": {""crsUrn"": ""EPSG:4326""}}","electricalNetwork","TOWN OF ERWIN - (TN),5961","5961","Unicoi","Tennessee","Feature","[[[[-82.6144,36.0035],[-82.6139,36.0047],[-82.6119,36.0062],[-82.6043,36.0182],[-82.6001,36.0218],[-82.5955,36.026],[-82.5949,36.0296],[-82.5962,36.0319],[-82.5988,36.0342],[-82.6007,36.0374],[-82.6029,36.0398],[-82.5772,36.0784],[-82.5951,36.0962],[-82.5279,36.1487],[-82.4876,36.1557],[-82.4415,36.1548],[-82.4207,36.1632],[-82.4167,36.1792],[-82.3916,36.1992],[-82.3706,36.2099],[-82.3558,36.2428],[-82.3405,36.2528],[-82.3354,36.2531],[-82.3196,36.2603],[-82.2847,36.2517],[-82.2699,36.2393],[-82.2564,36.2332],[-82.255,36.2248],[-82.268,36.2101],[-82.2475,36.2068],[-82.229,36.1905],[-82.2221,36.1569],[-82.2232,36.1548],[-82.2249,36.15],[-82.2283,36.1466],[-82.2348,36.1417],[-82.2355,36.1407],[-82.2364,36.1399],[-82.2377,36.1392],[-82.2416,36.1371],[-82.2434,36.1343],[-82.2445,36.1328],[-82.2475,36.1309],[-82.2519,36.1322],[-82.2533,36.1337],[-82.2563,36.1339],[-82.2604,36.1337],[-82.2634,36.1301],[-82.2657,36.1276],[-82.2687,36.127],[-82.271,36.1276],[-82.2741,36.1294],[-82.2787,36.1285],[-82.2804,36.1288],[-82.2885,36.1354],[-82.2895,36.1357],[-82.2977,36.1335],[-82.3029,36.1313],[-82.3073,36.1285],[-82.3087,36.1265],[-82.3182,36.1209],[-82.3214,36.1196],[-82.3252,36.1194],[-82.3292,36.1174],[-82.3323,36.1169],[-82.3368,36.1149],[-82.3469,36.1152],[-82.3484,36.1159],[-82.35,36.1171],[-82.3552,36.1156],[-82.3604,36.1116],[-82.3609,36.1106],[-82.361,36.1106],[-82.3666,36.1076],[-82.3714,36.1064],[-82.3756,36.1056],[-82.3788,36.1028],[-82.3805,36.0993],[-82.39,36.0969],[-82.4045,36.0876],[-82.4095,36.0834],[-82.4167,36.0728],[-82.4607,36.0078],[-82.4646,36.0065],[-82.4742,36.0001],[-82.4823,35.9978],[-82.4835,35.9963],[-82.4837,35.9939],[-82.4847,35.9928],[-82.4874,35.9916],[-82.4875,35.9916],[-82.5002,35.9826],[-82.5054,35.9777],[-82.5055,35.9777],[-82.5071,35.9775],[-82.5126,35.9757],[-82.5164,35.976],[-82.5207,35.9746],[-82.5227,35.9734],[-82.5313,35.9722],[-82.5348,35.9699],[-82.5393,35.9691],[-82.5425,35.968],[-82.5497,35.9643],[-82.5532,35.9606],[-82.5579,35.9539],[-82.5675,35.9556],[-82.5752,35.9584],[-82.5767,35.9593],[-82.5777,35.9642],[-82.581,35.9656],[-82.592,35.9664],[-82.5949,35.9653],[-82.6004,35.9646],[-82.6078,35.966],[-82.6109,35.9674],[-82.6116,35.9714],[-82.6109,35.9744],[-82.6067,35.9844],[-82.6042,35.9873],[-82.6069,35.9922],[-82.6126,35.9935],[-82.613,35.994],[-82.6151,36.0003],[-82.6144,36.0035]]]]","MultiPolygon",-82.4322074707151,36.1107828188124,-82.43234283,36.110730634
,"39035",13,,,"Data is preliminary and subject to change","{""cause"": """", ""Location"": {""kind"": ""electricalNetwork"", ""CoordinateSystem"": {""crsUrn"": ""EPSG:4326""}}}",,,,,"{""kind"": ""electricalNetwork"", ""CoordinateSystem"": {""crsUrn"": ""EPSG:4326""}}","electricalNetwork","CLEVELAND ELECTRIC ILLUM CO,3755","3755","Cuyahoga","Ohio","Feature","[[[[-81.971,41.3691],[-81.9709,41.3754],[-81.9705,41.3867],[-81.9705,41.3898],[-81.9703,41.411],[-81.97,41.4169],[-81.97,41.4189],[-81.9699,41.4313],[-81.9698,41.4419],[-81.9697,41.4581],[-81.9695,41.478],[-81.9692,41.4927],[-81.9681,41.5064],[-81.9649,41.5054],[-81.9627,41.5013],[-81.9585,41.4986],[-81.9541,41.4971],[-81.9379,41.4914],[-81.9226,41.4894],[-81.9075,41.4874],[-81.8774,41.4834],[-81.8736,41.4835],[-81.8603,41.4838],[-81.8548,41.4851],[-81.8364,41.4895],[-81.811,41.4956],[-81.8108,41.4956],[-81.8069,41.4959],[-81.7944,41.4966],[-81.7942,41.4966],[-81.7823,41.496],[-81.7689,41.4916],[-81.7686,41.4916],[-81.751,41.4883],[-81.7448,41.4871],[-81.7388,41.4885],[-81.7304,41.4925],[-81.711,41.5018],[-81.7106,41.5021],[-81.7069,41.5059],[-81.6649,41.5314],[-81.6649,41.5314],[-81.6522,41.5351],[-81.6337,41.5405],[-81.627,41.5444],[-81.5997,41.5606],[-81.588,41.5692],[-81.5749,41.5788],[-81.5671,41.5844],[-81.5628,41.5875],[-81.5621,41.5881],[-81.55,41.5981],[-81.5323,41.6125],[-81.5297,41.6145],[-81.5094,41.6207],[-81.5004,41.6234],[-81.4886,41.6313],[-81.4889,41.6268],[-81.4887,41.624],[-81.4886,41.6181],[-81.4886,41.6174],[-81.4883,41.6033],[-81.488,41.5882],[-81.4879,41.5862],[-81.4878,41.5701],[-81.4473,41.57],[-81.4393,41.5699],[-81.4199,41.5699],[-81.4126,41.5697],[-81.391,41.5697],[-81.3909,41.5007],[-81.3915,41.4499],[-81.375,41.4453],[-81.3748,41.4324],[-81.3748,41.4244],[-81.3918,41.4243],[-81.3918,41.4159],[-81.3919,41.3978],[-81.3919,41.3887],[-81.3917,41.3483],[-81.4052,41.3486],[-81.4401,41.3491],[-81.4503,41.3491],[-81.489,41.3498],[-81.5083,41.3501],[-81.5177,41.3502],[-81.5189,41.3502],[-81.5361,41.3506],[-81.5852,41.3511],[-81.5981,41.3512],[-81.5933,41.3496],[-81.5873,41.3213],[-81.5622,41.2793],[-81.5651,41.2778],[-81.5905,41.2776],[-81.6274,41.2775],[-81.6702,41.2773],[-81.685,41.2771],[-81.7047,41.2772],[-81.7448,41.2768],[-81.7851,41.2764],[-81.8063,41.2761],[-81.8066,41.2761],[-81.8359,41.2756],[-81.8781,41.275],[-81.8776,41.3124],[-81.8773,41.3306],[-81.877,41.3507],[-81.9036,41.3508],[-81.9223,41.3509],[-81.9713,41.3513],[-81.971,41.3691]]]]","MultiPolygon",-81.6586277738161,41.4243019834266,-81.700195921,41.635059044
,"37065",2,,,,"{""Location"": {""kind"": ""electricalNetwork"", ""CoordinateSystem"": {""crsUrn"": ""EPSG:4326""}}}",,,,,"{""kind"": ""electricalNetwork"", ""CoordinateSystem"": {""crsUrn"": ""EPSG:4326""}}","electricalNetwork","EDGECOMBE-MARTIN COUNTY E M C,5656","5656","Edgecombe","North Carolina","Feature","[[[[-77.8186,35.8864],[-77.7988,35.9339],[-77.7979,35.9362],[-77.7945,35.9442],[-77.7897,35.9559],[-77.7778,35.9846],[-77.7741,35.9987],[-77.7677,36.0145],[-77.733,36.0748],[-77.7077,36.1137],[-77.698,36.1531],[-77.6785,36.1544],[-77.6703,36.1373],[-77.6447,36.1382],[-77.6316,36.1267],[-77.6265,36.1114],[-77.5334,36.0911],[-77.5353,36.0776],[-77.5281,36.0734],[-77.5401,36.0608],[-77.5176,36.0368],[-77.4749,36.0378],[-77.4393,36.0212],[-77.4211,36.0036],[-77.4026,36.005],[-77.4092,35.9987],[-77.3424,35.9053],[-77.3499,35.8549],[-77.3504,35.8192],[-77.3902,35.8331],[-77.4096,35.8264],[-77.4255,35.8054],[-77.4461,35.8087],[-77.4723,35.8011],[-77.5167,35.7611],[-77.5455,35.7461],[-77.6651,35.6749],[-77.6748,35.6891],[-77.7193,35.7312],[-77.7382,35.784],[-77.7513,35.8278],[-77.8284,35.8672],[-77.8186,35.8864]]]]","MultiPolygon",-77.5971756410996,35.913040080039,-77.597058884,35.912880667
,"37121",2,,,,"{""Location"": {""kind"": ""electricalNetwork"", ""CoordinateSystem"": {""crsUrn"": ""EPSG:4326""}}}",,,,,"{""kind"": ""electricalNetwork"", ""CoordinateSystem"": {""crsUrn"": ""EPSG:4326""}}","electricalNetwork","FRENCH BROAD ELEC MEMBER CORP,6784","6784","Mitchell","North Carolina","Feature","[[[[-82.4095,36.0834],[-82.4045,36.0876],[-82.39,36.0969],[-82.3805,36.0993],[-82.3788,36.1028],[-82.3756,36.1056],[-82.3714,36.1064],[-82.3666,36.1076],[-82.361,36.1106],[-82.3609,36.1106],[-82.3604,36.1116],[-82.3552,36.1156],[-82.35,36.1171],[-82.3484,36.1159],[-82.3469,36.1152],[-82.3368,36.1149],[-82.3323,36.1169],[-82.3292,36.1174],[-82.3252,36.1194],[-82.3214,36.1196],[-82.3182,36.1209],[-82.3087,36.1265],[-82.3073,36.1285],[-82.3029,36.1313],[-82.2977,36.1335],[-82.2895,36.1357],[-82.2885,36.1354],[-82.2804,36.1288],[-82.2787,36.1285],[-82.2741,36.1294],[-82.271,36.1276],[-82.2687,36.127],[-82.2657,36.1276],[-82.2634,36.1301],[-82.2604,36.1337],[-82.2563,36.1339],[-82.2533,36.1337],[-82.2519,36.1322],[-82.2475,36.1309],[-82.2445,36.1328],[-82.2434,36.1343],[-82.2416,36.1371],[-82.2377,36.1392],[-82.2364,36.1399],[-82.2355,36.1407],[-82.2348,36.1417],[-82.2283,36.1466],[-82.2249,36.15],[-82.2232,36.1548],[-82.2221,36.1569],[-82.2185,36.1578],[-82.2139,36.1591],[-82.2113,36.159],[-82.2049,36.1571],[-82.2018,36.155],[-82.1993,36.1527],[-82.1954,36.15],[-82.192,36.1488],[-82.1878,36.1479],[-82.1847,36.1454],[-82.1837,36.1444],[-82.1825,36.1437],[-82.1789,36.1433],[-82.1756,36.1439],[-82.1738,36.1453],[-82.1721,36.1464],[-82.1692,36.1466],[-82.1609,36.1465],[-82.1559,36.1481],[-82.1485,36.1494],[-82.1479,36.1495],[-82.1441,36.1442],[-82.1408,36.1362],[-82.1365,36.1288],[-82.1365,36.1237],[-82.138,36.1196],[-82.1306,36.1064],[-82.1271,36.1044],[-82.1152,36.1046],[-82.1104,36.1067],[-82.1091,36.1072],[-82.1054,36.1081],[-82.1016,36.1062],[-82.0985,36.1057],[-82.0859,36.106],[-82.0809,36.1058],[-82.0719,36.0699],[-82.0583,36.045],[-82.0392,36.0078],[-82.0591,35.9883],[-82.0341,35.9421],[-81.982,35.9114],[-81.979,35.9014],[-81.9802,35.8922],[-81.9992,35.8741],[-82.0132,35.8851],[-82.016,35.8854],[-82.0217,35.8851],[-82.0252,35.8824],[-82.0258,35.8808],[-82.0285,35.8794],[-82.0366,35.8594],[-82.0737,35.8483],[-82.0994,35.8517],[-82.1206,35.825],[-82.1335,35.8233],[-82.1483,35.8227],[-82.1403,35.8426],[-82.1462,35.8634],[-82.1469,35.902],[-82.1431,35.9052],[-82.1548,35.9148],[-82.1483,35.9329],[-82.1697,35.9286],[-82.1977,35.9527],[-82.1863,35.961],[-82.1986,36.0158],[-82.2288,36.013],[-82.253,36.008],[-82.2495,35.9895],[-82.2733,36.0029],[-82.2681,36.0166],[-82.3008,36.0458],[-82.321,36.0262],[-82.3236,36.0292],[-82.3382,36.0301],[-82.3364,36.0527],[-82.352,36.0845],[-82.3801,36.0707],[-82.3991,36.0819],[-82.4167,36.0728],[-82.4095,36.0834]]]]","MultiPolygon",-82.1631707071334,36.0134689001413,-82.163581549,36.013203886
,"47149",1,,,,"{""Location"": {""kind"": ""electricalNetwork"", ""CoordinateSystem"": {""crsUrn"": ""EPSG:4326""}}}",,,,,"{""kind"": ""electricalNetwork"", ""CoordinateSystem"": {""crsUrn"": ""EPSG:4326""}}","electricalNetwork","MIDDLE TENNESSEE E M C,12470","12470","Rutherford","Tennessee","Feature","[[[[-86.6969,35.7523],[-86.6818,35.7501],[-86.6629,35.7909],[-86.6237,35.7912],[-86.6133,35.7903],[-86.6135,35.81],[-86.625,35.8082],[-86.6127,35.8192],[-86.626,35.8265],[-86.6034,35.8387],[-86.6056,35.8552],[-86.6214,35.8826],[-86.6151,35.8894],[-86.628,35.9102],[-86.6164,35.9403],[-86.625,35.9667],[-86.6189,35.9681],[-86.6189,35.9682],[-86.608,35.9798],[-86.6127,36.0075],[-86.6007,36.0119],[-86.5873,36.0256],[-86.5785,36.0268],[-86.5672,36.0345],[-86.5624,36.0353],[-86.5655,36.0508],[-86.5618,36.0583],[-86.5465,36.0665],[-86.5469,36.0878],[-86.5275,36.074],[-86.5293,36.0572],[-86.5247,36.0586],[-86.5211,36.0724],[-86.5176,36.0841],[-86.5156,36.1006],[-86.5023,36.0918],[-86.435,36.0499],[-86.431,36.0501],[-86.3951,36.031],[-86.3825,36.0353],[-86.3884,36.0272],[-86.3642,36.0102],[-86.3263,35.985],[-86.2558,35.9683],[-86.2517,35.9611],[-86.177,35.9575],[-86.165,35.9635],[-86.1532,35.9544],[-86.1553,35.9326],[-86.1418,35.9144],[-86.1529,35.9091],[-86.1586,35.8808],[-86.1686,35.8844],[-86.1786,35.8327],[-86.1798,35.8242],[-86.1774,35.82],[-86.1886,35.7959],[-86.1871,35.7637],[-86.2079,35.7323],[-86.2071,35.7038],[-86.2454,35.6889],[-86.2452,35.6319],[-86.2458,35.6319],[-86.2876,35.6483],[-86.3052,35.6464],[-86.3104,35.6616],[-86.3419,35.6643],[-86.3522,35.6502],[-86.3786,35.6428],[-86.373,35.6311],[-86.4017,35.6186],[-86.4137,35.6232],[-86.4134,35.64],[-86.4241,35.653],[-86.4622,35.6379],[-86.4777,35.6554],[-86.4935,35.6581],[-86.5194,35.6778],[-86.5155,35.6884],[-86.5234,35.6899],[-86.5431,35.6976],[-86.6364,35.702],[-86.6394,35.6859],[-86.6826,35.7041],[-86.6862,35.7101],[-86.6993,35.7178],[-86.6969,35.7523]]]]","MultiPolygon",-86.4173008190105,35.8422400415261,-86.416737886,35.842706525
,"48201",14,"2026-10-07T09:05:00+00:00","Pending Assessment",,"{""Location"": {""kind"": ""electricalNetwork"", ""CoordinateSystem"": {""crsUrn"": ""EPSG:4326""}}}",,,,,"{""kind"": ""electricalNetwork"", ""CoordinateSystem"": {""crsUrn"": ""EPSG:4326""}}","electricalNetwork","CENTERPOINT ENERGY,8901","8901","Harris","Texas","Feature","[[[[-95.9471,30.1545],[-95.9446,30.1483],[-95.8908,30.119],[-95.8741,30.1222],[-95.8447,30.0889],[-95.8286,30.0818],[-95.8033,30.0901],[-95.7893,30.0945],[-95.7632,30.0869],[-95.7552,30.0921],[-95.7496,30.0954],[-95.7339,30.0935],[-95.7071,30.1029],[-95.7021,30.099],[-95.6542,30.1092],[-95.6457,30.1192],[-95.6369,30.1264],[-95.6287,30.1278],[-95.6241,30.1267],[-95.6196,30.1355],[-95.6021,30.1327],[-95.5968,30.1345],[-95.5909,30.1361],[-95.5746,30.1518],[-95.5522,30.1705],[-95.5414,30.1703],[-95.5185,30.1522],[-95.5047,30.1451],[-95.5016,30.144],[-95.4974,30.1362],[-95.4913,30.1108],[-95.4873,30.108],[-95.4538,30.1046],[-95.4521,30.1077],[-95.4366,30.1104],[-95.4242,30.1155],[-95.422,30.1097],[-95.41,30.0928],[-95.4054,30.0921],[-95.3917,30.0827],[-95.3746,30.0862],[-95.3667,30.0776],[-95.3536,30.0763],[-95.3095,30.0456],[-95.311,30.0329],[-95.3069,30.0311],[-95.3024,30.0323],[-95.2847,30.0299],[-95.272,30.0324],[-95.2638,30.0324],[-95.2637,30.0325],[-95.2548,30.0396],[-95.2419,30.0498],[-95.2191,30.0685],[-95.2113,30.0745],[-95.2003,30.0834],[-95.1957,30.0873],[-95.1805,30.0995],[-95.1245,30.1445],[-95.1236,30.1454],[-95.0967,30.1672],[-95.0726,30.1031],[-95.0485,30.0387],[-95.0309,29.9937],[-95.0268,29.9967],[-94.9998,29.9913],[-94.9859,29.973],[-94.9987,29.9198],[-94.9845,29.8943],[-94.9815,29.8843],[-94.9768,29.868],[-94.9471,29.8495],[-94.9346,29.8343],[-94.909,29.8267],[-94.9098,29.8212],[-94.9229,29.8024],[-94.9166,29.7703],[-94.9132,29.7674],[-94.9286,29.7412],[-94.9392,29.7268],[-94.9299,29.6974],[-94.9156,29.6978],[-94.9312,29.6739],[-94.9342,29.6787],[-94.9361,29.6927],[-94.9427,29.6978],[-94.9567,29.6993],[-94.966,29.7003],[-94.9727,29.6849],[-94.9801,29.6791],[-94.9819,29.6777],[-95.0054,29.6594],[-95.0117,29.6498],[-95.0144,29.6428],[-95.0156,29.6395],[-95.0135,29.6292],[-94.9991,29.618],[-94.9889,29.6101],[-94.9827,29.6013],[-94.9863,29.5956],[-94.989,29.5912],[-95.0077,29.5743],[-95.0161,29.5593],[-95.0166,29.5585],[-95.0183,29.5549],[-95.0182,29.5546],[-95.017,29.5486],[-95.0176,29.5485],[-95.0231,29.5494],[-95.0354,29.5531],[-95.0501,29.5585],[-95.0572,29.5591],[-95.0643,29.5588],[-95.069,29.5564],[-95.0743,29.5482],[-95.0783,29.5473],[-95.0794,29.5436],[-95.0796,29.5344],[-95.0923,29.5343],[-95.0963,29.5352],[-95.0981,29.5183],[-95.1024,29.5214],[-95.1055,29.5103],[-95.1172,29.5081],[-95.1229,29.5105],[-95.1607,29.4975],[-95.1675,29.5125],[-95.1788,29.518],[-95.1863,29.5234],[-95.1951,29.5436],[-95.1972,29.542],[-95.2,29.5541],[-95.1932,29.5595],[-95.201,29.5632],[-95.2163,29.5558],[-95.216,29.5578],[-95.238,29.5614],[-95.254,29.5539],[-95.2525,29.5608],[-95.2587,29.5733],[-95.2603,29.5899],[-95.2663,29.5946],[-95.2738,29.5944],[-95.2865,29.5979],[-95.2972,29.5965],[-95.2974,29.5965],[-95.3323,29.5989],[-95.3368,29.5954],[-95.3464,29.5855],[-95.3519,29.5855],[-95.3762,29.5883],[-95.386,29.5856],[-95.3865,29.5856],[-95.3933,29.5817],[-95.4243,29.5803],[-95.431,29.5835],[-95.465,29.5996],[-95.4844,29.6085],[-95.4927,29.6124],[-95.495,29.6134],[-95.5086,29.6197],[-95.5208,29.6254],[-95.521,29.6255],[-95.5577,29.6424],[-95.5714,29.6487],[-95.5827,29.654],[-95.5971,29.6606],[-95.5978,29.661],[-95.6055,29.6645],[-95.6161,29.6704],[-95.6232,29.6743],[-95.6342,29.6806],[-95.6347,29.6808],[-95.6436,29.6859],[-95.6647,29.6975],[-95.6757,29.7037],[-95.6834,29.708],[-95.6871,29.7101],[-95.6883,29.7109],[-95.7082,29.7219],[-95.7112,29.7235],[-95.7304,29.7343],[-95.7336,29.7363],[-95.7387,29.7393],[-95.7514,29.7465],[-95.7664,29.7548],[-95.7707,29.7573],[-95.7761,29.7606],[-95.7764,29.7608],[-95.7867,29.7666],[-95.8124,29.781],[-95.826,29.7886],[-95.8302,29.8004],[-95.8411,29.8311],[-95.8569,29.8746],[-95.869,29.9088],[-95.9023,30.0022],[-95.9186,30.0469],[-95.9212,30.0553],[-95.9215,30.064],[-95.9366,30.096],[-95.9607,30.1634],[-95.9471,30.1545]]]]","MultiPolygon",-95.3930152863161,29.8574661549994,-95.392315926,29.857282527
,"48201",1,"2026-10-07T10:29:00+00:00","Pending Assessment",,"{""Location"": {""kind"": ""electricalNetwork"", ""CoordinateSystem"": {""crsUrn"": ""EPSG:4326""}}}",,,,,"{""kind"": ""electricalNetwork"", ""CoordinateSystem"": {""crsUrn"": ""EPSG:4326""}}","electricalNetwork","CENTERPOINT ENERGY,8901","8901","Harris","Texas","Feature","[[[[-95.9471,30.1545],[-95.9446,30.1483],[-95.8908,30.119],[-95.8741,30.1222],[-95.8447,30.0889],[-95.8286,30.0818],[-95.8033,30.0901],[-95.7893,30.0945],[-95.7632,30.0869],[-95.7552,30.0921],[-95.7496,30.0954],[-95.7339,30.0935],[-95.7071,30.1029],[-95.7021,30.099],[-95.6542,30.1092],[-95.6457,30.1192],[-95.6369,30.1264],[-95.6287,30.1278],[-95.6241,30.1267],[-95.6196,30.1355],[-95.6021,30.1327],[-95.5968,30.1345],[-95.5909,30.1361],[-95.5746,30.1518],[-95.5522,30.1705],[-95.5414,30.1703],[-95.5185,30.1522],[-95.5047,30.1451],[-95.5016,30.144],[-95.4974,30.1362],[-95.4913,30.1108],[-95.4873,30.108],[-95.4538,30.1046],[-95.4521,30.1077],[-95.4366,30.1104],[-95.4242,30.1155],[-95.422,30.1097],[-95.41,30.0928],[-95.4054,30.0921],[-95.3917,30.0827],[-95.3746,30.0862],[-95.3667,30.0776],[-95.3536,30.0763],[-95.3095,30.0456],[-95.311,30.0329],[-95.3069,30.0311],[-95.3024,30.0323],[-95.2847,30.0299],[-95.272,30.0324],[-95.2638,30.0324],[-95.2637,30.0325],[-95.2548,30.0396],[-95.2419,30.0498],[-95.2191,30.0685],[-95.2113,30.0745],[-95.2003,30.0834],[-95.1957,30.0873],[-95.1805,30.0995],[-95.1245,30.1445],[-95.1236,30.1454],[-95.0967,30.1672],[-95.0726,30.1031],[-95.0485,30.0387],[-95.0309,29.9937],[-95.0268,29.9967],[-94.9998,29.9913],[-94.9859,29.973],[-94.9987,29.9198],[-94.9845,29.8943],[-94.9815,29.8843],[-94.9768,29.868],[-94.9471,29.8495],[-94.9346,29.8343],[-94.909,29.8267],[-94.9098,29.8212],[-94.9229,29.8024],[-94.9166,29.7703],[-94.9132,29.7674],[-94.9286,29.7412],[-94.9392,29.7268],[-94.9299,29.6974],[-94.9156,29.6978],[-94.9312,29.6739],[-94.9342,29.6787],[-94.9361,29.6927],[-94.9427,29.6978],[-94.9567,29.6993],[-94.966,29.7003],[-94.9727,29.6849],[-94.9801,29.6791],[-94.9819,29.6777],[-95.0054,29.6594],[-95.0117,29.6498],[-95.0144,29.6428],[-95.0156,29.6395],[-95.0135,29.6292],[-94.9991,29.618],[-94.9889,29.6101],[-94.9827,29.6013],[-94.9863,29.5956],[-94.989,29.5912],[-95.0077,29.5743],[-95.0161,29.5593],[-95.0166,29.5585],[-95.0183,29.5549],[-95.0182,29.5546],[-95.017,29.5486],[-95.0176,29.5485],[-95.0231,29.5494],[-95.0354,29.5531],[-95.0501,29.5585],[-95.0572,29.5591],[-95.0643,29.5588],[-95.069,29.5564],[-95.0743,29.5482],[-95.0783,29.5473],[-95.0794,29.5436],[-95.0796,29.5344],[-95.0923,29.5343],[-95.0963,29.5352],[-95.0981,29.5183],[-95.1024,29.5214],[-95.1055,29.5103],[-95.1172,29.5081],[-95.1229,29.5105],[-95.1607,29.4975],[-95.1675,29.5125],[-95.1788,29.518],[-95.1863,29.5234],[-95.1951,29.5436],[-95.1972,29.542],[-95.2,29.5541],[-95.1932,29.5595],[-95.201,29.5632],[-95.2163,29.5558],[-95.216,29.5578],[-95.238,29.5614],[-95.254,29.5539],[-95.2525,29.5608],[-95.2587,29.5733],[-95.2603,29.5899],[-95.2663,29.5946],[-95.2738,29.5944],[-95.2865,29.5979],[-95.2972,29.5965],[-95.2974,29.5965],[-95.3323,29.5989],[-95.3368,29.5954],[-95.3464,29.5855],[-95.3519,29.5855],[-95.3762,29.5883],[-95.386,29.5856],[-95.3865,29.5856],[-95.3933,29.5817],[-95.4243,29.5803],[-95.431,29.5835],[-95.465,29.5996],[-95.4844,29.6085],[-95.4927,29.6124],[-95.495,29.6134],[-95.5086,29.6197],[-95.5208,29.6254],[-95.521,29.6255],[-95.5577,29.6424],[-95.5714,29.6487],[-95.5827,29.654],[-95.5971,29.6606],[-95.5978,29.661],[-95.6055,29.6645],[-95.6161,29.6704],[-95.6232,29.6743],[-95.6342,29.6806],[-95.6347,29.6808],[-95.6436,29.6859],[-95.6647,29.6975],[-95.6757,29.7037],[-95.6834,29.708],[-95.6871,29.7101],[-95.6883,29.7109],[-95.7082,29.7219],[-95.7112,29.7235],[-95.7304,29.7343],[-95.7336,29.7363],[-95.7387,29.7393],[-95.7514,29.7465],[-95.7664,29.7548],[-95.7707,29.7573],[-95.7761,29.7606],[-95.7764,29.7608],[-95.7867,29.7666],[-95.8124,29.781],[-95.826,29.7886],[-95.8302,29.8004],[-95.8411,29.8311],[-95.8569,29.8746],[-95.869,29.9088],[-95.9023,30.0022],[-95.9186,30.0469],[-95.9212,30.0553],[-95.9215,30.064],[-95.9366,30.096],[-95.9607,30.1634],[-95.9471,30.1545]]]]","MultiPolygon",-95.3930152863161,29.8574661549994,-95.392315926,29.857282527
,"48157",1,"2026-10-07T11:14:00+00:00","Pending Assessment",,"{""Location"": {""kind"": ""electricalNetwork"", ""CoordinateSystem"": {""crsUrn"": ""EPSG:4326""}}}",,,,,"{""kind"": ""electricalNetwork"", ""CoordinateSystem"": {""crsUrn"": ""EPSG:4326""}}","electricalNetwork","CENTERPOINT ENERGY,8901","8901","Fort Bend","Texas","Feature","[[[[-96.0889,29.6017],[-96.0248,29.6029],[-96.0164,29.6271],[-96.0175,29.6455],[-96.0331,29.6582],[-96.0218,29.6714],[-96.0337,29.6742],[-96.0438,29.6658],[-96.06,29.676],[-96.0572,29.6819],[-96.0322,29.6885],[-96.0166,29.6801],[-96.0193,29.6997],[-96.0046,29.7086],[-96.0116,29.7198],[-96.0324,29.7175],[-96.0327,29.7279],[-95.9709,29.7286],[-95.9713,29.7405],[-95.9509,29.7408],[-95.9206,29.7526],[-95.8849,29.7658],[-95.8546,29.7774],[-95.826,29.7886],[-95.8124,29.781],[-95.7867,29.7666],[-95.7764,29.7608],[-95.7761,29.7606],[-95.7707,29.7573],[-95.7664,29.7548],[-95.7514,29.7465],[-95.7387,29.7393],[-95.7336,29.7363],[-95.7304,29.7343],[-95.7112,29.7235],[-95.7082,29.7219],[-95.6883,29.7109],[-95.6871,29.7101],[-95.6834,29.708],[-95.6757,29.7037],[-95.6647,29.6975],[-95.6436,29.6859],[-95.6347,29.6808],[-95.6342,29.6806],[-95.6232,29.6743],[-95.6161,29.6704],[-95.6055,29.6645],[-95.5978,29.661],[-95.5971,29.6606],[-95.5827,29.654],[-95.5714,29.6487],[-95.5577,29.6424],[-95.521,29.6255],[-95.5208,29.6254],[-95.5086,29.6197],[-95.495,29.6134],[-95.4927,29.6124],[-95.4844,29.6085],[-95.465,29.5996],[-95.431,29.5835],[-95.4243,29.5803],[-95.4246,29.5793],[-95.4268,29.5712],[-95.4312,29.555],[-95.4353,29.5399],[-95.4372,29.5328],[-95.4434,29.5102],[-95.4463,29.4996],[-95.4626,29.4392],[-95.5506,29.4383],[-95.5559,29.4253],[-95.5476,29.3952],[-95.5673,29.3897],[-95.5771,29.3681],[-95.5741,29.3547],[-95.5826,29.3499],[-95.5788,29.3421],[-95.5908,29.3275],[-95.6039,29.3304],[-95.6279,29.3091],[-95.6265,29.2931],[-95.6544,29.2909],[-95.6728,29.2995],[-95.7472,29.3227],[-95.784,29.2962],[-95.7978,29.308],[-95.8477,29.2626],[-95.8785,29.2659],[-95.8975,29.2993],[-95.8945,29.315],[-95.923,29.3293],[-95.9495,29.3353],[-95.9534,29.3451],[-95.9365,29.3584],[-95.9496,29.3746],[-95.9684,29.3834],[-95.9734,29.4114],[-95.992,29.4338],[-96.0167,29.4372],[-96.0366,29.4457],[-96.0596,29.4733],[-96.0597,29.4919],[-96.0355,29.4923],[-96.0223,29.502],[-96.0365,29.5108],[-96.0542,29.5121],[-96.0551,29.5399],[-96.0417,29.5403],[-96.0446,29.5622],[-96.06,29.5687],[-96.0596,29.5885],[-96.0889,29.6017]]]]","MultiPolygon",-95.7710151057799,29.5274276799189,-95.770949622,29.52751142
,"47093",2,"2026-10-07T10:40:15+00:00",,,"{""Location"": {""kind"": ""electricalNetwork"", ""CoordinateSystem"": {""crsUrn"": ""EPSG:4326""}}}",,,,,"{""kind"": ""electricalNetwork"", ""CoordinateSystem"": {""crsUrn"": ""EPSG:4326""}}","electricalNetwork","KNOXVILLE UTILITIES BOARD,10421","10421","Knox","Tennessee","Feature","[[[[-84.2716,35.9102],[-84.2524,35.9189],[-84.2715,35.9422],[-84.2358,35.9317],[-84.244,35.955],[-84.2138,35.9501],[-84.2205,35.9606],[-84.2146,35.9751],[-84.1966,35.9784],[-84.1955,35.9916],[-84.1923,35.9955],[-84.1579,35.9913],[-84.148,35.9868],[-84.1241,35.9984],[-84.0766,36.02],[-84.0701,36.0289],[-84.0586,36.0363],[-84.0689,36.046],[-84.0928,36.0732],[-84.0811,36.0781],[-84.0438,36.1116],[-84.0297,36.1165],[-84.0153,36.1354],[-84.0073,36.1359],[-83.9763,36.1679],[-83.969,36.1696],[-83.9636,36.1754],[-83.9417,36.1864],[-83.9052,36.1609],[-83.904,36.169],[-83.8524,36.1677],[-83.7995,36.1663],[-83.7327,36.1646],[-83.7237,36.1375],[-83.7174,36.133],[-83.6914,36.122],[-83.6675,36.0806],[-83.6913,36.0946],[-83.708,36.0943],[-83.6946,36.0582],[-83.6922,36.058],[-83.6712,36.0531],[-83.6733,36.0385],[-83.6775,36.0277],[-83.6509,35.9871],[-83.6509,35.9865],[-83.6597,35.9859],[-83.6673,35.9616],[-83.6866,35.95],[-83.684,35.9367],[-83.6946,35.9439],[-83.7385,35.917],[-83.7439,35.9206],[-83.7672,35.9119],[-83.7943,35.8871],[-83.8118,35.8784],[-83.8502,35.842],[-83.8578,35.8416],[-83.9075,35.8466],[-83.9436,35.8717],[-83.9492,35.8746],[-83.9746,35.8631],[-84.001,35.8818],[-84.0284,35.876],[-84.0114,35.8653],[-84.0068,35.8496],[-84.0068,35.8493],[-84.0165,35.8395],[-84.0357,35.8539],[-84.0499,35.8513],[-84.0514,35.8311],[-84.0679,35.8316],[-84.079,35.8508],[-84.1246,35.8315],[-84.1376,35.8509],[-84.1345,35.8351],[-84.1443,35.7958],[-84.1663,35.8051],[-84.1682,35.8095],[-84.1806,35.821],[-84.1952,35.8345],[-84.1953,35.8347],[-84.224,35.861],[-84.2408,35.8767],[-84.2507,35.886],[-84.2634,35.8969],[-84.2716,35.9102]]]]","MultiPolygon",-83.9374331556165,35.9931595301703,-83.937090326,35.993206375
"Unknown","25021",71,"2026-10-07T10:57:33+00:00",,,"{""cause"": ""Unknown"", ""Location"": {""kind"": ""electricalNetwork"", ""CoordinateSystem"": {""crsUrn"": ""EPSG:4326""}}}",,"{""ert"": ""2026-10-07T13:00:00Z""}",,"Unknown","{""kind"": ""electricalNetwork"", ""CoordinateSystem"": {""crsUrn"": ""EPSG:4326""}}","electricalNetwork","NATIONAL GRID,11804","11804","Norfolk","Massachusetts","Feature","[[[[-70.8447,42.2423],[-70.8493,42.2473],[-70.8446,42.2604],[-70.8247,42.2659],[-70.8117,42.2629],[-70.7914,42.255],[-70.7887,42.2539],[-70.7807,42.2518],[-70.7856,42.2251],[-70.7914,42.2215],[-70.7971,42.2182],[-70.827,42.2008],[-70.8534,42.2396],[-70.8447,42.2423]]],[[[-71.1717,42.3195],[-71.1646,42.3246],[-71.157,42.3304],[-71.1501,42.3353],[-71.1473,42.3372],[-71.1418,42.3404],[-71.1413,42.3411],[-71.1378,42.3439],[-71.136,42.3454],[-71.1352,42.346],[-71.1343,42.3466],[-71.1297,42.3488],[-71.1235,42.3515],[-71.1213,42.3517],[-71.1158,42.351],[-71.1109,42.3504],[-71.1069,42.3488],[-71.1055,42.3438],[-71.1106,42.3404],[-71.1114,42.3345],[-71.1133,42.3322],[-71.1145,42.3284],[-71.1195,42.3227],[-71.1243,42.3219],[-71.1344,42.3093],[-71.1401,42.3021],[-71.1503,42.2955],[-71.1647,42.3038],[-71.1698,42.3076],[-71.1717,42.3195]]],[[[-71.5014,42.1167],[-71.4958,42.1207],[-71.4899,42.1247],[-71.4785,42.1314],[-71.4782,42.154],[-71.4781,42.1568],[-71.464,42.1582],[-71.4441,42.1749],[-71.4302,42.1794],[-71.4023,42.1788],[-71.4044,42.1884],[-71.3848,42.192],[-71.362,42.1958],[-71.3442,42.2007],[-71.35,42.214],[-71.3385,42.2152],[-71.3431,42.2202],[-71.3297,42.2333],[-71.3324,42.2477],[-71.3029,42.2483],[-71.3085,42.2707],[-71.3215,42.2937],[-71.3217,42.2939],[-71.3264,42.3043],[-71.3264,42.3044],[-71.3273,42.3137],[-71.2918,42.3226],[-71.27,42.3281],[-71.2585,42.3253],[-71.2461,42.321],[-71.228,42.3168],[-71.2275,42.3154],[-71.2271,42.3124],[-71.2113,42.3031],[-71.2079,42.2972],[-71.2064,42.2943],[-71.2057,42.2922],[-71.2056,42.2904],[-71.2052,42.2896],[-71.1912,42.283],[-71.1882,42.2804],[-71.1853,42.2795],[-71.1746,42.2756],[-71.1742,42.267],[-71.1634,42.259],[-71.1616,42.2575],[-71.1521,42.2582],[-71.1461,42.253],[-71.1435,42.2401],[-71.1392,42.2337],[-71.1367,42.2319],[-71.1308,42.2279],[-71.1307,42.2279],[-71.1257,42.2395],[-71.1093,42.248],[-71.1095,42.2524],[-71.1133,42.2589],[-71.1084,42.2611],[-71.0979,42.2629],[-71.0939,42.2671],[-71.0937,42.2671],[-71.0894,42.2697],[-71.0733,42.2703],[-71.0681,42.271],[-71.0622,42.2672],[-71.0533,42.2775],[-71.0428,42.2771],[-71.0391,42.284],[-71.0379,42.2849],[-71.0367,42.2914],[-71.0417,42.3053],[-71.0101,42.3052],[-70.9918,42.3131],[-70.9867,42.3063],[-71.0036,42.2953],[-71.0055,42.29],[-71.0062,42.2881],[-71.0055,42.2851],[-71.0053,42.2845],[-71.0049,42.2827],[-70.9961,42.2712],[-70.9905,42.2682],[-70.9891,42.2674],[-70.9674,42.2682],[-70.9562,42.2708],[-70.9574,42.2801],[-70.9539,42.2848],[-70.9377,42.2775],[-70.9141,42.2888],[-70.9137,42.2816],[-70.9021,42.2675],[-70.9324,42.2526],[-70.931,42.247],[-70.9311,42.2464],[-70.9235,42.2259],[-70.9147,42.2251],[-70.9163,42.215],[-70.9195,42.1937],[-70.9212,42.1823],[-70.9214,42.181],[-70.9249,42.1576],[-70.9285,42.1562],[-70.9408,42.1514],[-70.949,42.1482],[-70.9774,42.137],[-70.9813,42.1355],[-70.9931,42.1309],[-71.002,42.1265],[-71.002,42.1265],[-71.0219,42.1187],[-71.0255,42.1173],[-71.0411,42.1112],[-71.0578,42.1046],[-71.0613,42.1032],[-71.0805,42.0955],[-71.0933,42.0905],[-71.1386,42.0728],[-71.1687,42.0612],[-71.1785,42.0574],[-71.2085,42.0456],[-71.2424,42.0324],[-71.2587,42.026],[-71.2883,42.0145],[-71.3036,42.0086],[-71.3269,41.9996],[-71.3388,41.9951],[-71.3643,41.9853],[-71.3815,41.9851],[-71.3814,42.0188],[-71.4581,42.0178],[-71.4581,42.0178],[-71.4914,42.0173],[-71.4983,42.0172],[-71.4983,42.0344],[-71.4983,42.0649],[-71.4983,42.0758],[-71.4955,42.1],[-71.4997,42.1035],[-71.5014,42.1167]]]]","MultiPolygon",-71.2079315371717,42.1619857272554,-71.183829082,42.170980493
"Unknown","25027",24,"2026-10-07T07:53:45+00:00",,,"{""cause"": ""Unknown"", ""Location"": {""kind"": ""electricalNetwork"", ""CoordinateSystem"": {""crsUrn"": ""EPSG:4326""}}}",,"{""ert"": ""2026-10-07T13:00:00Z""}",,"Unknown","{""kind"": ""electricalNetwork"", ""CoordinateSystem"": {""crsUrn"": ""EPSG:4326""}}","electricalNetwork","NATIONAL GRID,11804","11804","Worcester","Massachusetts","Feature","[[[[-72.3151,42.3989],[-72.3056,42.4204],[-72.2833,42.4412],[-72.2913,42.4795],[-72.2449,42.5134],[-72.2691,42.5334],[-72.2714,42.5472],[-72.2741,42.5626],[-72.2741,42.5791],[-72.2613,42.5759],[-72.2671,42.6008],[-72.2278,42.6159],[-72.2249,42.6389],[-72.2295,42.6627],[-72.2435,42.6692],[-72.272,42.6747],[-72.283,42.7216],[-72.1245,42.7176],[-72.1111,42.7172],[-72.0786,42.7162],[-72.0777,42.7162],[-71.9814,42.7133],[-71.9814,42.7133],[-71.929,42.7122],[-71.9288,42.7122],[-71.8988,42.7114],[-71.8971,42.7037],[-71.8578,42.675],[-71.8585,42.6338],[-71.8448,42.638],[-71.7753,42.6367],[-71.7758,42.6442],[-71.6942,42.6203],[-71.6646,42.6116],[-71.679,42.5304],[-71.6359,42.524],[-71.6392,42.531],[-71.6199,42.5525],[-71.5946,42.5434],[-71.5779,42.55],[-71.5388,42.543],[-71.5338,42.5277],[-71.5298,42.5198],[-71.5604,42.4744],[-71.5434,42.4665],[-71.5489,42.4473],[-71.5591,42.4119],[-71.5646,42.4109],[-71.5853,42.4071],[-71.6043,42.3977],[-71.5802,42.387],[-71.6078,42.37],[-71.6031,42.3673],[-71.61,42.3574],[-71.6247,42.3505],[-71.6041,42.3368],[-71.5852,42.311],[-71.5703,42.3197],[-71.5511,42.3264],[-71.5373,42.328],[-71.5184,42.3301],[-71.5112,42.3288],[-71.5054,42.3282],[-71.4868,42.3302],[-71.4867,42.3299],[-71.4859,42.3112],[-71.4899,42.3037],[-71.497,42.2898],[-71.5059,42.2729],[-71.5065,42.2643],[-71.5222,42.2665],[-71.5224,42.2664],[-71.5446,42.2645],[-71.5501,42.266],[-71.5646,42.2669],[-71.5868,42.2595],[-71.5899,42.2513],[-71.5993,42.226],[-71.6022,42.2181],[-71.5829,42.1956],[-71.5557,42.1825],[-71.5393,42.1897],[-71.5359,42.1896],[-71.5069,42.1889],[-71.5026,42.1914],[-71.4974,42.1666],[-71.4781,42.1587],[-71.4781,42.1568],[-71.4782,42.154],[-71.4785,42.1314],[-71.4899,42.1247],[-71.4958,42.1207],[-71.5014,42.1167],[-71.4997,42.1035],[-71.4955,42.1],[-71.4983,42.0758],[-71.4983,42.0649],[-71.4983,42.0344],[-71.4983,42.0172],[-71.4999,42.0172],[-71.5009,42.0171],[-71.5116,42.0163],[-71.5273,42.0151],[-71.5276,42.015],[-71.5277,42.015],[-71.5289,42.015],[-71.5594,42.0143],[-71.5637,42.0143],[-71.5769,42.0141],[-71.5911,42.0138],[-71.6067,42.0134],[-71.678,42.0118],[-71.6809,42.0117],[-71.766,42.0097],[-71.7992,42.0081],[-71.8007,42.0236],[-71.8046,42.0236],[-71.8457,42.024],[-71.866,42.0241],[-71.8828,42.0243],[-71.8839,42.0243],[-71.8908,42.0244],[-71.921,42.0252],[-71.963,42.0262],[-71.9873,42.0269],[-71.9931,42.0269],[-72.0635,42.0273],[-72.0997,42.0288],[-72.1022,42.0289],[-72.1357,42.0302],[-72.1357,42.0302],[-72.1351,42.0907],[-72.1351,42.1114],[-72.135,42.1618],[-72.1419,42.161],[-72.1993,42.1537],[-72.2006,42.1613],[-72.2639,42.1838],[-72.2641,42.1995],[-72.2212,42.2453],[-72.2111,42.2513],[-72.2176,42.2682],[-72.2033,42.2912],[-72.2108,42.2945],[-72.214,42.2943],[-72.2108,42.3114],[-72.2746,42.302],[-72.2886,42.3521],[-72.3068,42.3443],[-72.3143,42.3437],[-72.3108,42.3638],[-72.3151,42.3989]]]]","MultiPolygon",-71.907721776532,42.3513441194522,-71.907726976,42.351394571
,"27005",1,,,,"{""Location"": {""kind"": ""electricalNetwork"", ""CoordinateSystem"": {""crsUrn"": ""EPSG:4326""}}}",,,,,"{""kind"": ""electricalNetwork"", ""CoordinateSystem"": {""crsUrn"": ""EPSG:4326""}}","electricalNetwork","WILD RICE ELECTRIC COOP, INC,20639","20639","Becker","Minnesota","Feature","[[[[-96.1947,47.1511],[-96.1097,47.1517],[-96.0671,47.1518],[-95.9266,47.1514],[-95.5512,47.1515],[-95.2973,47.1518],[-95.1692,47.1525],[-95.1696,47.0147],[-95.1703,46.9782],[-95.1623,46.9782],[-95.163,46.8047],[-95.1637,46.7176],[-95.391,46.7162],[-95.4885,46.7175],[-95.6267,46.7155],[-95.7794,46.7163],[-95.8445,46.7166],[-95.9579,46.7171],[-96.0265,46.7175],[-96.1746,46.7179],[-96.177,46.805],[-96.1748,46.8772],[-96.1741,46.9774],[-96.1936,46.9774],[-96.1947,47.1511]]]]","MultiPolygon",-95.6740094489452,46.9348310979901,-95.673917044,46.934653444
,"42011",1,,,"Data is preliminary and subject to change","{""cause"": """", ""Location"": {""kind"": ""electricalNetwork"", ""CoordinateSystem"": {""crsUrn"": ""EPSG:4326""}}}",,,,,"{""kind"": ""electricalNetwork"", ""CoordinateSystem"": {""crsUrn"": ""EPSG:4326""}}","electricalNetwork","METROPOLITAN EDISON CO,12390","12390","Berks","Pennsylvania","Feature","[[[[-76.4186,40.4956],[-76.3692,40.5096],[-76.3304,40.5159],[-76.3225,40.5142],[-76.2401,40.5205],[-76.1716,40.5349],[-76.1554,40.545],[-76.1347,40.5535],[-76.1173,40.5585],[-76.0794,40.5661],[-76.058,40.5796],[-76.0549,40.5743],[-76.0395,40.5831],[-76.0122,40.5777],[-75.9946,40.6355],[-75.986,40.6423],[-75.8915,40.6773],[-75.7793,40.6047],[-75.7667,40.597],[-75.7394,40.5799],[-75.6943,40.5511],[-75.6749,40.539],[-75.6415,40.5177],[-75.5898,40.4847],[-75.5793,40.478],[-75.5308,40.4477],[-75.5297,40.447],[-75.5598,40.4097],[-75.5693,40.3979],[-75.6066,40.3525],[-75.6151,40.3421],[-75.6252,40.3294],[-75.628,40.326],[-75.6281,40.3259],[-75.6388,40.3128],[-75.645,40.3053],[-75.6645,40.2811],[-75.6968,40.2419],[-75.7432,40.2167],[-75.8079,40.1777],[-75.821,40.1697],[-75.8229,40.1685],[-75.8545,40.1493],[-75.8734,40.1371],[-75.9418,40.1816],[-75.9434,40.1827],[-76.044,40.2472],[-76.0441,40.2472],[-76.0918,40.2777],[-76.1512,40.316],[-76.152,40.3165],[-76.1986,40.3549],[-76.2055,40.3607],[-76.2434,40.3735],[-76.3071,40.4134],[-76.341,40.4344],[-76.3534,40.4422],[-76.4402,40.496],[-76.4186,40.4956]]]]","MultiPolygon",-75.9258093647673,40.4163199739644,-75.925998909,40.416295655
,"42133",24,,,"Data is preliminary and subject to change","{""cause"": """", ""Location"": {""kind"": ""electricalNetwork"", ""CoordinateSystem"": {""crsUrn"": ""EPSG:4326""}}}",,,,,"{""kind"": ""electricalNetwork"", ""CoordinateSystem"": {""crsUrn"": ""EPSG:4326""}}","electricalNetwork","METROPOLITAN EDISON CO,12390","12390","York","Pennsylvania","Feature","[[[[-77.1374,40.0699],[-77.0804,40.111],[-77.0767,40.1136],[-77.0289,40.1477],[-77.0128,40.1484],[-77.0093,40.149],[-76.9982,40.1533],[-76.993,40.1549],[-76.9868,40.1551],[-76.9769,40.1523],[-76.9716,40.1567],[-76.9722,40.1587],[-76.977,40.1589],[-76.9807,40.1606],[-76.9816,40.1631],[-76.9513,40.1658],[-76.9221,40.1623],[-76.922,40.1623],[-76.9059,40.1657],[-76.9265,40.1885],[-76.9119,40.1849],[-76.9084,40.1902],[-76.9174,40.1976],[-76.9314,40.1977],[-76.9185,40.2102],[-76.9124,40.2046],[-76.9067,40.2122],[-76.9,40.2122],[-76.904,40.223],[-76.8893,40.2138],[-76.8684,40.2159],[-76.859,40.2263],[-76.8395,40.2216],[-76.823,40.2017],[-76.8085,40.2007],[-76.8061,40.2006],[-76.8006,40.2001],[-76.7638,40.1795],[-76.7564,40.1771],[-76.7488,40.1624],[-76.7435,40.1309],[-76.7216,40.1201],[-76.7079,40.1106],[-76.6932,40.0988],[-76.6693,40.0675],[-76.6638,40.0632],[-76.6445,40.0581],[-76.633,40.0574],[-76.5712,40.0457],[-76.5339,40.0508],[-76.5318,40.0357],[-76.5297,40.0309],[-76.5168,40.0177],[-76.5122,40.0134],[-76.512,40.0125],[-76.5004,40],[-76.4954,39.9761],[-76.4777,39.9498],[-76.4767,39.951],[-76.449,39.9343],[-76.3921,39.9127],[-76.3838,39.8975],[-76.3798,39.8879],[-76.3767,39.8656],[-76.3508,39.8471],[-76.3383,39.8221],[-76.3125,39.806],[-76.3124,39.8054],[-76.307,39.7998],[-76.297,39.7912],[-76.2761,39.7756],[-76.2402,39.7294],[-76.2397,39.7216],[-76.3803,39.7216],[-76.3808,39.7216],[-76.3958,39.7215],[-76.4045,39.7216],[-76.4189,39.7216],[-76.419,39.7215],[-76.4424,39.7216],[-76.4921,39.7216],[-76.5173,39.7216],[-76.5259,39.7216],[-76.5515,39.7215],[-76.5694,39.7215],[-76.5696,39.7215],[-76.6098,39.7215],[-76.6582,39.7214],[-76.6977,39.7214],[-76.7029,39.7214],[-76.7121,39.7214],[-76.7158,39.7214],[-76.7578,39.7212],[-76.7871,39.7211],[-76.7873,39.7211],[-76.8006,39.7209],[-76.8066,39.7209],[-76.8094,39.721],[-76.8812,39.7207],[-76.8903,39.7207],[-76.8977,39.7207],[-76.916,39.7208],[-76.9368,39.721],[-76.9578,39.7206],[-76.9911,39.7201],[-76.9993,39.7201],[-76.9994,39.7602],[-76.9995,39.7882],[-76.9996,39.7935],[-76.9996,39.795],[-76.9996,39.8121],[-76.9997,39.8196],[-76.9986,39.8314],[-76.9786,39.8477],[-76.9572,39.8557],[-76.9551,39.857],[-76.9734,39.8736],[-76.9839,39.895],[-76.965,39.9219],[-76.9718,39.9285],[-76.9697,39.9373],[-76.9662,39.9352],[-76.9879,39.9668],[-77.0105,40.0004],[-77.0186,40.0139],[-77.0544,40.0232],[-77.092,40.0536],[-77.1374,40.0699]]]]","MultiPolygon",-76.7263869135606,39.9199559434699,-76.726514059,39.919958274
,"27079",1,,,,"{""Location"": {""kind"": ""electricalNetwork"", ""CoordinateSystem"": {""crsUrn"": ""EPSG:4326""}}}",,,,,"{""kind"": ""electricalNetwork"", ""CoordinateSystem"": {""crsUrn"": ""EPSG:4326""}}","electricalNetwork","MINNESOTA VALLEY ELECTRIC COOP,12651","12651","Le Sueur","Minnesota","Feature","[[[[-94.0252,44.2577],[-93.9981,44.2788],[-93.9887,44.2962],[-93.9598,44.3073],[-93.9527,44.3246],[-93.9327,44.3449],[-93.962,44.3659],[-93.9557,44.3737],[-93.9658,44.3906],[-93.9509,44.3928],[-93.9279,44.4454],[-93.9294,44.4527],[-93.9349,44.4567],[-93.933,44.4567],[-93.9222,44.4606],[-93.9191,44.4602],[-93.9177,44.4611],[-93.9174,44.4619],[-93.927,44.4699],[-93.9093,44.4715],[-93.8908,44.5038],[-93.8876,44.5257],[-93.9104,44.5432],[-93.8497,44.5431],[-93.6967,44.5436],[-93.6458,44.5439],[-93.5862,44.5436],[-93.5243,44.5436],[-93.5243,44.5297],[-93.5245,44.4578],[-93.5245,44.4571],[-93.5247,44.3704],[-93.5252,44.2756],[-93.5252,44.1961],[-93.527,44.1961],[-93.768,44.1958],[-93.768,44.2394],[-93.8083,44.2394],[-93.8885,44.2394],[-93.9309,44.2397],[-93.9382,44.2393],[-93.9552,44.2394],[-94.0119,44.2395],[-94.0252,44.2577]]]]","MultiPolygon",-93.7300444403048,44.371386343025,-93.730115032,44.371442773
,"21093",1,,,,"{""Location"": {""kind"": ""electricalNetwork"", ""CoordinateSystem"": {""crsUrn"": ""EPSG:4326""}}}",,,,,"{""kind"": ""electricalNetwork"", ""CoordinateSystem"": {""crsUrn"": ""EPSG:4326""}}","electricalNetwork","NOLIN RURAL ELECTRIC COOP CORP,13651","13651","Hardin","Kentucky","Feature","[[[[-86.2753,37.5935],[-86.2069,37.7059],[-86.1513,37.7989],[-86.1459,37.7996],[-86.0124,37.8178],[-86.0062,37.8207],[-85.9936,37.8437],[-85.9855,37.8584],[-85.9759,37.8758],[-85.9788,37.8914],[-85.9823,37.9102],[-85.9847,37.923],[-85.9852,37.9256],[-85.9966,37.9874],[-85.999,37.9998],[-85.9966,38.0001],[-85.976,38.0036],[-85.9583,38.0046],[-85.9515,38.0056],[-85.948,38.0071],[-85.9383,37.9988],[-85.9324,37.9942],[-85.9256,37.9923],[-85.9074,37.9916],[-85.9008,37.9695],[-85.9052,37.9426],[-85.8942,37.9401],[-85.8798,37.9485],[-85.8549,37.9454],[-85.8449,37.9217],[-85.8302,37.9188],[-85.8275,37.9006],[-85.8134,37.8896],[-85.8339,37.8927],[-85.8382,37.8793],[-85.8173,37.8583],[-85.8031,37.86],[-85.7856,37.8429],[-85.7606,37.8334],[-85.7502,37.8267],[-85.7422,37.8219],[-85.7389,37.8132],[-85.7378,37.8118],[-85.7405,37.7892],[-85.7281,37.7742],[-85.6875,37.755],[-85.6762,37.7337],[-85.6805,37.7323],[-85.7168,37.6814],[-85.7362,37.6544],[-85.8035,37.6216],[-85.7977,37.6099],[-85.8209,37.5748],[-85.8244,37.5737],[-85.8387,37.5687],[-85.8758,37.544],[-85.8928,37.4403],[-86.0476,37.4499],[-86.0673,37.4574],[-86.0549,37.4743],[-86.0496,37.4762],[-86.0543,37.496],[-86.1024,37.5516],[-86.1141,37.5671],[-86.1613,37.5629],[-86.1762,37.5548],[-86.2162,37.5759],[-86.2325,37.575],[-86.2467,37.602],[-86.2681,37.5846],[-86.2753,37.5935]]]]","MultiPolygon",-85.9635542844834,37.697601608928,-85.963371815,37.69792129
"Unknown","36001",6,"2026-10-07T11:06:19+00:00",,,"{""cause"": ""Unknown"", ""Location"": {""kind"": ""electricalNetwork"", ""CoordinateSystem"": {""crsUrn"": ""EPSG:4326""}}}",,"{""ert"": ""2026-10-07T14:45:00Z""}",,"Unknown","{""kind"": ""electricalNetwork"", ""CoordinateSystem"": {""crsUrn"": ""EPSG:4326""}}","electricalNetwork","NATIONAL GRID,13573","13573","Albany","New York","Feature","[[[[-74.2649,42.4199],[-74.2445,42.4703],[-74.2285,42.4944],[-74.2256,42.5264],[-74.2344,42.5378],[-74.2416,42.5508],[-74.2371,42.5646],[-74.234,42.5757],[-74.1935,42.619],[-74.192,42.6278],[-74.1697,42.6674],[-74.1647,42.7172],[-74.1803,42.73],[-74.1065,42.7392],[-74.0544,42.7455],[-74.0385,42.7474],[-73.994,42.753],[-73.9445,42.7595],[-73.9427,42.7596],[-73.9338,42.7607],[-73.9068,42.7634],[-73.8877,42.7659],[-73.8726,42.7675],[-73.8251,42.7732],[-73.8248,42.7732],[-73.8094,42.7789],[-73.78,42.7922],[-73.7688,42.7859],[-73.7615,42.7916],[-73.7377,42.8189],[-73.7317,42.8213],[-73.7227,42.8207],[-73.7199,42.8013],[-73.7107,42.7941],[-73.709,42.7877],[-73.6938,42.777],[-73.6768,42.7833],[-73.6785,42.7789],[-73.6833,42.7679],[-73.6844,42.7608],[-73.6873,42.7525],[-73.6887,42.7402],[-73.6947,42.7321],[-73.6976,42.7273],[-73.6986,42.7238],[-73.6994,42.7215],[-73.7007,42.718],[-73.7035,42.7056],[-73.7029,42.6993],[-73.7065,42.6941],[-73.7233,42.6729],[-73.725,42.6702],[-73.7291,42.6651],[-73.7394,42.6568],[-73.7418,42.6543],[-73.7476,42.6432],[-73.7507,42.637],[-73.753,42.6287],[-73.7596,42.6142],[-73.7597,42.6138],[-73.7616,42.6036],[-73.7524,42.5767],[-73.7522,42.5666],[-73.7568,42.543],[-73.7583,42.5342],[-73.7598,42.5294],[-73.7611,42.5263],[-73.7638,42.5211],[-73.7855,42.4872],[-73.7837,42.4642],[-73.8001,42.4625],[-73.8124,42.4612],[-73.948,42.4432],[-73.9638,42.4416],[-74.0841,42.4276],[-74.0907,42.4268],[-74.2543,42.4082],[-74.2635,42.4071],[-74.2649,42.4199]]]]","MultiPolygon",-73.9734531065076,42.6001191055403,-73.973558571,42.600176428
"Unknown","36029",1,"2026-10-07T09:43:11+00:00",,,"{""cause"": ""Unknown"", ""Location"": {""kind"": ""electricalNetwork"", ""CoordinateSystem"": {""crsUrn"": ""EPSG:4326""}}}",,"{""ert"": ""2026-10-07T13:15:00Z""}",,"Unknown","{""kind"": ""electricalNetwork"", ""CoordinateSystem"": {""crsUrn"": ""EPSG:4326""}}","electricalNetwork","NATIONAL GRID,13573","13573","Erie","New York","Feature","[[[[-79.1311,42.5856],[-79.1296,42.5898],[-79.1263,42.5909],[-79.1219,42.5942],[-79.1137,42.606],[-79.1123,42.6105],[-79.1114,42.6134],[-79.0898,42.631],[-79.0843,42.6355],[-79.0788,42.6401],[-79.0733,42.64],[-79.0638,42.6448],[-79.0637,42.6452],[-79.0627,42.6622],[-79.0623,42.6684],[-79.0489,42.6892],[-79.0189,42.7016],[-79.0062,42.7046],[-78.9912,42.7054],[-78.9698,42.7175],[-78.952,42.7275],[-78.9442,42.732],[-78.9182,42.7373],[-78.9034,42.7471],[-78.8687,42.7702],[-78.8686,42.7703],[-78.8535,42.784],[-78.8514,42.7918],[-78.8565,42.8003],[-78.8594,42.8007],[-78.861,42.8054],[-78.8637,42.8131],[-78.8657,42.8268],[-78.8622,42.8323],[-78.8604,42.8351],[-78.8595,42.8414],[-78.8656,42.8524],[-78.8694,42.8529],[-78.8722,42.8533],[-78.8826,42.8673],[-78.8881,42.878],[-78.8917,42.8848],[-78.8947,42.8851],[-78.9125,42.8866],[-78.908,42.8954],[-78.9062,42.899],[-78.9058,42.9],[-78.9057,42.9131],[-78.9057,42.9211],[-78.9057,42.9234],[-78.9092,42.9333],[-78.9124,42.9378],[-78.9142,42.9404],[-78.9189,42.9469],[-78.9324,42.9559],[-78.9618,42.9578],[-78.9751,42.9688],[-78.9833,42.9725],[-79.0116,42.9853],[-79.02,42.9948],[-79.0209,43.0143],[-79.0118,43.029],[-79.0052,43.0471],[-79.0054,43.0572],[-79.0105,43.0644],[-79.0196,43.0663],[-79.0097,43.0696],[-78.9905,43.0688],[-78.9858,43.0686],[-78.95,43.0679],[-78.9453,43.067],[-78.9115,43.0547],[-78.9059,43.0516],[-78.893,43.0378],[-78.8921,43.0341],[-78.8902,43.022],[-78.878,43.0217],[-78.8613,43.0229],[-78.8512,43.0193],[-78.8393,43.0195],[-78.8288,43.0301],[-78.8314,43.0454],[-78.8313,43.0502],[-78.8224,43.0516],[-78.8046,43.0552],[-78.8061,43.0632],[-78.7708,43.0695],[-78.7454,43.0698],[-78.7283,43.0861],[-78.6969,43.0863],[-78.6466,43.0808],[-78.6361,43.0933],[-78.6267,43.0851],[-78.6176,43.0866],[-78.5952,43.0696],[-78.5761,43.0798],[-78.5603,43.0973],[-78.54,43.0857],[-78.5093,43.094],[-78.4916,43.084],[-78.4725,43.0817],[-78.4644,43.0887],[-78.4642,43.065],[-78.4634,43.0022],[-78.4638,42.9857],[-78.4642,42.9546],[-78.4644,42.8675],[-78.4863,42.8677],[-78.4881,42.7816],[-78.483,42.7806],[-78.4632,42.7805],[-78.4638,42.6939],[-78.4624,42.6065],[-78.4639,42.5363],[-78.4881,42.5349],[-78.5083,42.5276],[-78.5121,42.5274],[-78.5191,42.5192],[-78.5631,42.509],[-78.5977,42.5125],[-78.6263,42.5001],[-78.6624,42.4924],[-78.6959,42.4719],[-78.7171,42.4863],[-78.7394,42.4728],[-78.7776,42.4619],[-78.7702,42.4581],[-78.7946,42.4627],[-78.8365,42.4437],[-78.8938,42.4391],[-78.9005,42.4491],[-78.9206,42.4427],[-78.929,42.4597],[-78.9439,42.4683],[-78.9512,42.4686],[-78.9521,42.4711],[-78.957,42.4724],[-78.9634,42.4866],[-78.9612,42.494],[-78.9666,42.4937],[-78.9751,42.5025],[-78.9828,42.5061],[-78.9855,42.5067],[-78.9883,42.5217],[-79.0331,42.5433],[-79.0608,42.5379],[-79.091,42.5516],[-79.0958,42.5645],[-79.1013,42.5624],[-79.1055,42.5689],[-79.1367,42.5697],[-79.1311,42.5856]]]]","MultiPolygon",-78.7326077187095,42.7636086362285,-78.779659581,42.758236534
,"27105",2,,,,"{""Location"": {""kind"": ""electricalNetwork"", ""CoordinateSystem"": {""crsUrn"": ""EPSG:4326""}}}",,,,,"{""kind"": ""electricalNetwork"", ""CoordinateSystem"": {""crsUrn"": ""EPSG:4326""}}","electricalNetwork","NOBLES COOPERATIVE ELECTRIC,13684","13684","Nobles","Minnesota","Feature","[[[[-96.0532,43.6741],[-96.0523,43.8491],[-95.8102,43.8482],[-95.8038,43.8484],[-95.5928,43.8479],[-95.4624,43.8479],[-95.4525,43.848],[-95.4544,43.5869],[-95.4544,43.5006],[-95.4547,43.5006],[-95.4547,43.5006],[-95.4751,43.5003],[-95.4867,43.5003],[-95.4868,43.5002],[-95.5148,43.4999],[-95.6432,43.4999],[-95.7408,43.4999],[-95.7416,43.4999],[-95.8213,43.5],[-95.8344,43.5],[-95.8609,43.5],[-95.8612,43.5],[-96.0532,43.5002],[-96.0535,43.5729],[-96.0532,43.6741]]]]","MultiPolygon",-95.7535094491169,43.6741927784576,-95.753386446,43.674239789
,"12083",85,,,,"{""Location"": {""kind"": ""electricalNetwork"", ""CoordinateSystem"": {""crsUrn"": ""EPSG:4326""}}}",,,,,"{""kind"": ""electricalNetwork"", ""CoordinateSystem"": {""crsUrn"": ""EPSG:4326""}}","electricalNetwork","CITY OF OCALA,13955","13955","Marion","Florida","Feature","[[[[-82.5357,29.1132],[-82.5346,29.1564],[-82.5349,29.2147],[-82.44,29.2152],[-82.4032,29.2156],[-82.4046,29.2789],[-82.4052,29.3303],[-82.4055,29.3611],[-82.4054,29.4032],[-82.4069,29.429],[-82.4066,29.485],[-82.2872,29.4843],[-82.2439,29.4843],[-82.2114,29.4841],[-82.1888,29.4544],[-82.2117,29.4661],[-82.2169,29.455],[-82.2072,29.4273],[-82.1936,29.4209],[-82.1671,29.4271],[-82.1485,29.4172],[-82.1345,29.435],[-82.1098,29.4354],[-82.1057,29.436],[-82.0999,29.4187],[-82.0809,29.4404],[-82.0556,29.4418],[-82.0559,29.4712],[-82.0269,29.4945],[-82.0044,29.5017],[-81.9642,29.5038],[-81.9463,29.5096],[-81.9304,29.5162],[-81.9118,29.504],[-81.9067,29.5142],[-81.8611,29.5149],[-81.8449,29.5217],[-81.8428,29.4865],[-81.7887,29.4872],[-81.7845,29.4873],[-81.7759,29.4758],[-81.7749,29.4292],[-81.7418,29.4299],[-81.7357,29.3709],[-81.6685,29.3717],[-81.6577,29.348],[-81.6754,29.3386],[-81.6809,29.3244],[-81.6733,29.3066],[-81.6557,29.2999],[-81.6419,29.2768],[-81.642,29.2697],[-81.6405,29.1316],[-81.6388,29.0503],[-81.6411,29.0478],[-81.6592,29.0478],[-81.6587,28.9603],[-81.7617,28.9609],[-81.8422,28.961],[-81.8488,28.9598],[-81.896,28.9599],[-81.9291,28.96],[-81.9542,28.9601],[-81.9651,28.96],[-81.9654,28.96],[-81.9888,28.9599],[-81.9957,28.9599],[-82.0022,28.9599],[-82.0164,28.9601],[-82.0402,28.9601],[-82.0407,28.9601],[-82.1199,28.9601],[-82.1236,28.9602],[-82.1239,28.9602],[-82.1731,28.96],[-82.2195,28.9601],[-82.3113,28.9604],[-82.3117,28.9604],[-82.3123,28.9666],[-82.3133,28.9693],[-82.3154,28.9705],[-82.3158,28.9733],[-82.3203,28.9731],[-82.3496,28.9887],[-82.3664,29.0026],[-82.3935,29.008],[-82.4014,29.0186],[-82.4182,29.013],[-82.4586,29.0477],[-82.4643,29.0452],[-82.4729,29.0512],[-82.5081,29.0375],[-82.5349,29.0409],[-82.5356,29.0449],[-82.5357,29.1132]]]]","MultiPolygon",-82.0568004029667,29.2102597672358,-82.056675671,29.210202286
,"39043",1,,,"Data is preliminary and subject to change","{""cause"": """", ""Location"": {""kind"": ""electricalNetwork"", ""CoordinateSystem"": {""crsUrn"": ""EPSG:4326""}}}",,,,,"{""kind"": ""electricalNetwork"", ""CoordinateSystem"": {""crsUrn"": ""EPSG:4326""}}","electricalNetwork","OHIO EDISON CO,13998","13998","Erie","Ohio","Feature","[[[[-82.7357,41.6034],[-82.7231,41.6155],[-82.7188,41.6196],[-82.7073,41.6196],[-82.6961,41.6151],[-82.6814,41.6185],[-82.6753,41.6162],[-82.6807,41.5946],[-82.686,41.5872],[-82.6887,41.5859],[-82.6999,41.5855],[-82.702,41.5854],[-82.7258,41.5952],[-82.7358,41.601],[-82.7357,41.6034]]],[[[-82.9522,41.4582],[-82.9144,41.4588],[-82.8508,41.4738],[-82.8195,41.485],[-82.7591,41.4783],[-82.7588,41.4783],[-82.7456,41.4772],[-82.7276,41.4801],[-82.7163,41.4835],[-82.7101,41.4858],[-82.6947,41.4939],[-82.6879,41.4923],[-82.6583,41.4619],[-82.6177,41.4318],[-82.617,41.4284],[-82.593,41.4169],[-82.5581,41.4],[-82.5505,41.3973],[-82.5194,41.3862],[-82.5138,41.3843],[-82.4991,41.3815],[-82.4812,41.3813],[-82.4688,41.3843],[-82.4606,41.3863],[-82.4313,41.3969],[-82.3981,41.4139],[-82.3907,41.4165],[-82.3618,41.4266],[-82.3481,41.4284],[-82.3479,41.425],[-82.3469,41.402],[-82.3458,41.3704],[-82.3452,41.3572],[-82.3423,41.2842],[-82.5394,41.2856],[-82.5424,41.2857],[-82.6056,41.2863],[-82.661,41.2866],[-82.7839,41.2887],[-82.8415,41.29],[-82.8418,41.299],[-82.8446,41.3628],[-82.8457,41.3866],[-82.8478,41.4305],[-82.9529,41.4302],[-82.9522,41.4582]]]]","MultiPolygon",-82.6382293326084,41.3742735650266,-82.576346032,41.470599903
,"41051",1,"2026-10-06T20:00:50+00:00","Event sent to crew",,"{""Location"": {""kind"": ""electricalNetwork"", ""CoordinateSystem"": {""crsUrn"": ""EPSG:4326""}}}",,,,,"{""kind"": ""electricalNetwork"", ""CoordinateSystem"": {""crsUrn"": ""EPSG:4326""}}","electricalNetwork","PORTLAND GENERAL ELECTRIC CO,15248","15248","Multnomah","Oregon","Feature","[[[[-122.9291,45.7215],[-122.8754,45.7214],[-122.7847,45.7209],[-122.7622,45.7286],[-122.7725,45.6996],[-122.7745,45.6804],[-122.7638,45.6571],[-122.7624,45.6564],[-122.7381,45.6441],[-122.7133,45.6374],[-122.6912,45.6248],[-122.691,45.6247],[-122.6751,45.6181],[-122.675,45.618],[-122.6439,45.6097],[-122.6077,45.6079],[-122.6026,45.6076],[-122.586,45.6047],[-122.5823,45.6041],[-122.5814,45.6039],[-122.55,45.5972],[-122.5481,45.5968],[-122.546,45.5961],[-122.5237,45.5896],[-122.5054,45.5859],[-122.4923,45.5833],[-122.4793,45.5798],[-122.4747,45.5783],[-122.471,45.5764],[-122.4539,45.5673],[-122.4387,45.5636],[-122.4107,45.5676],[-122.4012,45.5711],[-122.3971,45.5726],[-122.3918,45.5745],[-122.3803,45.5759],[-122.3722,45.574],[-122.3528,45.5694],[-122.3315,45.5482],[-122.2949,45.5435],[-122.2667,45.5438],[-122.2626,45.5443],[-122.249,45.5477],[-122.2489,45.5478],[-122.2017,45.5641],[-122.1837,45.5777],[-122.1407,45.5845],[-122.1295,45.5829],[-122.1295,45.583],[-122.1262,45.5826],[-122.1262,45.5826],[-122.1124,45.5814],[-122.1017,45.5835],[-122.0444,45.6095],[-122.0226,45.6152],[-122.0037,45.6159],[-121.983,45.6228],[-121.9798,45.6248],[-121.9635,45.6328],[-121.9557,45.6436],[-121.9518,45.645],[-121.9351,45.6442],[-121.922,45.6492],[-121.9221,45.6108],[-121.9131,45.6013],[-121.9184,45.5855],[-121.9019,45.5563],[-121.9217,45.547],[-121.9067,45.5208],[-121.8887,45.5123],[-121.8739,45.5158],[-121.8647,45.5045],[-121.8635,45.4925],[-121.8504,45.4865],[-121.8196,45.4617],[-121.822,45.4602],[-121.9831,45.4602],[-122.25,45.4609],[-122.2556,45.4614],[-122.2639,45.4614],[-122.2727,45.4614],[-122.3483,45.4615],[-122.3728,45.4612],[-122.3893,45.4613],[-122.4145,45.4616],[-122.4478,45.461],[-122.4799,45.4612],[-122.4866,45.4611],[-122.4967,45.461],[-122.5275,45.4613],[-122.5476,45.4611],[-122.548,45.461],[-122.5713,45.4614],[-122.579,45.4615],[-122.5894,45.4615],[-122.6015,45.4615],[-122.6154,45.4615],[-122.6168,45.4615],[-122.6366,45.4615],[-122.6366,45.4615],[-122.647,45.4587],[-122.661,45.4578],[-122.6526,45.4457],[-122.6462,45.4414],[-122.6487,45.4327],[-122.6733,45.4328],[-122.7079,45.433],[-122.7122,45.4331],[-122.7255,45.4332],[-122.7411,45.4333],[-122.7437,45.4333],[-122.7437,45.4429],[-122.7436,45.4549],[-122.7437,45.4675],[-122.7436,45.4764],[-122.7437,45.4764],[-122.7437,45.478],[-122.7437,45.4871],[-122.7438,45.4926],[-122.7438,45.5079],[-122.7439,45.5167],[-122.7645,45.5196],[-122.7645,45.5297],[-122.7842,45.534],[-122.7848,45.544],[-122.7951,45.5484],[-122.8054,45.5557],[-122.8055,45.5629],[-122.8262,45.5681],[-122.847,45.5775],[-122.8468,45.5918],[-122.8676,45.5919],[-122.8675,45.6062],[-122.8683,45.6062],[-122.888,45.6064],[-122.8878,45.6205],[-122.909,45.6208],[-122.9091,45.6352],[-122.9291,45.6353],[-122.9291,45.7215]]]]","MultiPolygon",-122.414965303499,45.546589463822,-122.415100104,45.546791564
"Damaged Equipment","49049",1,"2026-10-06T10:01:19+00:00",,,"{""cause"": ""Damaged Equipment"", ""Location"": {""kind"": ""electricalNetwork"", ""CoordinateSystem"": {""crsUrn"": ""EPSG:4326""}}}",,"{""ert"": ""2026-10-07T18:00:00Z""}",,"Damaged Equipment","{""kind"": ""electricalNetwork"", ""CoordinateSystem"": {""crsUrn"": ""EPSG:4326""}}","electricalNetwork","PACIFICORP,14354","14354","Utah","Utah","Feature","[[[[-112.2123,40.4591],[-112.1903,40.4685],[-112.1729,40.4671],[-112.1437,40.4704],[-112.1164,40.4513],[-112.1119,40.439],[-112.1021,40.4447],[-112.0672,40.4463],[-112.034,40.4629],[-112.0319,40.4566],[-112.0061,40.4264],[-111.9818,40.4143],[-111.9465,40.4246],[-111.9219,40.4409],[-111.9208,40.4418],[-111.9133,40.4525],[-111.8737,40.4768],[-111.8584,40.4693],[-111.8509,40.4735],[-111.8362,40.4751],[-111.8222,40.4865],[-111.7893,40.4981],[-111.788,40.5137],[-111.7626,40.5292],[-111.7376,40.5282],[-111.7351,40.5327],[-111.7206,40.5251],[-111.6981,40.5357],[-111.6813,40.5329],[-111.6509,40.5511],[-111.6377,40.5681],[-111.6057,40.5645],[-111.5939,40.5771],[-111.5678,40.547],[-111.5791,40.5004],[-111.5748,40.4869],[-111.5951,40.4676],[-111.6066,40.4673],[-111.621,40.4498],[-111.6125,40.4319],[-111.5925,40.4302],[-111.5837,40.4128],[-111.5743,40.4129],[-111.5742,40.3914],[-111.5601,40.3878],[-111.5552,40.3627],[-111.4803,40.3622],[-111.4716,40.3476],[-111.438,40.3218],[-111.4573,40.3007],[-111.4443,40.2904],[-111.3741,40.297],[-111.3602,40.2886],[-111.3118,40.2865],[-111.2648,40.2423],[-111.2734,40.2219],[-111.2583,40.1983],[-111.2478,40.1936],[-111.2259,40.1677],[-111.2312,40.1475],[-111.2215,40.1245],[-111.2423,40.086],[-111.2359,40.0696],[-111.2493,40.0552],[-111.2462,40.0475],[-111.2267,40.0357],[-111.2039,40.0493],[-111.1977,40.0312],[-111.1773,40.0162],[-111.1657,39.99],[-111.143,39.9869],[-111.1296,39.9705],[-111.1193,39.9682],[-111.1313,39.9475],[-111.1184,39.9435],[-111.0831,39.9432],[-111.0831,39.9001],[-110.8917,39.8997],[-110.8576,39.8997],[-110.8578,39.8133],[-111.0791,39.8141],[-111.2475,39.813],[-111.5057,39.812],[-111.5283,39.8129],[-111.6419,39.8129],[-111.6762,39.8125],[-111.7664,39.8108],[-111.7488,39.833],[-111.738,39.8641],[-111.7578,39.8766],[-111.757,39.8888],[-111.7808,39.9008],[-111.794,39.9307],[-111.8111,39.9397],[-111.8169,39.9423],[-111.8271,39.947],[-111.833,39.9244],[-111.859,39.9147],[-111.8662,39.9057],[-111.8816,39.9074],[-111.8911,39.8984],[-111.9095,39.8946],[-111.9371,39.8554],[-111.9574,39.8369],[-111.9695,39.8071],[-111.9899,39.8113],[-112.0262,39.7827],[-112.047,39.7769],[-112.0898,39.7819],[-112.0767,39.8003],[-112.0656,39.8297],[-112.0752,39.8397],[-112.0812,39.8651],[-112.0591,39.8804],[-112.0535,39.8934],[-112.0813,39.9131],[-112.0852,39.9255],[-112.1036,39.9288],[-112.1024,39.9589],[-112.1099,39.9738],[-112.1327,39.9775],[-112.16,40.0068],[-112.1798,40.0117],[-112.172,40.0398],[-112.1836,40.0597],[-112.1572,40.0979],[-112.1509,40.1073],[-112.1762,40.1317],[-112.1679,40.1471],[-112.1733,40.1554],[-112.1444,40.1732],[-112.1534,40.1822],[-112.1486,40.1957],[-112.1592,40.1978],[-112.1495,40.212],[-112.169,40.2196],[-112.1797,40.2322],[-112.1793,40.2494],[-112.1916,40.2636],[-112.1874,40.292],[-112.1986,40.3069],[-112.1962,40.3257],[-112.1755,40.3358],[-112.194,40.3599],[-112.1887,40.3725],[-112.1992,40.3825],[-112.1947,40.4212],[-112.2096,40.4324],[-112.2123,40.4591]]]]","MultiPolygon",-111.670385454352,40.1199624151533,-111.670305902,40.119950174
"Damaged Line","49049",1,"2026-10-06T16:56:48+00:00",,,"{""cause"": ""Damaged Line"", ""Location"": {""kind"": ""electricalNetwork"", ""CoordinateSystem"": {""crsUrn"": ""EPSG:4326""}}}",,"{""ert"": ""2026-10-07T18:00:00Z""}",,"Damaged Line","{""kind"": ""electricalNetwork"", ""CoordinateSystem"": {""crsUrn"": ""EPSG:4326""}}","electricalNetwork","PACIFICORP,14354","14354","Utah","Utah","Feature","[[[[-112.2123,40.4591],[-112.1903,40.4685],[-112.1729,40.4671],[-112.1437,40.4704],[-112.1164,40.4513],[-112.1119,40.439],[-112.1021,40.4447],[-112.0672,40.4463],[-112.034,40.4629],[-112.0319,40.4566],[-112.0061,40.4264],[-111.9818,40.4143],[-111.9465,40.4246],[-111.9219,40.4409],[-111.9208,40.4418],[-111.9133,40.4525],[-111.8737,40.4768],[-111.8584,40.4693],[-111.8509,40.4735],[-111.8362,40.4751],[-111.8222,40.4865],[-111.7893,40.4981],[-111.788,40.5137],[-111.7626,40.5292],[-111.7376,40.5282],[-111.7351,40.5327],[-111.7206,40.5251],[-111.6981,40.5357],[-111.6813,40.5329],[-111.6509,40.5511],[-111.6377,40.5681],[-111.6057,40.5645],[-111.5939,40.5771],[-111.5678,40.547],[-111.5791,40.5004],[-111.5748,40.4869],[-111.5951,40.4676],[-111.6066,40.4673],[-111.621,40.4498],[-111.6125,40.4319],[-111.5925,40.4302],[-111.5837,40.4128],[-111.5743,40.4129],[-111.5742,40.3914],[-111.5601,40.3878],[-111.5552,40.3627],[-111.4803,40.3622],[-111.4716,40.3476],[-111.438,40.3218],[-111.4573,40.3007],[-111.4443,40.2904],[-111.3741,40.297],[-111.3602,40.2886],[-111.3118,40.2865],[-111.2648,40.2423],[-111.2734,40.2219],[-111.2583,40.1983],[-111.2478,40.1936],[-111.2259,40.1677],[-111.2312,40.1475],[-111.2215,40.1245],[-111.2423,40.086],[-111.2359,40.0696],[-111.2493,40.0552],[-111.2462,40.0475],[-111.2267,40.0357],[-111.2039,40.0493],[-111.1977,40.0312],[-111.1773,40.0162],[-111.1657,39.99],[-111.143,39.9869],[-111.1296,39.9705],[-111.1193,39.9682],[-111.1313,39.9475],[-111.1184,39.9435],[-111.0831,39.9432],[-111.0831,39.9001],[-110.8917,39.8997],[-110.8576,39.8997],[-110.8578,39.8133],[-111.0791,39.8141],[-111.2475,39.813],[-111.5057,39.812],[-111.5283,39.8129],[-111.6419,39.8129],[-111.6762,39.8125],[-111.7664,39.8108],[-111.7488,39.833],[-111.738,39.8641],[-111.7578,39.8766],[-111.757,39.8888],[-111.7808,39.9008],[-111.794,39.9307],[-111.8111,39.9397],[-111.8169,39.9423],[-111.8271,39.947],[-111.833,39.9244],[-111.859,39.9147],[-111.8662,39.9057],[-111.8816,39.9074],[-111.8911,39.8984],[-111.9095,39.8946],[-111.9371,39.8554],[-111.9574,39.8369],[-111.9695,39.8071],[-111.9899,39.8113],[-112.0262,39.7827],[-112.047,39.7769],[-112.0898,39.7819],[-112.0767,39.8003],[-112.0656,39.8297],[-112.0752,39.8397],[-112.0812,39.8651],[-112.0591,39.8804],[-112.0535,39.8934],[-112.0813,39.9131],[-112.0852,39.9255],[-112.1036,39.9288],[-112.1024,39.9589],[-112.1099,39.9738],[-112.1327,39.9775],[-112.16,40.0068],[-112.1798,40.0117],[-112.172,40.0398],[-112.1836,40.0597],[-112.1572,40.0979],[-112.1509,40.1073],[-112.1762,40.1317],[-112.1679,40.1471],[-112.1733,40.1554],[-112.1444,40.1732],[-112.1534,40.1822],[-112.1486,40.1957],[-112.1592,40.1978],[-112.1495,40.212],[-112.169,40.2196],[-112.1797,40.2322],[-112.1793,40.2494],[-112.1916,40.2636],[-112.1874,40.292],[-112.1986,40.3069],[-112.1962,40.3257],[-112.1755,40.3358],[-112.194,40.3599],[-112.1887,40.3725],[-112.1992,40.3825],[-112.1947,40.4212],[-112.2096,40.4324],[-112.2123,40.4591]]]]","MultiPolygon",-111.670385454352,40.1199624151533,-111.670305902,40.119950174
,"41047",1,"2026-10-02T08:15:42+00:00","New unacknowledged event",,"{""Location"": {""kind"": ""electricalNetwork"", ""CoordinateSystem"": {""crsUrn"": ""EPSG:4326""}}}",,"{""ert"": ""2026-10-09T15:00:00Z""}",,,"{""kind"": ""electricalNetwork"", ""CoordinateSystem"": {""crsUrn"": ""EPSG:4326""}}","electricalNetwork","PORTLAND GENERAL ELECTRIC CO,15248","15248","Marion","Oregon","Feature","[[[[-123.1805,44.8588],[-123.1742,44.8635],[-123.1507,44.8606],[-123.1373,44.8873],[-123.1257,44.9088],[-123.1071,44.9203],[-123.1128,44.9287],[-123.1095,44.9309],[-123.0728,44.9277],[-123.0566,44.9399],[-123.0444,44.9442],[-123.0429,44.946],[-123.0421,44.9471],[-123.0398,44.9517],[-123.0376,44.9656],[-123.0378,44.9775],[-123.0376,44.9796],[-123.0374,44.9811],[-123.0377,44.9837],[-123.0386,44.9859],[-123.0395,44.9874],[-123.0409,44.9888],[-123.0421,44.9896],[-123.0438,44.9904],[-123.0455,44.9909],[-123.0478,44.991],[-123.0492,44.9909],[-123.0518,44.9903],[-123.0643,44.9898],[-123.0752,45.0175],[-123.066,45.0686],[-123.0683,45.0749],[-123.0684,45.0779],[-123.0449,45.0903],[-123.0181,45.101],[-122.9968,45.117],[-123.0333,45.1528],[-123.023,45.1629],[-123.0007,45.1654],[-123.0154,45.177],[-123.0205,45.1998],[-123.0413,45.1989],[-123.0511,45.2113],[-123.0365,45.2227],[-123.0039,45.2222],[-122.9954,45.234],[-122.9998,45.2608],[-122.9761,45.2742],[-122.9747,45.28],[-122.9623,45.2839],[-122.9497,45.2683],[-122.9117,45.2656],[-122.8825,45.2552],[-122.8635,45.2531],[-122.8499,45.2597],[-122.8346,45.2741],[-122.7849,45.2741],[-122.7849,45.2618],[-122.7818,45.2596],[-122.7393,45.2595],[-122.7479,45.2518],[-122.7501,45.2336],[-122.7453,45.2328],[-122.7472,45.2233],[-122.7575,45.2091],[-122.7569,45.1728],[-122.7697,45.1617],[-122.7737,45.1635],[-122.77,45.1594],[-122.7854,45.1325],[-122.7885,45.1302],[-122.75,45.1079],[-122.7052,45.0593],[-122.6699,45.0467],[-122.6493,45.0325],[-122.6344,45.0339],[-122.5958,45.02],[-122.5925,44.9889],[-122.5674,44.9826],[-122.5598,44.9652],[-122.536,44.9372],[-122.5175,44.9328],[-122.5053,44.9183],[-122.4863,44.9227],[-122.4585,44.9152],[-122.4415,44.904],[-122.3996,44.9041],[-122.3943,44.899],[-122.389,44.8857],[-122.2575,44.8857],[-121.7653,44.8857],[-121.7342,44.8857],[-121.7532,44.8612],[-121.7419,44.8474],[-121.753,44.8299],[-121.7648,44.8203],[-121.7759,44.8198],[-121.812,44.8111],[-121.8203,44.7947],[-121.812,44.7815],[-121.7836,44.7726],[-121.7729,44.7757],[-121.7666,44.7669],[-121.76,44.7623],[-121.7723,44.76],[-121.7742,44.7527],[-121.7922,44.745],[-121.8046,44.7292],[-121.7944,44.7259],[-121.7977,44.7008],[-121.7975,44.6998],[-121.7966,44.6993],[-121.7965,44.6991],[-121.7971,44.6983],[-121.7967,44.6981],[-121.7872,44.6893],[-121.7996,44.6839],[-121.9641,44.6838],[-121.9802,44.6936],[-122.0263,44.6899],[-122.0342,44.6858],[-122.047,44.6923],[-122.1187,44.711],[-122.1387,44.7252],[-122.1957,44.7036],[-122.1993,44.6962],[-122.2304,44.6977],[-122.2476,44.7207],[-122.2731,44.7355],[-122.2767,44.7461],[-122.3181,44.7592],[-122.3347,44.7554],[-122.3701,44.7565],[-122.3786,44.752],[-122.435,44.7561],[-122.4801,44.7558],[-122.5032,44.7498],[-122.5194,44.7535],[-122.521,44.7635],[-122.5416,44.7656],[-122.5995,44.7782],[-122.6205,44.7892],[-122.6603,44.7803],[-122.6909,44.7754],[-122.7264,44.7932],[-122.748,44.7877],[-122.7944,44.7915],[-122.8032,44.789],[-122.8254,44.7717],[-122.8466,44.7744],[-122.865,44.7583],[-122.8934,44.7443],[-122.8976,44.745],[-122.9337,44.7159],[-122.9565,44.7211],[-122.9727,44.708],[-122.974,44.7029],[-122.9744,44.6986],[-123.0068,44.6869],[-123.0076,44.6879],[-123.0138,44.6918],[-123.016,44.6941],[-123.0185,44.6985],[-123.0138,44.7134],[-123.0151,44.7199],[-123.0333,44.7206],[-123.0622,44.748],[-123.0814,44.7433],[-123.113,44.7595],[-123.1438,44.7489],[-123.1458,44.7702],[-123.1221,44.7938],[-123.0977,44.7991],[-123.0915,44.8115],[-123.1114,44.8217],[-123.1761,44.8318],[-123.1799,44.8456],[-123.1805,44.8588]]]]","MultiPolygon",-122.584363912766,44.9033832526732,-122.584669539,44.903316536
,"53045",8,,,,"{""Location"": {""kind"": ""electricalNetwork"", ""CoordinateSystem"": {""crsUrn"": ""EPSG:4326""}}}",,,,,"{""kind"": ""electricalNetwork"", ""CoordinateSystem"": {""crsUrn"": ""EPSG:4326""}}","electricalNetwork","PUD NO 3 OF MASON COUNTY,15419","15419","Mason","Washington","Feature","[[[[-123.5059,47.6046],[-123.367,47.6075],[-122.9961,47.6068],[-122.9795,47.6067],[-123.1065,47.4582],[-123.156,47.3557],[-123.1402,47.3475],[-123.1263,47.3548],[-123.1113,47.3626],[-123.0721,47.3516],[-123.0303,47.3509],[-122.9839,47.3746],[-122.9388,47.3833],[-122.9114,47.3891],[-122.9021,47.3952],[-122.8779,47.411],[-122.8724,47.4235],[-122.873,47.4235],[-122.9012,47.4216],[-122.9086,47.4178],[-122.9167,47.4137],[-122.9775,47.3962],[-123.0132,47.3786],[-123.0569,47.3685],[-123.0856,47.3748],[-123.1155,47.3761],[-123.1202,47.3915],[-123.0339,47.497],[-123.0164,47.5203],[-122.9936,47.5203],[-122.9457,47.5222],[-122.9389,47.5225],[-122.8391,47.5213],[-122.801,47.5204],[-122.8009,47.4841],[-122.8008,47.4706],[-122.8006,47.4449],[-122.8012,47.4036],[-122.8011,47.3588],[-122.8028,47.3534],[-122.8046,47.3568],[-122.8175,47.3615],[-122.8219,47.3631],[-122.8252,47.3534],[-122.8197,47.328],[-122.8223,47.3198],[-122.8366,47.3068],[-122.8459,47.2984],[-122.8637,47.2702],[-122.8562,47.2338],[-122.8383,47.2084],[-122.859,47.1674],[-122.8799,47.1583],[-122.9035,47.1575],[-122.9075,47.1649],[-122.9113,47.176],[-122.9363,47.1895],[-122.9405,47.1897],[-122.9528,47.1701],[-123.0057,47.1489],[-123.0154,47.1238],[-123.0737,47.1062],[-123.075,47.0907],[-123.0751,47.0848],[-123.2019,47.0851],[-123.3292,47.0838],[-123.3716,47.0824],[-123.4096,47.0833],[-123.4834,47.0825],[-123.4891,47.0844],[-123.4908,47.2279],[-123.4908,47.2582],[-123.505,47.2585],[-123.5059,47.5177],[-123.5059,47.6046]]]]","MultiPolygon",-123.192028806629,47.3481789974583,-123.183009777,47.350535131
"Planned Outage","53033",1,"2026-10-07T09:49:00+00:00","Dispatched",,"{""cause"": ""Planned Outage"", ""Location"": {""kind"": ""electricalNetwork"", ""CoordinateSystem"": {""crsUrn"": ""EPSG:4326""}}}",,,,"Planned Outage","{""kind"": ""electricalNetwork"", ""CoordinateSystem"": {""crsUrn"": ""EPSG:4326""}}","electricalNetwork","CITY OF SEATTLE - (WA),16868","16868","King","Washington","Feature","[[[[-122.4298,47.6589],[-122.4131,47.675],[-122.4078,47.6801],[-122.405,47.6867],[-122.4038,47.6894],[-122.4009,47.6928],[-122.3932,47.7016],[-122.3921,47.7023],[-122.3808,47.7089],[-122.3804,47.7091],[-122.3787,47.7123],[-122.3764,47.7165],[-122.3731,47.7292],[-122.3755,47.7342],[-122.3826,47.7491],[-122.3802,47.7585],[-122.3853,47.7634],[-122.3944,47.7722],[-122.3964,47.7779],[-122.3775,47.7779],[-122.3773,47.7778],[-122.3515,47.7778],[-122.3463,47.7778],[-122.3299,47.7776],[-122.3272,47.7777],[-122.3177,47.7776],[-122.3084,47.7775],[-122.2976,47.7774],[-122.2901,47.7773],[-122.2869,47.7773],[-122.271,47.7771],[-122.2607,47.7771],[-122.2532,47.7771],[-122.233,47.7768],[-122.2232,47.7767],[-122.207,47.7765],[-122.1915,47.7764],[-122.1912,47.7764],[-122.1694,47.7763],[-122.1544,47.7762],[-122.1538,47.7762],[-122.1318,47.776],[-122.1129,47.7759],[-122.0747,47.776],[-122.0746,47.776],[-122.0547,47.7757],[-122.0004,47.7754],[-122.0003,47.7754],[-121.9918,47.7753],[-121.9678,47.7762],[-121.8646,47.7773],[-121.8514,47.7769],[-121.6668,47.7772],[-121.4563,47.7784],[-121.4555,47.7806],[-121.1192,47.7799],[-121.1109,47.7584],[-121.094,47.7582],[-121.079,47.7392],[-121.0874,47.7285],[-121.066,47.7136],[-121.1055,47.6888],[-121.1216,47.6852],[-121.1337,47.6456],[-121.1136,47.5973],[-121.1722,47.5902],[-121.1766,47.5669],[-121.2289,47.5656],[-121.243,47.5404],[-121.2429,47.5359],[-121.2634,47.5234],[-121.2789,47.523],[-121.3115,47.4796],[-121.3387,47.4764],[-121.348,47.4653],[-121.3639,47.4648],[-121.3791,47.4544],[-121.385,47.4346],[-121.4274,47.4207],[-121.4262,47.3896],[-121.4403,47.3859],[-121.4378,47.372],[-121.466,47.3678],[-121.4642,47.3544],[-121.4368,47.341],[-121.4304,47.3341],[-121.4444,47.3082],[-121.4322,47.293],[-121.3412,47.2813],[-121.3392,47.2736],[-121.3321,47.2589],[-121.3398,47.2472],[-121.3608,47.2404],[-121.3651,47.2246],[-121.3176,47.2121],[-121.3063,47.1877],[-121.3177,47.1743],[-121.2976,47.1486],[-121.3034,47.1389],[-121.335,47.1327],[-121.3647,47.1418],[-121.394,47.1328],[-121.4081,47.1181],[-121.4025,47.098],[-121.3797,47.0875],[-121.38,47.0872],[-121.4174,47.0884],[-121.4418,47.0844],[-121.4547,47.0894],[-121.4906,47.1168],[-121.5315,47.1246],[-121.5817,47.1186],[-121.5945,47.1222],[-121.6115,47.143],[-121.631,47.1535],[-121.6638,47.1599],[-121.6842,47.1498],[-121.7199,47.1512],[-121.7425,47.1642],[-121.7698,47.1654],[-121.7781,47.1734],[-121.7965,47.1731],[-121.8395,47.1434],[-121.9015,47.1557],[-121.9282,47.1474],[-121.9349,47.1382],[-121.9478,47.1428],[-121.9521,47.1545],[-121.9946,47.1727],[-122.0127,47.176],[-122.0374,47.1727],[-122.0556,47.1791],[-122.095,47.1952],[-122.1139,47.2187],[-122.1157,47.2313],[-122.144,47.2575],[-122.1745,47.2575],[-122.1867,47.2573],[-122.2083,47.2574],[-122.216,47.2574],[-122.2295,47.2576],[-122.2298,47.2576],[-122.2622,47.2574],[-122.2937,47.2573],[-122.2946,47.2572],[-122.3298,47.2574],[-122.3349,47.2576],[-122.3348,47.2631],[-122.3579,47.279],[-122.3634,47.2828],[-122.3816,47.2953],[-122.3818,47.2955],[-122.3896,47.3006],[-122.4183,47.3206],[-122.4059,47.3241],[-122.3823,47.3308],[-122.381,47.3312],[-122.3801,47.3314],[-122.3642,47.336],[-122.3467,47.3395],[-122.3369,47.3414],[-122.3248,47.3485],[-122.3253,47.3721],[-122.3257,47.3915],[-122.3276,47.3979],[-122.3284,47.4006],[-122.3318,47.4045],[-122.3326,47.4054],[-122.3339,47.4069],[-122.3352,47.4084],[-122.348,47.4159],[-122.3512,47.4231],[-122.3512,47.4308],[-122.3551,47.4419],[-122.3619,47.4452],[-122.367,47.4476],[-122.3831,47.4505],[-122.368,47.4592],[-122.3667,47.4637],[-122.3613,47.4814],[-122.3652,47.4884],[-122.3766,47.4957],[-122.3866,47.5022],[-122.3965,47.5152],[-122.3952,47.5202],[-122.3939,47.5248],[-122.3941,47.5258],[-122.3966,47.5399],[-122.3983,47.5501],[-122.4049,47.5608],[-122.4098,47.5689],[-122.4211,47.576],[-122.4018,47.5839],[-122.3871,47.5957],[-122.3761,47.5858],[-122.3754,47.5852],[-122.3702,47.5831],[-122.3582,47.5848],[-122.3443,47.5906],[-122.3429,47.5912],[-122.3395,47.5991],[-122.3396,47.5992],[-122.3412,47.6022],[-122.3423,47.6043],[-122.3449,47.6091],[-122.3463,47.61],[-122.3509,47.613],[-122.3593,47.6186],[-122.3595,47.6187],[-122.3678,47.6242],[-122.386,47.6317],[-122.3897,47.6314],[-122.3937,47.631],[-122.4042,47.6339],[-122.4146,47.6398],[-122.423,47.6503],[-122.4298,47.6589]]],[[[-122.526,47.3589],[-122.5178,47.3687],[-122.5197,47.375],[-122.521,47.3793],[-122.5267,47.3986],[-122.5214,47.4055],[-122.5147,47.414],[-122.5133,47.4491],[-122.4979,47.4759],[-122.4827,47.4831],[-122.4747,47.5111],[-122.4524,47.5035],[-122.4604,47.4938],[-122.46,47.4869],[-122.4334,47.4664],[-122.4394,47.4586],[-122.4399,47.4176],[-122.4399,47.417],[-122.4377,47.4074],[-122.4273,47.4021],[-122.3951,47.3993],[-122.3736,47.3887],[-122.3785,47.3853],[-122.4018,47.3813],[-122.4378,47.3656],[-122.4484,47.355],[-122.454,47.3433],[-122.4575,47.3426],[-122.4697,47.3446],[-122.4912,47.3352],[-122.4931,47.3303],[-122.5049,47.3307],[-122.5189,47.3333],[-122.5281,47.3455],[-122.526,47.3589]]]]","MultiPolygon",-121.806357849743,47.4902143620528,-121.835951729,47.49092319
"Scheduled Outage","53033",1,"2026-10-03T15:29:43+00:00","awaitingCrewAssignment","None","{""cause"": ""Scheduled Outage"", ""Location"": {""kind"": ""electricalNetwork"", ""CoordinateSystem"": {""crsUrn"": ""EPSG:4326""}}}",,"{""ert"": ""0001-01-01T00:00:00Z""}","lineDown","Scheduled Outage","{""kind"": ""electricalNetwork"", ""CoordinateSystem"": {""crsUrn"": ""EPSG:4326""}}","electricalNetwork","Puget Sound Energy Inc,pugetsoundenergy","pugetsoundenergy","King","Washington","Feature","[[[[-122.4298,47.6589],[-122.4131,47.675],[-122.4078,47.6801],[-122.405,47.6867],[-122.4038,47.6894],[-122.4009,47.6928],[-122.3932,47.7016],[-122.3921,47.7023],[-122.3808,47.7089],[-122.3804,47.7091],[-122.3787,47.7123],[-122.3764,47.7165],[-122.3731,47.7292],[-122.3755,47.7342],[-122.3826,47.7491],[-122.3802,47.7585],[-122.3853,47.7634],[-122.3944,47.7722],[-122.3964,47.7779],[-122.3775,47.7779],[-122.3773,47.7778],[-122.3515,47.7778],[-122.3463,47.7778],[-122.3299,47.7776],[-122.3272,47.7777],[-122.3177,47.7776],[-122.3084,47.7775],[-122.2976,47.7774],[-122.2901,47.7773],[-122.2869,47.7773],[-122.271,47.7771],[-122.2607,47.7771],[-122.2532,47.7771],[-122.233,47.7768],[-122.2232,47.7767],[-122.207,47.7765],[-122.1915,47.7764],[-122.1912,47.7764],[-122.1694,47.7763],[-122.1544,47.7762],[-122.1538,47.7762],[-122.1318,47.776],[-122.1129,47.7759],[-122.0747,47.776],[-122.0746,47.776],[-122.0547,47.7757],[-122.0004,47.7754],[-122.0003,47.7754],[-121.9918,47.7753],[-121.9678,47.7762],[-121.8646,47.7773],[-121.8514,47.7769],[-121.6668,47.7772],[-121.4563,47.7784],[-121.4555,47.7806],[-121.1192,47.7799],[-121.1109,47.7584],[-121.094,47.7582],[-121.079,47.7392],[-121.0874,47.7285],[-121.066,47.7136],[-121.1055,47.6888],[-121.1216,47.6852],[-121.1337,47.6456],[-121.1136,47.5973],[-121.1722,47.5902],[-121.1766,47.5669],[-121.2289,47.5656],[-121.243,47.5404],[-121.2429,47.5359],[-121.2634,47.5234],[-121.2789,47.523],[-121.3115,47.4796],[-121.3387,47.4764],[-121.348,47.4653],[-121.3639,47.4648],[-121.3791,47.4544],[-121.385,47.4346],[-121.4274,47.4207],[-121.4262,47.3896],[-121.4403,47.3859],[-121.4378,47.372],[-121.466,47.3678],[-121.4642,47.3544],[-121.4368,47.341],[-121.4304,47.3341],[-121.4444,47.3082],[-121.4322,47.293],[-121.3412,47.2813],[-121.3392,47.2736],[-121.3321,47.2589],[-121.3398,47.2472],[-121.3608,47.2404],[-121.3651,47.2246],[-121.3176,47.2121],[-121.3063,47.1877],[-121.3177,47.1743],[-121.2976,47.1486],[-121.3034,47.1389],[-121.335,47.1327],[-121.3647,47.1418],[-121.394,47.1328],[-121.4081,47.1181],[-121.4025,47.098],[-121.3797,47.0875],[-121.38,47.0872],[-121.4174,47.0884],[-121.4418,47.0844],[-121.4547,47.0894],[-121.4906,47.1168],[-121.5315,47.1246],[-121.5817,47.1186],[-121.5945,47.1222],[-121.6115,47.143],[-121.631,47.1535],[-121.6638,47.1599],[-121.6842,47.1498],[-121.7199,47.1512],[-121.7425,47.1642],[-121.7698,47.1654],[-121.7781,47.1734],[-121.7965,47.1731],[-121.8395,47.1434],[-121.9015,47.1557],[-121.9282,47.1474],[-121.9349,47.1382],[-121.9478,47.1428],[-121.9521,47.1545],[-121.9946,47.1727],[-122.0127,47.176],[-122.0374,47.1727],[-122.0556,47.1791],[-122.095,47.1952],[-122.1139,47.2187],[-122.1157,47.2313],[-122.144,47.2575],[-122.1745,47.2575],[-122.1867,47.2573],[-122.2083,47.2574],[-122.216,47.2574],[-122.2295,47.2576],[-122.2298,47.2576],[-122.2622,47.2574],[-122.2937,47.2573],[-122.2946,47.2572],[-122.3298,47.2574],[-122.3349,47.2576],[-122.3348,47.2631],[-122.3579,47.279],[-122.3634,47.2828],[-122.3816,47.2953],[-122.3818,47.2955],[-122.3896,47.3006],[-122.4183,47.3206],[-122.4059,47.3241],[-122.3823,47.3308],[-122.381,47.3312],[-122.3801,47.3314],[-122.3642,47.336],[-122.3467,47.3395],[-122.3369,47.3414],[-122.3248,47.3485],[-122.3253,47.3721],[-122.3257,47.3915],[-122.3276,47.3979],[-122.3284,47.4006],[-122.3318,47.4045],[-122.3326,47.4054],[-122.3339,47.4069],[-122.3352,47.4084],[-122.348,47.4159],[-122.3512,47.4231],[-122.3512,47.4308],[-122.3551,47.4419],[-122.3619,47.4452],[-122.367,47.4476],[-122.3831,47.4505],[-122.368,47.4592],[-122.3667,47.4637],[-122.3613,47.4814],[-122.3652,47.4884],[-122.3766,47.4957],[-122.3866,47.5022],[-122.3965,47.5152],[-122.3952,47.5202],[-122.3939,47.5248],[-122.3941,47.5258],[-122.3966,47.5399],[-122.3983,47.5501],[-122.4049,47.5608],[-122.4098,47.5689],[-122.4211,47.576],[-122.4018,47.5839],[-122.3871,47.5957],[-122.3761,47.5858],[-122.3754,47.5852],[-122.3702,47.5831],[-122.3582,47.5848],[-122.3443,47.5906],[-122.3429,47.5912],[-122.3395,47.5991],[-122.3396,47.5992],[-122.3412,47.6022],[-122.3423,47.6043],[-122.3449,47.6091],[-122.3463,47.61],[-122.3509,47.613],[-122.3593,47.6186],[-122.3595,47.6187],[-122.3678,47.6242],[-122.386,47.6317],[-122.3897,47.6314],[-122.3937,47.631],[-122.4042,47.6339],[-122.4146,47.6398],[-122.423,47.6503],[-122.4298,47.6589]]],[[[-122.526,47.3589],[-122.5178,47.3687],[-122.5197,47.375],[-122.521,47.3793],[-122.5267,47.3986],[-122.5214,47.4055],[-122.5147,47.414],[-122.5133,47.4491],[-122.4979,47.4759],[-122.4827,47.4831],[-122.4747,47.5111],[-122.4524,47.5035],[-122.4604,47.4938],[-122.46,47.4869],[-122.4334,47.4664],[-122.4394,47.4586],[-122.4399,47.4176],[-122.4399,47.417],[-122.4377,47.4074],[-122.4273,47.4021],[-122.3951,47.3993],[-122.3736,47.3887],[-122.3785,47.3853],[-122.4018,47.3813],[-122.4378,47.3656],[-122.4484,47.355],[-122.454,47.3433],[-122.4575,47.3426],[-122.4697,47.3446],[-122.4912,47.3352],[-122.4931,47.3303],[-122.5049,47.3307],[-122.5189,47.3333],[-122.5281,47.3455],[-122.526,47.3589]]]]","MultiPolygon",-121.806357849743,47.4902143620528,-121.835951729,47.49092319
,"46011",1,,,,"{""Location"": {""kind"": ""electricalNetwork"", ""CoordinateSystem"": {""crsUrn"": ""EPSG:4326""}}}",,,,,"{""kind"": ""electricalNetwork"", ""CoordinateSystem"": {""crsUrn"": ""EPSG:4326""}}","electricalNetwork","SIOUX VALLEY SW ELEC COOP,17267","17267","Brookings","South Dakota","Feature","[[[[-97.128,44.5431],[-97.1208,44.5429],[-96.8855,44.5438],[-96.7569,44.5437],[-96.452,44.5436],[-96.452,44.5435],[-96.4522,44.5269],[-96.452,44.5169],[-96.452,44.5068],[-96.4521,44.473],[-96.4522,44.4709],[-96.4518,44.4604],[-96.4519,44.4415],[-96.4521,44.3897],[-96.4521,44.3837],[-96.4522,44.3601],[-96.4523,44.3549],[-96.4523,44.3453],[-96.4522,44.3423],[-96.4522,44.3422],[-96.4522,44.3406],[-96.4523,44.3281],[-96.4524,44.326],[-96.4522,44.3134],[-96.4524,44.3121],[-96.4522,44.2987],[-96.4523,44.297],[-96.4525,44.2857],[-96.4526,44.2827],[-96.4524,44.272],[-96.4524,44.269],[-96.4524,44.2553],[-96.4527,44.2546],[-96.4528,44.1969],[-96.4528,44.1968],[-96.7585,44.1956],[-96.8892,44.1957],[-97.1297,44.1959],[-97.128,44.5431]]]]","MultiPolygon",-96.7905861883826,44.3697353711851,-96.790421008,44.36967961
"Equipment Problems","06037",21,"2026-10-07T03:12:37+00:00",,,"{""cause"": ""Equipment Problems"", ""Location"": {""kind"": ""electricalNetwork"", ""CoordinateSystem"": {""crsUrn"": ""EPSG:4326""}}}",,"{""ert"": ""2026-10-07T14:00:00Z""}","Not Available","Equipment Problems","{""kind"": ""electricalNetwork"", ""CoordinateSystem"": {""crsUrn"": ""EPSG:4326""}}","electricalNetwork","SOUTHERN CALIFORNIA EDISON CO,17609","17609","Los Angeles","California","Feature","[[[[-118.6034,33.4781],[-118.5988,33.4779],[-118.5859,33.4738],[-118.5445,33.4741],[-118.5307,33.4681],[-118.5002,33.4496],[-118.4997,33.4479],[-118.4856,33.4462],[-118.4776,33.4484],[-118.4458,33.4289],[-118.4236,33.4273],[-118.382,33.4099],[-118.3703,33.4093],[-118.3683,33.4071],[-118.3651,33.3884],[-118.3323,33.3564],[-118.3245,33.3488],[-118.3161,33.3429],[-118.3153,33.342],[-118.3102,33.3358],[-118.3032,33.3203],[-118.3051,33.3103],[-118.3168,33.3011],[-118.3252,33.2991],[-118.3432,33.3052],[-118.3603,33.3153],[-118.3748,33.3201],[-118.4029,33.3209],[-118.44,33.3186],[-118.4563,33.3218],[-118.4654,33.3261],[-118.4819,33.3441],[-118.4888,33.3566],[-118.4826,33.3699],[-118.4785,33.3863],[-118.4849,33.4121],[-118.4887,33.4198],[-118.504,33.4242],[-118.5159,33.4224],[-118.5163,33.4251],[-118.5232,33.4307],[-118.5374,33.4346],[-118.5587,33.4334],[-118.5634,33.4344],[-118.5709,33.4394],[-118.5759,33.4483],[-118.594,33.4672],[-118.6012,33.4699],[-118.604,33.4765],[-118.6034,33.4781]]],[[[-118.6055,33.031],[-118.594,33.036],[-118.5752,33.034],[-118.569,33.0292],[-118.5644,33.0249],[-118.5645,33.0186],[-118.5592,33.0063],[-118.5401,32.9809],[-118.5292,32.9709],[-118.4968,32.9338],[-118.4853,32.9235],[-118.479,32.9204],[-118.4606,32.9095],[-118.4468,32.8954],[-118.37,32.8393],[-118.3535,32.822],[-118.3565,32.8173],[-118.3605,32.8199],[-118.38,32.8245],[-118.3874,32.8253],[-118.3946,32.824],[-118.4013,32.8203],[-118.4256,32.8006],[-118.4294,32.8054],[-118.4284,32.8069],[-118.4449,32.8206],[-118.4761,32.8418],[-118.4879,32.8446],[-118.4963,32.8516],[-118.5069,32.8685],[-118.5081,32.8713],[-118.5072,32.8763],[-118.5246,32.8932],[-118.5245,32.8955],[-118.5358,32.9063],[-118.5511,32.9452],[-118.5609,32.9579],[-118.5735,32.9692],[-118.5869,33.0083],[-118.596,33.0154],[-118.6066,33.0147],[-118.6055,33.031]]],[[[-118.941,34.0748],[-118.8922,34.1048],[-118.8565,34.1268],[-118.8335,34.1409],[-118.8149,34.1523],[-118.7887,34.1682],[-118.7586,34.1681],[-118.7585,34.1681],[-118.7287,34.1679],[-118.712,34.1686],[-118.7034,34.1686],[-118.6938,34.1686],[-118.6682,34.1682],[-118.6682,34.1767],[-118.6682,34.1841],[-118.668,34.1992],[-118.6678,34.2068],[-118.6678,34.2223],[-118.6678,34.2234],[-118.6677,34.2367],[-118.6677,34.2403],[-118.6325,34.2404],[-118.6325,34.2419],[-118.6326,34.2549],[-118.6333,34.2683],[-118.6335,34.2695],[-118.6335,34.2698],[-118.6368,34.2918],[-118.6523,34.3234],[-118.6706,34.3607],[-118.6929,34.4061],[-118.7266,34.4745],[-118.8209,34.6659],[-118.8804,34.7887],[-118.8946,34.818],[-118.8817,34.8178],[-118.8833,34.8094],[-118.8672,34.8032],[-118.8657,34.8032],[-118.8541,34.8033],[-118.854,34.8178],[-118.5876,34.8183],[-118.3263,34.8197],[-118.22,34.8201],[-118.1401,34.8209],[-117.9167,34.8225],[-117.7744,34.8233],[-117.6675,34.8225],[-117.6672,34.7343],[-117.6671,34.5579],[-117.6604,34.5579],[-117.6601,34.4986],[-117.6597,34.4516],[-117.6552,34.3972],[-117.6552,34.397],[-117.6505,34.339],[-117.6464,34.2892],[-117.6772,34.1674],[-117.6777,34.1652],[-117.6833,34.1505],[-117.6868,34.1381],[-117.6892,34.1323],[-117.6936,34.1216],[-117.6996,34.1068],[-117.7044,34.0953],[-117.7049,34.094],[-117.7101,34.082],[-117.7112,34.0795],[-117.7128,34.0759],[-117.7135,34.0743],[-117.7167,34.0669],[-117.7181,34.0632],[-117.7193,34.0597],[-117.7194,34.0595],[-117.722,34.0522],[-117.7234,34.0485],[-117.7247,34.0449],[-117.728,34.0335],[-117.7301,34.0214],[-117.7454,34.02],[-117.746,34.0201],[-117.7677,34.0235],[-117.7677,34.0194],[-117.7672,34.0136],[-117.77,34.0047],[-117.7798,34.0048],[-117.7911,33.9947],[-117.8025,33.9756],[-117.7937,33.9681],[-117.7936,33.9579],[-117.7833,33.9463],[-117.8684,33.9459],[-117.9009,33.9461],[-117.9156,33.947],[-117.92,33.9461],[-117.9248,33.9461],[-117.9316,33.9461],[-117.9505,33.9461],[-117.9648,33.9461],[-117.9667,33.9461],[-117.9765,33.9399],[-117.9765,33.9398],[-117.9765,33.9282],[-117.9765,33.928],[-117.9766,33.9174],[-117.9766,33.9112],[-117.9766,33.9064],[-117.9854,33.9026],[-117.9853,33.8956],[-117.9992,33.8882],[-117.9994,33.8882],[-118.0028,33.8827],[-118.0028,33.8809],[-118.0115,33.8808],[-118.0114,33.8734],[-118.0288,33.8733],[-118.0287,33.8662],[-118.0376,33.866],[-118.0462,33.8587],[-118.0504,33.8507],[-118.0547,33.8462],[-118.0589,33.8462],[-118.059,33.8462],[-118.059,33.8454],[-118.059,33.8389],[-118.0612,33.8333],[-118.0633,33.8315],[-118.0633,33.8241],[-118.0674,33.8175],[-118.0688,33.8174],[-118.0815,33.8061],[-118.0842,33.8034],[-118.0873,33.7952],[-118.093,33.7861],[-118.0933,33.7857],[-118.0971,33.7742],[-118.092,33.7597],[-118.1058,33.7507],[-118.113,33.7471],[-118.1146,33.7446],[-118.1157,33.7429],[-118.1326,33.7532],[-118.1327,33.7532],[-118.1466,33.7573],[-118.1569,33.7603],[-118.1667,33.7621],[-118.1755,33.7636],[-118.1762,33.7635],[-118.1808,33.7631],[-118.1816,33.7615],[-118.1834,33.758],[-118.1877,33.7492],[-118.1837,33.7361],[-118.1833,33.7232],[-118.185,33.7231],[-118.2122,33.7212],[-118.2122,33.7212],[-118.2314,33.714],[-118.2587,33.7037],[-118.2635,33.7046],[-118.2772,33.7071],[-118.2781,33.7071],[-118.2928,33.7081],[-118.2947,33.7082],[-118.2971,33.7083],[-118.3123,33.7117],[-118.3172,33.7128],[-118.3228,33.7157],[-118.3333,33.7212],[-118.3547,33.7323],[-118.3605,33.7368],[-118.3721,33.739],[-118.385,33.7414],[-118.3966,33.7359],[-118.4036,33.7388],[-118.4112,33.742],[-118.4142,33.7477],[-118.4215,33.7616],[-118.4284,33.7747],[-118.4234,33.782],[-118.4202,33.7851],[-118.4129,33.7924],[-118.4115,33.7938],[-118.405,33.8002],[-118.3945,33.8043],[-118.3943,33.8043],[-118.3916,33.8152],[-118.3915,33.8154],[-118.3918,33.8288],[-118.3921,33.8386],[-118.3921,33.8409],[-118.3976,33.8524],[-118.4021,33.8618],[-118.4094,33.877],[-118.4127,33.8839],[-118.4127,33.8839],[-118.422,33.9016],[-118.4237,33.9047],[-118.4298,33.9163],[-118.4424,33.9403],[-118.4487,33.9502],[-118.4563,33.9624],[-118.4606,33.9691],[-118.4682,33.9783],[-118.4726,33.9837],[-118.4761,33.9878],[-118.4827,33.9959],[-118.4842,33.9977],[-118.4869,34.0003],[-118.4927,34.0058],[-118.5028,34.0155],[-118.5028,34.0155],[-118.5096,34.0204],[-118.5169,34.0256],[-118.5195,34.0275],[-118.5197,34.0276],[-118.5361,34.0352],[-118.5431,34.0385],[-118.5543,34.0398],[-118.5671,34.0414],[-118.5692,34.0416],[-118.6036,34.039],[-118.6097,34.0364],[-118.6364,34.0375],[-118.6684,34.0389],[-118.6754,34.0375],[-118.6794,34.0333],[-118.7062,34.0294],[-118.7143,34.0304],[-118.7324,34.0327],[-118.745,34.0321],[-118.7499,34.0307],[-118.7834,34.0215],[-118.7871,34.0195],[-118.8051,34.0012],[-118.8216,34.0139],[-118.8216,34.014],[-118.8404,34.0275],[-118.8428,34.0287],[-118.8547,34.0342],[-118.8962,34.0392],[-118.928,34.0458],[-118.9381,34.0434],[-118.9449,34.0453],[-118.941,34.0748]]]]","MultiPolygon",-118.224550062411,34.3213847298819,-118.261056479,34.198181903
"Equipment Problems","06037",12,"2026-10-07T04:42:30+00:00",,,"{""cause"": ""Equipment Problems"", ""Location"": {""kind"": ""electricalNetwork"", ""CoordinateSystem"": {""crsUrn"": ""EPSG:4326""}}}",,"{""ert"": ""2026-10-07T13:00:00Z""}","Not Available","Equipment Problems","{""kind"": ""electricalNetwork"", ""CoordinateSystem"": {""crsUrn"": ""EPSG:4326""}}","electricalNetwork","SOUTHERN CALIFORNIA EDISON CO,17609","17609","Los Angeles","California","Feature","[[[[-118.6034,33.4781],[-118.5988,33.4779],[-118.5859,33.4738],[-118.5445,33.4741],[-118.5307,33.4681],[-118.5002,33.4496],[-118.4997,33.4479],[-118.4856,33.4462],[-118.4776,33.4484],[-118.4458,33.4289],[-118.4236,33.4273],[-118.382,33.4099],[-118.3703,33.4093],[-118.3683,33.4071],[-118.3651,33.3884],[-118.3323,33.3564],[-118.3245,33.3488],[-118.3161,33.3429],[-118.3153,33.342],[-118.3102,33.3358],[-118.3032,33.3203],[-118.3051,33.3103],[-118.3168,33.3011],[-118.3252,33.2991],[-118.3432,33.3052],[-118.3603,33.3153],[-118.3748,33.3201],[-118.4029,33.3209],[-118.44,33.3186],[-118.4563,33.3218],[-118.4654,33.3261],[-118.4819,33.3441],[-118.4888,33.3566],[-118.4826,33.3699],[-118.4785,33.3863],[-118.4849,33.4121],[-118.4887,33.4198],[-118.504,33.4242],[-118.5159,33.4224],[-118.5163,33.4251],[-118.5232,33.4307],[-118.5374,33.4346],[-118.5587,33.4334],[-118.5634,33.4344],[-118.5709,33.4394],[-118.5759,33.4483],[-118.594,33.4672],[-118.6012,33.4699],[-118.604,33.4765],[-118.6034,33.4781]]],[[[-118.6055,33.031],[-118.594,33.036],[-118.5752,33.034],[-118.569,33.0292],[-118.5644,33.0249],[-118.5645,33.0186],[-118.5592,33.0063],[-118.5401,32.9809],[-118.5292,32.9709],[-118.4968,32.9338],[-118.4853,32.9235],[-118.479,32.9204],[-118.4606,32.9095],[-118.4468,32.8954],[-118.37,32.8393],[-118.3535,32.822],[-118.3565,32.8173],[-118.3605,32.8199],[-118.38,32.8245],[-118.3874,32.8253],[-118.3946,32.824],[-118.4013,32.8203],[-118.4256,32.8006],[-118.4294,32.8054],[-118.4284,32.8069],[-118.4449,32.8206],[-118.4761,32.8418],[-118.4879,32.8446],[-118.4963,32.8516],[-118.5069,32.8685],[-118.5081,32.8713],[-118.5072,32.8763],[-118.5246,32.8932],[-118.5245,32.8955],[-118.5358,32.9063],[-118.5511,32.9452],[-118.5609,32.9579],[-118.5735,32.9692],[-118.5869,33.0083],[-118.596,33.0154],[-118.6066,33.0147],[-118.6055,33.031]]],[[[-118.941,34.0748],[-118.8922,34.1048],[-118.8565,34.1268],[-118.8335,34.1409],[-118.8149,34.1523],[-118.7887,34.1682],[-118.7586,34.1681],[-118.7585,34.1681],[-118.7287,34.1679],[-118.712,34.1686],[-118.7034,34.1686],[-118.6938,34.1686],[-118.6682,34.1682],[-118.6682,34.1767],[-118.6682,34.1841],[-118.668,34.1992],[-118.6678,34.2068],[-118.6678,34.2223],[-118.6678,34.2234],[-118.6677,34.2367],[-118.6677,34.2403],[-118.6325,34.2404],[-118.6325,34.2419],[-118.6326,34.2549],[-118.6333,34.2683],[-118.6335,34.2695],[-118.6335,34.2698],[-118.6368,34.2918],[-118.6523,34.3234],[-118.6706,34.3607],[-118.6929,34.4061],[-118.7266,34.4745],[-118.8209,34.6659],[-118.8804,34.7887],[-118.8946,34.818],[-118.8817,34.8178],[-118.8833,34.8094],[-118.8672,34.8032],[-118.8657,34.8032],[-118.8541,34.8033],[-118.854,34.8178],[-118.5876,34.8183],[-118.3263,34.8197],[-118.22,34.8201],[-118.1401,34.8209],[-117.9167,34.8225],[-117.7744,34.8233],[-117.6675,34.8225],[-117.6672,34.7343],[-117.6671,34.5579],[-117.6604,34.5579],[-117.6601,34.4986],[-117.6597,34.4516],[-117.6552,34.3972],[-117.6552,34.397],[-117.6505,34.339],[-117.6464,34.2892],[-117.6772,34.1674],[-117.6777,34.1652],[-117.6833,34.1505],[-117.6868,34.1381],[-117.6892,34.1323],[-117.6936,34.1216],[-117.6996,34.1068],[-117.7044,34.0953],[-117.7049,34.094],[-117.7101,34.082],[-117.7112,34.0795],[-117.7128,34.0759],[-117.7135,34.0743],[-117.7167,34.0669],[-117.7181,34.0632],[-117.7193,34.0597],[-117.7194,34.0595],[-117.722,34.0522],[-117.7234,34.0485],[-117.7247,34.0449],[-117.728,34.0335],[-117.7301,34.0214],[-117.7454,34.02],[-117.746,34.0201],[-117.7677,34.0235],[-117.7677,34.0194],[-117.7672,34.0136],[-117.77,34.0047],[-117.7798,34.0048],[-117.7911,33.9947],[-117.8025,33.9756],[-117.7937,33.9681],[-117.7936,33.9579],[-117.7833,33.9463],[-117.8684,33.9459],[-117.9009,33.9461],[-117.9156,33.947],[-117.92,33.9461],[-117.9248,33.9461],[-117.9316,33.9461],[-117.9505,33.9461],[-117.9648,33.9461],[-117.9667,33.9461],[-117.9765,33.9399],[-117.9765,33.9398],[-117.9765,33.9282],[-117.9765,33.928],[-117.9766,33.9174],[-117.9766,33.9112],[-117.9766,33.9064],[-117.9854,33.9026],[-117.9853,33.8956],[-117.9992,33.8882],[-117.9994,33.8882],[-118.0028,33.8827],[-118.0028,33.8809],[-118.0115,33.8808],[-118.0114,33.8734],[-118.0288,33.8733],[-118.0287,33.8662],[-118.0376,33.866],[-118.0462,33.8587],[-118.0504,33.8507],[-118.0547,33.8462],[-118.0589,33.8462],[-118.059,33.8462],[-118.059,33.8454],[-118.059,33.8389],[-118.0612,33.8333],[-118.0633,33.8315],[-118.0633,33.8241],[-118.0674,33.8175],[-118.0688,33.8174],[-118.0815,33.8061],[-118.0842,33.8034],[-118.0873,33.7952],[-118.093,33.7861],[-118.0933,33.7857],[-118.0971,33.7742],[-118.092,33.7597],[-118.1058,33.7507],[-118.113,33.7471],[-118.1146,33.7446],[-118.1157,33.7429],[-118.1326,33.7532],[-118.1327,33.7532],[-118.1466,33.7573],[-118.1569,33.7603],[-118.1667,33.7621],[-118.1755,33.7636],[-118.1762,33.7635],[-118.1808,33.7631],[-118.1816,33.7615],[-118.1834,33.758],[-118.1877,33.7492],[-118.1837,33.7361],[-118.1833,33.7232],[-118.185,33.7231],[-118.2122,33.7212],[-118.2122,33.7212],[-118.2314,33.714],[-118.2587,33.7037],[-118.2635,33.7046],[-118.2772,33.7071],[-118.2781,33.7071],[-118.2928,33.7081],[-118.2947,33.7082],[-118.2971,33.7083],[-118.3123,33.7117],[-118.3172,33.7128],[-118.3228,33.7157],[-118.3333,33.7212],[-118.3547,33.7323],[-118.3605,33.7368],[-118.3721,33.739],[-118.385,33.7414],[-118.3966,33.7359],[-118.4036,33.7388],[-118.4112,33.742],[-118.4142,33.7477],[-118.4215,33.7616],[-118.4284,33.7747],[-118.4234,33.782],[-118.4202,33.7851],[-118.4129,33.7924],[-118.4115,33.7938],[-118.405,33.8002],[-118.3945,33.8043],[-118.3943,33.8043],[-118.3916,33.8152],[-118.3915,33.8154],[-118.3918,33.8288],[-118.3921,33.8386],[-118.3921,33.8409],[-118.3976,33.8524],[-118.4021,33.8618],[-118.4094,33.877],[-118.4127,33.8839],[-118.4127,33.8839],[-118.422,33.9016],[-118.4237,33.9047],[-118.4298,33.9163],[-118.4424,33.9403],[-118.4487,33.9502],[-118.4563,33.9624],[-118.4606,33.9691],[-118.4682,33.9783],[-118.4726,33.9837],[-118.4761,33.9878],[-118.4827,33.9959],[-118.4842,33.9977],[-118.4869,34.0003],[-118.4927,34.0058],[-118.5028,34.0155],[-118.5028,34.0155],[-118.5096,34.0204],[-118.5169,34.0256],[-118.5195,34.0275],[-118.5197,34.0276],[-118.5361,34.0352],[-118.5431,34.0385],[-118.5543,34.0398],[-118.5671,34.0414],[-118.5692,34.0416],[-118.6036,34.039],[-118.6097,34.0364],[-118.6364,34.0375],[-118.6684,34.0389],[-118.6754,34.0375],[-118.6794,34.0333],[-118.7062,34.0294],[-118.7143,34.0304],[-118.7324,34.0327],[-118.745,34.0321],[-118.7499,34.0307],[-118.7834,34.0215],[-118.7871,34.0195],[-118.8051,34.0012],[-118.8216,34.0139],[-118.8216,34.014],[-118.8404,34.0275],[-118.8428,34.0287],[-118.8547,34.0342],[-118.8962,34.0392],[-118.928,34.0458],[-118.9381,34.0434],[-118.9449,34.0453],[-118.941,34.0748]]]]","MultiPolygon",-118.224550062411,34.3213847298819,-118.261056479,34.198181903
"Equipment Problems","06037",27,"2026-10-07T08:26:04+00:00",,,"{""cause"": ""Equipment Problems"", ""Location"": {""kind"": ""electricalNetwork"", ""CoordinateSystem"": {""crsUrn"": ""EPSG:4326""}}}",,"{""ert"": ""2026-10-07T13:00:00Z""}","Not Available","Equipment Problems","{""kind"": ""electricalNetwork"", ""CoordinateSystem"": {""crsUrn"": ""EPSG:4326""}}","electricalNetwork","SOUTHERN CALIFORNIA EDISON CO,17609","17609","Los Angeles","California","Feature","[[[[-118.6034,33.4781],[-118.5988,33.4779],[-118.5859,33.4738],[-118.5445,33.4741],[-118.5307,33.4681],[-118.5002,33.4496],[-118.4997,33.4479],[-118.4856,33.4462],[-118.4776,33.4484],[-118.4458,33.4289],[-118.4236,33.4273],[-118.382,33.4099],[-118.3703,33.4093],[-118.3683,33.4071],[-118.3651,33.3884],[-118.3323,33.3564],[-118.3245,33.3488],[-118.3161,33.3429],[-118.3153,33.342],[-118.3102,33.3358],[-118.3032,33.3203],[-118.3051,33.3103],[-118.3168,33.3011],[-118.3252,33.2991],[-118.3432,33.3052],[-118.3603,33.3153],[-118.3748,33.3201],[-118.4029,33.3209],[-118.44,33.3186],[-118.4563,33.3218],[-118.4654,33.3261],[-118.4819,33.3441],[-118.4888,33.3566],[-118.4826,33.3699],[-118.4785,33.3863],[-118.4849,33.4121],[-118.4887,33.4198],[-118.504,33.4242],[-118.5159,33.4224],[-118.5163,33.4251],[-118.5232,33.4307],[-118.5374,33.4346],[-118.5587,33.4334],[-118.5634,33.4344],[-118.5709,33.4394],[-118.5759,33.4483],[-118.594,33.4672],[-118.6012,33.4699],[-118.604,33.4765],[-118.6034,33.4781]]],[[[-118.6055,33.031],[-118.594,33.036],[-118.5752,33.034],[-118.569,33.0292],[-118.5644,33.0249],[-118.5645,33.0186],[-118.5592,33.0063],[-118.5401,32.9809],[-118.5292,32.9709],[-118.4968,32.9338],[-118.4853,32.9235],[-118.479,32.9204],[-118.4606,32.9095],[-118.4468,32.8954],[-118.37,32.8393],[-118.3535,32.822],[-118.3565,32.8173],[-118.3605,32.8199],[-118.38,32.8245],[-118.3874,32.8253],[-118.3946,32.824],[-118.4013,32.8203],[-118.4256,32.8006],[-118.4294,32.8054],[-118.4284,32.8069],[-118.4449,32.8206],[-118.4761,32.8418],[-118.4879,32.8446],[-118.4963,32.8516],[-118.5069,32.8685],[-118.5081,32.8713],[-118.5072,32.8763],[-118.5246,32.8932],[-118.5245,32.8955],[-118.5358,32.9063],[-118.5511,32.9452],[-118.5609,32.9579],[-118.5735,32.9692],[-118.5869,33.0083],[-118.596,33.0154],[-118.6066,33.0147],[-118.6055,33.031]]],[[[-118.941,34.0748],[-118.8922,34.1048],[-118.8565,34.1268],[-118.8335,34.1409],[-118.8149,34.1523],[-118.7887,34.1682],[-118.7586,34.1681],[-118.7585,34.1681],[-118.7287,34.1679],[-118.712,34.1686],[-118.7034,34.1686],[-118.6938,34.1686],[-118.6682,34.1682],[-118.6682,34.1767],[-118.6682,34.1841],[-118.668,34.1992],[-118.6678,34.2068],[-118.6678,34.2223],[-118.6678,34.2234],[-118.6677,34.2367],[-118.6677,34.2403],[-118.6325,34.2404],[-118.6325,34.2419],[-118.6326,34.2549],[-118.6333,34.2683],[-118.6335,34.2695],[-118.6335,34.2698],[-118.6368,34.2918],[-118.6523,34.3234],[-118.6706,34.3607],[-118.6929,34.4061],[-118.7266,34.4745],[-118.8209,34.6659],[-118.8804,34.7887],[-118.8946,34.818],[-118.8817,34.8178],[-118.8833,34.8094],[-118.8672,34.8032],[-118.8657,34.8032],[-118.8541,34.8033],[-118.854,34.8178],[-118.5876,34.8183],[-118.3263,34.8197],[-118.22,34.8201],[-118.1401,34.8209],[-117.9167,34.8225],[-117.7744,34.8233],[-117.6675,34.8225],[-117.6672,34.7343],[-117.6671,34.5579],[-117.6604,34.5579],[-117.6601,34.4986],[-117.6597,34.4516],[-117.6552,34.3972],[-117.6552,34.397],[-117.6505,34.339],[-117.6464,34.2892],[-117.6772,34.1674],[-117.6777,34.1652],[-117.6833,34.1505],[-117.6868,34.1381],[-117.6892,34.1323],[-117.6936,34.1216],[-117.6996,34.1068],[-117.7044,34.0953],[-117.7049,34.094],[-117.7101,34.082],[-117.7112,34.0795],[-117.7128,34.0759],[-117.7135,34.0743],[-117.7167,34.0669],[-117.7181,34.0632],[-117.7193,34.0597],[-117.7194,34.0595],[-117.722,34.0522],[-117.7234,34.0485],[-117.7247,34.0449],[-117.728,34.0335],[-117.7301,34.0214],[-117.7454,34.02],[-117.746,34.0201],[-117.7677,34.0235],[-117.7677,34.0194],[-117.7672,34.0136],[-117.77,34.0047],[-117.7798,34.0048],[-117.7911,33.9947],[-117.8025,33.9756],[-117.7937,33.9681],[-117.7936,33.9579],[-117.7833,33.9463],[-117.8684,33.9459],[-117.9009,33.9461],[-117.9156,33.947],[-117.92,33.9461],[-117.9248,33.9461],[-117.9316,33.9461],[-117.9505,33.9461],[-117.9648,33.9461],[-117.9667,33.9461],[-117.9765,33.9399],[-117.9765,33.9398],[-117.9765,33.9282],[-117.9765,33.928],[-117.9766,33.9174],[-117.9766,33.9112],[-117.9766,33.9064],[-117.9854,33.9026],[-117.9853,33.8956],[-117.9992,33.8882],[-117.9994,33.8882],[-118.0028,33.8827],[-118.0028,33.8809],[-118.0115,33.8808],[-118.0114,33.8734],[-118.0288,33.8733],[-118.0287,33.8662],[-118.0376,33.866],[-118.0462,33.8587],[-118.0504,33.8507],[-118.0547,33.8462],[-118.0589,33.8462],[-118.059,33.8462],[-118.059,33.8454],[-118.059,33.8389],[-118.0612,33.8333],[-118.0633,33.8315],[-118.0633,33.8241],[-118.0674,33.8175],[-118.0688,33.8174],[-118.0815,33.8061],[-118.0842,33.8034],[-118.0873,33.7952],[-118.093,33.7861],[-118.0933,33.7857],[-118.0971,33.7742],[-118.092,33.7597],[-118.1058,33.7507],[-118.113,33.7471],[-118.1146,33.7446],[-118.1157,33.7429],[-118.1326,33.7532],[-118.1327,33.7532],[-118.1466,33.7573],[-118.1569,33.7603],[-118.1667,33.7621],[-118.1755,33.7636],[-118.1762,33.7635],[-118.1808,33.7631],[-118.1816,33.7615],[-118.1834,33.758],[-118.1877,33.7492],[-118.1837,33.7361],[-118.1833,33.7232],[-118.185,33.7231],[-118.2122,33.7212],[-118.2122,33.7212],[-118.2314,33.714],[-118.2587,33.7037],[-118.2635,33.7046],[-118.2772,33.7071],[-118.2781,33.7071],[-118.2928,33.7081],[-118.2947,33.7082],[-118.2971,33.7083],[-118.3123,33.7117],[-118.3172,33.7128],[-118.3228,33.7157],[-118.3333,33.7212],[-118.3547,33.7323],[-118.3605,33.7368],[-118.3721,33.739],[-118.385,33.7414],[-118.3966,33.7359],[-118.4036,33.7388],[-118.4112,33.742],[-118.4142,33.7477],[-118.4215,33.7616],[-118.4284,33.7747],[-118.4234,33.782],[-118.4202,33.7851],[-118.4129,33.7924],[-118.4115,33.7938],[-118.405,33.8002],[-118.3945,33.8043],[-118.3943,33.8043],[-118.3916,33.8152],[-118.3915,33.8154],[-118.3918,33.8288],[-118.3921,33.8386],[-118.3921,33.8409],[-118.3976,33.8524],[-118.4021,33.8618],[-118.4094,33.877],[-118.4127,33.8839],[-118.4127,33.8839],[-118.422,33.9016],[-118.4237,33.9047],[-118.4298,33.9163],[-118.4424,33.9403],[-118.4487,33.9502],[-118.4563,33.9624],[-118.4606,33.9691],[-118.4682,33.9783],[-118.4726,33.9837],[-118.4761,33.9878],[-118.4827,33.9959],[-118.4842,33.9977],[-118.4869,34.0003],[-118.4927,34.0058],[-118.5028,34.0155],[-118.5028,34.0155],[-118.5096,34.0204],[-118.5169,34.0256],[-118.5195,34.0275],[-118.5197,34.0276],[-118.5361,34.0352],[-118.5431,34.0385],[-118.5543,34.0398],[-118.5671,34.0414],[-118.5692,34.0416],[-118.6036,34.039],[-118.6097,34.0364],[-118.6364,34.0375],[-118.6684,34.0389],[-118.6754,34.0375],[-118.6794,34.0333],[-118.7062,34.0294],[-118.7143,34.0304],[-118.7324,34.0327],[-118.745,34.0321],[-118.7499,34.0307],[-118.7834,34.0215],[-118.7871,34.0195],[-118.8051,34.0012],[-118.8216,34.0139],[-118.8216,34.014],[-118.8404,34.0275],[-118.8428,34.0287],[-118.8547,34.0342],[-118.8962,34.0392],[-118.928,34.0458],[-118.9381,34.0434],[-118.9449,34.0453],[-118.941,34.0748]]]]","MultiPolygon",-118.224550062411,34.3213847298819,-118.261056479,34.198181903
"Upgrading Equipment","06037",1604,"2026-10-07T09:09:45+00:00",,,"{""cause"": ""Upgrading Equipment"", ""Location"": {""kind"": ""electricalNetwork"", ""CoordinateSystem"": {""crsUrn"": ""EPSG:4326""}}}",,"{""ert"": ""2026-10-07T13:00:00Z""}","Enhancing Reliability","Upgrading Equipment","{""kind"": ""electricalNetwork"", ""CoordinateSystem"": {""crsUrn"": ""EPSG:4326""}}","electricalNetwork","SOUTHERN CALIFORNIA EDISON CO,17609","17609","Los Angeles","California","Feature","[[[[-118.6034,33.4781],[-118.5988,33.4779],[-118.5859,33.4738],[-118.5445,33.4741],[-118.5307,33.4681],[-118.5002,33.4496],[-118.4997,33.4479],[-118.4856,33.4462],[-118.4776,33.4484],[-118.4458,33.4289],[-118.4236,33.4273],[-118.382,33.4099],[-118.3703,33.4093],[-118.3683,33.4071],[-118.3651,33.3884],[-118.3323,33.3564],[-118.3245,33.3488],[-118.3161,33.3429],[-118.3153,33.342],[-118.3102,33.3358],[-118.3032,33.3203],[-118.3051,33.3103],[-118.3168,33.3011],[-118.3252,33.2991],[-118.3432,33.3052],[-118.3603,33.3153],[-118.3748,33.3201],[-118.4029,33.3209],[-118.44,33.3186],[-118.4563,33.3218],[-118.4654,33.3261],[-118.4819,33.3441],[-118.4888,33.3566],[-118.4826,33.3699],[-118.4785,33.3863],[-118.4849,33.4121],[-118.4887,33.4198],[-118.504,33.4242],[-118.5159,33.4224],[-118.5163,33.4251],[-118.5232,33.4307],[-118.5374,33.4346],[-118.5587,33.4334],[-118.5634,33.4344],[-118.5709,33.4394],[-118.5759,33.4483],[-118.594,33.4672],[-118.6012,33.4699],[-118.604,33.4765],[-118.6034,33.4781]]],[[[-118.6055,33.031],[-118.594,33.036],[-118.5752,33.034],[-118.569,33.0292],[-118.5644,33.0249],[-118.5645,33.0186],[-118.5592,33.0063],[-118.5401,32.9809],[-118.5292,32.9709],[-118.4968,32.9338],[-118.4853,32.9235],[-118.479,32.9204],[-118.4606,32.9095],[-118.4468,32.8954],[-118.37,32.8393],[-118.3535,32.822],[-118.3565,32.8173],[-118.3605,32.8199],[-118.38,32.8245],[-118.3874,32.8253],[-118.3946,32.824],[-118.4013,32.8203],[-118.4256,32.8006],[-118.4294,32.8054],[-118.4284,32.8069],[-118.4449,32.8206],[-118.4761,32.8418],[-118.4879,32.8446],[-118.4963,32.8516],[-118.5069,32.8685],[-118.5081,32.8713],[-118.5072,32.8763],[-118.5246,32.8932],[-118.5245,32.8955],[-118.5358,32.9063],[-118.5511,32.9452],[-118.5609,32.9579],[-118.5735,32.9692],[-118.5869,33.0083],[-118.596,33.0154],[-118.6066,33.0147],[-118.6055,33.031]]],[[[-118.941,34.0748],[-118.8922,34.1048],[-118.8565,34.1268],[-118.8335,34.1409],[-118.8149,34.1523],[-118.7887,34.1682],[-118.7586,34.1681],[-118.7585,34.1681],[-118.7287,34.1679],[-118.712,34.1686],[-118.7034,34.1686],[-118.6938,34.1686],[-118.6682,34.1682],[-118.6682,34.1767],[-118.6682,34.1841],[-118.668,34.1992],[-118.6678,34.2068],[-118.6678,34.2223],[-118.6678,34.2234],[-118.6677,34.2367],[-118.6677,34.2403],[-118.6325,34.2404],[-118.6325,34.2419],[-118.6326,34.2549],[-118.6333,34.2683],[-118.6335,34.2695],[-118.6335,34.2698],[-118.6368,34.2918],[-118.6523,34.3234],[-118.6706,34.3607],[-118.6929,34.4061],[-118.7266,34.4745],[-118.8209,34.6659],[-118.8804,34.7887],[-118.8946,34.818],[-118.8817,34.8178],[-118.8833,34.8094],[-118.8672,34.8032],[-118.8657,34.8032],[-118.8541,34.8033],[-118.854,34.8178],[-118.5876,34.8183],[-118.3263,34.8197],[-118.22,34.8201],[-118.1401,34.8209],[-117.9167,34.8225],[-117.7744,34.8233],[-117.6675,34.8225],[-117.6672,34.7343],[-117.6671,34.5579],[-117.6604,34.5579],[-117.6601,34.4986],[-117.6597,34.4516],[-117.6552,34.3972],[-117.6552,34.397],[-117.6505,34.339],[-117.6464,34.2892],[-117.6772,34.1674],[-117.6777,34.1652],[-117.6833,34.1505],[-117.6868,34.1381],[-117.6892,34.1323],[-117.6936,34.1216],[-117.6996,34.1068],[-117.7044,34.0953],[-117.7049,34.094],[-117.7101,34.082],[-117.7112,34.0795],[-117.7128,34.0759],[-117.7135,34.0743],[-117.7167,34.0669],[-117.7181,34.0632],[-117.7193,34.0597],[-117.7194,34.0595],[-117.722,34.0522],[-117.7234,34.0485],[-117.7247,34.0449],[-117.728,34.0335],[-117.7301,34.0214],[-117.7454,34.02],[-117.746,34.0201],[-117.7677,34.0235],[-117.7677,34.0194],[-117.7672,34.0136],[-117.77,34.0047],[-117.7798,34.0048],[-117.7911,33.9947],[-117.8025,33.9756],[-117.7937,33.9681],[-117.7936,33.9579],[-117.7833,33.9463],[-117.8684,33.9459],[-117.9009,33.9461],[-117.9156,33.947],[-117.92,33.9461],[-117.9248,33.9461],[-117.9316,33.9461],[-117.9505,33.9461],[-117.9648,33.9461],[-117.9667,33.9461],[-117.9765,33.9399],[-117.9765,33.9398],[-117.9765,33.9282],[-117.9765,33.928],[-117.9766,33.9174],[-117.9766,33.9112],[-117.9766,33.9064],[-117.9854,33.9026],[-117.9853,33.8956],[-117.9992,33.8882],[-117.9994,33.8882],[-118.0028,33.8827],[-118.0028,33.8809],[-118.0115,33.8808],[-118.0114,33.8734],[-118.0288,33.8733],[-118.0287,33.8662],[-118.0376,33.866],[-118.0462,33.8587],[-118.0504,33.8507],[-118.0547,33.8462],[-118.0589,33.8462],[-118.059,33.8462],[-118.059,33.8454],[-118.059,33.8389],[-118.0612,33.8333],[-118.0633,33.8315],[-118.0633,33.8241],[-118.0674,33.8175],[-118.0688,33.8174],[-118.0815,33.8061],[-118.0842,33.8034],[-118.0873,33.7952],[-118.093,33.7861],[-118.0933,33.7857],[-118.0971,33.7742],[-118.092,33.7597],[-118.1058,33.7507],[-118.113,33.7471],[-118.1146,33.7446],[-118.1157,33.7429],[-118.1326,33.7532],[-118.1327,33.7532],[-118.1466,33.7573],[-118.1569,33.7603],[-118.1667,33.7621],[-118.1755,33.7636],[-118.1762,33.7635],[-118.1808,33.7631],[-118.1816,33.7615],[-118.1834,33.758],[-118.1877,33.7492],[-118.1837,33.7361],[-118.1833,33.7232],[-118.185,33.7231],[-118.2122,33.7212],[-118.2122,33.7212],[-118.2314,33.714],[-118.2587,33.7037],[-118.2635,33.7046],[-118.2772,33.7071],[-118.2781,33.7071],[-118.2928,33.7081],[-118.2947,33.7082],[-118.2971,33.7083],[-118.3123,33.7117],[-118.3172,33.7128],[-118.3228,33.7157],[-118.3333,33.7212],[-118.3547,33.7323],[-118.3605,33.7368],[-118.3721,33.739],[-118.385,33.7414],[-118.3966,33.7359],[-118.4036,33.7388],[-118.4112,33.742],[-118.4142,33.7477],[-118.4215,33.7616],[-118.4284,33.7747],[-118.4234,33.782],[-118.4202,33.7851],[-118.4129,33.7924],[-118.4115,33.7938],[-118.405,33.8002],[-118.3945,33.8043],[-118.3943,33.8043],[-118.3916,33.8152],[-118.3915,33.8154],[-118.3918,33.8288],[-118.3921,33.8386],[-118.3921,33.8409],[-118.3976,33.8524],[-118.4021,33.8618],[-118.4094,33.877],[-118.4127,33.8839],[-118.4127,33.8839],[-118.422,33.9016],[-118.4237,33.9047],[-118.4298,33.9163],[-118.4424,33.9403],[-118.4487,33.9502],[-118.4563,33.9624],[-118.4606,33.9691],[-118.4682,33.9783],[-118.4726,33.9837],[-118.4761,33.9878],[-118.4827,33.9959],[-118.4842,33.9977],[-118.4869,34.0003],[-118.4927,34.0058],[-118.5028,34.0155],[-118.5028,34.0155],[-118.5096,34.0204],[-118.5169,34.0256],[-118.5195,34.0275],[-118.5197,34.0276],[-118.5361,34.0352],[-118.5431,34.0385],[-118.5543,34.0398],[-118.5671,34.0414],[-118.5692,34.0416],[-118.6036,34.039],[-118.6097,34.0364],[-118.6364,34.0375],[-118.6684,34.0389],[-118.6754,34.0375],[-118.6794,34.0333],[-118.7062,34.0294],[-118.7143,34.0304],[-118.7324,34.0327],[-118.745,34.0321],[-118.7499,34.0307],[-118.7834,34.0215],[-118.7871,34.0195],[-118.8051,34.0012],[-118.8216,34.0139],[-118.8216,34.014],[-118.8404,34.0275],[-118.8428,34.0287],[-118.8547,34.0342],[-118.8962,34.0392],[-118.928,34.0458],[-118.9381,34.0434],[-118.9449,34.0453],[-118.941,34.0748]]]]","MultiPolygon",-118.224550062411,34.3213847298819,-118.261056479,34.198181903
"Equipment Problems","06111",20,"2026-10-07T04:31:53+00:00",,,"{""cause"": ""Equipment Problems"", ""Location"": {""kind"": ""electricalNetwork"", ""CoordinateSystem"": {""crsUrn"": ""EPSG:4326""}}}",,"{""ert"": ""2026-10-07T15:00:00Z""}","Not Available","Equipment Problems","{""kind"": ""electricalNetwork"", ""CoordinateSystem"": {""crsUrn"": ""EPSG:4326""}}","electricalNetwork","SOUTHERN CALIFORNIA EDISON CO,17609","17609","Ventura","California","Feature","[[[[-119.4308,34.0291],[-119.4035,34.0143],[-119.3643,34.0262],[-119.3476,34.0193],[-119.3631,34.0005],[-119.3916,33.9946],[-119.4237,33.9976],[-119.4558,34.0153],[-119.4308,34.0291]]],[[[-119.4733,34.3793],[-119.4632,34.3905],[-119.4514,34.3981],[-119.446,34.4041],[-119.4543,34.4182],[-119.4404,34.4418],[-119.4424,34.4909],[-119.4437,34.9012],[-119.3837,34.9008],[-119.3819,34.874],[-119.2764,34.8725],[-119.2772,34.8573],[-119.2426,34.8576],[-119.2425,34.8143],[-119.0993,34.8129],[-119.0238,34.8124],[-118.9779,34.8117],[-118.978,34.7898],[-118.8804,34.7887],[-118.8209,34.6659],[-118.7266,34.4745],[-118.6929,34.4061],[-118.6706,34.3607],[-118.6523,34.3234],[-118.6368,34.2918],[-118.6335,34.2698],[-118.6335,34.2695],[-118.6333,34.2683],[-118.6326,34.2549],[-118.6325,34.2419],[-118.6325,34.2404],[-118.6677,34.2403],[-118.6677,34.2367],[-118.6678,34.2234],[-118.6678,34.2223],[-118.6678,34.2068],[-118.668,34.1992],[-118.6682,34.1841],[-118.6682,34.1767],[-118.6682,34.1682],[-118.6938,34.1686],[-118.7034,34.1686],[-118.712,34.1686],[-118.7287,34.1679],[-118.7585,34.1681],[-118.7586,34.1681],[-118.7887,34.1682],[-118.8149,34.1523],[-118.8335,34.1409],[-118.8565,34.1268],[-118.8922,34.1048],[-118.941,34.0748],[-118.9449,34.0453],[-118.9547,34.0482],[-118.9778,34.0598],[-118.997,34.0659],[-119.0046,34.0662],[-119.0375,34.0831],[-119.0638,34.0891],[-119.07,34.0905],[-119.0885,34.0983],[-119.0982,34.0993],[-119.1098,34.0946],[-119.1302,34.1001],[-119.1375,34.105],[-119.1596,34.1197],[-119.1886,34.139],[-119.1893,34.1392],[-119.2031,34.1445],[-119.2112,34.1449],[-119.2164,34.1461],[-119.2253,34.1583],[-119.2277,34.1617],[-119.2371,34.1758],[-119.2486,34.1974],[-119.257,34.2133],[-119.2659,34.2346],[-119.2659,34.2347],[-119.2663,34.2361],[-119.2701,34.2529],[-119.2786,34.2669],[-119.2856,34.2714],[-119.2909,34.2749],[-119.3021,34.2728],[-119.3076,34.2742],[-119.313,34.2757],[-119.3375,34.2906],[-119.3492,34.3044],[-119.3704,34.3195],[-119.3758,34.3211],[-119.3882,34.3174],[-119.3904,34.3182],[-119.4278,34.353],[-119.4311,34.3553],[-119.4359,34.3558],[-119.461,34.3741],[-119.4727,34.3756],[-119.4783,34.3772],[-119.4733,34.3793]]],[[[-119.5789,33.2786],[-119.562,33.2711],[-119.5552,33.2734],[-119.5476,33.2803],[-119.5438,33.2803],[-119.5329,33.2847],[-119.5281,33.2849],[-119.505,33.2728],[-119.4955,33.2691],[-119.4828,33.264],[-119.4657,33.2592],[-119.4585,33.2547],[-119.4296,33.2282],[-119.4443,33.2192],[-119.4647,33.2154],[-119.476,33.2155],[-119.5007,33.2206],[-119.5117,33.223],[-119.5175,33.2267],[-119.5459,33.2334],[-119.565,33.2474],[-119.5656,33.25],[-119.566,33.2526],[-119.5706,33.2577],[-119.5789,33.2786]]]]","MultiPolygon",-119.084850170138,34.4542154266372,-119.126014347,34.357069072
"Equipment Problems","06065",1,"2026-10-07T03:41:32+00:00",,,"{""cause"": ""Equipment Problems"", ""Location"": {""kind"": ""electricalNetwork"", ""CoordinateSystem"": {""crsUrn"": ""EPSG:4326""}}}",,"{""ert"": ""2026-10-07T12:00:00Z""}","Not Available","Equipment Problems","{""kind"": ""electricalNetwork"", ""CoordinateSystem"": {""crsUrn"": ""EPSG:4326""}}","electricalNetwork","SOUTHERN CALIFORNIA EDISON CO,17609","17609","Riverside","California","Feature","[[[[-117.6755,33.8881],[-117.6549,33.8888],[-117.6554,33.9243],[-117.6434,33.9251],[-117.6109,33.9251],[-117.6109,33.946],[-117.611,33.9687],[-117.5998,33.9753],[-117.5932,33.9774],[-117.5584,33.9884],[-117.5584,33.9971],[-117.5583,34.0189],[-117.5583,34.0335],[-117.5502,34.0335],[-117.5243,34.0335],[-117.5069,34.0335],[-117.4812,34.0335],[-117.4712,34.0336],[-117.4655,34.0336],[-117.4332,34.0342],[-117.4142,34.0343],[-117.4015,34.034],[-117.3753,34.0339],[-117.3754,34.0194],[-117.3701,34.0194],[-117.3626,34.0193],[-117.36,34.0193],[-117.3594,34.0193],[-117.34,34.0194],[-117.3396,34.0193],[-117.3137,34.0193],[-117.3049,34.0193],[-117.2961,34.0183],[-117.2827,34.0184],[-117.2706,34.0187],[-117.2255,34.018],[-117.2254,34.0053],[-117.2123,34.0041],[-117.1915,34.0041],[-117.1909,34.0041],[-117.1677,34.0041],[-117.1615,34.0041],[-117.1613,34.0041],[-117.1612,34.0041],[-117.1609,34.0042],[-117.1608,34.0042],[-117.1213,34.0035],[-117.1067,34.0043],[-117.1039,34.0044],[-117.099,34.0042],[-117.0865,34.0038],[-117.066,34.0039],[-117.0649,34.0039],[-117.0541,34.0041],[-117.0389,34.0047],[-117.0258,34.0047],[-117.0213,34.0046],[-117.0014,34.0043],[-116.9872,34.0047],[-116.9633,34.0048],[-116.9336,34.0049],[-116.9294,34.0049],[-116.9296,34.0341],[-116.9061,34.0341],[-116.905,34.0341],[-116.8771,34.034],[-116.8738,34.0339],[-116.7197,34.0338],[-116.6156,34.0333],[-116.6033,34.0326],[-116.5915,34.0326],[-116.5123,34.0329],[-116.4578,34.0329],[-116.3006,34.0325],[-116.3006,34.0344],[-116.0464,34.0343],[-115.3162,34.0341],[-115.3161,34.0778],[-115.1924,34.0778],[-115.1361,34.0797],[-114.8295,34.0796],[-114.4502,34.0798],[-114.4354,34.0797],[-114.4377,34.0719],[-114.4393,34.0579],[-114.4394,34.0538],[-114.4386,34.0502],[-114.4355,34.0426],[-114.4349,34.0378],[-114.4362,34.0281],[-114.4383,34.0226],[-114.4405,34.0193],[-114.4438,34.0162],[-114.4502,34.0126],[-114.4548,34.011],[-114.4589,34.0108],[-114.4612,34.0101],[-114.4628,34.0084],[-114.4631,34.0066],[-114.4628,34.0045],[-114.4604,33.9992],[-114.4603,33.9966],[-114.4612,33.9947],[-114.4624,33.9938],[-114.4662,33.9935],[-114.4679,33.9929],[-114.4711,33.988],[-114.4759,33.9844],[-114.4815,33.9813],[-114.4823,33.9802],[-114.4831,33.9777],[-114.4848,33.9755],[-114.495,33.9668],[-114.4999,33.9618],[-114.5096,33.9573],[-114.5112,33.957],[-114.5159,33.9581],[-114.522,33.9556],[-114.5287,33.9478],[-114.5355,33.9347],[-114.535,33.9285],[-114.5337,33.9261],[-114.5284,33.9237],[-114.5254,33.9223],[-114.5184,33.9175],[-114.5115,33.9111],[-114.5086,33.9061],[-114.5079,33.9038],[-114.508,33.9018],[-114.5087,33.9006],[-114.5109,33.8991],[-114.5137,33.898],[-114.5163,33.8962],[-114.5178,33.8949],[-114.5187,33.8932],[-114.5189,33.8917],[-114.5186,33.8898],[-114.5178,33.8882],[-114.5165,33.8859],[-114.5125,33.8829],[-114.5043,33.8769],[-114.5034,33.875],[-114.503,33.868],[-114.5039,33.8658],[-114.5056,33.8643],[-114.5147,33.8586],[-114.5168,33.8581],[-114.5245,33.8585],[-114.5268,33.8574],[-114.5285,33.8549],[-114.5294,33.8518],[-114.5296,33.8481],[-114.5255,33.8386],[-114.5234,33.8353],[-114.5205,33.8278],[-114.52,33.8254],[-114.5207,33.822],[-114.5227,33.819],[-114.5272,33.8162],[-114.528,33.815],[-114.5201,33.7995],[-114.5167,33.7883],[-114.5071,33.7679],[-114.5049,33.7605],[-114.5048,33.7602],[-114.5043,33.7564],[-114.5045,33.751],[-114.506,33.7463],[-114.5082,33.7416],[-114.5119,33.735],[-114.5123,33.7342],[-114.5103,33.7321],[-114.5068,33.7305],[-114.5042,33.7281],[-114.5027,33.7246],[-114.5008,33.7222],[-114.4966,33.7192],[-114.4949,33.7144],[-114.4942,33.7079],[-114.4957,33.6985],[-114.4965,33.6969],[-114.505,33.693],[-114.5124,33.6913],[-114.5191,33.6885],[-114.524,33.6859],[-114.5278,33.6827],[-114.5303,33.6792],[-114.5315,33.6751],[-114.531,33.6711],[-114.5297,33.668],[-114.5283,33.666],[-114.5269,33.6643],[-114.526,33.6629],[-114.5252,33.6616],[-114.525,33.6596],[-114.5252,33.6581],[-114.5258,33.6571],[-114.5269,33.6556],[-114.5283,33.653],[-114.5302,33.6501],[-114.5301,33.6476],[-114.5291,33.6441],[-114.5279,33.6414],[-114.5271,33.6381],[-114.5269,33.6375],[-114.5269,33.6331],[-114.5285,33.6302],[-114.5299,33.6274],[-114.5297,33.6228],[-114.5279,33.6188],[-114.5258,33.6166],[-114.5246,33.6143],[-114.5248,33.6114],[-114.5268,33.6088],[-114.5292,33.6067],[-114.5406,33.5914],[-114.5403,33.5806],[-114.536,33.5692],[-114.5357,33.5688],[-114.5268,33.5575],[-114.5244,33.5537],[-114.5246,33.5522],[-114.542,33.5425],[-114.5589,33.5318],[-114.5595,33.5307],[-114.5608,33.5243],[-114.5606,33.5183],[-114.561,33.5167],[-114.5695,33.5092],[-114.5738,33.5075],[-114.5805,33.5065],[-114.5882,33.5025],[-114.5916,33.4994],[-114.5973,33.4907],[-114.5988,33.4868],[-114.5997,33.4843],[-114.6017,33.4814],[-114.6078,33.4748],[-114.6125,33.4708],[-114.6229,33.4566],[-114.6234,33.4545],[-114.6223,33.4476],[-114.6271,33.4336],[-114.7665,33.4337],[-114.8283,33.4337],[-115.4675,33.4284],[-115.6775,33.4274],[-115.9318,33.4265],[-116.0264,33.4263],[-116.06,33.426],[-116.0852,33.4259],[-116.1126,33.4259],[-116.6177,33.4274],[-116.623,33.4273],[-116.8367,33.4269],[-117.0309,33.4269],[-117.0523,33.4302],[-117.089,33.4303],[-117.0987,33.4304],[-117.1437,33.4326],[-117.2249,33.432],[-117.2413,33.432],[-117.2505,33.4516],[-117.2838,33.4624],[-117.3636,33.4881],[-117.3709,33.4905],[-117.3643,33.505],[-117.5097,33.505],[-117.5032,33.5204],[-117.5102,33.534],[-117.4927,33.5577],[-117.4579,33.6022],[-117.413,33.659],[-117.4559,33.689],[-117.4598,33.6917],[-117.4746,33.7038],[-117.4976,33.7056],[-117.5314,33.71],[-117.5341,33.7126],[-117.5364,33.7577],[-117.5692,33.7646],[-117.5801,33.768],[-117.6367,33.83],[-117.6621,33.8575],[-117.6743,33.858],[-117.6751,33.8687],[-117.6719,33.8697],[-117.6724,33.8703],[-117.673,33.871],[-117.6688,33.8805],[-117.6755,33.8881]]]]","MultiPolygon",-115.994764890688,33.7437710409515,-115.993817674,33.74367508
"Traffic Accident","06059",475,"2026-10-07T02:40:40+00:00",,,"{""cause"": ""Traffic Accident"", ""Location"": {""kind"": ""electricalNetwork"", ""CoordinateSystem"": {""crsUrn"": ""EPSG:4326""}}}",,"{""ert"": ""2026-10-07T17:00:00Z""}","Equipment Damage","Traffic Accident","{""kind"": ""electricalNetwork"", ""CoordinateSystem"": {""crsUrn"": ""EPSG:4326""}}","electricalNetwork","SOUTHERN CALIFORNIA EDISON CO,17609","17609","Orange","California","Feature","[[[[-118.1146,33.7446],[-118.113,33.7471],[-118.1058,33.7507],[-118.092,33.7597],[-118.0971,33.7742],[-118.0933,33.7857],[-118.093,33.7861],[-118.0873,33.7952],[-118.0842,33.8034],[-118.0815,33.8061],[-118.0688,33.8174],[-118.0674,33.8175],[-118.0633,33.8241],[-118.0633,33.8315],[-118.0612,33.8333],[-118.059,33.8389],[-118.059,33.8454],[-118.059,33.8462],[-118.0589,33.8462],[-118.0547,33.8462],[-118.0504,33.8507],[-118.0462,33.8587],[-118.0376,33.866],[-118.0287,33.8662],[-118.0288,33.8733],[-118.0114,33.8734],[-118.0115,33.8808],[-118.0028,33.8809],[-118.0028,33.8827],[-117.9994,33.8882],[-117.9992,33.8882],[-117.9853,33.8956],[-117.9854,33.9026],[-117.9766,33.9064],[-117.9766,33.9112],[-117.9766,33.9174],[-117.9765,33.928],[-117.9765,33.9282],[-117.9765,33.9398],[-117.9765,33.9399],[-117.9667,33.9461],[-117.9648,33.9461],[-117.9505,33.9461],[-117.9316,33.9461],[-117.9248,33.9461],[-117.92,33.9461],[-117.9156,33.947],[-117.9009,33.9461],[-117.8684,33.9459],[-117.7833,33.9463],[-117.7682,33.9358],[-117.7481,33.9214],[-117.7378,33.9147],[-117.7355,33.9133],[-117.7325,33.9103],[-117.7103,33.8967],[-117.6793,33.8776],[-117.6758,33.874],[-117.673,33.871],[-117.6724,33.8703],[-117.6719,33.8697],[-117.6751,33.8687],[-117.6743,33.858],[-117.6621,33.8575],[-117.6367,33.83],[-117.5801,33.768],[-117.5692,33.7646],[-117.5364,33.7577],[-117.5341,33.7126],[-117.5314,33.71],[-117.4976,33.7056],[-117.4746,33.7038],[-117.4598,33.6917],[-117.4559,33.689],[-117.413,33.659],[-117.4579,33.6022],[-117.4927,33.5577],[-117.5102,33.534],[-117.5032,33.5204],[-117.5097,33.505],[-117.5095,33.484],[-117.5086,33.4696],[-117.5384,33.4556],[-117.5733,33.4533],[-117.5785,33.4539],[-117.5834,33.4354],[-117.5936,33.3968],[-117.5962,33.3871],[-117.6069,33.4047],[-117.6079,33.4063],[-117.6205,33.4192],[-117.6317,33.4305],[-117.6317,33.4306],[-117.641,33.4374],[-117.6456,33.4407],[-117.6456,33.4407],[-117.6753,33.4569],[-117.6843,33.4618],[-117.6846,33.4619],[-117.6893,33.4602],[-117.692,33.4566],[-117.6914,33.454],[-117.7134,33.46],[-117.7153,33.4606],[-117.7256,33.4815],[-117.7258,33.4819],[-117.7265,33.4834],[-117.7349,33.4913],[-117.7427,33.4987],[-117.7548,33.5101],[-117.7614,33.5163],[-117.7635,33.5186],[-117.7737,33.5295],[-117.7792,33.5354],[-117.7849,33.5415],[-117.7929,33.5439],[-117.8013,33.5463],[-117.8142,33.5522],[-117.8289,33.5643],[-117.8403,33.5735],[-117.8664,33.587],[-117.8768,33.5923],[-117.8789,33.593],[-117.8998,33.5996],[-117.9271,33.6055],[-117.9271,33.6055],[-117.9406,33.62],[-117.9575,33.6297],[-117.965,33.634],[-117.9709,33.6373],[-117.9879,33.6471],[-118.0006,33.6543],[-118.0008,33.6545],[-118.0084,33.6603],[-118.0188,33.6681],[-118.0297,33.6764],[-118.0322,33.6789],[-118.0553,33.7016],[-118.0649,33.711],[-118.0654,33.7114],[-118.0889,33.7298],[-118.09,33.7302],[-118.0961,33.7324],[-118.1011,33.7341],[-118.1157,33.7429],[-118.1146,33.7446]]]]","MultiPolygon",-117.761130979135,33.7027904465349,-117.776766945,33.676975978
"Animal in Equipment","06059",624,"2026-10-07T04:32:08+00:00",,,"{""cause"": ""Animal in Equipment"", ""Location"": {""kind"": ""electricalNetwork"", ""CoordinateSystem"": {""crsUrn"": ""EPSG:4326""}}}",,"{""ert"": ""2026-10-07T20:30:00Z""}","Power Poles and Lines Down","Animal in Equipment","{""kind"": ""electricalNetwork"", ""CoordinateSystem"": {""crsUrn"": ""EPSG:4326""}}","electricalNetwork","SOUTHERN CALIFORNIA EDISON CO,17609","17609","Orange","California","Feature","[[[[-118.1146,33.7446],[-118.113,33.7471],[-118.1058,33.7507],[-118.092,33.7597],[-118.0971,33.7742],[-118.0933,33.7857],[-118.093,33.7861],[-118.0873,33.7952],[-118.0842,33.8034],[-118.0815,33.8061],[-118.0688,33.8174],[-118.0674,33.8175],[-118.0633,33.8241],[-118.0633,33.8315],[-118.0612,33.8333],[-118.059,33.8389],[-118.059,33.8454],[-118.059,33.8462],[-118.0589,33.8462],[-118.0547,33.8462],[-118.0504,33.8507],[-118.0462,33.8587],[-118.0376,33.866],[-118.0287,33.8662],[-118.0288,33.8733],[-118.0114,33.8734],[-118.0115,33.8808],[-118.0028,33.8809],[-118.0028,33.8827],[-117.9994,33.8882],[-117.9992,33.8882],[-117.9853,33.8956],[-117.9854,33.9026],[-117.9766,33.9064],[-117.9766,33.9112],[-117.9766,33.9174],[-117.9765,33.928],[-117.9765,33.9282],[-117.9765,33.9398],[-117.9765,33.9399],[-117.9667,33.9461],[-117.9648,33.9461],[-117.9505,33.9461],[-117.9316,33.9461],[-117.9248,33.9461],[-117.92,33.9461],[-117.9156,33.947],[-117.9009,33.9461],[-117.8684,33.9459],[-117.7833,33.9463],[-117.7682,33.9358],[-117.7481,33.9214],[-117.7378,33.9147],[-117.7355,33.9133],[-117.7325,33.9103],[-117.7103,33.8967],[-117.6793,33.8776],[-117.6758,33.874],[-117.673,33.871],[-117.6724,33.8703],[-117.6719,33.8697],[-117.6751,33.8687],[-117.6743,33.858],[-117.6621,33.8575],[-117.6367,33.83],[-117.5801,33.768],[-117.5692,33.7646],[-117.5364,33.7577],[-117.5341,33.7126],[-117.5314,33.71],[-117.4976,33.7056],[-117.4746,33.7038],[-117.4598,33.6917],[-117.4559,33.689],[-117.413,33.659],[-117.4579,33.6022],[-117.4927,33.5577],[-117.5102,33.534],[-117.5032,33.5204],[-117.5097,33.505],[-117.5095,33.484],[-117.5086,33.4696],[-117.5384,33.4556],[-117.5733,33.4533],[-117.5785,33.4539],[-117.5834,33.4354],[-117.5936,33.3968],[-117.5962,33.3871],[-117.6069,33.4047],[-117.6079,33.4063],[-117.6205,33.4192],[-117.6317,33.4305],[-117.6317,33.4306],[-117.641,33.4374],[-117.6456,33.4407],[-117.6456,33.4407],[-117.6753,33.4569],[-117.6843,33.4618],[-117.6846,33.4619],[-117.6893,33.4602],[-117.692,33.4566],[-117.6914,33.454],[-117.7134,33.46],[-117.7153,33.4606],[-117.7256,33.4815],[-117.7258,33.4819],[-117.7265,33.4834],[-117.7349,33.4913],[-117.7427,33.4987],[-117.7548,33.5101],[-117.7614,33.5163],[-117.7635,33.5186],[-117.7737,33.5295],[-117.7792,33.5354],[-117.7849,33.5415],[-117.7929,33.5439],[-117.8013,33.5463],[-117.8142,33.5522],[-117.8289,33.5643],[-117.8403,33.5735],[-117.8664,33.587],[-117.8768,33.5923],[-117.8789,33.593],[-117.8998,33.5996],[-117.9271,33.6055],[-117.9271,33.6055],[-117.9406,33.62],[-117.9575,33.6297],[-117.965,33.634],[-117.9709,33.6373],[-117.9879,33.6471],[-118.0006,33.6543],[-118.0008,33.6545],[-118.0084,33.6603],[-118.0188,33.6681],[-118.0297,33.6764],[-118.0322,33.6789],[-118.0553,33.7016],[-118.0649,33.711],[-118.0654,33.7114],[-118.0889,33.7298],[-118.09,33.7302],[-118.0961,33.7324],[-118.1011,33.7341],[-118.1157,33.7429],[-118.1146,33.7446]]]]","MultiPolygon",-117.761130979135,33.7027904465349,-117.776766945,33.676975978
"Pole Upgrade","06083",54,"2026-10-07T05:05:48+00:00",,,"{""cause"": ""Pole Upgrade"", ""Location"": {""kind"": ""electricalNetwork"", ""CoordinateSystem"": {""crsUrn"": ""EPSG:4326""}}}",,"{""ert"": ""2026-10-07T13:00:00Z""}","Enhancing Reliability","Pole Upgrade","{""kind"": ""electricalNetwork"", ""CoordinateSystem"": {""crsUrn"": ""EPSG:4326""}}","electricalNetwork","SOUTHERN CALIFORNIA EDISON CO,17609","17609","Santa Barbara","California","Feature","[[[[-119.06,33.4916],[-119.0303,33.4976],[-119.0208,33.4817],[-119.0256,33.4619],[-119.0529,33.456],[-119.066,33.4679],[-119.06,33.4916]]],[[[-119.9192,34.0773],[-119.9129,34.0775],[-119.8911,34.0729],[-119.8573,34.0713],[-119.8259,34.0598],[-119.8187,34.053],[-119.8078,34.0521],[-119.7898,34.0573],[-119.7707,34.0551],[-119.7661,34.0554],[-119.7637,34.0572],[-119.7555,34.0567],[-119.7395,34.0493],[-119.7264,34.0479],[-119.7126,34.0433],[-119.7046,34.0377],[-119.6865,34.0198],[-119.6377,34.0132],[-119.6193,34.0165],[-119.6122,34.0213],[-119.6043,34.0316],[-119.6088,34.0352],[-119.6092,34.0374],[-119.5932,34.0496],[-119.5734,34.0501],[-119.5667,34.0535],[-119.5296,34.0412],[-119.5206,34.0343],[-119.5218,34.0322],[-119.5324,34.0249],[-119.5388,34.024],[-119.5424,34.0211],[-119.5483,34.0098],[-119.5471,34.0055],[-119.5545,33.9978],[-119.5605,33.9955],[-119.5756,33.996],[-119.5902,33.9897],[-119.5969,33.9886],[-119.6191,33.9872],[-119.6211,33.989],[-119.6477,33.9878],[-119.6628,33.9859],[-119.6901,33.9722],[-119.707,33.9692],[-119.7124,33.9654],[-119.7147,33.9614],[-119.7212,33.9596],[-119.743,33.9639],[-119.7504,33.9638],[-119.7581,33.9592],[-119.7959,33.9629],[-119.8427,33.9703],[-119.8734,33.9804],[-119.8771,33.9858],[-119.883,34.0008],[-119.8849,34.0088],[-119.8825,34.0117],[-119.8769,34.0235],[-119.8763,34.0321],[-119.8928,34.0455],[-119.9162,34.0584],[-119.9233,34.0694],[-119.9192,34.0773]]],[[[-120.2474,34.0019],[-120.2387,34.0076],[-120.23,34.0101],[-120.2213,34.0104],[-120.2085,34.0057],[-120.1958,34.0043],[-120.1673,34.0082],[-120.1517,34.0181],[-120.1476,34.0248],[-120.1404,34.026],[-120.1359,34.0261],[-120.1151,34.0199],[-120.0902,34.0198],[-120.0736,34.0245],[-120.0628,34.0312],[-120.062,34.034],[-120.0576,34.0373],[-120.0551,34.0377],[-120.0433,34.0358],[-120.044,34.0248],[-120.0478,34.0212],[-120.0504,34.0133],[-120.0489,34.0099],[-120.0466,34],[-120.0413,33.9945],[-120.0257,33.9856],[-120.0111,33.9799],[-120.0038,33.9795],[-119.9843,33.9839],[-119.9789,33.9831],[-119.9799,33.9696],[-119.9769,33.9567],[-119.9711,33.9504],[-119.9703,33.9444],[-119.9737,33.9425],[-120.001,33.9416],[-120.0177,33.9364],[-120.0469,33.9196],[-120.0483,33.9176],[-120.0486,33.9158],[-120.0497,33.9146],[-120.0778,33.9089],[-120.0986,33.9079],[-120.1055,33.9043],[-120.1091,33.8991],[-120.1218,33.8957],[-120.169,33.9191],[-120.179,33.928],[-120.1898,33.9477],[-120.1923,33.9503],[-120.1986,33.9522],[-120.2001,33.9569],[-120.2094,33.9724],[-120.2245,33.9891],[-120.2485,33.9993],[-120.2474,34.0019]]],[[[-120.4491,34.0373],[-120.435,34.0419],[-120.4188,34.0521],[-120.4153,34.055],[-120.4113,34.0529],[-120.4036,34.0504],[-120.3962,34.0502],[-120.3909,34.052],[-120.3742,34.0627],[-120.3688,34.0678],[-120.3686,34.0712],[-120.3702,34.0749],[-120.3683,34.0765],[-120.3623,34.0731],[-120.355,34.0593],[-120.3603,34.0558],[-120.3586,34.0502],[-120.3469,34.0466],[-120.3312,34.0491],[-120.319,34.042],[-120.3132,34.0366],[-120.3021,34.0236],[-120.3045,34.0212],[-120.3171,34.0188],[-120.3477,34.0201],[-120.3553,34.0179],[-120.3579,34.015],[-120.3751,34.0188],[-120.4094,34.0322],[-120.4152,34.0322],[-120.419,34.0289],[-120.4274,34.0254],[-120.4541,34.0281],[-120.4491,34.0373]]],[[[-120.6708,34.9041],[-120.6489,34.9744],[-120.6341,34.9596],[-120.6022,34.9727],[-120.5896,34.9669],[-120.5855,34.9672],[-120.5823,34.9723],[-120.5752,34.9783],[-120.5708,34.9776],[-120.5549,34.9739],[-120.5139,34.9893],[-120.4962,34.9932],[-120.4445,34.9888],[-120.4329,34.9851],[-120.4087,34.9724],[-120.4035,34.9698],[-120.3612,34.9465],[-120.3553,34.9413],[-120.3283,34.9258],[-120.3115,34.9038],[-120.3018,34.9056],[-120.2922,34.9303],[-120.3019,34.9634],[-120.3271,34.9865],[-120.3345,35.0063],[-120.3238,35.0173],[-120.3099,35.0092],[-120.2902,35.0154],[-120.2786,35.0116],[-120.2614,35.0266],[-120.2096,35.0215],[-120.1814,35.0373],[-120.1849,35.0484],[-120.1676,35.0753],[-120.1429,35.0822],[-120.1434,35.0956],[-120.0957,35.1127],[-120.0813,35.1146],[-120.0673,35.0968],[-120.044,35.086],[-120.0328,35.0878],[-120.002,35.0732],[-119.9801,35.0576],[-119.9427,35.0544],[-119.9284,35.0598],[-119.902,35.0358],[-119.8783,35.0397],[-119.8545,35.0321],[-119.8308,35.0058],[-119.7804,34.9907],[-119.7456,34.9737],[-119.7174,34.9718],[-119.7006,34.9767],[-119.673,34.9734],[-119.6443,34.9536],[-119.6161,34.9506],[-119.5784,34.9219],[-119.5358,34.8976],[-119.4905,34.8975],[-119.4725,34.9014],[-119.4437,34.9012],[-119.4424,34.4909],[-119.4404,34.4418],[-119.4543,34.4182],[-119.446,34.4041],[-119.4514,34.3981],[-119.4632,34.3905],[-119.4733,34.3793],[-119.4783,34.3772],[-119.5107,34.3863],[-119.5368,34.3955],[-119.537,34.3955],[-119.5595,34.4134],[-119.6136,34.4206],[-119.6169,34.421],[-119.6304,34.4177],[-119.6389,34.4157],[-119.6487,34.4174],[-119.6591,34.4168],[-119.6719,34.4161],[-119.6882,34.4125],[-119.6862,34.4102],[-119.6847,34.4083],[-119.6917,34.4032],[-119.6945,34.4019],[-119.7091,34.3954],[-119.7277,34.3959],[-119.7294,34.3959],[-119.743,34.4018],[-119.7455,34.4029],[-119.7558,34.4062],[-119.7859,34.416],[-119.7948,34.4176],[-119.8106,34.4169],[-119.8269,34.4162],[-119.8358,34.4158],[-119.8386,34.4146],[-119.8535,34.4081],[-119.8538,34.408],[-119.8539,34.408],[-119.8695,34.4086],[-119.874,34.4088],[-119.8848,34.4141],[-119.9116,34.4272],[-119.9252,34.4339],[-119.9564,34.4353],[-119.972,34.4446],[-120.0081,34.4604],[-120.0388,34.4634],[-120.0507,34.4617],[-120.0886,34.4602],[-120.0972,34.4618],[-120.1184,34.4699],[-120.1412,34.4734],[-120.1835,34.4704],[-120.2255,34.4706],[-120.238,34.4681],[-120.2578,34.4675],[-120.283,34.4684],[-120.2951,34.4706],[-120.2992,34.4697],[-120.3018,34.4671],[-120.3414,34.4588],[-120.442,34.4515],[-120.4514,34.4471],[-120.4714,34.4478],[-120.4766,34.4751],[-120.4804,34.4811],[-120.4905,34.4901],[-120.5002,34.5053],[-120.5114,34.523],[-120.5248,34.5313],[-120.5813,34.557],[-120.6084,34.5567],[-120.612,34.5536],[-120.6226,34.554],[-120.6378,34.5662],[-120.6457,34.581],[-120.6402,34.6044],[-120.6251,34.6345],[-120.602,34.6921],[-120.6004,34.7046],[-120.6017,34.7097],[-120.6149,34.7307],[-120.6263,34.7381],[-120.6374,34.7559],[-120.6291,34.7774],[-120.623,34.7933],[-120.6163,34.8163],[-120.6099,34.8428],[-120.6103,34.8582],[-120.6163,34.8667],[-120.6393,34.8804],[-120.6414,34.8903],[-120.6422,34.8941],[-120.6473,34.9011],[-120.6629,34.9012],[-120.6708,34.9041]]]]","MultiPolygon",-120.015341806806,34.6714050399296,-120.031011141,34.538251257
,"04019",8,,,,"{""Location"": {""kind"": ""electricalNetwork"", ""CoordinateSystem"": {""crsUrn"": ""EPSG:4326""}}}",,,,,"{""kind"": ""electricalNetwork"", ""CoordinateSystem"": {""crsUrn"": ""EPSG:4326""}}","electricalNetwork","TRICO ELECTRIC COOPERATIVE INC,19189","19189","Pima","Arizona","Feature","[[[[-113.3339,32.5052],[-112.5748,32.5061],[-112.2036,32.5067],[-111.7946,32.5066],[-111.7925,32.5066],[-111.5693,32.5068],[-111.4657,32.5013],[-111.3516,32.5014],[-111.2669,32.5016],[-111.2664,32.5016],[-111.1576,32.5016],[-111.1575,32.5113],[-111.0472,32.5114],[-110.9793,32.5113],[-110.9284,32.5112],[-110.9257,32.5112],[-110.9257,32.5114],[-110.8864,32.5115],[-110.8715,32.5114],[-110.8451,32.5139],[-110.7857,32.5138],[-110.6841,32.5138],[-110.6529,32.5138],[-110.4515,32.514],[-110.451,32.4275],[-110.4509,32.3409],[-110.451,32.2569],[-110.4499,32.0797],[-110.4513,31.9635],[-110.4513,31.9632],[-110.4523,31.7445],[-110.4523,31.7312],[-110.6596,31.7314],[-110.8558,31.7317],[-110.8804,31.7267],[-110.9432,31.7267],[-111.0388,31.7262],[-111.058,31.7262],[-111.1642,31.7259],[-111.1643,31.5649],[-111.1637,31.5217],[-111.1837,31.5208],[-111.3669,31.5214],[-111.3664,31.4261],[-111.5602,31.4881],[-111.6231,31.508],[-111.9794,31.6207],[-112.2461,31.7042],[-112.365,31.7411],[-112.3758,31.744],[-112.3881,31.748],[-112.3994,31.7518],[-112.6078,31.8158],[-112.8671,31.8955],[-113.126,31.9728],[-113.2173,32.0021],[-113.3338,32.0388],[-113.3339,32.4186],[-113.3339,32.5052]]]]","MultiPolygon",-111.790179841763,32.0975237350696,-111.789863994,32.097398704
,"20057",4,,,,"{""Location"": {""kind"": ""electricalNetwork"", ""CoordinateSystem"": {""crsUrn"": ""EPSG:4326""}}}",,,,,"{""kind"": ""electricalNetwork"", ""CoordinateSystem"": {""crsUrn"": ""EPSG:4326""}}","electricalNetwork","VICTORY ELECTRIC COOP ASSN INC,19820","19820","Ford","Kansas","Feature","[[[[-100.2271,37.914],[-99.5699,37.913],[-99.5706,37.8256],[-99.5603,37.8256],[-99.5595,37.7371],[-99.5596,37.7349],[-99.5561,37.4677],[-99.7745,37.4674],[-100.1072,37.4748],[-100.2162,37.4752],[-100.2148,37.7874],[-100.2146,37.8268],[-100.2274,37.8268],[-100.2271,37.914]]]]","MultiPolygon",-99.8881356266966,37.6918220146574,-99.887942378,37.691703629
,"20055",4,,,,"{""Location"": {""kind"": ""electricalNetwork"", ""CoordinateSystem"": {""crsUrn"": ""EPSG:4326""}}}",,,,,"{""kind"": ""electricalNetwork"", ""CoordinateSystem"": {""crsUrn"": ""EPSG:4326""}}","electricalNetwork","VICTORY ELECTRIC COOP ASSN INC,19820","19820","Finney","Kansas","Feature","[[[[-101.1033,38.2646],[-100.6847,38.2641],[-100.2444,38.2623],[-100.2271,38.2622],[-100.2266,38.001],[-100.6642,38.0025],[-100.665,37.8681],[-100.6652,37.8288],[-100.6517,37.8287],[-100.6523,37.7363],[-101.0897,37.7363],[-101.0899,37.8291],[-101.1038,37.829],[-101.1033,38.2646]]]]","MultiPolygon",-100.737646065991,38.0440536110275,-100.736990786,38.044304822
,"42129",127,,,"Data is preliminary and subject to change","{""cause"": """", ""Location"": {""kind"": ""electricalNetwork"", ""CoordinateSystem"": {""crsUrn"": ""EPSG:4326""}}}",,,,,"{""kind"": ""electricalNetwork"", ""CoordinateSystem"": {""crsUrn"": ""EPSG:4326""}}","electricalNetwork","WEST PENN POWER COMPANY,20387","20387","Westmoreland","Pennsylvania","Feature","[[[[-79.9049,40.1548],[-79.9003,40.1625],[-79.8933,40.165],[-79.8707,40.1621],[-79.8642,40.1618],[-79.856,40.1658],[-79.8504,40.1778],[-79.8577,40.1932],[-79.8714,40.1974],[-79.8393,40.2088],[-79.7826,40.2276],[-79.8069,40.2339],[-79.7903,40.2587],[-79.7875,40.2632],[-79.7962,40.276],[-79.7958,40.2811],[-79.7752,40.2879],[-79.7886,40.2977],[-79.782,40.3238],[-79.7744,40.3597],[-79.7736,40.3636],[-79.7711,40.3754],[-79.7639,40.3865],[-79.7621,40.3928],[-79.7386,40.3955],[-79.7343,40.3981],[-79.7278,40.4083],[-79.7222,40.4091],[-79.7276,40.4127],[-79.7047,40.4276],[-79.704,40.4437],[-79.7025,40.4773],[-79.7021,40.4895],[-79.7021,40.5218],[-79.7016,40.5254],[-79.7128,40.5329],[-79.7224,40.5422],[-79.7513,40.5518],[-79.7651,40.5492],[-79.7661,40.5508],[-79.7721,40.563],[-79.7745,40.5697],[-79.7708,40.5867],[-79.764,40.5929],[-79.7492,40.5989],[-79.7413,40.6008],[-79.7332,40.6031],[-79.7213,40.6082],[-79.7121,40.6191],[-79.6903,40.6409],[-79.6929,40.6696],[-79.6929,40.6697],[-79.6727,40.6773],[-79.6684,40.68],[-79.6381,40.6656],[-79.6361,40.6545],[-79.6095,40.6398],[-79.6092,40.6334],[-79.6101,40.631],[-79.6099,40.6283],[-79.609,40.626],[-79.6078,40.6253],[-79.6044,40.6244],[-79.6021,40.6245],[-79.5989,40.6261],[-79.5964,40.6283],[-79.5939,40.6315],[-79.5829,40.633],[-79.5896,40.6169],[-79.5844,40.607],[-79.5785,40.6014],[-79.561,40.606],[-79.5506,40.6039],[-79.5517,40.6019],[-79.5569,40.5992],[-79.5659,40.5934],[-79.5676,40.578],[-79.5611,40.5641],[-79.5262,40.5424],[-79.5119,40.5427],[-79.4971,40.5253],[-79.4643,40.5341],[-79.4502,40.5301],[-79.4599,40.518],[-79.4553,40.4973],[-79.4538,40.4843],[-79.4306,40.489],[-79.4236,40.4733],[-79.4066,40.4743],[-79.3955,40.4571],[-79.3737,40.4539],[-79.3651,40.4779],[-79.3623,40.4601],[-79.3459,40.4548],[-79.3384,40.47],[-79.3254,40.4527],[-79.3004,40.461],[-79.3013,40.4518],[-79.3013,40.4352],[-79.2726,40.4391],[-79.2737,40.4194],[-79.266,40.4164],[-79.2566,40.4202],[-79.2469,40.4322],[-79.1927,40.4149],[-79.1737,40.4106],[-79.1619,40.4108],[-79.1479,40.3976],[-79.117,40.3942],[-79.1216,40.3706],[-79.0968,40.3707],[-79.083,40.3896],[-79.0646,40.379],[-79.0486,40.3904],[-79.0277,40.4061],[-79.0293,40.4193],[-78.9889,40.412],[-78.9738,40.3954],[-78.974,40.3949],[-78.9741,40.3948],[-79.0103,40.3402],[-79.0338,40.3165],[-79.0376,40.307],[-79.0561,40.2849],[-79.0566,40.2786],[-79.0737,40.2648],[-79.0782,40.2524],[-79.0887,40.2413],[-79.1022,40.2323],[-79.1317,40.1797],[-79.143,40.18],[-79.1407,40.1633],[-79.1609,40.1611],[-79.1632,40.141],[-79.1726,40.1255],[-79.1852,40.1098],[-79.2138,40.118],[-79.2267,40.0983],[-79.2561,40.0883],[-79.2781,40.0505],[-79.2934,40.0403],[-79.2939,40.0404],[-79.3404,40.0426],[-79.3556,40.0744],[-79.4175,40.106],[-79.4211,40.1094],[-79.4376,40.1159],[-79.4615,40.1441],[-79.4847,40.1433],[-79.4885,40.1412],[-79.5052,40.1406],[-79.5276,40.1229],[-79.5355,40.126],[-79.5423,40.1119],[-79.5498,40.1106],[-79.5561,40.1129],[-79.5734,40.1042],[-79.585,40.101],[-79.5926,40.092],[-79.5925,40.0824],[-79.6226,40.0943],[-79.639,40.0829],[-79.6594,40.0973],[-79.6851,40.1136],[-79.7033,40.1095],[-79.707,40.1076],[-79.7444,40.1282],[-79.7509,40.1285],[-79.7803,40.1283],[-79.8166,40.1328],[-79.8429,40.128],[-79.8579,40.1282],[-79.8579,40.1281],[-79.8672,40.1278],[-79.8685,40.1282],[-79.8694,40.1281],[-79.8704,40.1292],[-79.875,40.1294],[-79.8779,40.127],[-79.8886,40.1324],[-79.8973,40.144],[-79.9021,40.1486],[-79.9042,40.152],[-79.9049,40.1548]]]]","MultiPolygon",-79.4668481490653,40.3107799991621,-79.466779632,40.31092914
,"56021",2,,,,"{""Location"": {""kind"": ""electricalNetwork"", ""CoordinateSystem"": {""crsUrn"": ""EPSG:4326""}}}",,,,,"{""kind"": ""electricalNetwork"", ""CoordinateSystem"": {""crsUrn"": ""EPSG:4326""}}","electricalNetwork","HIGH WEST ENERGY, INC,27058","27058","Laramie","Wyoming","Feature","[[[[-105.2782,41.6567],[-104.8433,41.6535],[-104.6533,41.653],[-104.653,41.565],[-104.2832,41.5645],[-104.0525,41.5643],[-104.0525,41.5527],[-104.0526,41.5526],[-104.0527,41.5412],[-104.0527,41.5391],[-104.0525,41.5223],[-104.0525,41.5158],[-104.0523,41.4179],[-104.0522,41.4077],[-104.0523,41.3933],[-104.0523,41.3932],[-104.0527,41.3306],[-104.0523,41.3211],[-104.0525,41.321],[-104.0526,41.3162],[-104.0525,41.2782],[-104.0526,41.278],[-104.0527,41.2753],[-104.0532,41.1999],[-104.0535,41.1573],[-104.0531,41.1145],[-104.0531,41.105],[-104.053,41.0903],[-104.0532,41.0897],[-104.0531,41.018],[-104.0532,41.0168],[-104.0532,41.0014],[-104.067,41.0015],[-104.0861,41.0016],[-104.1046,41.0015],[-104.1236,41.0016],[-104.2115,41.0016],[-104.2142,41.0016],[-104.2147,41.0017],[-104.4677,41.0015],[-104.4971,41.0018],[-104.4971,41.0018],[-104.676,41.001],[-104.773,40.9999],[-104.8295,40.9993],[-104.8553,40.998],[-104.9434,40.9981],[-105.2548,40.9982],[-105.2565,40.9982],[-105.2769,40.9982],[-105.2768,41.0418],[-105.2787,41.0456],[-105.2782,41.6567]]]]","MultiPolygon",-104.689171612404,41.3069899861075,-104.689620563,41.307067685
"Scheduled Outage","53057",14,"2026-10-07T05:47:49+00:00","awaitingCrewAssignment","None","{""cause"": ""Scheduled Outage"", ""Location"": {""kind"": ""electricalNetwork"", ""CoordinateSystem"": {""crsUrn"": ""EPSG:4326""}}}",,"{""ert"": ""0001-01-01T00:00:00Z""}","lineDown","Scheduled Outage","{""kind"": ""electricalNetwork"", ""CoordinateSystem"": {""crsUrn"": ""EPSG:4326""}}","electricalNetwork","Puget Sound Energy Inc,pugetsoundenergy","pugetsoundenergy","Skagit","Washington","Feature","[[[[-122.6536,48.549],[-122.6508,48.554],[-122.6524,48.5834],[-122.6494,48.5885],[-122.6426,48.5883],[-122.6293,48.5722],[-122.6108,48.5611],[-122.5929,48.5536],[-122.584,48.5515],[-122.5789,48.5481],[-122.573,48.529],[-122.5836,48.5323],[-122.5902,48.5363],[-122.5999,48.5369],[-122.6199,48.5292],[-122.6357,48.526],[-122.6404,48.5259],[-122.6493,48.5288],[-122.652,48.5313],[-122.6543,48.538],[-122.6536,48.549]]],[[[-122.6981,48.6231],[-122.6742,48.6299],[-122.657,48.6099],[-122.6661,48.6081],[-122.6661,48.6081],[-122.6768,48.6101],[-122.6861,48.6133],[-122.6993,48.6211],[-122.6981,48.6231]]],[[[-122.713,48.4788],[-122.7081,48.4869],[-122.7016,48.4976],[-122.6845,48.5091],[-122.6791,48.5078],[-122.6782,48.5065],[-122.6769,48.5045],[-122.6714,48.504],[-122.6365,48.5148],[-122.6155,48.5213],[-122.6152,48.5214],[-122.607,48.5222],[-122.6,48.5209],[-122.5985,48.5122],[-122.5862,48.5106],[-122.5681,48.5082],[-122.5609,48.5022],[-122.5568,48.4988],[-122.5374,48.4667],[-122.5328,48.4661],[-122.5279,48.4677],[-122.5269,48.468],[-122.5151,48.4656],[-122.5147,48.4652],[-122.5113,48.4618],[-122.5007,48.4609],[-122.4718,48.4707],[-122.4696,48.4722],[-122.4697,48.475],[-122.4738,48.4798],[-122.4789,48.4817],[-122.4835,48.4924],[-122.485,48.5096],[-122.484,48.52],[-122.4839,48.5219],[-122.4853,48.5281],[-122.4985,48.5562],[-122.5044,48.5648],[-122.5254,48.5673],[-122.532,48.5686],[-122.5347,48.5742],[-122.5348,48.576],[-122.5124,48.5781],[-122.4959,48.5759],[-122.4884,48.5647],[-122.4824,48.5597],[-122.4784,48.5593],[-122.4549,48.5668],[-122.4446,48.5701],[-122.4331,48.5816],[-122.4253,48.5995],[-122.4487,48.6226],[-122.4643,48.6257],[-122.4869,48.6431],[-122.4888,48.6454],[-122.3764,48.6452],[-122.3405,48.6452],[-122.2625,48.6455],[-122.2173,48.6457],[-122.1212,48.6454],[-121.7297,48.6435],[-120.9084,48.6409],[-120.9084,48.657],[-120.7519,48.657],[-120.7883,48.6251],[-120.7837,48.6019],[-120.7605,48.5828],[-120.7307,48.5823],[-120.7226,48.5961],[-120.6885,48.5757],[-120.7087,48.5418],[-120.7021,48.5316],[-120.7036,48.5264],[-120.7656,48.5089],[-120.7879,48.5071],[-120.8168,48.5196],[-120.8093,48.5286],[-120.8239,48.545],[-120.8574,48.5477],[-120.8632,48.5301],[-120.8854,48.5382],[-120.904,48.5334],[-120.9046,48.5237],[-120.9505,48.5296],[-120.9511,48.4996],[-120.9929,48.499],[-121.0011,48.4942],[-121.0362,48.4953],[-121.0497,48.4854],[-121.0633,48.46],[-121.041,48.4457],[-121.0377,48.4321],[-121.0658,48.3918],[-121.0435,48.364],[-121.0715,48.318],[-121.0017,48.296],[-121.6364,48.2985],[-121.8566,48.2975],[-121.9986,48.2975],[-122.1754,48.2972],[-122.2518,48.2975],[-122.304,48.2976],[-122.3532,48.2976],[-122.3783,48.2977],[-122.3843,48.3041],[-122.4087,48.3264],[-122.4241,48.3343],[-122.4427,48.3379],[-122.4755,48.3599],[-122.4786,48.3607],[-122.4824,48.3617],[-122.4921,48.3618],[-122.4977,48.3618],[-122.5074,48.3647],[-122.5291,48.3802],[-122.5335,48.3834],[-122.5394,48.3972],[-122.5475,48.3999],[-122.5545,48.406],[-122.5584,48.4268],[-122.5512,48.4395],[-122.5544,48.4421],[-122.5573,48.4444],[-122.5683,48.445],[-122.5753,48.4433],[-122.5816,48.4292],[-122.6127,48.4183],[-122.6548,48.4111],[-122.6653,48.4165],[-122.6742,48.4247],[-122.6789,48.4395],[-122.6771,48.4441],[-122.6742,48.4433],[-122.6741,48.442],[-122.6672,48.4425],[-122.6548,48.4541],[-122.6575,48.4715],[-122.6578,48.4729],[-122.6646,48.4781],[-122.6704,48.4778],[-122.6891,48.4768],[-122.6957,48.4648],[-122.6956,48.4606],[-122.7006,48.4576],[-122.7104,48.4616],[-122.7123,48.4641],[-122.713,48.4788]]],[[[-122.7399,48.5839],[-122.7249,48.6033],[-122.7145,48.6088],[-122.6947,48.5966],[-122.6917,48.5906],[-122.6706,48.5688],[-122.6894,48.5439],[-122.7164,48.5399],[-122.7173,48.5397],[-122.7224,48.5406],[-122.724,48.5499],[-122.7305,48.5656],[-122.7362,48.569],[-122.7394,48.5739],[-122.7399,48.5839]]]]","MultiPolygon",-121.732333093831,48.4795962795729,-121.801606829,48.482076113
"Pending Investigation","27011",1,"2026-10-07T06:19:00+00:00","awaitingCrewAssignment","Agralite Electric Coop","{""cause"": ""Pending Investigation"", ""Location"": {""kind"": ""electricalNetwork"", ""CoordinateSystem"": {""crsUrn"": ""EPSG:4326""}}}",0,,,"Pending Investigation","{""kind"": ""electricalNetwork"", ""CoordinateSystem"": {""crsUrn"": ""EPSG:4326""}}","electricalNetwork","AGRALITE ELECTRIC COOP,155","155","Big Stone","Minnesota","Feature","[[[[-96.8355,45.5861],[-96.3908,45.5855],[-96.253,45.5855],[-96.2414,45.5856],[-96.2413,45.4127],[-96.1171,45.412],[-96.1183,45.3918],[-96.1177,45.2398],[-96.1037,45.2398],[-96.1038,45.1767],[-96.1076,45.1832],[-96.1382,45.1933],[-96.173,45.1929],[-96.2262,45.2195],[-96.2766,45.2236],[-96.2835,45.247],[-96.372,45.2604],[-96.4105,45.2601],[-96.4191,45.2678],[-96.4529,45.2689],[-96.4529,45.2691],[-96.4528,45.2843],[-96.4531,45.2981],[-96.4541,45.3015],[-96.4569,45.3037],[-96.4578,45.3076],[-96.4619,45.3139],[-96.4666,45.3172],[-96.468,45.3186],[-96.4688,45.3206],[-96.4692,45.3249],[-96.4699,45.3258],[-96.4704,45.3266],[-96.4793,45.3396],[-96.4826,45.3463],[-96.4891,45.3571],[-96.502,45.3655],[-96.5081,45.3678],[-96.5218,45.3756],[-96.5309,45.3785],[-96.5397,45.3803],[-96.546,45.3811],[-96.5621,45.3861],[-96.5714,45.3899],[-96.5789,45.3923],[-96.5848,45.3957],[-96.6012,45.4032],[-96.6177,45.4081],[-96.6312,45.4092],[-96.6406,45.4092],[-96.6479,45.4101],[-96.6623,45.409],[-96.6703,45.4105],[-96.6754,45.4102],[-96.6805,45.4105],[-96.6838,45.4116],[-96.6925,45.4173],[-96.702,45.4262],[-96.7108,45.4369],[-96.7242,45.4515],[-96.7314,45.457],[-96.7327,45.4587],[-96.7368,45.4668],[-96.7384,45.4735],[-96.7425,45.4787],[-96.7435,45.4806],[-96.7437,45.4844],[-96.7455,45.4887],[-96.7529,45.5022],[-96.7606,45.5149],[-96.7653,45.5214],[-96.781,45.536],[-96.7849,45.5413],[-96.7938,45.5507],[-96.7991,45.5542],[-96.802,45.5554],[-96.8355,45.5861]]]]","MultiPolygon",-96.4112404047907,45.426494297386,-96.410947485,45.42610636
"Pending Investigation","27043",1,"2026-10-06T14:19:04+00:00","assigned","BENCO Electric Cooperative","{""cause"": ""Pending Investigation"", ""Location"": {""kind"": ""electricalNetwork"", ""CoordinateSystem"": {""crsUrn"": ""EPSG:4326""}}}",0,,,"Pending Investigation","{""kind"": ""electricalNetwork"", ""CoordinateSystem"": {""crsUrn"": ""EPSG:4326""}}","electricalNetwork","BENCO ELECTRIC COOPERATIVE,1884","1884","Faribault","Minnesota","Feature","[[[[-94.2479,43.5869],[-94.2479,43.6737],[-94.2479,43.7461],[-94.2475,43.7606],[-94.2471,43.8479],[-94.1086,43.8481],[-94.0026,43.8481],[-93.7678,43.848],[-93.6483,43.8481],[-93.6483,43.7679],[-93.6484,43.6734],[-93.6485,43.4996],[-93.6993,43.4996],[-93.7049,43.4996],[-93.7088,43.4996],[-93.7161,43.4996],[-93.7162,43.4996],[-93.7943,43.4995],[-93.7958,43.4995],[-93.9708,43.4996],[-94.0082,43.4998],[-94.0929,43.5003],[-94.0943,43.5003],[-94.1081,43.5003],[-94.1099,43.5003],[-94.248,43.5003],[-94.2479,43.5869]]]]","MultiPolygon",-93.9479319612746,43.6739185141945,-93.94799934,43.673928316
,"04005",16,"2026-10-07T06:46:00+00:00",,,"{""Location"": {""kind"": ""electricalNetwork"", ""CoordinateSystem"": {""crsUrn"": ""EPSG:4326""}}}",,"{""ert"": ""2026-10-07T12:15:00Z""}",,,"{""kind"": ""electricalNetwork"", ""CoordinateSystem"": {""crsUrn"": ""EPSG:4326""}}","electricalNetwork","ARIZONA PUBLIC SERVICE CO,803","803","Coconino","Arizona","Feature","[[[[-113.3542,36.0404],[-113.3474,36.055],[-113.332,36.0672],[-113.32,36.0968],[-113.2792,36.0973],[-113.2559,36.0885],[-113.2311,36.0895],[-113.2017,36.119],[-113.2053,36.1331],[-113.1992,36.1514],[-113.1548,36.1745],[-113.1371,36.1664],[-113.0955,36.1936],[-113.0528,36.2094],[-113.0362,36.2282],[-113.009,36.239],[-112.9812,36.2318],[-112.9318,36.2445],[-112.9255,36.2563],[-112.9029,36.2538],[-112.8843,36.2638],[-112.8761,36.2783],[-112.865,36.2824],[-112.8462,36.277],[-112.832,36.2855],[-112.8126,36.2886],[-112.7924,36.285],[-112.7863,36.302],[-112.7617,36.31],[-112.7581,36.3223],[-112.728,36.3179],[-112.7206,36.3228],[-112.724,36.346],[-112.6988,36.3553],[-112.6816,36.3417],[-112.6684,36.3466],[-112.651,36.3661],[-112.6491,36.3798],[-112.6295,36.3916],[-112.6241,36.41],[-112.632,36.4275],[-112.6445,36.4343],[-112.6413,36.4567],[-112.6288,36.4659],[-112.6218,36.4849],[-112.6281,36.4865],[-112.6357,36.4841],[-112.6421,36.5023],[-112.6562,36.5151],[-112.6531,36.5284],[-112.6603,36.5385],[-112.6536,36.5579],[-112.6332,36.5701],[-112.6209,36.5959],[-112.6227,36.6268],[-112.6387,36.6745],[-112.6288,36.6919],[-112.6311,36.7057],[-112.6122,36.7435],[-112.6209,36.7698],[-112.6148,36.7973],[-112.5998,36.81],[-112.6004,36.8319],[-112.5936,36.8323],[-112.5848,36.8475],[-112.5871,36.8571],[-112.5731,36.8729],[-112.5715,36.8926],[-112.5465,36.9164],[-112.545,36.9388],[-112.5293,36.9524],[-112.531,36.9672],[-112.5438,36.9827],[-112.5386,37.0007],[-112.3783,37.0011],[-112.3689,37.0011],[-112.3577,37.001],[-111.413,37.0015],[-111.4117,37.0015],[-111.4059,37.0015],[-111.4055,37.0015],[-111.3415,37.001],[-111.2783,37.0005],[-111.2549,37.0011],[-111.1337,37.0008],[-111.0665,37.0024],[-110.7507,37.0032],[-110.7507,36.4401],[-110.7507,36.4099],[-110.7507,35.5602],[-110.7507,35.5198],[-110.7507,35.5],[-110.7507,35.1702],[-110.7507,35.0416],[-110.7507,34.6367],[-110.7507,34.2647],[-110.7507,34.2633],[-110.767,34.259],[-110.7579,34.2793],[-110.7831,34.2999],[-110.7881,34.3091],[-110.811,34.2957],[-110.8459,34.3071],[-110.8203,34.2881],[-110.8376,34.2808],[-110.8259,34.2758],[-110.8476,34.2656],[-110.8774,34.2758],[-110.8969,34.3024],[-110.9076,34.3008],[-110.9461,34.3173],[-110.9589,34.3145],[-110.9759,34.3368],[-110.9973,34.3441],[-111.0038,34.3568],[-111.02,34.363],[-111.0332,34.3409],[-111.0567,34.3531],[-111.0397,34.3733],[-111.0967,34.3964],[-111.1183,34.383],[-111.1287,34.3904],[-111.1471,34.3752],[-111.1521,34.3943],[-111.1847,34.41],[-111.2096,34.4084],[-111.2222,34.4256],[-111.2399,34.4314],[-111.2509,34.4533],[-111.2615,34.4437],[-111.3081,34.4331],[-111.3283,34.4222],[-111.3541,34.4246],[-111.3519,34.441],[-111.3668,34.4403],[-111.3987,34.4277],[-111.4012,34.4109],[-111.4113,34.408],[-111.4034,34.3978],[-111.3864,34.3978],[-111.3876,34.3875],[-111.4185,34.3773],[-111.4247,34.3946],[-111.4231,34.4372],[-111.4052,34.4285],[-111.3987,34.4438],[-111.4356,34.4461],[-111.4513,34.4349],[-111.4645,34.4151],[-111.4753,34.4132],[-111.4797,34.4274],[-111.495,34.4339],[-111.5124,34.4157],[-111.5375,34.4125],[-111.5503,34.4191],[-111.5177,34.4304],[-111.5082,34.441],[-111.4714,34.4573],[-111.4859,34.4638],[-111.509,34.4547],[-111.5405,34.4568],[-111.5124,34.4678],[-111.5137,34.4919],[-111.5024,34.4981],[-111.5246,34.495],[-111.5214,34.4778],[-111.5488,34.4609],[-111.5547,34.4717],[-111.5546,34.4959],[-111.5531,34.5],[-111.5521,34.8025],[-111.6856,34.8035],[-111.726,34.8041],[-111.7589,34.8041],[-111.7676,34.8037],[-111.7783,34.8033],[-111.779,34.8416],[-111.7782,34.8635],[-111.7776,34.9772],[-111.7787,34.981],[-111.8091,34.9811],[-111.8253,34.9763],[-112.0007,34.9765],[-112.0081,34.9759],[-112.0219,34.9741],[-112.3231,34.973],[-112.3345,34.973],[-112.3348,34.9973],[-112.3358,35.1482],[-112.4423,35.1492],[-112.4421,35.2501],[-112.4424,35.2592],[-112.4729,35.2382],[-112.4996,35.2427],[-112.5418,35.2364],[-112.5774,35.2434],[-112.6018,35.2674],[-112.6206,35.2748],[-112.6194,35.2912],[-112.6265,35.2982],[-112.6452,35.2996],[-112.6605,35.2922],[-112.6702,35.303],[-112.6947,35.3117],[-112.7351,35.305],[-112.7549,35.3062],[-112.7618,35.3126],[-112.7851,35.3158],[-112.797,35.323],[-112.8898,35.3436],[-112.9532,35.3529],[-112.9614,35.3761],[-112.9769,35.3928],[-113.088,35.4535],[-113.1476,35.479],[-113.1589,35.4976],[-113.1763,35.5072],[-113.2186,35.5091],[-113.2679,35.5309],[-113.3342,35.5282],[-113.334,35.803],[-113.3269,35.8407],[-113.3105,35.8644],[-113.3112,35.8933],[-113.3349,35.9139],[-113.3255,35.9347],[-113.3286,35.9502],[-113.3171,35.9614],[-113.323,35.9767],[-113.3346,35.9795],[-113.3401,36.0033],[-113.3484,36.0131],[-113.3542,36.0404]]]]","MultiPolygon",-111.770577149727,35.8387928971912,-111.770521014,35.838724858
,"27007",1,,,,"{""Location"": {""kind"": ""electricalNetwork"", ""CoordinateSystem"": {""crsUrn"": ""EPSG:4326""}}}",,,,,"{""kind"": ""electricalNetwork"", ""CoordinateSystem"": {""crsUrn"": ""EPSG:4326""}}","electricalNetwork","BELTRAMI ELECTRIC COOP, INC,1529","1529","Beltrami","Minnesota","Feature","[[[[-95.6023,48.5389],[-95.4399,48.5399],[-95.4389,48.5399],[-95.3425,48.5402],[-95.212,48.5399],[-95.211,48.366],[-94.5594,48.3673],[-94.4287,48.3674],[-94.4252,48.3674],[-94.4237,48.0198],[-94.4185,47.8458],[-94.419,47.7925],[-94.4182,47.6721],[-94.4172,47.6692],[-94.4148,47.5428],[-94.4162,47.4449],[-94.4164,47.4118],[-94.6702,47.4102],[-94.6871,47.41],[-95.1832,47.4128],[-95.1847,47.5862],[-95.1849,47.6684],[-95.1903,47.6734],[-95.1943,47.6749],[-95.1938,47.8097],[-95.1935,47.8722],[-95.2233,47.8764],[-95.2551,47.8879],[-95.2734,47.9102],[-95.2779,47.927],[-95.2725,47.9596],[-95.2466,48.0049],[-95.2291,48.0201],[-95.5829,48.0207],[-95.5855,48.0207],[-95.5925,48.0207],[-95.5939,48.1729],[-95.5939,48.2235],[-95.6016,48.3654],[-95.6007,48.4956],[-95.6023,48.5389]]]]","MultiPolygon",-94.9384255652986,47.9740071822671,-94.937615743,47.973772237
,"36027",2,"2026-10-07T04:06:26+00:00","arrived","Based on reports from customers and field personnel, we predict the outages listed","{""Location"": {""kind"": ""electricalNetwork"", ""CoordinateSystem"": {""crsUrn"": ""EPSG:4326""}}}",,"{""ert"": ""2026-10-07T10:00:00Z""}",,,"{""kind"": ""electricalNetwork"", ""CoordinateSystem"": {""crsUrn"": ""EPSG:4326""}}","electricalNetwork","CENTRAL HUDSON GAS & ELEC CORP,3249","3249","Dutchess","New York","Feature","[[[[-73.9976,41.4751],[-73.9976,41.4872],[-73.995,41.4973],[-73.9972,41.5134],[-73.9975,41.5165],[-73.9945,41.5271],[-73.9879,41.5428],[-73.9779,41.5552],[-73.9619,41.5681],[-73.9547,41.5818],[-73.9533,41.59],[-73.9521,41.614],[-73.9526,41.6252],[-73.949,41.6448],[-73.9469,41.6564],[-73.947,41.6688],[-73.9425,41.6841],[-73.9467,41.6994],[-73.9461,41.7029],[-73.9444,41.7146],[-73.9423,41.7258],[-73.9411,41.736],[-73.9409,41.7549],[-73.9435,41.76],[-73.9466,41.7637],[-73.9516,41.7706],[-73.952,41.7905],[-73.9488,41.8495],[-73.9404,41.873],[-73.9456,41.8822],[-73.9618,41.9005],[-73.9644,41.9131],[-73.9611,41.9183],[-73.9579,41.922],[-73.9537,41.9527],[-73.9459,41.9776],[-73.9445,41.9818],[-73.94,41.999],[-73.9368,42.0067],[-73.9333,42.0185],[-73.9372,42.0303],[-73.9323,42.0616],[-73.9283,42.0668],[-73.9296,42.0788],[-73.9156,42.0809],[-73.8955,42.0752],[-73.845,42.0567],[-73.8185,42.0467],[-73.7557,42.0235],[-73.7338,42.0147],[-73.7109,42.0055],[-73.6422,41.995],[-73.556,41.9818],[-73.5271,41.978],[-73.5214,42.05],[-73.4969,42.0497],[-73.4873,42.0496],[-73.4896,42.0001],[-73.493,41.9585],[-73.4965,41.9224],[-73.4966,41.9217],[-73.4983,41.8925],[-73.4995,41.8819],[-73.502,41.8587],[-73.5049,41.8243],[-73.505,41.8238],[-73.508,41.7915],[-73.511,41.7587],[-73.511,41.7577],[-73.5119,41.7409],[-73.5168,41.6876],[-73.518,41.6709],[-73.5182,41.6667],[-73.52,41.6412],[-73.521,41.6198],[-73.521,41.6198],[-73.5301,41.5272],[-73.5802,41.5264],[-73.6043,41.5239],[-73.6205,41.522],[-73.6476,41.5183],[-73.6733,41.5147],[-73.7956,41.5023],[-73.8384,41.4984],[-73.8611,41.496],[-73.9019,41.4924],[-73.9338,41.4883],[-73.9779,41.4428],[-73.9815,41.4389],[-73.9948,41.4503],[-74.0001,41.4565],[-73.9976,41.4751]]]]","MultiPolygon",-73.7429906726059,41.7652670782151,-73.742857492,41.765163496
,"39085",3,,,"Data is preliminary and subject to change","{""cause"": """", ""Location"": {""kind"": ""electricalNetwork"", ""CoordinateSystem"": {""crsUrn"": ""EPSG:4326""}}}",,,,,"{""kind"": ""electricalNetwork"", ""CoordinateSystem"": {""crsUrn"": ""EPSG:4326""}}","electricalNetwork","CLEVELAND ELECTRIC ILLUM CO,3755","3755","Lake","Ohio","Feature","[[[[-81.4889,41.6268],[-81.4886,41.6313],[-81.466,41.6491],[-81.4626,41.6527],[-81.4477,41.668],[-81.4426,41.6733],[-81.437,41.6768],[-81.4314,41.6803],[-81.4088,41.6945],[-81.3886,41.7071],[-81.3675,41.7194],[-81.3532,41.7277],[-81.3016,41.7505],[-81.2889,41.7589],[-81.2869,41.7602],[-81.2803,41.76],[-81.2799,41.7599],[-81.2642,41.7581],[-81.2638,41.7582],[-81.2487,41.7613],[-81.1911,41.784],[-81.1844,41.7867],[-81.1129,41.8176],[-81.0989,41.8213],[-81.0956,41.8222],[-81.0927,41.823],[-81.0747,41.8303],[-81.0519,41.8396],[-81.0492,41.8402],[-81.0245,41.8465],[-81.0105,41.854],[-81.0027,41.8548],[-81.0021,41.8549],[-81.0028,41.7636],[-81.0048,41.7264],[-81.0036,41.7151],[-81.0509,41.7145],[-81.1023,41.7143],[-81.1014,41.6415],[-81.1749,41.6413],[-81.1912,41.6413],[-81.2947,41.6409],[-81.2952,41.5962],[-81.2959,41.5699],[-81.3488,41.5701],[-81.391,41.5697],[-81.4126,41.5697],[-81.4199,41.5699],[-81.4393,41.5699],[-81.4473,41.57],[-81.4878,41.5701],[-81.4879,41.5862],[-81.488,41.5882],[-81.4883,41.6033],[-81.4886,41.6174],[-81.4886,41.6181],[-81.4887,41.624],[-81.4889,41.6268]]]]","MultiPolygon",-81.236819161082,41.6970249003528,-81.250939238,41.910352126
,"37115",6,,,,"{""Location"": {""kind"": ""electricalNetwork"", ""CoordinateSystem"": {""crsUrn"": ""EPSG:4326""}}}",,,,,"{""kind"": ""electricalNetwork"", ""CoordinateSystem"": {""crsUrn"": ""EPSG:4326""}}","electricalNetwork","FRENCH BROAD ELEC MEMBER CORP,6784","6784","Madison","North Carolina","Feature","[[[[-82.9622,35.7928],[-82.9628,35.7951],[-82.9617,35.8005],[-82.959,35.8033],[-82.9561,35.8079],[-82.9558,35.8098],[-82.952,35.8162],[-82.9455,35.8247],[-82.9438,35.8256],[-82.9374,35.8273],[-82.9332,35.8329],[-82.9319,35.8364],[-82.9276,35.8386],[-82.9234,35.8393],[-82.9202,35.8417],[-82.9191,35.8449],[-82.921,35.8511],[-82.9194,35.8605],[-82.9183,35.864],[-82.9165,35.8661],[-82.9013,35.8726],[-82.8997,35.8746],[-82.8992,35.8775],[-82.8997,35.8799],[-82.901,35.8823],[-82.904,35.8855],[-82.9037,35.8876],[-82.9018,35.8903],[-82.9018,35.8929],[-82.9045,35.897],[-82.9069,35.9074],[-82.9117,35.9147],[-82.9119,35.9216],[-82.9114,35.9259],[-82.9106,35.9269],[-82.9064,35.9272],[-82.9034,35.9285],[-82.9024,35.9299],[-82.9016,35.9314],[-82.9017,35.9377],[-82.8985,35.9451],[-82.8985,35.9451],[-82.8969,35.9446],[-82.8927,35.9452],[-82.8839,35.9492],[-82.8742,35.9527],[-82.8707,35.952],[-82.8693,35.9506],[-82.8607,35.9474],[-82.8526,35.9491],[-82.8498,35.9478],[-82.8413,35.9417],[-82.84,35.9402],[-82.8333,35.935],[-82.8301,35.933],[-82.8289,35.9329],[-82.826,35.9297],[-82.8226,35.9225],[-82.8219,35.9218],[-82.8161,35.924],[-82.8111,35.9268],[-82.809,35.9272],[-82.805,35.9272],[-82.8029,35.929],[-82.8028,35.9301],[-82.8058,35.9353],[-82.8062,35.9369],[-82.8059,35.9379],[-82.8004,35.9442],[-82.7876,35.9521],[-82.7875,35.9522],[-82.7852,35.9592],[-82.7854,35.9625],[-82.7845,35.9639],[-82.7831,35.965],[-82.7778,35.9669],[-82.7749,35.972],[-82.7764,35.9739],[-82.7786,35.9748],[-82.7803,35.9744],[-82.7818,35.9746],[-82.7856,35.9778],[-82.7853,35.9871],[-82.7853,35.9879],[-82.7794,35.9925],[-82.7786,35.997],[-82.7773,35.9988],[-82.776,36.0001],[-82.7654,36.003],[-82.7592,36.0042],[-82.7545,36.0043],[-82.7501,36.006],[-82.7319,36.0176],[-82.7279,36.0185],[-82.7251,36.0182],[-82.716,36.0228],[-82.7154,36.0243],[-82.7156,36.0269],[-82.7152,36.0286],[-82.7075,36.0301],[-82.7032,36.0324],[-82.7011,36.0344],[-82.6889,36.0386],[-82.6856,36.042],[-82.6848,36.045],[-82.6836,36.0461],[-82.673,36.0504],[-82.6684,36.0529],[-82.6627,36.055],[-82.6572,36.0566],[-82.6548,36.0562],[-82.6502,36.0578],[-82.6436,36.0628],[-82.6372,36.0658],[-82.6323,36.0657],[-82.6284,36.0621],[-82.6187,36.0561],[-82.6173,36.0542],[-82.6181,36.0512],[-82.6182,36.047],[-82.6136,36.0464],[-82.6097,36.0449],[-82.6062,36.041],[-82.6029,36.0398],[-82.6007,36.0374],[-82.5988,36.0342],[-82.5962,36.0319],[-82.5949,36.0296],[-82.5955,36.026],[-82.6001,36.0218],[-82.6043,36.0182],[-82.6119,36.0062],[-82.6139,36.0047],[-82.6144,36.0035],[-82.6151,36.0003],[-82.613,35.994],[-82.6126,35.9935],[-82.6069,35.9922],[-82.6042,35.9873],[-82.6067,35.9844],[-82.6109,35.9744],[-82.6116,35.9714],[-82.6109,35.9674],[-82.6078,35.966],[-82.6004,35.9646],[-82.5949,35.9653],[-82.592,35.9664],[-82.581,35.9656],[-82.5777,35.9642],[-82.5767,35.9593],[-82.5752,35.9584],[-82.5675,35.9556],[-82.5579,35.9539],[-82.5532,35.9606],[-82.5497,35.9643],[-82.5425,35.968],[-82.5393,35.9691],[-82.5348,35.9699],[-82.5313,35.9722],[-82.5227,35.9734],[-82.5207,35.9746],[-82.5164,35.976],[-82.5126,35.9757],[-82.5071,35.9775],[-82.5055,35.9777],[-82.4962,35.9566],[-82.4803,35.9499],[-82.4985,35.9302],[-82.4933,35.9083],[-82.4748,35.9092],[-82.4487,35.8969],[-82.4176,35.8594],[-82.4196,35.8433],[-82.4086,35.8182],[-82.4179,35.8134],[-82.4317,35.8119],[-82.4353,35.8086],[-82.4638,35.8096],[-82.4761,35.7983],[-82.5122,35.8033],[-82.5282,35.7977],[-82.5387,35.7916],[-82.5449,35.7895],[-82.5799,35.7748],[-82.6153,35.7598],[-82.6662,35.7383],[-82.6692,35.7261],[-82.7123,35.7329],[-82.7138,35.7178],[-82.731,35.7224],[-82.754,35.7035],[-82.7948,35.6958],[-82.8071,35.6859],[-82.8469,35.7014],[-82.8541,35.6995],[-82.8839,35.6782],[-82.9011,35.6849],[-82.8986,35.7037],[-82.9104,35.7162],[-82.9176,35.7448],[-82.9479,35.7389],[-82.9571,35.7467],[-82.9501,35.7664],[-82.9629,35.7917],[-82.9622,35.7928]]]]","MultiPolygon",-82.7057879444013,35.8579929239927,-82.705758262,35.858035807
,"37199",4,,,,"{""Location"": {""kind"": ""electricalNetwork"", ""CoordinateSystem"": {""crsUrn"": ""EPSG:4326""}}}",,,,,"{""kind"": ""electricalNetwork"", ""CoordinateSystem"": {""crsUrn"": ""EPSG:4326""}}","electricalNetwork","FRENCH BROAD ELEC MEMBER CORP,6784","6784","Yancey","North Carolina","Feature","[[[[-82.5054,35.9777],[-82.5002,35.9826],[-82.4875,35.9916],[-82.4874,35.9916],[-82.4847,35.9928],[-82.4837,35.9939],[-82.4835,35.9963],[-82.4823,35.9978],[-82.4742,36.0001],[-82.4646,36.0065],[-82.4607,36.0078],[-82.4167,36.0728],[-82.3991,36.0819],[-82.3801,36.0707],[-82.352,36.0845],[-82.3364,36.0527],[-82.3382,36.0301],[-82.3236,36.0292],[-82.321,36.0262],[-82.3008,36.0458],[-82.2681,36.0166],[-82.2733,36.0029],[-82.2495,35.9895],[-82.253,36.008],[-82.2288,36.013],[-82.1986,36.0158],[-82.1863,35.961],[-82.1977,35.9527],[-82.1697,35.9286],[-82.1483,35.9329],[-82.1548,35.9148],[-82.1431,35.9052],[-82.1469,35.902],[-82.1462,35.8634],[-82.1403,35.8426],[-82.1483,35.8227],[-82.1335,35.8233],[-82.1676,35.7896],[-82.1646,35.7707],[-82.1934,35.7353],[-82.2428,35.7124],[-82.2578,35.6989],[-82.2754,35.7044],[-82.2796,35.7178],[-82.2847,35.7255],[-82.3131,35.7336],[-82.3351,35.7494],[-82.3462,35.7862],[-82.3383,35.8017],[-82.3687,35.8201],[-82.382,35.824],[-82.4086,35.8182],[-82.4196,35.8433],[-82.4176,35.8594],[-82.4487,35.8969],[-82.4748,35.9092],[-82.4933,35.9083],[-82.4985,35.9302],[-82.4803,35.9499],[-82.4962,35.9566],[-82.5055,35.9777],[-82.5054,35.9777]]]]","MultiPolygon",-82.3076941461701,35.8991764909611,-82.307627978,35.898947992
,"48201",8,"2026-10-07T02:42:00+00:00","Pending Assessment",,"{""Location"": {""kind"": ""electricalNetwork"", ""CoordinateSystem"": {""crsUrn"": ""EPSG:4326""}}}",,,,,"{""kind"": ""electricalNetwork"", ""CoordinateSystem"": {""crsUrn"": ""EPSG:4326""}}","electricalNetwork","CENTERPOINT ENERGY,8901","8901","Harris","Texas","Feature","[[[[-95.9471,30.1545],[-95.9446,30.1483],[-95.8908,30.119],[-95.8741,30.1222],[-95.8447,30.0889],[-95.8286,30.0818],[-95.8033,30.0901],[-95.7893,30.0945],[-95.7632,30.0869],[-95.7552,30.0921],[-95.7496,30.0954],[-95.7339,30.0935],[-95.7071,30.1029],[-95.7021,30.099],[-95.6542,30.1092],[-95.6457,30.1192],[-95.6369,30.1264],[-95.6287,30.1278],[-95.6241,30.1267],[-95.6196,30.1355],[-95.6021,30.1327],[-95.5968,30.1345],[-95.5909,30.1361],[-95.5746,30.1518],[-95.5522,30.1705],[-95.5414,30.1703],[-95.5185,30.1522],[-95.5047,30.1451],[-95.5016,30.144],[-95.4974,30.1362],[-95.4913,30.1108],[-95.4873,30.108],[-95.4538,30.1046],[-95.4521,30.1077],[-95.4366,30.1104],[-95.4242,30.1155],[-95.422,30.1097],[-95.41,30.0928],[-95.4054,30.0921],[-95.3917,30.0827],[-95.3746,30.0862],[-95.3667,30.0776],[-95.3536,30.0763],[-95.3095,30.0456],[-95.311,30.0329],[-95.3069,30.0311],[-95.3024,30.0323],[-95.2847,30.0299],[-95.272,30.0324],[-95.2638,30.0324],[-95.2637,30.0325],[-95.2548,30.0396],[-95.2419,30.0498],[-95.2191,30.0685],[-95.2113,30.0745],[-95.2003,30.0834],[-95.1957,30.0873],[-95.1805,30.0995],[-95.1245,30.1445],[-95.1236,30.1454],[-95.0967,30.1672],[-95.0726,30.1031],[-95.0485,30.0387],[-95.0309,29.9937],[-95.0268,29.9967],[-94.9998,29.9913],[-94.9859,29.973],[-94.9987,29.9198],[-94.9845,29.8943],[-94.9815,29.8843],[-94.9768,29.868],[-94.9471,29.8495],[-94.9346,29.8343],[-94.909,29.8267],[-94.9098,29.8212],[-94.9229,29.8024],[-94.9166,29.7703],[-94.9132,29.7674],[-94.9286,29.7412],[-94.9392,29.7268],[-94.9299,29.6974],[-94.9156,29.6978],[-94.9312,29.6739],[-94.9342,29.6787],[-94.9361,29.6927],[-94.9427,29.6978],[-94.9567,29.6993],[-94.966,29.7003],[-94.9727,29.6849],[-94.9801,29.6791],[-94.9819,29.6777],[-95.0054,29.6594],[-95.0117,29.6498],[-95.0144,29.6428],[-95.0156,29.6395],[-95.0135,29.6292],[-94.9991,29.618],[-94.9889,29.6101],[-94.9827,29.6013],[-94.9863,29.5956],[-94.989,29.5912],[-95.0077,29.5743],[-95.0161,29.5593],[-95.0166,29.5585],[-95.0183,29.5549],[-95.0182,29.5546],[-95.017,29.5486],[-95.0176,29.5485],[-95.0231,29.5494],[-95.0354,29.5531],[-95.0501,29.5585],[-95.0572,29.5591],[-95.0643,29.5588],[-95.069,29.5564],[-95.0743,29.5482],[-95.0783,29.5473],[-95.0794,29.5436],[-95.0796,29.5344],[-95.0923,29.5343],[-95.0963,29.5352],[-95.0981,29.5183],[-95.1024,29.5214],[-95.1055,29.5103],[-95.1172,29.5081],[-95.1229,29.5105],[-95.1607,29.4975],[-95.1675,29.5125],[-95.1788,29.518],[-95.1863,29.5234],[-95.1951,29.5436],[-95.1972,29.542],[-95.2,29.5541],[-95.1932,29.5595],[-95.201,29.5632],[-95.2163,29.5558],[-95.216,29.5578],[-95.238,29.5614],[-95.254,29.5539],[-95.2525,29.5608],[-95.2587,29.5733],[-95.2603,29.5899],[-95.2663,29.5946],[-95.2738,29.5944],[-95.2865,29.5979],[-95.2972,29.5965],[-95.2974,29.5965],[-95.3323,29.5989],[-95.3368,29.5954],[-95.3464,29.5855],[-95.3519,29.5855],[-95.3762,29.5883],[-95.386,29.5856],[-95.3865,29.5856],[-95.3933,29.5817],[-95.4243,29.5803],[-95.431,29.5835],[-95.465,29.5996],[-95.4844,29.6085],[-95.4927,29.6124],[-95.495,29.6134],[-95.5086,29.6197],[-95.5208,29.6254],[-95.521,29.6255],[-95.5577,29.6424],[-95.5714,29.6487],[-95.5827,29.654],[-95.5971,29.6606],[-95.5978,29.661],[-95.6055,29.6645],[-95.6161,29.6704],[-95.6232,29.6743],[-95.6342,29.6806],[-95.6347,29.6808],[-95.6436,29.6859],[-95.6647,29.6975],[-95.6757,29.7037],[-95.6834,29.708],[-95.6871,29.7101],[-95.6883,29.7109],[-95.7082,29.7219],[-95.7112,29.7235],[-95.7304,29.7343],[-95.7336,29.7363],[-95.7387,29.7393],[-95.7514,29.7465],[-95.7664,29.7548],[-95.7707,29.7573],[-95.7761,29.7606],[-95.7764,29.7608],[-95.7867,29.7666],[-95.8124,29.781],[-95.826,29.7886],[-95.8302,29.8004],[-95.8411,29.8311],[-95.8569,29.8746],[-95.869,29.9088],[-95.9023,30.0022],[-95.9186,30.0469],[-95.9212,30.0553],[-95.9215,30.064],[-95.9366,30.096],[-95.9607,30.1634],[-95.9471,30.1545]]]]","MultiPolygon",-95.3930152863161,29.8574661549994,-95.392315926,29.857282527
,"48201",1,"2026-10-07T11:24:00+00:00","Pending Assessment",,"{""Location"": {""kind"": ""electricalNetwork"", ""CoordinateSystem"": {""crsUrn"": ""EPSG:4326""}}}",,,,,"{""kind"": ""electricalNetwork"", ""CoordinateSystem"": {""crsUrn"": ""EPSG:4326""}}","electricalNetwork","CENTERPOINT ENERGY,8901","8901","Harris","Texas","Feature","[[[[-95.9471,30.1545],[-95.9446,30.1483],[-95.8908,30.119],[-95.8741,30.1222],[-95.8447,30.0889],[-95.8286,30.0818],[-95.8033,30.0901],[-95.7893,30.0945],[-95.7632,30.0869],[-95.7552,30.0921],[-95.7496,30.0954],[-95.7339,30.0935],[-95.7071,30.1029],[-95.7021,30.099],[-95.6542,30.1092],[-95.6457,30.1192],[-95.6369,30.1264],[-95.6287,30.1278],[-95.6241,30.1267],[-95.6196,30.1355],[-95.6021,30.1327],[-95.5968,30.1345],[-95.5909,30.1361],[-95.5746,30.1518],[-95.5522,30.1705],[-95.5414,30.1703],[-95.5185,30.1522],[-95.5047,30.1451],[-95.5016,30.144],[-95.4974,30.1362],[-95.4913,30.1108],[-95.4873,30.108],[-95.4538,30.1046],[-95.4521,30.1077],[-95.4366,30.1104],[-95.4242,30.1155],[-95.422,30.1097],[-95.41,30.0928],[-95.4054,30.0921],[-95.3917,30.0827],[-95.3746,30.0862],[-95.3667,30.0776],[-95.3536,30.0763],[-95.3095,30.0456],[-95.311,30.0329],[-95.3069,30.0311],[-95.3024,30.0323],[-95.2847,30.0299],[-95.272,30.0324],[-95.2638,30.0324],[-95.2637,30.0325],[-95.2548,30.0396],[-95.2419,30.0498],[-95.2191,30.0685],[-95.2113,30.0745],[-95.2003,30.0834],[-95.1957,30.0873],[-95.1805,30.0995],[-95.1245,30.1445],[-95.1236,30.1454],[-95.0967,30.1672],[-95.0726,30.1031],[-95.0485,30.0387],[-95.0309,29.9937],[-95.0268,29.9967],[-94.9998,29.9913],[-94.9859,29.973],[-94.9987,29.9198],[-94.9845,29.8943],[-94.9815,29.8843],[-94.9768,29.868],[-94.9471,29.8495],[-94.9346,29.8343],[-94.909,29.8267],[-94.9098,29.8212],[-94.9229,29.8024],[-94.9166,29.7703],[-94.9132,29.7674],[-94.9286,29.7412],[-94.9392,29.7268],[-94.9299,29.6974],[-94.9156,29.6978],[-94.9312,29.6739],[-94.9342,29.6787],[-94.9361,29.6927],[-94.9427,29.6978],[-94.9567,29.6993],[-94.966,29.7003],[-94.9727,29.6849],[-94.9801,29.6791],[-94.9819,29.6777],[-95.0054,29.6594],[-95.0117,29.6498],[-95.0144,29.6428],[-95.0156,29.6395],[-95.0135,29.6292],[-94.9991,29.618],[-94.9889,29.6101],[-94.9827,29.6013],[-94.9863,29.5956],[-94.989,29.5912],[-95.0077,29.5743],[-95.0161,29.5593],[-95.0166,29.5585],[-95.0183,29.5549],[-95.0182,29.5546],[-95.017,29.5486],[-95.0176,29.5485],[-95.0231,29.5494],[-95.0354,29.5531],[-95.0501,29.5585],[-95.0572,29.5591],[-95.0643,29.5588],[-95.069,29.5564],[-95.0743,29.5482],[-95.0783,29.5473],[-95.0794,29.5436],[-95.0796,29.5344],[-95.0923,29.5343],[-95.0963,29.5352],[-95.0981,29.5183],[-95.1024,29.5214],[-95.1055,29.5103],[-95.1172,29.5081],[-95.1229,29.5105],[-95.1607,29.4975],[-95.1675,29.5125],[-95.1788,29.518],[-95.1863,29.5234],[-95.1951,29.5436],[-95.1972,29.542],[-95.2,29.5541],[-95.1932,29.5595],[-95.201,29.5632],[-95.2163,29.5558],[-95.216,29.5578],[-95.238,29.5614],[-95.254,29.5539],[-95.2525,29.5608],[-95.2587,29.5733],[-95.2603,29.5899],[-95.2663,29.5946],[-95.2738,29.5944],[-95.2865,29.5979],[-95.2972,29.5965],[-95.2974,29.5965],[-95.3323,29.5989],[-95.3368,29.5954],[-95.3464,29.5855],[-95.3519,29.5855],[-95.3762,29.5883],[-95.386,29.5856],[-95.3865,29.5856],[-95.3933,29.5817],[-95.4243,29.5803],[-95.431,29.5835],[-95.465,29.5996],[-95.4844,29.6085],[-95.4927,29.6124],[-95.495,29.6134],[-95.5086,29.6197],[-95.5208,29.6254],[-95.521,29.6255],[-95.5577,29.6424],[-95.5714,29.6487],[-95.5827,29.654],[-95.5971,29.6606],[-95.5978,29.661],[-95.6055,29.6645],[-95.6161,29.6704],[-95.6232,29.6743],[-95.6342,29.6806],[-95.6347,29.6808],[-95.6436,29.6859],[-95.6647,29.6975],[-95.6757,29.7037],[-95.6834,29.708],[-95.6871,29.7101],[-95.6883,29.7109],[-95.7082,29.7219],[-95.7112,29.7235],[-95.7304,29.7343],[-95.7336,29.7363],[-95.7387,29.7393],[-95.7514,29.7465],[-95.7664,29.7548],[-95.7707,29.7573],[-95.7761,29.7606],[-95.7764,29.7608],[-95.7867,29.7666],[-95.8124,29.781],[-95.826,29.7886],[-95.8302,29.8004],[-95.8411,29.8311],[-95.8569,29.8746],[-95.869,29.9088],[-95.9023,30.0022],[-95.9186,30.0469],[-95.9212,30.0553],[-95.9215,30.064],[-95.9366,30.096],[-95.9607,30.1634],[-95.9471,30.1545]]]]","MultiPolygon",-95.3930152863161,29.8574661549994,-95.392315926,29.857282527
,"48039",1,"2026-10-07T10:21:00+00:00","Pending Assessment",,"{""Location"": {""kind"": ""electricalNetwork"", ""CoordinateSystem"": {""crsUrn"": ""EPSG:4326""}}}",,,,,"{""kind"": ""electricalNetwork"", ""CoordinateSystem"": {""crsUrn"": ""EPSG:4326""}}","electricalNetwork","CENTERPOINT ENERGY,8901","8901","Brazoria","Texas","Feature","[[[[-95.874,29.2297],[-95.8419,29.2587],[-95.8477,29.2626],[-95.7978,29.308],[-95.784,29.2962],[-95.7472,29.3227],[-95.6728,29.2995],[-95.6544,29.2909],[-95.6265,29.2931],[-95.6279,29.3091],[-95.6039,29.3304],[-95.5908,29.3275],[-95.5788,29.3421],[-95.5826,29.3499],[-95.5741,29.3547],[-95.5771,29.3681],[-95.5673,29.3897],[-95.5476,29.3952],[-95.5559,29.4253],[-95.5506,29.4383],[-95.4626,29.4392],[-95.4463,29.4996],[-95.4434,29.5102],[-95.4372,29.5328],[-95.4353,29.5399],[-95.4312,29.555],[-95.4268,29.5712],[-95.4246,29.5793],[-95.4243,29.5803],[-95.3933,29.5817],[-95.3865,29.5856],[-95.386,29.5856],[-95.3762,29.5883],[-95.3519,29.5855],[-95.3464,29.5855],[-95.3368,29.5954],[-95.3323,29.5989],[-95.2974,29.5965],[-95.2972,29.5965],[-95.2865,29.5979],[-95.2738,29.5944],[-95.2663,29.5946],[-95.2603,29.5899],[-95.2587,29.5733],[-95.2525,29.5608],[-95.254,29.5539],[-95.238,29.5614],[-95.216,29.5578],[-95.2163,29.5558],[-95.2191,29.5412],[-95.2231,29.5186],[-95.2232,29.5177],[-95.2233,29.5175],[-95.2317,29.4726],[-95.2298,29.4607],[-95.2093,29.43],[-95.1959,29.4095],[-95.1922,29.4044],[-95.1835,29.3912],[-95.1468,29.3365],[-95.1197,29.2958],[-95.0587,29.2032],[-95.0991,29.1735],[-95.1128,29.1957],[-95.138,29.1948],[-95.1585,29.1891],[-95.1552,29.1515],[-95.1571,29.1468],[-95.1628,29.1333],[-95.1653,29.1136],[-95.1448,29.0908],[-95.1056,29.123],[-95.1299,29.0856],[-95.1193,29.0778],[-95.1225,29.074],[-95.1251,29.0673],[-95.1914,29.0231],[-95.2389,28.9886],[-95.2723,28.9615],[-95.2966,28.9347],[-95.2971,28.9341],[-95.2974,28.934],[-95.3047,28.9306],[-95.3097,28.9283],[-95.3535,28.8981],[-95.377,28.8762],[-95.3824,28.8663],[-95.4162,28.8595],[-95.4367,28.8591],[-95.4396,28.859],[-95.4868,28.8363],[-95.5073,28.8256],[-95.504,28.8375],[-95.5305,28.8291],[-95.573,28.8324],[-95.5792,28.8596],[-95.6232,28.8937],[-95.6417,28.9037],[-95.6519,28.9257],[-95.6458,28.9389],[-95.6554,28.9517],[-95.6796,28.9657],[-95.6905,28.9647],[-95.7055,28.9686],[-95.768,28.9696],[-95.7672,28.9887],[-95.7783,28.9971],[-95.7799,29.0275],[-95.7854,29.039],[-95.765,29.0605],[-95.7893,29.07],[-95.8058,29.0904],[-95.829,29.0889],[-95.8419,29.0991],[-95.8463,29.1078],[-95.8375,29.1299],[-95.8507,29.1519],[-95.8484,29.1654],[-95.8384,29.1766],[-95.8578,29.1933],[-95.8447,29.2047],[-95.874,29.2297]]]]","MultiPolygon",-95.4512838215284,29.1895857693753,-95.434267805,29.167844718
,"47099",1,,,,"{""Location"": {""kind"": ""electricalNetwork"", ""CoordinateSystem"": {""crsUrn"": ""EPSG:4326""}}}",,,,,"{""kind"": ""electricalNetwork"", ""CoordinateSystem"": {""crsUrn"": ""EPSG:4326""}}","electricalNetwork","CITY OF LAWRENCEBURG,10799","10799","Lawrence","Tennessee","Feature","[[[[-87.6119,35.019],[-87.6057,35.0359],[-87.5786,35.0349],[-87.5727,35.0491],[-87.5888,35.0584],[-87.5904,35.1428],[-87.5727,35.1905],[-87.5786,35.1871],[-87.5788,35.2219],[-87.5787,35.2446],[-87.5754,35.3985],[-87.5168,35.3982],[-87.5096,35.4147],[-87.4488,35.4206],[-87.4485,35.4578],[-87.3258,35.4564],[-87.3269,35.4477],[-87.2945,35.4447],[-87.2795,35.4393],[-87.2279,35.4293],[-87.2263,35.4405],[-87.2066,35.4332],[-87.215,35.3813],[-87.2143,35.3639],[-87.2142,35.3373],[-87.2151,35.2958],[-87.2324,35.2877],[-87.2153,35.2866],[-87.216,35.2685],[-87.2191,35.2275],[-87.2138,35.2216],[-87.2196,35.2187],[-87.2095,35.2091],[-87.2216,35.1733],[-87.2149,35.1655],[-87.1987,35.1517],[-87.2084,35.1365],[-87.2025,35.1217],[-87.214,35.1233],[-87.2144,35.1043],[-87.2113,35.1039],[-87.218,35.0953],[-87.2249,35.0465],[-87.2241,34.9993],[-87.2305,34.9995],[-87.27,35.0004],[-87.2992,35.0009],[-87.3493,35.0017],[-87.3493,35.0017],[-87.3593,35.0018],[-87.3593,35.0018],[-87.3811,35.0021],[-87.3913,35.0024],[-87.4174,35.0027],[-87.4215,35.0027],[-87.4286,35.0028],[-87.4371,35.0028],[-87.4929,35.0031],[-87.5775,35.0035],[-87.6062,35.0036],[-87.6119,35.019]]]]","MultiPolygon",-87.395712438678,35.217329001516,-87.395584437,35.217274354
,"27137",7,,,,"{""Location"": {""kind"": ""electricalNetwork"", ""CoordinateSystem"": {""crsUrn"": ""EPSG:4326""}}}",,,,,"{""kind"": ""electricalNetwork"", ""CoordinateSystem"": {""crsUrn"": ""EPSG:4326""}}","electricalNetwork","LAKE COUNTRY POWER,10697","10697","St. Louis","Minnesota","Feature","[[[[-93.098,48.2425],[-93.0886,48.6276],[-93.0884,48.6276],[-92.985,48.6237],[-92.9549,48.6315],[-92.9501,48.6304],[-92.9498,48.6083],[-92.9296,48.6069],[-92.9099,48.5963],[-92.8947,48.5949],[-92.728,48.5393],[-92.6579,48.5463],[-92.6349,48.5429],[-92.6278,48.5222],[-92.6257,48.5182],[-92.6255,48.5175],[-92.6266,48.5144],[-92.6264,48.5136],[-92.6252,48.513],[-92.6254,48.5129],[-92.6311,48.5083],[-92.6311,48.5081],[-92.6315,48.5068],[-92.6291,48.5053],[-92.6272,48.5034],[-92.6306,48.5009],[-92.6367,48.4994],[-92.6471,48.4999],[-92.654,48.5016],[-92.6614,48.4966],[-92.6849,48.4976],[-92.6988,48.4949],[-92.7013,48.4846],[-92.7093,48.4731],[-92.7086,48.4703],[-92.7126,48.463],[-92.688,48.4439],[-92.6633,48.4402],[-92.656,48.4367],[-92.5756,48.4408],[-92.5372,48.4477],[-92.5149,48.4483],[-92.5073,48.4479],[-92.4921,48.4337],[-92.4892,48.4303],[-92.4841,48.4295],[-92.4821,48.4287],[-92.4808,48.4266],[-92.4812,48.4253],[-92.4756,48.4188],[-92.4563,48.4142],[-92.4564,48.4011],[-92.4767,48.3718],[-92.4699,48.3518],[-92.4585,48.3361],[-92.4537,48.3295],[-92.4413,48.3156],[-92.4378,48.3098],[-92.432,48.3051],[-92.4289,48.3058],[-92.4261,48.3045],[-92.4163,48.2955],[-92.4067,48.2794],[-92.3976,48.2655],[-92.3938,48.2606],[-92.3893,48.2533],[-92.387,48.2493],[-92.3881,48.2467],[-92.3872,48.2446],[-92.3864,48.2442],[-92.3839,48.2447],[-92.3844,48.2429],[-92.3844,48.2407],[-92.3832,48.2384],[-92.3789,48.2358],[-92.3783,48.2334],[-92.3784,48.2308],[-92.3779,48.2296],[-92.3728,48.2237],[-92.3692,48.2203],[-92.3621,48.2229],[-92.3532,48.2303],[-92.3492,48.2314],[-92.3412,48.2325],[-92.3394,48.2345],[-92.3368,48.2354],[-92.3354,48.2352],[-92.3336,48.2339],[-92.3322,48.2339],[-92.3253,48.237],[-92.3217,48.2373],[-92.3147,48.2405],[-92.2807,48.2443],[-92.2697,48.2482],[-92.2737,48.2567],[-92.2904,48.2655],[-92.2945,48.2716],[-92.293,48.2764],[-92.2951,48.2766],[-92.2957,48.2781],[-92.3015,48.2886],[-92.2945,48.3065],[-92.3063,48.3164],[-92.3046,48.323],[-92.2954,48.324],[-92.289,48.343],[-92.2623,48.3549],[-92.2228,48.3492],[-92.2197,48.3481],[-92.217,48.3451],[-92.2068,48.3456],[-92.207,48.3469],[-92.2077,48.3478],[-92.2037,48.3521],[-92.1949,48.3504],[-92.1942,48.3487],[-92.1936,48.3486],[-92.1784,48.3519],[-92.1789,48.3553],[-92.1774,48.3572],[-92.1622,48.3633],[-92.145,48.3657],[-92.1436,48.3561],[-92.0923,48.3546],[-92.0835,48.3539],[-92.078,48.3583],[-92.0663,48.3596],[-92.0552,48.3592],[-92.0486,48.3489],[-92.0457,48.3479],[-92.0452,48.3458],[-92.0477,48.3438],[-92.0466,48.3347],[-92.0377,48.3332],[-92.0309,48.3258],[-92.0001,48.3214],[-92.013,48.2974],[-92.0121,48.2873],[-92.0072,48.2804],[-92.0066,48.2654],[-91.9895,48.2602],[-91.9808,48.2478],[-91.9776,48.2471],[-91.9775,48.2463],[-91.9777,48.2457],[-91.9769,48.2446],[-91.9758,48.2445],[-91.9711,48.2477],[-91.9704,48.2494],[-91.9726,48.2504],[-91.9718,48.253],[-91.9702,48.2536],[-91.9596,48.2536],[-91.9544,48.2517],[-91.9544,48.2512],[-91.9538,48.2494],[-91.9521,48.2471],[-91.9522,48.2444],[-91.9577,48.2427],[-91.9578,48.2395],[-91.9592,48.2363],[-91.9578,48.233],[-91.9534,48.233],[-91.9513,48.2326],[-91.9452,48.2304],[-91.9418,48.2306],[-91.9407,48.232],[-91.9374,48.2342],[-91.929,48.2358],[-91.9208,48.2367],[-91.9158,48.2389],[-91.9076,48.2382],[-91.907,48.2378],[-91.906,48.2371],[-91.9038,48.237],[-91.8935,48.2377],[-91.8847,48.2273],[-91.8679,48.2191],[-91.8644,48.207],[-91.8458,48.2086],[-91.8395,48.2096],[-91.8344,48.2098],[-91.832,48.2093],[-91.8158,48.2117],[-91.8145,48.2087],[-91.809,48.206],[-91.7983,48.2029],[-91.799,47.977],[-91.7977,47.9044],[-91.7986,47.7236],[-91.7976,47.7164],[-91.794,47.6392],[-91.7929,47.6299],[-91.7894,47.408],[-91.7917,47.3726],[-91.7922,47.1985],[-91.7944,47.0253],[-91.7944,46.9395],[-91.8069,46.9337],[-91.8261,46.9272],[-91.8349,46.9271],[-91.8413,46.9252],[-91.8713,46.9084],[-91.8832,46.9057],[-91.9065,46.8912],[-91.9148,46.884],[-91.915,46.8838],[-91.953,46.867],[-91.9851,46.8496],[-91.998,46.8387],[-92.0134,46.8337],[-92.0279,46.8262],[-92.0417,46.8189],[-92.0589,46.8099],[-92.0598,46.8082],[-92.0621,46.804],[-92.068,46.8017],[-92.0762,46.7983],[-92.0861,46.7943],[-92.0928,46.7889],[-92.0941,46.7878],[-92.0907,46.7794],[-92.0883,46.7736],[-92.0508,46.7364],[-92.0141,46.707],[-92.022,46.7032],[-92.0252,46.7043],[-92.0352,46.7075],[-92.0442,46.7144],[-92.0655,46.7308],[-92.0718,46.7356],[-92.0895,46.7492],[-92.1082,46.7491],[-92.1166,46.7486],[-92.1253,46.7449],[-92.1379,46.7395],[-92.1433,46.7346],[-92.1434,46.7281],[-92.1413,46.7252],[-92.1448,46.7187],[-92.1463,46.7159],[-92.1487,46.7151],[-92.1552,46.7159],[-92.1673,46.7199],[-92.1731,46.7177],[-92.1743,46.7172],[-92.1789,46.7167],[-92.1891,46.7175],[-92.1915,46.7162],[-92.1933,46.7112],[-92.1974,46.7076],[-92.2016,46.7059],[-92.2047,46.704],[-92.2057,46.7025],[-92.2052,46.6983],[-92.1985,46.6961],[-92.183,46.6957],[-92.1763,46.6905],[-92.1759,46.6865],[-92.1814,46.6802],[-92.1916,46.6771],[-92.1995,46.6702],[-92.2041,46.6669],[-92.2055,46.6647],[-92.202,46.6593],[-92.2022,46.6567],[-92.2023,46.655],[-92.2124,46.6499],[-92.2164,46.6498],[-92.2235,46.6526],[-92.2285,46.6529],[-92.2356,46.65],[-92.2425,46.6492],[-92.2526,46.6572],[-92.2562,46.6587],[-92.2597,46.6571],[-92.266,46.651],[-92.2706,46.6507],[-92.2728,46.6528],[-92.2744,46.6574],[-92.2785,46.6586],[-92.2839,46.6587],[-92.2862,46.6603],[-92.2871,46.6628],[-92.2874,46.6673],[-92.2913,46.6681],[-92.2922,46.666],[-92.2922,46.6639],[-92.3013,46.6683],[-92.3014,46.6961],[-92.3017,46.7641],[-92.4285,46.7648],[-92.4494,46.7656],[-92.4928,46.7653],[-92.7347,46.7678],[-92.8086,46.766],[-93.0613,46.7666],[-93.0568,47.0264],[-93.0561,47.0264],[-93.056,47.1093],[-93.0663,47.1094],[-93.0657,47.2828],[-93.0647,47.3342],[-93.0645,47.37],[-93.0667,47.3716],[-93.069,47.386],[-93.0688,47.4577],[-93.0638,47.5422],[-93.0637,47.5445],[-93.0615,47.7204],[-93.082,47.7206],[-93.0838,47.8223],[-93.0809,47.8919],[-93.0809,47.8947],[-93.0809,47.9785],[-93.088,47.9858],[-93.0891,48.0679],[-93.098,48.2425]]]]","MultiPolygon",-92.4705912498966,47.6029788844162,-92.461488675,47.589867855
"Unknown","25003",1,"2026-10-07T01:50:23+00:00",,,"{""cause"": ""Unknown"", ""Location"": {""kind"": ""electricalNetwork"", ""CoordinateSystem"": {""crsUrn"": ""EPSG:4326""}}}",,"{""ert"": ""2026-10-07T13:00:00Z""}",,"Unknown","{""kind"": ""electricalNetwork"", ""CoordinateSystem"": {""crsUrn"": ""EPSG:4326""}}","electricalNetwork","NATIONAL GRID,11804","11804","Berkshire","Massachusetts","Feature","[[[[-73.5081,42.0863],[-73.4759,42.174],[-73.4429,42.2639],[-73.4311,42.2961],[-73.4141,42.3424],[-73.4106,42.3517],[-73.3821,42.4294],[-73.3525,42.51],[-73.3125,42.6177],[-73.307,42.6327],[-73.2741,42.7212],[-73.2731,42.724],[-73.265,42.7459],[-73.1636,42.7439],[-73.1427,42.7435],[-73.0484,42.7416],[-73.023,42.7411],[-73.0237,42.7027],[-72.9979,42.7013],[-72.9488,42.7043],[-72.9522,42.6922],[-72.9775,42.6859],[-72.9957,42.6735],[-72.9766,42.6612],[-72.9549,42.6658],[-72.951,42.641],[-72.9754,42.556],[-72.979,42.5416],[-72.9686,42.54],[-73.0117,42.3797],[-73.0685,42.3807],[-73.0629,42.329],[-73.0294,42.3086],[-73.0003,42.3126],[-73.0019,42.251],[-73.0079,42.2384],[-73.0349,42.1437],[-73.0711,42.1482],[-73.0614,42.1194],[-73.0727,42.1117],[-73.0731,42.0942],[-73.0547,42.0576],[-73.0533,42.0399],[-73.1273,42.042],[-73.1721,42.0432],[-73.2298,42.0449],[-73.2311,42.0449],[-73.233,42.045],[-73.2931,42.0469],[-73.2944,42.047],[-73.2963,42.047],[-73.3405,42.0482],[-73.4328,42.0506],[-73.4368,42.0505],[-73.4873,42.0496],[-73.4969,42.0497],[-73.503,42.0697],[-73.5081,42.0863]]]]","MultiPolygon",-73.2062245902624,42.3704857844322,-73.206412978,42.370675543
"Unknown","25017",5,"2026-10-07T10:37:50+00:00",,,"{""cause"": ""Unknown"", ""Location"": {""kind"": ""electricalNetwork"", ""CoordinateSystem"": {""crsUrn"": ""EPSG:4326""}}}",,"{""ert"": ""2026-10-07T12:45:00Z""}",,"Unknown","{""kind"": ""electricalNetwork"", ""CoordinateSystem"": {""crsUrn"": ""EPSG:4326""}}","electricalNetwork","NATIONAL GRID,11804","11804","Middlesex","Massachusetts","Feature","[[[[-71.8988,42.7114],[-71.8238,42.7094],[-71.8054,42.7089],[-71.7726,42.708],[-71.7458,42.7073],[-71.7014,42.7063],[-71.6724,42.7057],[-71.6518,42.7052],[-71.6362,42.7049],[-71.6318,42.7048],[-71.6306,42.7048],[-71.5427,42.7027],[-71.5425,42.7027],[-71.488,42.7014],[-71.4676,42.7009],[-71.4577,42.7007],[-71.4492,42.7005],[-71.4324,42.7001],[-71.4323,42.7001],[-71.3882,42.699],[-71.3869,42.699],[-71.3697,42.6986],[-71.3519,42.6982],[-71.3518,42.6982],[-71.3516,42.6981],[-71.3303,42.6972],[-71.3302,42.6972],[-71.3135,42.6971],[-71.3134,42.6971],[-71.2942,42.697],[-71.2888,42.702],[-71.2789,42.7113],[-71.2679,42.7259],[-71.2556,42.7364],[-71.2552,42.7366],[-71.2512,42.7212],[-71.2382,42.6694],[-71.2517,42.6603],[-71.2562,42.6571],[-71.2391,42.6489],[-71.199,42.6297],[-71.1762,42.6187],[-71.1718,42.6165],[-71.182,42.6084],[-71.1649,42.598],[-71.1566,42.615],[-71.1459,42.6083],[-71.1355,42.5991],[-71.1214,42.6003],[-71.111,42.6012],[-71.0894,42.603],[-71.0762,42.6041],[-71.0588,42.6091],[-71.0301,42.5777],[-71.031,42.5727],[-71.0355,42.5703],[-71.0528,42.5714],[-71.057,42.574],[-71.071,42.5559],[-71.0751,42.531],[-71.0575,42.5242],[-71.041,42.5263],[-71.0358,42.5052],[-71.0421,42.4983],[-71.0419,42.4933],[-71.0469,42.488],[-71.0534,42.4759],[-71.0416,42.4626],[-71.04,42.4607],[-71.0276,42.4467],[-71.0258,42.4447],[-71.0213,42.4365],[-71.023,42.4335],[-71.0241,42.4316],[-71.0282,42.4242],[-71.0293,42.4219],[-71.0317,42.4174],[-71.0326,42.4155],[-71.0332,42.4142],[-71.0377,42.4063],[-71.0409,42.4017],[-71.05,42.3935],[-71.0553,42.3871],[-71.0555,42.3871],[-71.0674,42.3953],[-71.0735,42.3918],[-71.0774,42.3862],[-71.0776,42.3858],[-71.0794,42.3833],[-71.0809,42.3821],[-71.0727,42.3732],[-71.0705,42.3724],[-71.0641,42.369],[-71.0706,42.368],[-71.0706,42.3679],[-71.0715,42.3671],[-71.0757,42.3616],[-71.0875,42.3556],[-71.1104,42.3526],[-71.1106,42.3526],[-71.1167,42.3587],[-71.1169,42.3642],[-71.1182,42.3685],[-71.1232,42.3689],[-71.1282,42.3736],[-71.131,42.3739],[-71.1437,42.3651],[-71.1615,42.359],[-71.1676,42.3601],[-71.1695,42.358],[-71.1748,42.3503],[-71.1667,42.34],[-71.1667,42.3399],[-71.157,42.3304],[-71.1646,42.3246],[-71.1717,42.3195],[-71.1698,42.3076],[-71.1647,42.3038],[-71.1786,42.2946],[-71.1912,42.283],[-71.2052,42.2896],[-71.2056,42.2904],[-71.2057,42.2922],[-71.2064,42.2943],[-71.2079,42.2972],[-71.2113,42.3031],[-71.2271,42.3124],[-71.2275,42.3154],[-71.228,42.3168],[-71.2461,42.321],[-71.2585,42.3253],[-71.27,42.3281],[-71.2918,42.3226],[-71.3273,42.3137],[-71.3264,42.3044],[-71.3264,42.3043],[-71.3217,42.2939],[-71.3215,42.2937],[-71.3085,42.2707],[-71.3029,42.2483],[-71.3324,42.2477],[-71.3297,42.2333],[-71.3431,42.2202],[-71.3385,42.2152],[-71.35,42.214],[-71.3442,42.2007],[-71.362,42.1958],[-71.3848,42.192],[-71.4044,42.1884],[-71.4023,42.1788],[-71.4302,42.1794],[-71.4441,42.1749],[-71.464,42.1582],[-71.4781,42.1568],[-71.4781,42.1587],[-71.4974,42.1666],[-71.5026,42.1914],[-71.5069,42.1889],[-71.5359,42.1896],[-71.5393,42.1897],[-71.5557,42.1825],[-71.5829,42.1956],[-71.6022,42.2181],[-71.5993,42.226],[-71.5899,42.2513],[-71.5868,42.2595],[-71.5646,42.2669],[-71.5501,42.266],[-71.5446,42.2645],[-71.5224,42.2664],[-71.5222,42.2665],[-71.5065,42.2643],[-71.5059,42.2729],[-71.497,42.2898],[-71.4899,42.3037],[-71.4859,42.3112],[-71.4867,42.3299],[-71.4868,42.3302],[-71.5054,42.3282],[-71.5112,42.3288],[-71.5184,42.3301],[-71.5373,42.328],[-71.5511,42.3264],[-71.5703,42.3197],[-71.5852,42.311],[-71.6041,42.3368],[-71.6247,42.3505],[-71.61,42.3574],[-71.6031,42.3673],[-71.6078,42.37],[-71.5802,42.387],[-71.6043,42.3977],[-71.5853,42.4071],[-71.5646,42.4109],[-71.5591,42.4119],[-71.5489,42.4473],[-71.5434,42.4665],[-71.5604,42.4744],[-71.5298,42.5198],[-71.5338,42.5277],[-71.5388,42.543],[-71.5779,42.55],[-71.5946,42.5434],[-71.6199,42.5525],[-71.6392,42.531],[-71.6359,42.524],[-71.679,42.5304],[-71.6646,42.6116],[-71.6942,42.6203],[-71.7758,42.6442],[-71.7753,42.6367],[-71.8448,42.638],[-71.8585,42.6338],[-71.8578,42.675],[-71.8971,42.7037],[-71.8988,42.7114]]]]","MultiPolygon",-71.3919058370362,42.4853611024067,-71.391743984,42.485536844
"Unknown","25021",72,"2026-10-07T10:57:33+00:00",,,"{""cause"": ""Unknown"", ""Location"": {""kind"": ""electricalNetwork"", ""CoordinateSystem"": {""crsUrn"": ""EPSG:4326""}}}",,"{""ert"": ""2026-10-07T13:00:00Z""}",,"Unknown","{""kind"": ""electricalNetwork"", ""CoordinateSystem"": {""crsUrn"": ""EPSG:4326""}}","electricalNetwork","NATIONAL GRID,11804","11804","Norfolk","Massachusetts","Feature","[[[[-70.8447,42.2423],[-70.8493,42.2473],[-70.8446,42.2604],[-70.8247,42.2659],[-70.8117,42.2629],[-70.7914,42.255],[-70.7887,42.2539],[-70.7807,42.2518],[-70.7856,42.2251],[-70.7914,42.2215],[-70.7971,42.2182],[-70.827,42.2008],[-70.8534,42.2396],[-70.8447,42.2423]]],[[[-71.1717,42.3195],[-71.1646,42.3246],[-71.157,42.3304],[-71.1501,42.3353],[-71.1473,42.3372],[-71.1418,42.3404],[-71.1413,42.3411],[-71.1378,42.3439],[-71.136,42.3454],[-71.1352,42.346],[-71.1343,42.3466],[-71.1297,42.3488],[-71.1235,42.3515],[-71.1213,42.3517],[-71.1158,42.351],[-71.1109,42.3504],[-71.1069,42.3488],[-71.1055,42.3438],[-71.1106,42.3404],[-71.1114,42.3345],[-71.1133,42.3322],[-71.1145,42.3284],[-71.1195,42.3227],[-71.1243,42.3219],[-71.1344,42.3093],[-71.1401,42.3021],[-71.1503,42.2955],[-71.1647,42.3038],[-71.1698,42.3076],[-71.1717,42.3195]]],[[[-71.5014,42.1167],[-71.4958,42.1207],[-71.4899,42.1247],[-71.4785,42.1314],[-71.4782,42.154],[-71.4781,42.1568],[-71.464,42.1582],[-71.4441,42.1749],[-71.4302,42.1794],[-71.4023,42.1788],[-71.4044,42.1884],[-71.3848,42.192],[-71.362,42.1958],[-71.3442,42.2007],[-71.35,42.214],[-71.3385,42.2152],[-71.3431,42.2202],[-71.3297,42.2333],[-71.3324,42.2477],[-71.3029,42.2483],[-71.3085,42.2707],[-71.3215,42.2937],[-71.3217,42.2939],[-71.3264,42.3043],[-71.3264,42.3044],[-71.3273,42.3137],[-71.2918,42.3226],[-71.27,42.3281],[-71.2585,42.3253],[-71.2461,42.321],[-71.228,42.3168],[-71.2275,42.3154],[-71.2271,42.3124],[-71.2113,42.3031],[-71.2079,42.2972],[-71.2064,42.2943],[-71.2057,42.2922],[-71.2056,42.2904],[-71.2052,42.2896],[-71.1912,42.283],[-71.1882,42.2804],[-71.1853,42.2795],[-71.1746,42.2756],[-71.1742,42.267],[-71.1634,42.259],[-71.1616,42.2575],[-71.1521,42.2582],[-71.1461,42.253],[-71.1435,42.2401],[-71.1392,42.2337],[-71.1367,42.2319],[-71.1308,42.2279],[-71.1307,42.2279],[-71.1257,42.2395],[-71.1093,42.248],[-71.1095,42.2524],[-71.1133,42.2589],[-71.1084,42.2611],[-71.0979,42.2629],[-71.0939,42.2671],[-71.0937,42.2671],[-71.0894,42.2697],[-71.0733,42.2703],[-71.0681,42.271],[-71.0622,42.2672],[-71.0533,42.2775],[-71.0428,42.2771],[-71.0391,42.284],[-71.0379,42.2849],[-71.0367,42.2914],[-71.0417,42.3053],[-71.0101,42.3052],[-70.9918,42.3131],[-70.9867,42.3063],[-71.0036,42.2953],[-71.0055,42.29],[-71.0062,42.2881],[-71.0055,42.2851],[-71.0053,42.2845],[-71.0049,42.2827],[-70.9961,42.2712],[-70.9905,42.2682],[-70.9891,42.2674],[-70.9674,42.2682],[-70.9562,42.2708],[-70.9574,42.2801],[-70.9539,42.2848],[-70.9377,42.2775],[-70.9141,42.2888],[-70.9137,42.2816],[-70.9021,42.2675],[-70.9324,42.2526],[-70.931,42.247],[-70.9311,42.2464],[-70.9235,42.2259],[-70.9147,42.2251],[-70.9163,42.215],[-70.9195,42.1937],[-70.9212,42.1823],[-70.9214,42.181],[-70.9249,42.1576],[-70.9285,42.1562],[-70.9408,42.1514],[-70.949,42.1482],[-70.9774,42.137],[-70.9813,42.1355],[-70.9931,42.1309],[-71.002,42.1265],[-71.002,42.1265],[-71.0219,42.1187],[-71.0255,42.1173],[-71.0411,42.1112],[-71.0578,42.1046],[-71.0613,42.1032],[-71.0805,42.0955],[-71.0933,42.0905],[-71.1386,42.0728],[-71.1687,42.0612],[-71.1785,42.0574],[-71.2085,42.0456],[-71.2424,42.0324],[-71.2587,42.026],[-71.2883,42.0145],[-71.3036,42.0086],[-71.3269,41.9996],[-71.3388,41.9951],[-71.3643,41.9853],[-71.3815,41.9851],[-71.3814,42.0188],[-71.4581,42.0178],[-71.4581,42.0178],[-71.4914,42.0173],[-71.4983,42.0172],[-71.4983,42.0344],[-71.4983,42.0649],[-71.4983,42.0758],[-71.4955,42.1],[-71.4997,42.1035],[-71.5014,42.1167]]]]","MultiPolygon",-71.2079315371717,42.1619857272554,-71.183829082,42.170980493
,"19153",24,"2026-10-07T08:31:00+00:00",,,"{""cause"": """", ""Location"": {""kind"": ""electricalNetwork"", ""CoordinateSystem"": {""crsUrn"": ""EPSG:4326""}}}",,"{""ert"": ""2026-10-07T12:45:00Z""}",,,"{""kind"": ""electricalNetwork"", ""CoordinateSystem"": {""crsUrn"": ""EPSG:4326""}}","electricalNetwork","MIDAMERICAN ENERGY CO,12341","12341","Polk","Iowa","Feature","[[[[-93.8157,41.8634],[-93.698,41.8634],[-93.6004,41.8632],[-93.4732,41.8632],[-93.3479,41.8631],[-93.3483,41.7465],[-93.3485,41.681],[-93.3485,41.6807],[-93.3487,41.601],[-93.3287,41.6011],[-93.3286,41.5078],[-93.3285,41.4926],[-93.3284,41.4908],[-93.3469,41.4828],[-93.3525,41.4969],[-93.372,41.4861],[-93.3965,41.4981],[-93.4223,41.4942],[-93.4138,41.5074],[-93.4249,41.5075],[-93.4402,41.5026],[-93.4413,41.5076],[-93.4429,41.5076],[-93.5582,41.5115],[-93.5967,41.5118],[-93.6256,41.5121],[-93.6546,41.5121],[-93.6743,41.5121],[-93.732,41.5121],[-93.7906,41.5119],[-93.7905,41.5354],[-93.7906,41.5438],[-93.7905,41.5773],[-93.7905,41.5844],[-93.7906,41.5921],[-93.7906,41.6004],[-93.8143,41.6005],[-93.8143,41.6149],[-93.8144,41.6294],[-93.8143,41.6438],[-93.8144,41.6884],[-93.8146,41.7508],[-93.8157,41.8634]]]]","MultiPolygon",-93.5735261182711,41.6854989182506,-93.573432584,41.685394283
,"54087",21,,,"Data is preliminary and subject to change","{""cause"": """", ""Location"": {""kind"": ""electricalNetwork"", ""CoordinateSystem"": {""crsUrn"": ""EPSG:4326""}}}",,,,,"{""kind"": ""electricalNetwork"", ""CoordinateSystem"": {""crsUrn"": ""EPSG:4326""}}","electricalNetwork","MONONGAHELA POWER CO,12796","12796","Roane","West Virginia","Feature","[[[[-81.5387,38.6984],[-81.5269,38.7702],[-81.5214,38.824],[-81.5226,38.8335],[-81.5273,38.8723],[-81.5273,38.9017],[-81.5026,38.9179],[-81.4674,38.9275],[-81.4481,38.9416],[-81.4151,38.9207],[-81.3439,38.8956],[-81.2784,38.9149],[-81.2489,38.8965],[-81.2378,38.8686],[-81.2464,38.8531],[-81.2319,38.8521],[-81.215,38.8309],[-81.2205,38.7849],[-81.1959,38.7674],[-81.1718,38.7398],[-81.1722,38.7074],[-81.1667,38.6951],[-81.1718,38.6759],[-81.1586,38.644],[-81.1316,38.6383],[-81.1238,38.631],[-81.1073,38.6395],[-81.0902,38.6285],[-81.0837,38.612],[-81.1308,38.5659],[-81.1941,38.5276],[-81.2206,38.5318],[-81.2743,38.5218],[-81.3035,38.5348],[-81.3493,38.5413],[-81.3952,38.5447],[-81.4717,38.5463],[-81.5092,38.5862],[-81.5222,38.6127],[-81.5466,38.6724],[-81.5387,38.6984]]]]","MultiPolygon",-81.3481814780551,38.7139940962419,-81.348349512,38.71402559
,"47037",1,"2026-10-07T10:25:13+00:00","enroute",,"{""Location"": {""kind"": ""electricalNetwork"", ""CoordinateSystem"": {""crsUrn"": ""EPSG:4326""}}}",,"{""ert"": ""2026-10-07T15:30:00Z""}",,,"{""kind"": ""electricalNetwork"", ""CoordinateSystem"": {""crsUrn"": ""EPSG:4326""}}","electricalNetwork","NASHVILLE ELECTRIC SERVICE,13216","13216","Davidson","Tennessee","Feature","[[[[-87.0414,36.0413],[-87.0388,36.0789],[-87.0382,36.0938],[-87.0382,36.0943],[-87.0082,36.1195],[-86.9977,36.1285],[-86.9836,36.2096],[-86.9853,36.2101],[-86.9882,36.2144],[-86.9746,36.2494],[-86.9577,36.2758],[-86.9405,36.2951],[-86.923,36.326],[-86.9175,36.3397],[-86.9063,36.3662],[-86.9132,36.3826],[-86.8989,36.39],[-86.8621,36.3696],[-86.8529,36.3801],[-86.8543,36.3698],[-86.8231,36.3516],[-86.7874,36.3596],[-86.791,36.3768],[-86.7726,36.3925],[-86.7643,36.3943],[-86.7548,36.4055],[-86.7457,36.4031],[-86.7275,36.3723],[-86.7178,36.339],[-86.7097,36.3336],[-86.6993,36.3277],[-86.6874,36.3182],[-86.6728,36.3122],[-86.6666,36.3035],[-86.6707,36.3011],[-86.6423,36.2894],[-86.6427,36.2794],[-86.6412,36.2596],[-86.6374,36.2536],[-86.6228,36.2488],[-86.6134,36.2441],[-86.5944,36.2454],[-86.5954,36.2394],[-86.5836,36.2167],[-86.5777,36.2002],[-86.5767,36.1974],[-86.5756,36.1946],[-86.5709,36.1737],[-86.568,36.1689],[-86.5509,36.1444],[-86.5566,36.1349],[-86.5278,36.1408],[-86.5312,36.112],[-86.5156,36.1006],[-86.5176,36.0841],[-86.5211,36.0724],[-86.5247,36.0586],[-86.5293,36.0572],[-86.5275,36.074],[-86.5469,36.0878],[-86.5465,36.0665],[-86.5618,36.0583],[-86.5655,36.0508],[-86.5624,36.0353],[-86.5672,36.0345],[-86.5785,36.0268],[-86.5873,36.0256],[-86.6007,36.0119],[-86.6127,36.0075],[-86.608,35.9798],[-86.6189,35.9682],[-86.622,35.9716],[-86.6274,35.974],[-86.6483,35.9756],[-86.6819,35.9894],[-86.6877,35.9953],[-86.6923,35.9948],[-86.7129,36.0081],[-86.7387,36.0133],[-86.7503,36.0193],[-86.7771,36.0332],[-86.7831,36.0349],[-86.7909,36.0367],[-86.8165,36.0392],[-86.8328,36.041],[-86.8648,36.0449],[-86.8967,36.0489],[-86.9191,36.0517],[-86.9364,36.0482],[-86.963,36.0314],[-86.9685,36.0279],[-87.0161,35.9979],[-87.0394,35.9892],[-87.0537,36.0456],[-87.0414,36.0413]]]]","MultiPolygon",-86.7844516139433,36.1693282530083,-86.784850763,36.169520672
,"47037",1,"2026-10-07T10:52:14+00:00","awaitingCrewAssignment",,"{""Location"": {""kind"": ""electricalNetwork"", ""CoordinateSystem"": {""crsUrn"": ""EPSG:4326""}}}",,"{""ert"": ""2026-10-07T14:00:00Z""}",,,"{""kind"": ""electricalNetwork"", ""CoordinateSystem"": {""crsUrn"": ""EPSG:4326""}}","electricalNetwork","NASHVILLE ELECTRIC SERVICE,13216","13216","Davidson","Tennessee","Feature","[[[[-87.0414,36.0413],[-87.0388,36.0789],[-87.0382,36.0938],[-87.0382,36.0943],[-87.0082,36.1195],[-86.9977,36.1285],[-86.9836,36.2096],[-86.9853,36.2101],[-86.9882,36.2144],[-86.9746,36.2494],[-86.9577,36.2758],[-86.9405,36.2951],[-86.923,36.326],[-86.9175,36.3397],[-86.9063,36.3662],[-86.9132,36.3826],[-86.8989,36.39],[-86.8621,36.3696],[-86.8529,36.3801],[-86.8543,36.3698],[-86.8231,36.3516],[-86.7874,36.3596],[-86.791,36.3768],[-86.7726,36.3925],[-86.7643,36.3943],[-86.7548,36.4055],[-86.7457,36.4031],[-86.7275,36.3723],[-86.7178,36.339],[-86.7097,36.3336],[-86.6993,36.3277],[-86.6874,36.3182],[-86.6728,36.3122],[-86.6666,36.3035],[-86.6707,36.3011],[-86.6423,36.2894],[-86.6427,36.2794],[-86.6412,36.2596],[-86.6374,36.2536],[-86.6228,36.2488],[-86.6134,36.2441],[-86.5944,36.2454],[-86.5954,36.2394],[-86.5836,36.2167],[-86.5777,36.2002],[-86.5767,36.1974],[-86.5756,36.1946],[-86.5709,36.1737],[-86.568,36.1689],[-86.5509,36.1444],[-86.5566,36.1349],[-86.5278,36.1408],[-86.5312,36.112],[-86.5156,36.1006],[-86.5176,36.0841],[-86.5211,36.0724],[-86.5247,36.0586],[-86.5293,36.0572],[-86.5275,36.074],[-86.5469,36.0878],[-86.5465,36.0665],[-86.5618,36.0583],[-86.5655,36.0508],[-86.5624,36.0353],[-86.5672,36.0345],[-86.5785,36.0268],[-86.5873,36.0256],[-86.6007,36.0119],[-86.6127,36.0075],[-86.608,35.9798],[-86.6189,35.9682],[-86.622,35.9716],[-86.6274,35.974],[-86.6483,35.9756],[-86.6819,35.9894],[-86.6877,35.9953],[-86.6923,35.9948],[-86.7129,36.0081],[-86.7387,36.0133],[-86.7503,36.0193],[-86.7771,36.0332],[-86.7831,36.0349],[-86.7909,36.0367],[-86.8165,36.0392],[-86.8328,36.041],[-86.8648,36.0449],[-86.8967,36.0489],[-86.9191,36.0517],[-86.9364,36.0482],[-86.963,36.0314],[-86.9685,36.0279],[-87.0161,35.9979],[-87.0394,35.9892],[-87.0537,36.0456],[-87.0414,36.0413]]]]","MultiPolygon",-86.7844516139433,36.1693282530083,-86.784850763,36.169520672
"Unknown","36001",4,"2026-10-07T11:05:39+00:00",,,"{""cause"": ""Unknown"", ""Location"": {""kind"": ""electricalNetwork"", ""CoordinateSystem"": {""crsUrn"": ""EPSG:4326""}}}",,"{""ert"": ""2026-10-07T14:45:00Z""}",,"Unknown","{""kind"": ""electricalNetwork"", ""CoordinateSystem"": {""crsUrn"": ""EPSG:4326""}}","electricalNetwork","NATIONAL GRID,13573","13573","Albany","New York","Feature","[[[[-74.2649,42.4199],[-74.2445,42.4703],[-74.2285,42.4944],[-74.2256,42.5264],[-74.2344,42.5378],[-74.2416,42.5508],[-74.2371,42.5646],[-74.234,42.5757],[-74.1935,42.619],[-74.192,42.6278],[-74.1697,42.6674],[-74.1647,42.7172],[-74.1803,42.73],[-74.1065,42.7392],[-74.0544,42.7455],[-74.0385,42.7474],[-73.994,42.753],[-73.9445,42.7595],[-73.9427,42.7596],[-73.9338,42.7607],[-73.9068,42.7634],[-73.8877,42.7659],[-73.8726,42.7675],[-73.8251,42.7732],[-73.8248,42.7732],[-73.8094,42.7789],[-73.78,42.7922],[-73.7688,42.7859],[-73.7615,42.7916],[-73.7377,42.8189],[-73.7317,42.8213],[-73.7227,42.8207],[-73.7199,42.8013],[-73.7107,42.7941],[-73.709,42.7877],[-73.6938,42.777],[-73.6768,42.7833],[-73.6785,42.7789],[-73.6833,42.7679],[-73.6844,42.7608],[-73.6873,42.7525],[-73.6887,42.7402],[-73.6947,42.7321],[-73.6976,42.7273],[-73.6986,42.7238],[-73.6994,42.7215],[-73.7007,42.718],[-73.7035,42.7056],[-73.7029,42.6993],[-73.7065,42.6941],[-73.7233,42.6729],[-73.725,42.6702],[-73.7291,42.6651],[-73.7394,42.6568],[-73.7418,42.6543],[-73.7476,42.6432],[-73.7507,42.637],[-73.753,42.6287],[-73.7596,42.6142],[-73.7597,42.6138],[-73.7616,42.6036],[-73.7524,42.5767],[-73.7522,42.5666],[-73.7568,42.543],[-73.7583,42.5342],[-73.7598,42.5294],[-73.7611,42.5263],[-73.7638,42.5211],[-73.7855,42.4872],[-73.7837,42.4642],[-73.8001,42.4625],[-73.8124,42.4612],[-73.948,42.4432],[-73.9638,42.4416],[-74.0841,42.4276],[-74.0907,42.4268],[-74.2543,42.4082],[-74.2635,42.4071],[-74.2649,42.4199]]]]","MultiPolygon",-73.9734531065076,42.6001191055403,-73.973558571,42.600176428
,"36029",1,"2026-07-10T05:17:32+00:00","assigned",,"{""cause"": ""N/A"", ""Location"": {""kind"": ""electricalNetwork"", ""CoordinateSystem"": {""crsUrn"": ""EPSG:4326""}}}",,"{""ert"": ""2026-07-10T09:00:00Z""}",,"N/A","{""kind"": ""electricalNetwork"", ""CoordinateSystem"": {""crsUrn"": ""EPSG:4326""}}","electricalNetwork","AVANGRID,14349","14349","Erie","New York","Feature","[[[[-79.1311,42.5856],[-79.1296,42.5898],[-79.1263,42.5909],[-79.1219,42.5942],[-79.1137,42.606],[-79.1123,42.6105],[-79.1114,42.6134],[-79.0898,42.631],[-79.0843,42.6355],[-79.0788,42.6401],[-79.0733,42.64],[-79.0638,42.6448],[-79.0637,42.6452],[-79.0627,42.6622],[-79.0623,42.6684],[-79.0489,42.6892],[-79.0189,42.7016],[-79.0062,42.7046],[-78.9912,42.7054],[-78.9698,42.7175],[-78.952,42.7275],[-78.9442,42.732],[-78.9182,42.7373],[-78.9034,42.7471],[-78.8687,42.7702],[-78.8686,42.7703],[-78.8535,42.784],[-78.8514,42.7918],[-78.8565,42.8003],[-78.8594,42.8007],[-78.861,42.8054],[-78.8637,42.8131],[-78.8657,42.8268],[-78.8622,42.8323],[-78.8604,42.8351],[-78.8595,42.8414],[-78.8656,42.8524],[-78.8694,42.8529],[-78.8722,42.8533],[-78.8826,42.8673],[-78.8881,42.878],[-78.8917,42.8848],[-78.8947,42.8851],[-78.9125,42.8866],[-78.908,42.8954],[-78.9062,42.899],[-78.9058,42.9],[-78.9057,42.9131],[-78.9057,42.9211],[-78.9057,42.9234],[-78.9092,42.9333],[-78.9124,42.9378],[-78.9142,42.9404],[-78.9189,42.9469],[-78.9324,42.9559],[-78.9618,42.9578],[-78.9751,42.9688],[-78.9833,42.9725],[-79.0116,42.9853],[-79.02,42.9948],[-79.0209,43.0143],[-79.0118,43.029],[-79.0052,43.0471],[-79.0054,43.0572],[-79.0105,43.0644],[-79.0196,43.0663],[-79.0097,43.0696],[-78.9905,43.0688],[-78.9858,43.0686],[-78.95,43.0679],[-78.9453,43.067],[-78.9115,43.0547],[-78.9059,43.0516],[-78.893,43.0378],[-78.8921,43.0341],[-78.8902,43.022],[-78.878,43.0217],[-78.8613,43.0229],[-78.8512,43.0193],[-78.8393,43.0195],[-78.8288,43.0301],[-78.8314,43.0454],[-78.8313,43.0502],[-78.8224,43.0516],[-78.8046,43.0552],[-78.8061,43.0632],[-78.7708,43.0695],[-78.7454,43.0698],[-78.7283,43.0861],[-78.6969,43.0863],[-78.6466,43.0808],[-78.6361,43.0933],[-78.6267,43.0851],[-78.6176,43.0866],[-78.5952,43.0696],[-78.5761,43.0798],[-78.5603,43.0973],[-78.54,43.0857],[-78.5093,43.094],[-78.4916,43.084],[-78.4725,43.0817],[-78.4644,43.0887],[-78.4642,43.065],[-78.4634,43.0022],[-78.4638,42.9857],[-78.4642,42.9546],[-78.4644,42.8675],[-78.4863,42.8677],[-78.4881,42.7816],[-78.483,42.7806],[-78.4632,42.7805],[-78.4638,42.6939],[-78.4624,42.6065],[-78.4639,42.5363],[-78.4881,42.5349],[-78.5083,42.5276],[-78.5121,42.5274],[-78.5191,42.5192],[-78.5631,42.509],[-78.5977,42.5125],[-78.6263,42.5001],[-78.6624,42.4924],[-78.6959,42.4719],[-78.7171,42.4863],[-78.7394,42.4728],[-78.7776,42.4619],[-78.7702,42.4581],[-78.7946,42.4627],[-78.8365,42.4437],[-78.8938,42.4391],[-78.9005,42.4491],[-78.9206,42.4427],[-78.929,42.4597],[-78.9439,42.4683],[-78.9512,42.4686],[-78.9521,42.4711],[-78.957,42.4724],[-78.9634,42.4866],[-78.9612,42.494],[-78.9666,42.4937],[-78.9751,42.5025],[-78.9828,42.5061],[-78.9855,42.5067],[-78.9883,42.5217],[-79.0331,42.5433],[-79.0608,42.5379],[-79.091,42.5516],[-79.0958,42.5645],[-79.1013,42.5624],[-79.1055,42.5689],[-79.1367,42.5697],[-79.1311,42.5856]]]]","MultiPolygon",-78.7326077187095,42.7636086362285,-78.779659581,42.758236534
"Unknown","36055",1,"2026-10-07T09:43:47+00:00",,,"{""cause"": ""Unknown"", ""Location"": {""kind"": ""electricalNetwork"", ""CoordinateSystem"": {""crsUrn"": ""EPSG:4326""}}}",,"{""ert"": ""2026-10-07T13:15:00Z""}",,"Unknown","{""kind"": ""electricalNetwork"", ""CoordinateSystem"": {""crsUrn"": ""EPSG:4326""}}","electricalNetwork","NATIONAL GRID,13573","13573","Monroe","New York","Feature","[[[[-77.9969,43.2178],[-77.9969,43.2195],[-77.9957,43.285],[-77.9957,43.2874],[-77.9956,43.3653],[-77.9948,43.3653],[-77.9764,43.3692],[-77.9652,43.3681],[-77.9529,43.3635],[-77.9227,43.357],[-77.9048,43.357],[-77.8907,43.3535],[-77.8753,43.3497],[-77.8165,43.3436],[-77.8089,43.3421],[-77.7974,43.3399],[-77.7851,43.3393],[-77.7602,43.3412],[-77.7569,43.3374],[-77.7484,43.335],[-77.7306,43.3302],[-77.7141,43.3236],[-77.7014,43.3083],[-77.6604,43.283],[-77.6538,43.2795],[-77.6445,43.2765],[-77.6283,43.2713],[-77.6222,43.2679],[-77.6037,43.2578],[-77.6022,43.2569],[-77.5773,43.2433],[-77.5772,43.2433],[-77.551,43.2358],[-77.5503,43.2357],[-77.5343,43.2346],[-77.5342,43.2346],[-77.5336,43.2349],[-77.507,43.2475],[-77.5009,43.2504],[-77.4766,43.2545],[-77.4516,43.2616],[-77.4368,43.2657],[-77.4256,43.2675],[-77.4145,43.2693],[-77.391,43.2764],[-77.3854,43.2768],[-77.376,43.2777],[-77.376,43.2762],[-77.3753,43.2245],[-77.3751,43.2026],[-77.375,43.1964],[-77.3747,43.1827],[-77.3733,43.1234],[-77.3732,43.1228],[-77.372,43.0756],[-77.3717,43.0643],[-77.3715,43.0347],[-77.457,43.0347],[-77.4854,43.0346],[-77.4838,42.9766],[-77.4825,42.9432],[-77.574,42.944],[-77.5804,42.944],[-77.635,42.9445],[-77.6375,42.94],[-77.7587,42.9405],[-77.7324,42.9453],[-77.7179,42.9726],[-77.731,42.9884],[-77.9098,42.9878],[-77.9075,43.0029],[-77.9041,43.0371],[-77.951,43.0395],[-77.9482,43.0452],[-77.9081,43.1293],[-77.9059,43.1336],[-77.9973,43.133],[-77.9969,43.2178]]]]","MultiPolygon",-77.6959824887077,43.1467148818855,-77.680178362,43.309161106
"Unknown","36067",1,"2026-10-07T10:42:22+00:00",,,"{""cause"": ""Unknown"", ""Location"": {""kind"": ""electricalNetwork"", ""CoordinateSystem"": {""crsUrn"": ""EPSG:4326""}}}",,"{""ert"": ""2026-10-07T14:15:00Z""}",,"Unknown","{""kind"": ""electricalNetwork"", ""CoordinateSystem"": {""crsUrn"": ""EPSG:4326""}}","electricalNetwork","NATIONAL GRID,13573","13573","Onondaga","New York","Feature","[[[[-76.4993,43.0979],[-76.4912,43.1063],[-76.4719,43.1068],[-76.4863,43.1432],[-76.4731,43.146],[-76.4759,43.183],[-76.4792,43.2275],[-76.345,43.2326],[-76.3242,43.2323],[-76.3123,43.2304],[-76.3035,43.2288],[-76.2895,43.219],[-76.2871,43.2107],[-76.2802,43.2012],[-76.2665,43.2111],[-76.2622,43.2236],[-76.2756,43.2388],[-76.2683,43.2396],[-76.2244,43.205],[-76.1987,43.2126],[-76.2108,43.2685],[-76.2026,43.2715],[-76.1576,43.2433],[-76.1398,43.2404],[-76.1301,43.2346],[-76.0805,43.2158],[-76.072,43.2147],[-76.068,43.2127],[-76.0836,43.2142],[-76.0827,43.2045],[-76.0717,43.1998],[-76.0461,43.2022],[-76.003,43.177],[-75.9934,43.1834],[-75.9909,43.1814],[-75.9919,43.173],[-75.9806,43.1687],[-75.9744,43.1632],[-75.9715,43.1549],[-75.9673,43.1348],[-75.9503,43.1326],[-75.956,43.1151],[-75.9656,43.1195],[-75.9754,43.0909],[-75.9172,43.0859],[-75.9164,43.0748],[-75.9115,43.0068],[-75.9106,42.9894],[-75.9055,42.9144],[-75.9017,42.8618],[-75.8986,42.8255],[-75.8961,42.791],[-76.0802,42.7816],[-76.0802,42.78],[-76.1966,42.7747],[-76.2747,42.7713],[-76.2791,42.7859],[-76.2988,42.8075],[-76.357,42.8494],[-76.4507,42.8458],[-76.4574,42.9295],[-76.4584,42.9434],[-76.463,43.0061],[-76.4919,43.005],[-76.4927,43.0153],[-76.4993,43.0979]]]]","MultiPolygon",-76.1947506009748,43.0059012578657,-76.194641929,43.005795363
,"30053",1,,,,"{""Location"": {""kind"": ""electricalNetwork"", ""CoordinateSystem"": {""crsUrn"": ""EPSG:4326""}}}",,,,,"{""kind"": ""electricalNetwork"", ""CoordinateSystem"": {""crsUrn"": ""EPSG:4326""}}","electricalNetwork","NORTHERN LIGHTS, INC,13758","13758","Lincoln","Montana","Feature","[[[[-116.049,48.481],[-116.049,48.5021],[-116.0491,48.6198],[-116.0491,49.0008],[-115.876,49.001],[-115.6498,49.0008],[-115.4123,49.0002],[-115.1707,48.9997],[-115.1298,48.9996],[-115.0558,48.9998],[-114.9316,49],[-114.7271,49.0005],[-114.7303,48.9993],[-114.7365,48.9939],[-114.7371,48.9882],[-114.7336,48.9824],[-114.7267,48.9808],[-114.7157,48.9796],[-114.6995,48.9801],[-114.6909,48.9765],[-114.6848,48.9724],[-114.6864,48.9667],[-114.692,48.9631],[-114.6966,48.9566],[-114.7031,48.9521],[-114.7089,48.9468],[-114.714,48.9431],[-114.7183,48.9377],[-114.7159,48.9309],[-114.7085,48.9281],[-114.7072,48.9196],[-114.7055,48.9129],[-114.7039,48.9054],[-114.7055,48.8974],[-114.7106,48.8909],[-114.707,48.8852],[-114.6995,48.879],[-114.6927,48.8725],[-114.6911,48.865],[-114.6896,48.8592],[-114.693,48.8504],[-114.6921,48.8443],[-114.7023,48.8393],[-114.7088,48.8325],[-114.7159,48.8319],[-114.7257,48.8289],[-114.7271,48.8226],[-114.729,48.8175],[-114.7316,48.8115],[-114.7266,48.8075],[-114.7179,48.803],[-114.7081,48.8028],[-114.6954,48.8007],[-114.6869,48.7994],[-114.6804,48.7977],[-114.6758,48.7982],[-114.6724,48.7963],[-114.673,48.7921],[-114.6699,48.7878],[-114.6636,48.784],[-114.6557,48.782],[-114.6475,48.7781],[-114.6425,48.7725],[-114.6399,48.7659],[-114.6358,48.7602],[-114.6278,48.7585],[-114.6222,48.7592],[-114.6154,48.7572],[-114.6134,48.7553],[-114.6136,48.7508],[-114.6185,48.7489],[-114.6204,48.7421],[-114.6287,48.7387],[-114.6372,48.7328],[-114.647,48.7318],[-114.6577,48.7301],[-114.6675,48.7279],[-114.6764,48.7251],[-114.6821,48.7196],[-114.6859,48.7134],[-114.6915,48.708],[-114.6876,48.702],[-114.6819,48.6995],[-114.6831,48.6945],[-114.6855,48.6931],[-114.6895,48.6854],[-114.6915,48.6825],[-114.6908,48.678],[-114.6854,48.676],[-114.6749,48.6763],[-114.6626,48.6712],[-114.6495,48.6673],[-114.6431,48.6643],[-114.6605,48.6589],[-114.6895,48.6589],[-114.7518,48.6589],[-114.7853,48.6589],[-114.8235,48.6587],[-114.8652,48.6588],[-114.8779,48.6588],[-114.8887,48.648],[-114.8887,48.6355],[-114.8887,48.6134],[-114.8887,48.5901],[-114.8671,48.5735],[-114.8498,48.5619],[-114.8498,48.5448],[-114.8498,48.5195],[-114.8498,48.4941],[-114.8498,48.4654],[-114.8496,48.4465],[-114.8494,48.4239],[-114.8486,48.3958],[-114.8486,48.3666],[-114.8486,48.359],[-114.8481,48.2261],[-115.0201,48.226],[-115.0101,48.1391],[-115.0107,48.0176],[-115.1545,48.0173],[-115.1508,47.9955],[-115.1363,47.9844],[-115.1479,47.964],[-115.1576,47.9614],[-115.1761,47.9742],[-115.1843,47.9584],[-115.1803,47.932],[-115.1852,47.919],[-115.206,47.9193],[-115.2251,47.9083],[-115.2484,47.9152],[-115.2533,47.9044],[-115.2832,47.8908],[-115.3018,47.9125],[-115.3217,47.9217],[-115.3283,47.9175],[-115.3837,47.9051],[-115.3995,47.9124],[-115.3998,47.9361],[-115.4217,47.9336],[-115.4286,47.911],[-115.4613,47.9206],[-115.4821,47.9181],[-115.5024,47.9087],[-115.5247,47.9086],[-115.5465,47.9221],[-115.5581,47.9423],[-115.5397,47.9799],[-115.5448,47.9994],[-115.5682,48.0202],[-115.5847,48.022],[-115.6111,48.0479],[-115.609,48.0599],[-115.6411,48.0789],[-115.6322,48.0886],[-115.6458,48.1341],[-115.679,48.1657],[-115.6935,48.1662],[-115.6961,48.1775],[-115.6724,48.2064],[-115.693,48.2241],[-115.7088,48.2474],[-115.7373,48.2633],[-115.7714,48.2591],[-115.7825,48.2397],[-115.8002,48.2228],[-115.8294,48.2174],[-115.8315,48.2113],[-115.856,48.2107],[-115.9009,48.194],[-115.9082,48.1828],[-115.9367,48.1842],[-115.9573,48.149],[-115.9802,48.1584],[-115.9994,48.1566],[-116.018,48.1695],[-116.0167,48.2062],[-116.0497,48.2161],[-116.0499,48.2374],[-116.0492,48.2497],[-116.0496,48.2744],[-116.0488,48.3096],[-116.0499,48.4133],[-116.049,48.481]]]]","MultiPolygon",-115.40494946006,48.5424332413471,-115.405080471,48.542479763
,"39117",1,,,"Data is preliminary and subject to change","{""cause"": """", ""Location"": {""kind"": ""electricalNetwork"", ""CoordinateSystem"": {""crsUrn"": ""EPSG:4326""}}}",,,,,"{""kind"": ""electricalNetwork"", ""CoordinateSystem"": {""crsUrn"": ""EPSG:4326""}}","electricalNetwork","OHIO EDISON CO,13998","13998","Morrow","Ohio","Feature","[[[[-83.0208,40.4338],[-83.0168,40.4845],[-82.9584,40.4907],[-82.9582,40.5236],[-82.9581,40.5579],[-82.9579,40.5864],[-82.9578,40.6451],[-82.8598,40.6464],[-82.8583,40.705],[-82.8492,40.7125],[-82.8205,40.7127],[-82.7926,40.7122],[-82.7272,40.7112],[-82.6891,40.711],[-82.6272,40.7094],[-82.6262,40.6661],[-82.645,40.6664],[-82.6441,40.6372],[-82.6248,40.6373],[-82.6236,40.5499],[-82.6428,40.55],[-82.6428,40.5221],[-82.6332,40.5231],[-82.638,40.4634],[-82.6408,40.4176],[-82.6456,40.3562],[-82.6465,40.3451],[-82.6897,40.3471],[-82.7449,40.3496],[-82.7927,40.3518],[-82.9296,40.3581],[-82.9295,40.3593],[-82.9248,40.415],[-83.0221,40.4189],[-83.0208,40.4338]]]]","MultiPolygon",-82.7939556363472,40.5240934358178,-82.794067788,40.524086522
,"41051",1,"2026-10-07T03:42:56+00:00","New unacknowledged event",,"{""Location"": {""kind"": ""electricalNetwork"", ""CoordinateSystem"": {""crsUrn"": ""EPSG:4326""}}}",,"{""ert"": ""2026-10-07T09:45:00Z""}",,,"{""kind"": ""electricalNetwork"", ""CoordinateSystem"": {""crsUrn"": ""EPSG:4326""}}","electricalNetwork","PORTLAND GENERAL ELECTRIC CO,15248","15248","Multnomah","Oregon","Feature","[[[[-122.9291,45.7215],[-122.8754,45.7214],[-122.7847,45.7209],[-122.7622,45.7286],[-122.7725,45.6996],[-122.7745,45.6804],[-122.7638,45.6571],[-122.7624,45.6564],[-122.7381,45.6441],[-122.7133,45.6374],[-122.6912,45.6248],[-122.691,45.6247],[-122.6751,45.6181],[-122.675,45.618],[-122.6439,45.6097],[-122.6077,45.6079],[-122.6026,45.6076],[-122.586,45.6047],[-122.5823,45.6041],[-122.5814,45.6039],[-122.55,45.5972],[-122.5481,45.5968],[-122.546,45.5961],[-122.5237,45.5896],[-122.5054,45.5859],[-122.4923,45.5833],[-122.4793,45.5798],[-122.4747,45.5783],[-122.471,45.5764],[-122.4539,45.5673],[-122.4387,45.5636],[-122.4107,45.5676],[-122.4012,45.5711],[-122.3971,45.5726],[-122.3918,45.5745],[-122.3803,45.5759],[-122.3722,45.574],[-122.3528,45.5694],[-122.3315,45.5482],[-122.2949,45.5435],[-122.2667,45.5438],[-122.2626,45.5443],[-122.249,45.5477],[-122.2489,45.5478],[-122.2017,45.5641],[-122.1837,45.5777],[-122.1407,45.5845],[-122.1295,45.5829],[-122.1295,45.583],[-122.1262,45.5826],[-122.1262,45.5826],[-122.1124,45.5814],[-122.1017,45.5835],[-122.0444,45.6095],[-122.0226,45.6152],[-122.0037,45.6159],[-121.983,45.6228],[-121.9798,45.6248],[-121.9635,45.6328],[-121.9557,45.6436],[-121.9518,45.645],[-121.9351,45.6442],[-121.922,45.6492],[-121.9221,45.6108],[-121.9131,45.6013],[-121.9184,45.5855],[-121.9019,45.5563],[-121.9217,45.547],[-121.9067,45.5208],[-121.8887,45.5123],[-121.8739,45.5158],[-121.8647,45.5045],[-121.8635,45.4925],[-121.8504,45.4865],[-121.8196,45.4617],[-121.822,45.4602],[-121.9831,45.4602],[-122.25,45.4609],[-122.2556,45.4614],[-122.2639,45.4614],[-122.2727,45.4614],[-122.3483,45.4615],[-122.3728,45.4612],[-122.3893,45.4613],[-122.4145,45.4616],[-122.4478,45.461],[-122.4799,45.4612],[-122.4866,45.4611],[-122.4967,45.461],[-122.5275,45.4613],[-122.5476,45.4611],[-122.548,45.461],[-122.5713,45.4614],[-122.579,45.4615],[-122.5894,45.4615],[-122.6015,45.4615],[-122.6154,45.4615],[-122.6168,45.4615],[-122.6366,45.4615],[-122.6366,45.4615],[-122.647,45.4587],[-122.661,45.4578],[-122.6526,45.4457],[-122.6462,45.4414],[-122.6487,45.4327],[-122.6733,45.4328],[-122.7079,45.433],[-122.7122,45.4331],[-122.7255,45.4332],[-122.7411,45.4333],[-122.7437,45.4333],[-122.7437,45.4429],[-122.7436,45.4549],[-122.7437,45.4675],[-122.7436,45.4764],[-122.7437,45.4764],[-122.7437,45.478],[-122.7437,45.4871],[-122.7438,45.4926],[-122.7438,45.5079],[-122.7439,45.5167],[-122.7645,45.5196],[-122.7645,45.5297],[-122.7842,45.534],[-122.7848,45.544],[-122.7951,45.5484],[-122.8054,45.5557],[-122.8055,45.5629],[-122.8262,45.5681],[-122.847,45.5775],[-122.8468,45.5918],[-122.8676,45.5919],[-122.8675,45.6062],[-122.8683,45.6062],[-122.888,45.6064],[-122.8878,45.6205],[-122.909,45.6208],[-122.9091,45.6352],[-122.9291,45.6353],[-122.9291,45.7215]]]]","MultiPolygon",-122.414965303499,45.546589463822,-122.415100104,45.546791564
"Damaged Line","49021",14,"2026-10-07T00:19:06+00:00",,,"{""cause"": ""Damaged Line"", ""Location"": {""kind"": ""electricalNetwork"", ""CoordinateSystem"": {""crsUrn"": ""EPSG:4326""}}}",,"{""ert"": ""2026-10-07T12:00:00Z""}",,"Damaged Line","{""kind"": ""electricalNetwork"", ""CoordinateSystem"": {""crsUrn"": ""EPSG:4326""}}","electricalNetwork","PACIFICORP,14354","14354","Iron","Utah","Feature","[[[[-114.0517,37.746],[-114.0518,37.7462],[-114.0517,37.747],[-114.0511,37.7563],[-114.0499,37.7656],[-114.0485,37.8099],[-114.0497,37.8236],[-114.0499,37.8525],[-114.0497,37.8814],[-114.0504,38],[-114.0499,38.1486],[-114.0499,38.1488],[-113.2562,38.1487],[-112.9598,38.1482],[-112.7635,38.1474],[-112.4788,38.1474],[-112.479,37.9777],[-112.467,37.9777],[-112.4683,37.8905],[-112.5885,37.8904],[-112.5785,37.8821],[-112.5786,37.8045],[-112.6427,37.8067],[-112.6893,37.8056],[-112.6891,37.7172],[-112.6868,37.6603],[-112.6836,37.6319],[-112.6838,37.5437],[-112.7848,37.5435],[-112.9012,37.5435],[-112.9009,37.5],[-113.0271,37.4997],[-113.0371,37.4997],[-113.037,37.4745],[-113.1461,37.481],[-113.1808,37.481],[-113.2535,37.4822],[-113.2533,37.529],[-113.4362,37.5292],[-113.474,37.5291],[-113.474,37.5536],[-113.4745,37.6183],[-113.5878,37.6182],[-113.5878,37.6046],[-114.0525,37.6048],[-114.0517,37.746]]]]","MultiPolygon",-113.289705268814,37.8593035507795,-113.289499267,37.859193514
"Damaged Equipment","49057",142,"2026-10-07T08:16:04+00:00",,,"{""cause"": ""Damaged Equipment"", ""Location"": {""kind"": ""electricalNetwork"", ""CoordinateSystem"": {""crsUrn"": ""EPSG:4326""}}}",,"{""ert"": ""2026-10-07T17:00:00Z""}",,"Damaged Equipment","{""kind"": ""electricalNetwork"", ""CoordinateSystem"": {""crsUrn"": ""EPSG:4326""}}","electricalNetwork","PACIFICORP,14354","14354","Weber","Utah","Feature","[[[[-112.4935,41.0769],[-112.2382,41.3366],[-112.1332,41.3369],[-112.0735,41.3367],[-112.0491,41.3366],[-112.0344,41.3366],[-112.0283,41.3366],[-112.0233,41.3431],[-111.9632,41.3655],[-111.9753,41.3784],[-111.9685,41.3922],[-111.9725,41.4201],[-111.959,41.4337],[-111.9383,41.4159],[-111.9183,41.4124],[-111.8855,41.4263],[-111.8726,41.422],[-111.8752,41.4049],[-111.8613,41.3964],[-111.8367,41.3879],[-111.7972,41.3924],[-111.7606,41.3688],[-111.7258,41.3763],[-111.727,41.3843],[-111.7065,41.4049],[-111.7211,41.4272],[-111.6966,41.4172],[-111.6669,41.4288],[-111.6524,41.4077],[-111.6186,41.4224],[-111.5839,41.4184],[-111.5755,41.4288],[-111.5541,41.4236],[-111.5415,41.4051],[-111.5108,41.4231],[-111.5075,41.4138],[-111.4759,41.4001],[-111.4776,41.3843],[-111.4207,41.3613],[-111.4241,41.3468],[-111.4382,41.3381],[-111.4375,41.3234],[-111.4493,41.3149],[-111.4401,41.2896],[-111.4579,41.2736],[-111.4644,41.2581],[-111.4944,41.2402],[-111.4967,41.2273],[-111.5261,41.2288],[-111.5368,41.2365],[-111.5596,41.2401],[-111.5964,41.2387],[-111.6093,41.229],[-111.6117,41.2099],[-111.6255,41.1998],[-111.6404,41.1989],[-111.6586,41.1857],[-111.6856,41.1805],[-111.7174,41.1866],[-111.746,41.2124],[-111.7637,41.2104],[-111.7745,41.2181],[-111.806,41.2159],[-111.8175,41.2048],[-111.8582,41.1976],[-111.873,41.1878],[-111.8766,41.1697],[-111.8545,41.1543],[-111.8562,41.1391],[-111.8613,41.1375],[-111.9122,41.1348],[-111.915,41.1372],[-111.9562,41.1406],[-111.9691,41.152],[-111.9878,41.1527],[-112.0002,41.1527],[-112.0212,41.1527],[-112.0251,41.1526],[-112.0375,41.1526],[-112.0645,41.1527],[-112.0779,41.1527],[-112.0838,41.1527],[-112.1046,41.1527],[-112.1229,41.1527],[-112.1867,41.153],[-112.1993,41.1499],[-112.4516,41.0873],[-112.4935,41.0769]]]]","MultiPolygon",-111.913187387569,41.2700312453887,-111.913341781,41.269859992
"Planned Outage","53033",1,"2026-10-07T01:51:00+00:00","Dispatched",,"{""cause"": ""Planned Outage"", ""Location"": {""kind"": ""electricalNetwork"", ""CoordinateSystem"": {""crsUrn"": ""EPSG:4326""}}}",,,,"Planned Outage","{""kind"": ""electricalNetwork"", ""CoordinateSystem"": {""crsUrn"": ""EPSG:4326""}}","electricalNetwork","CITY OF SEATTLE - (WA),16868","16868","King","Washington","Feature","[[[[-122.4298,47.6589],[-122.4131,47.675],[-122.4078,47.6801],[-122.405,47.6867],[-122.4038,47.6894],[-122.4009,47.6928],[-122.3932,47.7016],[-122.3921,47.7023],[-122.3808,47.7089],[-122.3804,47.7091],[-122.3787,47.7123],[-122.3764,47.7165],[-122.3731,47.7292],[-122.3755,47.7342],[-122.3826,47.7491],[-122.3802,47.7585],[-122.3853,47.7634],[-122.3944,47.7722],[-122.3964,47.7779],[-122.3775,47.7779],[-122.3773,47.7778],[-122.3515,47.7778],[-122.3463,47.7778],[-122.3299,47.7776],[-122.3272,47.7777],[-122.3177,47.7776],[-122.3084,47.7775],[-122.2976,47.7774],[-122.2901,47.7773],[-122.2869,47.7773],[-122.271,47.7771],[-122.2607,47.7771],[-122.2532,47.7771],[-122.233,47.7768],[-122.2232,47.7767],[-122.207,47.7765],[-122.1915,47.7764],[-122.1912,47.7764],[-122.1694,47.7763],[-122.1544,47.7762],[-122.1538,47.7762],[-122.1318,47.776],[-122.1129,47.7759],[-122.0747,47.776],[-122.0746,47.776],[-122.0547,47.7757],[-122.0004,47.7754],[-122.0003,47.7754],[-121.9918,47.7753],[-121.9678,47.7762],[-121.8646,47.7773],[-121.8514,47.7769],[-121.6668,47.7772],[-121.4563,47.7784],[-121.4555,47.7806],[-121.1192,47.7799],[-121.1109,47.7584],[-121.094,47.7582],[-121.079,47.7392],[-121.0874,47.7285],[-121.066,47.7136],[-121.1055,47.6888],[-121.1216,47.6852],[-121.1337,47.6456],[-121.1136,47.5973],[-121.1722,47.5902],[-121.1766,47.5669],[-121.2289,47.5656],[-121.243,47.5404],[-121.2429,47.5359],[-121.2634,47.5234],[-121.2789,47.523],[-121.3115,47.4796],[-121.3387,47.4764],[-121.348,47.4653],[-121.3639,47.4648],[-121.3791,47.4544],[-121.385,47.4346],[-121.4274,47.4207],[-121.4262,47.3896],[-121.4403,47.3859],[-121.4378,47.372],[-121.466,47.3678],[-121.4642,47.3544],[-121.4368,47.341],[-121.4304,47.3341],[-121.4444,47.3082],[-121.4322,47.293],[-121.3412,47.2813],[-121.3392,47.2736],[-121.3321,47.2589],[-121.3398,47.2472],[-121.3608,47.2404],[-121.3651,47.2246],[-121.3176,47.2121],[-121.3063,47.1877],[-121.3177,47.1743],[-121.2976,47.1486],[-121.3034,47.1389],[-121.335,47.1327],[-121.3647,47.1418],[-121.394,47.1328],[-121.4081,47.1181],[-121.4025,47.098],[-121.3797,47.0875],[-121.38,47.0872],[-121.4174,47.0884],[-121.4418,47.0844],[-121.4547,47.0894],[-121.4906,47.1168],[-121.5315,47.1246],[-121.5817,47.1186],[-121.5945,47.1222],[-121.6115,47.143],[-121.631,47.1535],[-121.6638,47.1599],[-121.6842,47.1498],[-121.7199,47.1512],[-121.7425,47.1642],[-121.7698,47.1654],[-121.7781,47.1734],[-121.7965,47.1731],[-121.8395,47.1434],[-121.9015,47.1557],[-121.9282,47.1474],[-121.9349,47.1382],[-121.9478,47.1428],[-121.9521,47.1545],[-121.9946,47.1727],[-122.0127,47.176],[-122.0374,47.1727],[-122.0556,47.1791],[-122.095,47.1952],[-122.1139,47.2187],[-122.1157,47.2313],[-122.144,47.2575],[-122.1745,47.2575],[-122.1867,47.2573],[-122.2083,47.2574],[-122.216,47.2574],[-122.2295,47.2576],[-122.2298,47.2576],[-122.2622,47.2574],[-122.2937,47.2573],[-122.2946,47.2572],[-122.3298,47.2574],[-122.3349,47.2576],[-122.3348,47.2631],[-122.3579,47.279],[-122.3634,47.2828],[-122.3816,47.2953],[-122.3818,47.2955],[-122.3896,47.3006],[-122.4183,47.3206],[-122.4059,47.3241],[-122.3823,47.3308],[-122.381,47.3312],[-122.3801,47.3314],[-122.3642,47.336],[-122.3467,47.3395],[-122.3369,47.3414],[-122.3248,47.3485],[-122.3253,47.3721],[-122.3257,47.3915],[-122.3276,47.3979],[-122.3284,47.4006],[-122.3318,47.4045],[-122.3326,47.4054],[-122.3339,47.4069],[-122.3352,47.4084],[-122.348,47.4159],[-122.3512,47.4231],[-122.3512,47.4308],[-122.3551,47.4419],[-122.3619,47.4452],[-122.367,47.4476],[-122.3831,47.4505],[-122.368,47.4592],[-122.3667,47.4637],[-122.3613,47.4814],[-122.3652,47.4884],[-122.3766,47.4957],[-122.3866,47.5022],[-122.3965,47.5152],[-122.3952,47.5202],[-122.3939,47.5248],[-122.3941,47.5258],[-122.3966,47.5399],[-122.3983,47.5501],[-122.4049,47.5608],[-122.4098,47.5689],[-122.4211,47.576],[-122.4018,47.5839],[-122.3871,47.5957],[-122.3761,47.5858],[-122.3754,47.5852],[-122.3702,47.5831],[-122.3582,47.5848],[-122.3443,47.5906],[-122.3429,47.5912],[-122.3395,47.5991],[-122.3396,47.5992],[-122.3412,47.6022],[-122.3423,47.6043],[-122.3449,47.6091],[-122.3463,47.61],[-122.3509,47.613],[-122.3593,47.6186],[-122.3595,47.6187],[-122.3678,47.6242],[-122.386,47.6317],[-122.3897,47.6314],[-122.3937,47.631],[-122.4042,47.6339],[-122.4146,47.6398],[-122.423,47.6503],[-122.4298,47.6589]]],[[[-122.526,47.3589],[-122.5178,47.3687],[-122.5197,47.375],[-122.521,47.3793],[-122.5267,47.3986],[-122.5214,47.4055],[-122.5147,47.414],[-122.5133,47.4491],[-122.4979,47.4759],[-122.4827,47.4831],[-122.4747,47.5111],[-122.4524,47.5035],[-122.4604,47.4938],[-122.46,47.4869],[-122.4334,47.4664],[-122.4394,47.4586],[-122.4399,47.4176],[-122.4399,47.417],[-122.4377,47.4074],[-122.4273,47.4021],[-122.3951,47.3993],[-122.3736,47.3887],[-122.3785,47.3853],[-122.4018,47.3813],[-122.4378,47.3656],[-122.4484,47.355],[-122.454,47.3433],[-122.4575,47.3426],[-122.4697,47.3446],[-122.4912,47.3352],[-122.4931,47.3303],[-122.5049,47.3307],[-122.5189,47.3333],[-122.5281,47.3455],[-122.526,47.3589]]]]","MultiPolygon",-121.806357849743,47.4902143620528,-121.835951729,47.49092319
"Equipment Problems","06037",49,"2026-10-07T02:41:12+00:00",,,"{""cause"": ""Equipment Problems"", ""Location"": {""kind"": ""electricalNetwork"", ""CoordinateSystem"": {""crsUrn"": ""EPSG:4326""}}}",,"{""ert"": ""2026-10-07T12:00:00Z""}","Not Available","Equipment Problems","{""kind"": ""electricalNetwork"", ""CoordinateSystem"": {""crsUrn"": ""EPSG:4326""}}","electricalNetwork","SOUTHERN CALIFORNIA EDISON CO,17609","17609","Los Angeles","California","Feature","[[[[-118.6034,33.4781],[-118.5988,33.4779],[-118.5859,33.4738],[-118.5445,33.4741],[-118.5307,33.4681],[-118.5002,33.4496],[-118.4997,33.4479],[-118.4856,33.4462],[-118.4776,33.4484],[-118.4458,33.4289],[-118.4236,33.4273],[-118.382,33.4099],[-118.3703,33.4093],[-118.3683,33.4071],[-118.3651,33.3884],[-118.3323,33.3564],[-118.3245,33.3488],[-118.3161,33.3429],[-118.3153,33.342],[-118.3102,33.3358],[-118.3032,33.3203],[-118.3051,33.3103],[-118.3168,33.3011],[-118.3252,33.2991],[-118.3432,33.3052],[-118.3603,33.3153],[-118.3748,33.3201],[-118.4029,33.3209],[-118.44,33.3186],[-118.4563,33.3218],[-118.4654,33.3261],[-118.4819,33.3441],[-118.4888,33.3566],[-118.4826,33.3699],[-118.4785,33.3863],[-118.4849,33.4121],[-118.4887,33.4198],[-118.504,33.4242],[-118.5159,33.4224],[-118.5163,33.4251],[-118.5232,33.4307],[-118.5374,33.4346],[-118.5587,33.4334],[-118.5634,33.4344],[-118.5709,33.4394],[-118.5759,33.4483],[-118.594,33.4672],[-118.6012,33.4699],[-118.604,33.4765],[-118.6034,33.4781]]],[[[-118.6055,33.031],[-118.594,33.036],[-118.5752,33.034],[-118.569,33.0292],[-118.5644,33.0249],[-118.5645,33.0186],[-118.5592,33.0063],[-118.5401,32.9809],[-118.5292,32.9709],[-118.4968,32.9338],[-118.4853,32.9235],[-118.479,32.9204],[-118.4606,32.9095],[-118.4468,32.8954],[-118.37,32.8393],[-118.3535,32.822],[-118.3565,32.8173],[-118.3605,32.8199],[-118.38,32.8245],[-118.3874,32.8253],[-118.3946,32.824],[-118.4013,32.8203],[-118.4256,32.8006],[-118.4294,32.8054],[-118.4284,32.8069],[-118.4449,32.8206],[-118.4761,32.8418],[-118.4879,32.8446],[-118.4963,32.8516],[-118.5069,32.8685],[-118.5081,32.8713],[-118.5072,32.8763],[-118.5246,32.8932],[-118.5245,32.8955],[-118.5358,32.9063],[-118.5511,32.9452],[-118.5609,32.9579],[-118.5735,32.9692],[-118.5869,33.0083],[-118.596,33.0154],[-118.6066,33.0147],[-118.6055,33.031]]],[[[-118.941,34.0748],[-118.8922,34.1048],[-118.8565,34.1268],[-118.8335,34.1409],[-118.8149,34.1523],[-118.7887,34.1682],[-118.7586,34.1681],[-118.7585,34.1681],[-118.7287,34.1679],[-118.712,34.1686],[-118.7034,34.1686],[-118.6938,34.1686],[-118.6682,34.1682],[-118.6682,34.1767],[-118.6682,34.1841],[-118.668,34.1992],[-118.6678,34.2068],[-118.6678,34.2223],[-118.6678,34.2234],[-118.6677,34.2367],[-118.6677,34.2403],[-118.6325,34.2404],[-118.6325,34.2419],[-118.6326,34.2549],[-118.6333,34.2683],[-118.6335,34.2695],[-118.6335,34.2698],[-118.6368,34.2918],[-118.6523,34.3234],[-118.6706,34.3607],[-118.6929,34.4061],[-118.7266,34.4745],[-118.8209,34.6659],[-118.8804,34.7887],[-118.8946,34.818],[-118.8817,34.8178],[-118.8833,34.8094],[-118.8672,34.8032],[-118.8657,34.8032],[-118.8541,34.8033],[-118.854,34.8178],[-118.5876,34.8183],[-118.3263,34.8197],[-118.22,34.8201],[-118.1401,34.8209],[-117.9167,34.8225],[-117.7744,34.8233],[-117.6675,34.8225],[-117.6672,34.7343],[-117.6671,34.5579],[-117.6604,34.5579],[-117.6601,34.4986],[-117.6597,34.4516],[-117.6552,34.3972],[-117.6552,34.397],[-117.6505,34.339],[-117.6464,34.2892],[-117.6772,34.1674],[-117.6777,34.1652],[-117.6833,34.1505],[-117.6868,34.1381],[-117.6892,34.1323],[-117.6936,34.1216],[-117.6996,34.1068],[-117.7044,34.0953],[-117.7049,34.094],[-117.7101,34.082],[-117.7112,34.0795],[-117.7128,34.0759],[-117.7135,34.0743],[-117.7167,34.0669],[-117.7181,34.0632],[-117.7193,34.0597],[-117.7194,34.0595],[-117.722,34.0522],[-117.7234,34.0485],[-117.7247,34.0449],[-117.728,34.0335],[-117.7301,34.0214],[-117.7454,34.02],[-117.746,34.0201],[-117.7677,34.0235],[-117.7677,34.0194],[-117.7672,34.0136],[-117.77,34.0047],[-117.7798,34.0048],[-117.7911,33.9947],[-117.8025,33.9756],[-117.7937,33.9681],[-117.7936,33.9579],[-117.7833,33.9463],[-117.8684,33.9459],[-117.9009,33.9461],[-117.9156,33.947],[-117.92,33.9461],[-117.9248,33.9461],[-117.9316,33.9461],[-117.9505,33.9461],[-117.9648,33.9461],[-117.9667,33.9461],[-117.9765,33.9399],[-117.9765,33.9398],[-117.9765,33.9282],[-117.9765,33.928],[-117.9766,33.9174],[-117.9766,33.9112],[-117.9766,33.9064],[-117.9854,33.9026],[-117.9853,33.8956],[-117.9992,33.8882],[-117.9994,33.8882],[-118.0028,33.8827],[-118.0028,33.8809],[-118.0115,33.8808],[-118.0114,33.8734],[-118.0288,33.8733],[-118.0287,33.8662],[-118.0376,33.866],[-118.0462,33.8587],[-118.0504,33.8507],[-118.0547,33.8462],[-118.0589,33.8462],[-118.059,33.8462],[-118.059,33.8454],[-118.059,33.8389],[-118.0612,33.8333],[-118.0633,33.8315],[-118.0633,33.8241],[-118.0674,33.8175],[-118.0688,33.8174],[-118.0815,33.8061],[-118.0842,33.8034],[-118.0873,33.7952],[-118.093,33.7861],[-118.0933,33.7857],[-118.0971,33.7742],[-118.092,33.7597],[-118.1058,33.7507],[-118.113,33.7471],[-118.1146,33.7446],[-118.1157,33.7429],[-118.1326,33.7532],[-118.1327,33.7532],[-118.1466,33.7573],[-118.1569,33.7603],[-118.1667,33.7621],[-118.1755,33.7636],[-118.1762,33.7635],[-118.1808,33.7631],[-118.1816,33.7615],[-118.1834,33.758],[-118.1877,33.7492],[-118.1837,33.7361],[-118.1833,33.7232],[-118.185,33.7231],[-118.2122,33.7212],[-118.2122,33.7212],[-118.2314,33.714],[-118.2587,33.7037],[-118.2635,33.7046],[-118.2772,33.7071],[-118.2781,33.7071],[-118.2928,33.7081],[-118.2947,33.7082],[-118.2971,33.7083],[-118.3123,33.7117],[-118.3172,33.7128],[-118.3228,33.7157],[-118.3333,33.7212],[-118.3547,33.7323],[-118.3605,33.7368],[-118.3721,33.739],[-118.385,33.7414],[-118.3966,33.7359],[-118.4036,33.7388],[-118.4112,33.742],[-118.4142,33.7477],[-118.4215,33.7616],[-118.4284,33.7747],[-118.4234,33.782],[-118.4202,33.7851],[-118.4129,33.7924],[-118.4115,33.7938],[-118.405,33.8002],[-118.3945,33.8043],[-118.3943,33.8043],[-118.3916,33.8152],[-118.3915,33.8154],[-118.3918,33.8288],[-118.3921,33.8386],[-118.3921,33.8409],[-118.3976,33.8524],[-118.4021,33.8618],[-118.4094,33.877],[-118.4127,33.8839],[-118.4127,33.8839],[-118.422,33.9016],[-118.4237,33.9047],[-118.4298,33.9163],[-118.4424,33.9403],[-118.4487,33.9502],[-118.4563,33.9624],[-118.4606,33.9691],[-118.4682,33.9783],[-118.4726,33.9837],[-118.4761,33.9878],[-118.4827,33.9959],[-118.4842,33.9977],[-118.4869,34.0003],[-118.4927,34.0058],[-118.5028,34.0155],[-118.5028,34.0155],[-118.5096,34.0204],[-118.5169,34.0256],[-118.5195,34.0275],[-118.5197,34.0276],[-118.5361,34.0352],[-118.5431,34.0385],[-118.5543,34.0398],[-118.5671,34.0414],[-118.5692,34.0416],[-118.6036,34.039],[-118.6097,34.0364],[-118.6364,34.0375],[-118.6684,34.0389],[-118.6754,34.0375],[-118.6794,34.0333],[-118.7062,34.0294],[-118.7143,34.0304],[-118.7324,34.0327],[-118.745,34.0321],[-118.7499,34.0307],[-118.7834,34.0215],[-118.7871,34.0195],[-118.8051,34.0012],[-118.8216,34.0139],[-118.8216,34.014],[-118.8404,34.0275],[-118.8428,34.0287],[-118.8547,34.0342],[-118.8962,34.0392],[-118.928,34.0458],[-118.9381,34.0434],[-118.9449,34.0453],[-118.941,34.0748]]]]","MultiPolygon",-118.224550062411,34.3213847298819,-118.261056479,34.198181903
"Equipment Problems","06037",408,"2026-10-07T03:52:16+00:00",,,"{""cause"": ""Equipment Problems"", ""Location"": {""kind"": ""electricalNetwork"", ""CoordinateSystem"": {""crsUrn"": ""EPSG:4326""}}}",,"{""ert"": ""2026-10-07T18:00:00Z""}","Not Available","Equipment Problems","{""kind"": ""electricalNetwork"", ""CoordinateSystem"": {""crsUrn"": ""EPSG:4326""}}","electricalNetwork","SOUTHERN CALIFORNIA EDISON CO,17609","17609","Los Angeles","California","Feature","[[[[-118.6034,33.4781],[-118.5988,33.4779],[-118.5859,33.4738],[-118.5445,33.4741],[-118.5307,33.4681],[-118.5002,33.4496],[-118.4997,33.4479],[-118.4856,33.4462],[-118.4776,33.4484],[-118.4458,33.4289],[-118.4236,33.4273],[-118.382,33.4099],[-118.3703,33.4093],[-118.3683,33.4071],[-118.3651,33.3884],[-118.3323,33.3564],[-118.3245,33.3488],[-118.3161,33.3429],[-118.3153,33.342],[-118.3102,33.3358],[-118.3032,33.3203],[-118.3051,33.3103],[-118.3168,33.3011],[-118.3252,33.2991],[-118.3432,33.3052],[-118.3603,33.3153],[-118.3748,33.3201],[-118.4029,33.3209],[-118.44,33.3186],[-118.4563,33.3218],[-118.4654,33.3261],[-118.4819,33.3441],[-118.4888,33.3566],[-118.4826,33.3699],[-118.4785,33.3863],[-118.4849,33.4121],[-118.4887,33.4198],[-118.504,33.4242],[-118.5159,33.4224],[-118.5163,33.4251],[-118.5232,33.4307],[-118.5374,33.4346],[-118.5587,33.4334],[-118.5634,33.4344],[-118.5709,33.4394],[-118.5759,33.4483],[-118.594,33.4672],[-118.6012,33.4699],[-118.604,33.4765],[-118.6034,33.4781]]],[[[-118.6055,33.031],[-118.594,33.036],[-118.5752,33.034],[-118.569,33.0292],[-118.5644,33.0249],[-118.5645,33.0186],[-118.5592,33.0063],[-118.5401,32.9809],[-118.5292,32.9709],[-118.4968,32.9338],[-118.4853,32.9235],[-118.479,32.9204],[-118.4606,32.9095],[-118.4468,32.8954],[-118.37,32.8393],[-118.3535,32.822],[-118.3565,32.8173],[-118.3605,32.8199],[-118.38,32.8245],[-118.3874,32.8253],[-118.3946,32.824],[-118.4013,32.8203],[-118.4256,32.8006],[-118.4294,32.8054],[-118.4284,32.8069],[-118.4449,32.8206],[-118.4761,32.8418],[-118.4879,32.8446],[-118.4963,32.8516],[-118.5069,32.8685],[-118.5081,32.8713],[-118.5072,32.8763],[-118.5246,32.8932],[-118.5245,32.8955],[-118.5358,32.9063],[-118.5511,32.9452],[-118.5609,32.9579],[-118.5735,32.9692],[-118.5869,33.0083],[-118.596,33.0154],[-118.6066,33.0147],[-118.6055,33.031]]],[[[-118.941,34.0748],[-118.8922,34.1048],[-118.8565,34.1268],[-118.8335,34.1409],[-118.8149,34.1523],[-118.7887,34.1682],[-118.7586,34.1681],[-118.7585,34.1681],[-118.7287,34.1679],[-118.712,34.1686],[-118.7034,34.1686],[-118.6938,34.1686],[-118.6682,34.1682],[-118.6682,34.1767],[-118.6682,34.1841],[-118.668,34.1992],[-118.6678,34.2068],[-118.6678,34.2223],[-118.6678,34.2234],[-118.6677,34.2367],[-118.6677,34.2403],[-118.6325,34.2404],[-118.6325,34.2419],[-118.6326,34.2549],[-118.6333,34.2683],[-118.6335,34.2695],[-118.6335,34.2698],[-118.6368,34.2918],[-118.6523,34.3234],[-118.6706,34.3607],[-118.6929,34.4061],[-118.7266,34.4745],[-118.8209,34.6659],[-118.8804,34.7887],[-118.8946,34.818],[-118.8817,34.8178],[-118.8833,34.8094],[-118.8672,34.8032],[-118.8657,34.8032],[-118.8541,34.8033],[-118.854,34.8178],[-118.5876,34.8183],[-118.3263,34.8197],[-118.22,34.8201],[-118.1401,34.8209],[-117.9167,34.8225],[-117.7744,34.8233],[-117.6675,34.8225],[-117.6672,34.7343],[-117.6671,34.5579],[-117.6604,34.5579],[-117.6601,34.4986],[-117.6597,34.4516],[-117.6552,34.3972],[-117.6552,34.397],[-117.6505,34.339],[-117.6464,34.2892],[-117.6772,34.1674],[-117.6777,34.1652],[-117.6833,34.1505],[-117.6868,34.1381],[-117.6892,34.1323],[-117.6936,34.1216],[-117.6996,34.1068],[-117.7044,34.0953],[-117.7049,34.094],[-117.7101,34.082],[-117.7112,34.0795],[-117.7128,34.0759],[-117.7135,34.0743],[-117.7167,34.0669],[-117.7181,34.0632],[-117.7193,34.0597],[-117.7194,34.0595],[-117.722,34.0522],[-117.7234,34.0485],[-117.7247,34.0449],[-117.728,34.0335],[-117.7301,34.0214],[-117.7454,34.02],[-117.746,34.0201],[-117.7677,34.0235],[-117.7677,34.0194],[-117.7672,34.0136],[-117.77,34.0047],[-117.7798,34.0048],[-117.7911,33.9947],[-117.8025,33.9756],[-117.7937,33.9681],[-117.7936,33.9579],[-117.7833,33.9463],[-117.8684,33.9459],[-117.9009,33.9461],[-117.9156,33.947],[-117.92,33.9461],[-117.9248,33.9461],[-117.9316,33.9461],[-117.9505,33.9461],[-117.9648,33.9461],[-117.9667,33.9461],[-117.9765,33.9399],[-117.9765,33.9398],[-117.9765,33.9282],[-117.9765,33.928],[-117.9766,33.9174],[-117.9766,33.9112],[-117.9766,33.9064],[-117.9854,33.9026],[-117.9853,33.8956],[-117.9992,33.8882],[-117.9994,33.8882],[-118.0028,33.8827],[-118.0028,33.8809],[-118.0115,33.8808],[-118.0114,33.8734],[-118.0288,33.8733],[-118.0287,33.8662],[-118.0376,33.866],[-118.0462,33.8587],[-118.0504,33.8507],[-118.0547,33.8462],[-118.0589,33.8462],[-118.059,33.8462],[-118.059,33.8454],[-118.059,33.8389],[-118.0612,33.8333],[-118.0633,33.8315],[-118.0633,33.8241],[-118.0674,33.8175],[-118.0688,33.8174],[-118.0815,33.8061],[-118.0842,33.8034],[-118.0873,33.7952],[-118.093,33.7861],[-118.0933,33.7857],[-118.0971,33.7742],[-118.092,33.7597],[-118.1058,33.7507],[-118.113,33.7471],[-118.1146,33.7446],[-118.1157,33.7429],[-118.1326,33.7532],[-118.1327,33.7532],[-118.1466,33.7573],[-118.1569,33.7603],[-118.1667,33.7621],[-118.1755,33.7636],[-118.1762,33.7635],[-118.1808,33.7631],[-118.1816,33.7615],[-118.1834,33.758],[-118.1877,33.7492],[-118.1837,33.7361],[-118.1833,33.7232],[-118.185,33.7231],[-118.2122,33.7212],[-118.2122,33.7212],[-118.2314,33.714],[-118.2587,33.7037],[-118.2635,33.7046],[-118.2772,33.7071],[-118.2781,33.7071],[-118.2928,33.7081],[-118.2947,33.7082],[-118.2971,33.7083],[-118.3123,33.7117],[-118.3172,33.7128],[-118.3228,33.7157],[-118.3333,33.7212],[-118.3547,33.7323],[-118.3605,33.7368],[-118.3721,33.739],[-118.385,33.7414],[-118.3966,33.7359],[-118.4036,33.7388],[-118.4112,33.742],[-118.4142,33.7477],[-118.4215,33.7616],[-118.4284,33.7747],[-118.4234,33.782],[-118.4202,33.7851],[-118.4129,33.7924],[-118.4115,33.7938],[-118.405,33.8002],[-118.3945,33.8043],[-118.3943,33.8043],[-118.3916,33.8152],[-118.3915,33.8154],[-118.3918,33.8288],[-118.3921,33.8386],[-118.3921,33.8409],[-118.3976,33.8524],[-118.4021,33.8618],[-118.4094,33.877],[-118.4127,33.8839],[-118.4127,33.8839],[-118.422,33.9016],[-118.4237,33.9047],[-118.4298,33.9163],[-118.4424,33.9403],[-118.4487,33.9502],[-118.4563,33.9624],[-118.4606,33.9691],[-118.4682,33.9783],[-118.4726,33.9837],[-118.4761,33.9878],[-118.4827,33.9959],[-118.4842,33.9977],[-118.4869,34.0003],[-118.4927,34.0058],[-118.5028,34.0155],[-118.5028,34.0155],[-118.5096,34.0204],[-118.5169,34.0256],[-118.5195,34.0275],[-118.5197,34.0276],[-118.5361,34.0352],[-118.5431,34.0385],[-118.5543,34.0398],[-118.5671,34.0414],[-118.5692,34.0416],[-118.6036,34.039],[-118.6097,34.0364],[-118.6364,34.0375],[-118.6684,34.0389],[-118.6754,34.0375],[-118.6794,34.0333],[-118.7062,34.0294],[-118.7143,34.0304],[-118.7324,34.0327],[-118.745,34.0321],[-118.7499,34.0307],[-118.7834,34.0215],[-118.7871,34.0195],[-118.8051,34.0012],[-118.8216,34.0139],[-118.8216,34.014],[-118.8404,34.0275],[-118.8428,34.0287],[-118.8547,34.0342],[-118.8962,34.0392],[-118.928,34.0458],[-118.9381,34.0434],[-118.9449,34.0453],[-118.941,34.0748]]]]","MultiPolygon",-118.224550062411,34.3213847298819,-118.261056479,34.198181903
"Upgrading Equipment","06065",36,"2026-10-07T02:00:00+00:00",,,"{""cause"": ""Upgrading Equipment"", ""Location"": {""kind"": ""electricalNetwork"", ""CoordinateSystem"": {""crsUrn"": ""EPSG:4326""}}}",,"{""ert"": ""2026-10-07T11:30:11Z""}","Enhancing Reliability","Upgrading Equipment","{""kind"": ""electricalNetwork"", ""CoordinateSystem"": {""crsUrn"": ""EPSG:4326""}}","electricalNetwork","SOUTHERN CALIFORNIA EDISON CO,17609","17609","Riverside","California","Feature","[[[[-117.6755,33.8881],[-117.6549,33.8888],[-117.6554,33.9243],[-117.6434,33.9251],[-117.6109,33.9251],[-117.6109,33.946],[-117.611,33.9687],[-117.5998,33.9753],[-117.5932,33.9774],[-117.5584,33.9884],[-117.5584,33.9971],[-117.5583,34.0189],[-117.5583,34.0335],[-117.5502,34.0335],[-117.5243,34.0335],[-117.5069,34.0335],[-117.4812,34.0335],[-117.4712,34.0336],[-117.4655,34.0336],[-117.4332,34.0342],[-117.4142,34.0343],[-117.4015,34.034],[-117.3753,34.0339],[-117.3754,34.0194],[-117.3701,34.0194],[-117.3626,34.0193],[-117.36,34.0193],[-117.3594,34.0193],[-117.34,34.0194],[-117.3396,34.0193],[-117.3137,34.0193],[-117.3049,34.0193],[-117.2961,34.0183],[-117.2827,34.0184],[-117.2706,34.0187],[-117.2255,34.018],[-117.2254,34.0053],[-117.2123,34.0041],[-117.1915,34.0041],[-117.1909,34.0041],[-117.1677,34.0041],[-117.1615,34.0041],[-117.1613,34.0041],[-117.1612,34.0041],[-117.1609,34.0042],[-117.1608,34.0042],[-117.1213,34.0035],[-117.1067,34.0043],[-117.1039,34.0044],[-117.099,34.0042],[-117.0865,34.0038],[-117.066,34.0039],[-117.0649,34.0039],[-117.0541,34.0041],[-117.0389,34.0047],[-117.0258,34.0047],[-117.0213,34.0046],[-117.0014,34.0043],[-116.9872,34.0047],[-116.9633,34.0048],[-116.9336,34.0049],[-116.9294,34.0049],[-116.9296,34.0341],[-116.9061,34.0341],[-116.905,34.0341],[-116.8771,34.034],[-116.8738,34.0339],[-116.7197,34.0338],[-116.6156,34.0333],[-116.6033,34.0326],[-116.5915,34.0326],[-116.5123,34.0329],[-116.4578,34.0329],[-116.3006,34.0325],[-116.3006,34.0344],[-116.0464,34.0343],[-115.3162,34.0341],[-115.3161,34.0778],[-115.1924,34.0778],[-115.1361,34.0797],[-114.8295,34.0796],[-114.4502,34.0798],[-114.4354,34.0797],[-114.4377,34.0719],[-114.4393,34.0579],[-114.4394,34.0538],[-114.4386,34.0502],[-114.4355,34.0426],[-114.4349,34.0378],[-114.4362,34.0281],[-114.4383,34.0226],[-114.4405,34.0193],[-114.4438,34.0162],[-114.4502,34.0126],[-114.4548,34.011],[-114.4589,34.0108],[-114.4612,34.0101],[-114.4628,34.0084],[-114.4631,34.0066],[-114.4628,34.0045],[-114.4604,33.9992],[-114.4603,33.9966],[-114.4612,33.9947],[-114.4624,33.9938],[-114.4662,33.9935],[-114.4679,33.9929],[-114.4711,33.988],[-114.4759,33.9844],[-114.4815,33.9813],[-114.4823,33.9802],[-114.4831,33.9777],[-114.4848,33.9755],[-114.495,33.9668],[-114.4999,33.9618],[-114.5096,33.9573],[-114.5112,33.957],[-114.5159,33.9581],[-114.522,33.9556],[-114.5287,33.9478],[-114.5355,33.9347],[-114.535,33.9285],[-114.5337,33.9261],[-114.5284,33.9237],[-114.5254,33.9223],[-114.5184,33.9175],[-114.5115,33.9111],[-114.5086,33.9061],[-114.5079,33.9038],[-114.508,33.9018],[-114.5087,33.9006],[-114.5109,33.8991],[-114.5137,33.898],[-114.5163,33.8962],[-114.5178,33.8949],[-114.5187,33.8932],[-114.5189,33.8917],[-114.5186,33.8898],[-114.5178,33.8882],[-114.5165,33.8859],[-114.5125,33.8829],[-114.5043,33.8769],[-114.5034,33.875],[-114.503,33.868],[-114.5039,33.8658],[-114.5056,33.8643],[-114.5147,33.8586],[-114.5168,33.8581],[-114.5245,33.8585],[-114.5268,33.8574],[-114.5285,33.8549],[-114.5294,33.8518],[-114.5296,33.8481],[-114.5255,33.8386],[-114.5234,33.8353],[-114.5205,33.8278],[-114.52,33.8254],[-114.5207,33.822],[-114.5227,33.819],[-114.5272,33.8162],[-114.528,33.815],[-114.5201,33.7995],[-114.5167,33.7883],[-114.5071,33.7679],[-114.5049,33.7605],[-114.5048,33.7602],[-114.5043,33.7564],[-114.5045,33.751],[-114.506,33.7463],[-114.5082,33.7416],[-114.5119,33.735],[-114.5123,33.7342],[-114.5103,33.7321],[-114.5068,33.7305],[-114.5042,33.7281],[-114.5027,33.7246],[-114.5008,33.7222],[-114.4966,33.7192],[-114.4949,33.7144],[-114.4942,33.7079],[-114.4957,33.6985],[-114.4965,33.6969],[-114.505,33.693],[-114.5124,33.6913],[-114.5191,33.6885],[-114.524,33.6859],[-114.5278,33.6827],[-114.5303,33.6792],[-114.5315,33.6751],[-114.531,33.6711],[-114.5297,33.668],[-114.5283,33.666],[-114.5269,33.6643],[-114.526,33.6629],[-114.5252,33.6616],[-114.525,33.6596],[-114.5252,33.6581],[-114.5258,33.6571],[-114.5269,33.6556],[-114.5283,33.653],[-114.5302,33.6501],[-114.5301,33.6476],[-114.5291,33.6441],[-114.5279,33.6414],[-114.5271,33.6381],[-114.5269,33.6375],[-114.5269,33.6331],[-114.5285,33.6302],[-114.5299,33.6274],[-114.5297,33.6228],[-114.5279,33.6188],[-114.5258,33.6166],[-114.5246,33.6143],[-114.5248,33.6114],[-114.5268,33.6088],[-114.5292,33.6067],[-114.5406,33.5914],[-114.5403,33.5806],[-114.536,33.5692],[-114.5357,33.5688],[-114.5268,33.5575],[-114.5244,33.5537],[-114.5246,33.5522],[-114.542,33.5425],[-114.5589,33.5318],[-114.5595,33.5307],[-114.5608,33.5243],[-114.5606,33.5183],[-114.561,33.5167],[-114.5695,33.5092],[-114.5738,33.5075],[-114.5805,33.5065],[-114.5882,33.5025],[-114.5916,33.4994],[-114.5973,33.4907],[-114.5988,33.4868],[-114.5997,33.4843],[-114.6017,33.4814],[-114.6078,33.4748],[-114.6125,33.4708],[-114.6229,33.4566],[-114.6234,33.4545],[-114.6223,33.4476],[-114.6271,33.4336],[-114.7665,33.4337],[-114.8283,33.4337],[-115.4675,33.4284],[-115.6775,33.4274],[-115.9318,33.4265],[-116.0264,33.4263],[-116.06,33.426],[-116.0852,33.4259],[-116.1126,33.4259],[-116.6177,33.4274],[-116.623,33.4273],[-116.8367,33.4269],[-117.0309,33.4269],[-117.0523,33.4302],[-117.089,33.4303],[-117.0987,33.4304],[-117.1437,33.4326],[-117.2249,33.432],[-117.2413,33.432],[-117.2505,33.4516],[-117.2838,33.4624],[-117.3636,33.4881],[-117.3709,33.4905],[-117.3643,33.505],[-117.5097,33.505],[-117.5032,33.5204],[-117.5102,33.534],[-117.4927,33.5577],[-117.4579,33.6022],[-117.413,33.659],[-117.4559,33.689],[-117.4598,33.6917],[-117.4746,33.7038],[-117.4976,33.7056],[-117.5314,33.71],[-117.5341,33.7126],[-117.5364,33.7577],[-117.5692,33.7646],[-117.5801,33.768],[-117.6367,33.83],[-117.6621,33.8575],[-117.6743,33.858],[-117.6751,33.8687],[-117.6719,33.8697],[-117.6724,33.8703],[-117.673,33.871],[-117.6688,33.8805],[-117.6755,33.8881]]]]","MultiPolygon",-115.994764890688,33.7437710409515,-115.993817674,33.74367508
,"37013",1720,,,,"{""Location"": {""kind"": ""electricalNetwork"", ""CoordinateSystem"": {""crsUrn"": ""EPSG:4326""}}}",,,,,"{""kind"": ""electricalNetwork"", ""CoordinateSystem"": {""crsUrn"": ""EPSG:4326""}}","electricalNetwork","TIDELAND ELECTRIC MEMBER CORP,19108","19108","Beaufort","North Carolina","Feature","[[[[-77.1857,35.7197],[-77.1735,35.716],[-77.1735,35.7279],[-77.174,35.7328],[-77.1638,35.7395],[-77.0346,35.679],[-77.0085,35.6689],[-76.9858,35.6588],[-76.8473,35.72],[-76.8446,35.7057],[-76.8295,35.7056],[-76.7633,35.7055],[-76.6375,35.7052],[-76.602,35.6701],[-76.6061,35.6467],[-76.5783,35.612],[-76.5511,35.5966],[-76.5343,35.5956],[-76.539,35.5829],[-76.5193,35.5848],[-76.5014,35.5716],[-76.4921,35.5729],[-76.4678,35.5558],[-76.4712,35.5574],[-76.4836,35.5382],[-76.5568,35.5289],[-76.6004,35.5385],[-76.6148,35.5266],[-76.6304,35.5137],[-76.6345,35.5103],[-76.6015,35.4608],[-76.5802,35.3871],[-76.606,35.3871],[-76.7101,35.4272],[-76.7592,35.4189],[-76.8239,35.4451],[-76.8309,35.4479],[-76.942,35.4735],[-76.9564,35.4808],[-77.0239,35.5148],[-77.0246,35.5151],[-77.0263,35.4951],[-77.0266,35.4906],[-76.9667,35.4378],[-76.8919,35.4336],[-76.82,35.4059],[-76.664,35.3457],[-76.6068,35.3371],[-76.6175,35.3289],[-76.6189,35.3001],[-76.6122,35.2793],[-76.6326,35.2353],[-76.7741,35.2228],[-76.8453,35.2161],[-76.8959,35.2539],[-76.9357,35.2837],[-76.9588,35.3009],[-77.0995,35.3728],[-77.1891,35.4184],[-77.1912,35.435],[-77.1822,35.4493],[-77.1738,35.4566],[-77.1738,35.4726],[-77.1671,35.4969],[-77.1762,35.5191],[-77.1274,35.5538],[-77.1132,35.5497],[-77.1008,35.5515],[-77.0846,35.5526],[-77.0874,35.5641],[-77.1105,35.5696],[-77.1099,35.5831],[-77.1508,35.6026],[-77.1408,35.6052],[-77.1424,35.6179],[-77.1728,35.6391],[-77.1807,35.6645],[-77.1671,35.6726],[-77.1698,35.6843],[-77.1958,35.6998],[-77.1857,35.7197]]]]","MultiPolygon",-76.8589373781448,35.4941226525085,-76.845314405,35.486983814
,"50009",2,,,,"{""Location"": {""kind"": ""electricalNetwork"", ""CoordinateSystem"": {""crsUrn"": ""EPSG:4326""}}}",,,,,"{""kind"": ""electricalNetwork"", ""CoordinateSystem"": {""crsUrn"": ""EPSG:4326""}}","electricalNetwork","VERMONT ELECTRIC COOPERATIVE, INC,19791","19791","Essex","Vermont","Feature","[[[[-71.9748,44.7872],[-71.8779,44.8788],[-71.9201,44.9015],[-71.8993,45.0082],[-71.7675,45.0114],[-71.6919,45.0114],[-71.6098,45.0127],[-71.5606,45.0126],[-71.5011,45.0134],[-71.465,45.0136],[-71.4662,45.012],[-71.4796,45.0029],[-71.4876,45.0009],[-71.4974,45.0039],[-71.5146,45.004],[-71.52,45.0023],[-71.525,45.0019],[-71.5301,44.9997],[-71.537,44.9942],[-71.5386,44.9882],[-71.5378,44.9843],[-71.5316,44.976],[-71.5272,44.9737],[-71.5224,44.9663],[-71.5162,44.9646],[-71.5148,44.9587],[-71.5168,44.9476],[-71.5155,44.9435],[-71.5157,44.9428],[-71.5161,44.9408],[-71.5169,44.9397],[-71.5152,44.9273],[-71.5092,44.9234],[-71.5045,44.9191],[-71.5008,44.9145],[-71.4944,44.9118],[-71.4939,44.9109],[-71.4958,44.905],[-71.497,44.9042],[-71.4995,44.9048],[-71.5011,44.9044],[-71.5025,44.9027],[-71.5086,44.8977],[-71.5139,44.8946],[-71.5143,44.894],[-71.5141,44.8931],[-71.5117,44.8916],[-71.5123,44.8902],[-71.5224,44.8808],[-71.5266,44.8791],[-71.5283,44.8778],[-71.5289,44.8769],[-71.5292,44.8736],[-71.5346,44.8697],[-71.5401,44.8686],[-71.5459,44.8661],[-71.5495,44.8626],[-71.5502,44.8616],[-71.5503,44.8596],[-71.5484,44.857],[-71.5483,44.8555],[-71.5537,44.8521],[-71.5556,44.8505],[-71.5568,44.8488],[-71.5567,44.8469],[-71.555,44.8457],[-71.5527,44.842],[-71.552,44.8392],[-71.5522,44.8378],[-71.5537,44.8361],[-71.5577,44.8344],[-71.5623,44.8246],[-71.5637,44.8239],[-71.5648,44.8239],[-71.5651,44.8247],[-71.5679,44.8238],[-71.5743,44.8181],[-71.5755,44.8161],[-71.5751,44.8136],[-71.5729,44.8104],[-71.5692,44.8088],[-71.5691,44.807],[-71.5704,44.8053],[-71.5731,44.7979],[-71.5717,44.7948],[-71.5732,44.7919],[-71.5789,44.7861],[-71.58,44.7855],[-71.5844,44.7857],[-71.593,44.7828],[-71.5969,44.779],[-71.5967,44.7774],[-71.5959,44.7763],[-71.596,44.7754],[-71.6015,44.7721],[-71.6022,44.771],[-71.6046,44.7677],[-71.6082,44.7657],[-71.6118,44.7643],[-71.6143,44.7606],[-71.6142,44.7587],[-71.6179,44.7559],[-71.6239,44.7551],[-71.6313,44.7533],[-71.6319,44.7525],[-71.632,44.7503],[-71.6311,44.7487],[-71.6269,44.7472],[-71.6252,44.744],[-71.6251,44.7371],[-71.6256,44.7351],[-71.6256,44.7303],[-71.6249,44.729],[-71.6233,44.7278],[-71.6226,44.7278],[-71.6191,44.7293],[-71.6177,44.7289],[-71.6174,44.7281],[-71.6185,44.7239],[-71.6184,44.7226],[-71.6131,44.7189],[-71.6049,44.7082],[-71.5998,44.7053],[-71.5992,44.7039],[-71.6008,44.7008],[-71.6008,44.6999],[-71.6002,44.6989],[-71.5987,44.698],[-71.5969,44.6949],[-71.598,44.6928],[-71.5964,44.6871],[-71.5942,44.6838],[-71.5947,44.6816],[-71.5964,44.6797],[-71.5963,44.6791],[-71.59,44.6755],[-71.5874,44.6749],[-71.583,44.6748],[-71.582,44.6735],[-71.5825,44.6723],[-71.5845,44.6702],[-71.5856,44.6693],[-71.5856,44.6676],[-71.5846,44.6654],[-71.5852,44.6635],[-71.5866,44.6611],[-71.5866,44.6595],[-71.5848,44.6578],[-71.583,44.6566],[-71.576,44.6557],[-71.5757,44.6546],[-71.5763,44.6532],[-71.5761,44.652],[-71.5751,44.6506],[-71.5722,44.6504],[-71.5702,44.6505],[-71.5687,44.6515],[-71.5676,44.6536],[-71.5661,44.6539],[-71.5644,44.6528],[-71.5618,44.6502],[-71.5586,44.6444],[-71.558,44.6418],[-71.5589,44.6401],[-71.5626,44.6395],[-71.5626,44.6373],[-71.5621,44.6366],[-71.5546,44.6322],[-71.5517,44.6276],[-71.5532,44.6266],[-71.5539,44.6254],[-71.5547,44.6254],[-71.5558,44.6241],[-71.5566,44.617],[-71.5541,44.6096],[-71.5539,44.6071],[-71.5548,44.6052],[-71.5558,44.6035],[-71.556,44.6014],[-71.5544,44.5984],[-71.5546,44.5958],[-71.5534,44.5935],[-71.5493,44.5932],[-71.5406,44.5905],[-71.5363,44.5884],[-71.5377,44.5848],[-71.5401,44.5825],[-71.5449,44.5793],[-71.5474,44.5785],[-71.5493,44.5792],[-71.5511,44.5804],[-71.5532,44.5807],[-71.5555,44.5782],[-71.5583,44.5715],[-71.5586,44.5707],[-71.559,44.5688],[-71.5586,44.5656],[-71.5598,44.5641],[-71.5634,44.5632],[-71.5696,44.5628],[-71.5755,44.5648],[-71.5902,44.5657],[-71.5921,44.5651],[-71.5939,44.5638],[-71.5961,44.5609],[-71.5978,44.5572],[-71.5981,44.5554],[-71.5968,44.5534],[-71.5881,44.5478],[-71.5752,44.5409],[-71.5731,44.538],[-71.573,44.5363],[-71.5745,44.5337],[-71.5769,44.5303],[-71.5825,44.5244],[-71.5857,44.5227],[-71.5871,44.5224],[-71.5929,44.523],[-71.5943,44.5217],[-71.594,44.5197],[-71.5921,44.5178],[-71.5869,44.5147],[-71.5859,44.5134],[-71.585,44.5101],[-71.5832,44.5083],[-71.5778,44.5049],[-71.5771,44.504],[-71.5776,44.5027],[-71.5788,44.5019],[-71.58,44.5018],[-71.5852,44.5013],[-71.5884,44.5005],[-71.5915,44.4997],[-71.5952,44.4967],[-71.5955,44.4944],[-71.5979,44.4884],[-71.5995,44.4865],[-71.6096,44.4843],[-71.6159,44.4859],[-71.6176,44.4857],[-71.631,44.4843],[-71.6328,44.4839],[-71.6393,44.4778],[-71.6431,44.4766],[-71.6459,44.4751],[-71.6477,44.4731],[-71.6482,44.472],[-71.6479,44.47],[-71.6466,44.4689],[-71.6408,44.4659],[-71.6404,44.4642],[-71.6429,44.4617],[-71.6451,44.4605],[-71.6523,44.4611],[-71.6533,44.4605],[-71.6573,44.454],[-71.659,44.4449],[-71.6611,44.4414],[-71.6618,44.4403],[-71.6642,44.4384],[-71.6689,44.4365],[-71.6774,44.4357],[-71.6793,44.435],[-71.6799,44.4341],[-71.6792,44.4322],[-71.68,44.4279],[-71.6859,44.4234],[-71.6909,44.4212],[-71.6994,44.4161],[-71.708,44.412],[-71.7151,44.4105],[-71.7262,44.4114],[-71.7315,44.411],[-71.7359,44.4101],[-71.7378,44.4089],[-71.7399,44.4068],[-71.7423,44.4024],[-71.7431,44.4017],[-71.745,44.4014],[-71.7495,44.402],[-71.7543,44.4056],[-71.7561,44.4064],[-71.762,44.407],[-71.765,44.4066],[-71.7657,44.4063],[-71.7679,44.4054],[-71.7728,44.4031],[-71.7754,44.4011],[-71.7786,44.3998],[-71.7907,44.4003],[-71.7939,44.3993],[-71.8024,44.3934],[-71.8035,44.3919],[-71.8035,44.3904],[-71.7999,44.386],[-71.8003,44.3843],[-71.8035,44.3833],[-71.8088,44.3839],[-71.8131,44.3828],[-71.8144,44.3819],[-71.8158,44.3755],[-71.8153,44.3746],[-71.8124,44.3725],[-71.8122,44.3715],[-71.8128,44.3704],[-71.8155,44.3688],[-71.8162,44.3676],[-71.815,44.3637],[-71.8125,44.3585],[-71.8122,44.3574],[-71.8129,44.3555],[-71.8144,44.3545],[-71.8188,44.3529],[-71.8262,44.352],[-71.8333,44.3501],[-71.8378,44.3477],[-71.9332,44.4411],[-71.9033,44.4547],[-71.8567,44.4963],[-71.9089,44.5479],[-71.8424,44.6109],[-71.9102,44.6468],[-71.8371,44.7164],[-71.8575,44.7269],[-71.9393,44.7694],[-71.9748,44.7872]]]]","MultiPolygon",-71.7361015071451,44.7280066045852,-71.735881668,44.727539098
"Scheduled Outage","53067",53,"2026-10-02T20:48:58+00:00","awaitingCrewAssignment","None","{""cause"": ""Scheduled Outage"", ""Location"": {""kind"": ""electricalNetwork"", ""CoordinateSystem"": {""crsUrn"": ""EPSG:4326""}}}",,"{""ert"": ""0001-01-01T00:00:00Z""}","lineDown","Scheduled Outage","{""kind"": ""electricalNetwork"", ""CoordinateSystem"": {""crsUrn"": ""EPSG:4326""}}","electricalNetwork","Puget Sound Energy Inc,pugetsoundenergy","pugetsoundenergy","Thurston","Washington","Feature","[[[[-123.201,47.0147],[-123.2,47.0148],[-123.2011,47.0171],[-123.2019,47.0851],[-123.0751,47.0848],[-123.075,47.0907],[-123.0737,47.1062],[-123.0154,47.1238],[-123.0057,47.1489],[-122.9528,47.1701],[-122.9405,47.1897],[-122.9363,47.1895],[-122.9113,47.176],[-122.9075,47.1649],[-122.9035,47.1575],[-122.8799,47.1583],[-122.859,47.1674],[-122.8599,47.1656],[-122.852,47.1644],[-122.8414,47.1686],[-122.8261,47.1747],[-122.8142,47.1795],[-122.7843,47.1364],[-122.7751,47.1231],[-122.7247,47.1044],[-122.7214,47.1032],[-122.6937,47.1036],[-122.7075,47.0853],[-122.704,47.0719],[-122.7039,47.0717],[-122.6755,47.0372],[-122.6716,47.0149],[-122.6298,46.9974],[-122.6351,46.9756],[-122.5801,46.9775],[-122.5652,46.9666],[-122.5647,46.9664],[-122.5631,46.9644],[-122.5719,46.9611],[-122.5661,46.9442],[-122.5604,46.9335],[-122.5279,46.925],[-122.4978,46.9088],[-122.4909,46.8675],[-122.4844,46.8682],[-122.4753,46.8634],[-122.4506,46.8525],[-122.3785,46.8394],[-122.3729,46.8452],[-122.3036,46.8281],[-122.3125,46.796],[-122.2847,46.7737],[-122.2696,46.7668],[-122.2381,46.7753],[-122.2031,46.7631],[-122.5096,46.7627],[-122.6476,46.7633],[-122.7883,46.7636],[-122.8973,46.7637],[-122.9294,46.764],[-122.9923,46.7645],[-122.9925,46.7645],[-123.0331,46.7645],[-123.1609,46.7643],[-123.1606,46.7934],[-123.1605,46.8272],[-123.1605,46.8375],[-123.1606,46.8955],[-123.1584,46.9959],[-123.2031,46.997],[-123.201,47.0147]]]]","MultiPolygon",-122.833335161876,46.9270093814348,-122.832293744,46.929626905
,"27057",1,,,,"{""Location"": {""kind"": ""electricalNetwork"", ""CoordinateSystem"": {""crsUrn"": ""EPSG:4326""}}}",,,,,"{""kind"": ""electricalNetwork"", ""CoordinateSystem"": {""crsUrn"": ""EPSG:4326""}}","electricalNetwork","BELTRAMI ELECTRIC COOP, INC,1529","1529","Hubbard","Minnesota","Feature","[[[[-95.1832,47.4128],[-94.6871,47.41],[-94.6702,47.4102],[-94.6715,47.3228],[-94.6635,47.3226],[-94.6637,47.2802],[-94.6639,47.1431],[-94.6639,47.0355],[-94.6638,47.0248],[-94.6636,46.9769],[-94.6588,46.9549],[-94.6589,46.9197],[-94.6599,46.8037],[-94.7871,46.8039],[-95.0376,46.8056],[-95.163,46.8047],[-95.1623,46.9782],[-95.1703,46.9782],[-95.1696,47.0147],[-95.1692,47.1525],[-95.1693,47.2397],[-95.1696,47.3254],[-95.1827,47.3255],[-95.1832,47.4128]]]]","MultiPolygon",-94.9166044684453,47.1087450936447,-94.916618973,47.108632191
,"48201",8,"2026-10-07T11:14:00+00:00","Pending Assessment",,"{""Location"": {""kind"": ""electricalNetwork"", ""CoordinateSystem"": {""crsUrn"": ""EPSG:4326""}}}",,,,,"{""kind"": ""electricalNetwork"", ""CoordinateSystem"": {""crsUrn"": ""EPSG:4326""}}","electricalNetwork","CENTERPOINT ENERGY,8901","8901","Harris","Texas","Feature","[[[[-95.9471,30.1545],[-95.9446,30.1483],[-95.8908,30.119],[-95.8741,30.1222],[-95.8447,30.0889],[-95.8286,30.0818],[-95.8033,30.0901],[-95.7893,30.0945],[-95.7632,30.0869],[-95.7552,30.0921],[-95.7496,30.0954],[-95.7339,30.0935],[-95.7071,30.1029],[-95.7021,30.099],[-95.6542,30.1092],[-95.6457,30.1192],[-95.6369,30.1264],[-95.6287,30.1278],[-95.6241,30.1267],[-95.6196,30.1355],[-95.6021,30.1327],[-95.5968,30.1345],[-95.5909,30.1361],[-95.5746,30.1518],[-95.5522,30.1705],[-95.5414,30.1703],[-95.5185,30.1522],[-95.5047,30.1451],[-95.5016,30.144],[-95.4974,30.1362],[-95.4913,30.1108],[-95.4873,30.108],[-95.4538,30.1046],[-95.4521,30.1077],[-95.4366,30.1104],[-95.4242,30.1155],[-95.422,30.1097],[-95.41,30.0928],[-95.4054,30.0921],[-95.3917,30.0827],[-95.3746,30.0862],[-95.3667,30.0776],[-95.3536,30.0763],[-95.3095,30.0456],[-95.311,30.0329],[-95.3069,30.0311],[-95.3024,30.0323],[-95.2847,30.0299],[-95.272,30.0324],[-95.2638,30.0324],[-95.2637,30.0325],[-95.2548,30.0396],[-95.2419,30.0498],[-95.2191,30.0685],[-95.2113,30.0745],[-95.2003,30.0834],[-95.1957,30.0873],[-95.1805,30.0995],[-95.1245,30.1445],[-95.1236,30.1454],[-95.0967,30.1672],[-95.0726,30.1031],[-95.0485,30.0387],[-95.0309,29.9937],[-95.0268,29.9967],[-94.9998,29.9913],[-94.9859,29.973],[-94.9987,29.9198],[-94.9845,29.8943],[-94.9815,29.8843],[-94.9768,29.868],[-94.9471,29.8495],[-94.9346,29.8343],[-94.909,29.8267],[-94.9098,29.8212],[-94.9229,29.8024],[-94.9166,29.7703],[-94.9132,29.7674],[-94.9286,29.7412],[-94.9392,29.7268],[-94.9299,29.6974],[-94.9156,29.6978],[-94.9312,29.6739],[-94.9342,29.6787],[-94.9361,29.6927],[-94.9427,29.6978],[-94.9567,29.6993],[-94.966,29.7003],[-94.9727,29.6849],[-94.9801,29.6791],[-94.9819,29.6777],[-95.0054,29.6594],[-95.0117,29.6498],[-95.0144,29.6428],[-95.0156,29.6395],[-95.0135,29.6292],[-94.9991,29.618],[-94.9889,29.6101],[-94.9827,29.6013],[-94.9863,29.5956],[-94.989,29.5912],[-95.0077,29.5743],[-95.0161,29.5593],[-95.0166,29.5585],[-95.0183,29.5549],[-95.0182,29.5546],[-95.017,29.5486],[-95.0176,29.5485],[-95.0231,29.5494],[-95.0354,29.5531],[-95.0501,29.5585],[-95.0572,29.5591],[-95.0643,29.5588],[-95.069,29.5564],[-95.0743,29.5482],[-95.0783,29.5473],[-95.0794,29.5436],[-95.0796,29.5344],[-95.0923,29.5343],[-95.0963,29.5352],[-95.0981,29.5183],[-95.1024,29.5214],[-95.1055,29.5103],[-95.1172,29.5081],[-95.1229,29.5105],[-95.1607,29.4975],[-95.1675,29.5125],[-95.1788,29.518],[-95.1863,29.5234],[-95.1951,29.5436],[-95.1972,29.542],[-95.2,29.5541],[-95.1932,29.5595],[-95.201,29.5632],[-95.2163,29.5558],[-95.216,29.5578],[-95.238,29.5614],[-95.254,29.5539],[-95.2525,29.5608],[-95.2587,29.5733],[-95.2603,29.5899],[-95.2663,29.5946],[-95.2738,29.5944],[-95.2865,29.5979],[-95.2972,29.5965],[-95.2974,29.5965],[-95.3323,29.5989],[-95.3368,29.5954],[-95.3464,29.5855],[-95.3519,29.5855],[-95.3762,29.5883],[-95.386,29.5856],[-95.3865,29.5856],[-95.3933,29.5817],[-95.4243,29.5803],[-95.431,29.5835],[-95.465,29.5996],[-95.4844,29.6085],[-95.4927,29.6124],[-95.495,29.6134],[-95.5086,29.6197],[-95.5208,29.6254],[-95.521,29.6255],[-95.5577,29.6424],[-95.5714,29.6487],[-95.5827,29.654],[-95.5971,29.6606],[-95.5978,29.661],[-95.6055,29.6645],[-95.6161,29.6704],[-95.6232,29.6743],[-95.6342,29.6806],[-95.6347,29.6808],[-95.6436,29.6859],[-95.6647,29.6975],[-95.6757,29.7037],[-95.6834,29.708],[-95.6871,29.7101],[-95.6883,29.7109],[-95.7082,29.7219],[-95.7112,29.7235],[-95.7304,29.7343],[-95.7336,29.7363],[-95.7387,29.7393],[-95.7514,29.7465],[-95.7664,29.7548],[-95.7707,29.7573],[-95.7761,29.7606],[-95.7764,29.7608],[-95.7867,29.7666],[-95.8124,29.781],[-95.826,29.7886],[-95.8302,29.8004],[-95.8411,29.8311],[-95.8569,29.8746],[-95.869,29.9088],[-95.9023,30.0022],[-95.9186,30.0469],[-95.9212,30.0553],[-95.9215,30.064],[-95.9366,30.096],[-95.9607,30.1634],[-95.9471,30.1545]]]]","MultiPolygon",-95.3930152863161,29.8574661549994,-95.392315926,29.857282527
,"48201",1,"2026-10-07T11:25:00+00:00","Pending Assessment",,"{""Location"": {""kind"": ""electricalNetwork"", ""CoordinateSystem"": {""crsUrn"": ""EPSG:4326""}}}",,,,,"{""kind"": ""electricalNetwork"", ""CoordinateSystem"": {""crsUrn"": ""EPSG:4326""}}","electricalNetwork","CENTERPOINT ENERGY,8901","8901","Harris","Texas","Feature","[[[[-95.9471,30.1545],[-95.9446,30.1483],[-95.8908,30.119],[-95.8741,30.1222],[-95.8447,30.0889],[-95.8286,30.0818],[-95.8033,30.0901],[-95.7893,30.0945],[-95.7632,30.0869],[-95.7552,30.0921],[-95.7496,30.0954],[-95.7339,30.0935],[-95.7071,30.1029],[-95.7021,30.099],[-95.6542,30.1092],[-95.6457,30.1192],[-95.6369,30.1264],[-95.6287,30.1278],[-95.6241,30.1267],[-95.6196,30.1355],[-95.6021,30.1327],[-95.5968,30.1345],[-95.5909,30.1361],[-95.5746,30.1518],[-95.5522,30.1705],[-95.5414,30.1703],[-95.5185,30.1522],[-95.5047,30.1451],[-95.5016,30.144],[-95.4974,30.1362],[-95.4913,30.1108],[-95.4873,30.108],[-95.4538,30.1046],[-95.4521,30.1077],[-95.4366,30.1104],[-95.4242,30.1155],[-95.422,30.1097],[-95.41,30.0928],[-95.4054,30.0921],[-95.3917,30.0827],[-95.3746,30.0862],[-95.3667,30.0776],[-95.3536,30.0763],[-95.3095,30.0456],[-95.311,30.0329],[-95.3069,30.0311],[-95.3024,30.0323],[-95.2847,30.0299],[-95.272,30.0324],[-95.2638,30.0324],[-95.2637,30.0325],[-95.2548,30.0396],[-95.2419,30.0498],[-95.2191,30.0685],[-95.2113,30.0745],[-95.2003,30.0834],[-95.1957,30.0873],[-95.1805,30.0995],[-95.1245,30.1445],[-95.1236,30.1454],[-95.0967,30.1672],[-95.0726,30.1031],[-95.0485,30.0387],[-95.0309,29.9937],[-95.0268,29.9967],[-94.9998,29.9913],[-94.9859,29.973],[-94.9987,29.9198],[-94.9845,29.8943],[-94.9815,29.8843],[-94.9768,29.868],[-94.9471,29.8495],[-94.9346,29.8343],[-94.909,29.8267],[-94.9098,29.8212],[-94.9229,29.8024],[-94.9166,29.7703],[-94.9132,29.7674],[-94.9286,29.7412],[-94.9392,29.7268],[-94.9299,29.6974],[-94.9156,29.6978],[-94.9312,29.6739],[-94.9342,29.6787],[-94.9361,29.6927],[-94.9427,29.6978],[-94.9567,29.6993],[-94.966,29.7003],[-94.9727,29.6849],[-94.9801,29.6791],[-94.9819,29.6777],[-95.0054,29.6594],[-95.0117,29.6498],[-95.0144,29.6428],[-95.0156,29.6395],[-95.0135,29.6292],[-94.9991,29.618],[-94.9889,29.6101],[-94.9827,29.6013],[-94.9863,29.5956],[-94.989,29.5912],[-95.0077,29.5743],[-95.0161,29.5593],[-95.0166,29.5585],[-95.0183,29.5549],[-95.0182,29.5546],[-95.017,29.5486],[-95.0176,29.5485],[-95.0231,29.5494],[-95.0354,29.5531],[-95.0501,29.5585],[-95.0572,29.5591],[-95.0643,29.5588],[-95.069,29.5564],[-95.0743,29.5482],[-95.0783,29.5473],[-95.0794,29.5436],[-95.0796,29.5344],[-95.0923,29.5343],[-95.0963,29.5352],[-95.0981,29.5183],[-95.1024,29.5214],[-95.1055,29.5103],[-95.1172,29.5081],[-95.1229,29.5105],[-95.1607,29.4975],[-95.1675,29.5125],[-95.1788,29.518],[-95.1863,29.5234],[-95.1951,29.5436],[-95.1972,29.542],[-95.2,29.5541],[-95.1932,29.5595],[-95.201,29.5632],[-95.2163,29.5558],[-95.216,29.5578],[-95.238,29.5614],[-95.254,29.5539],[-95.2525,29.5608],[-95.2587,29.5733],[-95.2603,29.5899],[-95.2663,29.5946],[-95.2738,29.5944],[-95.2865,29.5979],[-95.2972,29.5965],[-95.2974,29.5965],[-95.3323,29.5989],[-95.3368,29.5954],[-95.3464,29.5855],[-95.3519,29.5855],[-95.3762,29.5883],[-95.386,29.5856],[-95.3865,29.5856],[-95.3933,29.5817],[-95.4243,29.5803],[-95.431,29.5835],[-95.465,29.5996],[-95.4844,29.6085],[-95.4927,29.6124],[-95.495,29.6134],[-95.5086,29.6197],[-95.5208,29.6254],[-95.521,29.6255],[-95.5577,29.6424],[-95.5714,29.6487],[-95.5827,29.654],[-95.5971,29.6606],[-95.5978,29.661],[-95.6055,29.6645],[-95.6161,29.6704],[-95.6232,29.6743],[-95.6342,29.6806],[-95.6347,29.6808],[-95.6436,29.6859],[-95.6647,29.6975],[-95.6757,29.7037],[-95.6834,29.708],[-95.6871,29.7101],[-95.6883,29.7109],[-95.7082,29.7219],[-95.7112,29.7235],[-95.7304,29.7343],[-95.7336,29.7363],[-95.7387,29.7393],[-95.7514,29.7465],[-95.7664,29.7548],[-95.7707,29.7573],[-95.7761,29.7606],[-95.7764,29.7608],[-95.7867,29.7666],[-95.8124,29.781],[-95.826,29.7886],[-95.8302,29.8004],[-95.8411,29.8311],[-95.8569,29.8746],[-95.869,29.9088],[-95.9023,30.0022],[-95.9186,30.0469],[-95.9212,30.0553],[-95.9215,30.064],[-95.9366,30.096],[-95.9607,30.1634],[-95.9471,30.1545]]]]","MultiPolygon",-95.3930152863161,29.8574661549994,-95.392315926,29.857282527
,"48039",1,"2026-10-07T11:25:00+00:00","Pending Assessment",,"{""Location"": {""kind"": ""electricalNetwork"", ""CoordinateSystem"": {""crsUrn"": ""EPSG:4326""}}}",,,,,"{""kind"": ""electricalNetwork"", ""CoordinateSystem"": {""crsUrn"": ""EPSG:4326""}}","electricalNetwork","CENTERPOINT ENERGY,8901","8901","Brazoria","Texas","Feature","[[[[-95.874,29.2297],[-95.8419,29.2587],[-95.8477,29.2626],[-95.7978,29.308],[-95.784,29.2962],[-95.7472,29.3227],[-95.6728,29.2995],[-95.6544,29.2909],[-95.6265,29.2931],[-95.6279,29.3091],[-95.6039,29.3304],[-95.5908,29.3275],[-95.5788,29.3421],[-95.5826,29.3499],[-95.5741,29.3547],[-95.5771,29.3681],[-95.5673,29.3897],[-95.5476,29.3952],[-95.5559,29.4253],[-95.5506,29.4383],[-95.4626,29.4392],[-95.4463,29.4996],[-95.4434,29.5102],[-95.4372,29.5328],[-95.4353,29.5399],[-95.4312,29.555],[-95.4268,29.5712],[-95.4246,29.5793],[-95.4243,29.5803],[-95.3933,29.5817],[-95.3865,29.5856],[-95.386,29.5856],[-95.3762,29.5883],[-95.3519,29.5855],[-95.3464,29.5855],[-95.3368,29.5954],[-95.3323,29.5989],[-95.2974,29.5965],[-95.2972,29.5965],[-95.2865,29.5979],[-95.2738,29.5944],[-95.2663,29.5946],[-95.2603,29.5899],[-95.2587,29.5733],[-95.2525,29.5608],[-95.254,29.5539],[-95.238,29.5614],[-95.216,29.5578],[-95.2163,29.5558],[-95.2191,29.5412],[-95.2231,29.5186],[-95.2232,29.5177],[-95.2233,29.5175],[-95.2317,29.4726],[-95.2298,29.4607],[-95.2093,29.43],[-95.1959,29.4095],[-95.1922,29.4044],[-95.1835,29.3912],[-95.1468,29.3365],[-95.1197,29.2958],[-95.0587,29.2032],[-95.0991,29.1735],[-95.1128,29.1957],[-95.138,29.1948],[-95.1585,29.1891],[-95.1552,29.1515],[-95.1571,29.1468],[-95.1628,29.1333],[-95.1653,29.1136],[-95.1448,29.0908],[-95.1056,29.123],[-95.1299,29.0856],[-95.1193,29.0778],[-95.1225,29.074],[-95.1251,29.0673],[-95.1914,29.0231],[-95.2389,28.9886],[-95.2723,28.9615],[-95.2966,28.9347],[-95.2971,28.9341],[-95.2974,28.934],[-95.3047,28.9306],[-95.3097,28.9283],[-95.3535,28.8981],[-95.377,28.8762],[-95.3824,28.8663],[-95.4162,28.8595],[-95.4367,28.8591],[-95.4396,28.859],[-95.4868,28.8363],[-95.5073,28.8256],[-95.504,28.8375],[-95.5305,28.8291],[-95.573,28.8324],[-95.5792,28.8596],[-95.6232,28.8937],[-95.6417,28.9037],[-95.6519,28.9257],[-95.6458,28.9389],[-95.6554,28.9517],[-95.6796,28.9657],[-95.6905,28.9647],[-95.7055,28.9686],[-95.768,28.9696],[-95.7672,28.9887],[-95.7783,28.9971],[-95.7799,29.0275],[-95.7854,29.039],[-95.765,29.0605],[-95.7893,29.07],[-95.8058,29.0904],[-95.829,29.0889],[-95.8419,29.0991],[-95.8463,29.1078],[-95.8375,29.1299],[-95.8507,29.1519],[-95.8484,29.1654],[-95.8384,29.1766],[-95.8578,29.1933],[-95.8447,29.2047],[-95.874,29.2297]]]]","MultiPolygon",-95.4512838215284,29.1895857693753,-95.434267805,29.167844718
,"48157",1,"2026-10-07T10:55:00+00:00","Pending Assessment",,"{""Location"": {""kind"": ""electricalNetwork"", ""CoordinateSystem"": {""crsUrn"": ""EPSG:4326""}}}",,,,,"{""kind"": ""electricalNetwork"", ""CoordinateSystem"": {""crsUrn"": ""EPSG:4326""}}","electricalNetwork","CENTERPOINT ENERGY,8901","8901","Fort Bend","Texas","Feature","[[[[-96.0889,29.6017],[-96.0248,29.6029],[-96.0164,29.6271],[-96.0175,29.6455],[-96.0331,29.6582],[-96.0218,29.6714],[-96.0337,29.6742],[-96.0438,29.6658],[-96.06,29.676],[-96.0572,29.6819],[-96.0322,29.6885],[-96.0166,29.6801],[-96.0193,29.6997],[-96.0046,29.7086],[-96.0116,29.7198],[-96.0324,29.7175],[-96.0327,29.7279],[-95.9709,29.7286],[-95.9713,29.7405],[-95.9509,29.7408],[-95.9206,29.7526],[-95.8849,29.7658],[-95.8546,29.7774],[-95.826,29.7886],[-95.8124,29.781],[-95.7867,29.7666],[-95.7764,29.7608],[-95.7761,29.7606],[-95.7707,29.7573],[-95.7664,29.7548],[-95.7514,29.7465],[-95.7387,29.7393],[-95.7336,29.7363],[-95.7304,29.7343],[-95.7112,29.7235],[-95.7082,29.7219],[-95.6883,29.7109],[-95.6871,29.7101],[-95.6834,29.708],[-95.6757,29.7037],[-95.6647,29.6975],[-95.6436,29.6859],[-95.6347,29.6808],[-95.6342,29.6806],[-95.6232,29.6743],[-95.6161,29.6704],[-95.6055,29.6645],[-95.5978,29.661],[-95.5971,29.6606],[-95.5827,29.654],[-95.5714,29.6487],[-95.5577,29.6424],[-95.521,29.6255],[-95.5208,29.6254],[-95.5086,29.6197],[-95.495,29.6134],[-95.4927,29.6124],[-95.4844,29.6085],[-95.465,29.5996],[-95.431,29.5835],[-95.4243,29.5803],[-95.4246,29.5793],[-95.4268,29.5712],[-95.4312,29.555],[-95.4353,29.5399],[-95.4372,29.5328],[-95.4434,29.5102],[-95.4463,29.4996],[-95.4626,29.4392],[-95.5506,29.4383],[-95.5559,29.4253],[-95.5476,29.3952],[-95.5673,29.3897],[-95.5771,29.3681],[-95.5741,29.3547],[-95.5826,29.3499],[-95.5788,29.3421],[-95.5908,29.3275],[-95.6039,29.3304],[-95.6279,29.3091],[-95.6265,29.2931],[-95.6544,29.2909],[-95.6728,29.2995],[-95.7472,29.3227],[-95.784,29.2962],[-95.7978,29.308],[-95.8477,29.2626],[-95.8785,29.2659],[-95.8975,29.2993],[-95.8945,29.315],[-95.923,29.3293],[-95.9495,29.3353],[-95.9534,29.3451],[-95.9365,29.3584],[-95.9496,29.3746],[-95.9684,29.3834],[-95.9734,29.4114],[-95.992,29.4338],[-96.0167,29.4372],[-96.0366,29.4457],[-96.0596,29.4733],[-96.0597,29.4919],[-96.0355,29.4923],[-96.0223,29.502],[-96.0365,29.5108],[-96.0542,29.5121],[-96.0551,29.5399],[-96.0417,29.5403],[-96.0446,29.5622],[-96.06,29.5687],[-96.0596,29.5885],[-96.0889,29.6017]]]]","MultiPolygon",-95.7710151057799,29.5274276799189,-95.770949622,29.52751142
,"29095",1,"2026-10-07T05:57:04+00:00","1",,"{""Location"": {""kind"": ""electricalNetwork"", ""CoordinateSystem"": {""crsUrn"": ""EPSG:4326""}}}",0,"{""ert"": ""2026-10-07T07:30:00Z""}","NULL",,"{""kind"": ""electricalNetwork"", ""CoordinateSystem"": {""crsUrn"": ""EPSG:4326""}}","electricalNetwork","EVERGY METRO,10000","10000","Jackson","Missouri","Feature","[[[[-94.6083,38.9844],[-94.6083,38.9876],[-94.6082,38.993],[-94.6081,39.0002],[-94.6079,39.0139],[-94.6079,39.0152],[-94.6077,39.0283],[-94.6077,39.0308],[-94.6075,39.0428],[-94.6075,39.0441],[-94.6074,39.0502],[-94.6073,39.0573],[-94.6072,39.0657],[-94.6073,39.0723],[-94.6073,39.0725],[-94.6073,39.0817],[-94.6073,39.0817],[-94.6073,39.0825],[-94.6073,39.0842],[-94.6072,39.0896],[-94.6072,39.0897],[-94.6074,39.1134],[-94.5978,39.1098],[-94.579,39.1174],[-94.5658,39.1232],[-94.555,39.1274],[-94.5341,39.1459],[-94.5127,39.1505],[-94.4982,39.1504],[-94.4841,39.145],[-94.4693,39.1307],[-94.4675,39.1248],[-94.4554,39.1231],[-94.4406,39.1308],[-94.4304,39.138],[-94.4195,39.1493],[-94.4012,39.1679],[-94.4086,39.1936],[-94.4013,39.197],[-94.3897,39.1935],[-94.3675,39.1633],[-94.3352,39.1833],[-94.3151,39.2193],[-94.2908,39.2369],[-94.2554,39.2362],[-94.2125,39.2071],[-94.1735,39.2138],[-94.1872,39.1833],[-94.1299,39.1689],[-94.1048,39.1435],[-94.1056,39.1266],[-94.1068,39.0917],[-94.1093,39.0332],[-94.11,39.015],[-94.1101,39.0104],[-94.1129,38.9609],[-94.1143,38.9285],[-94.1142,38.9173],[-94.1139,38.9124],[-94.1191,38.8332],[-94.2782,38.8351],[-94.2876,38.8351],[-94.362,38.8376],[-94.376,38.838],[-94.3994,38.8388],[-94.455,38.8404],[-94.49,38.8417],[-94.4921,38.8417],[-94.5296,38.8437],[-94.5322,38.8438],[-94.5418,38.844],[-94.5577,38.8449],[-94.5627,38.845],[-94.608,38.8472],[-94.608,38.855],[-94.608,38.8612],[-94.608,38.8673],[-94.608,38.8681],[-94.608,38.8692],[-94.608,38.8697],[-94.608,38.8838],[-94.608,38.8838],[-94.608,38.8909],[-94.608,38.9056],[-94.608,38.9099],[-94.608,38.9129],[-94.608,38.9368],[-94.608,38.9368],[-94.608,38.9369],[-94.6079,38.9374],[-94.6081,38.94],[-94.6081,38.942],[-94.6082,38.9567],[-94.6082,38.9567],[-94.6083,38.9747],[-94.6083,38.9818],[-94.6083,38.9844]]]]","MultiPolygon",-94.3462755300453,39.0085044688743,-94.346100775,39.00847566
"Unknown","25027",12,"2026-10-07T05:30:00+00:00",,,"{""cause"": ""Unknown"", ""Location"": {""kind"": ""electricalNetwork"", ""CoordinateSystem"": {""crsUrn"": ""EPSG:4326""}}}",,"{""ert"": ""2026-10-07T19:00:00Z""}",,"Unknown","{""kind"": ""electricalNetwork"", ""CoordinateSystem"": {""crsUrn"": ""EPSG:4326""}}","electricalNetwork","NATIONAL GRID,11804","11804","Worcester","Massachusetts","Feature","[[[[-72.3151,42.3989],[-72.3056,42.4204],[-72.2833,42.4412],[-72.2913,42.4795],[-72.2449,42.5134],[-72.2691,42.5334],[-72.2714,42.5472],[-72.2741,42.5626],[-72.2741,42.5791],[-72.2613,42.5759],[-72.2671,42.6008],[-72.2278,42.6159],[-72.2249,42.6389],[-72.2295,42.6627],[-72.2435,42.6692],[-72.272,42.6747],[-72.283,42.7216],[-72.1245,42.7176],[-72.1111,42.7172],[-72.0786,42.7162],[-72.0777,42.7162],[-71.9814,42.7133],[-71.9814,42.7133],[-71.929,42.7122],[-71.9288,42.7122],[-71.8988,42.7114],[-71.8971,42.7037],[-71.8578,42.675],[-71.8585,42.6338],[-71.8448,42.638],[-71.7753,42.6367],[-71.7758,42.6442],[-71.6942,42.6203],[-71.6646,42.6116],[-71.679,42.5304],[-71.6359,42.524],[-71.6392,42.531],[-71.6199,42.5525],[-71.5946,42.5434],[-71.5779,42.55],[-71.5388,42.543],[-71.5338,42.5277],[-71.5298,42.5198],[-71.5604,42.4744],[-71.5434,42.4665],[-71.5489,42.4473],[-71.5591,42.4119],[-71.5646,42.4109],[-71.5853,42.4071],[-71.6043,42.3977],[-71.5802,42.387],[-71.6078,42.37],[-71.6031,42.3673],[-71.61,42.3574],[-71.6247,42.3505],[-71.6041,42.3368],[-71.5852,42.311],[-71.5703,42.3197],[-71.5511,42.3264],[-71.5373,42.328],[-71.5184,42.3301],[-71.5112,42.3288],[-71.5054,42.3282],[-71.4868,42.3302],[-71.4867,42.3299],[-71.4859,42.3112],[-71.4899,42.3037],[-71.497,42.2898],[-71.5059,42.2729],[-71.5065,42.2643],[-71.5222,42.2665],[-71.5224,42.2664],[-71.5446,42.2645],[-71.5501,42.266],[-71.5646,42.2669],[-71.5868,42.2595],[-71.5899,42.2513],[-71.5993,42.226],[-71.6022,42.2181],[-71.5829,42.1956],[-71.5557,42.1825],[-71.5393,42.1897],[-71.5359,42.1896],[-71.5069,42.1889],[-71.5026,42.1914],[-71.4974,42.1666],[-71.4781,42.1587],[-71.4781,42.1568],[-71.4782,42.154],[-71.4785,42.1314],[-71.4899,42.1247],[-71.4958,42.1207],[-71.5014,42.1167],[-71.4997,42.1035],[-71.4955,42.1],[-71.4983,42.0758],[-71.4983,42.0649],[-71.4983,42.0344],[-71.4983,42.0172],[-71.4999,42.0172],[-71.5009,42.0171],[-71.5116,42.0163],[-71.5273,42.0151],[-71.5276,42.015],[-71.5277,42.015],[-71.5289,42.015],[-71.5594,42.0143],[-71.5637,42.0143],[-71.5769,42.0141],[-71.5911,42.0138],[-71.6067,42.0134],[-71.678,42.0118],[-71.6809,42.0117],[-71.766,42.0097],[-71.7992,42.0081],[-71.8007,42.0236],[-71.8046,42.0236],[-71.8457,42.024],[-71.866,42.0241],[-71.8828,42.0243],[-71.8839,42.0243],[-71.8908,42.0244],[-71.921,42.0252],[-71.963,42.0262],[-71.9873,42.0269],[-71.9931,42.0269],[-72.0635,42.0273],[-72.0997,42.0288],[-72.1022,42.0289],[-72.1357,42.0302],[-72.1357,42.0302],[-72.1351,42.0907],[-72.1351,42.1114],[-72.135,42.1618],[-72.1419,42.161],[-72.1993,42.1537],[-72.2006,42.1613],[-72.2639,42.1838],[-72.2641,42.1995],[-72.2212,42.2453],[-72.2111,42.2513],[-72.2176,42.2682],[-72.2033,42.2912],[-72.2108,42.2945],[-72.214,42.2943],[-72.2108,42.3114],[-72.2746,42.302],[-72.2886,42.3521],[-72.3068,42.3443],[-72.3143,42.3437],[-72.3108,42.3638],[-72.3151,42.3989]]]]","MultiPolygon",-71.907721776532,42.3513441194522,-71.907726976,42.351394571
,"19153",1,"2026-10-07T11:06:00+00:00",,,"{""cause"": """", ""Location"": {""kind"": ""electricalNetwork"", ""CoordinateSystem"": {""crsUrn"": ""EPSG:4326""}}}",,"{""ert"": ""2026-10-07T15:30:00Z""}",,,"{""kind"": ""electricalNetwork"", ""CoordinateSystem"": {""crsUrn"": ""EPSG:4326""}}","electricalNetwork","MIDAMERICAN ENERGY CO,12341","12341","Polk","Iowa","Feature","[[[[-93.8157,41.8634],[-93.698,41.8634],[-93.6004,41.8632],[-93.4732,41.8632],[-93.3479,41.8631],[-93.3483,41.7465],[-93.3485,41.681],[-93.3485,41.6807],[-93.3487,41.601],[-93.3287,41.6011],[-93.3286,41.5078],[-93.3285,41.4926],[-93.3284,41.4908],[-93.3469,41.4828],[-93.3525,41.4969],[-93.372,41.4861],[-93.3965,41.4981],[-93.4223,41.4942],[-93.4138,41.5074],[-93.4249,41.5075],[-93.4402,41.5026],[-93.4413,41.5076],[-93.4429,41.5076],[-93.5582,41.5115],[-93.5967,41.5118],[-93.6256,41.5121],[-93.6546,41.5121],[-93.6743,41.5121],[-93.732,41.5121],[-93.7906,41.5119],[-93.7905,41.5354],[-93.7906,41.5438],[-93.7905,41.5773],[-93.7905,41.5844],[-93.7906,41.5921],[-93.7906,41.6004],[-93.8143,41.6005],[-93.8143,41.6149],[-93.8144,41.6294],[-93.8143,41.6438],[-93.8144,41.6884],[-93.8146,41.7508],[-93.8157,41.8634]]]]","MultiPolygon",-93.5735261182711,41.6854989182506,-93.573432584,41.685394283
,"54107",1,,,"Data is preliminary and subject to change","{""cause"": """", ""Location"": {""kind"": ""electricalNetwork"", ""CoordinateSystem"": {""crsUrn"": ""EPSG:4326""}}}",,,,,"{""kind"": ""electricalNetwork"", ""CoordinateSystem"": {""crsUrn"": ""EPSG:4326""}}","electricalNetwork","MONONGAHELA POWER CO,12796","12796","Wood","West Virginia","Feature","[[[[-81.7558,39.1805],[-81.7558,39.181],[-81.7528,39.1847],[-81.7499,39.1865],[-81.7415,39.1896],[-81.7371,39.1938],[-81.7358,39.1963],[-81.7334,39.2059],[-81.7299,39.2119],[-81.727,39.2151],[-81.7256,39.2158],[-81.7244,39.2165],[-81.7116,39.2192],[-81.7009,39.2208],[-81.6985,39.2221],[-81.6946,39.2241],[-81.6924,39.2264],[-81.6913,39.2279],[-81.6911,39.2301],[-81.6922,39.2361],[-81.6957,39.2429],[-81.6966,39.2461],[-81.697,39.2487],[-81.6964,39.257],[-81.6921,39.2632],[-81.6895,39.266],[-81.6836,39.2709],[-81.6783,39.2738],[-81.6702,39.276],[-81.6632,39.2767],[-81.6561,39.2774],[-81.6432,39.2772],[-81.6213,39.2736],[-81.6139,39.2753],[-81.6097,39.2759],[-81.6084,39.276],[-81.6034,39.2755],[-81.5999,39.2746],[-81.5952,39.2734],[-81.5886,39.2698],[-81.5856,39.2687],[-81.5792,39.2683],[-81.5702,39.2677],[-81.5673,39.2707],[-81.5652,39.2762],[-81.5651,39.2882],[-81.565,39.2939],[-81.5601,39.3179],[-81.5596,39.3308],[-81.5591,39.333],[-81.5575,39.3388],[-81.5423,39.3529],[-81.5376,39.3561],[-81.5345,39.3582],[-81.5243,39.3616],[-81.5135,39.367],[-81.5032,39.3732],[-81.489,39.3841],[-81.4837,39.389],[-81.4829,39.3897],[-81.4732,39.4002],[-81.4677,39.4038],[-81.4561,39.4093],[-81.4481,39.4102],[-81.4465,39.4104],[-81.4356,39.4085],[-81.4288,39.4054],[-81.4286,39.4054],[-81.4206,39.4004],[-81.4172,39.3979],[-81.4127,39.3946],[-81.4067,39.3881],[-81.4028,39.3769],[-81.4007,39.3692],[-81.3959,39.3556],[-81.3938,39.3517],[-81.3912,39.3488],[-81.3846,39.3434],[-81.3797,39.3421],[-81.376,39.3417],[-81.3713,39.3421],[-81.3617,39.3256],[-81.3659,39.3237],[-81.3336,39.3242],[-81.3242,39.2986],[-81.2611,39.2924],[-81.2395,39.2683],[-81.2497,39.2708],[-81.268,39.2546],[-81.3018,39.2016],[-81.298,39.1856],[-81.3963,39.1402],[-81.4078,39.1357],[-81.4249,39.1357],[-81.4936,39.0895],[-81.5535,39.0493],[-81.5814,39.0262],[-81.7473,39.0954],[-81.7455,39.0981],[-81.7439,39.1024],[-81.743,39.1066],[-81.7422,39.1168],[-81.7446,39.1268],[-81.7448,39.1309],[-81.7445,39.1388],[-81.7436,39.1419],[-81.7446,39.1484],[-81.7543,39.1715],[-81.7563,39.1773],[-81.7558,39.1805]]]]","MultiPolygon",-81.514995519924,39.2111889760021,-81.514965317,39.211131738
,"36029",1,"2026-07-10T05:23:43+00:00","assigned",,"{""cause"": ""N/A"", ""Location"": {""kind"": ""electricalNetwork"", ""CoordinateSystem"": {""crsUrn"": ""EPSG:4326""}}}",,"{""ert"": ""2026-07-10T09:15:00Z""}",,"N/A","{""kind"": ""electricalNetwork"", ""CoordinateSystem"": {""crsUrn"": ""EPSG:4326""}}","electricalNetwork","AVANGRID,14349","14349","Erie","New York","Feature","[[[[-79.1311,42.5856],[-79.1296,42.5898],[-79.1263,42.5909],[-79.1219,42.5942],[-79.1137,42.606],[-79.1123,42.6105],[-79.1114,42.6134],[-79.0898,42.631],[-79.0843,42.6355],[-79.0788,42.6401],[-79.0733,42.64],[-79.0638,42.6448],[-79.0637,42.6452],[-79.0627,42.6622],[-79.0623,42.6684],[-79.0489,42.6892],[-79.0189,42.7016],[-79.0062,42.7046],[-78.9912,42.7054],[-78.9698,42.7175],[-78.952,42.7275],[-78.9442,42.732],[-78.9182,42.7373],[-78.9034,42.7471],[-78.8687,42.7702],[-78.8686,42.7703],[-78.8535,42.784],[-78.8514,42.7918],[-78.8565,42.8003],[-78.8594,42.8007],[-78.861,42.8054],[-78.8637,42.8131],[-78.8657,42.8268],[-78.8622,42.8323],[-78.8604,42.8351],[-78.8595,42.8414],[-78.8656,42.8524],[-78.8694,42.8529],[-78.8722,42.8533],[-78.8826,42.8673],[-78.8881,42.878],[-78.8917,42.8848],[-78.8947,42.8851],[-78.9125,42.8866],[-78.908,42.8954],[-78.9062,42.899],[-78.9058,42.9],[-78.9057,42.9131],[-78.9057,42.9211],[-78.9057,42.9234],[-78.9092,42.9333],[-78.9124,42.9378],[-78.9142,42.9404],[-78.9189,42.9469],[-78.9324,42.9559],[-78.9618,42.9578],[-78.9751,42.9688],[-78.9833,42.9725],[-79.0116,42.9853],[-79.02,42.9948],[-79.0209,43.0143],[-79.0118,43.029],[-79.0052,43.0471],[-79.0054,43.0572],[-79.0105,43.0644],[-79.0196,43.0663],[-79.0097,43.0696],[-78.9905,43.0688],[-78.9858,43.0686],[-78.95,43.0679],[-78.9453,43.067],[-78.9115,43.0547],[-78.9059,43.0516],[-78.893,43.0378],[-78.8921,43.0341],[-78.8902,43.022],[-78.878,43.0217],[-78.8613,43.0229],[-78.8512,43.0193],[-78.8393,43.0195],[-78.8288,43.0301],[-78.8314,43.0454],[-78.8313,43.0502],[-78.8224,43.0516],[-78.8046,43.0552],[-78.8061,43.0632],[-78.7708,43.0695],[-78.7454,43.0698],[-78.7283,43.0861],[-78.6969,43.0863],[-78.6466,43.0808],[-78.6361,43.0933],[-78.6267,43.0851],[-78.6176,43.0866],[-78.5952,43.0696],[-78.5761,43.0798],[-78.5603,43.0973],[-78.54,43.0857],[-78.5093,43.094],[-78.4916,43.084],[-78.4725,43.0817],[-78.4644,43.0887],[-78.4642,43.065],[-78.4634,43.0022],[-78.4638,42.9857],[-78.4642,42.9546],[-78.4644,42.8675],[-78.4863,42.8677],[-78.4881,42.7816],[-78.483,42.7806],[-78.4632,42.7805],[-78.4638,42.6939],[-78.4624,42.6065],[-78.4639,42.5363],[-78.4881,42.5349],[-78.5083,42.5276],[-78.5121,42.5274],[-78.5191,42.5192],[-78.5631,42.509],[-78.5977,42.5125],[-78.6263,42.5001],[-78.6624,42.4924],[-78.6959,42.4719],[-78.7171,42.4863],[-78.7394,42.4728],[-78.7776,42.4619],[-78.7702,42.4581],[-78.7946,42.4627],[-78.8365,42.4437],[-78.8938,42.4391],[-78.9005,42.4491],[-78.9206,42.4427],[-78.929,42.4597],[-78.9439,42.4683],[-78.9512,42.4686],[-78.9521,42.4711],[-78.957,42.4724],[-78.9634,42.4866],[-78.9612,42.494],[-78.9666,42.4937],[-78.9751,42.5025],[-78.9828,42.5061],[-78.9855,42.5067],[-78.9883,42.5217],[-79.0331,42.5433],[-79.0608,42.5379],[-79.091,42.5516],[-79.0958,42.5645],[-79.1013,42.5624],[-79.1055,42.5689],[-79.1367,42.5697],[-79.1311,42.5856]]]]","MultiPolygon",-78.7326077187095,42.7636086362285,-78.779659581,42.758236534
"Unknown","36113",1,"2026-10-07T10:27:53+00:00",,,"{""cause"": ""Unknown"", ""Location"": {""kind"": ""electricalNetwork"", ""CoordinateSystem"": {""crsUrn"": ""EPSG:4326""}}}",,"{""ert"": ""2026-10-07T14:00:00Z""}",,"Unknown","{""kind"": ""electricalNetwork"", ""CoordinateSystem"": {""crsUrn"": ""EPSG:4326""}}","electricalNetwork","NATIONAL GRID,13573","13573","Warren","New York","Feature","[[[[-74.2146,43.7287],[-74.057,43.7445],[-73.8687,43.7628],[-73.7854,43.7706],[-73.6182,43.7868],[-73.4477,43.803],[-73.4381,43.8037],[-73.4701,43.777],[-73.4573,43.7651],[-73.46,43.7408],[-73.4719,43.7069],[-73.4842,43.6922],[-73.4962,43.6519],[-73.5253,43.6361],[-73.5758,43.5817],[-73.5789,43.5818],[-73.6067,43.5671],[-73.6071,43.5528],[-73.6367,43.4972],[-73.6289,43.4864],[-73.6291,43.4823],[-73.6125,43.3988],[-73.6096,43.3837],[-73.6085,43.3778],[-73.6017,43.3419],[-73.5966,43.3153],[-73.5961,43.3129],[-73.5947,43.3061],[-73.5947,43.3059],[-73.5964,43.3063],[-73.6196,43.305],[-73.6215,43.3047],[-73.6411,43.3058],[-73.6419,43.2933],[-73.6514,43.2901],[-73.6605,43.2906],[-73.6673,43.2917],[-73.6688,43.2915],[-73.6705,43.2909],[-73.6712,43.2902],[-73.6718,43.2884],[-73.6724,43.2853],[-73.6731,43.2833],[-73.6618,43.2726],[-73.6767,43.2635],[-73.6877,43.2841],[-73.6928,43.2826],[-73.7398,43.2656],[-73.7395,43.2521],[-73.744,43.2427],[-73.7635,43.2254],[-73.7691,43.2223],[-73.7897,43.2444],[-73.8101,43.2505],[-73.8259,43.2456],[-73.834,43.25],[-73.8356,43.2658],[-73.8252,43.2789],[-73.8246,43.3043],[-73.8369,43.3066],[-73.859,43.3303],[-73.8533,43.3377],[-73.8754,43.3651],[-73.8833,43.398],[-74.0004,43.3868],[-74.1601,43.3715],[-74.1826,43.5209],[-74.2038,43.6588],[-74.2146,43.7287]]]]","MultiPolygon",-73.8460179617175,43.5608247016158,-73.845998644,43.560957943
,"39023",6,,,"Data is preliminary and subject to change","{""cause"": """", ""Location"": {""kind"": ""electricalNetwork"", ""CoordinateSystem"": {""crsUrn"": ""EPSG:4326""}}}",,,,,"{""kind"": ""electricalNetwork"", ""CoordinateSystem"": {""crsUrn"": ""EPSG:4326""}}","electricalNetwork","OHIO EDISON CO,13998","13998","Clark","Ohio","Feature","[[[[-84.051,39.8798],[-84.0485,39.9082],[-84.0444,39.9483],[-84.0428,39.9669],[-84.0419,39.9771],[-84.0361,40.0402],[-83.9277,40.0344],[-83.921,40.034],[-83.9191,40.0338],[-83.9097,40.0327],[-83.8216,40.0282],[-83.8072,40.0273],[-83.6729,40.0191],[-83.6041,40.0148],[-83.5161,40.0108],[-83.5126,40.01],[-83.5375,39.9345],[-83.5433,39.9166],[-83.5576,39.8681],[-83.5641,39.8485],[-83.5899,39.7688],[-83.6472,39.773],[-83.6485,39.7753],[-83.7201,39.7799],[-83.7409,39.7815],[-83.7665,39.7917],[-83.8295,39.7978],[-83.8274,39.8227],[-83.865,39.8249],[-83.9223,39.8278],[-83.9413,39.8288],[-83.94,39.8438],[-83.9939,39.8468],[-84.0154,39.8482],[-84.0365,39.8495],[-84.0481,39.8502],[-84.0537,39.8507],[-84.051,39.8798]]]]","MultiPolygon",-83.7843901210144,39.9166223719096,-83.78436879,39.916716372
"Planned Maintenance","53077",8,"2026-10-07T03:08:47+00:00",,,"{""cause"": ""Planned Maintenance"", ""Location"": {""kind"": ""electricalNetwork"", ""CoordinateSystem"": {""crsUrn"": ""EPSG:4326""}}}",,,,"Planned Maintenance","{""kind"": ""electricalNetwork"", ""CoordinateSystem"": {""crsUrn"": ""EPSG:4326""}}","electricalNetwork","PACIFICORP,14354","14354","Yakima","Washington","Feature","[[[[-121.5142,46.891],[-121.497,46.9083],[-121.4564,46.9236],[-121.4495,46.9344],[-121.4584,46.9606],[-121.4421,46.9729],[-121.4458,46.9802],[-121.4065,46.9987],[-121.4062,47.0122],[-121.3947,47.0233],[-121.3998,47.0335],[-121.3741,47.057],[-121.38,47.0872],[-121.3797,47.0875],[-121.3631,47.0712],[-121.3471,47.0787],[-121.3113,47.0769],[-121.281,47.0887],[-121.2569,47.0821],[-121.2224,47.0669],[-121.2102,47.0535],[-121.1656,47.0355],[-121.1358,47.0172],[-121.1238,46.9991],[-121.0901,46.991],[-121.09,46.9693],[-121.0688,46.9585],[-121.0688,46.9476],[-121.0266,46.9113],[-121.0079,46.9113],[-120.8143,46.911],[-120.7973,46.9113],[-120.6346,46.9121],[-120.634,46.8258],[-120.5086,46.8249],[-120.51,46.7379],[-120.4504,46.7376],[-119.973,46.7371],[-119.9727,46.7232],[-119.9638,46.706],[-119.9464,46.6759],[-119.8976,46.6333],[-119.8815,46.6306],[-119.874,46.6283],[-119.8745,46.5178],[-119.8736,46.2146],[-119.8667,46.1954],[-119.8667,46.1871],[-119.8656,46.1272],[-119.8658,46.0409],[-120.3311,46.0415],[-120.3868,46.0415],[-120.4283,46.0402],[-120.4493,46.0415],[-121.4255,46.0444],[-121.5223,46.044],[-121.5223,46.3882],[-121.3938,46.39],[-121.3866,46.4106],[-121.4078,46.4309],[-121.412,46.4595],[-121.4359,46.4759],[-121.4232,46.4927],[-121.4501,46.5035],[-121.4556,46.5133],[-121.4513,46.5339],[-121.4301,46.5392],[-121.4127,46.5587],[-121.4246,46.57],[-121.4057,46.5823],[-121.4076,46.6015],[-121.3867,46.6212],[-121.3952,46.6458],[-121.4137,46.6487],[-121.4132,46.6759],[-121.3989,46.6881],[-121.3767,46.6865],[-121.3759,46.7053],[-121.3532,46.7123],[-121.3688,46.7262],[-121.408,46.7283],[-121.4312,46.7419],[-121.4253,46.7574],[-121.4418,46.7582],[-121.4552,46.7838],[-121.4425,46.7927],[-121.4744,46.8204],[-121.4973,46.8629],[-121.5231,46.8728],[-121.5142,46.891]]]]","MultiPolygon",-120.738805287994,46.4571878403495,-120.738490426,46.457026428
"Investigating","41019",2,"2026-10-07T09:23:04+00:00",,,"{""cause"": ""Investigating"", ""Location"": {""kind"": ""electricalNetwork"", ""CoordinateSystem"": {""crsUrn"": ""EPSG:4326""}}}",,"{""ert"": ""2026-10-07T12:30:00Z""}",,"Investigating","{""kind"": ""electricalNetwork"", ""CoordinateSystem"": {""crsUrn"": ""EPSG:4326""}}","electricalNetwork","PACIFICORP,14354","14354","Douglas","Oregon","Feature","[[[[-124.203,43.6678],[-124.2038,43.6703],[-124.2049,43.674],[-124.1983,43.6895],[-124.1935,43.7061],[-124.1684,43.8089],[-124.1586,43.8637],[-123.9463,43.8627],[-123.9255,43.8659],[-123.9162,43.8973],[-123.9024,43.8963],[-123.8724,43.9167],[-123.8526,43.9206],[-123.832,43.9431],[-123.8101,43.9446],[-123.7347,43.9441],[-123.7038,43.9443],[-123.7038,43.9374],[-123.6588,43.9365],[-123.6589,43.9217],[-123.619,43.9211],[-123.6196,43.8917],[-123.5796,43.8911],[-123.5798,43.8683],[-123.529,43.8683],[-123.5292,43.8301],[-123.4703,43.8312],[-123.4704,43.8101],[-123.3482,43.8092],[-123.3482,43.7802],[-123.1537,43.7796],[-123.1373,43.7797],[-123.138,43.7536],[-123.1373,43.6494],[-123.1372,43.6059],[-123.1073,43.6059],[-123.1077,43.5421],[-123.1022,43.5401],[-122.9876,43.539],[-122.9355,43.5442],[-122.7418,43.5447],[-122.7419,43.5176],[-122.7417,43.4374],[-122.6229,43.4403],[-122.4471,43.4414],[-122.2707,43.44],[-122.132,43.4402],[-122.1118,43.4291],[-122.0934,43.4293],[-122.0812,43.4145],[-122.0571,43.3996],[-122.0562,43.3815],[-122.022,43.3622],[-122.0104,43.3447],[-122.0131,43.319],[-121.9993,43.309],[-122.0095,43.2943],[-122.0013,43.2817],[-121.9878,43.2777],[-121.9742,43.2617],[-121.9852,43.2574],[-122.002,43.2348],[-122.0396,43.2141],[-122.039,43.1916],[-122.0542,43.1721],[-122.0535,43.158],[-122.0671,43.15],[-122.0652,43.1357],[-122.0753,43.1265],[-122.0938,43.0763],[-122.0763,43.0677],[-122.2826,43.0677],[-122.2826,43.0563],[-122.2827,42.9965],[-122.401,42.9966],[-122.4011,42.9835],[-122.4208,42.9834],[-122.4209,42.9689],[-122.4405,42.9689],[-122.4405,42.9544],[-122.4602,42.9544],[-122.4602,42.9399],[-122.5603,42.9392],[-122.5603,42.9247],[-122.58,42.9247],[-122.5801,42.9108],[-122.6002,42.9111],[-122.6003,42.8957],[-122.6217,42.8968],[-122.6378,42.897],[-122.6377,42.8811],[-122.6772,42.8811],[-122.6772,42.8666],[-122.697,42.8666],[-122.697,42.8521],[-122.7167,42.8521],[-122.7167,42.8377],[-122.7363,42.8377],[-122.7364,42.8235],[-122.7752,42.8288],[-122.775,42.8068],[-122.7948,42.7927],[-122.7948,42.7782],[-122.8537,42.7818],[-122.8687,42.7745],[-122.9512,42.7748],[-122.9512,42.7676],[-122.9705,42.7609],[-123.0097,42.7594],[-123.0098,42.7521],[-123.1127,42.7522],[-123.1522,42.7558],[-123.152,42.7377],[-123.1805,42.7378],[-123.2104,42.71],[-123.2296,42.7026],[-123.2492,42.7024],[-123.2493,42.7244],[-123.2743,42.7247],[-123.2743,42.732],[-123.3717,42.725],[-123.4013,42.725],[-123.4014,42.7103],[-123.4257,42.7145],[-123.4455,42.703],[-123.4943,42.7022],[-123.4944,42.7092],[-123.5425,42.7098],[-123.5622,42.7176],[-123.5668,42.7357],[-123.5817,42.7399],[-123.6773,42.7397],[-123.6772,42.7501],[-123.697,42.7539],[-123.6968,42.7396],[-123.7165,42.7397],[-123.7165,42.7841],[-123.7323,42.7801],[-123.7833,42.7994],[-123.7965,42.7929],[-123.7967,42.7928],[-123.7991,42.791],[-123.8001,42.7901],[-123.8004,42.7896],[-123.8116,42.7888],[-123.8118,42.8241],[-123.8204,42.8241],[-123.8191,42.8851],[-123.8211,42.9653],[-123.8211,42.9963],[-123.7616,42.9963],[-123.7613,43.0832],[-123.7071,43.0835],[-123.7021,43.1139],[-123.7036,43.1861],[-123.7048,43.2577],[-123.7644,43.2581],[-123.7643,43.2636],[-123.7645,43.3448],[-123.762,43.3587],[-123.7615,43.4223],[-123.7649,43.4315],[-123.8176,43.4313],[-123.8172,43.4596],[-123.8167,43.5164],[-123.8756,43.5159],[-123.8757,43.6084],[-123.979,43.6094],[-124.1463,43.6112],[-124.2187,43.6109],[-124.203,43.6678]]]]","MultiPolygon",-123.166175428676,43.2793668006019,-123.179556863,43.285346234
"Investigating","41051",1,"2026-10-07T10:36:03+00:00",,,"{""cause"": ""Investigating"", ""Location"": {""kind"": ""electricalNetwork"", ""CoordinateSystem"": {""crsUrn"": ""EPSG:4326""}}}",,"{""ert"": ""2026-10-07T14:00:00Z""}",,"Investigating","{""kind"": ""electricalNetwork"", ""CoordinateSystem"": {""crsUrn"": ""EPSG:4326""}}","electricalNetwork","PACIFICORP,14354","14354","Multnomah","Oregon","Feature","[[[[-122.9291,45.7215],[-122.8754,45.7214],[-122.7847,45.7209],[-122.7622,45.7286],[-122.7725,45.6996],[-122.7745,45.6804],[-122.7638,45.6571],[-122.7624,45.6564],[-122.7381,45.6441],[-122.7133,45.6374],[-122.6912,45.6248],[-122.691,45.6247],[-122.6751,45.6181],[-122.675,45.618],[-122.6439,45.6097],[-122.6077,45.6079],[-122.6026,45.6076],[-122.586,45.6047],[-122.5823,45.6041],[-122.5814,45.6039],[-122.55,45.5972],[-122.5481,45.5968],[-122.546,45.5961],[-122.5237,45.5896],[-122.5054,45.5859],[-122.4923,45.5833],[-122.4793,45.5798],[-122.4747,45.5783],[-122.471,45.5764],[-122.4539,45.5673],[-122.4387,45.5636],[-122.4107,45.5676],[-122.4012,45.5711],[-122.3971,45.5726],[-122.3918,45.5745],[-122.3803,45.5759],[-122.3722,45.574],[-122.3528,45.5694],[-122.3315,45.5482],[-122.2949,45.5435],[-122.2667,45.5438],[-122.2626,45.5443],[-122.249,45.5477],[-122.2489,45.5478],[-122.2017,45.5641],[-122.1837,45.5777],[-122.1407,45.5845],[-122.1295,45.5829],[-122.1295,45.583],[-122.1262,45.5826],[-122.1262,45.5826],[-122.1124,45.5814],[-122.1017,45.5835],[-122.0444,45.6095],[-122.0226,45.6152],[-122.0037,45.6159],[-121.983,45.6228],[-121.9798,45.6248],[-121.9635,45.6328],[-121.9557,45.6436],[-121.9518,45.645],[-121.9351,45.6442],[-121.922,45.6492],[-121.9221,45.6108],[-121.9131,45.6013],[-121.9184,45.5855],[-121.9019,45.5563],[-121.9217,45.547],[-121.9067,45.5208],[-121.8887,45.5123],[-121.8739,45.5158],[-121.8647,45.5045],[-121.8635,45.4925],[-121.8504,45.4865],[-121.8196,45.4617],[-121.822,45.4602],[-121.9831,45.4602],[-122.25,45.4609],[-122.2556,45.4614],[-122.2639,45.4614],[-122.2727,45.4614],[-122.3483,45.4615],[-122.3728,45.4612],[-122.3893,45.4613],[-122.4145,45.4616],[-122.4478,45.461],[-122.4799,45.4612],[-122.4866,45.4611],[-122.4967,45.461],[-122.5275,45.4613],[-122.5476,45.4611],[-122.548,45.461],[-122.5713,45.4614],[-122.579,45.4615],[-122.5894,45.4615],[-122.6015,45.4615],[-122.6154,45.4615],[-122.6168,45.4615],[-122.6366,45.4615],[-122.6366,45.4615],[-122.647,45.4587],[-122.661,45.4578],[-122.6526,45.4457],[-122.6462,45.4414],[-122.6487,45.4327],[-122.6733,45.4328],[-122.7079,45.433],[-122.7122,45.4331],[-122.7255,45.4332],[-122.7411,45.4333],[-122.7437,45.4333],[-122.7437,45.4429],[-122.7436,45.4549],[-122.7437,45.4675],[-122.7436,45.4764],[-122.7437,45.4764],[-122.7437,45.478],[-122.7437,45.4871],[-122.7438,45.4926],[-122.7438,45.5079],[-122.7439,45.5167],[-122.7645,45.5196],[-122.7645,45.5297],[-122.7842,45.534],[-122.7848,45.544],[-122.7951,45.5484],[-122.8054,45.5557],[-122.8055,45.5629],[-122.8262,45.5681],[-122.847,45.5775],[-122.8468,45.5918],[-122.8676,45.5919],[-122.8675,45.6062],[-122.8683,45.6062],[-122.888,45.6064],[-122.8878,45.6205],[-122.909,45.6208],[-122.9091,45.6352],[-122.9291,45.6353],[-122.9291,45.7215]]]]","MultiPolygon",-122.414965303499,45.546589463822,-122.415100104,45.546791564
"Investigating","49021",184,"2026-10-07T09:33:52+00:00",,,"{""cause"": ""Investigating"", ""Location"": {""kind"": ""electricalNetwork"", ""CoordinateSystem"": {""crsUrn"": ""EPSG:4326""}}}",,"{""ert"": ""2026-10-07T13:00:00Z""}",,"Investigating","{""kind"": ""electricalNetwork"", ""CoordinateSystem"": {""crsUrn"": ""EPSG:4326""}}","electricalNetwork","PACIFICORP,14354","14354","Iron","Utah","Feature","[[[[-114.0517,37.746],[-114.0518,37.7462],[-114.0517,37.747],[-114.0511,37.7563],[-114.0499,37.7656],[-114.0485,37.8099],[-114.0497,37.8236],[-114.0499,37.8525],[-114.0497,37.8814],[-114.0504,38],[-114.0499,38.1486],[-114.0499,38.1488],[-113.2562,38.1487],[-112.9598,38.1482],[-112.7635,38.1474],[-112.4788,38.1474],[-112.479,37.9777],[-112.467,37.9777],[-112.4683,37.8905],[-112.5885,37.8904],[-112.5785,37.8821],[-112.5786,37.8045],[-112.6427,37.8067],[-112.6893,37.8056],[-112.6891,37.7172],[-112.6868,37.6603],[-112.6836,37.6319],[-112.6838,37.5437],[-112.7848,37.5435],[-112.9012,37.5435],[-112.9009,37.5],[-113.0271,37.4997],[-113.0371,37.4997],[-113.037,37.4745],[-113.1461,37.481],[-113.1808,37.481],[-113.2535,37.4822],[-113.2533,37.529],[-113.4362,37.5292],[-113.474,37.5291],[-113.474,37.5536],[-113.4745,37.6183],[-113.5878,37.6182],[-113.5878,37.6046],[-114.0525,37.6048],[-114.0517,37.746]]]]","MultiPolygon",-113.289705268814,37.8593035507795,-113.289499267,37.859193514
"Investigating","49045",1,"2026-10-07T00:42:06+00:00",,,"{""cause"": ""Investigating"", ""Location"": {""kind"": ""electricalNetwork"", ""CoordinateSystem"": {""crsUrn"": ""EPSG:4326""}}}",,,,"Investigating","{""kind"": ""electricalNetwork"", ""CoordinateSystem"": {""crsUrn"": ""EPSG:4326""}}","electricalNetwork","PACIFICORP,14354","14354","Tooele","Utah","Feature","[[[[-114.0466,39.9969],[-114.0468,40.0301],[-114.0464,40.0979],[-114.0467,40.1042],[-114.0467,40.1169],[-114.0462,40.232],[-114.0462,40.3983],[-114.0458,40.4248],[-114.0452,40.4303],[-114.0455,40.4945],[-114.0456,40.4958],[-114.0453,40.5066],[-114.0435,40.7263],[-114.0438,40.7587],[-114.0438,40.7592],[-114.0432,40.7717],[-114.0421,40.9999],[-113.2017,40.9999],[-112.7994,40.9999],[-112.6636,41.0343],[-112.4935,41.0769],[-112.2602,40.7691],[-112.2304,40.7293],[-112.2248,40.7234],[-112.2203,40.7203],[-112.2077,40.7157],[-112.1964,40.6293],[-112.1753,40.604],[-112.1764,40.5972],[-112.1829,40.5622],[-112.1788,40.5218],[-112.1875,40.5141],[-112.1758,40.5001],[-112.1775,40.4843],[-112.1716,40.4712],[-112.1729,40.4671],[-112.1903,40.4685],[-112.2123,40.4591],[-112.2096,40.4324],[-112.1947,40.4212],[-112.1992,40.3825],[-112.1887,40.3725],[-112.194,40.3599],[-112.1755,40.3358],[-112.1962,40.3257],[-112.1986,40.3069],[-112.1874,40.292],[-112.1916,40.2636],[-112.1793,40.2494],[-112.1797,40.2322],[-112.169,40.2196],[-112.1495,40.212],[-112.1592,40.1978],[-112.1486,40.1957],[-112.1534,40.1822],[-112.1444,40.1732],[-112.1733,40.1554],[-112.1679,40.1471],[-112.1762,40.1317],[-112.1509,40.1073],[-112.1572,40.0979],[-112.1836,40.0597],[-112.172,40.0398],[-112.1798,40.0117],[-112.2252,39.9878],[-112.2363,39.9605],[-112.2608,39.9428],[-112.3017,39.9366],[-112.3097,39.9485],[-112.3231,39.9445],[-112.3323,39.9528],[-112.3398,39.9437],[-112.3353,39.9237],[-112.342,39.9045],[-112.4576,39.9039],[-112.7981,39.9037],[-113.5901,39.9054],[-114.0471,39.9061],[-114.0466,39.9969]]]]","MultiPolygon",-113.131050910003,40.4486328626382,-113.131091396,40.448748252
,"42067",6,,,"Data is preliminary and subject to change","{""cause"": """", ""Location"": {""kind"": ""electricalNetwork"", ""CoordinateSystem"": {""crsUrn"": ""EPSG:4326""}}}",,,,,"{""kind"": ""electricalNetwork"", ""CoordinateSystem"": {""crsUrn"": ""EPSG:4326""}}","electricalNetwork","PENNSYLVANIA ELECTRIC CO,14711","14711","Juniata","Pennsylvania","Feature","[[[[-77.7468,40.3847],[-77.7219,40.4085],[-77.646,40.4684],[-77.6125,40.4909],[-77.6125,40.5142],[-77.6113,40.515],[-77.4975,40.5817],[-77.4976,40.5969],[-77.4978,40.6095],[-77.469,40.6247],[-77.3683,40.6676],[-77.3607,40.67],[-77.2879,40.6936],[-77.2697,40.6913],[-77.1989,40.6825],[-77.1505,40.6771],[-77.1095,40.6916],[-77.0936,40.6761],[-77.0605,40.6799],[-77.0355,40.6769],[-77.0344,40.6599],[-77.0084,40.6599],[-76.997,40.6358],[-76.9655,40.6471],[-76.9448,40.6502],[-76.9399,40.6381],[-76.9491,40.6282],[-77.0233,40.6043],[-77.042,40.6042],[-77.1632,40.5869],[-77.1829,40.5821],[-77.1676,40.5595],[-77.1985,40.5523],[-77.2896,40.5185],[-77.318,40.5048],[-77.3381,40.4953],[-77.4437,40.4476],[-77.5002,40.4205],[-77.5401,40.3992],[-77.5323,40.376],[-77.5657,40.3674],[-77.6361,40.3224],[-77.6718,40.2898],[-77.6846,40.2767],[-77.703,40.2636],[-77.7057,40.2713],[-77.7393,40.3492],[-77.7521,40.3785],[-77.7468,40.3847]]]]","MultiPolygon",-77.4025903868781,40.5307250450207,-77.402161992,40.53106505
,"37135",4,,,,"{""Location"": {""kind"": ""electricalNetwork"", ""CoordinateSystem"": {""crsUrn"": ""EPSG:4326""}}}",,,,,"{""kind"": ""electricalNetwork"", ""CoordinateSystem"": {""crsUrn"": ""EPSG:4326""}}","electricalNetwork","PIEDMONT ELECTRIC MEMBER CORP,15023","15023","Orange","North Carolina","Feature","[[[[-79.264,35.9141],[-79.2636,35.9694],[-79.2645,35.9737],[-79.2618,36.0399],[-79.2616,36.0453],[-79.2621,36.0617],[-79.2609,36.0749],[-79.2603,36.09],[-79.2604,36.0941],[-79.2604,36.0943],[-79.2601,36.1079],[-79.2599,36.1201],[-79.2591,36.1574],[-79.2584,36.1944],[-79.258,36.2434],[-79.154,36.2419],[-79.0713,36.241],[-78.9506,36.2393],[-78.9674,36.1432],[-78.9714,36.1206],[-78.9728,36.1126],[-78.9826,36.0565],[-78.9859,36.038],[-78.9874,36.0294],[-78.9885,36.0228],[-78.9907,36.0102],[-78.9961,35.979],[-79.0007,35.9527],[-79.0012,35.9498],[-79.0044,35.9315],[-79.0069,35.9172],[-79.0095,35.9024],[-79.0095,35.9022],[-79.0163,35.8632],[-79.0266,35.8628],[-79.0819,35.8608],[-79.1169,35.8639],[-79.1215,35.864],[-79.1318,35.8653],[-79.1587,35.8679],[-79.2215,35.8755],[-79.2495,35.8768],[-79.2576,35.903],[-79.2682,35.9092],[-79.264,35.9141]]]]","MultiPolygon",-79.1206058027687,36.0613413706584,-79.120649116,36.061118916
,"41067",1,"2026-08-31T19:45:57+00:00","New unacknowledged SCADA event",,"{""Location"": {""kind"": ""electricalNetwork"", ""CoordinateSystem"": {""crsUrn"": ""EPSG:4326""}}}",,,,,"{""kind"": ""electricalNetwork"", ""CoordinateSystem"": {""crsUrn"": ""EPSG:4326""}}","electricalNetwork","PORTLAND GENERAL ELECTRIC CO,15248","15248","Washington","Oregon","Feature","[[[[-123.4854,45.4471],[-123.4639,45.4473],[-123.4612,45.4916],[-123.4411,45.4913],[-123.4427,45.5211],[-123.422,45.5214],[-123.4219,45.5354],[-123.4021,45.5356],[-123.4021,45.5501],[-123.3611,45.5499],[-123.3611,45.5788],[-123.32,45.5787],[-123.3202,45.593],[-123.2993,45.593],[-123.2994,45.6072],[-123.3403,45.6075],[-123.3405,45.6222],[-123.3769,45.6221],[-123.3802,45.6358],[-123.4233,45.6362],[-123.423,45.6506],[-123.4438,45.6507],[-123.4643,45.6696],[-123.4851,45.6793],[-123.4847,45.7088],[-123.361,45.7087],[-123.3616,45.7796],[-123.3404,45.7798],[-123.1221,45.7802],[-123.1152,45.7801],[-123.0309,45.7792],[-123.0318,45.7514],[-122.9903,45.7508],[-122.9904,45.7365],[-122.9289,45.7357],[-122.9291,45.7215],[-122.9291,45.6353],[-122.9091,45.6352],[-122.909,45.6208],[-122.8878,45.6205],[-122.888,45.6064],[-122.8683,45.6062],[-122.8675,45.6062],[-122.8676,45.5919],[-122.8468,45.5918],[-122.847,45.5775],[-122.8262,45.5681],[-122.8055,45.5629],[-122.8054,45.5557],[-122.7951,45.5484],[-122.7848,45.544],[-122.7842,45.534],[-122.7645,45.5297],[-122.7645,45.5196],[-122.7439,45.5167],[-122.7438,45.5079],[-122.7438,45.4926],[-122.7437,45.4871],[-122.7437,45.478],[-122.7437,45.4764],[-122.7436,45.4764],[-122.7437,45.4675],[-122.7436,45.4549],[-122.7437,45.4429],[-122.7437,45.4333],[-122.744,45.4261],[-122.744,45.421],[-122.744,45.4209],[-122.744,45.4153],[-122.744,45.4079],[-122.7438,45.3965],[-122.7439,45.3861],[-122.7439,45.3755],[-122.7439,45.3722],[-122.7439,45.3718],[-122.7438,45.3559],[-122.7437,45.3321],[-122.7468,45.332],[-122.7691,45.3319],[-122.8055,45.3318],[-122.8056,45.3457],[-122.8072,45.3463],[-122.8434,45.3462],[-122.8465,45.3433],[-122.8465,45.3282],[-122.8465,45.3172],[-122.8679,45.3173],[-122.9049,45.3175],[-122.9088,45.3462],[-122.9289,45.3463],[-122.9651,45.3464],[-122.9702,45.3469],[-122.9703,45.3608],[-122.9914,45.3611],[-122.9914,45.3755],[-123.0116,45.3822],[-123.0324,45.3909],[-123.0322,45.405],[-123.1031,45.4044],[-123.1354,45.4335],[-123.2093,45.4337],[-123.4649,45.4333],[-123.4861,45.4332],[-123.4854,45.4471]]]]","MultiPolygon",-123.099014709465,45.5602759986575,-123.098321729,45.56009084
,"41005",18,"2026-10-07T04:10:48+00:00","Order received by Mobile",,"{""Location"": {""kind"": ""electricalNetwork"", ""CoordinateSystem"": {""crsUrn"": ""EPSG:4326""}}}",,"{""ert"": ""2026-10-07T10:00:00Z""}",,,"{""kind"": ""electricalNetwork"", ""CoordinateSystem"": {""crsUrn"": ""EPSG:4326""}}","electricalNetwork","PORTLAND GENERAL ELECTRIC CO,15248","15248","Clackamas","Oregon","Feature","[[[[-122.8679,45.3173],[-122.8465,45.3172],[-122.8465,45.3282],[-122.8465,45.3433],[-122.8434,45.3462],[-122.8072,45.3463],[-122.8056,45.3457],[-122.8055,45.3318],[-122.7691,45.3319],[-122.7468,45.332],[-122.7437,45.3321],[-122.7438,45.3559],[-122.7439,45.3718],[-122.7439,45.3722],[-122.7439,45.3755],[-122.7439,45.3861],[-122.7438,45.3965],[-122.744,45.4079],[-122.744,45.4153],[-122.744,45.4209],[-122.744,45.421],[-122.744,45.4261],[-122.7437,45.4333],[-122.7411,45.4333],[-122.7255,45.4332],[-122.7122,45.4331],[-122.7079,45.433],[-122.6733,45.4328],[-122.6487,45.4327],[-122.6462,45.4414],[-122.6526,45.4457],[-122.661,45.4578],[-122.647,45.4587],[-122.6366,45.4615],[-122.6366,45.4615],[-122.6168,45.4615],[-122.6154,45.4615],[-122.6015,45.4615],[-122.5894,45.4615],[-122.579,45.4615],[-122.5713,45.4614],[-122.548,45.461],[-122.5476,45.4611],[-122.5275,45.4613],[-122.4967,45.461],[-122.4866,45.4611],[-122.4799,45.4612],[-122.4478,45.461],[-122.4145,45.4616],[-122.3893,45.4613],[-122.3728,45.4612],[-122.3483,45.4615],[-122.2727,45.4614],[-122.2639,45.4614],[-122.2556,45.4614],[-122.25,45.4609],[-121.9831,45.4602],[-121.822,45.4602],[-121.8196,45.4617],[-121.8068,45.4546],[-121.8069,45.4353],[-121.7762,45.4027],[-121.7242,45.3936],[-121.6975,45.3737],[-121.7046,45.3392],[-121.68,45.29],[-121.6965,45.2579],[-121.6809,45.2506],[-121.6826,45.229],[-121.6984,45.2264],[-121.7146,45.2112],[-121.7482,45.2051],[-121.7314,45.1706],[-121.7122,45.1534],[-121.7081,45.1341],[-121.6934,45.1169],[-121.685,45.1237],[-121.6657,45.1197],[-121.6514,45.0888],[-121.6587,45.0664],[-121.6872,45.0674],[-121.7224,45.046],[-121.717,45.038],[-121.741,45.0344],[-121.7787,45.0373],[-121.7815,45.0154],[-121.8053,45.0115],[-121.8016,44.9827],[-121.7867,44.9452],[-121.7524,44.9306],[-121.7473,44.9146],[-121.7144,44.9059],[-121.7342,44.8857],[-121.7653,44.8857],[-122.2575,44.8857],[-122.389,44.8857],[-122.3943,44.899],[-122.3996,44.9041],[-122.4415,44.904],[-122.4585,44.9152],[-122.4863,44.9227],[-122.5053,44.9183],[-122.5175,44.9328],[-122.536,44.9372],[-122.5598,44.9652],[-122.5674,44.9826],[-122.5925,44.9889],[-122.5958,45.02],[-122.6344,45.0339],[-122.6493,45.0325],[-122.6699,45.0467],[-122.7052,45.0593],[-122.75,45.1079],[-122.7885,45.1302],[-122.7854,45.1325],[-122.77,45.1594],[-122.7737,45.1635],[-122.7697,45.1617],[-122.7569,45.1728],[-122.7575,45.2091],[-122.7472,45.2233],[-122.7453,45.2328],[-122.7501,45.2336],[-122.7479,45.2518],[-122.7393,45.2595],[-122.7818,45.2596],[-122.7849,45.2618],[-122.7849,45.2741],[-122.8346,45.2741],[-122.8499,45.2597],[-122.8681,45.2597],[-122.8679,45.3173]]]]","MultiPolygon",-122.22022493442,45.1879549116314,-122.22084485,45.188046389
"Scheduled Outage","53033",1,"2026-10-05T22:08:12+00:00","awaitingCrewAssignment","None","{""cause"": ""Scheduled Outage"", ""Location"": {""kind"": ""electricalNetwork"", ""CoordinateSystem"": {""crsUrn"": ""EPSG:4326""}}}",,"{""ert"": ""0001-01-01T00:00:00Z""}","lineDown","Scheduled Outage","{""kind"": ""electricalNetwork"", ""CoordinateSystem"": {""crsUrn"": ""EPSG:4326""}}","electricalNetwork","Puget Sound Energy Inc,pugetsoundenergy","pugetsoundenergy","King","Washington","Feature","[[[[-122.4298,47.6589],[-122.4131,47.675],[-122.4078,47.6801],[-122.405,47.6867],[-122.4038,47.6894],[-122.4009,47.6928],[-122.3932,47.7016],[-122.3921,47.7023],[-122.3808,47.7089],[-122.3804,47.7091],[-122.3787,47.7123],[-122.3764,47.7165],[-122.3731,47.7292],[-122.3755,47.7342],[-122.3826,47.7491],[-122.3802,47.7585],[-122.3853,47.7634],[-122.3944,47.7722],[-122.3964,47.7779],[-122.3775,47.7779],[-122.3773,47.7778],[-122.3515,47.7778],[-122.3463,47.7778],[-122.3299,47.7776],[-122.3272,47.7777],[-122.3177,47.7776],[-122.3084,47.7775],[-122.2976,47.7774],[-122.2901,47.7773],[-122.2869,47.7773],[-122.271,47.7771],[-122.2607,47.7771],[-122.2532,47.7771],[-122.233,47.7768],[-122.2232,47.7767],[-122.207,47.7765],[-122.1915,47.7764],[-122.1912,47.7764],[-122.1694,47.7763],[-122.1544,47.7762],[-122.1538,47.7762],[-122.1318,47.776],[-122.1129,47.7759],[-122.0747,47.776],[-122.0746,47.776],[-122.0547,47.7757],[-122.0004,47.7754],[-122.0003,47.7754],[-121.9918,47.7753],[-121.9678,47.7762],[-121.8646,47.7773],[-121.8514,47.7769],[-121.6668,47.7772],[-121.4563,47.7784],[-121.4555,47.7806],[-121.1192,47.7799],[-121.1109,47.7584],[-121.094,47.7582],[-121.079,47.7392],[-121.0874,47.7285],[-121.066,47.7136],[-121.1055,47.6888],[-121.1216,47.6852],[-121.1337,47.6456],[-121.1136,47.5973],[-121.1722,47.5902],[-121.1766,47.5669],[-121.2289,47.5656],[-121.243,47.5404],[-121.2429,47.5359],[-121.2634,47.5234],[-121.2789,47.523],[-121.3115,47.4796],[-121.3387,47.4764],[-121.348,47.4653],[-121.3639,47.4648],[-121.3791,47.4544],[-121.385,47.4346],[-121.4274,47.4207],[-121.4262,47.3896],[-121.4403,47.3859],[-121.4378,47.372],[-121.466,47.3678],[-121.4642,47.3544],[-121.4368,47.341],[-121.4304,47.3341],[-121.4444,47.3082],[-121.4322,47.293],[-121.3412,47.2813],[-121.3392,47.2736],[-121.3321,47.2589],[-121.3398,47.2472],[-121.3608,47.2404],[-121.3651,47.2246],[-121.3176,47.2121],[-121.3063,47.1877],[-121.3177,47.1743],[-121.2976,47.1486],[-121.3034,47.1389],[-121.335,47.1327],[-121.3647,47.1418],[-121.394,47.1328],[-121.4081,47.1181],[-121.4025,47.098],[-121.3797,47.0875],[-121.38,47.0872],[-121.4174,47.0884],[-121.4418,47.0844],[-121.4547,47.0894],[-121.4906,47.1168],[-121.5315,47.1246],[-121.5817,47.1186],[-121.5945,47.1222],[-121.6115,47.143],[-121.631,47.1535],[-121.6638,47.1599],[-121.6842,47.1498],[-121.7199,47.1512],[-121.7425,47.1642],[-121.7698,47.1654],[-121.7781,47.1734],[-121.7965,47.1731],[-121.8395,47.1434],[-121.9015,47.1557],[-121.9282,47.1474],[-121.9349,47.1382],[-121.9478,47.1428],[-121.9521,47.1545],[-121.9946,47.1727],[-122.0127,47.176],[-122.0374,47.1727],[-122.0556,47.1791],[-122.095,47.1952],[-122.1139,47.2187],[-122.1157,47.2313],[-122.144,47.2575],[-122.1745,47.2575],[-122.1867,47.2573],[-122.2083,47.2574],[-122.216,47.2574],[-122.2295,47.2576],[-122.2298,47.2576],[-122.2622,47.2574],[-122.2937,47.2573],[-122.2946,47.2572],[-122.3298,47.2574],[-122.3349,47.2576],[-122.3348,47.2631],[-122.3579,47.279],[-122.3634,47.2828],[-122.3816,47.2953],[-122.3818,47.2955],[-122.3896,47.3006],[-122.4183,47.3206],[-122.4059,47.3241],[-122.3823,47.3308],[-122.381,47.3312],[-122.3801,47.3314],[-122.3642,47.336],[-122.3467,47.3395],[-122.3369,47.3414],[-122.3248,47.3485],[-122.3253,47.3721],[-122.3257,47.3915],[-122.3276,47.3979],[-122.3284,47.4006],[-122.3318,47.4045],[-122.3326,47.4054],[-122.3339,47.4069],[-122.3352,47.4084],[-122.348,47.4159],[-122.3512,47.4231],[-122.3512,47.4308],[-122.3551,47.4419],[-122.3619,47.4452],[-122.367,47.4476],[-122.3831,47.4505],[-122.368,47.4592],[-122.3667,47.4637],[-122.3613,47.4814],[-122.3652,47.4884],[-122.3766,47.4957],[-122.3866,47.5022],[-122.3965,47.5152],[-122.3952,47.5202],[-122.3939,47.5248],[-122.3941,47.5258],[-122.3966,47.5399],[-122.3983,47.5501],[-122.4049,47.5608],[-122.4098,47.5689],[-122.4211,47.576],[-122.4018,47.5839],[-122.3871,47.5957],[-122.3761,47.5858],[-122.3754,47.5852],[-122.3702,47.5831],[-122.3582,47.5848],[-122.3443,47.5906],[-122.3429,47.5912],[-122.3395,47.5991],[-122.3396,47.5992],[-122.3412,47.6022],[-122.3423,47.6043],[-122.3449,47.6091],[-122.3463,47.61],[-122.3509,47.613],[-122.3593,47.6186],[-122.3595,47.6187],[-122.3678,47.6242],[-122.386,47.6317],[-122.3897,47.6314],[-122.3937,47.631],[-122.4042,47.6339],[-122.4146,47.6398],[-122.423,47.6503],[-122.4298,47.6589]]],[[[-122.526,47.3589],[-122.5178,47.3687],[-122.5197,47.375],[-122.521,47.3793],[-122.5267,47.3986],[-122.5214,47.4055],[-122.5147,47.414],[-122.5133,47.4491],[-122.4979,47.4759],[-122.4827,47.4831],[-122.4747,47.5111],[-122.4524,47.5035],[-122.4604,47.4938],[-122.46,47.4869],[-122.4334,47.4664],[-122.4394,47.4586],[-122.4399,47.4176],[-122.4399,47.417],[-122.4377,47.4074],[-122.4273,47.4021],[-122.3951,47.3993],[-122.3736,47.3887],[-122.3785,47.3853],[-122.4018,47.3813],[-122.4378,47.3656],[-122.4484,47.355],[-122.454,47.3433],[-122.4575,47.3426],[-122.4697,47.3446],[-122.4912,47.3352],[-122.4931,47.3303],[-122.5049,47.3307],[-122.5189,47.3333],[-122.5281,47.3455],[-122.526,47.3589]]]]","MultiPolygon",-121.806357849743,47.4902143620528,-121.835951729,47.49092319
,"47115",1,,,,"{""Location"": {""kind"": ""electricalNetwork"", ""CoordinateSystem"": {""crsUrn"": ""EPSG:4326""}}}",,,,,"{""kind"": ""electricalNetwork"", ""CoordinateSystem"": {""crsUrn"": ""EPSG:4326""}}","electricalNetwork","SEQUACHEE VALLEY ELECTRIC COOP,16930","16930","Marion","Tennessee","Feature","[[[[-85.873,35.2234],[-85.8451,35.2411],[-85.814,35.2379],[-85.7735,35.2187],[-85.7431,35.2155],[-85.6936,35.2393],[-85.7079,35.2906],[-85.6904,35.2861],[-85.6556,35.3055],[-85.6454,35.302],[-85.5586,35.3193],[-85.5568,35.3083],[-85.494,35.2785],[-85.4923,35.274],[-85.4591,35.2668],[-85.443,35.2619],[-85.4038,35.224],[-85.3923,35.2038],[-85.3949,35.1673],[-85.3871,35.1472],[-85.3858,35.1371],[-85.3918,35.1204],[-85.362,35.0878],[-85.3823,35.0447],[-85.4087,35.0412],[-85.4278,35.0067],[-85.4741,34.9831],[-85.5142,34.9836],[-85.6052,34.9847],[-85.6115,34.9848],[-85.7008,34.9862],[-85.7489,34.9869],[-85.8244,34.9881],[-85.8287,34.9882],[-85.8609,34.9884],[-85.8639,34.9884],[-85.8633,35.2203],[-85.873,35.2234]]]]","MultiPolygon",-85.6219431836917,35.1293245805954,-85.621992436,35.129332747
,"47153",1,,,,"{""Location"": {""kind"": ""electricalNetwork"", ""CoordinateSystem"": {""crsUrn"": ""EPSG:4326""}}}",,,,,"{""kind"": ""electricalNetwork"", ""CoordinateSystem"": {""crsUrn"": ""EPSG:4326""}}","electricalNetwork","SEQUACHEE VALLEY ELECTRIC COOP,16930","16930","Sequatchie","Tennessee","Feature","[[[[-85.5575,35.533],[-85.4958,35.5476],[-85.4599,35.5468],[-85.4535,35.5581],[-85.4238,35.5674],[-85.4361,35.5414],[-85.407,35.5176],[-85.4033,35.4923],[-85.3597,35.4554],[-85.3588,35.4546],[-85.3351,35.4347],[-85.2882,35.3985],[-85.2259,35.3543],[-85.246,35.3191],[-85.2925,35.2629],[-85.3531,35.1889],[-85.3829,35.1522],[-85.3871,35.1472],[-85.3949,35.1673],[-85.3923,35.2038],[-85.4038,35.224],[-85.443,35.2619],[-85.4591,35.2668],[-85.4923,35.274],[-85.494,35.2785],[-85.5568,35.3083],[-85.5586,35.3193],[-85.5423,35.3415],[-85.5062,35.3577],[-85.4892,35.3835],[-85.4856,35.4063],[-85.5129,35.4076],[-85.5123,35.423],[-85.5358,35.4315],[-85.538,35.4454],[-85.5367,35.4871],[-85.6073,35.5317],[-85.5575,35.533]]]]","MultiPolygon",-85.409965316946,35.3709521320449,-85.410586905,35.371147746
"Storm Conditions","06037",18,"2026-10-06T20:28:00+00:00",,,"{""cause"": ""Storm Conditions"", ""Location"": {""kind"": ""electricalNetwork"", ""CoordinateSystem"": {""crsUrn"": ""EPSG:4326""}}}",,"{""ert"": ""2026-10-07T13:00:00Z""}","Equipment Damage","Storm Conditions","{""kind"": ""electricalNetwork"", ""CoordinateSystem"": {""crsUrn"": ""EPSG:4326""}}","electricalNetwork","SOUTHERN CALIFORNIA EDISON CO,17609","17609","Los Angeles","California","Feature","[[[[-118.6034,33.4781],[-118.5988,33.4779],[-118.5859,33.4738],[-118.5445,33.4741],[-118.5307,33.4681],[-118.5002,33.4496],[-118.4997,33.4479],[-118.4856,33.4462],[-118.4776,33.4484],[-118.4458,33.4289],[-118.4236,33.4273],[-118.382,33.4099],[-118.3703,33.4093],[-118.3683,33.4071],[-118.3651,33.3884],[-118.3323,33.3564],[-118.3245,33.3488],[-118.3161,33.3429],[-118.3153,33.342],[-118.3102,33.3358],[-118.3032,33.3203],[-118.3051,33.3103],[-118.3168,33.3011],[-118.3252,33.2991],[-118.3432,33.3052],[-118.3603,33.3153],[-118.3748,33.3201],[-118.4029,33.3209],[-118.44,33.3186],[-118.4563,33.3218],[-118.4654,33.3261],[-118.4819,33.3441],[-118.4888,33.3566],[-118.4826,33.3699],[-118.4785,33.3863],[-118.4849,33.4121],[-118.4887,33.4198],[-118.504,33.4242],[-118.5159,33.4224],[-118.5163,33.4251],[-118.5232,33.4307],[-118.5374,33.4346],[-118.5587,33.4334],[-118.5634,33.4344],[-118.5709,33.4394],[-118.5759,33.4483],[-118.594,33.4672],[-118.6012,33.4699],[-118.604,33.4765],[-118.6034,33.4781]]],[[[-118.6055,33.031],[-118.594,33.036],[-118.5752,33.034],[-118.569,33.0292],[-118.5644,33.0249],[-118.5645,33.0186],[-118.5592,33.0063],[-118.5401,32.9809],[-118.5292,32.9709],[-118.4968,32.9338],[-118.4853,32.9235],[-118.479,32.9204],[-118.4606,32.9095],[-118.4468,32.8954],[-118.37,32.8393],[-118.3535,32.822],[-118.3565,32.8173],[-118.3605,32.8199],[-118.38,32.8245],[-118.3874,32.8253],[-118.3946,32.824],[-118.4013,32.8203],[-118.4256,32.8006],[-118.4294,32.8054],[-118.4284,32.8069],[-118.4449,32.8206],[-118.4761,32.8418],[-118.4879,32.8446],[-118.4963,32.8516],[-118.5069,32.8685],[-118.5081,32.8713],[-118.5072,32.8763],[-118.5246,32.8932],[-118.5245,32.8955],[-118.5358,32.9063],[-118.5511,32.9452],[-118.5609,32.9579],[-118.5735,32.9692],[-118.5869,33.0083],[-118.596,33.0154],[-118.6066,33.0147],[-118.6055,33.031]]],[[[-118.941,34.0748],[-118.8922,34.1048],[-118.8565,34.1268],[-118.8335,34.1409],[-118.8149,34.1523],[-118.7887,34.1682],[-118.7586,34.1681],[-118.7585,34.1681],[-118.7287,34.1679],[-118.712,34.1686],[-118.7034,34.1686],[-118.6938,34.1686],[-118.6682,34.1682],[-118.6682,34.1767],[-118.6682,34.1841],[-118.668,34.1992],[-118.6678,34.2068],[-118.6678,34.2223],[-118.6678,34.2234],[-118.6677,34.2367],[-118.6677,34.2403],[-118.6325,34.2404],[-118.6325,34.2419],[-118.6326,34.2549],[-118.6333,34.2683],[-118.6335,34.2695],[-118.6335,34.2698],[-118.6368,34.2918],[-118.6523,34.3234],[-118.6706,34.3607],[-118.6929,34.4061],[-118.7266,34.4745],[-118.8209,34.6659],[-118.8804,34.7887],[-118.8946,34.818],[-118.8817,34.8178],[-118.8833,34.8094],[-118.8672,34.8032],[-118.8657,34.8032],[-118.8541,34.8033],[-118.854,34.8178],[-118.5876,34.8183],[-118.3263,34.8197],[-118.22,34.8201],[-118.1401,34.8209],[-117.9167,34.8225],[-117.7744,34.8233],[-117.6675,34.8225],[-117.6672,34.7343],[-117.6671,34.5579],[-117.6604,34.5579],[-117.6601,34.4986],[-117.6597,34.4516],[-117.6552,34.3972],[-117.6552,34.397],[-117.6505,34.339],[-117.6464,34.2892],[-117.6772,34.1674],[-117.6777,34.1652],[-117.6833,34.1505],[-117.6868,34.1381],[-117.6892,34.1323],[-117.6936,34.1216],[-117.6996,34.1068],[-117.7044,34.0953],[-117.7049,34.094],[-117.7101,34.082],[-117.7112,34.0795],[-117.7128,34.0759],[-117.7135,34.0743],[-117.7167,34.0669],[-117.7181,34.0632],[-117.7193,34.0597],[-117.7194,34.0595],[-117.722,34.0522],[-117.7234,34.0485],[-117.7247,34.0449],[-117.728,34.0335],[-117.7301,34.0214],[-117.7454,34.02],[-117.746,34.0201],[-117.7677,34.0235],[-117.7677,34.0194],[-117.7672,34.0136],[-117.77,34.0047],[-117.7798,34.0048],[-117.7911,33.9947],[-117.8025,33.9756],[-117.7937,33.9681],[-117.7936,33.9579],[-117.7833,33.9463],[-117.8684,33.9459],[-117.9009,33.9461],[-117.9156,33.947],[-117.92,33.9461],[-117.9248,33.9461],[-117.9316,33.9461],[-117.9505,33.9461],[-117.9648,33.9461],[-117.9667,33.9461],[-117.9765,33.9399],[-117.9765,33.9398],[-117.9765,33.9282],[-117.9765,33.928],[-117.9766,33.9174],[-117.9766,33.9112],[-117.9766,33.9064],[-117.9854,33.9026],[-117.9853,33.8956],[-117.9992,33.8882],[-117.9994,33.8882],[-118.0028,33.8827],[-118.0028,33.8809],[-118.0115,33.8808],[-118.0114,33.8734],[-118.0288,33.8733],[-118.0287,33.8662],[-118.0376,33.866],[-118.0462,33.8587],[-118.0504,33.8507],[-118.0547,33.8462],[-118.0589,33.8462],[-118.059,33.8462],[-118.059,33.8454],[-118.059,33.8389],[-118.0612,33.8333],[-118.0633,33.8315],[-118.0633,33.8241],[-118.0674,33.8175],[-118.0688,33.8174],[-118.0815,33.8061],[-118.0842,33.8034],[-118.0873,33.7952],[-118.093,33.7861],[-118.0933,33.7857],[-118.0971,33.7742],[-118.092,33.7597],[-118.1058,33.7507],[-118.113,33.7471],[-118.1146,33.7446],[-118.1157,33.7429],[-118.1326,33.7532],[-118.1327,33.7532],[-118.1466,33.7573],[-118.1569,33.7603],[-118.1667,33.7621],[-118.1755,33.7636],[-118.1762,33.7635],[-118.1808,33.7631],[-118.1816,33.7615],[-118.1834,33.758],[-118.1877,33.7492],[-118.1837,33.7361],[-118.1833,33.7232],[-118.185,33.7231],[-118.2122,33.7212],[-118.2122,33.7212],[-118.2314,33.714],[-118.2587,33.7037],[-118.2635,33.7046],[-118.2772,33.7071],[-118.2781,33.7071],[-118.2928,33.7081],[-118.2947,33.7082],[-118.2971,33.7083],[-118.3123,33.7117],[-118.3172,33.7128],[-118.3228,33.7157],[-118.3333,33.7212],[-118.3547,33.7323],[-118.3605,33.7368],[-118.3721,33.739],[-118.385,33.7414],[-118.3966,33.7359],[-118.4036,33.7388],[-118.4112,33.742],[-118.4142,33.7477],[-118.4215,33.7616],[-118.4284,33.7747],[-118.4234,33.782],[-118.4202,33.7851],[-118.4129,33.7924],[-118.4115,33.7938],[-118.405,33.8002],[-118.3945,33.8043],[-118.3943,33.8043],[-118.3916,33.8152],[-118.3915,33.8154],[-118.3918,33.8288],[-118.3921,33.8386],[-118.3921,33.8409],[-118.3976,33.8524],[-118.4021,33.8618],[-118.4094,33.877],[-118.4127,33.8839],[-118.4127,33.8839],[-118.422,33.9016],[-118.4237,33.9047],[-118.4298,33.9163],[-118.4424,33.9403],[-118.4487,33.9502],[-118.4563,33.9624],[-118.4606,33.9691],[-118.4682,33.9783],[-118.4726,33.9837],[-118.4761,33.9878],[-118.4827,33.9959],[-118.4842,33.9977],[-118.4869,34.0003],[-118.4927,34.0058],[-118.5028,34.0155],[-118.5028,34.0155],[-118.5096,34.0204],[-118.5169,34.0256],[-118.5195,34.0275],[-118.5197,34.0276],[-118.5361,34.0352],[-118.5431,34.0385],[-118.5543,34.0398],[-118.5671,34.0414],[-118.5692,34.0416],[-118.6036,34.039],[-118.6097,34.0364],[-118.6364,34.0375],[-118.6684,34.0389],[-118.6754,34.0375],[-118.6794,34.0333],[-118.7062,34.0294],[-118.7143,34.0304],[-118.7324,34.0327],[-118.745,34.0321],[-118.7499,34.0307],[-118.7834,34.0215],[-118.7871,34.0195],[-118.8051,34.0012],[-118.8216,34.0139],[-118.8216,34.014],[-118.8404,34.0275],[-118.8428,34.0287],[-118.8547,34.0342],[-118.8962,34.0392],[-118.928,34.0458],[-118.9381,34.0434],[-118.9449,34.0453],[-118.941,34.0748]]]]","MultiPolygon",-118.224550062411,34.3213847298819,-118.261056479,34.198181903
"Equipment Problems","06111",19,"2026-10-07T01:03:42+00:00",,,"{""cause"": ""Equipment Problems"", ""Location"": {""kind"": ""electricalNetwork"", ""CoordinateSystem"": {""crsUrn"": ""EPSG:4326""}}}",,,"Not Available","Equipment Problems","{""kind"": ""electricalNetwork"", ""CoordinateSystem"": {""crsUrn"": ""EPSG:4326""}}","electricalNetwork","SOUTHERN CALIFORNIA EDISON CO,17609","17609","Ventura","California","Feature","[[[[-119.4308,34.0291],[-119.4035,34.0143],[-119.3643,34.0262],[-119.3476,34.0193],[-119.3631,34.0005],[-119.3916,33.9946],[-119.4237,33.9976],[-119.4558,34.0153],[-119.4308,34.0291]]],[[[-119.4733,34.3793],[-119.4632,34.3905],[-119.4514,34.3981],[-119.446,34.4041],[-119.4543,34.4182],[-119.4404,34.4418],[-119.4424,34.4909],[-119.4437,34.9012],[-119.3837,34.9008],[-119.3819,34.874],[-119.2764,34.8725],[-119.2772,34.8573],[-119.2426,34.8576],[-119.2425,34.8143],[-119.0993,34.8129],[-119.0238,34.8124],[-118.9779,34.8117],[-118.978,34.7898],[-118.8804,34.7887],[-118.8209,34.6659],[-118.7266,34.4745],[-118.6929,34.4061],[-118.6706,34.3607],[-118.6523,34.3234],[-118.6368,34.2918],[-118.6335,34.2698],[-118.6335,34.2695],[-118.6333,34.2683],[-118.6326,34.2549],[-118.6325,34.2419],[-118.6325,34.2404],[-118.6677,34.2403],[-118.6677,34.2367],[-118.6678,34.2234],[-118.6678,34.2223],[-118.6678,34.2068],[-118.668,34.1992],[-118.6682,34.1841],[-118.6682,34.1767],[-118.6682,34.1682],[-118.6938,34.1686],[-118.7034,34.1686],[-118.712,34.1686],[-118.7287,34.1679],[-118.7585,34.1681],[-118.7586,34.1681],[-118.7887,34.1682],[-118.8149,34.1523],[-118.8335,34.1409],[-118.8565,34.1268],[-118.8922,34.1048],[-118.941,34.0748],[-118.9449,34.0453],[-118.9547,34.0482],[-118.9778,34.0598],[-118.997,34.0659],[-119.0046,34.0662],[-119.0375,34.0831],[-119.0638,34.0891],[-119.07,34.0905],[-119.0885,34.0983],[-119.0982,34.0993],[-119.1098,34.0946],[-119.1302,34.1001],[-119.1375,34.105],[-119.1596,34.1197],[-119.1886,34.139],[-119.1893,34.1392],[-119.2031,34.1445],[-119.2112,34.1449],[-119.2164,34.1461],[-119.2253,34.1583],[-119.2277,34.1617],[-119.2371,34.1758],[-119.2486,34.1974],[-119.257,34.2133],[-119.2659,34.2346],[-119.2659,34.2347],[-119.2663,34.2361],[-119.2701,34.2529],[-119.2786,34.2669],[-119.2856,34.2714],[-119.2909,34.2749],[-119.3021,34.2728],[-119.3076,34.2742],[-119.313,34.2757],[-119.3375,34.2906],[-119.3492,34.3044],[-119.3704,34.3195],[-119.3758,34.3211],[-119.3882,34.3174],[-119.3904,34.3182],[-119.4278,34.353],[-119.4311,34.3553],[-119.4359,34.3558],[-119.461,34.3741],[-119.4727,34.3756],[-119.4783,34.3772],[-119.4733,34.3793]]],[[[-119.5789,33.2786],[-119.562,33.2711],[-119.5552,33.2734],[-119.5476,33.2803],[-119.5438,33.2803],[-119.5329,33.2847],[-119.5281,33.2849],[-119.505,33.2728],[-119.4955,33.2691],[-119.4828,33.264],[-119.4657,33.2592],[-119.4585,33.2547],[-119.4296,33.2282],[-119.4443,33.2192],[-119.4647,33.2154],[-119.476,33.2155],[-119.5007,33.2206],[-119.5117,33.223],[-119.5175,33.2267],[-119.5459,33.2334],[-119.565,33.2474],[-119.5656,33.25],[-119.566,33.2526],[-119.5706,33.2577],[-119.5789,33.2786]]]]","MultiPolygon",-119.084850170138,34.4542154266372,-119.126014347,34.357069072
"Upgrading Equipment","06065",880,"2026-10-07T05:30:24+00:00",,,"{""cause"": ""Upgrading Equipment"", ""Location"": {""kind"": ""electricalNetwork"", ""CoordinateSystem"": {""crsUrn"": ""EPSG:4326""}}}",,"{""ert"": ""2026-10-07T13:00:00Z""}","Enhancing Reliability","Upgrading Equipment","{""kind"": ""electricalNetwork"", ""CoordinateSystem"": {""crsUrn"": ""EPSG:4326""}}","electricalNetwork","SOUTHERN CALIFORNIA EDISON CO,17609","17609","Riverside","California","Feature","[[[[-117.6755,33.8881],[-117.6549,33.8888],[-117.6554,33.9243],[-117.6434,33.9251],[-117.6109,33.9251],[-117.6109,33.946],[-117.611,33.9687],[-117.5998,33.9753],[-117.5932,33.9774],[-117.5584,33.9884],[-117.5584,33.9971],[-117.5583,34.0189],[-117.5583,34.0335],[-117.5502,34.0335],[-117.5243,34.0335],[-117.5069,34.0335],[-117.4812,34.0335],[-117.4712,34.0336],[-117.4655,34.0336],[-117.4332,34.0342],[-117.4142,34.0343],[-117.4015,34.034],[-117.3753,34.0339],[-117.3754,34.0194],[-117.3701,34.0194],[-117.3626,34.0193],[-117.36,34.0193],[-117.3594,34.0193],[-117.34,34.0194],[-117.3396,34.0193],[-117.3137,34.0193],[-117.3049,34.0193],[-117.2961,34.0183],[-117.2827,34.0184],[-117.2706,34.0187],[-117.2255,34.018],[-117.2254,34.0053],[-117.2123,34.0041],[-117.1915,34.0041],[-117.1909,34.0041],[-117.1677,34.0041],[-117.1615,34.0041],[-117.1613,34.0041],[-117.1612,34.0041],[-117.1609,34.0042],[-117.1608,34.0042],[-117.1213,34.0035],[-117.1067,34.0043],[-117.1039,34.0044],[-117.099,34.0042],[-117.0865,34.0038],[-117.066,34.0039],[-117.0649,34.0039],[-117.0541,34.0041],[-117.0389,34.0047],[-117.0258,34.0047],[-117.0213,34.0046],[-117.0014,34.0043],[-116.9872,34.0047],[-116.9633,34.0048],[-116.9336,34.0049],[-116.9294,34.0049],[-116.9296,34.0341],[-116.9061,34.0341],[-116.905,34.0341],[-116.8771,34.034],[-116.8738,34.0339],[-116.7197,34.0338],[-116.6156,34.0333],[-116.6033,34.0326],[-116.5915,34.0326],[-116.5123,34.0329],[-116.4578,34.0329],[-116.3006,34.0325],[-116.3006,34.0344],[-116.0464,34.0343],[-115.3162,34.0341],[-115.3161,34.0778],[-115.1924,34.0778],[-115.1361,34.0797],[-114.8295,34.0796],[-114.4502,34.0798],[-114.4354,34.0797],[-114.4377,34.0719],[-114.4393,34.0579],[-114.4394,34.0538],[-114.4386,34.0502],[-114.4355,34.0426],[-114.4349,34.0378],[-114.4362,34.0281],[-114.4383,34.0226],[-114.4405,34.0193],[-114.4438,34.0162],[-114.4502,34.0126],[-114.4548,34.011],[-114.4589,34.0108],[-114.4612,34.0101],[-114.4628,34.0084],[-114.4631,34.0066],[-114.4628,34.0045],[-114.4604,33.9992],[-114.4603,33.9966],[-114.4612,33.9947],[-114.4624,33.9938],[-114.4662,33.9935],[-114.4679,33.9929],[-114.4711,33.988],[-114.4759,33.9844],[-114.4815,33.9813],[-114.4823,33.9802],[-114.4831,33.9777],[-114.4848,33.9755],[-114.495,33.9668],[-114.4999,33.9618],[-114.5096,33.9573],[-114.5112,33.957],[-114.5159,33.9581],[-114.522,33.9556],[-114.5287,33.9478],[-114.5355,33.9347],[-114.535,33.9285],[-114.5337,33.9261],[-114.5284,33.9237],[-114.5254,33.9223],[-114.5184,33.9175],[-114.5115,33.9111],[-114.5086,33.9061],[-114.5079,33.9038],[-114.508,33.9018],[-114.5087,33.9006],[-114.5109,33.8991],[-114.5137,33.898],[-114.5163,33.8962],[-114.5178,33.8949],[-114.5187,33.8932],[-114.5189,33.8917],[-114.5186,33.8898],[-114.5178,33.8882],[-114.5165,33.8859],[-114.5125,33.8829],[-114.5043,33.8769],[-114.5034,33.875],[-114.503,33.868],[-114.5039,33.8658],[-114.5056,33.8643],[-114.5147,33.8586],[-114.5168,33.8581],[-114.5245,33.8585],[-114.5268,33.8574],[-114.5285,33.8549],[-114.5294,33.8518],[-114.5296,33.8481],[-114.5255,33.8386],[-114.5234,33.8353],[-114.5205,33.8278],[-114.52,33.8254],[-114.5207,33.822],[-114.5227,33.819],[-114.5272,33.8162],[-114.528,33.815],[-114.5201,33.7995],[-114.5167,33.7883],[-114.5071,33.7679],[-114.5049,33.7605],[-114.5048,33.7602],[-114.5043,33.7564],[-114.5045,33.751],[-114.506,33.7463],[-114.5082,33.7416],[-114.5119,33.735],[-114.5123,33.7342],[-114.5103,33.7321],[-114.5068,33.7305],[-114.5042,33.7281],[-114.5027,33.7246],[-114.5008,33.7222],[-114.4966,33.7192],[-114.4949,33.7144],[-114.4942,33.7079],[-114.4957,33.6985],[-114.4965,33.6969],[-114.505,33.693],[-114.5124,33.6913],[-114.5191,33.6885],[-114.524,33.6859],[-114.5278,33.6827],[-114.5303,33.6792],[-114.5315,33.6751],[-114.531,33.6711],[-114.5297,33.668],[-114.5283,33.666],[-114.5269,33.6643],[-114.526,33.6629],[-114.5252,33.6616],[-114.525,33.6596],[-114.5252,33.6581],[-114.5258,33.6571],[-114.5269,33.6556],[-114.5283,33.653],[-114.5302,33.6501],[-114.5301,33.6476],[-114.5291,33.6441],[-114.5279,33.6414],[-114.5271,33.6381],[-114.5269,33.6375],[-114.5269,33.6331],[-114.5285,33.6302],[-114.5299,33.6274],[-114.5297,33.6228],[-114.5279,33.6188],[-114.5258,33.6166],[-114.5246,33.6143],[-114.5248,33.6114],[-114.5268,33.6088],[-114.5292,33.6067],[-114.5406,33.5914],[-114.5403,33.5806],[-114.536,33.5692],[-114.5357,33.5688],[-114.5268,33.5575],[-114.5244,33.5537],[-114.5246,33.5522],[-114.542,33.5425],[-114.5589,33.5318],[-114.5595,33.5307],[-114.5608,33.5243],[-114.5606,33.5183],[-114.561,33.5167],[-114.5695,33.5092],[-114.5738,33.5075],[-114.5805,33.5065],[-114.5882,33.5025],[-114.5916,33.4994],[-114.5973,33.4907],[-114.5988,33.4868],[-114.5997,33.4843],[-114.6017,33.4814],[-114.6078,33.4748],[-114.6125,33.4708],[-114.6229,33.4566],[-114.6234,33.4545],[-114.6223,33.4476],[-114.6271,33.4336],[-114.7665,33.4337],[-114.8283,33.4337],[-115.4675,33.4284],[-115.6775,33.4274],[-115.9318,33.4265],[-116.0264,33.4263],[-116.06,33.426],[-116.0852,33.4259],[-116.1126,33.4259],[-116.6177,33.4274],[-116.623,33.4273],[-116.8367,33.4269],[-117.0309,33.4269],[-117.0523,33.4302],[-117.089,33.4303],[-117.0987,33.4304],[-117.1437,33.4326],[-117.2249,33.432],[-117.2413,33.432],[-117.2505,33.4516],[-117.2838,33.4624],[-117.3636,33.4881],[-117.3709,33.4905],[-117.3643,33.505],[-117.5097,33.505],[-117.5032,33.5204],[-117.5102,33.534],[-117.4927,33.5577],[-117.4579,33.6022],[-117.413,33.659],[-117.4559,33.689],[-117.4598,33.6917],[-117.4746,33.7038],[-117.4976,33.7056],[-117.5314,33.71],[-117.5341,33.7126],[-117.5364,33.7577],[-117.5692,33.7646],[-117.5801,33.768],[-117.6367,33.83],[-117.6621,33.8575],[-117.6743,33.858],[-117.6751,33.8687],[-117.6719,33.8697],[-117.6724,33.8703],[-117.673,33.871],[-117.6688,33.8805],[-117.6755,33.8881]]]]","MultiPolygon",-115.994764890688,33.7437710409515,-115.993817674,33.74367508
"Pole Upgrade","06071",46,"2026-10-07T03:54:29+00:00",,,"{""cause"": ""Pole Upgrade"", ""Location"": {""kind"": ""electricalNetwork"", ""CoordinateSystem"": {""crsUrn"": ""EPSG:4326""}}}",,"{""ert"": ""2026-10-07T19:00:29Z""}","Enhancing Reliability","Pole Upgrade","{""kind"": ""electricalNetwork"", ""CoordinateSystem"": {""crsUrn"": ""EPSG:4326""}}","electricalNetwork","SOUTHERN CALIFORNIA EDISON CO,17609","17609","San Bernardino","California","Feature","[[[[-117.8025,33.9756],[-117.7911,33.9947],[-117.7798,34.0048],[-117.77,34.0047],[-117.7672,34.0136],[-117.7677,34.0194],[-117.7677,34.0235],[-117.746,34.0201],[-117.7454,34.02],[-117.7301,34.0214],[-117.728,34.0335],[-117.7247,34.0449],[-117.7234,34.0485],[-117.722,34.0522],[-117.7194,34.0595],[-117.7193,34.0597],[-117.7181,34.0632],[-117.7167,34.0669],[-117.7135,34.0743],[-117.7128,34.0759],[-117.7112,34.0795],[-117.7101,34.082],[-117.7049,34.094],[-117.7044,34.0953],[-117.6996,34.1068],[-117.6936,34.1216],[-117.6892,34.1323],[-117.6868,34.1381],[-117.6833,34.1505],[-117.6777,34.1652],[-117.6772,34.1674],[-117.6464,34.2892],[-117.6505,34.339],[-117.6552,34.397],[-117.6552,34.3972],[-117.6597,34.4516],[-117.6601,34.4986],[-117.6604,34.5579],[-117.6671,34.5579],[-117.6672,34.7343],[-117.6675,34.8225],[-117.6322,34.8223],[-117.6326,34.9832],[-117.6322,34.9909],[-117.6328,35.0574],[-117.6309,35.0976],[-117.631,35.2474],[-117.6313,35.4196],[-117.6337,35.4393],[-117.6337,35.4514],[-117.63,35.4575],[-117.6301,35.5643],[-117.6348,35.5933],[-117.6344,35.6225],[-117.6343,35.6516],[-117.6165,35.6516],[-117.6165,35.6807],[-117.6522,35.6808],[-117.6521,35.7099],[-117.6343,35.7098],[-117.6343,35.7973],[-116.9357,35.7954],[-116.5008,35.795],[-115.7359,35.7936],[-115.7357,35.8091],[-115.648,35.8096],[-115.6477,35.8094],[-115.6472,35.809],[-115.6274,35.7938],[-115.6258,35.792],[-115.5008,35.6934],[-115.4129,35.625],[-115.4061,35.6186],[-115.4045,35.6176],[-115.394,35.6093],[-115.3915,35.6073],[-115.3915,35.6073],[-115.3037,35.5382],[-115.2713,35.5127],[-115.1606,35.4243],[-115.1601,35.4241],[-115.1468,35.4137],[-115.1458,35.4132],[-115.1258,35.3969],[-115.1029,35.3794],[-115.098,35.375],[-115.0438,35.332],[-114.9482,35.2548],[-114.9422,35.25],[-114.9255,35.2371],[-114.9254,35.237],[-114.8493,35.1759],[-114.8493,35.1759],[-114.805,35.1403],[-114.8042,35.1397],[-114.6335,35.0019],[-114.6299,34.9947],[-114.6292,34.9919],[-114.629,34.9861],[-114.6299,34.9808],[-114.6346,34.9691],[-114.6352,34.9651],[-114.635,34.9589],[-114.6317,34.9513],[-114.6298,34.9448],[-114.6298,34.943],[-114.6298,34.9387],[-114.6322,34.9306],[-114.6333,34.9246],[-114.6332,34.9212],[-114.6306,34.9119],[-114.6306,34.9108],[-114.6309,34.9073],[-114.6354,34.8952],[-114.6367,34.8891],[-114.6368,34.8857],[-114.6352,34.875],[-114.6344,34.8729],[-114.6307,34.8664],[-114.6303,34.866],[-114.6239,34.8597],[-114.6199,34.8569],[-114.6043,34.8496],[-114.6007,34.8474],[-114.5923,34.8412],[-114.5868,34.8357],[-114.5811,34.8261],[-114.5765,34.8153],[-114.5746,34.8057],[-114.571,34.7943],[-114.5659,34.7859],[-114.5587,34.7739],[-114.5527,34.7669],[-114.5469,34.7618],[-114.5403,34.7571],[-114.5296,34.7508],[-114.5256,34.747],[-114.5226,34.7437],[-114.521,34.7412],[-114.5166,34.7367],[-114.5103,34.7336],[-114.5034,34.7312],[-114.4959,34.728],[-114.492,34.7257],[-114.491,34.7248],[-114.4868,34.7191],[-114.4842,34.7175],[-114.482,34.716],[-114.4773,34.7145],[-114.4737,34.714],[-114.4716,34.713],[-114.4705,34.7114],[-114.4686,34.7076],[-114.4681,34.7018],[-114.4652,34.6912],[-114.4622,34.6858],[-114.4566,34.678],[-114.4555,34.6758],[-114.4549,34.6731],[-114.4543,34.6712],[-114.4526,34.6685],[-114.452,34.6668],[-114.4518,34.665],[-114.4518,34.6639],[-114.4526,34.6596],[-114.452,34.6572],[-114.4518,34.6543],[-114.4495,34.6514],[-114.4443,34.6465],[-114.4415,34.6425],[-114.4403,34.6382],[-114.4415,34.6315],[-114.4414,34.6302],[-114.4387,34.6215],[-114.4286,34.6146],[-114.4242,34.6105],[-114.4243,34.6023],[-114.4253,34.6008],[-114.4275,34.5992],[-114.4301,34.5969],[-114.4297,34.5958],[-114.4297,34.5917],[-114.4224,34.5807],[-114.4052,34.5696],[-114.3896,34.543],[-114.3808,34.5297],[-114.3803,34.5272],[-114.3782,34.5165],[-114.3781,34.5073],[-114.3797,34.5034],[-114.3814,34.4992],[-114.3824,34.4958],[-114.383,34.4889],[-114.3816,34.4779],[-114.3817,34.4763],[-114.3817,34.476],[-114.3835,34.4704],[-114.3872,34.462],[-114.3874,34.4605],[-114.3867,34.4579],[-114.3789,34.4504],[-114.3758,34.4478],[-114.3737,34.4469],[-114.3634,34.4478],[-114.356,34.4497],[-114.3426,34.4514],[-114.3396,34.4514],[-114.3354,34.45],[-114.333,34.4481],[-114.3307,34.4453],[-114.3265,34.4379],[-114.3261,34.4373],[-114.3191,34.4358],[-114.3157,34.4343],[-114.3123,34.4327],[-114.301,34.4268],[-114.2948,34.4214],[-114.2922,34.4176],[-114.2918,34.4111],[-114.2902,34.4083],[-114.2887,34.4066],[-114.2868,34.4053],[-114.2801,34.4031],[-114.2675,34.4025],[-114.2643,34.4013],[-114.2527,34.3901],[-114.2486,34.3881],[-114.2453,34.3857],[-114.2343,34.3767],[-114.2297,34.3689],[-114.2261,34.3659],[-114.2138,34.3625],[-114.1995,34.3614],[-114.1911,34.3561],[-114.1856,34.3544],[-114.1811,34.3522],[-114.1769,34.3493],[-114.1728,34.345],[-114.1688,34.3395],[-114.1572,34.3179],[-114.1409,34.3059],[-114.1383,34.3032],[-114.1382,34.3009],[-114.1395,34.2958],[-114.1384,34.2886],[-114.136,34.2808],[-114.137,34.277],[-114.1367,34.2744],[-114.1348,34.269],[-114.1344,34.2664],[-114.1346,34.2635],[-114.1362,34.2613],[-114.1391,34.2595],[-114.1448,34.2596],[-114.1472,34.2596],[-114.1533,34.2583],[-114.1569,34.2584],[-114.1597,34.2582],[-114.1618,34.257],[-114.1631,34.2552],[-114.1639,34.2533],[-114.1645,34.2517],[-114.1665,34.2496],[-114.1731,34.2472],[-114.1743,34.2455],[-114.1759,34.2427],[-114.1764,34.2415],[-114.178,34.24],[-114.1909,34.2309],[-114.2083,34.2155],[-114.2118,34.2115],[-114.2155,34.209],[-114.2234,34.2051],[-114.2252,34.2036],[-114.2259,34.2018],[-114.2249,34.1939],[-114.227,34.1889],[-114.229,34.1874],[-114.2297,34.1869],[-114.2407,34.1832],[-114.2442,34.1796],[-114.2541,34.1738],[-114.2683,34.1702],[-114.2753,34.1722],[-114.2873,34.1705],[-114.2928,34.1667],[-114.299,34.1597],[-114.3022,34.1561],[-114.3122,34.1448],[-114.3208,34.1386],[-114.3246,34.1368],[-114.3361,34.134],[-114.3481,34.1345],[-114.353,34.1331],[-114.3564,34.1304],[-114.3604,34.1236],[-114.3665,34.1186],[-114.3693,34.1175],[-114.3792,34.116],[-114.3906,34.1101],[-114.4014,34.1117],[-114.4059,34.1115],[-114.4117,34.11],[-114.4159,34.1076],[-114.4205,34.1035],[-114.4262,34.097],[-114.428,34.0928],[-114.4334,34.0884],[-114.4342,34.0874],[-114.4354,34.0797],[-114.4502,34.0798],[-114.8295,34.0796],[-115.1361,34.0797],[-115.1924,34.0778],[-115.3161,34.0778],[-115.3162,34.0341],[-116.0464,34.0343],[-116.3006,34.0344],[-116.3006,34.0325],[-116.4578,34.0329],[-116.5123,34.0329],[-116.5915,34.0326],[-116.6033,34.0326],[-116.6156,34.0333],[-116.7197,34.0338],[-116.8738,34.0339],[-116.8771,34.034],[-116.905,34.0341],[-116.9061,34.0341],[-116.9296,34.0341],[-116.9294,34.0049],[-116.9336,34.0049],[-116.9633,34.0048],[-116.9872,34.0047],[-117.0014,34.0043],[-117.0213,34.0046],[-117.0258,34.0047],[-117.0389,34.0047],[-117.0541,34.0041],[-117.0649,34.0039],[-117.066,34.0039],[-117.0865,34.0038],[-117.099,34.0042],[-117.1039,34.0044],[-117.1067,34.0043],[-117.1213,34.0035],[-117.1608,34.0042],[-117.1609,34.0042],[-117.1612,34.0041],[-117.1613,34.0041],[-117.1615,34.0041],[-117.1677,34.0041],[-117.1909,34.0041],[-117.1915,34.0041],[-117.2123,34.0041],[-117.2254,34.0053],[-117.2255,34.018],[-117.2706,34.0187],[-117.2827,34.0184],[-117.2961,34.0183],[-117.3049,34.0193],[-117.3137,34.0193],[-117.3396,34.0193],[-117.34,34.0194],[-117.3594,34.0193],[-117.36,34.0193],[-117.3626,34.0193],[-117.3701,34.0194],[-117.3754,34.0194],[-117.3753,34.0339],[-117.4015,34.034],[-117.4142,34.0343],[-117.4332,34.0342],[-117.4655,34.0336],[-117.4712,34.0336],[-117.4812,34.0335],[-117.5069,34.0335],[-117.5243,34.0335],[-117.5502,34.0335],[-117.5583,34.0335],[-117.5583,34.0189],[-117.5584,33.9971],[-117.5584,33.9884],[-117.5932,33.9774],[-117.5998,33.9753],[-117.611,33.9687],[-117.6109,33.946],[-117.6109,33.9251],[-117.6434,33.9251],[-117.6554,33.9243],[-117.6549,33.8888],[-117.6755,33.8881],[-117.6688,33.8805],[-117.673,33.871],[-117.6758,33.874],[-117.6793,33.8776],[-117.7103,33.8967],[-117.7325,33.9103],[-117.7355,33.9133],[-117.7378,33.9147],[-117.7481,33.9214],[-117.7682,33.9358],[-117.7833,33.9463],[-117.7936,33.9579],[-117.7937,33.9681],[-117.8025,33.9756]]]]","MultiPolygon",-116.178441641048,34.8415154042306,-116.178478997,34.841438011
"Equipment Problems","06071",145,"2026-10-07T10:40:44+00:00",,,"{""cause"": ""Equipment Problems"", ""Location"": {""kind"": ""electricalNetwork"", ""CoordinateSystem"": {""crsUrn"": ""EPSG:4326""}}}",,"{""ert"": ""2026-10-07T12:30:00Z""}","Not Available","Equipment Problems","{""kind"": ""electricalNetwork"", ""CoordinateSystem"": {""crsUrn"": ""EPSG:4326""}}","electricalNetwork","SOUTHERN CALIFORNIA EDISON CO,17609","17609","San Bernardino","California","Feature","[[[[-117.8025,33.9756],[-117.7911,33.9947],[-117.7798,34.0048],[-117.77,34.0047],[-117.7672,34.0136],[-117.7677,34.0194],[-117.7677,34.0235],[-117.746,34.0201],[-117.7454,34.02],[-117.7301,34.0214],[-117.728,34.0335],[-117.7247,34.0449],[-117.7234,34.0485],[-117.722,34.0522],[-117.7194,34.0595],[-117.7193,34.0597],[-117.7181,34.0632],[-117.7167,34.0669],[-117.7135,34.0743],[-117.7128,34.0759],[-117.7112,34.0795],[-117.7101,34.082],[-117.7049,34.094],[-117.7044,34.0953],[-117.6996,34.1068],[-117.6936,34.1216],[-117.6892,34.1323],[-117.6868,34.1381],[-117.6833,34.1505],[-117.6777,34.1652],[-117.6772,34.1674],[-117.6464,34.2892],[-117.6505,34.339],[-117.6552,34.397],[-117.6552,34.3972],[-117.6597,34.4516],[-117.6601,34.4986],[-117.6604,34.5579],[-117.6671,34.5579],[-117.6672,34.7343],[-117.6675,34.8225],[-117.6322,34.8223],[-117.6326,34.9832],[-117.6322,34.9909],[-117.6328,35.0574],[-117.6309,35.0976],[-117.631,35.2474],[-117.6313,35.4196],[-117.6337,35.4393],[-117.6337,35.4514],[-117.63,35.4575],[-117.6301,35.5643],[-117.6348,35.5933],[-117.6344,35.6225],[-117.6343,35.6516],[-117.6165,35.6516],[-117.6165,35.6807],[-117.6522,35.6808],[-117.6521,35.7099],[-117.6343,35.7098],[-117.6343,35.7973],[-116.9357,35.7954],[-116.5008,35.795],[-115.7359,35.7936],[-115.7357,35.8091],[-115.648,35.8096],[-115.6477,35.8094],[-115.6472,35.809],[-115.6274,35.7938],[-115.6258,35.792],[-115.5008,35.6934],[-115.4129,35.625],[-115.4061,35.6186],[-115.4045,35.6176],[-115.394,35.6093],[-115.3915,35.6073],[-115.3915,35.6073],[-115.3037,35.5382],[-115.2713,35.5127],[-115.1606,35.4243],[-115.1601,35.4241],[-115.1468,35.4137],[-115.1458,35.4132],[-115.1258,35.3969],[-115.1029,35.3794],[-115.098,35.375],[-115.0438,35.332],[-114.9482,35.2548],[-114.9422,35.25],[-114.9255,35.2371],[-114.9254,35.237],[-114.8493,35.1759],[-114.8493,35.1759],[-114.805,35.1403],[-114.8042,35.1397],[-114.6335,35.0019],[-114.6299,34.9947],[-114.6292,34.9919],[-114.629,34.9861],[-114.6299,34.9808],[-114.6346,34.9691],[-114.6352,34.9651],[-114.635,34.9589],[-114.6317,34.9513],[-114.6298,34.9448],[-114.6298,34.943],[-114.6298,34.9387],[-114.6322,34.9306],[-114.6333,34.9246],[-114.6332,34.9212],[-114.6306,34.9119],[-114.6306,34.9108],[-114.6309,34.9073],[-114.6354,34.8952],[-114.6367,34.8891],[-114.6368,34.8857],[-114.6352,34.875],[-114.6344,34.8729],[-114.6307,34.8664],[-114.6303,34.866],[-114.6239,34.8597],[-114.6199,34.8569],[-114.6043,34.8496],[-114.6007,34.8474],[-114.5923,34.8412],[-114.5868,34.8357],[-114.5811,34.8261],[-114.5765,34.8153],[-114.5746,34.8057],[-114.571,34.7943],[-114.5659,34.7859],[-114.5587,34.7739],[-114.5527,34.7669],[-114.5469,34.7618],[-114.5403,34.7571],[-114.5296,34.7508],[-114.5256,34.747],[-114.5226,34.7437],[-114.521,34.7412],[-114.5166,34.7367],[-114.5103,34.7336],[-114.5034,34.7312],[-114.4959,34.728],[-114.492,34.7257],[-114.491,34.7248],[-114.4868,34.7191],[-114.4842,34.7175],[-114.482,34.716],[-114.4773,34.7145],[-114.4737,34.714],[-114.4716,34.713],[-114.4705,34.7114],[-114.4686,34.7076],[-114.4681,34.7018],[-114.4652,34.6912],[-114.4622,34.6858],[-114.4566,34.678],[-114.4555,34.6758],[-114.4549,34.6731],[-114.4543,34.6712],[-114.4526,34.6685],[-114.452,34.6668],[-114.4518,34.665],[-114.4518,34.6639],[-114.4526,34.6596],[-114.452,34.6572],[-114.4518,34.6543],[-114.4495,34.6514],[-114.4443,34.6465],[-114.4415,34.6425],[-114.4403,34.6382],[-114.4415,34.6315],[-114.4414,34.6302],[-114.4387,34.6215],[-114.4286,34.6146],[-114.4242,34.6105],[-114.4243,34.6023],[-114.4253,34.6008],[-114.4275,34.5992],[-114.4301,34.5969],[-114.4297,34.5958],[-114.4297,34.5917],[-114.4224,34.5807],[-114.4052,34.5696],[-114.3896,34.543],[-114.3808,34.5297],[-114.3803,34.5272],[-114.3782,34.5165],[-114.3781,34.5073],[-114.3797,34.5034],[-114.3814,34.4992],[-114.3824,34.4958],[-114.383,34.4889],[-114.3816,34.4779],[-114.3817,34.4763],[-114.3817,34.476],[-114.3835,34.4704],[-114.3872,34.462],[-114.3874,34.4605],[-114.3867,34.4579],[-114.3789,34.4504],[-114.3758,34.4478],[-114.3737,34.4469],[-114.3634,34.4478],[-114.356,34.4497],[-114.3426,34.4514],[-114.3396,34.4514],[-114.3354,34.45],[-114.333,34.4481],[-114.3307,34.4453],[-114.3265,34.4379],[-114.3261,34.4373],[-114.3191,34.4358],[-114.3157,34.4343],[-114.3123,34.4327],[-114.301,34.4268],[-114.2948,34.4214],[-114.2922,34.4176],[-114.2918,34.4111],[-114.2902,34.4083],[-114.2887,34.4066],[-114.2868,34.4053],[-114.2801,34.4031],[-114.2675,34.4025],[-114.2643,34.4013],[-114.2527,34.3901],[-114.2486,34.3881],[-114.2453,34.3857],[-114.2343,34.3767],[-114.2297,34.3689],[-114.2261,34.3659],[-114.2138,34.3625],[-114.1995,34.3614],[-114.1911,34.3561],[-114.1856,34.3544],[-114.1811,34.3522],[-114.1769,34.3493],[-114.1728,34.345],[-114.1688,34.3395],[-114.1572,34.3179],[-114.1409,34.3059],[-114.1383,34.3032],[-114.1382,34.3009],[-114.1395,34.2958],[-114.1384,34.2886],[-114.136,34.2808],[-114.137,34.277],[-114.1367,34.2744],[-114.1348,34.269],[-114.1344,34.2664],[-114.1346,34.2635],[-114.1362,34.2613],[-114.1391,34.2595],[-114.1448,34.2596],[-114.1472,34.2596],[-114.1533,34.2583],[-114.1569,34.2584],[-114.1597,34.2582],[-114.1618,34.257],[-114.1631,34.2552],[-114.1639,34.2533],[-114.1645,34.2517],[-114.1665,34.2496],[-114.1731,34.2472],[-114.1743,34.2455],[-114.1759,34.2427],[-114.1764,34.2415],[-114.178,34.24],[-114.1909,34.2309],[-114.2083,34.2155],[-114.2118,34.2115],[-114.2155,34.209],[-114.2234,34.2051],[-114.2252,34.2036],[-114.2259,34.2018],[-114.2249,34.1939],[-114.227,34.1889],[-114.229,34.1874],[-114.2297,34.1869],[-114.2407,34.1832],[-114.2442,34.1796],[-114.2541,34.1738],[-114.2683,34.1702],[-114.2753,34.1722],[-114.2873,34.1705],[-114.2928,34.1667],[-114.299,34.1597],[-114.3022,34.1561],[-114.3122,34.1448],[-114.3208,34.1386],[-114.3246,34.1368],[-114.3361,34.134],[-114.3481,34.1345],[-114.353,34.1331],[-114.3564,34.1304],[-114.3604,34.1236],[-114.3665,34.1186],[-114.3693,34.1175],[-114.3792,34.116],[-114.3906,34.1101],[-114.4014,34.1117],[-114.4059,34.1115],[-114.4117,34.11],[-114.4159,34.1076],[-114.4205,34.1035],[-114.4262,34.097],[-114.428,34.0928],[-114.4334,34.0884],[-114.4342,34.0874],[-114.4354,34.0797],[-114.4502,34.0798],[-114.8295,34.0796],[-115.1361,34.0797],[-115.1924,34.0778],[-115.3161,34.0778],[-115.3162,34.0341],[-116.0464,34.0343],[-116.3006,34.0344],[-116.3006,34.0325],[-116.4578,34.0329],[-116.5123,34.0329],[-116.5915,34.0326],[-116.6033,34.0326],[-116.6156,34.0333],[-116.7197,34.0338],[-116.8738,34.0339],[-116.8771,34.034],[-116.905,34.0341],[-116.9061,34.0341],[-116.9296,34.0341],[-116.9294,34.0049],[-116.9336,34.0049],[-116.9633,34.0048],[-116.9872,34.0047],[-117.0014,34.0043],[-117.0213,34.0046],[-117.0258,34.0047],[-117.0389,34.0047],[-117.0541,34.0041],[-117.0649,34.0039],[-117.066,34.0039],[-117.0865,34.0038],[-117.099,34.0042],[-117.1039,34.0044],[-117.1067,34.0043],[-117.1213,34.0035],[-117.1608,34.0042],[-117.1609,34.0042],[-117.1612,34.0041],[-117.1613,34.0041],[-117.1615,34.0041],[-117.1677,34.0041],[-117.1909,34.0041],[-117.1915,34.0041],[-117.2123,34.0041],[-117.2254,34.0053],[-117.2255,34.018],[-117.2706,34.0187],[-117.2827,34.0184],[-117.2961,34.0183],[-117.3049,34.0193],[-117.3137,34.0193],[-117.3396,34.0193],[-117.34,34.0194],[-117.3594,34.0193],[-117.36,34.0193],[-117.3626,34.0193],[-117.3701,34.0194],[-117.3754,34.0194],[-117.3753,34.0339],[-117.4015,34.034],[-117.4142,34.0343],[-117.4332,34.0342],[-117.4655,34.0336],[-117.4712,34.0336],[-117.4812,34.0335],[-117.5069,34.0335],[-117.5243,34.0335],[-117.5502,34.0335],[-117.5583,34.0335],[-117.5583,34.0189],[-117.5584,33.9971],[-117.5584,33.9884],[-117.5932,33.9774],[-117.5998,33.9753],[-117.611,33.9687],[-117.6109,33.946],[-117.6109,33.9251],[-117.6434,33.9251],[-117.6554,33.9243],[-117.6549,33.8888],[-117.6755,33.8881],[-117.6688,33.8805],[-117.673,33.871],[-117.6758,33.874],[-117.6793,33.8776],[-117.7103,33.8967],[-117.7325,33.9103],[-117.7355,33.9133],[-117.7378,33.9147],[-117.7481,33.9214],[-117.7682,33.9358],[-117.7833,33.9463],[-117.7936,33.9579],[-117.7937,33.9681],[-117.8025,33.9756]]]]","MultiPolygon",-116.178441641048,34.8415154042306,-116.178478997,34.841438011
,"56005",1,,,,"{""Location"": {""kind"": ""electricalNetwork"", ""CoordinateSystem"": {""crsUrn"": ""EPSG:4326""}}}",,,,,"{""kind"": ""electricalNetwork"", ""CoordinateSystem"": {""crsUrn"": ""EPSG:4326""}}","electricalNetwork","POWDER RIVER ENERGY CORP,19156","19156","Campbell","Wyoming","Feature","[[[[-106.0248,44.9937],[-105.9282,44.9936],[-105.9143,45],[-105.9134,45.0009],[-105.8481,45.0004],[-105.3713,45.0004],[-105.0766,45.0003],[-105.0748,44.8711],[-105.0769,44.7862],[-105.0855,44.7868],[-105.0827,44.5276],[-105.0839,44.2855],[-105.0823,44.1782],[-105.0793,44.1762],[-105.0814,43.8269],[-105.0806,43.5046],[-105.0798,43.4984],[-105.4469,43.4967],[-106.0174,43.495],[-106.0176,43.8215],[-106.0092,43.8216],[-106.0099,44.0305],[-106.0165,44.1697],[-106.0167,44.3045],[-106.0145,44.521],[-106.0085,44.5211],[-106.0097,44.564],[-106.0107,44.6932],[-106.015,44.7071],[-106.0143,44.8578],[-106.0231,44.8688],[-106.0248,44.9937]]]]","MultiPolygon",-105.548057845911,44.2485738556035,-105.548313414,44.248338589
,"08107",36,,,,"{""Location"": {""kind"": ""electricalNetwork"", ""CoordinateSystem"": {""crsUrn"": ""EPSG:4326""}}}",,,,,"{""kind"": ""electricalNetwork"", ""CoordinateSystem"": {""crsUrn"": ""EPSG:4326""}}","electricalNetwork","YAMPA VALLEY ELECTRIC ASSN INC,21081","21081","Routt","Colorado","Feature","[[[[-107.4426,40.3348],[-107.4321,40.3349],[-107.4293,40.4408],[-107.4288,40.5268],[-107.4288,40.5422],[-107.3713,40.5424],[-107.3686,40.6003],[-107.3142,40.6003],[-107.3178,41.003],[-107.3029,41.0029],[-107.2412,41.0028],[-107.0006,41.0034],[-106.8578,41.0027],[-106.8509,40.9913],[-106.8706,40.9812],[-106.8699,40.9567],[-106.8523,40.9252],[-106.8286,40.9247],[-106.8251,40.932],[-106.8006,40.8959],[-106.7809,40.907],[-106.7701,40.8965],[-106.7409,40.8898],[-106.7393,40.8708],[-106.7045,40.8767],[-106.6859,40.8858],[-106.6545,40.8455],[-106.6631,40.8275],[-106.6384,40.817],[-106.6369,40.7895],[-106.67,40.7603],[-106.6626,40.7448],[-106.6764,40.7356],[-106.6685,40.6946],[-106.6869,40.6831],[-106.6811,40.6752],[-106.6918,40.66],[-106.6807,40.6493],[-106.7061,40.6166],[-106.6948,40.592],[-106.7023,40.578],[-106.6808,40.5446],[-106.6531,40.4947],[-106.6572,40.4834],[-106.6671,40.4761],[-106.6521,40.4452],[-106.6527,40.389],[-106.6528,40.3416],[-106.6323,40.3416],[-106.637,40.179],[-106.637,40.0021],[-106.6261,40],[-106.6266,39.9248],[-106.6266,39.9187],[-107.034,39.9189],[-107.032,40.0029],[-107.0374,40.0031],[-107.0374,40.0915],[-107.0379,40.2248],[-107.0428,40.2254],[-107.4394,40.2234],[-107.4426,40.3348]]]]","MultiPolygon",-106.991358943749,40.4849640267693,-106.991193187,40.48506794
,"18019",1,,,,"{""Location"": {""kind"": ""electricalNetwork"", ""CoordinateSystem"": {""crsUrn"": ""EPSG:4326""}}}",,,,,"{""kind"": ""electricalNetwork"", ""CoordinateSystem"": {""crsUrn"": ""EPSG:4326""}}","electricalNetwork","CLARK COUNTY RURAL E M C - (IN),22822","22822","Clark","Indiana","Feature","[[[[-85.993,38.4744],[-85.9907,38.4886],[-85.9562,38.489],[-85.9571,38.5019],[-85.9347,38.5023],[-85.9033,38.5026],[-85.8848,38.5035],[-85.8847,38.5182],[-85.8663,38.5184],[-85.8663,38.5471],[-85.8476,38.5471],[-85.8479,38.5613],[-85.8212,38.5614],[-85.8215,38.5754],[-85.7936,38.6048],[-85.7814,38.6051],[-85.7655,38.6055],[-85.75,38.6058],[-85.7238,38.6055],[-85.57,38.6062],[-85.4967,38.6067],[-85.4965,38.5922],[-85.4788,38.5862],[-85.4283,38.5863],[-85.4199,38.5736],[-85.4158,38.5636],[-85.4153,38.5554],[-85.4156,38.5463],[-85.4173,38.5408],[-85.4231,38.5316],[-85.4258,38.5287],[-85.4329,38.5241],[-85.4331,38.5239],[-85.4417,38.5202],[-85.4585,38.5144],[-85.4625,38.5126],[-85.4667,38.5103],[-85.4722,38.5063],[-85.4744,38.5041],[-85.4777,38.4983],[-85.4795,38.4945],[-85.4812,38.4884],[-85.4829,38.4857],[-85.4914,38.4747],[-85.4989,38.4682],[-85.5159,38.4618],[-85.5169,38.4614],[-85.5272,38.4583],[-85.5365,38.4561],[-85.5418,38.4554],[-85.5533,38.4539],[-85.5753,38.4533],[-85.5878,38.4505],[-85.6038,38.4421],[-85.6076,38.4393],[-85.6205,38.4231],[-85.6203,38.4217],[-85.6216,38.4171],[-85.6219,38.4167],[-85.63,38.4023],[-85.6329,38.3957],[-85.6337,38.3934],[-85.638,38.3803],[-85.6381,38.3803],[-85.6385,38.3768],[-85.638,38.3661],[-85.6388,38.3614],[-85.6455,38.3447],[-85.6462,38.3429],[-85.6536,38.3271],[-85.6599,38.3194],[-85.6673,38.3119],[-85.6687,38.3105],[-85.675,38.3013],[-85.6769,38.3],[-85.6836,38.2955],[-85.6994,38.288],[-85.7052,38.2852],[-85.7161,38.2801],[-85.7327,38.2722],[-85.7387,38.2694],[-85.7447,38.2672],[-85.7449,38.2672],[-85.7507,38.2678],[-85.751,38.2679],[-85.7611,38.2726],[-85.7611,38.2726],[-85.7666,38.2777],[-85.7658,38.2797],[-85.766,38.2805],[-85.7734,38.2862],[-85.781,38.2885],[-85.7916,38.2886],[-85.7916,38.2886],[-85.7914,38.3005],[-85.7915,38.3007],[-85.7831,38.3205],[-85.7971,38.3316],[-85.7948,38.3342],[-85.7948,38.3341],[-85.7841,38.3316],[-85.764,38.3485],[-85.7631,38.3527],[-85.7765,38.3681],[-85.7827,38.3728],[-85.7933,38.3844],[-85.8075,38.4001],[-85.8077,38.4043],[-85.8293,38.4042],[-85.9204,38.4039],[-85.9667,38.4036],[-85.9669,38.4109],[-85.9946,38.4183],[-85.993,38.4744]]]]","MultiPolygon",-85.7070564153001,38.4778377949687,-85.707133746,38.477221381
"Under investigation","53057",3,"2026-10-05T18:15:42+00:00","awaitingCrewAssignment","None","{""cause"": ""Under investigation"", ""Location"": {""kind"": ""electricalNetwork"", ""CoordinateSystem"": {""crsUrn"": ""EPSG:4326""}}}",,"{""ert"": ""0001-01-01T00:00:00Z""}","lineDown","Under investigation","{""kind"": ""electricalNetwork"", ""CoordinateSystem"": {""crsUrn"": ""EPSG:4326""}}","electricalNetwork","Puget Sound Energy Inc,pugetsoundenergy","pugetsoundenergy","Skagit","Washington","Feature","[[[[-122.6536,48.549],[-122.6508,48.554],[-122.6524,48.5834],[-122.6494,48.5885],[-122.6426,48.5883],[-122.6293,48.5722],[-122.6108,48.5611],[-122.5929,48.5536],[-122.584,48.5515],[-122.5789,48.5481],[-122.573,48.529],[-122.5836,48.5323],[-122.5902,48.5363],[-122.5999,48.5369],[-122.6199,48.5292],[-122.6357,48.526],[-122.6404,48.5259],[-122.6493,48.5288],[-122.652,48.5313],[-122.6543,48.538],[-122.6536,48.549]]],[[[-122.6981,48.6231],[-122.6742,48.6299],[-122.657,48.6099],[-122.6661,48.6081],[-122.6661,48.6081],[-122.6768,48.6101],[-122.6861,48.6133],[-122.6993,48.6211],[-122.6981,48.6231]]],[[[-122.713,48.4788],[-122.7081,48.4869],[-122.7016,48.4976],[-122.6845,48.5091],[-122.6791,48.5078],[-122.6782,48.5065],[-122.6769,48.5045],[-122.6714,48.504],[-122.6365,48.5148],[-122.6155,48.5213],[-122.6152,48.5214],[-122.607,48.5222],[-122.6,48.5209],[-122.5985,48.5122],[-122.5862,48.5106],[-122.5681,48.5082],[-122.5609,48.5022],[-122.5568,48.4988],[-122.5374,48.4667],[-122.5328,48.4661],[-122.5279,48.4677],[-122.5269,48.468],[-122.5151,48.4656],[-122.5147,48.4652],[-122.5113,48.4618],[-122.5007,48.4609],[-122.4718,48.4707],[-122.4696,48.4722],[-122.4697,48.475],[-122.4738,48.4798],[-122.4789,48.4817],[-122.4835,48.4924],[-122.485,48.5096],[-122.484,48.52],[-122.4839,48.5219],[-122.4853,48.5281],[-122.4985,48.5562],[-122.5044,48.5648],[-122.5254,48.5673],[-122.532,48.5686],[-122.5347,48.5742],[-122.5348,48.576],[-122.5124,48.5781],[-122.4959,48.5759],[-122.4884,48.5647],[-122.4824,48.5597],[-122.4784,48.5593],[-122.4549,48.5668],[-122.4446,48.5701],[-122.4331,48.5816],[-122.4253,48.5995],[-122.4487,48.6226],[-122.4643,48.6257],[-122.4869,48.6431],[-122.4888,48.6454],[-122.3764,48.6452],[-122.3405,48.6452],[-122.2625,48.6455],[-122.2173,48.6457],[-122.1212,48.6454],[-121.7297,48.6435],[-120.9084,48.6409],[-120.9084,48.657],[-120.7519,48.657],[-120.7883,48.6251],[-120.7837,48.6019],[-120.7605,48.5828],[-120.7307,48.5823],[-120.7226,48.5961],[-120.6885,48.5757],[-120.7087,48.5418],[-120.7021,48.5316],[-120.7036,48.5264],[-120.7656,48.5089],[-120.7879,48.5071],[-120.8168,48.5196],[-120.8093,48.5286],[-120.8239,48.545],[-120.8574,48.5477],[-120.8632,48.5301],[-120.8854,48.5382],[-120.904,48.5334],[-120.9046,48.5237],[-120.9505,48.5296],[-120.9511,48.4996],[-120.9929,48.499],[-121.0011,48.4942],[-121.0362,48.4953],[-121.0497,48.4854],[-121.0633,48.46],[-121.041,48.4457],[-121.0377,48.4321],[-121.0658,48.3918],[-121.0435,48.364],[-121.0715,48.318],[-121.0017,48.296],[-121.6364,48.2985],[-121.8566,48.2975],[-121.9986,48.2975],[-122.1754,48.2972],[-122.2518,48.2975],[-122.304,48.2976],[-122.3532,48.2976],[-122.3783,48.2977],[-122.3843,48.3041],[-122.4087,48.3264],[-122.4241,48.3343],[-122.4427,48.3379],[-122.4755,48.3599],[-122.4786,48.3607],[-122.4824,48.3617],[-122.4921,48.3618],[-122.4977,48.3618],[-122.5074,48.3647],[-122.5291,48.3802],[-122.5335,48.3834],[-122.5394,48.3972],[-122.5475,48.3999],[-122.5545,48.406],[-122.5584,48.4268],[-122.5512,48.4395],[-122.5544,48.4421],[-122.5573,48.4444],[-122.5683,48.445],[-122.5753,48.4433],[-122.5816,48.4292],[-122.6127,48.4183],[-122.6548,48.4111],[-122.6653,48.4165],[-122.6742,48.4247],[-122.6789,48.4395],[-122.6771,48.4441],[-122.6742,48.4433],[-122.6741,48.442],[-122.6672,48.4425],[-122.6548,48.4541],[-122.6575,48.4715],[-122.6578,48.4729],[-122.6646,48.4781],[-122.6704,48.4778],[-122.6891,48.4768],[-122.6957,48.4648],[-122.6956,48.4606],[-122.7006,48.4576],[-122.7104,48.4616],[-122.7123,48.4641],[-122.713,48.4788]]],[[[-122.7399,48.5839],[-122.7249,48.6033],[-122.7145,48.6088],[-122.6947,48.5966],[-122.6917,48.5906],[-122.6706,48.5688],[-122.6894,48.5439],[-122.7164,48.5399],[-122.7173,48.5397],[-122.7224,48.5406],[-122.724,48.5499],[-122.7305,48.5656],[-122.7362,48.569],[-122.7394,48.5739],[-122.7399,48.5839]]]]","MultiPolygon",-121.732333093831,48.4795962795729,-121.801606829,48.482076113
"Scheduled Outage","53057",1,"2026-10-06T17:52:17+00:00","awaitingCrewAssignment","None","{""cause"": ""Scheduled Outage"", ""Location"": {""kind"": ""electricalNetwork"", ""CoordinateSystem"": {""crsUrn"": ""EPSG:4326""}}}",,"{""ert"": ""0001-01-01T00:00:00Z""}","lineDown","Scheduled Outage","{""kind"": ""electricalNetwork"", ""CoordinateSystem"": {""crsUrn"": ""EPSG:4326""}}","electricalNetwork","Puget Sound Energy Inc,pugetsoundenergy","pugetsoundenergy","Skagit","Washington","Feature","[[[[-122.6536,48.549],[-122.6508,48.554],[-122.6524,48.5834],[-122.6494,48.5885],[-122.6426,48.5883],[-122.6293,48.5722],[-122.6108,48.5611],[-122.5929,48.5536],[-122.584,48.5515],[-122.5789,48.5481],[-122.573,48.529],[-122.5836,48.5323],[-122.5902,48.5363],[-122.5999,48.5369],[-122.6199,48.5292],[-122.6357,48.526],[-122.6404,48.5259],[-122.6493,48.5288],[-122.652,48.5313],[-122.6543,48.538],[-122.6536,48.549]]],[[[-122.6981,48.6231],[-122.6742,48.6299],[-122.657,48.6099],[-122.6661,48.6081],[-122.6661,48.6081],[-122.6768,48.6101],[-122.6861,48.6133],[-122.6993,48.6211],[-122.6981,48.6231]]],[[[-122.713,48.4788],[-122.7081,48.4869],[-122.7016,48.4976],[-122.6845,48.5091],[-122.6791,48.5078],[-122.6782,48.5065],[-122.6769,48.5045],[-122.6714,48.504],[-122.6365,48.5148],[-122.6155,48.5213],[-122.6152,48.5214],[-122.607,48.5222],[-122.6,48.5209],[-122.5985,48.5122],[-122.5862,48.5106],[-122.5681,48.5082],[-122.5609,48.5022],[-122.5568,48.4988],[-122.5374,48.4667],[-122.5328,48.4661],[-122.5279,48.4677],[-122.5269,48.468],[-122.5151,48.4656],[-122.5147,48.4652],[-122.5113,48.4618],[-122.5007,48.4609],[-122.4718,48.4707],[-122.4696,48.4722],[-122.4697,48.475],[-122.4738,48.4798],[-122.4789,48.4817],[-122.4835,48.4924],[-122.485,48.5096],[-122.484,48.52],[-122.4839,48.5219],[-122.4853,48.5281],[-122.4985,48.5562],[-122.5044,48.5648],[-122.5254,48.5673],[-122.532,48.5686],[-122.5347,48.5742],[-122.5348,48.576],[-122.5124,48.5781],[-122.4959,48.5759],[-122.4884,48.5647],[-122.4824,48.5597],[-122.4784,48.5593],[-122.4549,48.5668],[-122.4446,48.5701],[-122.4331,48.5816],[-122.4253,48.5995],[-122.4487,48.6226],[-122.4643,48.6257],[-122.4869,48.6431],[-122.4888,48.6454],[-122.3764,48.6452],[-122.3405,48.6452],[-122.2625,48.6455],[-122.2173,48.6457],[-122.1212,48.6454],[-121.7297,48.6435],[-120.9084,48.6409],[-120.9084,48.657],[-120.7519,48.657],[-120.7883,48.6251],[-120.7837,48.6019],[-120.7605,48.5828],[-120.7307,48.5823],[-120.7226,48.5961],[-120.6885,48.5757],[-120.7087,48.5418],[-120.7021,48.5316],[-120.7036,48.5264],[-120.7656,48.5089],[-120.7879,48.5071],[-120.8168,48.5196],[-120.8093,48.5286],[-120.8239,48.545],[-120.8574,48.5477],[-120.8632,48.5301],[-120.8854,48.5382],[-120.904,48.5334],[-120.9046,48.5237],[-120.9505,48.5296],[-120.9511,48.4996],[-120.9929,48.499],[-121.0011,48.4942],[-121.0362,48.4953],[-121.0497,48.4854],[-121.0633,48.46],[-121.041,48.4457],[-121.0377,48.4321],[-121.0658,48.3918],[-121.0435,48.364],[-121.0715,48.318],[-121.0017,48.296],[-121.6364,48.2985],[-121.8566,48.2975],[-121.9986,48.2975],[-122.1754,48.2972],[-122.2518,48.2975],[-122.304,48.2976],[-122.3532,48.2976],[-122.3783,48.2977],[-122.3843,48.3041],[-122.4087,48.3264],[-122.4241,48.3343],[-122.4427,48.3379],[-122.4755,48.3599],[-122.4786,48.3607],[-122.4824,48.3617],[-122.4921,48.3618],[-122.4977,48.3618],[-122.5074,48.3647],[-122.5291,48.3802],[-122.5335,48.3834],[-122.5394,48.3972],[-122.5475,48.3999],[-122.5545,48.406],[-122.5584,48.4268],[-122.5512,48.4395],[-122.5544,48.4421],[-122.5573,48.4444],[-122.5683,48.445],[-122.5753,48.4433],[-122.5816,48.4292],[-122.6127,48.4183],[-122.6548,48.4111],[-122.6653,48.4165],[-122.6742,48.4247],[-122.6789,48.4395],[-122.6771,48.4441],[-122.6742,48.4433],[-122.6741,48.442],[-122.6672,48.4425],[-122.6548,48.4541],[-122.6575,48.4715],[-122.6578,48.4729],[-122.6646,48.4781],[-122.6704,48.4778],[-122.6891,48.4768],[-122.6957,48.4648],[-122.6956,48.4606],[-122.7006,48.4576],[-122.7104,48.4616],[-122.7123,48.4641],[-122.713,48.4788]]],[[[-122.7399,48.5839],[-122.7249,48.6033],[-122.7145,48.6088],[-122.6947,48.5966],[-122.6917,48.5906],[-122.6706,48.5688],[-122.6894,48.5439],[-122.7164,48.5399],[-122.7173,48.5397],[-122.7224,48.5406],[-122.724,48.5499],[-122.7305,48.5656],[-122.7362,48.569],[-122.7394,48.5739],[-122.7399,48.5839]]]]","MultiPolygon",-121.732333093831,48.4795962795729,-121.801606829,48.482076113
,"36069",2,"2026-09-29T10:32:57+00:00","assigned",,"{""cause"": ""N/A"", ""Location"": {""kind"": ""electricalNetwork"", ""CoordinateSystem"": {""crsUrn"": ""EPSG:4326""}}}",,,,"N/A","{""kind"": ""electricalNetwork"", ""CoordinateSystem"": {""crsUrn"": ""EPSG:4326""}}","electricalNetwork","AVANGRID,14349","14349","Ontario","New York","Feature","[[[[-77.6117,42.7632],[-77.5882,42.763],[-77.588,42.854],[-77.5519,42.8541],[-77.5463,42.8657],[-77.5606,42.9214],[-77.5804,42.944],[-77.574,42.944],[-77.4825,42.9432],[-77.4838,42.9766],[-77.4854,43.0346],[-77.457,43.0347],[-77.3715,43.0347],[-77.3145,43.0347],[-77.2468,43.0347],[-77.2466,43.0398],[-77.2316,43.0398],[-77.1357,43.0399],[-77.1341,43.035],[-77.1334,43.0125],[-77.0934,43.0126],[-77.0791,43.0126],[-76.9639,43.0132],[-76.9637,42.9557],[-76.9636,42.9465],[-76.9634,42.903],[-76.9634,42.8842],[-76.9634,42.8729],[-76.9774,42.8693],[-76.981,42.8616],[-76.9806,42.8571],[-76.9744,42.8402],[-76.9783,42.829],[-76.9754,42.8043],[-76.9779,42.7732],[-76.9714,42.7642],[-77.0148,42.7639],[-77.0186,42.7638],[-77.1231,42.7633],[-77.1443,42.7616],[-77.313,42.7613],[-77.3145,42.7591],[-77.3466,42.7164],[-77.3574,42.6692],[-77.3671,42.6679],[-77.3653,42.6634],[-77.3665,42.5764],[-77.4231,42.5766],[-77.4909,42.5773],[-77.4899,42.6463],[-77.4869,42.6703],[-77.494,42.6703],[-77.5909,42.6718],[-77.5988,42.672],[-77.6117,42.7632]]]]","MultiPolygon",-77.2997879572199,42.8526286651692,-77.299815993,42.852844157
