"period","stateid","stateDescription","sectorid","sectorName","customers","price","revenue","sales","customers-units","price-units","revenue-units","sales-units"
"2026-Q2","AK","Alaska","ALL","all sectors","363979","25.34","373.36102","1473.50559","number of customers","cents per kilowatt-hour","million dollars","million kilowatt hours"
"2026-Q2","AK","Alaska","COM","commercial","57917","23.28","149.48256","642.03462","number of customers","cents per kilowatt-hour","million dollars","million kilowatt hours"
"2026-Q2","AK","Alaska","IND","industrial","1256","25.65","91.72736","357.56246","number of customers","cents per kilowatt-hour","million dollars","million kilowatt hours"
"2026-Q2","AK","Alaska","OTH","other",NA,NA,NA,NA,"number of customers","cents per kilowatt-hour","million dollars","million kilowatt hours"
"2026-Q2","AK","Alaska","RES","residential","304806","27.89","132.1511","473.90853","number of customers","cents per kilowatt-hour","million dollars","million kilowatt hours"
"2026-Q2","AK","Alaska","TRA","transportation","0",NA,"0","0","number of customers","cents per kilowatt-hour","million dollars","million kilowatt hours"
"2026-Q2","AL","Alabama","ALL","all sectors","2856084","12.7","2750.62678","21650.29739","number of customers","cents per kilowatt-hour","million dollars","million kilowatt hours"
"2026-Q2","AL","Alabama","COM","commercial","398980","14.55","834.48849","5736.71125","number of customers","cents per kilowatt-hour","million dollars","million kilowatt hours"
"2026-Q2","AL","Alabama","IND","industrial","7256","7.88","669.19823","8490.91248","number of customers","cents per kilowatt-hour","million dollars","million kilowatt hours"
"2026-Q2","AL","Alabama","OTH","other",NA,NA,NA,NA,"number of customers","cents per kilowatt-hour","million dollars","million kilowatt hours"
"2026-Q2","AL","Alabama","RES","residential","2449848","16.8","1246.94005","7422.67366","number of customers","cents per kilowatt-hour","million dollars","million kilowatt hours"
"2026-Q2","AL","Alabama","TRA","transportation","0",NA,"0","0","number of customers","cents per kilowatt-hour","million dollars","million kilowatt hours"
"2026-Q2","AR","Arkansas","ALL","all sectors","1751558","10.14","1275.28518","12578.1997","number of customers","cents per kilowatt-hour","million dollars","million kilowatt hours"
"2026-Q2","AR","Arkansas","COM","commercial","210813","11.5","328.85793","2859.46104","number of customers","cents per kilowatt-hour","million dollars","million kilowatt hours"
"2026-Q2","AR","Arkansas","IND","industrial","34302","6.66","383.31098","5754.34123","number of customers","cents per kilowatt-hour","million dollars","million kilowatt hours"
"2026-Q2","AR","Arkansas","OTH","other",NA,NA,NA,NA,"number of customers","cents per kilowatt-hour","million dollars","million kilowatt hours"
"2026-Q2","AR","Arkansas","RES","residential","1506441","14.2","563.10779","3964.3361","number of customers","cents per kilowatt-hour","million dollars","million kilowatt hours"
"2026-Q2","AR","Arkansas","TRA","transportation","2","13.84",".00849",".06134","number of customers","cents per kilowatt-hour","million dollars","million kilowatt hours"
"2026-Q2","AZ","Arizona","ALL","all sectors","3566361","12.72","3209.57181","25226.44878","number of customers","cents per kilowatt-hour","million dollars","million kilowatt hours"
"2026-Q2","AZ","Arizona","COM","commercial","354072","12.08","1291.4177","10692.90376","number of customers","cents per kilowatt-hour","million dollars","million kilowatt hours"
"2026-Q2","AZ","Arizona","IND","industrial","7135","7.51","290.87695","3875.40575","number of customers","cents per kilowatt-hour","million dollars","million kilowatt hours"
"2026-Q2","AZ","Arizona","OTH","other",NA,NA,NA,NA,"number of customers","cents per kilowatt-hour","million dollars","million kilowatt hours"
"2026-Q2","AZ","Arizona","RES","residential","3205152","15.27","1626.93918","10655.19755","number of customers","cents per kilowatt-hour","million dollars","million kilowatt hours"
"2026-Q2","AZ","Arizona","TRA","transportation","2","11.49",".33798","2.94173","number of customers","cents per kilowatt-hour","million dollars","million kilowatt hours"
"2026-Q2","CA","California","ALL","all sectors","16146141","27.5","15536.1277","56497.76367","number of customers","cents per kilowatt-hour","million dollars","million kilowatt hours"
"2026-Q2","CA","California","COM","commercial","1701653","25.78","7043.75969","27324.76581","number of customers","cents per kilowatt-hour","million dollars","million kilowatt hours"
"2026-Q2","CA","California","IND","industrial","146090","20.29","2186.03006","10771.32799","number of customers","cents per kilowatt-hour","million dollars","million kilowatt hours"
"2026-Q2","CA","California","OTH","other",NA,NA,NA,NA,"number of customers","cents per kilowatt-hour","million dollars","million kilowatt hours"
"2026-Q2","CA","California","RES","residential","14298384","34.42","6276.82171","18233.935","number of customers","cents per kilowatt-hour","million dollars","million kilowatt hours"
"2026-Q2","CA","California","TRA","transportation","14","17.6","29.51625","167.73488","number of customers","cents per kilowatt-hour","million dollars","million kilowatt hours"
"2026-Q2","CO","Colorado","ALL","all sectors","2956104","13.53","1863.32225","13769.37671","number of customers","cents per kilowatt-hour","million dollars","million kilowatt hours"
"2026-Q2","CO","Colorado","COM","commercial","402506","13.45","690.06361","5132.30969","number of customers","cents per kilowatt-hour","million dollars","million kilowatt hours"
"2026-Q2","CO","Colorado","IND","industrial","14230","9.71","368.69229","3797.86687","number of customers","cents per kilowatt-hour","million dollars","million kilowatt hours"
"2026-Q2","CO","Colorado","OTH","other",NA,NA,NA,NA,"number of customers","cents per kilowatt-hour","million dollars","million kilowatt hours"
"2026-Q2","CO","Colorado","RES","residential","2539367","16.65","802.33994","4818.09407","number of customers","cents per kilowatt-hour","million dollars","million kilowatt hours"
"2026-Q2","CO","Colorado","TRA","transportation","1","10.55","2.22642","21.10606","number of customers","cents per kilowatt-hour","million dollars","million kilowatt hours"
"2026-Q2","CT","Connecticut","ALL","all sectors","1769971","23.7","1506.62274","6356.2615","number of customers","cents per kilowatt-hour","million dollars","million kilowatt hours"
"2026-Q2","CT","Connecticut","COM","commercial","155632","21.29","598.85936","2812.64868","number of customers","cents per kilowatt-hour","million dollars","million kilowatt hours"
"2026-Q2","CT","Connecticut","IND","industrial","3755","17.12","109.00309","636.65167","number of customers","cents per kilowatt-hour","million dollars","million kilowatt hours"
"2026-Q2","CT","Connecticut","OTH","other",NA,NA,NA,NA,"number of customers","cents per kilowatt-hour","million dollars","million kilowatt hours"
"2026-Q2","CT","Connecticut","RES","residential","1610582","27.6","793.79591","2875.65971","number of customers","cents per kilowatt-hour","million dollars","million kilowatt hours"
"2026-Q2","CT","Connecticut","TRA","transportation","3","15.86","4.96439","31.30144","number of customers","cents per kilowatt-hour","million dollars","million kilowatt hours"
"2026-Q2","DC","District of Columbia","ALL","all sectors","354480","23.26","559.0022","2402.92843","number of customers","cents per kilowatt-hour","million dollars","million kilowatt hours"
"2026-Q2","DC","District of Columbia","COM","commercial","27682","23.35","408.36692","1748.57575","number of customers","cents per kilowatt-hour","million dollars","million kilowatt hours"
"2026-Q2","DC","District of Columbia","IND","industrial","1","17.32","8.87399","51.23481","number of customers","cents per kilowatt-hour","million dollars","million kilowatt hours"
"2026-Q2","DC","District of Columbia","OTH","other",NA,NA,NA,NA,"number of customers","cents per kilowatt-hour","million dollars","million kilowatt hours"
"2026-Q2","DC","District of Columbia","RES","residential","326794","25.02","127.84036","510.90322","number of customers","cents per kilowatt-hour","million dollars","million kilowatt hours"
"2026-Q2","DC","District of Columbia","TRA","transportation","3","15.1","13.92094","92.21466","number of customers","cents per kilowatt-hour","million dollars","million kilowatt hours"
"2026-Q2","DE","Delaware","ALL","all sectors","544536","15.53","406.1683","2616.21422","number of customers","cents per kilowatt-hour","million dollars","million kilowatt hours"
"2026-Q2","DE","Delaware","COM","commercial","61508","13.74","141.4306","1029.28883","number of customers","cents per kilowatt-hour","million dollars","million kilowatt hours"
"2026-Q2","DE","Delaware","IND","industrial","1140","10.97","52.70883","480.42039","number of customers","cents per kilowatt-hour","million dollars","million kilowatt hours"
"2026-Q2","DE","Delaware","OTH","other",NA,NA,NA,NA,"number of customers","cents per kilowatt-hour","million dollars","million kilowatt hours"
"2026-Q2","DE","Delaware","RES","residential","481888","19.16","212.02889","1106.50499","number of customers","cents per kilowatt-hour","million dollars","million kilowatt hours"
"2026-Q2","DE","Delaware","TRA","transportation","0",NA,"0","0","number of customers","cents per kilowatt-hour","million dollars","million kilowatt hours"
"2026-Q2","ENC","East North Central","ALL","all sectors","23672608","14.39","19742.91024","137190.888","number of customers","cents per kilowatt-hour","million dollars","million kilowatt hours"
"2026-Q2","ENC","East North Central","COM","commercial","2592315","14.41","6956.91988","48284.09916","number of customers","cents per kilowatt-hour","million dollars","million kilowatt hours"
"2026-Q2","ENC","East North Central","IND","industrial","53700","9.57","4608.07708","48146.84366","number of customers","cents per kilowatt-hour","million dollars","million kilowatt hours"
"2026-Q2","ENC","East North Central","OTH","other",NA,NA,NA,NA,"number of customers","cents per kilowatt-hour","million dollars","million kilowatt hours"
"2026-Q2","ENC","East North Central","RES","residential","21026584","20.09","8164.58758","40639.66917","number of customers","cents per kilowatt-hour","million dollars","million kilowatt hours"
"2026-Q2","ENC","East North Central","TRA","transportation","10","11.08","13.3257","120.27603","number of customers","cents per kilowatt-hour","million dollars","million kilowatt hours"
"2026-Q2","ESC","East South Central","ALL","all sectors","10544787","12.13","9274.8549","76483.48112","number of customers","cents per kilowatt-hour","million dollars","million kilowatt hours"
"2026-Q2","ESC","East South Central","COM","commercial","1530954","13.81","3200.84816","23178.35449","number of customers","cents per kilowatt-hour","million dollars","million kilowatt hours"
"2026-Q2","ESC","East South Central","IND","industrial","25449","7.4","1964.41233","26559.44133","number of customers","cents per kilowatt-hour","million dollars","million kilowatt hours"
"2026-Q2","ESC","East South Central","OTH","other",NA,NA,NA,NA,"number of customers","cents per kilowatt-hour","million dollars","million kilowatt hours"
"2026-Q2","ESC","East South Central","RES","residential","8988384","15.37","4109.59441","26745.68529","number of customers","cents per kilowatt-hour","million dollars","million kilowatt hours"
"2026-Q2","ESC","East South Central","TRA","transportation","0",NA,"0","0","number of customers","cents per kilowatt-hour","million dollars","million kilowatt hours"
"2026-Q2","FL","Florida","ALL","all sectors","12134467","13.34","8882.39734","66592.42644","number of customers","cents per kilowatt-hour","million dollars","million kilowatt hours"
"2026-Q2","FL","Florida","COM","commercial","1338753","11.51","3044.63901","26461.55704","number of customers","cents per kilowatt-hour","million dollars","million kilowatt hours"
"2026-Q2","FL","Florida","IND","industrial","24662","9.11","391.34242","4295.61829","number of customers","cents per kilowatt-hour","million dollars","million kilowatt hours"
"2026-Q2","FL","Florida","OTH","other",NA,NA,NA,NA,"number of customers","cents per kilowatt-hour","million dollars","million kilowatt hours"
"2026-Q2","FL","Florida","RES","residential","10771051","15.2","5444.31879","35816.74251","number of customers","cents per kilowatt-hour","million dollars","million kilowatt hours"
"2026-Q2","FL","Florida","TRA","transportation","2","11.33","2.09714","18.50859","number of customers","cents per kilowatt-hour","million dollars","million kilowatt hours"
"2026-Q2","GA","Georgia","ALL","all sectors","5561980","12.19","4647.42316","38121.83047","number of customers","cents per kilowatt-hour","million dollars","million kilowatt hours"
"2026-Q2","GA","Georgia","COM","commercial","631921","11.15","1699.1857","15232.84367","number of customers","cents per kilowatt-hour","million dollars","million kilowatt hours"
"2026-Q2","GA","Georgia","IND","industrial","22801","7.63","638.42105","8363.31077","number of customers","cents per kilowatt-hour","million dollars","million kilowatt hours"
"2026-Q2","GA","Georgia","OTH","other",NA,NA,NA,NA,"number of customers","cents per kilowatt-hour","million dollars","million kilowatt hours"
"2026-Q2","GA","Georgia","RES","residential","4907258","15.93","2307.26655","14486.62885","number of customers","cents per kilowatt-hour","million dollars","million kilowatt hours"
"2026-Q2","GA","Georgia","TRA","transportation","1","6.53","2.54988","39.04718","number of customers","cents per kilowatt-hour","million dollars","million kilowatt hours"
"2026-Q2","HI","Hawaii","ALL","all sectors","512218","45.37","996.23685","2195.707","number of customers","cents per kilowatt-hour","million dollars","million kilowatt hours"
"2026-Q2","HI","Hawaii","COM","commercial","60061","45.81","307.93348","672.23193","number of customers","cents per kilowatt-hour","million dollars","million kilowatt hours"
"2026-Q2","HI","Hawaii","IND","industrial","873","41.26","360.66212","874.18306","number of customers","cents per kilowatt-hour","million dollars","million kilowatt hours"
"2026-Q2","HI","Hawaii","OTH","other",NA,NA,NA,NA,"number of customers","cents per kilowatt-hour","million dollars","million kilowatt hours"
"2026-Q2","HI","Hawaii","RES","residential","451284","50.46","327.64128","649.29201","number of customers","cents per kilowatt-hour","million dollars","million kilowatt hours"
"2026-Q2","HI","Hawaii","TRA","transportation","0",NA,"0","0","number of customers","cents per kilowatt-hour","million dollars","million kilowatt hours"
"2026-Q2","IA","Iowa","ALL","all sectors","1750105","9.76","1423.44194","14577.52019","number of customers","cents per kilowatt-hour","million dollars","million kilowatt hours"
"2026-Q2","IA","Iowa","COM","commercial","256066","11.27","360.33311","3197.62187","number of customers","cents per kilowatt-hour","million dollars","million kilowatt hours"
"2026-Q2","IA","Iowa","IND","industrial","9513","7.14","577.94086","8090.32407","number of customers","cents per kilowatt-hour","million dollars","million kilowatt hours"
"2026-Q2","IA","Iowa","OTH","other",NA,NA,NA,NA,"number of customers","cents per kilowatt-hour","million dollars","million kilowatt hours"
"2026-Q2","IA","Iowa","RES","residential","1484527","14.75","485.16799","3289.57424","number of customers","cents per kilowatt-hour","million dollars","million kilowatt hours"
"2026-Q2","IA","Iowa","TRA","transportation","0",NA,"0","0","number of customers","cents per kilowatt-hour","million dollars","million kilowatt hours"
"2026-Q2","ID","Idaho","ALL","all sectors","1062715","10.19","696.99185","6838.27486","number of customers","cents per kilowatt-hour","million dollars","million kilowatt hours"
"2026-Q2","ID","Idaho","COM","commercial","127893","9.71","168.98141","1740.00955","number of customers","cents per kilowatt-hour","million dollars","million kilowatt hours"
"2026-Q2","ID","Idaho","IND","industrial","30012","8.42","253.82168","3014.76744","number of customers","cents per kilowatt-hour","million dollars","million kilowatt hours"
"2026-Q2","ID","Idaho","OTH","other",NA,NA,NA,NA,"number of customers","cents per kilowatt-hour","million dollars","million kilowatt hours"
"2026-Q2","ID","Idaho","RES","residential","904810","13.16","274.18875","2083.49789","number of customers","cents per kilowatt-hour","million dollars","million kilowatt hours"
"2026-Q2","ID","Idaho","TRA","transportation","0",NA,"0","0","number of customers","cents per kilowatt-hour","million dollars","million kilowatt hours"
"2026-Q2","IL","Illinois","ALL","all sectors","6066401","15.08","4730.18407","31363.14783","number of customers","cents per kilowatt-hour","million dollars","million kilowatt hours"
"2026-Q2","IL","Illinois","COM","commercial","645026","14.57","1580.52909","10845.38979","number of customers","cents per kilowatt-hour","million dollars","million kilowatt hours"
"2026-Q2","IL","Illinois","IND","industrial","5575","10.2","1104.07968","10823.86766","number of customers","cents per kilowatt-hour","million dollars","million kilowatt hours"
"2026-Q2","IL","Illinois","OTH","other",NA,NA,NA,NA,"number of customers","cents per kilowatt-hour","million dollars","million kilowatt hours"
"2026-Q2","IL","Illinois","RES","residential","5415797","21.21","2033.9488","9587.53866","number of customers","cents per kilowatt-hour","million dollars","million kilowatt hours"
"2026-Q2","IL","Illinois","TRA","transportation","3","10.93","11.6265","106.35171","number of customers","cents per kilowatt-hour","million dollars","million kilowatt hours"
"2026-Q2","IN","Indiana","ALL","all sectors","3431906","12.81","3236.1035","25253.03558","number of customers","cents per kilowatt-hour","million dollars","million kilowatt hours"
"2026-Q2","IN","Indiana","COM","commercial","377698","13.94","956.041","6855.94385","number of customers","cents per kilowatt-hour","million dollars","million kilowatt hours"
"2026-Q2","IN","Indiana","IND","industrial","19245","8.98","1014.77207","11294.26062","number of customers","cents per kilowatt-hour","million dollars","million kilowatt hours"
"2026-Q2","IN","Indiana","OTH","other",NA,NA,NA,NA,"number of customers","cents per kilowatt-hour","million dollars","million kilowatt hours"
"2026-Q2","IN","Indiana","RES","residential","3034963","17.82","1264.61645","7097.52289","number of customers","cents per kilowatt-hour","million dollars","million kilowatt hours"
"2026-Q2","IN","Indiana","TRA","transportation","1","12.7",".67399","5.30822","number of customers","cents per kilowatt-hour","million dollars","million kilowatt hours"
"2026-Q2","KS","Kansas","ALL","all sectors","1633482","11.91","1238.43951","10401.41986","number of customers","cents per kilowatt-hour","million dollars","million kilowatt hours"
"2026-Q2","KS","Kansas","COM","commercial","251698","11.65","482.21287","4139.73025","number of customers","cents per kilowatt-hour","million dollars","million kilowatt hours"
"2026-Q2","KS","Kansas","IND","industrial","23994","8.18","241.25787","2949.31881","number of customers","cents per kilowatt-hour","million dollars","million kilowatt hours"
"2026-Q2","KS","Kansas","OTH","other",NA,NA,NA,NA,"number of customers","cents per kilowatt-hour","million dollars","million kilowatt hours"
"2026-Q2","KS","Kansas","RES","residential","1357790","15.55","514.96877","3312.3708","number of customers","cents per kilowatt-hour","million dollars","million kilowatt hours"
"2026-Q2","KS","Kansas","TRA","transportation","0",NA,"0","0","number of customers","cents per kilowatt-hour","million dollars","million kilowatt hours"
"2026-Q2","KY","Kentucky","ALL","all sectors","2363283","11.18","1981.85311","17728.45752","number of customers","cents per kilowatt-hour","million dollars","million kilowatt hours"
"2026-Q2","KY","Kentucky","COM","commercial","329604","12.82","642.12376","5007.11772","number of customers","cents per kilowatt-hour","million dollars","million kilowatt hours"
"2026-Q2","KY","Kentucky","IND","industrial","4690","7.19","507.99479","7062.93551","number of customers","cents per kilowatt-hour","million dollars","million kilowatt hours"
"2026-Q2","KY","Kentucky","OTH","other",NA,NA,NA,NA,"number of customers","cents per kilowatt-hour","million dollars","million kilowatt hours"
"2026-Q2","KY","Kentucky","RES","residential","2028989","14.7","831.73456","5658.4043","number of customers","cents per kilowatt-hour","million dollars","million kilowatt hours"
"2026-Q2","KY","Kentucky","TRA","transportation","0",NA,"0","0","number of customers","cents per kilowatt-hour","million dollars","million kilowatt hours"
"2026-Q2","LA","Louisiana","ALL","all sectors","2499703","10.2","2478.34882","24301.89084","number of customers","cents per kilowatt-hour","million dollars","million kilowatt hours"
"2026-Q2","LA","Louisiana","COM","commercial","304787","11.96","701.21699","5865.06381","number of customers","cents per kilowatt-hour","million dollars","million kilowatt hours"
"2026-Q2","LA","Louisiana","IND","industrial","16498","6.91","780.3046","11293.65696","number of customers","cents per kilowatt-hour","million dollars","million kilowatt hours"
"2026-Q2","LA","Louisiana","OTH","other",NA,NA,NA,NA,"number of customers","cents per kilowatt-hour","million dollars","million kilowatt hours"
"2026-Q2","LA","Louisiana","RES","residential","2178417","13.96","996.55784","7140.87286","number of customers","cents per kilowatt-hour","million dollars","million kilowatt hours"
"2026-Q2","LA","Louisiana","TRA","transportation","1","11.73",".2694","2.29721","number of customers","cents per kilowatt-hour","million dollars","million kilowatt hours"
"2026-Q2","MA","Massachusetts","ALL","all sectors","3362767","25.39","3030.1925","11934.27512","number of customers","cents per kilowatt-hour","million dollars","million kilowatt hours"
"2026-Q2","MA","Massachusetts","COM","commercial","426448","24.21","1402.42971","5792.36366","number of customers","cents per kilowatt-hour","million dollars","million kilowatt hours"
"2026-Q2","MA","Massachusetts","IND","industrial","9523","19.16","296.71452","1548.2286","number of customers","cents per kilowatt-hour","million dollars","million kilowatt hours"
"2026-Q2","MA","Massachusetts","OTH","other",NA,NA,NA,NA,"number of customers","cents per kilowatt-hour","million dollars","million kilowatt hours"
"2026-Q2","MA","Massachusetts","RES","residential","2926794","29.32","1324.24982","4516.45692","number of customers","cents per kilowatt-hour","million dollars","million kilowatt hours"
"2026-Q2","MA","Massachusetts","TRA","transportation","2","8.8","6.79848","77.22596","number of customers","cents per kilowatt-hour","million dollars","million kilowatt hours"
"2026-Q2","MAT","Middle Atlantic","ALL","all sectors","19362667","19.43","16024.45056","82477.65375","number of customers","cents per kilowatt-hour","million dollars","million kilowatt hours"
"2026-Q2","MAT","Middle Atlantic","COM","commercial","2457872","18.95","6654.30379","35123.86333","number of customers","cents per kilowatt-hour","million dollars","million kilowatt hours"
"2026-Q2","MAT","Middle Atlantic","IND","industrial","38800","10.37","1742.94578","16807.33393","number of customers","cents per kilowatt-hour","million dollars","million kilowatt hours"
"2026-Q2","MAT","Middle Atlantic","OTH","other",NA,NA,NA,NA,"number of customers","cents per kilowatt-hour","million dollars","million kilowatt hours"
"2026-Q2","MAT","Middle Atlantic","RES","residential","16865977","25.23","7478.5478","29641.70055","number of customers","cents per kilowatt-hour","million dollars","million kilowatt hours"
"2026-Q2","MAT","Middle Atlantic","TRA","transportation","18","16.43","148.65321","904.75596","number of customers","cents per kilowatt-hour","million dollars","million kilowatt hours"
"2026-Q2","MD","Maryland","ALL","all sectors","2755277","18.63","2511.79824","13483.66212","number of customers","cents per kilowatt-hour","million dollars","million kilowatt hours"
"2026-Q2","MD","Maryland","COM","commercial","262909","16.57","1099.16076","6633.27255","number of customers","cents per kilowatt-hour","million dollars","million kilowatt hours"
"2026-Q2","MD","Maryland","IND","industrial","9408","13.01","114.31057","878.37756","number of customers","cents per kilowatt-hour","million dollars","million kilowatt hours"
"2026-Q2","MD","Maryland","OTH","other",NA,NA,NA,NA,"number of customers","cents per kilowatt-hour","million dollars","million kilowatt hours"
"2026-Q2","MD","Maryland","RES","residential","2482954","21.89","1281.49544","5854.72558","number of customers","cents per kilowatt-hour","million dollars","million kilowatt hours"
"2026-Q2","MD","Maryland","TRA","transportation","5","14.35","16.83149","117.28644","number of customers","cents per kilowatt-hour","million dollars","million kilowatt hours"
"2026-Q2","ME","Maine","ALL","all sectors","864965","23.5","629.38633","2678.12965","number of customers","cents per kilowatt-hour","million dollars","million kilowatt hours"
"2026-Q2","ME","Maine","COM","commercial","109385","22.85","210.59185","921.54148","number of customers","cents per kilowatt-hour","million dollars","million kilowatt hours"
"2026-Q2","ME","Maine","IND","industrial","1734","14.52","88.9868","612.77491","number of customers","cents per kilowatt-hour","million dollars","million kilowatt hours"
"2026-Q2","ME","Maine","OTH","other",NA,NA,NA,NA,"number of customers","cents per kilowatt-hour","million dollars","million kilowatt hours"
"2026-Q2","ME","Maine","RES","residential","753847","28.83","329.80768","1143.81327","number of customers","cents per kilowatt-hour","million dollars","million kilowatt hours"
"2026-Q2","ME","Maine","TRA","transportation","0",NA,"0","0","number of customers","cents per kilowatt-hour","million dollars","million kilowatt hours"
"2026-Q2","MI","Michigan","ALL","all sectors","5134364","16.02","3817.00772","23821.18409","number of customers","cents per kilowatt-hour","million dollars","million kilowatt hours"
"2026-Q2","MI","Michigan","COM","commercial","572514","16.11","1459.10778","9058.10056","number of customers","cents per kilowatt-hour","million dollars","million kilowatt hours"
"2026-Q2","MI","Michigan","IND","industrial","5757","9.21","651.81124","7079.81991","number of customers","cents per kilowatt-hour","million dollars","million kilowatt hours"
"2026-Q2","MI","Michigan","OTH","other",NA,NA,NA,NA,"number of customers","cents per kilowatt-hour","million dollars","million kilowatt hours"
"2026-Q2","MI","Michigan","RES","residential","4556092","22.21","1705.88991","7682.06535","number of customers","cents per kilowatt-hour","million dollars","million kilowatt hours"
"2026-Q2","MI","Michigan","TRA","transportation","2","16.59",".19878","1.19827","number of customers","cents per kilowatt-hour","million dollars","million kilowatt hours"
"2026-Q2","MN","Minnesota","ALL","all sectors","2960629","13.39","2097.51955","15659.6816","number of customers","cents per kilowatt-hour","million dollars","million kilowatt hours"
"2026-Q2","MN","Minnesota","COM","commercial","312618","13.04","735.14729","5638.48469","number of customers","cents per kilowatt-hour","million dollars","million kilowatt hours"
"2026-Q2","MN","Minnesota","IND","industrial","9502","9.96","481.20681","4830.36343","number of customers","cents per kilowatt-hour","million dollars","million kilowatt hours"
"2026-Q2","MN","Minnesota","OTH","other",NA,NA,NA,NA,"number of customers","cents per kilowatt-hour","million dollars","million kilowatt hours"
"2026-Q2","MN","Minnesota","RES","residential","2638507","16.98","880.72888","5187.64472","number of customers","cents per kilowatt-hour","million dollars","million kilowatt hours"
"2026-Q2","MN","Minnesota","TRA","transportation","1","13.69",".4366","3.18878","number of customers","cents per kilowatt-hour","million dollars","million kilowatt hours"
"2026-Q2","MO","Missouri","ALL","all sectors","3326160","12.25","2298.0271","18762.60779","number of customers","cents per kilowatt-hour","million dollars","million kilowatt hours"
"2026-Q2","MO","Missouri","COM","commercial","407382","11.22","851.59912","7591.97948","number of customers","cents per kilowatt-hour","million dollars","million kilowatt hours"
"2026-Q2","MO","Missouri","IND","industrial","9312","8.67","294.78601","3400.91552","number of customers","cents per kilowatt-hour","million dollars","million kilowatt hours"
"2026-Q2","MO","Missouri","OTH","other",NA,NA,NA,NA,"number of customers","cents per kilowatt-hour","million dollars","million kilowatt hours"
"2026-Q2","MO","Missouri","RES","residential","2909464","14.83","1150.98535","7763.58293","number of customers","cents per kilowatt-hour","million dollars","million kilowatt hours"
"2026-Q2","MO","Missouri","TRA","transportation","2","10.71",".65664","6.12987","number of customers","cents per kilowatt-hour","million dollars","million kilowatt hours"
"2026-Q2","MS","Mississippi","ALL","all sectors","1623352","12.32","1496.95743","12152.1867","number of customers","cents per kilowatt-hour","million dollars","million kilowatt hours"
"2026-Q2","MS","Mississippi","COM","commercial","250335","13.92","493.21807","3544.18132","number of customers","cents per kilowatt-hour","million dollars","million kilowatt hours"
"2026-Q2","MS","Mississippi","IND","industrial","12505","7.75","342.52932","4419.94985","number of customers","cents per kilowatt-hour","million dollars","million kilowatt hours"
"2026-Q2","MS","Mississippi","OTH","other",NA,NA,NA,NA,"number of customers","cents per kilowatt-hour","million dollars","million kilowatt hours"
"2026-Q2","MS","Mississippi","RES","residential","1360511","15.79","661.21004","4188.05553","number of customers","cents per kilowatt-hour","million dollars","million kilowatt hours"
"2026-Q2","MS","Mississippi","TRA","transportation","0",NA,"0","0","number of customers","cents per kilowatt-hour","million dollars","million kilowatt hours"
"2026-Q2","MT","Montana","ALL","all sectors","728559","11.63","411.1113","3535.2911","number of customers","cents per kilowatt-hour","million dollars","million kilowatt hours"
"2026-Q2","MT","Montana","COM","commercial","143177","13.12","161.63259","1231.59539","number of customers","cents per kilowatt-hour","million dollars","million kilowatt hours"
"2026-Q2","MT","Montana","IND","industrial","12635","6.55","70.09763","1069.87869","number of customers","cents per kilowatt-hour","million dollars","million kilowatt hours"
"2026-Q2","MT","Montana","OTH","other",NA,NA,NA,NA,"number of customers","cents per kilowatt-hour","million dollars","million kilowatt hours"
"2026-Q2","MT","Montana","RES","residential","572748","14.54","179.38107","1233.81702","number of customers","cents per kilowatt-hour","million dollars","million kilowatt hours"
"2026-Q2","MT","Montana","TRA","transportation","0",NA,"0","0","number of customers","cents per kilowatt-hour","million dollars","million kilowatt hours"
"2026-Q2","MTN","Mountain","ALL","all sectors","12740976","11.58","9414.25428","81267.71622","number of customers","cents per kilowatt-hour","million dollars","million kilowatt hours"
"2026-Q2","MTN","Mountain","COM","commercial","1561885","11.46","3467.82322","30268.40519","number of customers","cents per kilowatt-hour","million dollars","million kilowatt hours"
"2026-Q2","MTN","Mountain","IND","industrial","100897","7.88","1833.34319","23270.42416","number of customers","cents per kilowatt-hour","million dollars","million kilowatt hours"
"2026-Q2","MTN","Mountain","OTH","other",NA,NA,NA,NA,"number of customers","cents per kilowatt-hour","million dollars","million kilowatt hours"
"2026-Q2","MTN","Mountain","RES","residential","11078189","14.84","4108.8012","27690.29465","number of customers","cents per kilowatt-hour","million dollars","million kilowatt hours"
"2026-Q2","MTN","Mountain","TRA","transportation","5","11.11","4.28666","38.59223","number of customers","cents per kilowatt-hour","million dollars","million kilowatt hours"
"2026-Q2","NC","North Carolina","ALL","all sectors","6003768","12","4032.33106","33616.71678","number of customers","cents per kilowatt-hour","million dollars","million kilowatt hours"
"2026-Q2","NC","North Carolina","COM","commercial","758420","10.45","1329.37678","12721.58475","number of customers","cents per kilowatt-hour","million dollars","million kilowatt hours"
"2026-Q2","NC","North Carolina","IND","industrial","8578","7.8","507.91325","6514.67559","number of customers","cents per kilowatt-hour","million dollars","million kilowatt hours"
"2026-Q2","NC","North Carolina","OTH","other",NA,NA,NA,NA,"number of customers","cents per kilowatt-hour","million dollars","million kilowatt hours"
"2026-Q2","NC","North Carolina","RES","residential","5236769","15.27","2194.74196","14377.47352","number of customers","cents per kilowatt-hour","million dollars","million kilowatt hours"
"2026-Q2","NC","North Carolina","TRA","transportation","1","10.03",".29909","2.98293","number of customers","cents per kilowatt-hour","million dollars","million kilowatt hours"
"2026-Q2","ND","North Dakota","ALL","all sectors","490966","8.7","627.18991","7211.43793","number of customers","cents per kilowatt-hour","million dollars","million kilowatt hours"
"2026-Q2","ND","North Dakota","COM","commercial","78147","7.47","209.26413","2800.15007","number of customers","cents per kilowatt-hour","million dollars","million kilowatt hours"
"2026-Q2","ND","North Dakota","IND","industrial","11014","8.27","277.04918","3352.04857","number of customers","cents per kilowatt-hour","million dollars","million kilowatt hours"
"2026-Q2","ND","North Dakota","OTH","other",NA,NA,NA,NA,"number of customers","cents per kilowatt-hour","million dollars","million kilowatt hours"
"2026-Q2","ND","North Dakota","RES","residential","401805","13.3","140.87661","1059.2393","number of customers","cents per kilowatt-hour","million dollars","million kilowatt hours"
"2026-Q2","ND","North Dakota","TRA","transportation","0",NA,"0","0","number of customers","cents per kilowatt-hour","million dollars","million kilowatt hours"
"2026-Q2","NE","Nebraska","ALL","all sectors","1164176","9.88","942.6932","9539.03313","number of customers","cents per kilowatt-hour","million dollars","million kilowatt hours"
"2026-Q2","NE","Nebraska","COM","commercial","166025","8.49","362.06288","4267.00796","number of customers","cents per kilowatt-hour","million dollars","million kilowatt hours"
"2026-Q2","NE","Nebraska","IND","industrial","65616","9.14","268.10478","2933.61958","number of customers","cents per kilowatt-hour","million dollars","million kilowatt hours"
"2026-Q2","NE","Nebraska","OTH","other",NA,NA,NA,NA,"number of customers","cents per kilowatt-hour","million dollars","million kilowatt hours"
"2026-Q2","NE","Nebraska","RES","residential","932535","13.36","312.52554","2338.40561","number of customers","cents per kilowatt-hour","million dollars","million kilowatt hours"
"2026-Q2","NE","Nebraska","TRA","transportation","0",NA,"0","0","number of customers","cents per kilowatt-hour","million dollars","million kilowatt hours"
"2026-Q2","NEW","New England","ALL","all sectors","7695097","24.33","6456.7218","26536.93951","number of customers","cents per kilowatt-hour","million dollars","million kilowatt hours"
"2026-Q2","NEW","New England","COM","commercial","935079","22.95","2730.5407","11897.65275","number of customers","cents per kilowatt-hour","million dollars","million kilowatt hours"
"2026-Q2","NEW","New England","IND","industrial","19917","17.4","646.90777","3717.89881","number of customers","cents per kilowatt-hour","million dollars","million kilowatt hours"
"2026-Q2","NEW","New England","OTH","other",NA,NA,NA,NA,"number of customers","cents per kilowatt-hour","million dollars","million kilowatt hours"
"2026-Q2","NEW","New England","RES","residential","6740095","28.37","3066.26407","10807.63055","number of customers","cents per kilowatt-hour","million dollars","million kilowatt hours"
"2026-Q2","NEW","New England","TRA","transportation","6","11.44","13.00928","113.75741","number of customers","cents per kilowatt-hour","million dollars","million kilowatt hours"
"2026-Q2","NH","New Hampshire","ALL","all sectors","780606","22.91","587.21852","2562.80211","number of customers","cents per kilowatt-hour","million dollars","million kilowatt hours"
"2026-Q2","NH","New Hampshire","COM","commercial","113992","20.8","210.81409","1013.34402","number of customers","cents per kilowatt-hour","million dollars","million kilowatt hours"
"2026-Q2","NH","New Hampshire","IND","industrial","2982","17.23","77.47393","449.72206","number of customers","cents per kilowatt-hour","million dollars","million kilowatt hours"
"2026-Q2","NH","New Hampshire","OTH","other",NA,NA,NA,NA,"number of customers","cents per kilowatt-hour","million dollars","million kilowatt hours"
"2026-Q2","NH","New Hampshire","RES","residential","663631","27.18","298.93051","1099.73604","number of customers","cents per kilowatt-hour","million dollars","million kilowatt hours"
"2026-Q2","NH","New Hampshire","TRA","transportation","0",NA,"0","0","number of customers","cents per kilowatt-hour","million dollars","million kilowatt hours"
"2026-Q2","NJ","New Jersey","ALL","all sectors","4370947","20.06","3500.26669","17448.68297","number of customers","cents per kilowatt-hour","million dollars","million kilowatt hours"
"2026-Q2","NJ","New Jersey","COM","commercial","541346","17.74","1567.97401","8839.69199","number of customers","cents per kilowatt-hour","million dollars","million kilowatt hours"
"2026-Q2","NJ","New Jersey","IND","industrial","10907","15.13","219.42798","1450.23968","number of customers","cents per kilowatt-hour","million dollars","million kilowatt hours"
"2026-Q2","NJ","New Jersey","OTH","other",NA,NA,NA,NA,"number of customers","cents per kilowatt-hour","million dollars","million kilowatt hours"
"2026-Q2","NJ","New Jersey","RES","residential","3818688","24.09","1699.60511","7054.34076","number of customers","cents per kilowatt-hour","million dollars","million kilowatt hours"
"2026-Q2","NJ","New Jersey","TRA","transportation","7","12.7","13.25958","104.41055","number of customers","cents per kilowatt-hour","million dollars","million kilowatt hours"
"2026-Q2","NM","New Mexico","ALL","all sectors","1087224","8.75","715.19933","8170.87405","number of customers","cents per kilowatt-hour","million dollars","million kilowatt hours"
"2026-Q2","NM","New Mexico","COM","commercial","147725","10.68","248.18324","2323.13182","number of customers","cents per kilowatt-hour","million dollars","million kilowatt hours"
"2026-Q2","NM","New Mexico","IND","industrial","9118","5.1","209.21952","4105.04705","number of customers","cents per kilowatt-hour","million dollars","million kilowatt hours"
"2026-Q2","NM","New Mexico","OTH","other",NA,NA,NA,NA,"number of customers","cents per kilowatt-hour","million dollars","million kilowatt hours"
"2026-Q2","NM","New Mexico","RES","residential","930380","14.79","257.79658","1742.69518","number of customers","cents per kilowatt-hour","million dollars","million kilowatt hours"
"2026-Q2","NM","New Mexico","TRA","transportation","0",NA,"0","0","number of customers","cents per kilowatt-hour","million dollars","million kilowatt hours"
"2026-Q2","NV","Nevada","ALL","all sectors","1535046","10.57","1125.89929","10647.61756","number of customers","cents per kilowatt-hour","million dollars","million kilowatt hours"
"2026-Q2","NV","Nevada","COM","commercial","179524","9.32","359.80846","3859.92706","number of customers","cents per kilowatt-hour","million dollars","million kilowatt hours"
"2026-Q2","NV","Nevada","IND","industrial","4888","8.51","257.85599","3029.98454","number of customers","cents per kilowatt-hour","million dollars","million kilowatt hours"
"2026-Q2","NV","Nevada","OTH","other",NA,NA,NA,NA,"number of customers","cents per kilowatt-hour","million dollars","million kilowatt hours"
"2026-Q2","NV","Nevada","RES","residential","1350632","13.53","508.06407","3756.01085","number of customers","cents per kilowatt-hour","million dollars","million kilowatt hours"
"2026-Q2","NV","Nevada","TRA","transportation","1","10.08",".17079","1.69509","number of customers","cents per kilowatt-hour","million dollars","million kilowatt hours"
"2026-Q2","NY","New York","ALL","all sectors","8685757","23.44","7609.91204","32462.65367","number of customers","cents per kilowatt-hour","million dollars","million kilowatt hours"
"2026-Q2","NY","New York","COM","commercial","1174510","22.64","3805.09045","16805.47828","number of customers","cents per kilowatt-hour","million dollars","million kilowatt hours"
"2026-Q2","NY","New York","IND","industrial","17014","9.45","353.02976","3734.22419","number of customers","cents per kilowatt-hour","million dollars","million kilowatt hours"
"2026-Q2","NY","New York","OTH","other",NA,NA,NA,NA,"number of customers","cents per kilowatt-hour","million dollars","million kilowatt hours"
"2026-Q2","NY","New York","RES","residential","7494227","29.61","3329.85112","11246.2815","number of customers","cents per kilowatt-hour","million dollars","million kilowatt hours"
"2026-Q2","NY","New York","TRA","transportation","6","18.02","121.94072","676.66973","number of customers","cents per kilowatt-hour","million dollars","million kilowatt hours"
"2026-Q2","OH","Ohio","ALL","all sectors","5766353","14.11","5607.81583","39755.75344","number of customers","cents per kilowatt-hour","million dollars","million kilowatt hours"
"2026-Q2","OH","Ohio","COM","commercial","623119","13.77","2165.49417","15723.11446","number of customers","cents per kilowatt-hour","million dollars","million kilowatt hours"
"2026-Q2","OH","Ohio","IND","industrial","17329","9.9","1268.82438","12815.15712","number of customers","cents per kilowatt-hour","million dollars","million kilowatt hours"
"2026-Q2","OH","Ohio","OTH","other",NA,NA,NA,NA,"number of customers","cents per kilowatt-hour","million dollars","million kilowatt hours"
"2026-Q2","OH","Ohio","RES","residential","5125903","19.38","2172.72634","11210.32999","number of customers","cents per kilowatt-hour","million dollars","million kilowatt hours"
"2026-Q2","OH","Ohio","TRA","transportation","2","10.78",".77095","7.15186","number of customers","cents per kilowatt-hour","million dollars","million kilowatt hours"
"2026-Q2","OK","Oklahoma","ALL","all sectors","2253315","9.55","1742.42595","18252.31257","number of customers","cents per kilowatt-hour","million dollars","million kilowatt hours"
"2026-Q2","OK","Oklahoma","COM","commercial","313062","8.65","615.42693","7118.26893","number of customers","cents per kilowatt-hour","million dollars","million kilowatt hours"
"2026-Q2","OK","Oklahoma","IND","industrial","19257","6.46","359.37648","5560.36441","number of customers","cents per kilowatt-hour","million dollars","million kilowatt hours"
"2026-Q2","OK","Oklahoma","OTH","other",NA,NA,NA,NA,"number of customers","cents per kilowatt-hour","million dollars","million kilowatt hours"
"2026-Q2","OK","Oklahoma","RES","residential","1920996","13.77","767.62255","5573.67924","number of customers","cents per kilowatt-hour","million dollars","million kilowatt hours"
"2026-Q2","OK","Oklahoma","TRA","transportation","0",NA,"0","0","number of customers","cents per kilowatt-hour","million dollars","million kilowatt hours"
"2026-Q2","OR","Oregon","ALL","all sectors","2179730","11.53","1707.04957","14807.66869","number of customers","cents per kilowatt-hour","million dollars","million kilowatt hours"
"2026-Q2","OR","Oregon","COM","commercial","250390","10.61","684.45404","6451.66732","number of customers","cents per kilowatt-hour","million dollars","million kilowatt hours"
"2026-Q2","OR","Oregon","IND","industrial","26746","8.49","360.34316","4246.2121","number of customers","cents per kilowatt-hour","million dollars","million kilowatt hours"
"2026-Q2","OR","Oregon","OTH","other",NA,NA,NA,NA,"number of customers","cents per kilowatt-hour","million dollars","million kilowatt hours"
"2026-Q2","OR","Oregon","RES","residential","1902592","16.12","661.4861","4104.47061","number of customers","cents per kilowatt-hour","million dollars","million kilowatt hours"
"2026-Q2","OR","Oregon","TRA","transportation","2","14.41",".76628","5.31867","number of customers","cents per kilowatt-hour","million dollars","million kilowatt hours"
"2026-Q2","PA","Pennsylvania","ALL","all sectors","6305963","15.09","4914.27183","32566.31711","number of customers","cents per kilowatt-hour","million dollars","million kilowatt hours"
"2026-Q2","PA","Pennsylvania","COM","commercial","742016","13.52","1281.23933","9478.69306","number of customers","cents per kilowatt-hour","million dollars","million kilowatt hours"
"2026-Q2","PA","Pennsylvania","IND","industrial","10880","10.07","1170.48804","11622.87007","number of customers","cents per kilowatt-hour","million dollars","million kilowatt hours"
"2026-Q2","PA","Pennsylvania","OTH","other",NA,NA,NA,NA,"number of customers","cents per kilowatt-hour","million dollars","million kilowatt hours"
"2026-Q2","PA","Pennsylvania","RES","residential","5553062","21.59","2449.09156","11341.0783","number of customers","cents per kilowatt-hour","million dollars","million kilowatt hours"
"2026-Q2","PA","Pennsylvania","TRA","transportation","5","10.88","13.45291","123.6757","number of customers","cents per kilowatt-hour","million dollars","million kilowatt hours"
"2026-Q2","PACC","Pacific Contiguous","ALL","all sectors","22191934","21.41","19749.75881","92241.97852","number of customers","cents per kilowatt-hour","million dollars","million kilowatt hours"
"2026-Q2","PACC","Pacific Contiguous","COM","commercial","2360095","20.7","8692.68038","41988.49653","number of customers","cents per kilowatt-hour","million dollars","million kilowatt hours"
"2026-Q2","PACC","Pacific Contiguous","IND","industrial","198476","14.75","2858.56114","19382.27827","number of customers","cents per kilowatt-hour","million dollars","million kilowatt hours"
"2026-Q2","PACC","Pacific Contiguous","OTH","other",NA,NA,NA,NA,"number of customers","cents per kilowatt-hour","million dollars","million kilowatt hours"
"2026-Q2","PACC","Pacific Contiguous","RES","residential","19633343","26.62","8164.92318","30673.27139","number of customers","cents per kilowatt-hour","million dollars","million kilowatt hours"
"2026-Q2","PACC","Pacific Contiguous","TRA","transportation","21","16.97","33.59411","197.93233","number of customers","cents per kilowatt-hour","million dollars","million kilowatt hours"
"2026-Q2","PACN","Pacific Noncontiguous","ALL","all sectors","876197","37.33","1369.59788","3669.21259","number of customers","cents per kilowatt-hour","million dollars","million kilowatt hours"
"2026-Q2","PACN","Pacific Noncontiguous","COM","commercial","117977","34.8","457.41604","1314.26655","number of customers","cents per kilowatt-hour","million dollars","million kilowatt hours"
"2026-Q2","PACN","Pacific Noncontiguous","IND","industrial","2129","36.73","452.38947","1231.74551","number of customers","cents per kilowatt-hour","million dollars","million kilowatt hours"
"2026-Q2","PACN","Pacific Noncontiguous","OTH","other",NA,NA,NA,NA,"number of customers","cents per kilowatt-hour","million dollars","million kilowatt hours"
"2026-Q2","PACN","Pacific Noncontiguous","RES","residential","756090","40.94","459.79238","1123.20052","number of customers","cents per kilowatt-hour","million dollars","million kilowatt hours"
"2026-Q2","PACN","Pacific Noncontiguous","TRA","transportation","0",NA,"0","0","number of customers","cents per kilowatt-hour","million dollars","million kilowatt hours"
"2026-Q2","RI","Rhode Island","ALL","all sectors","538104","25.54","450.15927","1762.81297","number of customers","cents per kilowatt-hour","million dollars","million kilowatt hours"
"2026-Q2","RI","Rhode Island","COM","commercial","65199","23.45","208.11545","887.47821","number of customers","cents per kilowatt-hour","million dollars","million kilowatt hours"
"2026-Q2","RI","Rhode Island","IND","industrial","1702","21.96","35.80413","163.02731","number of customers","cents per kilowatt-hour","million dollars","million kilowatt hours"
"2026-Q2","RI","Rhode Island","OTH","other",NA,NA,NA,NA,"number of customers","cents per kilowatt-hour","million dollars","million kilowatt hours"
"2026-Q2","RI","Rhode Island","RES","residential","471202","28.99","204.99328","707.07743","number of customers","cents per kilowatt-hour","million dollars","million kilowatt hours"
"2026-Q2","RI","Rhode Island","TRA","transportation","1","23.83","1.24643","5.23002","number of customers","cents per kilowatt-hour","million dollars","million kilowatt hours"
"2026-Q2","SAT","South Atlantic","ALL","all sectors","35644162","13.06","28882.0731","221192.83464","number of customers","cents per kilowatt-hour","million dollars","million kilowatt hours"
"2026-Q2","SAT","South Atlantic","COM","commercial","4103983","11.74","11097.49664","94560.49721","number of customers","cents per kilowatt-hour","million dollars","million kilowatt hours"
"2026-Q2","SAT","South Atlantic","IND","industrial","85138","8.36","2888.94749","34549.09589","number of customers","cents per kilowatt-hour","million dollars","million kilowatt hours"
"2026-Q2","SAT","South Atlantic","OTH","other",NA,NA,NA,NA,"number of customers","cents per kilowatt-hour","million dollars","million kilowatt hours"
"2026-Q2","SAT","South Atlantic","RES","residential","31455028","16.19","14852.05882","91746.31414","number of customers","cents per kilowatt-hour","million dollars","million kilowatt hours"
"2026-Q2","SAT","South Atlantic","TRA","transportation","13","12.93","43.57018","336.92739","number of customers","cents per kilowatt-hour","million dollars","million kilowatt hours"
"2026-Q2","SC","South Carolina","ALL","all sectors","3084562","11.96","2521.56932","21082.74806","number of customers","cents per kilowatt-hour","million dollars","million kilowatt hours"
"2026-Q2","SC","South Carolina","COM","commercial","418486","11.6","800.60476","6901.74921","number of customers","cents per kilowatt-hour","million dollars","million kilowatt hours"
"2026-Q2","SC","South Carolina","IND","industrial","3488","7.41","482.28253","6512.56797","number of customers","cents per kilowatt-hour","million dollars","million kilowatt hours"
"2026-Q2","SC","South Carolina","OTH","other",NA,NA,NA,NA,"number of customers","cents per kilowatt-hour","million dollars","million kilowatt hours"
"2026-Q2","SC","South Carolina","RES","residential","2662588","16.15","1238.68205","7668.4309","number of customers","cents per kilowatt-hour","million dollars","million kilowatt hours"
"2026-Q2","SC","South Carolina","TRA","transportation","0",NA,"0","0","number of customers","cents per kilowatt-hour","million dollars","million kilowatt hours"
"2026-Q2","SD","South Dakota","ALL","all sectors","533782","12.3","400.86971","3259.94197","number of customers","cents per kilowatt-hour","million dollars","million kilowatt hours"
"2026-Q2","SD","South Dakota","COM","commercial","80631","11.53","148.89305","1291.47436","number of customers","cents per kilowatt-hour","million dollars","million kilowatt hours"
"2026-Q2","SD","South Dakota","IND","industrial","4406","9.46","77.65571","820.55221","number of customers","cents per kilowatt-hour","million dollars","million kilowatt hours"
"2026-Q2","SD","South Dakota","OTH","other",NA,NA,NA,NA,"number of customers","cents per kilowatt-hour","million dollars","million kilowatt hours"
"2026-Q2","SD","South Dakota","RES","residential","448746","15.19","174.32096","1147.91541","number of customers","cents per kilowatt-hour","million dollars","million kilowatt hours"
"2026-Q2","SD","South Dakota","TRA","transportation","0",NA,"0","0","number of customers","cents per kilowatt-hour","million dollars","million kilowatt hours"
"2026-Q2","TN","Tennessee","ALL","all sectors","3702068","12.2","3045.41761","24952.53952","number of customers","cents per kilowatt-hour","million dollars","million kilowatt hours"
"2026-Q2","TN","Tennessee","COM","commercial","552035","13.85","1231.01786","8890.34421","number of customers","cents per kilowatt-hour","million dollars","million kilowatt hours"
"2026-Q2","TN","Tennessee","IND","industrial","997","6.75","444.69","6585.64351","number of customers","cents per kilowatt-hour","million dollars","million kilowatt hours"
"2026-Q2","TN","Tennessee","OTH","other",NA,NA,NA,NA,"number of customers","cents per kilowatt-hour","million dollars","million kilowatt hours"
"2026-Q2","TN","Tennessee","RES","residential","3149036","14.45","1369.70976","9476.55181","number of customers","cents per kilowatt-hour","million dollars","million kilowatt hours"
"2026-Q2","TN","Tennessee","TRA","transportation","0",NA,"0","0","number of customers","cents per kilowatt-hour","million dollars","million kilowatt hours"
"2026-Q2","TX","Texas","ALL","all sectors","14866771","10.28","13259.53038","129019.554","number of customers","cents per kilowatt-hour","million dollars","million kilowatt hours"
"2026-Q2","TX","Texas","COM","commercial","1531934","8.42","3866.17129","45889.54516","number of customers","cents per kilowatt-hour","million dollars","million kilowatt hours"
"2026-Q2","TX","Texas","IND","industrial","417842","6.42","2721.80146","42399.70512","number of customers","cents per kilowatt-hour","million dollars","million kilowatt hours"
"2026-Q2","TX","Texas","OTH","other",NA,NA,NA,NA,"number of customers","cents per kilowatt-hour","million dollars","million kilowatt hours"
"2026-Q2","TX","Texas","RES","residential","12916993","16.38","6671.55301","40730.24507","number of customers","cents per kilowatt-hour","million dollars","million kilowatt hours"
"2026-Q2","TX","Texas","TRA","transportation","2","7.91",".00464",".05865","number of customers","cents per kilowatt-hour","million dollars","million kilowatt hours"
"2026-Q2","US","U.S. Total","ALL","all sectors","165959075","14.09","138698.39285","984624.30391","number of customers","cents per kilowatt-hour","million dollars","million kilowatt hours"
"2026-Q2","US","U.S. Total","COM","commercial","19573324","13.76","51919.21436","377274.42279","number of customers","cents per kilowatt-hour","million dollars","million kilowatt hours"
"2026-Q2","US","U.S. Total","IND","industrial","1145762","8.85","23458.37897","265050.27143","number of customers","cents per kilowatt-hour","million dollars","million kilowatt hours"
"2026-Q2","US","U.S. Total","OTH","other",NA,NA,NA,NA,"number of customers","cents per kilowatt-hour","million dollars","million kilowatt hours"
"2026-Q2","US","U.S. Total","RES","residential","145239909","18.52","63062.98466","340575.63252","number of customers","cents per kilowatt-hour","million dollars","million kilowatt hours"
"2026-Q2","US","U.S. Total","TRA","transportation","81","14.95","257.81488","1723.97717","number of customers","cents per kilowatt-hour","million dollars","million kilowatt hours"
"2026-Q2","UT","Utah","ALL","all sectors","1440970","10.95","959.3162","8758.72797","number of customers","cents per kilowatt-hour","million dollars","million kilowatt hours"
"2026-Q2","UT","Utah","COM","commercial","147102","10.62","404.6854","3810.56647","number of customers","cents per kilowatt-hour","million dollars","million kilowatt hours"
"2026-Q2","UT","Utah","IND","industrial","10835","8.61","185.67925","2156.37668","number of customers","cents per kilowatt-hour","million dollars","million kilowatt hours"
"2026-Q2","UT","Utah","OTH","other",NA,NA,NA,NA,"number of customers","cents per kilowatt-hour","million dollars","million kilowatt hours"
"2026-Q2","UT","Utah","RES","residential","1283031","13.22","367.40007","2778.93549","number of customers","cents per kilowatt-hour","million dollars","million kilowatt hours"
"2026-Q2","UT","Utah","TRA","transportation","1","12.07","1.5515","12.84935","number of customers","cents per kilowatt-hour","million dollars","million kilowatt hours"
"2026-Q2","VA","Virginia","ALL","all sectors","4173316","12.52","4399.44781","35133.4723","number of customers","cents per kilowatt-hour","million dollars","million kilowatt hours"
"2026-Q2","VA","Virginia","COM","commercial","450859","10.73","2343.56925","21836.13945","number of customers","cents per kilowatt-hour","million dollars","million kilowatt hours"
"2026-Q2","VA","Virginia","IND","industrial","4098","9.9","333.42192","3369.12657","number of customers","cents per kilowatt-hour","million dollars","million kilowatt hours"
"2026-Q2","VA","Virginia","OTH","other",NA,NA,NA,NA,"number of customers","cents per kilowatt-hour","million dollars","million kilowatt hours"
"2026-Q2","VA","Virginia","RES","residential","3718358","17.39","1714.58499","9861.31869","number of customers","cents per kilowatt-hour","million dollars","million kilowatt hours"
"2026-Q2","VA","Virginia","TRA","transportation","1","11.77","7.87166","66.8876","number of customers","cents per kilowatt-hour","million dollars","million kilowatt hours"
"2026-Q2","VT","Vermont","ALL","all sectors","378684","20.37","253.14243","1242.65816","number of customers","cents per kilowatt-hour","million dollars","million kilowatt hours"
"2026-Q2","VT","Vermont","COM","commercial","64423","21.21","99.73025","470.2767","number of customers","cents per kilowatt-hour","million dollars","million kilowatt hours"
"2026-Q2","VT","Vermont","IND","industrial","221","12.66","38.9253","307.49428","number of customers","cents per kilowatt-hour","million dollars","million kilowatt hours"
"2026-Q2","VT","Vermont","OTH","other",NA,NA,NA,NA,"number of customers","cents per kilowatt-hour","million dollars","million kilowatt hours"
"2026-Q2","VT","Vermont","RES","residential","314040","24.63","114.48689","464.88718","number of customers","cents per kilowatt-hour","million dollars","million kilowatt hours"
"2026-Q2","VT","Vermont","TRA","transportation","0",NA,"0","0","number of customers","cents per kilowatt-hour","million dollars","million kilowatt hours"
"2026-Q2","WA","Washington","ALL","all sectors","3866063","11.97","2506.58153","20936.54615","number of customers","cents per kilowatt-hour","million dollars","million kilowatt hours"
"2026-Q2","WA","Washington","COM","commercial","408052","11.74","964.46665","8212.06342","number of customers","cents per kilowatt-hour","million dollars","million kilowatt hours"
"2026-Q2","WA","Washington","IND","industrial","25641","7.15","312.18792","4364.73819","number of customers","cents per kilowatt-hour","million dollars","million kilowatt hours"
"2026-Q2","WA","Washington","OTH","other",NA,NA,NA,NA,"number of customers","cents per kilowatt-hour","million dollars","million kilowatt hours"
"2026-Q2","WA","Washington","RES","residential","3432366","14.72","1226.61539","8334.86578","number of customers","cents per kilowatt-hour","million dollars","million kilowatt hours"
"2026-Q2","WA","Washington","TRA","transportation","5","13.31","3.31157","24.87878","number of customers","cents per kilowatt-hour","million dollars","million kilowatt hours"
"2026-Q2","WI","Wisconsin","ALL","all sectors","3273583","13.84","2351.79913","16997.76705","number of customers","cents per kilowatt-hour","million dollars","million kilowatt hours"
"2026-Q2","WI","Wisconsin","COM","commercial","373958","13.72","795.74785","5801.55049","number of customers","cents per kilowatt-hour","million dollars","million kilowatt hours"
"2026-Q2","WI","Wisconsin","IND","industrial","5793","9.27","568.58973","6133.73832","number of customers","cents per kilowatt-hour","million dollars","million kilowatt hours"
"2026-Q2","WI","Wisconsin","OTH","other",NA,NA,NA,NA,"number of customers","cents per kilowatt-hour","million dollars","million kilowatt hours"
"2026-Q2","WI","Wisconsin","RES","residential","2893830","19.51","987.4061","5062.21226","number of customers","cents per kilowatt-hour","million dollars","million kilowatt hours"
"2026-Q2","WI","Wisconsin","TRA","transportation","2","20.85",".05547",".26598","number of customers","cents per kilowatt-hour","million dollars","million kilowatt hours"
"2026-Q2","WNC","West North Central","ALL","all sectors","11859300","11.37","9028.18093","79411.64247","number of customers","cents per kilowatt-hour","million dollars","million kilowatt hours"
"2026-Q2","WNC","West North Central","COM","commercial","1552567","10.89","3149.51244","28926.44866","number of customers","cents per kilowatt-hour","million dollars","million kilowatt hours"
"2026-Q2","WNC","West North Central","IND","industrial","133358","8.41","2218.0012","26377.14217","number of customers","cents per kilowatt-hour","million dollars","million kilowatt hours"
"2026-Q2","WNC","West North Central","OTH","other",NA,NA,NA,NA,"number of customers","cents per kilowatt-hour","million dollars","million kilowatt hours"
"2026-Q2","WNC","West North Central","RES","residential","10173372","15.19","3659.57406","24098.73301","number of customers","cents per kilowatt-hour","million dollars","million kilowatt hours"
"2026-Q2","WNC","West North Central","TRA","transportation","3","11.73","1.09324","9.31864","number of customers","cents per kilowatt-hour","million dollars","million kilowatt hours"
"2026-Q2","WSC","West South Central","ALL","all sectors","21371347","10.18","18755.59036","184151.95711","number of customers","cents per kilowatt-hour","million dollars","million kilowatt hours"
"2026-Q2","WSC","West South Central","COM","commercial","2360596","8.93","5511.67314","61732.33894","number of customers","cents per kilowatt-hour","million dollars","million kilowatt hours"
"2026-Q2","WSC","West South Central","IND","industrial","487899","6.53","4244.79353","65008.0677","number of customers","cents per kilowatt-hour","million dollars","million kilowatt hours"
"2026-Q2","WSC","West South Central","OTH","other",NA,NA,NA,NA,"number of customers","cents per kilowatt-hour","million dollars","million kilowatt hours"
"2026-Q2","WSC","West South Central","RES","residential","18522847","15.67","8998.84118","57409.13328","number of customers","cents per kilowatt-hour","million dollars","million kilowatt hours"
"2026-Q2","WSC","West South Central","TRA","transportation","5","11.69",".28253","2.4172","number of customers","cents per kilowatt-hour","million dollars","million kilowatt hours"
"2026-Q2","WV","West Virginia","ALL","all sectors","1031775","11.32","921.93564","8142.83585","number of customers","cents per kilowatt-hour","million dollars","million kilowatt hours"
"2026-Q2","WV","West Virginia","COM","commercial","153444","11.58","231.16287","1995.48598","number of customers","cents per kilowatt-hour","million dollars","million kilowatt hours"
"2026-Q2","WV","West Virginia","IND","industrial","10964","8.81","359.67295","4083.76395","number of customers","cents per kilowatt-hour","million dollars","million kilowatt hours"
"2026-Q2","WV","West Virginia","OTH","other",NA,NA,NA,NA,"number of customers","cents per kilowatt-hour","million dollars","million kilowatt hours"
"2026-Q2","WV","West Virginia","RES","residential","867367","16.04","331.09981","2063.58593","number of customers","cents per kilowatt-hour","million dollars","million kilowatt hours"
"2026-Q2","WV","West Virginia","TRA","transportation","0",NA,"0","0","number of customers","cents per kilowatt-hour","million dollars","million kilowatt hours"
"2026-Q2","WY","Wyoming","ALL","all sectors","363998","10.02","432.84226","4321.1052","number of customers","cents per kilowatt-hour","million dollars","million kilowatt hours"
"2026-Q2","WY","Wyoming","COM","commercial","59886","9.68","143.0508","1477.96146","number of customers","cents per kilowatt-hour","million dollars","million kilowatt hours"
"2026-Q2","WY","Wyoming","IND","industrial","12044","8.87","197.09989","2221.09713","number of customers","cents per kilowatt-hour","million dollars","million kilowatt hours"
"2026-Q2","WY","Wyoming","OTH","other",NA,NA,NA,NA,"number of customers","cents per kilowatt-hour","million dollars","million kilowatt hours"
"2026-Q2","WY","Wyoming","RES","residential","292067","14.9","92.69157","622.04659","number of customers","cents per kilowatt-hour","million dollars","million kilowatt hours"
"2026-Q2","WY","Wyoming","TRA","transportation","0",NA,"0","0","number of customers","cents per kilowatt-hour","million dollars","million kilowatt hours"
"2026-Q1","AK","Alaska","ALL","all sectors","366947","23.77","420.47913","1768.91593","number of customers","cents per kilowatt-hour","million dollars","million kilowatt hours"
"2026-Q1","AK","Alaska","COM","commercial","59829","22.38","161.0447","719.46074","number of customers","cents per kilowatt-hour","million dollars","million kilowatt hours"
"2026-Q1","AK","Alaska","IND","industrial","1231","22.26","85.29544","383.19422","number of customers","cents per kilowatt-hour","million dollars","million kilowatt hours"
"2026-Q1","AK","Alaska","OTH","other",NA,NA,NA,NA,"number of customers","cents per kilowatt-hour","million dollars","million kilowatt hours"
"2026-Q1","AK","Alaska","RES","residential","305887","26.14","174.13898","666.26097","number of customers","cents per kilowatt-hour","million dollars","million kilowatt hours"
"2026-Q1","AK","Alaska","TRA","transportation","0",NA,"0","0","number of customers","cents per kilowatt-hour","million dollars","million kilowatt hours"
"2026-Q1","AL","Alabama","ALL","all sectors","2849545","12.84","2796.65677","21776.93137","number of customers","cents per kilowatt-hour","million dollars","million kilowatt hours"
"2026-Q1","AL","Alabama","COM","commercial","398771","15.06","802.00108","5326.34643","number of customers","cents per kilowatt-hour","million dollars","million kilowatt hours"
"2026-Q1","AL","Alabama","IND","industrial","7229","7.8","637.10486","8164.10487","number of customers","cents per kilowatt-hour","million dollars","million kilowatt hours"
"2026-Q1","AL","Alabama","OTH","other",NA,NA,NA,NA,"number of customers","cents per kilowatt-hour","million dollars","million kilowatt hours"
"2026-Q1","AL","Alabama","RES","residential","2443545","16.38","1357.55083","8286.48008","number of customers","cents per kilowatt-hour","million dollars","million kilowatt hours"
"2026-Q1","AL","Alabama","TRA","transportation","0",NA,"0","0","number of customers","cents per kilowatt-hour","million dollars","million kilowatt hours"
"2026-Q1","AR","Arkansas","ALL","all sectors","1747290","9.93","1295.05737","13046.49499","number of customers","cents per kilowatt-hour","million dollars","million kilowatt hours"
"2026-Q1","AR","Arkansas","COM","commercial","210759","11.41","305.04497","2672.84184","number of customers","cents per kilowatt-hour","million dollars","million kilowatt hours"
"2026-Q1","AR","Arkansas","IND","industrial","34099","6.6","360.49982","5459.31215","number of customers","cents per kilowatt-hour","million dollars","million kilowatt hours"
"2026-Q1","AR","Arkansas","OTH","other",NA,NA,NA,NA,"number of customers","cents per kilowatt-hour","million dollars","million kilowatt hours"
"2026-Q1","AR","Arkansas","RES","residential","1502430","12.81","629.50546","4914.28601","number of customers","cents per kilowatt-hour","million dollars","million kilowatt hours"
"2026-Q1","AR","Arkansas","TRA","transportation","2","12.96",".00713",".055","number of customers","cents per kilowatt-hour","million dollars","million kilowatt hours"
"2026-Q1","AZ","Arizona","ALL","all sectors","3561151","12.34","2441.09791","19789.73761","number of customers","cents per kilowatt-hour","million dollars","million kilowatt hours"
"2026-Q1","AZ","Arizona","COM","commercial","352904","11.73","1047.16872","8929.14776","number of customers","cents per kilowatt-hour","million dollars","million kilowatt hours"
"2026-Q1","AZ","Arizona","IND","industrial","7101","7.17","262.87338","3666.14839","number of customers","cents per kilowatt-hour","million dollars","million kilowatt hours"
"2026-Q1","AZ","Arizona","OTH","other",NA,NA,NA,NA,"number of customers","cents per kilowatt-hour","million dollars","million kilowatt hours"
"2026-Q1","AZ","Arizona","RES","residential","3201144","15.72","1130.82494","7192.03041","number of customers","cents per kilowatt-hour","million dollars","million kilowatt hours"
"2026-Q1","AZ","Arizona","TRA","transportation","2","9.58",".23089","2.41105","number of customers","cents per kilowatt-hour","million dollars","million kilowatt hours"
"2026-Q1","CA","California","ALL","all sectors","16059729","26.85","14852.42289","55317.27172","number of customers","cents per kilowatt-hour","million dollars","million kilowatt hours"
"2026-Q1","CA","California","COM","commercial","1755200","25.27","6285.49043","24877.53135","number of customers","cents per kilowatt-hour","million dollars","million kilowatt hours"
"2026-Q1","CA","California","IND","industrial","138498","19.39","1787.88685","9222.42431","number of customers","cents per kilowatt-hour","million dollars","million kilowatt hours"
"2026-Q1","CA","California","OTH","other",NA,NA,NA,NA,"number of customers","cents per kilowatt-hour","million dollars","million kilowatt hours"
"2026-Q1","CA","California","RES","residential","14166018","32.08","6750.07191","21043.86218","number of customers","cents per kilowatt-hour","million dollars","million kilowatt hours"
"2026-Q1","CA","California","TRA","transportation","13","16.7","28.97373","173.45389","number of customers","cents per kilowatt-hour","million dollars","million kilowatt hours"
"2026-Q1","CO","Colorado","ALL","all sectors","2951351","13.28","1790.27514","13481.22938","number of customers","cents per kilowatt-hour","million dollars","million kilowatt hours"
"2026-Q1","CO","Colorado","COM","commercial","401682","12.91","660.90845","5118.45866","number of customers","cents per kilowatt-hour","million dollars","million kilowatt hours"
"2026-Q1","CO","Colorado","IND","industrial","14623","9.51","347.67422","3657.64625","number of customers","cents per kilowatt-hour","million dollars","million kilowatt hours"
"2026-Q1","CO","Colorado","OTH","other",NA,NA,NA,NA,"number of customers","cents per kilowatt-hour","million dollars","million kilowatt hours"
"2026-Q1","CO","Colorado","RES","residential","2535044","16.64","779.45154","4683.67118","number of customers","cents per kilowatt-hour","million dollars","million kilowatt hours"
"2026-Q1","CO","Colorado","TRA","transportation","1","10.45","2.24094","21.45331","number of customers","cents per kilowatt-hour","million dollars","million kilowatt hours"
"2026-Q1","CT","Connecticut","ALL","all sectors","1765797","26.59","1919.41675","7218.949","number of customers","cents per kilowatt-hour","million dollars","million kilowatt hours"
"2026-Q1","CT","Connecticut","COM","commercial","156407","23.83","681.00214","2858.27844","number of customers","cents per kilowatt-hour","million dollars","million kilowatt hours"
"2026-Q1","CT","Connecticut","IND","industrial","3739","20.41","121.8045","596.86933","number of customers","cents per kilowatt-hour","million dollars","million kilowatt hours"
"2026-Q1","CT","Connecticut","OTH","other",NA,NA,NA,NA,"number of customers","cents per kilowatt-hour","million dollars","million kilowatt hours"
"2026-Q1","CT","Connecticut","RES","residential","1605648","29.76","1107.84548","3722.56192","number of customers","cents per kilowatt-hour","million dollars","million kilowatt hours"
"2026-Q1","CT","Connecticut","TRA","transportation","3","21.25","8.76463","41.23931","number of customers","cents per kilowatt-hour","million dollars","million kilowatt hours"
"2026-Q1","DC","District of Columbia","ALL","all sectors","354249","23.53","596.51955","2534.68164","number of customers","cents per kilowatt-hour","million dollars","million kilowatt hours"
"2026-Q1","DC","District of Columbia","COM","commercial","27712","23.65","404.38816","1709.86012","number of customers","cents per kilowatt-hour","million dollars","million kilowatt hours"
"2026-Q1","DC","District of Columbia","IND","industrial","1","21.06","9.05805","43.00471","number of customers","cents per kilowatt-hour","million dollars","million kilowatt hours"
"2026-Q1","DC","District of Columbia","OTH","other",NA,NA,NA,NA,"number of customers","cents per kilowatt-hour","million dollars","million kilowatt hours"
"2026-Q1","DC","District of Columbia","RES","residential","326533","24.19","171.34741","708.26082","number of customers","cents per kilowatt-hour","million dollars","million kilowatt hours"
"2026-Q1","DC","District of Columbia","TRA","transportation","3","15.94","11.72593","73.55601","number of customers","cents per kilowatt-hour","million dollars","million kilowatt hours"
"2026-Q1","DE","Delaware","ALL","all sectors","542265","15.26","471.76252","3090.85594","number of customers","cents per kilowatt-hour","million dollars","million kilowatt hours"
"2026-Q1","DE","Delaware","COM","commercial","61007","14.12","146.42521","1037.26999","number of customers","cents per kilowatt-hour","million dollars","million kilowatt hours"
"2026-Q1","DE","Delaware","IND","industrial","1142","12.56","56.18939","447.2043","number of customers","cents per kilowatt-hour","million dollars","million kilowatt hours"
"2026-Q1","DE","Delaware","OTH","other",NA,NA,NA,NA,"number of customers","cents per kilowatt-hour","million dollars","million kilowatt hours"
"2026-Q1","DE","Delaware","RES","residential","480116","16.75","269.14794","1606.38166","number of customers","cents per kilowatt-hour","million dollars","million kilowatt hours"
"2026-Q1","DE","Delaware","TRA","transportation","0",NA,"0","0","number of customers","cents per kilowatt-hour","million dollars","million kilowatt hours"
"2026-Q1","ENC","East North Central","ALL","all sectors","23665800","13.99","20139.37882","143933.14338","number of customers","cents per kilowatt-hour","million dollars","million kilowatt hours"
"2026-Q1","ENC","East North Central","COM","commercial","2593322","13.83","6705.15597","48496.53945","number of customers","cents per kilowatt-hour","million dollars","million kilowatt hours"
"2026-Q1","ENC","East North Central","IND","industrial","53566","9.69","4376.81086","45151.07663","number of customers","cents per kilowatt-hour","million dollars","million kilowatt hours"
"2026-Q1","ENC","East North Central","OTH","other",NA,NA,NA,NA,"number of customers","cents per kilowatt-hour","million dollars","million kilowatt hours"
"2026-Q1","ENC","East North Central","RES","residential","21018902","18.04","9042.95462","50124.13765","number of customers","cents per kilowatt-hour","million dollars","million kilowatt hours"
"2026-Q1","ENC","East North Central","TRA","transportation","10","8.96","14.45739","161.38967","number of customers","cents per kilowatt-hour","million dollars","million kilowatt hours"
"2026-Q1","ESC","East South Central","ALL","all sectors","10510843","12.16","9775.53997","80391.8864","number of customers","cents per kilowatt-hour","million dollars","million kilowatt hours"
"2026-Q1","ESC","East South Central","COM","commercial","1527383","13.92","3077.69936","22113.27393","number of customers","cents per kilowatt-hour","million dollars","million kilowatt hours"
"2026-Q1","ESC","East South Central","IND","industrial","25202","7.52","1910.61916","25408.55495","number of customers","cents per kilowatt-hour","million dollars","million kilowatt hours"
"2026-Q1","ESC","East South Central","OTH","other",NA,NA,NA,NA,"number of customers","cents per kilowatt-hour","million dollars","million kilowatt hours"
"2026-Q1","ESC","East South Central","RES","residential","8958257","14.56","4787.22145","32870.05754","number of customers","cents per kilowatt-hour","million dollars","million kilowatt hours"
"2026-Q1","ESC","East South Central","TRA","transportation","0",NA,"0","0","number of customers","cents per kilowatt-hour","million dollars","million kilowatt hours"
"2026-Q1","FL","Florida","ALL","all sectors","12091188","13.84","7878.00377","56939.63474","number of customers","cents per kilowatt-hour","million dollars","million kilowatt hours"
"2026-Q1","FL","Florida","COM","commercial","1335029","12.29","2731.52283","22229.25952","number of customers","cents per kilowatt-hour","million dollars","million kilowatt hours"
"2026-Q1","FL","Florida","IND","industrial","24540","9.34","374.82999","4012.61951","number of customers","cents per kilowatt-hour","million dollars","million kilowatt hours"
"2026-Q1","FL","Florida","OTH","other",NA,NA,NA,NA,"number of customers","cents per kilowatt-hour","million dollars","million kilowatt hours"
"2026-Q1","FL","Florida","RES","residential","10731617","15.55","4769.86734","30682.34752","number of customers","cents per kilowatt-hour","million dollars","million kilowatt hours"
"2026-Q1","FL","Florida","TRA","transportation","2","11.58","1.78362","15.40819","number of customers","cents per kilowatt-hour","million dollars","million kilowatt hours"
"2026-Q1","GA","Georgia","ALL","all sectors","5544139","12.08","4470.85258","37020.26784","number of customers","cents per kilowatt-hour","million dollars","million kilowatt hours"
"2026-Q1","GA","Georgia","COM","commercial","631239","11.93","1622.30678","13598.5171","number of customers","cents per kilowatt-hour","million dollars","million kilowatt hours"
"2026-Q1","GA","Georgia","IND","industrial","22521","7.61","599.87699","7886.08955","number of customers","cents per kilowatt-hour","million dollars","million kilowatt hours"
"2026-Q1","GA","Georgia","OTH","other",NA,NA,NA,NA,"number of customers","cents per kilowatt-hour","million dollars","million kilowatt hours"
"2026-Q1","GA","Georgia","RES","residential","4890378","14.49","2245.34645","15493.33445","number of customers","cents per kilowatt-hour","million dollars","million kilowatt hours"
"2026-Q1","GA","Georgia","TRA","transportation","1","7.85","3.32237","42.32672","number of customers","cents per kilowatt-hour","million dollars","million kilowatt hours"
"2026-Q1","HI","Hawaii","ALL","all sectors","511736","37.15","789.62553","2125.72459","number of customers","cents per kilowatt-hour","million dollars","million kilowatt hours"
"2026-Q1","HI","Hawaii","COM","commercial","60061","37.94","241.15908","635.61842","number of customers","cents per kilowatt-hour","million dollars","million kilowatt hours"
"2026-Q1","HI","Hawaii","IND","industrial","865","33.05","274.08344","829.34497","number of customers","cents per kilowatt-hour","million dollars","million kilowatt hours"
"2026-Q1","HI","Hawaii","OTH","other",NA,NA,NA,NA,"number of customers","cents per kilowatt-hour","million dollars","million kilowatt hours"
"2026-Q1","HI","Hawaii","RES","residential","450810","41.53","274.38301","660.76122","number of customers","cents per kilowatt-hour","million dollars","million kilowatt hours"
"2026-Q1","HI","Hawaii","TRA","transportation","0",NA,"0","0","number of customers","cents per kilowatt-hour","million dollars","million kilowatt hours"
"2026-Q1","IA","Iowa","ALL","all sectors","1748901","9.28","1392.05797","14997.16561","number of customers","cents per kilowatt-hour","million dollars","million kilowatt hours"
"2026-Q1","IA","Iowa","COM","commercial","256041","10.53","355.83244","3378.41265","number of customers","cents per kilowatt-hour","million dollars","million kilowatt hours"
"2026-Q1","IA","Iowa","IND","industrial","9195","6.71","505.20501","7526.5552","number of customers","cents per kilowatt-hour","million dollars","million kilowatt hours"
"2026-Q1","IA","Iowa","OTH","other",NA,NA,NA,NA,"number of customers","cents per kilowatt-hour","million dollars","million kilowatt hours"
"2026-Q1","IA","Iowa","RES","residential","1483665","12.98","531.02051","4092.19776","number of customers","cents per kilowatt-hour","million dollars","million kilowatt hours"
"2026-Q1","IA","Iowa","TRA","transportation","0",NA,"0","0","number of customers","cents per kilowatt-hour","million dollars","million kilowatt hours"
"2026-Q1","ID","Idaho","ALL","all sectors","1056902","10.07","626.46048","6221.0507","number of customers","cents per kilowatt-hour","million dollars","million kilowatt hours"
"2026-Q1","ID","Idaho","COM","commercial","127036","9.42","161.91463","1718.77106","number of customers","cents per kilowatt-hour","million dollars","million kilowatt hours"
"2026-Q1","ID","Idaho","IND","industrial","29680","7.04","127.34187","1808.40402","number of customers","cents per kilowatt-hour","million dollars","million kilowatt hours"
"2026-Q1","ID","Idaho","OTH","other",NA,NA,NA,NA,"number of customers","cents per kilowatt-hour","million dollars","million kilowatt hours"
"2026-Q1","ID","Idaho","RES","residential","900187","12.52","337.20399","2693.87563","number of customers","cents per kilowatt-hour","million dollars","million kilowatt hours"
"2026-Q1","ID","Idaho","TRA","transportation","0",NA,"0","0","number of customers","cents per kilowatt-hour","million dollars","million kilowatt hours"
"2026-Q1","IL","Illinois","ALL","all sectors","6068247","13.53","4502.88577","33290.01729","number of customers","cents per kilowatt-hour","million dollars","million kilowatt hours"
"2026-Q1","IL","Illinois","COM","commercial","646103","12.88","1470.62365","11422.19817","number of customers","cents per kilowatt-hour","million dollars","million kilowatt hours"
"2026-Q1","IL","Illinois","IND","industrial","5591","9.7","981.50418","10119.69796","number of customers","cents per kilowatt-hour","million dollars","million kilowatt hours"
"2026-Q1","IL","Illinois","OTH","other",NA,NA,NA,NA,"number of customers","cents per kilowatt-hour","million dollars","million kilowatt hours"
"2026-Q1","IL","Illinois","RES","residential","5416550","17.56","2038.60031","11606.40464","number of customers","cents per kilowatt-hour","million dollars","million kilowatt hours"
"2026-Q1","IL","Illinois","TRA","transportation","3","8.58","12.15763","141.71654","number of customers","cents per kilowatt-hour","million dollars","million kilowatt hours"
"2026-Q1","IN","Indiana","ALL","all sectors","3426865","13.11","3486.54353","26591.39714","number of customers","cents per kilowatt-hour","million dollars","million kilowatt hours"
"2026-Q1","IN","Indiana","COM","commercial","377448","14.18","961.21319","6780.85339","number of customers","cents per kilowatt-hour","million dollars","million kilowatt hours"
"2026-Q1","IN","Indiana","IND","industrial","19262","9.33","976.81471","10468.95477","number of customers","cents per kilowatt-hour","million dollars","million kilowatt hours"
"2026-Q1","IN","Indiana","OTH","other",NA,NA,NA,NA,"number of customers","cents per kilowatt-hour","million dollars","million kilowatt hours"
"2026-Q1","IN","Indiana","RES","residential","3030153","16.58","1547.63065","9335.36173","number of customers","cents per kilowatt-hour","million dollars","million kilowatt hours"
"2026-Q1","IN","Indiana","TRA","transportation","1","14.21",".88497","6.22725","number of customers","cents per kilowatt-hour","million dollars","million kilowatt hours"
"2026-Q1","KS","Kansas","ALL","all sectors","1629339","11.73","1164.8791","9931.37405","number of customers","cents per kilowatt-hour","million dollars","million kilowatt hours"
"2026-Q1","KS","Kansas","COM","commercial","251697","11.57","439.87698","3803.48533","number of customers","cents per kilowatt-hour","million dollars","million kilowatt hours"
"2026-Q1","KS","Kansas","IND","industrial","23706","8.34","236.4188","2834.80314","number of customers","cents per kilowatt-hour","million dollars","million kilowatt hours"
"2026-Q1","KS","Kansas","OTH","other",NA,NA,NA,NA,"number of customers","cents per kilowatt-hour","million dollars","million kilowatt hours"
"2026-Q1","KS","Kansas","RES","residential","1353936","14.84","488.58331","3293.08557","number of customers","cents per kilowatt-hour","million dollars","million kilowatt hours"
"2026-Q1","KS","Kansas","TRA","transportation","0",NA,"0","0","number of customers","cents per kilowatt-hour","million dollars","million kilowatt hours"
"2026-Q1","KY","Kentucky","ALL","all sectors","2360574","11.61","2246.96779","19353.98222","number of customers","cents per kilowatt-hour","million dollars","million kilowatt hours"
"2026-Q1","KY","Kentucky","COM","commercial","329258","12.96","640.75255","4944.37867","number of customers","cents per kilowatt-hour","million dollars","million kilowatt hours"
"2026-Q1","KY","Kentucky","IND","industrial","4716","7.83","532.85586","6806.6042","number of customers","cents per kilowatt-hour","million dollars","million kilowatt hours"
"2026-Q1","KY","Kentucky","OTH","other",NA,NA,NA,NA,"number of customers","cents per kilowatt-hour","million dollars","million kilowatt hours"
"2026-Q1","KY","Kentucky","RES","residential","2026600","14.12","1073.35936","7602.99937","number of customers","cents per kilowatt-hour","million dollars","million kilowatt hours"
"2026-Q1","KY","Kentucky","TRA","transportation","0",NA,"0","0","number of customers","cents per kilowatt-hour","million dollars","million kilowatt hours"
"2026-Q1","LA","Louisiana","ALL","all sectors","2492544","9.9","2266.44887","22890.88704","number of customers","cents per kilowatt-hour","million dollars","million kilowatt hours"
"2026-Q1","LA","Louisiana","COM","commercial","304071","12.2","649.78121","5326.75441","number of customers","cents per kilowatt-hour","million dollars","million kilowatt hours"
"2026-Q1","LA","Louisiana","IND","industrial","17273","6.58","689.26656","10468.21047","number of customers","cents per kilowatt-hour","million dollars","million kilowatt hours"
"2026-Q1","LA","Louisiana","OTH","other",NA,NA,NA,NA,"number of customers","cents per kilowatt-hour","million dollars","million kilowatt hours"
"2026-Q1","LA","Louisiana","RES","residential","2171200","13.07","927.15603","7093.78378","number of customers","cents per kilowatt-hour","million dollars","million kilowatt hours"
"2026-Q1","LA","Louisiana","TRA","transportation","1","11.46",".24507","2.1384","number of customers","cents per kilowatt-hour","million dollars","million kilowatt hours"
"2026-Q1","MA","Massachusetts","ALL","all sectors","3358076","27.05","3694.83725","13661.44163","number of customers","cents per kilowatt-hour","million dollars","million kilowatt hours"
"2026-Q1","MA","Massachusetts","COM","commercial","423786","25.33","1584.45855","6254.62436","number of customers","cents per kilowatt-hour","million dollars","million kilowatt hours"
"2026-Q1","MA","Massachusetts","IND","industrial","9469","20.77","298.74387","1438.01396","number of customers","cents per kilowatt-hour","million dollars","million kilowatt hours"
"2026-Q1","MA","Massachusetts","OTH","other",NA,NA,NA,NA,"number of customers","cents per kilowatt-hour","million dollars","million kilowatt hours"
"2026-Q1","MA","Massachusetts","RES","residential","2924818","30.63","1802.1291","5883.40218","number of customers","cents per kilowatt-hour","million dollars","million kilowatt hours"
"2026-Q1","MA","Massachusetts","TRA","transportation","2","11.13","9.50574","85.40113","number of customers","cents per kilowatt-hour","million dollars","million kilowatt hours"
"2026-Q1","MAT","Middle Atlantic","ALL","all sectors","19313369","19.87","18540.53543","93294.42204","number of customers","cents per kilowatt-hour","million dollars","million kilowatt hours"
"2026-Q1","MAT","Middle Atlantic","COM","commercial","2462305","19.1","7226.03545","37841.37299","number of customers","cents per kilowatt-hour","million dollars","million kilowatt hours"
"2026-Q1","MAT","Middle Atlantic","IND","industrial","39216","11.87","1961.30095","16519.213","number of customers","cents per kilowatt-hour","million dollars","million kilowatt hours"
"2026-Q1","MAT","Middle Atlantic","OTH","other",NA,NA,NA,NA,"number of customers","cents per kilowatt-hour","million dollars","million kilowatt hours"
"2026-Q1","MAT","Middle Atlantic","RES","residential","16811830","24.14","9153.74531","37915.27651","number of customers","cents per kilowatt-hour","million dollars","million kilowatt hours"
"2026-Q1","MAT","Middle Atlantic","TRA","transportation","18","19.58","199.45373","1018.55955","number of customers","cents per kilowatt-hour","million dollars","million kilowatt hours"
"2026-Q1","MD","Maryland","ALL","all sectors","2749804","21.09","3395.70639","16102.55344","number of customers","cents per kilowatt-hour","million dollars","million kilowatt hours"
"2026-Q1","MD","Maryland","COM","commercial","263138","17.65","1206.1567","6835.33767","number of customers","cents per kilowatt-hour","million dollars","million kilowatt hours"
"2026-Q1","MD","Maryland","IND","industrial","9397","17.26","146.01669","846.06744","number of customers","cents per kilowatt-hour","million dollars","million kilowatt hours"
"2026-Q1","MD","Maryland","OTH","other",NA,NA,NA,NA,"number of customers","cents per kilowatt-hour","million dollars","million kilowatt hours"
"2026-Q1","MD","Maryland","RES","residential","2477265","24.38","2025.91256","8310.66631","number of customers","cents per kilowatt-hour","million dollars","million kilowatt hours"
"2026-Q1","MD","Maryland","TRA","transportation","5","15.95","17.62045","110.48202","number of customers","cents per kilowatt-hour","million dollars","million kilowatt hours"
"2026-Q1","ME","Maine","ALL","all sectors","864394","25.61","782.40099","3054.47141","number of customers","cents per kilowatt-hour","million dollars","million kilowatt hours"
"2026-Q1","ME","Maine","COM","commercial","110854","23.78","249.47646","1048.92887","number of customers","cents per kilowatt-hour","million dollars","million kilowatt hours"
"2026-Q1","ME","Maine","IND","industrial","1768","17.37","101.10774","582.17154","number of customers","cents per kilowatt-hour","million dollars","million kilowatt hours"
"2026-Q1","ME","Maine","OTH","other",NA,NA,NA,NA,"number of customers","cents per kilowatt-hour","million dollars","million kilowatt hours"
"2026-Q1","ME","Maine","RES","residential","751772","30.34","431.81679","1423.37101","number of customers","cents per kilowatt-hour","million dollars","million kilowatt hours"
"2026-Q1","ME","Maine","TRA","transportation","0",NA,"0","0","number of customers","cents per kilowatt-hour","million dollars","million kilowatt hours"
"2026-Q1","MI","Michigan","ALL","all sectors","5134843","15.27","3732.65184","24451.48112","number of customers","cents per kilowatt-hour","million dollars","million kilowatt hours"
"2026-Q1","MI","Michigan","COM","commercial","570964","15.06","1363.0428","9053.12239","number of customers","cents per kilowatt-hour","million dollars","million kilowatt hours"
"2026-Q1","MI","Michigan","IND","industrial","5640","9.28","628.41493","6770.95795","number of customers","cents per kilowatt-hour","million dollars","million kilowatt hours"
"2026-Q1","MI","Michigan","OTH","other",NA,NA,NA,NA,"number of customers","cents per kilowatt-hour","million dollars","million kilowatt hours"
"2026-Q1","MI","Michigan","RES","residential","4558237","20.18","1740.92817","8625.48369","number of customers","cents per kilowatt-hour","million dollars","million kilowatt hours"
"2026-Q1","MI","Michigan","TRA","transportation","2","13.87",".26595","1.91711","number of customers","cents per kilowatt-hour","million dollars","million kilowatt hours"
"2026-Q1","MN","Minnesota","ALL","all sectors","2954337","12.24","2062.40405","16851.26176","number of customers","cents per kilowatt-hour","million dollars","million kilowatt hours"
"2026-Q1","MN","Minnesota","COM","commercial","312548","11.54","676.63448","5865.83673","number of customers","cents per kilowatt-hour","million dollars","million kilowatt hours"
"2026-Q1","MN","Minnesota","IND","industrial","9157","9.31","442.55186","4755.48088","number of customers","cents per kilowatt-hour","million dollars","million kilowatt hours"
"2026-Q1","MN","Minnesota","OTH","other",NA,NA,NA,NA,"number of customers","cents per kilowatt-hour","million dollars","million kilowatt hours"
"2026-Q1","MN","Minnesota","RES","residential","2632631","15.14","942.67952","6225.27256","number of customers","cents per kilowatt-hour","million dollars","million kilowatt hours"
"2026-Q1","MN","Minnesota","TRA","transportation","1","11.52",".53819","4.67159","number of customers","cents per kilowatt-hour","million dollars","million kilowatt hours"
"2026-Q1","MO","Missouri","ALL","all sectors","3321760","10.78","2182.07632","20245.14968","number of customers","cents per kilowatt-hour","million dollars","million kilowatt hours"
"2026-Q1","MO","Missouri","COM","commercial","407461","9.88","725.38947","7342.1843","number of customers","cents per kilowatt-hour","million dollars","million kilowatt hours"
"2026-Q1","MO","Missouri","IND","industrial","9335","8.09","260.37432","3218.52673","number of customers","cents per kilowatt-hour","million dollars","million kilowatt hours"
"2026-Q1","MO","Missouri","OTH","other",NA,NA,NA,NA,"number of customers","cents per kilowatt-hour","million dollars","million kilowatt hours"
"2026-Q1","MO","Missouri","RES","residential","2904962","12.36","1195.52944","9676.45781","number of customers","cents per kilowatt-hour","million dollars","million kilowatt hours"
"2026-Q1","MO","Missouri","TRA","transportation","2","9.81",".78309","7.98084","number of customers","cents per kilowatt-hour","million dollars","million kilowatt hours"
"2026-Q1","MS","Mississippi","ALL","all sectors","1615522","12.25","1460.3098","11920.63207","number of customers","cents per kilowatt-hour","million dollars","million kilowatt hours"
"2026-Q1","MS","Mississippi","COM","commercial","249146","14.52","460.92218","3174.98987","number of customers","cents per kilowatt-hour","million dollars","million kilowatt hours"
"2026-Q1","MS","Mississippi","IND","industrial","12257","7.56","315.13647","4168.9407","number of customers","cents per kilowatt-hour","million dollars","million kilowatt hours"
"2026-Q1","MS","Mississippi","OTH","other",NA,NA,NA,NA,"number of customers","cents per kilowatt-hour","million dollars","million kilowatt hours"
"2026-Q1","MS","Mississippi","RES","residential","1354119","14.95","684.25116","4576.70152","number of customers","cents per kilowatt-hour","million dollars","million kilowatt hours"
"2026-Q1","MS","Mississippi","TRA","transportation","0",NA,"0","0","number of customers","cents per kilowatt-hour","million dollars","million kilowatt hours"
"2026-Q1","MT","Montana","ALL","all sectors","725568","11.21","454.53223","4053.14047","number of customers","cents per kilowatt-hour","million dollars","million kilowatt hours"
"2026-Q1","MT","Montana","COM","commercial","143450","12.25","159.8585","1304.83213","number of customers","cents per kilowatt-hour","million dollars","million kilowatt hours"
"2026-Q1","MT","Montana","IND","industrial","10433","6.78","72.03571","1061.7852","number of customers","cents per kilowatt-hour","million dollars","million kilowatt hours"
"2026-Q1","MT","Montana","OTH","other",NA,NA,NA,NA,"number of customers","cents per kilowatt-hour","million dollars","million kilowatt hours"
"2026-Q1","MT","Montana","RES","residential","571684","13.2","222.63802","1686.52313","number of customers","cents per kilowatt-hour","million dollars","million kilowatt hours"
"2026-Q1","MT","Montana","TRA","transportation","0",NA,"0","0","number of customers","cents per kilowatt-hour","million dollars","million kilowatt hours"
"2026-Q1","MTN","Mountain","ALL","all sectors","12709041","11.28","8183.7061","72567.08044","number of customers","cents per kilowatt-hour","million dollars","million kilowatt hours"
"2026-Q1","MTN","Mountain","COM","commercial","1558085","11.04","3055.09935","27664.16519","number of customers","cents per kilowatt-hour","million dollars","million kilowatt hours"
"2026-Q1","MTN","Mountain","IND","industrial","98199","7.62","1598.25923","20977.97473","number of customers","cents per kilowatt-hour","million dollars","million kilowatt hours"
"2026-Q1","MTN","Mountain","OTH","other",NA,NA,NA,NA,"number of customers","cents per kilowatt-hour","million dollars","million kilowatt hours"
"2026-Q1","MTN","Mountain","RES","residential","11052752","14.76","3526.05612","23885.77017","number of customers","cents per kilowatt-hour","million dollars","million kilowatt hours"
"2026-Q1","MTN","Mountain","TRA","transportation","5","10.96","4.29141","39.17035","number of customers","cents per kilowatt-hour","million dollars","million kilowatt hours"
"2026-Q1","NC","North Carolina","ALL","all sectors","5980706","12.12","4306.87794","35522.22232","number of customers","cents per kilowatt-hour","million dollars","million kilowatt hours"
"2026-Q1","NC","North Carolina","COM","commercial","758471","10.67","1265.77916","11867.85689","number of customers","cents per kilowatt-hour","million dollars","million kilowatt hours"
"2026-Q1","NC","North Carolina","IND","industrial","8583","7.85","477.73511","6086.88148","number of customers","cents per kilowatt-hour","million dollars","million kilowatt hours"
"2026-Q1","NC","North Carolina","OTH","other",NA,NA,NA,NA,"number of customers","cents per kilowatt-hour","million dollars","million kilowatt hours"
"2026-Q1","NC","North Carolina","RES","residential","5213650","14.59","2563.04147","17564.30133","number of customers","cents per kilowatt-hour","million dollars","million kilowatt hours"
"2026-Q1","NC","North Carolina","TRA","transportation","1","10.12",".32219","3.18262","number of customers","cents per kilowatt-hour","million dollars","million kilowatt hours"
"2026-Q1","ND","North Dakota","ALL","all sectors","490052","8.62","681.74896","7907.63051","number of customers","cents per kilowatt-hour","million dollars","million kilowatt hours"
"2026-Q1","ND","North Dakota","COM","commercial","77992","7.68","224.24034","2920.7488","number of customers","cents per kilowatt-hour","million dollars","million kilowatt hours"
"2026-Q1","ND","North Dakota","IND","industrial","10879","8.09","273.66191","3381.33192","number of customers","cents per kilowatt-hour","million dollars","million kilowatt hours"
"2026-Q1","ND","North Dakota","OTH","other",NA,NA,NA,NA,"number of customers","cents per kilowatt-hour","million dollars","million kilowatt hours"
"2026-Q1","ND","North Dakota","RES","residential","401181","11.45","183.84672","1605.5498","number of customers","cents per kilowatt-hour","million dollars","million kilowatt hours"
"2026-Q1","ND","North Dakota","TRA","transportation","0",NA,"0","0","number of customers","cents per kilowatt-hour","million dollars","million kilowatt hours"
"2026-Q1","NE","Nebraska","ALL","all sectors","1156370","9.58","942.92479","9838.36118","number of customers","cents per kilowatt-hour","million dollars","million kilowatt hours"
"2026-Q1","NE","Nebraska","COM","commercial","165245","9.26","376.78892","4070.41952","number of customers","cents per kilowatt-hour","million dollars","million kilowatt hours"
"2026-Q1","NE","Nebraska","IND","industrial","61412","7.55","221.61885","2934.76226","number of customers","cents per kilowatt-hour","million dollars","million kilowatt hours"
"2026-Q1","NE","Nebraska","OTH","other",NA,NA,NA,NA,"number of customers","cents per kilowatt-hour","million dollars","million kilowatt hours"
"2026-Q1","NE","Nebraska","RES","residential","929713","12.16","344.51703","2833.1794","number of customers","cents per kilowatt-hour","million dollars","million kilowatt hours"
"2026-Q1","NE","Nebraska","TRA","transportation","0",NA,"0","0","number of customers","cents per kilowatt-hour","million dollars","million kilowatt hours"
"2026-Q1","NEW","New England","ALL","all sectors","7678694","26.12","7903.81841","30258.8095","number of customers","cents per kilowatt-hour","million dollars","million kilowatt hours"
"2026-Q1","NEW","New England","COM","commercial","933994","24.34","3085.22727","12675.49428","number of customers","cents per kilowatt-hour","million dollars","million kilowatt hours"
"2026-Q1","NEW","New England","IND","industrial","19968","19.28","675.85827","3505.12817","number of customers","cents per kilowatt-hour","million dollars","million kilowatt hours"
"2026-Q1","NEW","New England","OTH","other",NA,NA,NA,NA,"number of customers","cents per kilowatt-hour","million dollars","million kilowatt hours"
"2026-Q1","NEW","New England","RES","residential","6724725","29.56","4123.26374","13946.47444","number of customers","cents per kilowatt-hour","million dollars","million kilowatt hours"
"2026-Q1","NEW","New England","TRA","transportation","6","14.78","19.46914","131.71261","number of customers","cents per kilowatt-hour","million dollars","million kilowatt hours"
"2026-Q1","NH","New Hampshire","ALL","all sectors","779051","23.96","710.77449","2966.61678","number of customers","cents per kilowatt-hour","million dollars","million kilowatt hours"
"2026-Q1","NH","New Hampshire","COM","commercial","113688","22.37","244.46011","1093.01178","number of customers","cents per kilowatt-hour","million dollars","million kilowatt hours"
"2026-Q1","NH","New Hampshire","IND","industrial","3017","19.25","82.63002","429.21274","number of customers","cents per kilowatt-hour","million dollars","million kilowatt hours"
"2026-Q1","NH","New Hampshire","OTH","other",NA,NA,NA,NA,"number of customers","cents per kilowatt-hour","million dollars","million kilowatt hours"
"2026-Q1","NH","New Hampshire","RES","residential","662346","26.56","383.68435","1444.39227","number of customers","cents per kilowatt-hour","million dollars","million kilowatt hours"
"2026-Q1","NH","New Hampshire","TRA","transportation","0",NA,"0","0","number of customers","cents per kilowatt-hour","million dollars","million kilowatt hours"
"2026-Q1","NJ","New Jersey","ALL","all sectors","4364394","19.47","3571.67236","18342.65038","number of customers","cents per kilowatt-hour","million dollars","million kilowatt hours"
"2026-Q1","NJ","New Jersey","COM","commercial","541666","17.31","1612.04034","9314.06561","number of customers","cents per kilowatt-hour","million dollars","million kilowatt hours"
"2026-Q1","NJ","New Jersey","IND","industrial","10948","15.07","232.07435","1539.98869","number of customers","cents per kilowatt-hour","million dollars","million kilowatt hours"
"2026-Q1","NJ","New Jersey","OTH","other",NA,NA,NA,NA,"number of customers","cents per kilowatt-hour","million dollars","million kilowatt hours"
"2026-Q1","NJ","New Jersey","RES","residential","3811772","23.23","1712.84728","7374.80663","number of customers","cents per kilowatt-hour","million dollars","million kilowatt hours"
"2026-Q1","NJ","New Jersey","TRA","transportation","7","12.93","14.7104","113.78944","number of customers","cents per kilowatt-hour","million dollars","million kilowatt hours"
"2026-Q1","NM","New Mexico","ALL","all sectors","1085195","8.93","681.73087","7630.6852","number of customers","cents per kilowatt-hour","million dollars","million kilowatt hours"
"2026-Q1","NM","New Mexico","COM","commercial","147486","10.32","219.92984","2131.4192","number of customers","cents per kilowatt-hour","million dollars","million kilowatt hours"
"2026-Q1","NM","New Mexico","IND","industrial","9078","5.74","223.6268","3895.43123","number of customers","cents per kilowatt-hour","million dollars","million kilowatt hours"
"2026-Q1","NM","New Mexico","OTH","other",NA,NA,NA,NA,"number of customers","cents per kilowatt-hour","million dollars","million kilowatt hours"
"2026-Q1","NM","New Mexico","RES","residential","928632","14.85","238.17423","1603.83475","number of customers","cents per kilowatt-hour","million dollars","million kilowatt hours"
"2026-Q1","NM","New Mexico","TRA","transportation","0",NA,"0","0","number of customers","cents per kilowatt-hour","million dollars","million kilowatt hours"
"2026-Q1","NV","Nevada","ALL","all sectors","1530743","10.15","879.16066","8662.89876","number of customers","cents per kilowatt-hour","million dollars","million kilowatt hours"
"2026-Q1","NV","Nevada","COM","commercial","179174","9.04","306.4217","3388.75953","number of customers","cents per kilowatt-hour","million dollars","million kilowatt hours"
"2026-Q1","NV","Nevada","IND","industrial","4637","7.62","202.9202","2662.47528","number of customers","cents per kilowatt-hour","million dollars","million kilowatt hours"
"2026-Q1","NV","Nevada","OTH","other",NA,NA,NA,NA,"number of customers","cents per kilowatt-hour","million dollars","million kilowatt hours"
"2026-Q1","NV","Nevada","RES","residential","1346932","14.16","369.65257","2609.97283","number of customers","cents per kilowatt-hour","million dollars","million kilowatt hours"
"2026-Q1","NV","Nevada","TRA","transportation","1","9.83",".1662","1.69113","number of customers","cents per kilowatt-hour","million dollars","million kilowatt hours"
"2026-Q1","NY","New York","ALL","all sectors","8675258","23.91","8756.54671","36629.72898","number of customers","cents per kilowatt-hour","million dollars","million kilowatt hours"
"2026-Q1","NY","New York","COM","commercial","1177552","22.67","4122.62121","18184.25274","number of customers","cents per kilowatt-hour","million dollars","million kilowatt hours"
"2026-Q1","NY","New York","IND","industrial","17303","10.85","395.11652","3641.64177","number of customers","cents per kilowatt-hour","million dollars","million kilowatt hours"
"2026-Q1","NY","New York","OTH","other",NA,NA,NA,NA,"number of customers","cents per kilowatt-hour","million dollars","million kilowatt hours"
"2026-Q1","NY","New York","RES","residential","7480397","28.99","4071.30204","14044.08237","number of customers","cents per kilowatt-hour","million dollars","million kilowatt hours"
"2026-Q1","NY","New York","TRA","transportation","6","22.05","167.50697","759.7521","number of customers","cents per kilowatt-hour","million dollars","million kilowatt hours"
"2026-Q1","OH","Ohio","ALL","all sectors","5766856","14.28","5999.79108","42020.57042","number of customers","cents per kilowatt-hour","million dollars","million kilowatt hours"
"2026-Q1","OH","Ohio","COM","commercial","624863","13.79","2114.17877","15334.93869","number of customers","cents per kilowatt-hour","million dollars","million kilowatt hours"
"2026-Q1","OH","Ohio","IND","industrial","17452","10.53","1268.42012","12046.38534","number of customers","cents per kilowatt-hour","million dollars","million kilowatt hours"
"2026-Q1","OH","Ohio","OTH","other",NA,NA,NA,NA,"number of customers","cents per kilowatt-hour","million dollars","million kilowatt hours"
"2026-Q1","OH","Ohio","RES","residential","5124539","17.88","2616.10632","14628.03456","number of customers","cents per kilowatt-hour","million dollars","million kilowatt hours"
"2026-Q1","OH","Ohio","TRA","transportation","2","9.69","1.08588","11.21183","number of customers","cents per kilowatt-hour","million dollars","million kilowatt hours"
"2026-Q1","OK","Oklahoma","ALL","all sectors","2249033","9.48","1642.76685","17327.98919","number of customers","cents per kilowatt-hour","million dollars","million kilowatt hours"
"2026-Q1","OK","Oklahoma","COM","commercial","313076","9","568.10106","6312.77402","number of customers","cents per kilowatt-hour","million dollars","million kilowatt hours"
"2026-Q1","OK","Oklahoma","IND","industrial","19279","6.42","346.35453","5397.43264","number of customers","cents per kilowatt-hour","million dollars","million kilowatt hours"
"2026-Q1","OK","Oklahoma","OTH","other",NA,NA,NA,NA,"number of customers","cents per kilowatt-hour","million dollars","million kilowatt hours"
"2026-Q1","OK","Oklahoma","RES","residential","1916678","12.96","728.31125","5617.78252","number of customers","cents per kilowatt-hour","million dollars","million kilowatt hours"
"2026-Q1","OK","Oklahoma","TRA","transportation","0",NA,"0","0","number of customers","cents per kilowatt-hour","million dollars","million kilowatt hours"
"2026-Q1","OR","Oregon","ALL","all sectors","2180630","11.36","1835.19236","16156.73053","number of customers","cents per kilowatt-hour","million dollars","million kilowatt hours"
"2026-Q1","OR","Oregon","COM","commercial","250586","10.52","686.5181","6522.83846","number of customers","cents per kilowatt-hour","million dollars","million kilowatt hours"
"2026-Q1","OR","Oregon","IND","industrial","26321","7.97","318.52251","3994.15912","number of customers","cents per kilowatt-hour","million dollars","million kilowatt hours"
"2026-Q1","OR","Oregon","OTH","other",NA,NA,NA,NA,"number of customers","cents per kilowatt-hour","million dollars","million kilowatt hours"
"2026-Q1","OR","Oregon","RES","residential","1903720","14.72","829.28985","5633.66012","number of customers","cents per kilowatt-hour","million dollars","million kilowatt hours"
"2026-Q1","OR","Oregon","TRA","transportation","2","14.19",".8619","6.07284","number of customers","cents per kilowatt-hour","million dollars","million kilowatt hours"
"2026-Q1","PA","Pennsylvania","ALL","all sectors","6273717","16.21","6212.31636","38322.04268","number of customers","cents per kilowatt-hour","million dollars","million kilowatt hours"
"2026-Q1","PA","Pennsylvania","COM","commercial","743086","14.42","1491.37391","10343.05464","number of customers","cents per kilowatt-hour","million dollars","million kilowatt hours"
"2026-Q1","PA","Pennsylvania","IND","industrial","10965","11.77","1334.11008","11337.58253","number of customers","cents per kilowatt-hour","million dollars","million kilowatt hours"
"2026-Q1","PA","Pennsylvania","OTH","other",NA,NA,NA,NA,"number of customers","cents per kilowatt-hour","million dollars","million kilowatt hours"
"2026-Q1","PA","Pennsylvania","RES","residential","5519661","20.43","3369.596","16496.3875","number of customers","cents per kilowatt-hour","million dollars","million kilowatt hours"
"2026-Q1","PA","Pennsylvania","TRA","transportation","5","11.89","17.23638","145.01801","number of customers","cents per kilowatt-hour","million dollars","million kilowatt hours"
"2026-Q1","PACC","Pacific Contiguous","ALL","all sectors","22097889","20.43","19717.30769","96507.6142","number of customers","cents per kilowatt-hour","million dollars","million kilowatt hours"
"2026-Q1","PACC","Pacific Contiguous","COM","commercial","2412613","19.99","8018.90505","40117.66667","number of customers","cents per kilowatt-hour","million dollars","million kilowatt hours"
"2026-Q1","PACC","Pacific Contiguous","IND","industrial","189808","13.68","2420.6219","17690.72043","number of customers","cents per kilowatt-hour","million dollars","million kilowatt hours"
"2026-Q1","PACC","Pacific Contiguous","OTH","other",NA,NA,NA,NA,"number of customers","cents per kilowatt-hour","million dollars","million kilowatt hours"
"2026-Q1","PACC","Pacific Contiguous","RES","residential","19495448","24.02","9244.36088","38493.59437","number of customers","cents per kilowatt-hour","million dollars","million kilowatt hours"
"2026-Q1","PACC","Pacific Contiguous","TRA","transportation","20","16.25","33.41985","205.63274","number of customers","cents per kilowatt-hour","million dollars","million kilowatt hours"
"2026-Q1","PACN","Pacific Noncontiguous","ALL","all sectors","878683","31.07","1210.10464","3894.64053","number of customers","cents per kilowatt-hour","million dollars","million kilowatt hours"
"2026-Q1","PACN","Pacific Noncontiguous","COM","commercial","119890","29.68","402.20377","1355.07916","number of customers","cents per kilowatt-hour","million dollars","million kilowatt hours"
"2026-Q1","PACN","Pacific Noncontiguous","IND","industrial","2096","29.64","359.37888","1212.53919","number of customers","cents per kilowatt-hour","million dollars","million kilowatt hours"
"2026-Q1","PACN","Pacific Noncontiguous","OTH","other",NA,NA,NA,NA,"number of customers","cents per kilowatt-hour","million dollars","million kilowatt hours"
"2026-Q1","PACN","Pacific Noncontiguous","RES","residential","756697","33.8","448.52199","1327.02217","number of customers","cents per kilowatt-hour","million dollars","million kilowatt hours"
"2026-Q1","PACN","Pacific Noncontiguous","TRA","transportation","0",NA,"0","0","number of customers","cents per kilowatt-hour","million dollars","million kilowatt hours"
"2026-Q1","RI","Rhode Island","ALL","all sectors","534789","26.41","494.00197","1870.4341","number of customers","cents per kilowatt-hour","million dollars","million kilowatt hours"
"2026-Q1","RI","Rhode Island","COM","commercial","65156","24.14","220.93519","915.15769","number of customers","cents per kilowatt-hour","million dollars","million kilowatt hours"
"2026-Q1","RI","Rhode Island","IND","industrial","1753","21.34","29.32675","137.4467","number of customers","cents per kilowatt-hour","million dollars","million kilowatt hours"
"2026-Q1","RI","Rhode Island","OTH","other",NA,NA,NA,NA,"number of customers","cents per kilowatt-hour","million dollars","million kilowatt hours"
"2026-Q1","RI","Rhode Island","RES","residential","467878","29.84","242.54124","812.75757","number of customers","cents per kilowatt-hour","million dollars","million kilowatt hours"
"2026-Q1","RI","Rhode Island","TRA","transportation","1","23.63","1.19877","5.07217","number of customers","cents per kilowatt-hour","million dollars","million kilowatt hours"
"2026-Q1","SAT","South Atlantic","ALL","all sectors","35530541","13.6","29788.87153","218983.45851","number of customers","cents per kilowatt-hour","million dollars","million kilowatt hours"
"2026-Q1","SAT","South Atlantic","COM","commercial","4097549","12.48","10786.17761","86403.53265","number of customers","cents per kilowatt-hour","million dollars","million kilowatt hours"
"2026-Q1","SAT","South Atlantic","IND","industrial","84423","8.69","2777.91191","31956.59916","number of customers","cents per kilowatt-hour","million dollars","million kilowatt hours"
"2026-Q1","SAT","South Atlantic","OTH","other",NA,NA,NA,NA,"number of customers","cents per kilowatt-hour","million dollars","million kilowatt hours"
"2026-Q1","SAT","South Atlantic","RES","residential","31348556","16.13","16181.54339","100305.85802","number of customers","cents per kilowatt-hour","million dollars","million kilowatt hours"
"2026-Q1","SAT","South Atlantic","TRA","transportation","13","13.62","43.23862","317.46868","number of customers","cents per kilowatt-hour","million dollars","million kilowatt hours"
"2026-Q1","SC","South Carolina","ALL","all sectors","3068293","12.67","2642.02529","20859.79064","number of customers","cents per kilowatt-hour","million dollars","million kilowatt hours"
"2026-Q1","SC","South Carolina","COM","commercial","417390","12.3","782.1193","6359.47673","number of customers","cents per kilowatt-hour","million dollars","million kilowatt hours"
"2026-Q1","SC","South Carolina","IND","industrial","3469","8.34","495.11555","5934.25312","number of customers","cents per kilowatt-hour","million dollars","million kilowatt hours"
"2026-Q1","SC","South Carolina","OTH","other",NA,NA,NA,NA,"number of customers","cents per kilowatt-hour","million dollars","million kilowatt hours"
"2026-Q1","SC","South Carolina","RES","residential","2647434","15.93","1364.79044","8566.0608","number of customers","cents per kilowatt-hour","million dollars","million kilowatt hours"
"2026-Q1","SC","South Carolina","TRA","transportation","0",NA,"0","0","number of customers","cents per kilowatt-hour","million dollars","million kilowatt hours"
"2026-Q1","SD","South Dakota","ALL","all sectors","531965","11.96","435.85758","3645.53612","number of customers","cents per kilowatt-hour","million dollars","million kilowatt hours"
"2026-Q1","SD","South Dakota","COM","commercial","80444","11.56","155.23139","1342.31852","number of customers","cents per kilowatt-hour","million dollars","million kilowatt hours"
"2026-Q1","SD","South Dakota","IND","industrial","4282","9.3","73.33653","788.37687","number of customers","cents per kilowatt-hour","million dollars","million kilowatt hours"
"2026-Q1","SD","South Dakota","OTH","other",NA,NA,NA,NA,"number of customers","cents per kilowatt-hour","million dollars","million kilowatt hours"
"2026-Q1","SD","South Dakota","RES","residential","447239","13.68","207.28964","1514.84074","number of customers","cents per kilowatt-hour","million dollars","million kilowatt hours"
"2026-Q1","SD","South Dakota","TRA","transportation","0",NA,"0","0","number of customers","cents per kilowatt-hour","million dollars","million kilowatt hours"
"2026-Q1","TN","Tennessee","ALL","all sectors","3685202","11.97","3271.60561","27340.34074","number of customers","cents per kilowatt-hour","million dollars","million kilowatt hours"
"2026-Q1","TN","Tennessee","COM","commercial","550208","13.55","1174.02354","8667.55898","number of customers","cents per kilowatt-hour","million dollars","million kilowatt hours"
"2026-Q1","TN","Tennessee","IND","industrial","1000","6.79","425.52197","6268.9052","number of customers","cents per kilowatt-hour","million dollars","million kilowatt hours"
"2026-Q1","TN","Tennessee","OTH","other",NA,NA,NA,NA,"number of customers","cents per kilowatt-hour","million dollars","million kilowatt hours"
"2026-Q1","TN","Tennessee","RES","residential","3133994","13.48","1672.0601","12403.87658","number of customers","cents per kilowatt-hour","million dollars","million kilowatt hours"
"2026-Q1","TN","Tennessee","TRA","transportation","0",NA,"0","0","number of customers","cents per kilowatt-hour","million dollars","million kilowatt hours"
"2026-Q1","TX","Texas","ALL","all sectors","14805496","10.33","12057.17396","116770.01727","number of customers","cents per kilowatt-hour","million dollars","million kilowatt hours"
"2026-Q1","TX","Texas","COM","commercial","1532568","8.74","3646.0292","41729.78297","number of customers","cents per kilowatt-hour","million dollars","million kilowatt hours"
"2026-Q1","TX","Texas","IND","industrial","419934","6.9","2674.21578","38737.3775","number of customers","cents per kilowatt-hour","million dollars","million kilowatt hours"
"2026-Q1","TX","Texas","OTH","other",NA,NA,NA,NA,"number of customers","cents per kilowatt-hour","million dollars","million kilowatt hours"
"2026-Q1","TX","Texas","RES","residential","12852992","15.8","5736.92434","36302.79415","number of customers","cents per kilowatt-hour","million dollars","million kilowatt hours"
"2026-Q1","TX","Texas","TRA","transportation","2","7.42",".00465",".06266","number of customers","cents per kilowatt-hour","million dollars","million kilowatt hours"
"2026-Q1","US","U.S. Total","ALL","all sectors","165511946","14.23","141382.65837","993282.92239","number of customers","cents per kilowatt-hour","million dollars","million kilowatt hours"
"2026-Q1","US","U.S. Total","COM","commercial","19617044","13.97","50479.45429","361432.68337","number of customers","cents per kilowatt-hour","million dollars","million kilowatt hours"
"2026-Q1","US","U.S. Total","IND","industrial","1131028","8.94","22164.26511","247923.97604","number of customers","cents per kilowatt-hour","million dollars","million kilowatt hours"
"2026-Q1","US","U.S. Total","OTH","other",NA,NA,NA,NA,"number of customers","cents per kilowatt-hour","million dollars","million kilowatt hours"
"2026-Q1","US","U.S. Total","RES","residential","144763794","17.91","68423.03073","382037.42089","number of customers","cents per kilowatt-hour","million dollars","million kilowatt hours"
"2026-Q1","US","U.S. Total","TRA","transportation","80","16.72","315.90824","1888.84208","number of customers","cents per kilowatt-hour","million dollars","million kilowatt hours"
"2026-Q1","UT","Utah","ALL","all sectors","1434316","10.54","861.49329","8176.08949","number of customers","cents per kilowatt-hour","million dollars","million kilowatt hours"
"2026-Q1","UT","Utah","COM","commercial","146327","9.91","355.23104","3582.97598","number of customers","cents per kilowatt-hour","million dollars","million kilowatt hours"
"2026-Q1","UT","Utah","IND","industrial","10719","8.36","168.47094","2016.40583","number of customers","cents per kilowatt-hour","million dollars","million kilowatt hours"
"2026-Q1","UT","Utah","OTH","other",NA,NA,NA,NA,"number of customers","cents per kilowatt-hour","million dollars","million kilowatt hours"
"2026-Q1","UT","Utah","RES","residential","1277270","13.11","336.13793","2563.09281","number of customers","cents per kilowatt-hour","million dollars","million kilowatt hours"
"2026-Q1","UT","Utah","TRA","transportation","1","12.14","1.65338","13.61488","number of customers","cents per kilowatt-hour","million dollars","million kilowatt hours"
"2026-Q1","VA","Virginia","ALL","all sectors","4166798","13.12","4955.35175","37760.51991","number of customers","cents per kilowatt-hour","million dollars","million kilowatt hours"
"2026-Q1","VA","Virginia","COM","commercial","450539","11.52","2381.48254","20676.28771","number of customers","cents per kilowatt-hour","million dollars","million kilowatt hours"
"2026-Q1","VA","Virginia","IND","industrial","4034","10.28","327.82065","3188.02808","number of customers","cents per kilowatt-hour","million dollars","million kilowatt hours"
"2026-Q1","VA","Virginia","OTH","other",NA,NA,NA,NA,"number of customers","cents per kilowatt-hour","million dollars","million kilowatt hours"
"2026-Q1","VA","Virginia","RES","residential","3712224","16.19","2237.58451","13823.69099","number of customers","cents per kilowatt-hour","million dollars","million kilowatt hours"
"2026-Q1","VA","Virginia","TRA","transportation","1","11.67","8.46406","72.51313","number of customers","cents per kilowatt-hour","million dollars","million kilowatt hours"
"2026-Q1","VT","Vermont","ALL","all sectors","376586","20.34","302.38698","1486.89657","number of customers","cents per kilowatt-hour","million dollars","million kilowatt hours"
"2026-Q1","VT","Vermont","COM","commercial","64103","20.75","104.89481","505.49315","number of customers","cents per kilowatt-hour","million dollars","million kilowatt hours"
"2026-Q1","VT","Vermont","IND","industrial","221","13.14","42.2454","321.4139","number of customers","cents per kilowatt-hour","million dollars","million kilowatt hours"
"2026-Q1","VT","Vermont","OTH","other",NA,NA,NA,NA,"number of customers","cents per kilowatt-hour","million dollars","million kilowatt hours"
"2026-Q1","VT","Vermont","RES","residential","312262","23.52","155.24678","659.98952","number of customers","cents per kilowatt-hour","million dollars","million kilowatt hours"
"2026-Q1","VT","Vermont","TRA","transportation","0",NA,"0","0","number of customers","cents per kilowatt-hour","million dollars","million kilowatt hours"
"2026-Q1","WA","Washington","ALL","all sectors","3857531","12.1","3029.69245","25033.61195","number of customers","cents per kilowatt-hour","million dollars","million kilowatt hours"
"2026-Q1","WA","Washington","COM","commercial","406827","12.01","1046.89654","8717.29686","number of customers","cents per kilowatt-hour","million dollars","million kilowatt hours"
"2026-Q1","WA","Washington","IND","industrial","24989","7.02","314.21255","4474.137","number of customers","cents per kilowatt-hour","million dollars","million kilowatt hours"
"2026-Q1","WA","Washington","OTH","other",NA,NA,NA,NA,"number of customers","cents per kilowatt-hour","million dollars","million kilowatt hours"
"2026-Q1","WA","Washington","RES","residential","3425710","14.09","1664.99912","11816.07205","number of customers","cents per kilowatt-hour","million dollars","million kilowatt hours"
"2026-Q1","WA","Washington","TRA","transportation","5","13.73","3.58424","26.10602","number of customers","cents per kilowatt-hour","million dollars","million kilowatt hours"
"2026-Q1","WI","Wisconsin","ALL","all sectors","3268989","13.75","2417.50662","17579.67741","number of customers","cents per kilowatt-hour","million dollars","million kilowatt hours"
"2026-Q1","WI","Wisconsin","COM","commercial","373944","13.48","796.09757","5905.42682","number of customers","cents per kilowatt-hour","million dollars","million kilowatt hours"
"2026-Q1","WI","Wisconsin","IND","industrial","5620","9.08","521.65693","5745.08062","number of customers","cents per kilowatt-hour","million dollars","million kilowatt hours"
"2026-Q1","WI","Wisconsin","OTH","other",NA,NA,NA,NA,"number of customers","cents per kilowatt-hour","million dollars","million kilowatt hours"
"2026-Q1","WI","Wisconsin","RES","residential","2889423","18.55","1099.68916","5928.85304","number of customers","cents per kilowatt-hour","million dollars","million kilowatt hours"
"2026-Q1","WI","Wisconsin","TRA","transportation","2","19.87",".06298",".31694","number of customers","cents per kilowatt-hour","million dollars","million kilowatt hours"
"2026-Q1","WNC","West North Central","ALL","all sectors","11832724","10.62","8861.94874","83416.47891","number of customers","cents per kilowatt-hour","million dollars","million kilowatt hours"
"2026-Q1","WNC","West North Central","COM","commercial","1551428","10.28","2953.99403","28723.40584","number of customers","cents per kilowatt-hour","million dollars","million kilowatt hours"
"2026-Q1","WNC","West North Central","IND","industrial","127966","7.91","2013.16729","25439.83703","number of customers","cents per kilowatt-hour","million dollars","million kilowatt hours"
"2026-Q1","WNC","West North Central","OTH","other",NA,NA,NA,NA,"number of customers","cents per kilowatt-hour","million dollars","million kilowatt hours"
"2026-Q1","WNC","West North Central","RES","residential","10153326","13.32","3893.46615","29240.58362","number of customers","cents per kilowatt-hour","million dollars","million kilowatt hours"
"2026-Q1","WNC","West North Central","TRA","transportation","3","10.44","1.32127","12.65243","number of customers","cents per kilowatt-hour","million dollars","million kilowatt hours"
"2026-Q1","WSC","West South Central","ALL","all sectors","21294363","10.15","17261.44704","170035.38849","number of customers","cents per kilowatt-hour","million dollars","million kilowatt hours"
"2026-Q1","WSC","West South Central","COM","commercial","2360474","9.22","5168.95645","56042.15324","number of customers","cents per kilowatt-hour","million dollars","million kilowatt hours"
"2026-Q1","WSC","West South Central","IND","industrial","490584","6.78","4070.33668","60062.33276","number of customers","cents per kilowatt-hour","million dollars","million kilowatt hours"
"2026-Q1","WSC","West South Central","OTH","other",NA,NA,NA,NA,"number of customers","cents per kilowatt-hour","million dollars","million kilowatt hours"
"2026-Q1","WSC","West South Central","RES","residential","18443300","14.88","8021.89708","53928.64646","number of customers","cents per kilowatt-hour","million dollars","million kilowatt hours"
"2026-Q1","WSC","West South Central","TRA","transportation","5","11.38",".25684","2.25605","number of customers","cents per kilowatt-hour","million dollars","million kilowatt hours"
"2026-Q1","WV","West Virginia","ALL","all sectors","1033098","11.71","1071.77173","9152.93206","number of customers","cents per kilowatt-hour","million dollars","million kilowatt hours"
"2026-Q1","WV","West Virginia","COM","commercial","153024","11.77","245.99696","2089.66692","number of customers","cents per kilowatt-hour","million dollars","million kilowatt hours"
"2026-Q1","WV","West Virginia","IND","industrial","10736","8.29","291.26951","3512.45099","number of customers","cents per kilowatt-hour","million dollars","million kilowatt hours"
"2026-Q1","WV","West Virginia","OTH","other",NA,NA,NA,NA,"number of customers","cents per kilowatt-hour","million dollars","million kilowatt hours"
"2026-Q1","WV","West Virginia","RES","residential","869337","15.05","534.50528","3550.81416","number of customers","cents per kilowatt-hour","million dollars","million kilowatt hours"
"2026-Q1","WV","West Virginia","TRA","transportation","0",NA,"0","0","number of customers","cents per kilowatt-hour","million dollars","million kilowatt hours"
"2026-Q1","WY","Wyoming","ALL","all sectors","363815","9.86","448.95553","4552.24887","number of customers","cents per kilowatt-hour","million dollars","million kilowatt hours"
"2026-Q1","WY","Wyoming","COM","commercial","60028","9.64","143.6665","1489.80088","number of customers","cents per kilowatt-hour","million dollars","million kilowatt hours"
"2026-Q1","WY","Wyoming","IND","industrial","11928","8.75","193.31612","2209.67854","number of customers","cents per kilowatt-hour","million dollars","million kilowatt hours"
"2026-Q1","WY","Wyoming","OTH","other",NA,NA,NA,NA,"number of customers","cents per kilowatt-hour","million dollars","million kilowatt hours"
"2026-Q1","WY","Wyoming","RES","residential","291860","13.13","111.97291","852.76945","number of customers","cents per kilowatt-hour","million dollars","million kilowatt hours"
"2026-Q1","WY","Wyoming","TRA","transportation","0",NA,"0","0","number of customers","cents per kilowatt-hour","million dollars","million kilowatt hours"
"2025-Q4","AK","Alaska","ALL","all sectors","363903","22.93","374.95235","1635.09959","number of customers","cents per kilowatt-hour","million dollars","million kilowatt hours"
"2025-Q4","AK","Alaska","COM","commercial","58150","21.93","151.12468","689.05371","number of customers","cents per kilowatt-hour","million dollars","million kilowatt hours"
"2025-Q4","AK","Alaska","IND","industrial","1230","20.08","75.15814","374.23177","number of customers","cents per kilowatt-hour","million dollars","million kilowatt hours"
"2025-Q4","AK","Alaska","OTH","other",NA,NA,NA,NA,"number of customers","cents per kilowatt-hour","million dollars","million kilowatt hours"
"2025-Q4","AK","Alaska","RES","residential","304523","26","148.66953","571.81411","number of customers","cents per kilowatt-hour","million dollars","million kilowatt hours"
"2025-Q4","AK","Alaska","TRA","transportation","0",NA,"0","0","number of customers","cents per kilowatt-hour","million dollars","million kilowatt hours"
"2025-Q4","AL","Alabama","ALL","all sectors","2843226","12.49","2582.24216","20674.20383","number of customers","cents per kilowatt-hour","million dollars","million kilowatt hours"
"2025-Q4","AL","Alabama","COM","commercial","398147","14.67","783.63223","5340.41191","number of customers","cents per kilowatt-hour","million dollars","million kilowatt hours"
"2025-Q4","AL","Alabama","IND","industrial","7246","7.62","612.62324","8037.20824","number of customers","cents per kilowatt-hour","million dollars","million kilowatt hours"
"2025-Q4","AL","Alabama","OTH","other",NA,NA,NA,NA,"number of customers","cents per kilowatt-hour","million dollars","million kilowatt hours"
"2025-Q4","AL","Alabama","RES","residential","2437833","16.25","1185.98669","7296.58366","number of customers","cents per kilowatt-hour","million dollars","million kilowatt hours"
"2025-Q4","AL","Alabama","TRA","transportation","0",NA,"0","0","number of customers","cents per kilowatt-hour","million dollars","million kilowatt hours"
"2025-Q4","AR","Arkansas","ALL","all sectors","1746855","9.59","1178.44293","12283.38228","number of customers","cents per kilowatt-hour","million dollars","million kilowatt hours"
"2025-Q4","AR","Arkansas","COM","commercial","210077","10.86","298.80949","2752.27677","number of customers","cents per kilowatt-hour","million dollars","million kilowatt hours"
"2025-Q4","AR","Arkansas","IND","industrial","37360","6.48","352.46625","5440.66626","number of customers","cents per kilowatt-hour","million dollars","million kilowatt hours"
"2025-Q4","AR","Arkansas","OTH","other",NA,NA,NA,NA,"number of customers","cents per kilowatt-hour","million dollars","million kilowatt hours"
"2025-Q4","AR","Arkansas","RES","residential","1499416","12.89","527.15891","4090.37507","number of customers","cents per kilowatt-hour","million dollars","million kilowatt hours"
"2025-Q4","AR","Arkansas","TRA","transportation","2","12.92",".00829",".06418","number of customers","cents per kilowatt-hour","million dollars","million kilowatt hours"
"2025-Q4","AZ","Arizona","ALL","all sectors","3548780","12.4","2483.328","20019.82441","number of customers","cents per kilowatt-hour","million dollars","million kilowatt hours"
"2025-Q4","AZ","Arizona","COM","commercial","352241","11.91","1064.90577","8944.80633","number of customers","cents per kilowatt-hour","million dollars","million kilowatt hours"
"2025-Q4","AZ","Arizona","IND","industrial","7136","7.47","281.23352","3763.53793","number of customers","cents per kilowatt-hour","million dollars","million kilowatt hours"
"2025-Q4","AZ","Arizona","OTH","other",NA,NA,NA,NA,"number of customers","cents per kilowatt-hour","million dollars","million kilowatt hours"
"2025-Q4","AZ","Arizona","RES","residential","3189401","15.56","1136.93519","7308.79167","number of customers","cents per kilowatt-hour","million dollars","million kilowatt hours"
"2025-Q4","AZ","Arizona","TRA","transportation","2","9.43",".25354","2.68848","number of customers","cents per kilowatt-hour","million dollars","million kilowatt hours"
"2025-Q4","CA","California","ALL","all sectors","16206084","27.5","15749.9481","57282.04094","number of customers","cents per kilowatt-hour","million dollars","million kilowatt hours"
"2025-Q4","CA","California","COM","commercial","1772281","26.14","7529.06727","28801.42266","number of customers","cents per kilowatt-hour","million dollars","million kilowatt hours"
"2025-Q4","CA","California","IND","industrial","144565","20.88","2118.35198","10143.8168","number of customers","cents per kilowatt-hour","million dollars","million kilowatt hours"
"2025-Q4","CA","California","OTH","other",NA,NA,NA,NA,"number of customers","cents per kilowatt-hour","million dollars","million kilowatt hours"
"2025-Q4","CA","California","RES","residential","14289225","33.43","6071.1577","18162.81041","number of customers","cents per kilowatt-hour","million dollars","million kilowatt hours"
"2025-Q4","CA","California","TRA","transportation","13","18.03","31.37117","173.99106","number of customers","cents per kilowatt-hour","million dollars","million kilowatt hours"
"2025-Q4","CO","Colorado","ALL","all sectors","2946492","12.79","1717.05522","13428.82589","number of customers","cents per kilowatt-hour","million dollars","million kilowatt hours"
"2025-Q4","CO","Colorado","COM","commercial","401873","12.47","631.91668","5066.91392","number of customers","cents per kilowatt-hour","million dollars","million kilowatt hours"
"2025-Q4","CO","Colorado","IND","industrial","14631","9.03","339.89397","3763.68657","number of customers","cents per kilowatt-hour","million dollars","million kilowatt hours"
"2025-Q4","CO","Colorado","OTH","other",NA,NA,NA,NA,"number of customers","cents per kilowatt-hour","million dollars","million kilowatt hours"
"2025-Q4","CO","Colorado","RES","residential","2529987","16.24","743.22665","4577.27653","number of customers","cents per kilowatt-hour","million dollars","million kilowatt hours"
"2025-Q4","CO","Colorado","TRA","transportation","1","9.63","2.01793","20.94888","number of customers","cents per kilowatt-hour","million dollars","million kilowatt hours"
"2025-Q4","CT","Connecticut","ALL","all sectors","1759048","23.45","1563.36681","6668.00981","number of customers","cents per kilowatt-hour","million dollars","million kilowatt hours"
"2025-Q4","CT","Connecticut","COM","commercial","156540","21.68","604.36692","2787.96471","number of customers","cents per kilowatt-hour","million dollars","million kilowatt hours"
"2025-Q4","CT","Connecticut","IND","industrial","3780","16.44","104.46843","635.42488","number of customers","cents per kilowatt-hour","million dollars","million kilowatt hours"
"2025-Q4","CT","Connecticut","OTH","other",NA,NA,NA,NA,"number of customers","cents per kilowatt-hour","million dollars","million kilowatt hours"
"2025-Q4","CT","Connecticut","RES","residential","1598725","26.46","847.7329","3203.49151","number of customers","cents per kilowatt-hour","million dollars","million kilowatt hours"
"2025-Q4","CT","Connecticut","TRA","transportation","3","16.53","6.79857","41.12873","number of customers","cents per kilowatt-hour","million dollars","million kilowatt hours"
"2025-Q4","DC","District of Columbia","ALL","all sectors","353267","21.78","527.83229","2423.42317","number of customers","cents per kilowatt-hour","million dollars","million kilowatt hours"
"2025-Q4","DC","District of Columbia","COM","commercial","27621","21.91","377.94371","1725.08657","number of customers","cents per kilowatt-hour","million dollars","million kilowatt hours"
"2025-Q4","DC","District of Columbia","IND","industrial","1","17.5","9.31824","53.25142","number of customers","cents per kilowatt-hour","million dollars","million kilowatt hours"
"2025-Q4","DC","District of Columbia","OTH","other",NA,NA,NA,NA,"number of customers","cents per kilowatt-hour","million dollars","million kilowatt hours"
"2025-Q4","DC","District of Columbia","RES","residential","325642","23.58","132.09377","560.20038","number of customers","cents per kilowatt-hour","million dollars","million kilowatt hours"
"2025-Q4","DC","District of Columbia","TRA","transportation","3","9.99","8.47656","84.88478","number of customers","cents per kilowatt-hour","million dollars","million kilowatt hours"
"2025-Q4","DE","Delaware","ALL","all sectors","540739","14.61","389.38608","2664.55306","number of customers","cents per kilowatt-hour","million dollars","million kilowatt hours"
"2025-Q4","DE","Delaware","COM","commercial","60979","12.85","129.91777","1011.40242","number of customers","cents per kilowatt-hour","million dollars","million kilowatt hours"
"2025-Q4","DE","Delaware","IND","industrial","1138","9.92","45.49609","458.4577","number of customers","cents per kilowatt-hour","million dollars","million kilowatt hours"
"2025-Q4","DE","Delaware","OTH","other",NA,NA,NA,NA,"number of customers","cents per kilowatt-hour","million dollars","million kilowatt hours"
"2025-Q4","DE","Delaware","RES","residential","478622","17.91","213.97224","1194.69293","number of customers","cents per kilowatt-hour","million dollars","million kilowatt hours"
"2025-Q4","DE","Delaware","TRA","transportation","0",NA,"0","0","number of customers","cents per kilowatt-hour","million dollars","million kilowatt hours"
"2025-Q4","ENC","East North Central","ALL","all sectors","23620288","13.41","18442.74205","137480.87691","number of customers","cents per kilowatt-hour","million dollars","million kilowatt hours"
"2025-Q4","ENC","East North Central","COM","commercial","2592767","13.21","6254.07839","47330.50879","number of customers","cents per kilowatt-hour","million dollars","million kilowatt hours"
"2025-Q4","ENC","East North Central","IND","industrial","53538","9.2","4219.36736","45853.09967","number of customers","cents per kilowatt-hour","million dollars","million kilowatt hours"
"2025-Q4","ENC","East North Central","OTH","other",NA,NA,NA,NA,"number of customers","cents per kilowatt-hour","million dollars","million kilowatt hours"
"2025-Q4","ENC","East North Central","RES","residential","20973973","18.02","7957.82695","44172.60998","number of customers","cents per kilowatt-hour","million dollars","million kilowatt hours"
"2025-Q4","ENC","East North Central","TRA","transportation","10","9.2","11.46934","124.65845","number of customers","cents per kilowatt-hour","million dollars","million kilowatt hours"
"2025-Q4","ESC","East South Central","ALL","all sectors","10487671","11.46","8539.72162","74532.11415","number of customers","cents per kilowatt-hour","million dollars","million kilowatt hours"
"2025-Q4","ESC","East South Central","COM","commercial","1525505","13.01","2866.82421","22034.89994","number of customers","cents per kilowatt-hour","million dollars","million kilowatt hours"
"2025-Q4","ESC","East South Central","IND","industrial","24946","7.07","1780.26089","25180.03329","number of customers","cents per kilowatt-hour","million dollars","million kilowatt hours"
"2025-Q4","ESC","East South Central","OTH","other",NA,NA,NA,NA,"number of customers","cents per kilowatt-hour","million dollars","million kilowatt hours"
"2025-Q4","ESC","East South Central","RES","residential","8937220","14.25","3892.63652","27317.18091","number of customers","cents per kilowatt-hour","million dollars","million kilowatt hours"
"2025-Q4","ESC","East South Central","TRA","transportation","0",NA,"0","0","number of customers","cents per kilowatt-hour","million dollars","million kilowatt hours"
"2025-Q4","FL","Florida","ALL","all sectors","12041335","13.45","7866.02437","58463.78183","number of customers","cents per kilowatt-hour","million dollars","million kilowatt hours"
"2025-Q4","FL","Florida","COM","commercial","1330852","11.62","2776.86984","23888.788","number of customers","cents per kilowatt-hour","million dollars","million kilowatt hours"
"2025-Q4","FL","Florida","IND","industrial","24614","8.88","367.02543","4131.70116","number of customers","cents per kilowatt-hour","million dollars","million kilowatt hours"
"2025-Q4","FL","Florida","OTH","other",NA,NA,NA,NA,"number of customers","cents per kilowatt-hour","million dollars","million kilowatt hours"
"2025-Q4","FL","Florida","RES","residential","10685867","15.51","4720.35743","30427.14783","number of customers","cents per kilowatt-hour","million dollars","million kilowatt hours"
"2025-Q4","FL","Florida","TRA","transportation","2","10.97","1.77168","16.14485","number of customers","cents per kilowatt-hour","million dollars","million kilowatt hours"
"2025-Q4","GA","Georgia","ALL","all sectors","5527428","11.38","4036.29387","35472.25527","number of customers","cents per kilowatt-hour","million dollars","million kilowatt hours"
"2025-Q4","GA","Georgia","COM","commercial","629078","11.18","1516.37887","13557.98288","number of customers","cents per kilowatt-hour","million dollars","million kilowatt hours"
"2025-Q4","GA","Georgia","IND","industrial","22641","6.99","566.07166","8097.77516","number of customers","cents per kilowatt-hour","million dollars","million kilowatt hours"
"2025-Q4","GA","Georgia","OTH","other",NA,NA,NA,NA,"number of customers","cents per kilowatt-hour","million dollars","million kilowatt hours"
"2025-Q4","GA","Georgia","RES","residential","4875709","14.16","1951.43187","13776.93484","number of customers","cents per kilowatt-hour","million dollars","million kilowatt hours"
"2025-Q4","GA","Georgia","TRA","transportation","1","6.1","2.41147","39.56242","number of customers","cents per kilowatt-hour","million dollars","million kilowatt hours"
"2025-Q4","HI","Hawaii","ALL","all sectors","510622","35.99","850.43844","2362.69975","number of customers","cents per kilowatt-hour","million dollars","million kilowatt hours"
"2025-Q4","HI","Hawaii","COM","commercial","59906","36.82","263.86497","716.55716","number of customers","cents per kilowatt-hour","million dollars","million kilowatt hours"
"2025-Q4","HI","Hawaii","IND","industrial","859","31.82","293.84902","923.56031","number of customers","cents per kilowatt-hour","million dollars","million kilowatt hours"
"2025-Q4","HI","Hawaii","OTH","other",NA,NA,NA,NA,"number of customers","cents per kilowatt-hour","million dollars","million kilowatt hours"
"2025-Q4","HI","Hawaii","RES","residential","449857","40.51","292.72446","722.58228","number of customers","cents per kilowatt-hour","million dollars","million kilowatt hours"
"2025-Q4","HI","Hawaii","TRA","transportation","0",NA,"0","0","number of customers","cents per kilowatt-hour","million dollars","million kilowatt hours"
"2025-Q4","IA","Iowa","ALL","all sectors","1743994","8.89","1282.7967","14435.57171","number of customers","cents per kilowatt-hour","million dollars","million kilowatt hours"
"2025-Q4","IA","Iowa","COM","commercial","255519","10.38","338.01119","3255.32048","number of customers","cents per kilowatt-hour","million dollars","million kilowatt hours"
"2025-Q4","IA","Iowa","IND","industrial","9298","6.34","489.12826","7710.7717","number of customers","cents per kilowatt-hour","million dollars","million kilowatt hours"
"2025-Q4","IA","Iowa","OTH","other",NA,NA,NA,NA,"number of customers","cents per kilowatt-hour","million dollars","million kilowatt hours"
"2025-Q4","IA","Iowa","RES","residential","1479177","13.13","455.65725","3469.47954","number of customers","cents per kilowatt-hour","million dollars","million kilowatt hours"
"2025-Q4","IA","Iowa","TRA","transportation","0",NA,"0","0","number of customers","cents per kilowatt-hour","million dollars","million kilowatt hours"
"2025-Q4","ID","Idaho","ALL","all sectors","1051989","9.66","571.19099","5912.83637","number of customers","cents per kilowatt-hour","million dollars","million kilowatt hours"
"2025-Q4","ID","Idaho","COM","commercial","126709","9.12","155.44097","1704.21121","number of customers","cents per kilowatt-hour","million dollars","million kilowatt hours"
"2025-Q4","ID","Idaho","IND","industrial","29760","6.92","126.52115","1829.46292","number of customers","cents per kilowatt-hour","million dollars","million kilowatt hours"
"2025-Q4","ID","Idaho","OTH","other",NA,NA,NA,NA,"number of customers","cents per kilowatt-hour","million dollars","million kilowatt hours"
"2025-Q4","ID","Idaho","RES","residential","895520","12.16","289.22886","2379.16224","number of customers","cents per kilowatt-hour","million dollars","million kilowatt hours"
"2025-Q4","ID","Idaho","TRA","transportation","0",NA,"0","0","number of customers","cents per kilowatt-hour","million dollars","million kilowatt hours"
"2025-Q4","IL","Illinois","ALL","all sectors","6063178","13.7","4388.32979","32030.74532","number of customers","cents per kilowatt-hour","million dollars","million kilowatt hours"
"2025-Q4","IL","Illinois","COM","commercial","647293","13.08","1479.11584","11311.23027","number of customers","cents per kilowatt-hour","million dollars","million kilowatt hours"
"2025-Q4","IL","Illinois","IND","industrial","5478","10.13","1034.66709","10216.32179","number of customers","cents per kilowatt-hour","million dollars","million kilowatt hours"
"2025-Q4","IL","Illinois","OTH","other",NA,NA,NA,NA,"number of customers","cents per kilowatt-hour","million dollars","million kilowatt hours"
"2025-Q4","IL","Illinois","RES","residential","5410404","17.94","1864.95855","10393.90758","number of customers","cents per kilowatt-hour","million dollars","million kilowatt hours"
"2025-Q4","IL","Illinois","TRA","transportation","3","8.77","9.58831","109.28568","number of customers","cents per kilowatt-hour","million dollars","million kilowatt hours"
"2025-Q4","IN","Indiana","ALL","all sectors","3418329","12.69","3166.91222","24951.01322","number of customers","cents per kilowatt-hour","million dollars","million kilowatt hours"
"2025-Q4","IN","Indiana","COM","commercial","376990","13.84","897.02569","6480.91911","number of customers","cents per kilowatt-hour","million dollars","million kilowatt hours"
"2025-Q4","IN","Indiana","IND","industrial","19245","8.99","954.79873","10619.43511","number of customers","cents per kilowatt-hour","million dollars","million kilowatt hours"
"2025-Q4","IN","Indiana","OTH","other",NA,NA,NA,NA,"number of customers","cents per kilowatt-hour","million dollars","million kilowatt hours"
"2025-Q4","IN","Indiana","RES","residential","3022093","16.75","1314.29023","7845.02351","number of customers","cents per kilowatt-hour","million dollars","million kilowatt hours"
"2025-Q4","IN","Indiana","TRA","transportation","1","14.15",".79758","5.6355","number of customers","cents per kilowatt-hour","million dollars","million kilowatt hours"
"2025-Q4","KS","Kansas","ALL","all sectors","1623690","11.43","1096.97014","9596.18203","number of customers","cents per kilowatt-hour","million dollars","million kilowatt hours"
"2025-Q4","KS","Kansas","COM","commercial","251140","11.19","424.86321","3796.52947","number of customers","cents per kilowatt-hour","million dollars","million kilowatt hours"
"2025-Q4","KS","Kansas","IND","industrial","23825","8.12","228.93626","2819.47974","number of customers","cents per kilowatt-hour","million dollars","million kilowatt hours"
"2025-Q4","KS","Kansas","OTH","other",NA,NA,NA,NA,"number of customers","cents per kilowatt-hour","million dollars","million kilowatt hours"
"2025-Q4","KS","Kansas","RES","residential","1348725","14.87","443.17068","2980.17282","number of customers","cents per kilowatt-hour","million dollars","million kilowatt hours"
"2025-Q4","KS","Kansas","TRA","transportation","0",NA,"0","0","number of customers","cents per kilowatt-hour","million dollars","million kilowatt hours"
"2025-Q4","KY","Kentucky","ALL","all sectors","2354328","10.47","1870.39707","17858.07499","number of customers","cents per kilowatt-hour","million dollars","million kilowatt hours"
"2025-Q4","KY","Kentucky","COM","commercial","328397","11.82","571.4722","4833.59712","number of customers","cents per kilowatt-hour","million dollars","million kilowatt hours"
"2025-Q4","KY","Kentucky","IND","industrial","4693","6.87","474.12508","6902.86026","number of customers","cents per kilowatt-hour","million dollars","million kilowatt hours"
"2025-Q4","KY","Kentucky","OTH","other",NA,NA,NA,NA,"number of customers","cents per kilowatt-hour","million dollars","million kilowatt hours"
"2025-Q4","KY","Kentucky","RES","residential","2021237","13.47","824.79981","6121.61761","number of customers","cents per kilowatt-hour","million dollars","million kilowatt hours"
"2025-Q4","KY","Kentucky","TRA","transportation","0",NA,"0","0","number of customers","cents per kilowatt-hour","million dollars","million kilowatt hours"
"2025-Q4","LA","Louisiana","ALL","all sectors","2489936","9.15","2091.02237","22853.80004","number of customers","cents per kilowatt-hour","million dollars","million kilowatt hours"
"2025-Q4","LA","Louisiana","COM","commercial","303608","11.13","625.80624","5622.69576","number of customers","cents per kilowatt-hour","million dollars","million kilowatt hours"
"2025-Q4","LA","Louisiana","IND","industrial","17440","5.88","614.79807","10453.52688","number of customers","cents per kilowatt-hour","million dollars","million kilowatt hours"
"2025-Q4","LA","Louisiana","OTH","other",NA,NA,NA,NA,"number of customers","cents per kilowatt-hour","million dollars","million kilowatt hours"
"2025-Q4","LA","Louisiana","RES","residential","2168887","12.55","850.16811","6775.25027","number of customers","cents per kilowatt-hour","million dollars","million kilowatt hours"
"2025-Q4","LA","Louisiana","TRA","transportation","1","10.74",".24996","2.32715","number of customers","cents per kilowatt-hour","million dollars","million kilowatt hours"
"2025-Q4","MA","Massachusetts","ALL","all sectors","3345313","25.84","3162.05287","12235.28147","number of customers","cents per kilowatt-hour","million dollars","million kilowatt hours"
"2025-Q4","MA","Massachusetts","COM","commercial","425170","23.53","1385.6845","5888.54839","number of customers","cents per kilowatt-hour","million dollars","million kilowatt hours"
"2025-Q4","MA","Massachusetts","IND","industrial","9695","19.14","293.00282","1530.828","number of customers","cents per kilowatt-hour","million dollars","million kilowatt hours"
"2025-Q4","MA","Massachusetts","OTH","other",NA,NA,NA,NA,"number of customers","cents per kilowatt-hour","million dollars","million kilowatt hours"
"2025-Q4","MA","Massachusetts","RES","residential","2910445","31.13","1476.24827","4742.18655","number of customers","cents per kilowatt-hour","million dollars","million kilowatt hours"
"2025-Q4","MA","Massachusetts","TRA","transportation","2","9.65","7.11729","73.71852","number of customers","cents per kilowatt-hour","million dollars","million kilowatt hours"
"2025-Q4","MAT","Middle Atlantic","ALL","all sectors","19330652","18.16","15362.19962","84611.11091","number of customers","cents per kilowatt-hour","million dollars","million kilowatt hours"
"2025-Q4","MAT","Middle Atlantic","COM","commercial","2463156","17.36","6176.71368","35584.58011","number of customers","cents per kilowatt-hour","million dollars","million kilowatt hours"
"2025-Q4","MAT","Middle Atlantic","IND","industrial","39655","10.32","1702.23708","16492.56916","number of customers","cents per kilowatt-hour","million dollars","million kilowatt hours"
"2025-Q4","MAT","Middle Atlantic","OTH","other",NA,NA,NA,NA,"number of customers","cents per kilowatt-hour","million dollars","million kilowatt hours"
"2025-Q4","MAT","Middle Atlantic","RES","residential","16827823","23.25","7345.91911","31596.08217","number of customers","cents per kilowatt-hour","million dollars","million kilowatt hours"
"2025-Q4","MAT","Middle Atlantic","TRA","transportation","18","14.64","137.32974","937.87947","number of customers","cents per kilowatt-hour","million dollars","million kilowatt hours"
"2025-Q4","MD","Maryland","ALL","all sectors","2743251","17.88","2517.43435","14082.9215","number of customers","cents per kilowatt-hour","million dollars","million kilowatt hours"
"2025-Q4","MD","Maryland","COM","commercial","262845","15.58","1020.91518","6550.89306","number of customers","cents per kilowatt-hour","million dollars","million kilowatt hours"
"2025-Q4","MD","Maryland","IND","industrial","9391","13.51","115.86826","857.7278","number of customers","cents per kilowatt-hour","million dollars","million kilowatt hours"
"2025-Q4","MD","Maryland","OTH","other",NA,NA,NA,NA,"number of customers","cents per kilowatt-hour","million dollars","million kilowatt hours"
"2025-Q4","MD","Maryland","RES","residential","2471010","20.78","1363.38788","6562.30783","number of customers","cents per kilowatt-hour","million dollars","million kilowatt hours"
"2025-Q4","MD","Maryland","TRA","transportation","5","15.41","17.26304","111.99282","number of customers","cents per kilowatt-hour","million dollars","million kilowatt hours"
"2025-Q4","ME","Maine","ALL","all sectors","845878","23.2","600.84787","2589.76437","number of customers","cents per kilowatt-hour","million dollars","million kilowatt hours"
"2025-Q4","ME","Maine","COM","commercial","109912","21.01","200.78576","955.75577","number of customers","cents per kilowatt-hour","million dollars","million kilowatt hours"
"2025-Q4","ME","Maine","IND","industrial","1733","16.14","83.73397","518.70223","number of customers","cents per kilowatt-hour","million dollars","million kilowatt hours"
"2025-Q4","ME","Maine","OTH","other",NA,NA,NA,NA,"number of customers","cents per kilowatt-hour","million dollars","million kilowatt hours"
"2025-Q4","ME","Maine","RES","residential","734234","28.36","316.32813","1115.30637","number of customers","cents per kilowatt-hour","million dollars","million kilowatt hours"
"2025-Q4","ME","Maine","TRA","transportation","0",NA,"0","0","number of customers","cents per kilowatt-hour","million dollars","million kilowatt hours"
"2025-Q4","MI","Michigan","ALL","all sectors","5125329","14.53","3472.39184","23892.77156","number of customers","cents per kilowatt-hour","million dollars","million kilowatt hours"
"2025-Q4","MI","Michigan","COM","commercial","570370","14.32","1272.96683","8888.50734","number of customers","cents per kilowatt-hour","million dollars","million kilowatt hours"
"2025-Q4","MI","Michigan","IND","industrial","5684","8.54","593.47101","6945.78812","number of customers","cents per kilowatt-hour","million dollars","million kilowatt hours"
"2025-Q4","MI","Michigan","OTH","other",NA,NA,NA,NA,"number of customers","cents per kilowatt-hour","million dollars","million kilowatt hours"
"2025-Q4","MI","Michigan","RES","residential","4549273","19.93","1605.76371","8057.09661","number of customers","cents per kilowatt-hour","million dollars","million kilowatt hours"
"2025-Q4","MI","Michigan","TRA","transportation","2","13.79",".19029","1.37949","number of customers","cents per kilowatt-hour","million dollars","million kilowatt hours"
"2025-Q4","MN","Minnesota","ALL","all sectors","2949231","12.37","1996.552","16135.57066","number of customers","cents per kilowatt-hour","million dollars","million kilowatt hours"
"2025-Q4","MN","Minnesota","COM","commercial","312368","11.84","678.44763","5729.29767","number of customers","cents per kilowatt-hour","million dollars","million kilowatt hours"
"2025-Q4","MN","Minnesota","IND","industrial","9266","9.29","448.42976","4827.66141","number of customers","cents per kilowatt-hour","million dollars","million kilowatt hours"
"2025-Q4","MN","Minnesota","OTH","other",NA,NA,NA,NA,"number of customers","cents per kilowatt-hour","million dollars","million kilowatt hours"
"2025-Q4","MN","Minnesota","RES","residential","2627596","15.59","869.19842","5574.55736","number of customers","cents per kilowatt-hour","million dollars","million kilowatt hours"
"2025-Q4","MN","Minnesota","TRA","transportation","1","11.75",".47618","4.05422","number of customers","cents per kilowatt-hour","million dollars","million kilowatt hours"
"2025-Q4","MO","Missouri","ALL","all sectors","3307488","10.63","1969.94811","18526.56588","number of customers","cents per kilowatt-hour","million dollars","million kilowatt hours"
"2025-Q4","MO","Missouri","COM","commercial","407454","9.73","703.65177","7230.41405","number of customers","cents per kilowatt-hour","million dollars","million kilowatt hours"
"2025-Q4","MO","Missouri","IND","industrial","9350","7.79","250.04576","3208.76129","number of customers","cents per kilowatt-hour","million dollars","million kilowatt hours"
"2025-Q4","MO","Missouri","OTH","other",NA,NA,NA,NA,"number of customers","cents per kilowatt-hour","million dollars","million kilowatt hours"
"2025-Q4","MO","Missouri","RES","residential","2890683","12.57","1015.48939","8080.88044","number of customers","cents per kilowatt-hour","million dollars","million kilowatt hours"
"2025-Q4","MO","Missouri","TRA","transportation","2","11.69",".76119","6.51009","number of customers","cents per kilowatt-hour","million dollars","million kilowatt hours"
"2025-Q4","MS","Mississippi","ALL","all sectors","1612447","11.69","1332.46991","11394.85716","number of customers","cents per kilowatt-hour","million dollars","million kilowatt hours"
"2025-Q4","MS","Mississippi","COM","commercial","248711","13.29","442.28246","3327.72913","number of customers","cents per kilowatt-hour","million dollars","million kilowatt hours"
"2025-Q4","MS","Mississippi","IND","industrial","12009","7.38","293.895","3982.69114","number of customers","cents per kilowatt-hour","million dollars","million kilowatt hours"
"2025-Q4","MS","Mississippi","OTH","other",NA,NA,NA,NA,"number of customers","cents per kilowatt-hour","million dollars","million kilowatt hours"
"2025-Q4","MS","Mississippi","RES","residential","1351726","14.6","596.29245","4084.43689","number of customers","cents per kilowatt-hour","million dollars","million kilowatt hours"
"2025-Q4","MS","Mississippi","TRA","transportation","0",NA,"0","0","number of customers","cents per kilowatt-hour","million dollars","million kilowatt hours"
"2025-Q4","MT","Montana","ALL","all sectors","724106","10.9","404.66994","3711.46475","number of customers","cents per kilowatt-hour","million dollars","million kilowatt hours"
"2025-Q4","MT","Montana","COM","commercial","142015","11.98","149.69735","1249.46881","number of customers","cents per kilowatt-hour","million dollars","million kilowatt hours"
"2025-Q4","MT","Montana","IND","industrial","12264","6.73","72.73944","1080.63789","number of customers","cents per kilowatt-hour","million dollars","million kilowatt hours"
"2025-Q4","MT","Montana","OTH","other",NA,NA,NA,NA,"number of customers","cents per kilowatt-hour","million dollars","million kilowatt hours"
"2025-Q4","MT","Montana","RES","residential","569827","13.19","182.23314","1381.35805","number of customers","cents per kilowatt-hour","million dollars","million kilowatt hours"
"2025-Q4","MT","Montana","TRA","transportation","0",NA,"0","0","number of customers","cents per kilowatt-hour","million dollars","million kilowatt hours"
"2025-Q4","MTN","Mountain","ALL","all sectors","12670973","11.1","7991.45402","72015.81153","number of customers","cents per kilowatt-hour","million dollars","million kilowatt hours"
"2025-Q4","MTN","Mountain","COM","commercial","1554947","11","3024.83152","27508.54658","number of customers","cents per kilowatt-hour","million dollars","million kilowatt hours"
"2025-Q4","MTN","Mountain","IND","industrial","100175","7.43","1595.13582","21457.41545","number of customers","cents per kilowatt-hour","million dollars","million kilowatt hours"
"2025-Q4","MTN","Mountain","OTH","other",NA,NA,NA,NA,"number of customers","cents per kilowatt-hour","million dollars","million kilowatt hours"
"2025-Q4","MTN","Mountain","RES","residential","11015847","14.63","3367.41883","23011.2873","number of customers","cents per kilowatt-hour","million dollars","million kilowatt hours"
"2025-Q4","MTN","Mountain","TRA","transportation","5","10.55","4.06784","38.56221","number of customers","cents per kilowatt-hour","million dollars","million kilowatt hours"
"2025-Q4","NC","North Carolina","ALL","all sectors","5965630","11.71","3832.37225","32723.08447","number of customers","cents per kilowatt-hour","million dollars","million kilowatt hours"
"2025-Q4","NC","North Carolina","COM","commercial","757885","10.61","1250.67805","11791.44698","number of customers","cents per kilowatt-hour","million dollars","million kilowatt hours"
"2025-Q4","NC","North Carolina","IND","industrial","8629","7.74","478.75288","6185.08667","number of customers","cents per kilowatt-hour","million dollars","million kilowatt hours"
"2025-Q4","NC","North Carolina","OTH","other",NA,NA,NA,NA,"number of customers","cents per kilowatt-hour","million dollars","million kilowatt hours"
"2025-Q4","NC","North Carolina","RES","residential","5199115","14.26","2102.6498","14743.65814","number of customers","cents per kilowatt-hour","million dollars","million kilowatt hours"
"2025-Q4","NC","North Carolina","TRA","transportation","1","10.08",".29153","2.89266","number of customers","cents per kilowatt-hour","million dollars","million kilowatt hours"
"2025-Q4","ND","North Dakota","ALL","all sectors","489668","8.13","635.68335","7817.73062","number of customers","cents per kilowatt-hour","million dollars","million kilowatt hours"
"2025-Q4","ND","North Dakota","COM","commercial","77890","7.21","212.41703","2946.7372","number of customers","cents per kilowatt-hour","million dollars","million kilowatt hours"
"2025-Q4","ND","North Dakota","IND","industrial","10916","7.49","262.34827","3501.3483","number of customers","cents per kilowatt-hour","million dollars","million kilowatt hours"
"2025-Q4","ND","North Dakota","OTH","other",NA,NA,NA,NA,"number of customers","cents per kilowatt-hour","million dollars","million kilowatt hours"
"2025-Q4","ND","North Dakota","RES","residential","400862","11.75","160.91805","1369.64513","number of customers","cents per kilowatt-hour","million dollars","million kilowatt hours"
"2025-Q4","ND","North Dakota","TRA","transportation","0",NA,"0","0","number of customers","cents per kilowatt-hour","million dollars","million kilowatt hours"
"2025-Q4","NE","Nebraska","ALL","all sectors","1154816","9.2","848.30509","9219.0192","number of customers","cents per kilowatt-hour","million dollars","million kilowatt hours"
"2025-Q4","NE","Nebraska","COM","commercial","164761","8.54","323.28821","3784.25932","number of customers","cents per kilowatt-hour","million dollars","million kilowatt hours"
"2025-Q4","NE","Nebraska","IND","industrial","62801","7.52","225.20648","2996.47549","number of customers","cents per kilowatt-hour","million dollars","million kilowatt hours"
"2025-Q4","NE","Nebraska","OTH","other",NA,NA,NA,NA,"number of customers","cents per kilowatt-hour","million dollars","million kilowatt hours"
"2025-Q4","NE","Nebraska","RES","residential","927253","12.3","299.8104","2438.28439","number of customers","cents per kilowatt-hour","million dollars","million kilowatt hours"
"2025-Q4","NE","Nebraska","TRA","transportation","0",NA,"0","0","number of customers","cents per kilowatt-hour","million dollars","million kilowatt hours"
"2025-Q4","NEW","New England","ALL","all sectors","7637478","24.48","6676.8364","27277.6094","number of customers","cents per kilowatt-hour","million dollars","million kilowatt hours"
"2025-Q4","NEW","New England","COM","commercial","933071","22.56","2703.45849","11982.97641","number of customers","cents per kilowatt-hour","million dollars","million kilowatt hours"
"2025-Q4","NEW","New England","IND","industrial","20189","17.55","635.4657","3621.84316","number of customers","cents per kilowatt-hour","million dollars","million kilowatt hours"
"2025-Q4","NEW","New England","OTH","other",NA,NA,NA,NA,"number of customers","cents per kilowatt-hour","million dollars","million kilowatt hours"
"2025-Q4","NEW","New England","RES","residential","6684212","28.76","3322.60624","11552.07229","number of customers","cents per kilowatt-hour","million dollars","million kilowatt hours"
"2025-Q4","NEW","New England","TRA","transportation","6","12.68","15.30598","120.71754","number of customers","cents per kilowatt-hour","million dollars","million kilowatt hours"
"2025-Q4","NH","New Hampshire","ALL","all sectors","776725","22.84","623.72187","2730.46586","number of customers","cents per kilowatt-hour","million dollars","million kilowatt hours"
"2025-Q4","NH","New Hampshire","COM","commercial","113145","20.63","213.85997","1036.48972","number of customers","cents per kilowatt-hour","million dollars","million kilowatt hours"
"2025-Q4","NH","New Hampshire","IND","industrial","3068","17.16","80.64479","470.06995","number of customers","cents per kilowatt-hour","million dollars","million kilowatt hours"
"2025-Q4","NH","New Hampshire","OTH","other",NA,NA,NA,NA,"number of customers","cents per kilowatt-hour","million dollars","million kilowatt hours"
"2025-Q4","NH","New Hampshire","RES","residential","660511","26.9","329.21711","1223.90619","number of customers","cents per kilowatt-hour","million dollars","million kilowatt hours"
"2025-Q4","NH","New Hampshire","TRA","transportation","0",NA,"0","0","number of customers","cents per kilowatt-hour","million dollars","million kilowatt hours"
"2025-Q4","NJ","New Jersey","ALL","all sectors","4351721","18.45","3105.65623","16833.41536","number of customers","cents per kilowatt-hour","million dollars","million kilowatt hours"
"2025-Q4","NJ","New Jersey","COM","commercial","540926","16.11","1416.70653","8793.9074","number of customers","cents per kilowatt-hour","million dollars","million kilowatt hours"
"2025-Q4","NJ","New Jersey","IND","industrial","10994","13.92","206.34113","1481.88972","number of customers","cents per kilowatt-hour","million dollars","million kilowatt hours"
"2025-Q4","NJ","New Jersey","OTH","other",NA,NA,NA,NA,"number of customers","cents per kilowatt-hour","million dollars","million kilowatt hours"
"2025-Q4","NJ","New Jersey","RES","residential","3799794","22.78","1470.53964","6454.29488","number of customers","cents per kilowatt-hour","million dollars","million kilowatt hours"
"2025-Q4","NJ","New Jersey","TRA","transportation","7","11.68","12.06894","103.32336","number of customers","cents per kilowatt-hour","million dollars","million kilowatt hours"
"2025-Q4","NM","New Mexico","ALL","all sectors","1082444","8.79","678.40552","7720.13893","number of customers","cents per kilowatt-hour","million dollars","million kilowatt hours"
"2025-Q4","NM","New Mexico","COM","commercial","147352","10.67","227.62837","2132.88776","number of customers","cents per kilowatt-hour","million dollars","million kilowatt hours"
"2025-Q4","NM","New Mexico","IND","industrial","9094","5.34","214.42826","4015.7079","number of customers","cents per kilowatt-hour","million dollars","million kilowatt hours"
"2025-Q4","NM","New Mexico","OTH","other",NA,NA,NA,NA,"number of customers","cents per kilowatt-hour","million dollars","million kilowatt hours"
"2025-Q4","NM","New Mexico","RES","residential","925998","15.04","236.34889","1571.54327","number of customers","cents per kilowatt-hour","million dollars","million kilowatt hours"
"2025-Q4","NM","New Mexico","TRA","transportation","0",NA,"0","0","number of customers","cents per kilowatt-hour","million dollars","million kilowatt hours"
"2025-Q4","NV","Nevada","ALL","all sectors","1526857","9.86","856.01698","8681.35107","number of customers","cents per kilowatt-hour","million dollars","million kilowatt hours"
"2025-Q4","NV","Nevada","COM","commercial","178991","9.02","303.83331","3367.37082","number of customers","cents per kilowatt-hour","million dollars","million kilowatt hours"
"2025-Q4","NV","Nevada","IND","industrial","4587","7.4","202.35788","2735.64958","number of customers","cents per kilowatt-hour","million dollars","million kilowatt hours"
"2025-Q4","NV","Nevada","OTH","other",NA,NA,NA,NA,"number of customers","cents per kilowatt-hour","million dollars","million kilowatt hours"
"2025-Q4","NV","Nevada","RES","residential","1343277","13.57","349.65705","2576.58111","number of customers","cents per kilowatt-hour","million dollars","million kilowatt hours"
"2025-Q4","NV","Nevada","TRA","transportation","1","9.64",".16874","1.74957","number of customers","cents per kilowatt-hour","million dollars","million kilowatt hours"
"2025-Q4","NY","New York","ALL","all sectors","8660159","21.36","7162.88936","33537.0778","number of customers","cents per kilowatt-hour","million dollars","million kilowatt hours"
"2025-Q4","NY","New York","COM","commercial","1178891","20.43","3507.2598","17164.56785","number of customers","cents per kilowatt-hour","million dollars","million kilowatt hours"
"2025-Q4","NY","New York","IND","industrial","17648","9.57","374.92176","3919.43432","number of customers","cents per kilowatt-hour","million dollars","million kilowatt hours"
"2025-Q4","NY","New York","OTH","other",NA,NA,NA,NA,"number of customers","cents per kilowatt-hour","million dollars","million kilowatt hours"
"2025-Q4","NY","New York","RES","residential","7463614","26.96","3167.96088","11750.12797","number of customers","cents per kilowatt-hour","million dollars","million kilowatt hours"
"2025-Q4","NY","New York","TRA","transportation","6","16.04","112.74692","702.94767","number of customers","cents per kilowatt-hour","million dollars","million kilowatt hours"
"2025-Q4","OH","Ohio","ALL","all sectors","5753893","13.09","5177.69888","39563.32196","number of customers","cents per kilowatt-hour","million dollars","million kilowatt hours"
"2025-Q4","OH","Ohio","COM","commercial","625143","12.53","1860.70443","14851.97949","number of customers","cents per kilowatt-hour","million dollars","million kilowatt hours"
"2025-Q4","OH","Ohio","IND","industrial","17468","9.25","1138.61411","12306.4793","number of customers","cents per kilowatt-hour","million dollars","million kilowatt hours"
"2025-Q4","OH","Ohio","OTH","other",NA,NA,NA,NA,"number of customers","cents per kilowatt-hour","million dollars","million kilowatt hours"
"2025-Q4","OH","Ohio","RES","residential","5111280","17.57","2177.5519","12396.84946","number of customers","cents per kilowatt-hour","million dollars","million kilowatt hours"
"2025-Q4","OH","Ohio","TRA","transportation","2","10.34",".82844","8.01371","number of customers","cents per kilowatt-hour","million dollars","million kilowatt hours"
"2025-Q4","OK","Oklahoma","ALL","all sectors","2242280","9.25","1623.14003","17550.90662","number of customers","cents per kilowatt-hour","million dollars","million kilowatt hours"
"2025-Q4","OK","Oklahoma","COM","commercial","312152","8.82","590.76505","6700.00005","number of customers","cents per kilowatt-hour","million dollars","million kilowatt hours"
"2025-Q4","OK","Oklahoma","IND","industrial","19404","6.11","347.96093","5696.84546","number of customers","cents per kilowatt-hour","million dollars","million kilowatt hours"
"2025-Q4","OK","Oklahoma","OTH","other",NA,NA,NA,NA,"number of customers","cents per kilowatt-hour","million dollars","million kilowatt hours"
"2025-Q4","OK","Oklahoma","RES","residential","1910723","13.28","684.41406","5154.06111","number of customers","cents per kilowatt-hour","million dollars","million kilowatt hours"
"2025-Q4","OK","Oklahoma","TRA","transportation","0",NA,"0","0","number of customers","cents per kilowatt-hour","million dollars","million kilowatt hours"
"2025-Q4","OR","Oregon","ALL","all sectors","2176162","11.47","1757.88754","15323.60774","number of customers","cents per kilowatt-hour","million dollars","million kilowatt hours"
"2025-Q4","OR","Oregon","COM","commercial","250374","10.44","658.70833","6307.12534","number of customers","cents per kilowatt-hour","million dollars","million kilowatt hours"
"2025-Q4","OR","Oregon","IND","industrial","26485","8.16","331.24514","4059.10369","number of customers","cents per kilowatt-hour","million dollars","million kilowatt hours"
"2025-Q4","OR","Oregon","OTH","other",NA,NA,NA,NA,"number of customers","cents per kilowatt-hour","million dollars","million kilowatt hours"
"2025-Q4","OR","Oregon","RES","residential","1899301","15.49","767.09425","4951.50071","number of customers","cents per kilowatt-hour","million dollars","million kilowatt hours"
"2025-Q4","OR","Oregon","TRA","transportation","2","14.29",".83983","5.878","number of customers","cents per kilowatt-hour","million dollars","million kilowatt hours"
"2025-Q4","PA","Pennsylvania","ALL","all sectors","6318773","14.88","5093.65404","34240.61776","number of customers","cents per kilowatt-hour","million dollars","million kilowatt hours"
"2025-Q4","PA","Pennsylvania","COM","commercial","743339","13.01","1252.74735","9626.10487","number of customers","cents per kilowatt-hour","million dollars","million kilowatt hours"
"2025-Q4","PA","Pennsylvania","IND","industrial","11013","10.11","1120.97419","11091.24513","number of customers","cents per kilowatt-hour","million dollars","million kilowatt hours"
"2025-Q4","PA","Pennsylvania","OTH","other",NA,NA,NA,NA,"number of customers","cents per kilowatt-hour","million dollars","million kilowatt hours"
"2025-Q4","PA","Pennsylvania","RES","residential","5564415","20.22","2707.41859","13391.65932","number of customers","cents per kilowatt-hour","million dollars","million kilowatt hours"
"2025-Q4","PA","Pennsylvania","TRA","transportation","5","9.51","12.51389","131.60845","number of customers","cents per kilowatt-hour","million dollars","million kilowatt hours"
"2025-Q4","PACC","Pacific Contiguous","ALL","all sectors","22230953","21.1","20107.46321","95314.19904","number of customers","cents per kilowatt-hour","million dollars","million kilowatt hours"
"2025-Q4","PACC","Pacific Contiguous","COM","commercial","2429133","21","9132.51197","43488.24633","number of customers","cents per kilowatt-hour","million dollars","million kilowatt hours"
"2025-Q4","PACC","Pacific Contiguous","IND","industrial","196346","14.75","2764.53586","18741.89918","number of customers","cents per kilowatt-hour","million dollars","million kilowatt hours"
"2025-Q4","PACC","Pacific Contiguous","OTH","other",NA,NA,NA,NA,"number of customers","cents per kilowatt-hour","million dollars","million kilowatt hours"
"2025-Q4","PACC","Pacific Contiguous","RES","residential","19605454","24.86","8175.09355","32879.62172","number of customers","cents per kilowatt-hour","million dollars","million kilowatt hours"
"2025-Q4","PACC","Pacific Contiguous","TRA","transportation","20","17.28","35.32183","204.43182","number of customers","cents per kilowatt-hour","million dollars","million kilowatt hours"
"2025-Q4","PACN","Pacific Noncontiguous","ALL","all sectors","874525","30.65","1225.39079","3997.79933","number of customers","cents per kilowatt-hour","million dollars","million kilowatt hours"
"2025-Q4","PACN","Pacific Noncontiguous","COM","commercial","118056","29.52","414.98965","1405.61086","number of customers","cents per kilowatt-hour","million dollars","million kilowatt hours"
"2025-Q4","PACN","Pacific Noncontiguous","IND","industrial","2089","28.43","369.00716","1297.79208","number of customers","cents per kilowatt-hour","million dollars","million kilowatt hours"
"2025-Q4","PACN","Pacific Noncontiguous","OTH","other",NA,NA,NA,NA,"number of customers","cents per kilowatt-hour","million dollars","million kilowatt hours"
"2025-Q4","PACN","Pacific Noncontiguous","RES","residential","754379","34.1","441.39398","1294.3964","number of customers","cents per kilowatt-hour","million dollars","million kilowatt hours"
"2025-Q4","PACN","Pacific Noncontiguous","TRA","transportation","0",NA,"0","0","number of customers","cents per kilowatt-hour","million dollars","million kilowatt hours"
"2025-Q4","RI","Rhode Island","ALL","all sectors","532887","26.7","449.9086","1684.80322","number of customers","cents per kilowatt-hour","million dollars","million kilowatt hours"
"2025-Q4","RI","Rhode Island","COM","commercial","64289","23.81","198.9359","835.56119","number of customers","cents per kilowatt-hour","million dollars","million kilowatt hours"
"2025-Q4","RI","Rhode Island","IND","industrial","1691","22.53","32.55559","144.49195","number of customers","cents per kilowatt-hour","million dollars","million kilowatt hours"
"2025-Q4","RI","Rhode Island","OTH","other",NA,NA,NA,NA,"number of customers","cents per kilowatt-hour","million dollars","million kilowatt hours"
"2025-Q4","RI","Rhode Island","RES","residential","466906","31.05","217.02699","698.87978","number of customers","cents per kilowatt-hour","million dollars","million kilowatt hours"
"2025-Q4","RI","Rhode Island","TRA","transportation","1","23.68","1.39012","5.87029","number of customers","cents per kilowatt-hour","million dollars","million kilowatt hours"
"2025-Q4","SAT","South Atlantic","ALL","all sectors","35420581","12.72","26553.8722","208821.75221","number of customers","cents per kilowatt-hour","million dollars","million kilowatt hours"
"2025-Q4","SAT","South Atlantic","COM","commercial","4089857","11.58","10101.01996","87242.32027","number of customers","cents per kilowatt-hour","million dollars","million kilowatt hours"
"2025-Q4","SAT","South Atlantic","IND","industrial","84658","8.04","2630.53842","32730.70083","number of customers","cents per kilowatt-hour","million dollars","million kilowatt hours"
"2025-Q4","SAT","South Atlantic","OTH","other",NA,NA,NA,NA,"number of customers","cents per kilowatt-hour","million dollars","million kilowatt hours"
"2025-Q4","SAT","South Atlantic","RES","residential","31246053","15.57","13784.47539","88524.86692","number of customers","cents per kilowatt-hour","million dollars","million kilowatt hours"
"2025-Q4","SAT","South Atlantic","TRA","transportation","13","11.68","37.83844","323.86421","number of customers","cents per kilowatt-hour","million dollars","million kilowatt hours"
"2025-Q4","SC","South Carolina","ALL","all sectors","3058904","11.48","2255.56624","19650.53628","number of customers","cents per kilowatt-hour","million dollars","million kilowatt hours"
"2025-Q4","SC","South Carolina","COM","commercial","417422","11.24","707.19928","6292.29745","number of customers","cents per kilowatt-hour","million dollars","million kilowatt hours"
"2025-Q4","SC","South Carolina","IND","industrial","3486","7.08","425.65487","6009.42843","number of customers","cents per kilowatt-hour","million dollars","million kilowatt hours"
"2025-Q4","SC","South Carolina","OTH","other",NA,NA,NA,NA,"number of customers","cents per kilowatt-hour","million dollars","million kilowatt hours"
"2025-Q4","SC","South Carolina","RES","residential","2637995","15.28","1122.7121","7348.81042","number of customers","cents per kilowatt-hour","million dollars","million kilowatt hours"
"2025-Q4","SC","South Carolina","TRA","transportation","0",NA,"0","0","number of customers","cents per kilowatt-hour","million dollars","million kilowatt hours"
"2025-Q4","SD","South Dakota","ALL","all sectors","530577","11.25","379.97328","3376.8248","number of customers","cents per kilowatt-hour","million dollars","million kilowatt hours"
"2025-Q4","SD","South Dakota","COM","commercial","80195","10.82","141.91114","1311.49874","number of customers","cents per kilowatt-hour","million dollars","million kilowatt hours"
"2025-Q4","SD","South Dakota","IND","industrial","4324","8.56","67.38307","787.39736","number of customers","cents per kilowatt-hour","million dollars","million kilowatt hours"
"2025-Q4","SD","South Dakota","OTH","other",NA,NA,NA,NA,"number of customers","cents per kilowatt-hour","million dollars","million kilowatt hours"
"2025-Q4","SD","South Dakota","RES","residential","446058","13.36","170.67907","1277.9287","number of customers","cents per kilowatt-hour","million dollars","million kilowatt hours"
"2025-Q4","SD","South Dakota","TRA","transportation","0",NA,"0","0","number of customers","cents per kilowatt-hour","million dollars","million kilowatt hours"
"2025-Q4","TN","Tennessee","ALL","all sectors","3677670","11.2","2754.61248","24604.97818","number of customers","cents per kilowatt-hour","million dollars","million kilowatt hours"
"2025-Q4","TN","Tennessee","COM","commercial","550249","12.53","1069.43732","8533.16177","number of customers","cents per kilowatt-hour","million dollars","million kilowatt hours"
"2025-Q4","TN","Tennessee","IND","industrial","997","6.39","399.61757","6257.27365","number of customers","cents per kilowatt-hour","million dollars","million kilowatt hours"
"2025-Q4","TN","Tennessee","OTH","other",NA,NA,NA,NA,"number of customers","cents per kilowatt-hour","million dollars","million kilowatt hours"
"2025-Q4","TN","Tennessee","RES","residential","3126424","13.1","1285.55759","9814.54277","number of customers","cents per kilowatt-hour","million dollars","million kilowatt hours"
"2025-Q4","TN","Tennessee","TRA","transportation","0",NA,"0","0","number of customers","cents per kilowatt-hour","million dollars","million kilowatt hours"
"2025-Q4","TX","Texas","ALL","all sectors","14820927","10.16","12346.40531","121478.71463","number of customers","cents per kilowatt-hour","million dollars","million kilowatt hours"
"2025-Q4","TX","Texas","COM","commercial","1548991","8.64","3654.22365","42316.51971","number of customers","cents per kilowatt-hour","million dollars","million kilowatt hours"
"2025-Q4","TX","Texas","IND","industrial","409395","6.65","2826.93637","42515.28024","number of customers","cents per kilowatt-hour","million dollars","million kilowatt hours"
"2025-Q4","TX","Texas","OTH","other",NA,NA,NA,NA,"number of customers","cents per kilowatt-hour","million dollars","million kilowatt hours"
"2025-Q4","TX","Texas","RES","residential","12862538","16.01","5865.12019","36643.58424","number of customers","cents per kilowatt-hour","million dollars","million kilowatt hours"
"2025-Q4","TX","Texas","TRA","transportation","3","3.76",".12509","3.33045","number of customers","cents per kilowatt-hour","million dollars","million kilowatt hours"
"2025-Q4","US","U.S. Total","ALL","all sectors","165372584","13.62","130348.91919","957325.5419","number of customers","cents per kilowatt-hour","million dollars","million kilowatt hours"
"2025-Q4","US","U.S. Total","COM","commercial","19630647","13.44","48666.62247","362023.23848","number of customers","cents per kilowatt-hour","million dollars","million kilowatt hours"
"2025-Q4","US","U.S. Total","IND","industrial","1134976","8.54","21810.18778","255333.56695","number of customers","cents per kilowatt-hour","million dollars","million kilowatt hours"
"2025-Q4","US","U.S. Total","OTH","other",NA,NA,NA,NA,"number of customers","cents per kilowatt-hour","million dollars","million kilowatt hours"
"2025-Q4","US","U.S. Total","RES","residential","144606880","17.63","59629.15508","338202.33671","number of customers","cents per kilowatt-hour","million dollars","million kilowatt hours"
"2025-Q4","US","U.S. Total","TRA","transportation","81","13.75","242.95385","1766.39977","number of customers","cents per kilowatt-hour","million dollars","million kilowatt hours"
"2025-Q4","UT","Utah","ALL","all sectors","1427317","10.44","858.94064","8230.71122","number of customers","cents per kilowatt-hour","million dollars","million kilowatt hours"
"2025-Q4","UT","Utah","COM","commercial","145621","9.83","352.54852","3587.26743","number of customers","cents per kilowatt-hour","million dollars","million kilowatt hours"
"2025-Q4","UT","Utah","IND","industrial","10754","8.14","172.96757","2123.83787","number of customers","cents per kilowatt-hour","million dollars","million kilowatt hours"
"2025-Q4","UT","Utah","OTH","other",NA,NA,NA,NA,"number of customers","cents per kilowatt-hour","million dollars","million kilowatt hours"
"2025-Q4","UT","Utah","RES","residential","1270941","13.24","331.79691","2506.43062","number of customers","cents per kilowatt-hour","million dollars","million kilowatt hours"
"2025-Q4","UT","Utah","TRA","transportation","1","12.35","1.62764","13.17531","number of customers","cents per kilowatt-hour","million dollars","million kilowatt hours"
"2025-Q4","VA","Virginia","ALL","all sectors","4158368","11.94","4170.4665","34917.34714","number of customers","cents per kilowatt-hour","million dollars","million kilowatt hours"
"2025-Q4","VA","Virginia","COM","commercial","450198","10.21","2087.49128","20441.7065","number of customers","cents per kilowatt-hour","million dollars","million kilowatt hours"
"2025-Q4","VA","Virginia","IND","industrial","3998","9.88","324.84434","3288.94686","number of customers","cents per kilowatt-hour","million dollars","million kilowatt hours"
"2025-Q4","VA","Virginia","OTH","other",NA,NA,NA,NA,"number of customers","cents per kilowatt-hour","million dollars","million kilowatt hours"
"2025-Q4","VA","Virginia","RES","residential","3704171","15.74","1750.5067","11118.30709","number of customers","cents per kilowatt-hour","million dollars","million kilowatt hours"
"2025-Q4","VA","Virginia","TRA","transportation","1","11.15","7.62416","68.38667","number of customers","cents per kilowatt-hour","million dollars","million kilowatt hours"
"2025-Q4","VT","Vermont","ALL","all sectors","377628","20.23","276.93839","1369.28468","number of customers","cents per kilowatt-hour","million dollars","million kilowatt hours"
"2025-Q4","VT","Vermont","COM","commercial","64015","20.86","99.82544","478.65664","number of customers","cents per kilowatt-hour","million dollars","million kilowatt hours"
"2025-Q4","VT","Vermont","IND","industrial","222","12.74","41.06011","322.32617","number of customers","cents per kilowatt-hour","million dollars","million kilowatt hours"
"2025-Q4","VT","Vermont","OTH","other",NA,NA,NA,NA,"number of customers","cents per kilowatt-hour","million dollars","million kilowatt hours"
"2025-Q4","VT","Vermont","RES","residential","313391","23.94","136.05284","568.30187","number of customers","cents per kilowatt-hour","million dollars","million kilowatt hours"
"2025-Q4","VT","Vermont","TRA","transportation","0",NA,"0","0","number of customers","cents per kilowatt-hour","million dollars","million kilowatt hours"
"2025-Q4","WA","Washington","ALL","all sectors","3848707","11.45","2599.62757","22708.55036","number of customers","cents per kilowatt-hour","million dollars","million kilowatt hours"
"2025-Q4","WA","Washington","COM","commercial","406478","11.27","944.73637","8379.69832","number of customers","cents per kilowatt-hour","million dollars","million kilowatt hours"
"2025-Q4","WA","Washington","IND","industrial","25296","6.94","314.93876","4538.97869","number of customers","cents per kilowatt-hour","million dollars","million kilowatt hours"
"2025-Q4","WA","Washington","OTH","other",NA,NA,NA,NA,"number of customers","cents per kilowatt-hour","million dollars","million kilowatt hours"
"2025-Q4","WA","Washington","RES","residential","3416928","13.69","1336.84162","9765.3106","number of customers","cents per kilowatt-hour","million dollars","million kilowatt hours"
"2025-Q4","WA","Washington","TRA","transportation","5","12.66","3.11083","24.56276","number of customers","cents per kilowatt-hour","million dollars","million kilowatt hours"
"2025-Q4","WI","Wisconsin","ALL","all sectors","3259559","13.13","2237.40931","17043.02487","number of customers","cents per kilowatt-hour","million dollars","million kilowatt hours"
"2025-Q4","WI","Wisconsin","COM","commercial","372971","12.84","744.26559","5797.87259","number of customers","cents per kilowatt-hour","million dollars","million kilowatt hours"
"2025-Q4","WI","Wisconsin","IND","industrial","5663","8.64","497.81642","5765.07536","number of customers","cents per kilowatt-hour","million dollars","million kilowatt hours"
"2025-Q4","WI","Wisconsin","OTH","other",NA,NA,NA,NA,"number of customers","cents per kilowatt-hour","million dollars","million kilowatt hours"
"2025-Q4","WI","Wisconsin","RES","residential","2880923","18.16","995.26257","5479.73285","number of customers","cents per kilowatt-hour","million dollars","million kilowatt hours"
"2025-Q4","WI","Wisconsin","TRA","transportation","2","18.81",".06473",".34408","number of customers","cents per kilowatt-hour","million dollars","million kilowatt hours"
"2025-Q4","WNC","West North Central","ALL","all sectors","11799465","10.38","8210.22867","79107.46488","number of customers","cents per kilowatt-hour","million dollars","million kilowatt hours"
"2025-Q4","WNC","West North Central","COM","commercial","1549326","10.06","2822.59019","28054.05693","number of customers","cents per kilowatt-hour","million dollars","million kilowatt hours"
"2025-Q4","WNC","West North Central","IND","industrial","129781","7.63","1971.47787","25851.8953","number of customers","cents per kilowatt-hour","million dollars","million kilowatt hours"
"2025-Q4","WNC","West North Central","OTH","other",NA,NA,NA,NA,"number of customers","cents per kilowatt-hour","million dollars","million kilowatt hours"
"2025-Q4","WNC","West North Central","RES","residential","10120355","13.56","3414.92325","25190.94836","number of customers","cents per kilowatt-hour","million dollars","million kilowatt hours"
"2025-Q4","WNC","West North Central","TRA","transportation","3","11.71","1.23737","10.56431","number of customers","cents per kilowatt-hour","million dollars","million kilowatt hours"
"2025-Q4","WSC","West South Central","ALL","all sectors","21299998","9.9","17239.01062","174166.80356","number of customers","cents per kilowatt-hour","million dollars","million kilowatt hours"
"2025-Q4","WSC","West South Central","COM","commercial","2374829","9.01","5169.60444","57391.49228","number of customers","cents per kilowatt-hour","million dollars","million kilowatt hours"
"2025-Q4","WSC","West South Central","IND","industrial","483599","6.46","4142.1616","64106.31883","number of customers","cents per kilowatt-hour","million dollars","million kilowatt hours"
"2025-Q4","WSC","West South Central","OTH","other",NA,NA,NA,NA,"number of customers","cents per kilowatt-hour","million dollars","million kilowatt hours"
"2025-Q4","WSC","West South Central","RES","residential","18441564","15.05","7926.86126","52663.27068","number of customers","cents per kilowatt-hour","million dollars","million kilowatt hours"
"2025-Q4","WSC","West South Central","TRA","transportation","6","6.7",".38333","5.72176","number of customers","cents per kilowatt-hour","million dollars","million kilowatt hours"
"2025-Q4","WV","West Virginia","ALL","all sectors","1031659","11.38","958.49627","8423.84952","number of customers","cents per kilowatt-hour","million dollars","million kilowatt hours"
"2025-Q4","WV","West Virginia","COM","commercial","152977","11.78","233.62597","1982.71642","number of customers","cents per kilowatt-hour","million dollars","million kilowatt hours"
"2025-Q4","WV","West Virginia","IND","industrial","10760","8.15","297.50666","3648.32562","number of customers","cents per kilowatt-hour","million dollars","million kilowatt hours"
"2025-Q4","WV","West Virginia","OTH","other",NA,NA,NA,NA,"number of customers","cents per kilowatt-hour","million dollars","million kilowatt hours"
"2025-Q4","WV","West Virginia","RES","residential","867922","15.3","427.36363","2792.80748","number of customers","cents per kilowatt-hour","million dollars","million kilowatt hours"
"2025-Q4","WV","West Virginia","TRA","transportation","0",NA,"0","0","number of customers","cents per kilowatt-hour","million dollars","million kilowatt hours"
"2025-Q4","WY","Wyoming","ALL","all sectors","362988","9.79","421.84674","4310.65891","number of customers","cents per kilowatt-hour","million dollars","million kilowatt hours"
"2025-Q4","WY","Wyoming","COM","commercial","60145","9.54","138.86056","1455.62031","number of customers","cents per kilowatt-hour","million dollars","million kilowatt hours"
"2025-Q4","WY","Wyoming","IND","industrial","11948","8.62","184.99405","2144.8948","number of customers","cents per kilowatt-hour","million dollars","million kilowatt hours"
"2025-Q4","WY","Wyoming","OTH","other",NA,NA,NA,NA,"number of customers","cents per kilowatt-hour","million dollars","million kilowatt hours"
"2025-Q4","WY","Wyoming","RES","residential","290895","13.8","97.99213","710.14381","number of customers","cents per kilowatt-hour","million dollars","million kilowatt hours"
"2025-Q4","WY","Wyoming","TRA","transportation","0",NA,"0","0","number of customers","cents per kilowatt-hour","million dollars","million kilowatt hours"
"2025-Q3","AK","Alaska","ALL","all sectors","362967","23.57","338.65711","1436.90429","number of customers","cents per kilowatt-hour","million dollars","million kilowatt hours"
"2025-Q3","AK","Alaska","COM","commercial","58562","23.04","149.50749","648.96209","number of customers","cents per kilowatt-hour","million dollars","million kilowatt hours"
"2025-Q3","AK","Alaska","IND","industrial","1243","19.85","70.18434","353.59136","number of customers","cents per kilowatt-hour","million dollars","million kilowatt hours"
"2025-Q3","AK","Alaska","OTH","other",NA,NA,NA,NA,"number of customers","cents per kilowatt-hour","million dollars","million kilowatt hours"
"2025-Q3","AK","Alaska","RES","residential","303162","27.39","118.96529","434.35084","number of customers","cents per kilowatt-hour","million dollars","million kilowatt hours"
"2025-Q3","AK","Alaska","TRA","transportation","0",NA,"0","0","number of customers","cents per kilowatt-hour","million dollars","million kilowatt hours"
"2025-Q3","AL","Alabama","ALL","all sectors","2835759","12.91","3263.88143","25290.80119","number of customers","cents per kilowatt-hour","million dollars","million kilowatt hours"
"2025-Q3","AL","Alabama","COM","commercial","396911","14.5","962.55029","6636.42471","number of customers","cents per kilowatt-hour","million dollars","million kilowatt hours"
"2025-Q3","AL","Alabama","IND","industrial","7294","7.9","683.63236","8654.37327","number of customers","cents per kilowatt-hour","million dollars","million kilowatt hours"
"2025-Q3","AL","Alabama","OTH","other",NA,NA,NA,NA,"number of customers","cents per kilowatt-hour","million dollars","million kilowatt hours"
"2025-Q3","AL","Alabama","RES","residential","2431554","16.18","1617.69878","10000.00322","number of customers","cents per kilowatt-hour","million dollars","million kilowatt hours"
"2025-Q3","AL","Alabama","TRA","transportation","0",NA,"0","0","number of customers","cents per kilowatt-hour","million dollars","million kilowatt hours"
"2025-Q3","AR","Arkansas","ALL","all sectors","1747567","10.43","1618.69565","15519.19391","number of customers","cents per kilowatt-hour","million dollars","million kilowatt hours"
"2025-Q3","AR","Arkansas","COM","commercial","209592","10.84","389.165","3590.01158","number of customers","cents per kilowatt-hour","million dollars","million kilowatt hours"
"2025-Q3","AR","Arkansas","IND","industrial","41665","7.26","437.28277","6023.83086","number of customers","cents per kilowatt-hour","million dollars","million kilowatt hours"
"2025-Q3","AR","Arkansas","OTH","other",NA,NA,NA,NA,"number of customers","cents per kilowatt-hour","million dollars","million kilowatt hours"
"2025-Q3","AR","Arkansas","RES","residential","1496308","13.42","792.23575","5905.2632","number of customers","cents per kilowatt-hour","million dollars","million kilowatt hours"
"2025-Q3","AR","Arkansas","TRA","transportation","2","13.74",".01213",".08826","number of customers","cents per kilowatt-hour","million dollars","million kilowatt hours"
"2025-Q3","AZ","Arizona","ALL","all sectors","3524060","13.56","4122.00256","30398.68848","number of customers","cents per kilowatt-hour","million dollars","million kilowatt hours"
"2025-Q3","AZ","Arizona","COM","commercial","351144","13.01","1495.92145","11496.69378","number of customers","cents per kilowatt-hour","million dollars","million kilowatt hours"
"2025-Q3","AZ","Arizona","IND","industrial","7234","8.82","352.5695","3999.23302","number of customers","cents per kilowatt-hour","million dollars","million kilowatt hours"
"2025-Q3","AZ","Arizona","OTH","other",NA,NA,NA,NA,"number of customers","cents per kilowatt-hour","million dollars","million kilowatt hours"
"2025-Q3","AZ","Arizona","RES","residential","3165680","15.26","2273.13637","14899.73597","number of customers","cents per kilowatt-hour","million dollars","million kilowatt hours"
"2025-Q3","AZ","Arizona","TRA","transportation","2","12.4",".37524","3.02571","number of customers","cents per kilowatt-hour","million dollars","million kilowatt hours"
"2025-Q3","CA","California","ALL","all sectors","16250847","29.89","20745.73275","69414.74242","number of customers","cents per kilowatt-hour","million dollars","million kilowatt hours"
"2025-Q3","CA","California","COM","commercial","1781364","29.96","9317.99803","31104.54609","number of customers","cents per kilowatt-hour","million dollars","million kilowatt hours"
"2025-Q3","CA","California","IND","industrial","147154","25.12","3038.49528","12096.85498","number of customers","cents per kilowatt-hour","million dollars","million kilowatt hours"
"2025-Q3","CA","California","OTH","other",NA,NA,NA,NA,"number of customers","cents per kilowatt-hour","million dollars","million kilowatt hours"
"2025-Q3","CA","California","RES","residential","14322316","32.1","8356.45395","26030.22409","number of customers","cents per kilowatt-hour","million dollars","million kilowatt hours"
"2025-Q3","CA","California","TRA","transportation","13","17.9","32.78549","183.11728","number of customers","cents per kilowatt-hour","million dollars","million kilowatt hours"
"2025-Q3","CO","Colorado","ALL","all sectors","2934334","13.51","2159.11985","15986.74636","number of customers","cents per kilowatt-hour","million dollars","million kilowatt hours"
"2025-Q3","CO","Colorado","COM","commercial","401625","13.34","756.10362","5665.98883","number of customers","cents per kilowatt-hour","million dollars","million kilowatt hours"
"2025-Q3","CO","Colorado","IND","industrial","14846","9.49","388.74745","4097.44706","number of customers","cents per kilowatt-hour","million dollars","million kilowatt hours"
"2025-Q3","CO","Colorado","OTH","other",NA,NA,NA,NA,"number of customers","cents per kilowatt-hour","million dollars","million kilowatt hours"
"2025-Q3","CO","Colorado","RES","residential","2517862","16.32","1012.10251","6201.77762","number of customers","cents per kilowatt-hour","million dollars","million kilowatt hours"
"2025-Q3","CO","Colorado","TRA","transportation","1","10.06","2.16628","21.53286","number of customers","cents per kilowatt-hour","million dollars","million kilowatt hours"
"2025-Q3","CT","Connecticut","ALL","all sectors","1740570","25.57","1938.82704","7583.21033","number of customers","cents per kilowatt-hour","million dollars","million kilowatt hours"
"2025-Q3","CT","Connecticut","COM","commercial","156387","22.84","708.92018","3103.21535","number of customers","cents per kilowatt-hour","million dollars","million kilowatt hours"
"2025-Q3","CT","Connecticut","IND","industrial","3787","18.48","123.99888","671.16765","number of customers","cents per kilowatt-hour","million dollars","million kilowatt hours"
"2025-Q3","CT","Connecticut","OTH","other",NA,NA,NA,NA,"number of customers","cents per kilowatt-hour","million dollars","million kilowatt hours"
"2025-Q3","CT","Connecticut","RES","residential","1580393","29.17","1097.65572","3762.92179","number of customers","cents per kilowatt-hour","million dollars","million kilowatt hours"
"2025-Q3","CT","Connecticut","TRA","transportation","3","17.98","8.25226","45.90554","number of customers","cents per kilowatt-hour","million dollars","million kilowatt hours"
"2025-Q3","DC","District of Columbia","ALL","all sectors","352768","20.63","574.43599","2785.11741","number of customers","cents per kilowatt-hour","million dollars","million kilowatt hours"
"2025-Q3","DC","District of Columbia","COM","commercial","27587","20.33","397.21975","1954.30986","number of customers","cents per kilowatt-hour","million dollars","million kilowatt hours"
"2025-Q3","DC","District of Columbia","IND","industrial","1","13.47","5.83624","43.33911","number of customers","cents per kilowatt-hour","million dollars","million kilowatt hours"
"2025-Q3","DC","District of Columbia","OTH","other",NA,NA,NA,NA,"number of customers","cents per kilowatt-hour","million dollars","million kilowatt hours"
"2025-Q3","DC","District of Columbia","RES","residential","325177","23.25","162.50911","698.91394","number of customers","cents per kilowatt-hour","million dollars","million kilowatt hours"
"2025-Q3","DC","District of Columbia","TRA","transportation","3","10.02","8.8709","88.55451","number of customers","cents per kilowatt-hour","million dollars","million kilowatt hours"
"2025-Q3","DE","Delaware","ALL","all sectors","539680","14.14","466.03424","3295.06045","number of customers","cents per kilowatt-hour","million dollars","million kilowatt hours"
"2025-Q3","DE","Delaware","COM","commercial","61048","12.58","147.67378","1173.95757","number of customers","cents per kilowatt-hour","million dollars","million kilowatt hours"
"2025-Q3","DE","Delaware","IND","industrial","1142","9.78","58.64143","599.6366","number of customers","cents per kilowatt-hour","million dollars","million kilowatt hours"
"2025-Q3","DE","Delaware","OTH","other",NA,NA,NA,NA,"number of customers","cents per kilowatt-hour","million dollars","million kilowatt hours"
"2025-Q3","DE","Delaware","RES","residential","477491","17.07","259.71901","1521.46628","number of customers","cents per kilowatt-hour","million dollars","million kilowatt hours"
"2025-Q3","DE","Delaware","TRA","transportation","0",NA,"0","0","number of customers","cents per kilowatt-hour","million dollars","million kilowatt hours"
"2025-Q3","ENC","East North Central","ALL","all sectors","23549233","13.8","21831.18431","158150.59604","number of customers","cents per kilowatt-hour","million dollars","million kilowatt hours"
"2025-Q3","ENC","East North Central","COM","commercial","2588752","13.34","7059.79913","52904.41331","number of customers","cents per kilowatt-hour","million dollars","million kilowatt hours"
"2025-Q3","ENC","East North Central","IND","industrial","53903","9.39","4632.7746","49328.95886","number of customers","cents per kilowatt-hour","million dollars","million kilowatt hours"
"2025-Q3","ENC","East North Central","OTH","other",NA,NA,NA,NA,"number of customers","cents per kilowatt-hour","million dollars","million kilowatt hours"
"2025-Q3","ENC","East North Central","RES","residential","20906568","18.16","10127.15897","55779.4378","number of customers","cents per kilowatt-hour","million dollars","million kilowatt hours"
"2025-Q3","ENC","East North Central","TRA","transportation","10","8.31","11.4516","137.78604","number of customers","cents per kilowatt-hour","million dollars","million kilowatt hours"
"2025-Q3","ESC","East South Central","ALL","all sectors","10448405","11.82","10794.26541","91329.06522","number of customers","cents per kilowatt-hour","million dollars","million kilowatt hours"
"2025-Q3","ESC","East South Central","COM","commercial","1522450","13.06","3581.03742","27427.20533","number of customers","cents per kilowatt-hour","million dollars","million kilowatt hours"
"2025-Q3","ESC","East South Central","IND","industrial","25627","7.4","1975.09087","26696.99161","number of customers","cents per kilowatt-hour","million dollars","million kilowatt hours"
"2025-Q3","ESC","East South Central","OTH","other",NA,NA,NA,NA,"number of customers","cents per kilowatt-hour","million dollars","million kilowatt hours"
"2025-Q3","ESC","East South Central","RES","residential","8900329","14.08","5238.13714","37204.86829","number of customers","cents per kilowatt-hour","million dollars","million kilowatt hours"
"2025-Q3","ESC","East South Central","TRA","transportation","0",NA,"0","0","number of customers","cents per kilowatt-hour","million dollars","million kilowatt hours"
"2025-Q3","FL","Florida","ALL","all sectors","11990997","13.53","10388.65736","76780.12848","number of customers","cents per kilowatt-hour","million dollars","million kilowatt hours"
"2025-Q3","FL","Florida","COM","commercial","1326945","11.43","3270.16429","28620.95085","number of customers","cents per kilowatt-hour","million dollars","million kilowatt hours"
"2025-Q3","FL","Florida","IND","industrial","25242","8.97","412.21368","4595.63117","number of customers","cents per kilowatt-hour","million dollars","million kilowatt hours"
"2025-Q3","FL","Florida","OTH","other",NA,NA,NA,NA,"number of customers","cents per kilowatt-hour","million dollars","million kilowatt hours"
"2025-Q3","FL","Florida","RES","residential","10638808","15.4","6704.3339","43545.66423","number of customers","cents per kilowatt-hour","million dollars","million kilowatt hours"
"2025-Q3","FL","Florida","TRA","transportation","2","10.88","1.9455","17.88223","number of customers","cents per kilowatt-hour","million dollars","million kilowatt hours"
"2025-Q3","GA","Georgia","ALL","all sectors","5509090","12.74","5585.25733","43841.96697","number of customers","cents per kilowatt-hour","million dollars","million kilowatt hours"
"2025-Q3","GA","Georgia","COM","commercial","627349","11.66","1879.18682","16118.79674","number of customers","cents per kilowatt-hour","million dollars","million kilowatt hours"
"2025-Q3","GA","Georgia","IND","industrial","23288","8.85","770.00687","8695.80697","number of customers","cents per kilowatt-hour","million dollars","million kilowatt hours"
"2025-Q3","GA","Georgia","OTH","other",NA,NA,NA,NA,"number of customers","cents per kilowatt-hour","million dollars","million kilowatt hours"
"2025-Q3","GA","Georgia","RES","residential","4858452","15.44","2931.34315","18983.68275","number of customers","cents per kilowatt-hour","million dollars","million kilowatt hours"
"2025-Q3","GA","Georgia","TRA","transportation","1","10.81","4.72049","43.68051","number of customers","cents per kilowatt-hour","million dollars","million kilowatt hours"
"2025-Q3","HI","Hawaii","ALL","all sectors","509620","34.52","840.25219","2433.89693","number of customers","cents per kilowatt-hour","million dollars","million kilowatt hours"
"2025-Q3","HI","Hawaii","COM","commercial","59845","35.07","262.44086","748.35177","number of customers","cents per kilowatt-hour","million dollars","million kilowatt hours"
"2025-Q3","HI","Hawaii","IND","industrial","848","30.36","286.38131","943.2068","number of customers","cents per kilowatt-hour","million dollars","million kilowatt hours"
"2025-Q3","HI","Hawaii","OTH","other",NA,NA,NA,NA,"number of customers","cents per kilowatt-hour","million dollars","million kilowatt hours"
"2025-Q3","HI","Hawaii","RES","residential","448928","39.26","291.43002","742.33836","number of customers","cents per kilowatt-hour","million dollars","million kilowatt hours"
"2025-Q3","HI","Hawaii","TRA","transportation","0",NA,"0","0","number of customers","cents per kilowatt-hour","million dollars","million kilowatt hours"
"2025-Q3","IA","Iowa","ALL","all sectors","1731748","11.53","1795.81933","15581.73672","number of customers","cents per kilowatt-hour","million dollars","million kilowatt hours"
"2025-Q3","IA","Iowa","COM","commercial","253679","12.69","450.56477","3549.98489","number of customers","cents per kilowatt-hour","million dollars","million kilowatt hours"
"2025-Q3","IA","Iowa","IND","industrial","9518","8.98","701.83495","7816.87103","number of customers","cents per kilowatt-hour","million dollars","million kilowatt hours"
"2025-Q3","IA","Iowa","OTH","other",NA,NA,NA,NA,"number of customers","cents per kilowatt-hour","million dollars","million kilowatt hours"
"2025-Q3","IA","Iowa","RES","residential","1468550","15.27","643.41961","4214.8808","number of customers","cents per kilowatt-hour","million dollars","million kilowatt hours"
"2025-Q3","IA","Iowa","TRA","transportation","0",NA,"0","0","number of customers","cents per kilowatt-hour","million dollars","million kilowatt hours"
"2025-Q3","ID","Idaho","ALL","all sectors","1046028","9.98","768.78184","7702.35311","number of customers","cents per kilowatt-hour","million dollars","million kilowatt hours"
"2025-Q3","ID","Idaho","COM","commercial","126350","9.48","179.6966","1894.5496","number of customers","cents per kilowatt-hour","million dollars","million kilowatt hours"
"2025-Q3","ID","Idaho","IND","industrial","29983","8.51","279.44156","3284.23361","number of customers","cents per kilowatt-hour","million dollars","million kilowatt hours"
"2025-Q3","ID","Idaho","OTH","other",NA,NA,NA,NA,"number of customers","cents per kilowatt-hour","million dollars","million kilowatt hours"
"2025-Q3","ID","Idaho","RES","residential","889695","12.27","309.64369","2523.5699","number of customers","cents per kilowatt-hour","million dollars","million kilowatt hours"
"2025-Q3","ID","Idaho","TRA","transportation","0",NA,"0","0","number of customers","cents per kilowatt-hour","million dollars","million kilowatt hours"
"2025-Q3","IL","Illinois","ALL","all sectors","6045176","14.46","5510.43615","38109.51706","number of customers","cents per kilowatt-hour","million dollars","million kilowatt hours"
"2025-Q3","IL","Illinois","COM","commercial","647209","13.87","1759.30307","12686.31187","number of customers","cents per kilowatt-hour","million dollars","million kilowatt hours"
"2025-Q3","IL","Illinois","IND","industrial","5550","10.73","1191.3183","11103.82212","number of customers","cents per kilowatt-hour","million dollars","million kilowatt hours"
"2025-Q3","IL","Illinois","OTH","other",NA,NA,NA,NA,"number of customers","cents per kilowatt-hour","million dollars","million kilowatt hours"
"2025-Q3","IL","Illinois","RES","residential","5392414","17.96","2550.03317","14194.73159","number of customers","cents per kilowatt-hour","million dollars","million kilowatt hours"
"2025-Q3","IL","Illinois","TRA","transportation","3","7.85","9.7816","124.65147","number of customers","cents per kilowatt-hour","million dollars","million kilowatt hours"
"2025-Q3","IN","Indiana","ALL","all sectors","3401647","12.98","3708.48","28564.81974","number of customers","cents per kilowatt-hour","million dollars","million kilowatt hours"
"2025-Q3","IN","Indiana","COM","commercial","375965","14.07","1019.21891","7242.44717","number of customers","cents per kilowatt-hour","million dollars","million kilowatt hours"
"2025-Q3","IN","Indiana","IND","industrial","19246","9.18","1049.96726","11435.35531","number of customers","cents per kilowatt-hour","million dollars","million kilowatt hours"
"2025-Q3","IN","Indiana","OTH","other",NA,NA,NA,NA,"number of customers","cents per kilowatt-hour","million dollars","million kilowatt hours"
"2025-Q3","IN","Indiana","RES","residential","3006435","16.58","1638.54531","9881.80712","number of customers","cents per kilowatt-hour","million dollars","million kilowatt hours"
"2025-Q3","IN","Indiana","TRA","transportation","1","14.37",".74853","5.21015","number of customers","cents per kilowatt-hour","million dollars","million kilowatt hours"
"2025-Q3","KS","Kansas","ALL","all sectors","1622846","11.99","1478.31552","12327.63536","number of customers","cents per kilowatt-hour","million dollars","million kilowatt hours"
"2025-Q3","KS","Kansas","COM","commercial","250964","11.9","554.84071","4662.02639","number of customers","cents per kilowatt-hour","million dollars","million kilowatt hours"
"2025-Q3","KS","Kansas","IND","industrial","24528","8.14","256.03626","3144.3849","number of customers","cents per kilowatt-hour","million dollars","million kilowatt hours"
"2025-Q3","KS","Kansas","OTH","other",NA,NA,NA,NA,"number of customers","cents per kilowatt-hour","million dollars","million kilowatt hours"
"2025-Q3","KS","Kansas","RES","residential","1347354","14.76","667.43855","4521.22406","number of customers","cents per kilowatt-hour","million dollars","million kilowatt hours"
"2025-Q3","KS","Kansas","TRA","transportation","0",NA,"0","0","number of customers","cents per kilowatt-hour","million dollars","million kilowatt hours"
"2025-Q3","KY","Kentucky","ALL","all sectors","2342394","10.72","2227.36015","20772.85987","number of customers","cents per kilowatt-hour","million dollars","million kilowatt hours"
"2025-Q3","KY","Kentucky","COM","commercial","328237","11.93","692.08297","5802.40745","number of customers","cents per kilowatt-hour","million dollars","million kilowatt hours"
"2025-Q3","KY","Kentucky","IND","industrial","4717","7.09","515.81407","7279.78357","number of customers","cents per kilowatt-hour","million dollars","million kilowatt hours"
"2025-Q3","KY","Kentucky","OTH","other",NA,NA,NA,NA,"number of customers","cents per kilowatt-hour","million dollars","million kilowatt hours"
"2025-Q3","KY","Kentucky","RES","residential","2009440","13.26","1019.4631","7690.66886","number of customers","cents per kilowatt-hour","million dollars","million kilowatt hours"
"2025-Q3","KY","Kentucky","TRA","transportation","0",NA,"0","0","number of customers","cents per kilowatt-hour","million dollars","million kilowatt hours"
"2025-Q3","LA","Louisiana","ALL","all sectors","2493128","9.83","2782.74452","28295.71561","number of customers","cents per kilowatt-hour","million dollars","million kilowatt hours"
"2025-Q3","LA","Louisiana","COM","commercial","304735","11.04","773.51361","7009.27034","number of customers","cents per kilowatt-hour","million dollars","million kilowatt hours"
"2025-Q3","LA","Louisiana","IND","industrial","17796","6.44","713.15682","11073.77238","number of customers","cents per kilowatt-hour","million dollars","million kilowatt hours"
"2025-Q3","LA","Louisiana","OTH","other",NA,NA,NA,NA,"number of customers","cents per kilowatt-hour","million dollars","million kilowatt hours"
"2025-Q3","LA","Louisiana","RES","residential","2170595","12.69","1295.78541","10210.02174","number of customers","cents per kilowatt-hour","million dollars","million kilowatt hours"
"2025-Q3","LA","Louisiana","TRA","transportation","1","10.89",".28867","2.65117","number of customers","cents per kilowatt-hour","million dollars","million kilowatt hours"
"2025-Q3","MA","Massachusetts","ALL","all sectors","3341210","25.51","3653.19498","14320.49922","number of customers","cents per kilowatt-hour","million dollars","million kilowatt hours"
"2025-Q3","MA","Massachusetts","COM","commercial","426611","22.82","1524.20552","6679.248","number of customers","cents per kilowatt-hour","million dollars","million kilowatt hours"
"2025-Q3","MA","Massachusetts","IND","industrial","10128","19.37","306.89588","1584.56493","number of customers","cents per kilowatt-hour","million dollars","million kilowatt hours"
"2025-Q3","MA","Massachusetts","OTH","other",NA,NA,NA,NA,"number of customers","cents per kilowatt-hour","million dollars","million kilowatt hours"
"2025-Q3","MA","Massachusetts","RES","residential","2904469","30.35","1815.61131","5982.75797","number of customers","cents per kilowatt-hour","million dollars","million kilowatt hours"
"2025-Q3","MA","Massachusetts","TRA","transportation","2","8.77","6.48228","73.92832","number of customers","cents per kilowatt-hour","million dollars","million kilowatt hours"
"2025-Q3","MAT","Middle Atlantic","ALL","all sectors","19301775","19.21","19405.26423","100991.99994","number of customers","cents per kilowatt-hour","million dollars","million kilowatt hours"
"2025-Q3","MAT","Middle Atlantic","COM","commercial","2462064","18.94","7711.48031","40717.73355","number of customers","cents per kilowatt-hour","million dollars","million kilowatt hours"
"2025-Q3","MAT","Middle Atlantic","IND","industrial","40031","10.03","1852.56226","18470.00304","number of customers","cents per kilowatt-hour","million dollars","million kilowatt hours"
"2025-Q3","MAT","Middle Atlantic","OTH","other",NA,NA,NA,NA,"number of customers","cents per kilowatt-hour","million dollars","million kilowatt hours"
"2025-Q3","MAT","Middle Atlantic","RES","residential","16799661","23.7","9679.9392","40845.58538","number of customers","cents per kilowatt-hour","million dollars","million kilowatt hours"
"2025-Q3","MAT","Middle Atlantic","TRA","transportation","18","16.82","161.28245","958.67798","number of customers","cents per kilowatt-hour","million dollars","million kilowatt hours"
"2025-Q3","MD","Maryland","ALL","all sectors","2738909","17.13","2753.09782","16072.57781","number of customers","cents per kilowatt-hour","million dollars","million kilowatt hours"
"2025-Q3","MD","Maryland","COM","commercial","262574","15.12","1142.05554","7552.3838","number of customers","cents per kilowatt-hour","million dollars","million kilowatt hours"
"2025-Q3","MD","Maryland","IND","industrial","9380","12.5","114.20257","913.68595","number of customers","cents per kilowatt-hour","million dollars","million kilowatt hours"
"2025-Q3","MD","Maryland","OTH","other",NA,NA,NA,NA,"number of customers","cents per kilowatt-hour","million dollars","million kilowatt hours"
"2025-Q3","MD","Maryland","RES","residential","2466950","19.75","1482.53723","7506.41938","number of customers","cents per kilowatt-hour","million dollars","million kilowatt hours"
"2025-Q3","MD","Maryland","TRA","transportation","5","14.29","14.30248","100.08868","number of customers","cents per kilowatt-hour","million dollars","million kilowatt hours"
"2025-Q3","ME","Maine","ALL","all sectors","873861","22.96","640.81658","2790.6214","number of customers","cents per kilowatt-hour","million dollars","million kilowatt hours"
"2025-Q3","ME","Maine","COM","commercial","113646","21.2","226.5098","1068.46851","number of customers","cents per kilowatt-hour","million dollars","million kilowatt hours"
"2025-Q3","ME","Maine","IND","industrial","1837","15.86","89.84072","566.56713","number of customers","cents per kilowatt-hour","million dollars","million kilowatt hours"
"2025-Q3","ME","Maine","OTH","other",NA,NA,NA,NA,"number of customers","cents per kilowatt-hour","million dollars","million kilowatt hours"
"2025-Q3","ME","Maine","RES","residential","758378","28.08","324.46607","1155.58576","number of customers","cents per kilowatt-hour","million dollars","million kilowatt hours"
"2025-Q3","ME","Maine","TRA","transportation","0",NA,"0","0","number of customers","cents per kilowatt-hour","million dollars","million kilowatt hours"
"2025-Q3","MI","Michigan","ALL","all sectors","5117327","15.28","4258.59963","27877.62555","number of customers","cents per kilowatt-hour","million dollars","million kilowatt hours"
"2025-Q3","MI","Michigan","COM","commercial","570096","14.76","1540.67586","10438.34273","number of customers","cents per kilowatt-hour","million dollars","million kilowatt hours"
"2025-Q3","MI","Michigan","IND","industrial","5753","8.6","639.59445","7433.81428","number of customers","cents per kilowatt-hour","million dollars","million kilowatt hours"
"2025-Q3","MI","Michigan","OTH","other",NA,NA,NA,NA,"number of customers","cents per kilowatt-hour","million dollars","million kilowatt hours"
"2025-Q3","MI","Michigan","RES","residential","4541475","20.77","2078.1266","10004.01702","number of customers","cents per kilowatt-hour","million dollars","million kilowatt hours"
"2025-Q3","MI","Michigan","TRA","transportation","2","13.97",".20273","1.45152","number of customers","cents per kilowatt-hour","million dollars","million kilowatt hours"
"2025-Q3","MN","Minnesota","ALL","all sectors","2942834","13.51","2365.99005","17506.99426","number of customers","cents per kilowatt-hour","million dollars","million kilowatt hours"
"2025-Q3","MN","Minnesota","COM","commercial","311862","13.14","815.25666","6205.32536","number of customers","cents per kilowatt-hour","million dollars","million kilowatt hours"
"2025-Q3","MN","Minnesota","IND","industrial","9524","9.65","483.62219","5012.20036","number of customers","cents per kilowatt-hour","million dollars","million kilowatt hours"
"2025-Q3","MN","Minnesota","OTH","other",NA,NA,NA,NA,"number of customers","cents per kilowatt-hour","million dollars","million kilowatt hours"
"2025-Q3","MN","Minnesota","RES","residential","2621447","16.97","1066.6123","6286.09416","number of customers","cents per kilowatt-hour","million dollars","million kilowatt hours"
"2025-Q3","MN","Minnesota","TRA","transportation","1","14.79",".49891","3.37437","number of customers","cents per kilowatt-hour","million dollars","million kilowatt hours"
"2025-Q3","MO","Missouri","ALL","all sectors","3291760","13.45","3080.99498","22903.68667","number of customers","cents per kilowatt-hour","million dollars","million kilowatt hours"
"2025-Q3","MO","Missouri","COM","commercial","407618","12.39","1067.05479","8614.77181","number of customers","cents per kilowatt-hour","million dollars","million kilowatt hours"
"2025-Q3","MO","Missouri","IND","industrial","9352","9.47","331.88788","3505.23203","number of customers","cents per kilowatt-hour","million dollars","million kilowatt hours"
"2025-Q3","MO","Missouri","OTH","other",NA,NA,NA,NA,"number of customers","cents per kilowatt-hour","million dollars","million kilowatt hours"
"2025-Q3","MO","Missouri","RES","residential","2874788","15.6","1681.08241","10777.05063","number of customers","cents per kilowatt-hour","million dollars","million kilowatt hours"
"2025-Q3","MO","Missouri","TRA","transportation","2","14.62",".96992","6.63221","number of customers","cents per kilowatt-hour","million dollars","million kilowatt hours"
"2025-Q3","MS","Mississippi","ALL","all sectors","1609960","11.63","1688.92017","14517.75335","number of customers","cents per kilowatt-hour","million dollars","million kilowatt hours"
"2025-Q3","MS","Mississippi","COM","commercial","248436","12.79","548.10312","4285.7925","number of customers","cents per kilowatt-hour","million dollars","million kilowatt hours"
"2025-Q3","MS","Mississippi","IND","industrial","12613","7.55","320.73773","4245.80751","number of customers","cents per kilowatt-hour","million dollars","million kilowatt hours"
"2025-Q3","MS","Mississippi","OTH","other",NA,NA,NA,NA,"number of customers","cents per kilowatt-hour","million dollars","million kilowatt hours"
"2025-Q3","MS","Mississippi","RES","residential","1348911","13.7","820.07931","5986.15334","number of customers","cents per kilowatt-hour","million dollars","million kilowatt hours"
"2025-Q3","MS","Mississippi","TRA","transportation","0",NA,"0","0","number of customers","cents per kilowatt-hour","million dollars","million kilowatt hours"
"2025-Q3","MT","Montana","ALL","all sectors","723606","11.69","449.1503","3840.69227","number of customers","cents per kilowatt-hour","million dollars","million kilowatt hours"
"2025-Q3","MT","Montana","COM","commercial","141979","12.77","168.40495","1319.04496","number of customers","cents per kilowatt-hour","million dollars","million kilowatt hours"
"2025-Q3","MT","Montana","IND","industrial","14125","7.48","88.88622","1187.86565","number of customers","cents per kilowatt-hour","million dollars","million kilowatt hours"
"2025-Q3","MT","Montana","OTH","other",NA,NA,NA,NA,"number of customers","cents per kilowatt-hour","million dollars","million kilowatt hours"
"2025-Q3","MT","Montana","RES","residential","567502","14.38","191.85912","1333.78164","number of customers","cents per kilowatt-hour","million dollars","million kilowatt hours"
"2025-Q3","MT","Montana","TRA","transportation","0",NA,"0","0","number of customers","cents per kilowatt-hour","million dollars","million kilowatt hours"
"2025-Q3","MTN","Mountain","ALL","all sectors","12608085","12.19","11433.29745","93794.83862","number of customers","cents per kilowatt-hour","million dollars","million kilowatt hours"
"2025-Q3","MTN","Mountain","COM","commercial","1552366","12.03","3916.04162","32557.94615","number of customers","cents per kilowatt-hour","million dollars","million kilowatt hours"
"2025-Q3","MTN","Mountain","IND","industrial","103198","8.59","2091.89793","24345.73981","number of customers","cents per kilowatt-hour","million dollars","million kilowatt hours"
"2025-Q3","MTN","Mountain","OTH","other",NA,NA,NA,NA,"number of customers","cents per kilowatt-hour","million dollars","million kilowatt hours"
"2025-Q3","MTN","Mountain","RES","residential","10952515","14.71","5420.95732","36851.24917","number of customers","cents per kilowatt-hour","million dollars","million kilowatt hours"
"2025-Q3","MTN","Mountain","TRA","transportation","5","11.03","4.4006","39.90348","number of customers","cents per kilowatt-hour","million dollars","million kilowatt hours"
"2025-Q3","NC","North Carolina","ALL","all sectors","5944726","11.57","4511.60032","38979.83593","number of customers","cents per kilowatt-hour","million dollars","million kilowatt hours"
"2025-Q3","NC","North Carolina","COM","commercial","757888","10.04","1421.98695","14163.14705","number of customers","cents per kilowatt-hour","million dollars","million kilowatt hours"
"2025-Q3","NC","North Carolina","IND","industrial","8747","7.83","543.59022","6944.79842","number of customers","cents per kilowatt-hour","million dollars","million kilowatt hours"
"2025-Q3","NC","North Carolina","OTH","other",NA,NA,NA,NA,"number of customers","cents per kilowatt-hour","million dollars","million kilowatt hours"
"2025-Q3","NC","North Carolina","RES","residential","5178090","14.25","2545.70321","17868.51417","number of customers","cents per kilowatt-hour","million dollars","million kilowatt hours"
"2025-Q3","NC","North Carolina","TRA","transportation","1","9.48",".31995","3.37629","number of customers","cents per kilowatt-hour","million dollars","million kilowatt hours"
"2025-Q3","ND","North Dakota","ALL","all sectors","488736","8.48","617.72613","7285.083","number of customers","cents per kilowatt-hour","million dollars","million kilowatt hours"
"2025-Q3","ND","North Dakota","COM","commercial","77922","7.67","213.0495","2776.74642","number of customers","cents per kilowatt-hour","million dollars","million kilowatt hours"
"2025-Q3","ND","North Dakota","IND","industrial","10954","7.61","260.57756","3424.63622","number of customers","cents per kilowatt-hour","million dollars","million kilowatt hours"
"2025-Q3","ND","North Dakota","OTH","other",NA,NA,NA,NA,"number of customers","cents per kilowatt-hour","million dollars","million kilowatt hours"
"2025-Q3","ND","North Dakota","RES","residential","399860","13.3","144.09908","1083.70036","number of customers","cents per kilowatt-hour","million dollars","million kilowatt hours"
"2025-Q3","ND","North Dakota","TRA","transportation","0",NA,"0","0","number of customers","cents per kilowatt-hour","million dollars","million kilowatt hours"
"2025-Q3","NE","Nebraska","ALL","all sectors","1154725","10.23","1070.56049","10464.32025","number of customers","cents per kilowatt-hour","million dollars","million kilowatt hours"
"2025-Q3","NE","Nebraska","COM","commercial","165039","9.49","375.17922","3954.5794","number of customers","cents per kilowatt-hour","million dollars","million kilowatt hours"
"2025-Q3","NE","Nebraska","IND","industrial","65735","8.46","293.40351","3469.97315","number of customers","cents per kilowatt-hour","million dollars","million kilowatt hours"
"2025-Q3","NE","Nebraska","OTH","other",NA,NA,NA,NA,"number of customers","cents per kilowatt-hour","million dollars","million kilowatt hours"
"2025-Q3","NE","Nebraska","RES","residential","923952","13.22","401.97776","3039.76768","number of customers","cents per kilowatt-hour","million dollars","million kilowatt hours"
"2025-Q3","NE","Nebraska","TRA","transportation","0",NA,"0","0","number of customers","cents per kilowatt-hour","million dollars","million kilowatt hours"
"2025-Q3","NEW","New England","ALL","all sectors","7640448","24.54","7671.99725","31258.05463","number of customers","cents per kilowatt-hour","million dollars","million kilowatt hours"
"2025-Q3","NEW","New England","COM","commercial","938602","22.33","3028.54188","13565.24538","number of customers","cents per kilowatt-hour","million dollars","million kilowatt hours"
"2025-Q3","NEW","New England","IND","industrial","20801","17.77","679.68508","3823.84498","number of customers","cents per kilowatt-hour","million dollars","million kilowatt hours"
"2025-Q3","NEW","New England","OTH","other",NA,NA,NA,NA,"number of customers","cents per kilowatt-hour","million dollars","million kilowatt hours"
"2025-Q3","NEW","New England","RES","residential","6681040","28.72","3947.63674","13743.02456","number of customers","cents per kilowatt-hour","million dollars","million kilowatt hours"
"2025-Q3","NEW","New England","TRA","transportation","6","12.81","16.13356","125.9397","number of customers","cents per kilowatt-hour","million dollars","million kilowatt hours"
"2025-Q3","NH","New Hampshire","ALL","all sectors","775299","21.63","635.26685","2937.57741","number of customers","cents per kilowatt-hour","million dollars","million kilowatt hours"
"2025-Q3","NH","New Hampshire","COM","commercial","113281","20.23","219.70038","1085.75561","number of customers","cents per kilowatt-hour","million dollars","million kilowatt hours"
"2025-Q3","NH","New Hampshire","IND","industrial","3084","16.56","83.08499","501.70396","number of customers","cents per kilowatt-hour","million dollars","million kilowatt hours"
"2025-Q3","NH","New Hampshire","OTH","other",NA,NA,NA,NA,"number of customers","cents per kilowatt-hour","million dollars","million kilowatt hours"
"2025-Q3","NH","New Hampshire","RES","residential","658935","24.63","332.48148","1350.11785","number of customers","cents per kilowatt-hour","million dollars","million kilowatt hours"
"2025-Q3","NH","New Hampshire","TRA","transportation","0",NA,"0","0","number of customers","cents per kilowatt-hour","million dollars","million kilowatt hours"
"2025-Q3","NJ","New Jersey","ALL","all sectors","4331923","20.87","4476.22446","21451.00057","number of customers","cents per kilowatt-hour","million dollars","million kilowatt hours"
"2025-Q3","NJ","New Jersey","COM","commercial","542077","18.16","1814.92088","9994.56401","number of customers","cents per kilowatt-hour","million dollars","million kilowatt hours"
"2025-Q3","NJ","New Jersey","IND","industrial","11037","14.7","232.81587","1583.97246","number of customers","cents per kilowatt-hour","million dollars","million kilowatt hours"
"2025-Q3","NJ","New Jersey","OTH","other",NA,NA,NA,NA,"number of customers","cents per kilowatt-hour","million dollars","million kilowatt hours"
"2025-Q3","NJ","New Jersey","RES","residential","3778802","24.73","2415.51256","9765.86884","number of customers","cents per kilowatt-hour","million dollars","million kilowatt hours"
"2025-Q3","NJ","New Jersey","TRA","transportation","7","12.17","12.97514","106.59526","number of customers","cents per kilowatt-hour","million dollars","million kilowatt hours"
"2025-Q3","NM","New Mexico","ALL","all sectors","1077869","10.5","930.57509","8859.06354","number of customers","cents per kilowatt-hour","million dollars","million kilowatt hours"
"2025-Q3","NM","New Mexico","COM","commercial","147184","12.35","321.68594","2605.70903","number of customers","cents per kilowatt-hour","million dollars","million kilowatt hours"
"2025-Q3","NM","New Mexico","IND","industrial","9185","6.15","246.71381","4009.11617","number of customers","cents per kilowatt-hour","million dollars","million kilowatt hours"
"2025-Q3","NM","New Mexico","OTH","other",NA,NA,NA,NA,"number of customers","cents per kilowatt-hour","million dollars","million kilowatt hours"
"2025-Q3","NM","New Mexico","RES","residential","921499","16.14","362.17535","2244.23834","number of customers","cents per kilowatt-hour","million dollars","million kilowatt hours"
"2025-Q3","NM","New Mexico","TRA","transportation","0",NA,"0","0","number of customers","cents per kilowatt-hour","million dollars","million kilowatt hours"
"2025-Q3","NV","Nevada","ALL","all sectors","1519845","11.11","1401.74058","12617.06816","number of customers","cents per kilowatt-hour","million dollars","million kilowatt hours"
"2025-Q3","NV","Nevada","COM","commercial","178796","10.18","415.35529","4079.41498","number of customers","cents per kilowatt-hour","million dollars","million kilowatt hours"
"2025-Q3","NV","Nevada","IND","industrial","4943","9.9","330.32274","3336.54102","number of customers","cents per kilowatt-hour","million dollars","million kilowatt hours"
"2025-Q3","NV","Nevada","OTH","other",NA,NA,NA,NA,"number of customers","cents per kilowatt-hour","million dollars","million kilowatt hours"
"2025-Q3","NV","Nevada","RES","residential","1336105","12.62","655.8572","5198.98483","number of customers","cents per kilowatt-hour","million dollars","million kilowatt hours"
"2025-Q3","NV","Nevada","TRA","transportation","1","9.65",".20536","2.12733","number of customers","cents per kilowatt-hour","million dollars","million kilowatt hours"
"2025-Q3","NY","New York","ALL","all sectors","8650309","22.83","9334.25357","40891.57141","number of customers","cents per kilowatt-hour","million dollars","million kilowatt hours"
"2025-Q3","NY","New York","COM","commercial","1176743","22.74","4519.71097","19875.84679","number of customers","cents per kilowatt-hour","million dollars","million kilowatt hours"
"2025-Q3","NY","New York","IND","industrial","17956","9.65","412.83259","4278.80551","number of customers","cents per kilowatt-hour","million dollars","million kilowatt hours"
"2025-Q3","NY","New York","OTH","other",NA,NA,NA,NA,"number of customers","cents per kilowatt-hour","million dollars","million kilowatt hours"
"2025-Q3","NY","New York","RES","residential","7455605","26.64","4266.57357","16014.36864","number of customers","cents per kilowatt-hour","million dollars","million kilowatt hours"
"2025-Q3","NY","New York","TRA","transportation","6","18.7","135.13644","722.5505","number of customers","cents per kilowatt-hour","million dollars","million kilowatt hours"
"2025-Q3","OH","Ohio","ALL","all sectors","5739660","12.83","5707.62368","44485.83433","number of customers","cents per kilowatt-hour","million dollars","million kilowatt hours"
"2025-Q3","OH","Ohio","COM","commercial","623668","11.64","1872.47414","16091.44375","number of customers","cents per kilowatt-hour","million dollars","million kilowatt hours"
"2025-Q3","OH","Ohio","IND","industrial","17596","8.8","1148.16486","13045.1779","number of customers","cents per kilowatt-hour","million dollars","million kilowatt hours"
"2025-Q3","OH","Ohio","OTH","other",NA,NA,NA,NA,"number of customers","cents per kilowatt-hour","million dollars","million kilowatt hours"
"2025-Q3","OH","Ohio","RES","residential","5098394","17.51","2686.3215","15343.05363","number of customers","cents per kilowatt-hour","million dollars","million kilowatt hours"
"2025-Q3","OH","Ohio","TRA","transportation","2","10.77",".66318","6.15905","number of customers","cents per kilowatt-hour","million dollars","million kilowatt hours"
"2025-Q3","OK","Oklahoma","ALL","all sectors","2235988","10.54","2291.00531","21738.26986","number of customers","cents per kilowatt-hour","million dollars","million kilowatt hours"
"2025-Q3","OK","Oklahoma","COM","commercial","311624","10.03","798.41221","7960.28817","number of customers","cents per kilowatt-hour","million dollars","million kilowatt hours"
"2025-Q3","OK","Oklahoma","IND","industrial","19760","6.69","408.99496","6115.76961","number of customers","cents per kilowatt-hour","million dollars","million kilowatt hours"
"2025-Q3","OK","Oklahoma","OTH","other",NA,NA,NA,NA,"number of customers","cents per kilowatt-hour","million dollars","million kilowatt hours"
"2025-Q3","OK","Oklahoma","RES","residential","1904604","14.14","1083.59814","7662.21209","number of customers","cents per kilowatt-hour","million dollars","million kilowatt hours"
"2025-Q3","OK","Oklahoma","TRA","transportation","0",NA,"0","0","number of customers","cents per kilowatt-hour","million dollars","million kilowatt hours"
"2025-Q3","OR","Oregon","ALL","all sectors","2167069","11.59","1836.21944","15844.83455","number of customers","cents per kilowatt-hour","million dollars","million kilowatt hours"
"2025-Q3","OR","Oregon","COM","commercial","249930","10.61","712.75696","6718.04807","number of customers","cents per kilowatt-hour","million dollars","million kilowatt hours"
"2025-Q3","OR","Oregon","IND","industrial","26834","8.53","372.32256","4362.8676","number of customers","cents per kilowatt-hour","million dollars","million kilowatt hours"
"2025-Q3","OR","Oregon","OTH","other",NA,NA,NA,NA,"number of customers","cents per kilowatt-hour","million dollars","million kilowatt hours"
"2025-Q3","OR","Oregon","RES","residential","1890304","15.77","750.35508","4758.24062","number of customers","cents per kilowatt-hour","million dollars","million kilowatt hours"
"2025-Q3","OR","Oregon","TRA","transportation","2","13.82",".78485","5.67827","number of customers","cents per kilowatt-hour","million dollars","million kilowatt hours"
"2025-Q3","PA","Pennsylvania","ALL","all sectors","6319543","14.48","5594.78621","38649.42796","number of customers","cents per kilowatt-hour","million dollars","million kilowatt hours"
"2025-Q3","PA","Pennsylvania","COM","commercial","743245","12.69","1376.84847","10847.32275","number of customers","cents per kilowatt-hour","million dollars","million kilowatt hours"
"2025-Q3","PA","Pennsylvania","IND","industrial","11038","9.57","1206.91379","12607.22508","number of customers","cents per kilowatt-hour","million dollars","million kilowatt hours"
"2025-Q3","PA","Pennsylvania","OTH","other",NA,NA,NA,NA,"number of customers","cents per kilowatt-hour","million dollars","million kilowatt hours"
"2025-Q3","PA","Pennsylvania","RES","residential","5565255","19.9","2997.85306","15065.34791","number of customers","cents per kilowatt-hour","million dollars","million kilowatt hours"
"2025-Q3","PA","Pennsylvania","TRA","transportation","5","10.17","13.17087","129.53223","number of customers","cents per kilowatt-hour","million dollars","million kilowatt hours"
"2025-Q3","PACC","Pacific Contiguous","ALL","all sectors","22260108","23.38","25016.87806","106987.85053","number of customers","cents per kilowatt-hour","million dollars","million kilowatt hours"
"2025-Q3","PACC","Pacific Contiguous","COM","commercial","2438876","23.68","10985.51858","46387.5486","number of customers","cents per kilowatt-hour","million dollars","million kilowatt hours"
"2025-Q3","PACC","Pacific Contiguous","IND","industrial","200172","17.66","3744.83688","21204.16481","number of customers","cents per kilowatt-hour","million dollars","million kilowatt hours"
"2025-Q3","PACC","Pacific Contiguous","OTH","other",NA,NA,NA,NA,"number of customers","cents per kilowatt-hour","million dollars","million kilowatt hours"
"2025-Q3","PACC","Pacific Contiguous","RES","residential","19621040","26.16","10249.80335","39181.75741","number of customers","cents per kilowatt-hour","million dollars","million kilowatt hours"
"2025-Q3","PACC","Pacific Contiguous","TRA","transportation","20","17.13","36.71923","214.37972","number of customers","cents per kilowatt-hour","million dollars","million kilowatt hours"
"2025-Q3","PACN","Pacific Noncontiguous","ALL","all sectors","872587","30.46","1178.9093","3870.80122","number of customers","cents per kilowatt-hour","million dollars","million kilowatt hours"
"2025-Q3","PACN","Pacific Noncontiguous","COM","commercial","118407","29.48","411.94834","1397.31387","number of customers","cents per kilowatt-hour","million dollars","million kilowatt hours"
"2025-Q3","PACN","Pacific Noncontiguous","IND","industrial","2091","27.5","356.56563","1296.79816","number of customers","cents per kilowatt-hour","million dollars","million kilowatt hours"
"2025-Q3","PACN","Pacific Noncontiguous","OTH","other",NA,NA,NA,NA,"number of customers","cents per kilowatt-hour","million dollars","million kilowatt hours"
"2025-Q3","PACN","Pacific Noncontiguous","RES","residential","752090","34.88","410.39533","1176.6892","number of customers","cents per kilowatt-hour","million dollars","million kilowatt hours"
"2025-Q3","PACN","Pacific Noncontiguous","TRA","transportation","0",NA,"0","0","number of customers","cents per kilowatt-hour","million dollars","million kilowatt hours"
"2025-Q3","RI","Rhode Island","ALL","all sectors","532704","24.07","537.15095","2231.84033","number of customers","cents per kilowatt-hour","million dollars","million kilowatt hours"
"2025-Q3","RI","Rhode Island","COM","commercial","64824","22.3","244.8361","1097.82033","number of customers","cents per kilowatt-hour","million dollars","million kilowatt hours"
"2025-Q3","RI","Rhode Island","IND","industrial","1743","20.39","36.29962","177.99494","number of customers","cents per kilowatt-hour","million dollars","million kilowatt hours"
"2025-Q3","RI","Rhode Island","OTH","other",NA,NA,NA,NA,"number of customers","cents per kilowatt-hour","million dollars","million kilowatt hours"
"2025-Q3","RI","Rhode Island","RES","residential","466136","26.8","254.61621","949.91919","number of customers","cents per kilowatt-hour","million dollars","million kilowatt hours"
"2025-Q3","RI","Rhode Island","TRA","transportation","1","22.91","1.39901","6.10586","number of customers","cents per kilowatt-hour","million dollars","million kilowatt hours"
"2025-Q3","SAT","South Atlantic","ALL","all sectors","35300171","12.88","32610.34273","253112.02423","number of customers","cents per kilowatt-hour","million dollars","million kilowatt hours"
"2025-Q3","SAT","South Atlantic","COM","commercial","4082457","11.34","11598.0821","102247.63078","number of customers","cents per kilowatt-hour","million dollars","million kilowatt hours"
"2025-Q3","SAT","South Atlantic","IND","industrial","86120","8.5","3021.84587","35561.49722","number of customers","cents per kilowatt-hour","million dollars","million kilowatt hours"
"2025-Q3","SAT","South Atlantic","OTH","other",NA,NA,NA,NA,"number of customers","cents per kilowatt-hour","million dollars","million kilowatt hours"
"2025-Q3","SAT","South Atlantic","RES","residential","31131582","15.61","17952.81497","114973.95062","number of customers","cents per kilowatt-hour","million dollars","million kilowatt hours"
"2025-Q3","SAT","South Atlantic","TRA","transportation","13","11.43","37.59978","328.94561","number of customers","cents per kilowatt-hour","million dollars","million kilowatt hours"
"2025-Q3","SC","South Carolina","ALL","all sectors","3048145","11.61","2821.41183","24297.31078","number of customers","cents per kilowatt-hour","million dollars","million kilowatt hours"
"2025-Q3","SC","South Carolina","COM","commercial","417084","10.94","847.93632","7748.82375","number of customers","cents per kilowatt-hour","million dollars","million kilowatt hours"
"2025-Q3","SC","South Carolina","IND","industrial","3540","7.34","483.94355","6596.42139","number of customers","cents per kilowatt-hour","million dollars","million kilowatt hours"
"2025-Q3","SC","South Carolina","OTH","other",NA,NA,NA,NA,"number of customers","cents per kilowatt-hour","million dollars","million kilowatt hours"
"2025-Q3","SC","South Carolina","RES","residential","2627520","14.97","1489.53198","9952.06564","number of customers","cents per kilowatt-hour","million dollars","million kilowatt hours"
"2025-Q3","SC","South Carolina","TRA","transportation","0",NA,"0","0","number of customers","cents per kilowatt-hour","million dollars","million kilowatt hours"
"2025-Q3","SD","South Dakota","ALL","all sectors","529231","11.92","425.37928","3567.65092","number of customers","cents per kilowatt-hour","million dollars","million kilowatt hours"
"2025-Q3","SD","South Dakota","COM","commercial","80269","11.34","159.75035","1408.57806","number of customers","cents per kilowatt-hour","million dollars","million kilowatt hours"
"2025-Q3","SD","South Dakota","IND","industrial","4426","9.01","75.81315","841.17403","number of customers","cents per kilowatt-hour","million dollars","million kilowatt hours"
"2025-Q3","SD","South Dakota","OTH","other",NA,NA,NA,NA,"number of customers","cents per kilowatt-hour","million dollars","million kilowatt hours"
"2025-Q3","SD","South Dakota","RES","residential","444536","14.4","189.81577","1317.89881","number of customers","cents per kilowatt-hour","million dollars","million kilowatt hours"
"2025-Q3","SD","South Dakota","TRA","transportation","0",NA,"0","0","number of customers","cents per kilowatt-hour","million dollars","million kilowatt hours"
"2025-Q3","TN","Tennessee","ALL","all sectors","3660293","11.75","3614.10366","30747.65081","number of customers","cents per kilowatt-hour","million dollars","million kilowatt hours"
"2025-Q3","TN","Tennessee","COM","commercial","548866","12.88","1378.30104","10702.58066","number of customers","cents per kilowatt-hour","million dollars","million kilowatt hours"
"2025-Q3","TN","Tennessee","IND","industrial","1003","6.98","454.90671","6517.02726","number of customers","cents per kilowatt-hour","million dollars","million kilowatt hours"
"2025-Q3","TN","Tennessee","OTH","other",NA,NA,NA,NA,"number of customers","cents per kilowatt-hour","million dollars","million kilowatt hours"
"2025-Q3","TN","Tennessee","RES","residential","3110424","13.16","1780.89594","13528.04289","number of customers","cents per kilowatt-hour","million dollars","million kilowatt hours"
"2025-Q3","TN","Tennessee","TRA","transportation","0",NA,"0","0","number of customers","cents per kilowatt-hour","million dollars","million kilowatt hours"
"2025-Q3","TX","Texas","ALL","all sectors","14743809","10.59","16074.81815","151777.26442","number of customers","cents per kilowatt-hour","million dollars","million kilowatt hours"
"2025-Q3","TX","Texas","COM","commercial","1550531","8.83","4368.08912","49480.30483","number of customers","cents per kilowatt-hour","million dollars","million kilowatt hours"
"2025-Q3","TX","Texas","IND","industrial","411772","6.64","3127.93662","47076.31528","number of customers","cents per kilowatt-hour","million dollars","million kilowatt hours"
"2025-Q3","TX","Texas","OTH","other",NA,NA,NA,NA,"number of customers","cents per kilowatt-hour","million dollars","million kilowatt hours"
"2025-Q3","TX","Texas","RES","residential","12781503","15.54","8578.66825","55217.34307","number of customers","cents per kilowatt-hour","million dollars","million kilowatt hours"
"2025-Q3","TX","Texas","TRA","transportation","3","3.76",".12418","3.30124","number of customers","cents per kilowatt-hour","million dollars","million kilowatt hours"
"2025-Q3","US","U.S. Total","ALL","all sectors","164963184","14.27","163544.18811","1146462.7814","number of customers","cents per kilowatt-hour","million dollars","million kilowatt hours"
"2025-Q3","US","U.S. Total","COM","commercial","19627809","13.99","58257.32531","416416.92421","number of customers","cents per kilowatt-hour","million dollars","million kilowatt hours"
"2025-Q3","US","U.S. Total","IND","industrial","1156972","9.15","25445.80577","278232.1583","number of customers","cents per kilowatt-hour","million dollars","million kilowatt hours"
"2025-Q3","US","U.S. Total","OTH","other",NA,NA,NA,NA,"number of customers","cents per kilowatt-hour","million dollars","million kilowatt hours"
"2025-Q3","US","U.S. Total","RES","residential","144178322","17.68","79571.57604","449992.01909","number of customers","cents per kilowatt-hour","million dollars","million kilowatt hours"
"2025-Q3","US","U.S. Total","TRA","transportation","81","14.79","269.481","1821.67979","number of customers","cents per kilowatt-hour","million dollars","million kilowatt hours"
"2025-Q3","UT","Utah","ALL","all sectors","1420097","11.6","1177.91351","10157.17574","number of customers","cents per kilowatt-hour","million dollars","million kilowatt hours"
"2025-Q3","UT","Utah","COM","commercial","145079","10.77","442.0158","4104.26178","number of customers","cents per kilowatt-hour","million dollars","million kilowatt hours"
"2025-Q3","UT","Utah","IND","industrial","10821","9.51","212.51945","2235.35956","number of customers","cents per kilowatt-hour","million dollars","million kilowatt hours"
"2025-Q3","UT","Utah","OTH","other",NA,NA,NA,NA,"number of customers","cents per kilowatt-hour","million dollars","million kilowatt hours"
"2025-Q3","UT","Utah","RES","residential","1264195","13.71","521.72455","3804.33682","number of customers","cents per kilowatt-hour","million dollars","million kilowatt hours"
"2025-Q3","UT","Utah","TRA","transportation","1","12.51","1.65371","13.21758","number of customers","cents per kilowatt-hour","million dollars","million kilowatt hours"
"2025-Q3","VA","Virginia","ALL","all sectors","4146187","11.78","4554.18436","38651.15941","number of customers","cents per kilowatt-hour","million dollars","million kilowatt hours"
"2025-Q3","VA","Virginia","COM","commercial","449176","9.86","2249.33354","22806.12119","number of customers","cents per kilowatt-hour","million dollars","million kilowatt hours"
"2025-Q3","VA","Virginia","IND","industrial","3972","9.58","339.6784","3547.4095","number of customers","cents per kilowatt-hour","million dollars","million kilowatt hours"
"2025-Q3","VA","Virginia","OTH","other",NA,NA,NA,NA,"number of customers","cents per kilowatt-hour","million dollars","million kilowatt hours"
"2025-Q3","VA","Virginia","RES","residential","3693038","16.02","1957.73197","12222.26532","number of customers","cents per kilowatt-hour","million dollars","million kilowatt hours"
"2025-Q3","VA","Virginia","TRA","transportation","1","9.87","7.44046","75.3634","number of customers","cents per kilowatt-hour","million dollars","million kilowatt hours"
"2025-Q3","VT","Vermont","ALL","all sectors","376803","19.13","266.74085","1394.30594","number of customers","cents per kilowatt-hour","million dollars","million kilowatt hours"
"2025-Q3","VT","Vermont","COM","commercial","63852","19.67","104.3699","530.73757","number of customers","cents per kilowatt-hour","million dollars","million kilowatt hours"
"2025-Q3","VT","Vermont","IND","industrial","222","12.29","39.56501","321.84638","number of customers","cents per kilowatt-hour","million dollars","million kilowatt hours"
"2025-Q3","VT","Vermont","OTH","other",NA,NA,NA,NA,"number of customers","cents per kilowatt-hour","million dollars","million kilowatt hours"
"2025-Q3","VT","Vermont","RES","residential","312730","22.67","122.80594","541.722","number of customers","cents per kilowatt-hour","million dollars","million kilowatt hours"
"2025-Q3","VT","Vermont","TRA","transportation","0",NA,"0","0","number of customers","cents per kilowatt-hour","million dollars","million kilowatt hours"
"2025-Q3","WA","Washington","ALL","all sectors","3842191","11.21","2434.92587","21728.27356","number of customers","cents per kilowatt-hour","million dollars","million kilowatt hours"
"2025-Q3","WA","Washington","COM","commercial","407582","11.15","954.76358","8564.95443","number of customers","cents per kilowatt-hour","million dollars","million kilowatt hours"
"2025-Q3","WA","Washington","IND","industrial","26184","7.04","334.01905","4744.44224","number of customers","cents per kilowatt-hour","million dollars","million kilowatt hours"
"2025-Q3","WA","Washington","OTH","other",NA,NA,NA,NA,"number of customers","cents per kilowatt-hour","million dollars","million kilowatt hours"
"2025-Q3","WA","Washington","RES","residential","3408420","13.62","1142.99432","8393.29272","number of customers","cents per kilowatt-hour","million dollars","million kilowatt hours"
"2025-Q3","WA","Washington","TRA","transportation","5","12.31","3.14891","25.58418","number of customers","cents per kilowatt-hour","million dollars","million kilowatt hours"
"2025-Q3","WI","Wisconsin","ALL","all sectors","3245423","13.84","2646.04487","19112.79938","number of customers","cents per kilowatt-hour","million dollars","million kilowatt hours"
"2025-Q3","WI","Wisconsin","COM","commercial","371814","13.47","868.12716","6445.8678","number of customers","cents per kilowatt-hour","million dollars","million kilowatt hours"
"2025-Q3","WI","Wisconsin","IND","industrial","5758","9.57","603.72974","6310.78927","number of customers","cents per kilowatt-hour","million dollars","million kilowatt hours"
"2025-Q3","WI","Wisconsin","OTH","other",NA,NA,NA,NA,"number of customers","cents per kilowatt-hour","million dollars","million kilowatt hours"
"2025-Q3","WI","Wisconsin","RES","residential","2867850","18.47","1174.13239","6355.82847","number of customers","cents per kilowatt-hour","million dollars","million kilowatt hours"
"2025-Q3","WI","Wisconsin","TRA","transportation","2","17.71",".05559",".31386","number of customers","cents per kilowatt-hour","million dollars","million kilowatt hours"
"2025-Q3","WNC","West North Central","ALL","all sectors","11761880","12.09","10834.78577","89637.10716","number of customers","cents per kilowatt-hour","million dollars","million kilowatt hours"
"2025-Q3","WNC","West North Central","COM","commercial","1547354","11.66","3635.696","31172.01233","number of customers","cents per kilowatt-hour","million dollars","million kilowatt hours"
"2025-Q3","WNC","West North Central","IND","industrial","134037","8.83","2403.17546","27214.47172","number of customers","cents per kilowatt-hour","million dollars","million kilowatt hours"
"2025-Q3","WNC","West North Central","OTH","other",NA,NA,NA,NA,"number of customers","cents per kilowatt-hour","million dollars","million kilowatt hours"
"2025-Q3","WNC","West North Central","RES","residential","10080486","15.35","4794.44547","31240.61653","number of customers","cents per kilowatt-hour","million dollars","million kilowatt hours"
"2025-Q3","WNC","West North Central","TRA","transportation","3","14.68","1.46882","10.00658","number of customers","cents per kilowatt-hour","million dollars","million kilowatt hours"
"2025-Q3","WSC","West South Central","ALL","all sectors","21220492","10.48","22767.26362","217330.4438","number of customers","cents per kilowatt-hour","million dollars","million kilowatt hours"
"2025-Q3","WSC","West South Central","COM","commercial","2376482","9.3","6329.17993","68039.8749","number of customers","cents per kilowatt-hour","million dollars","million kilowatt hours"
"2025-Q3","WSC","West South Central","IND","industrial","490993","6.67","4687.37117","70289.68812","number of customers","cents per kilowatt-hour","million dollars","million kilowatt hours"
"2025-Q3","WSC","West South Central","OTH","other",NA,NA,NA,NA,"number of customers","cents per kilowatt-hour","million dollars","million kilowatt hours"
"2025-Q3","WSC","West South Central","RES","residential","18353011","14.87","11750.28754","78994.84012","number of customers","cents per kilowatt-hour","million dollars","million kilowatt hours"
"2025-Q3","WSC","West South Central","TRA","transportation","6","7.04",".42498","6.04066","number of customers","cents per kilowatt-hour","million dollars","million kilowatt hours"
"2025-Q3","WV","West Virginia","ALL","all sectors","1029670","11.36","955.66349","8408.86702","number of customers","cents per kilowatt-hour","million dollars","million kilowatt hours"
"2025-Q3","WV","West Virginia","COM","commercial","152805","11.5","242.52511","2109.14","number of customers","cents per kilowatt-hour","million dollars","million kilowatt hours"
"2025-Q3","WV","West Virginia","IND","industrial","10808","8.1","293.73292","3624.76811","number of customers","cents per kilowatt-hour","million dollars","million kilowatt hours"
"2025-Q3","WV","West Virginia","OTH","other",NA,NA,NA,NA,"number of customers","cents per kilowatt-hour","million dollars","million kilowatt hours"
"2025-Q3","WV","West Virginia","RES","residential","866057","15.68","419.40546","2674.95892","number of customers","cents per kilowatt-hour","million dollars","million kilowatt hours"
"2025-Q3","WV","West Virginia","TRA","transportation","0",NA,"0","0","number of customers","cents per kilowatt-hour","million dollars","million kilowatt hours"
"2025-Q3","WY","Wyoming","ALL","all sectors","362246","10.02","424.01372","4233.05097","number of customers","cents per kilowatt-hour","million dollars","million kilowatt hours"
"2025-Q3","WY","Wyoming","COM","commercial","60208","9.83","136.85797","1392.28321","number of customers","cents per kilowatt-hour","million dollars","million kilowatt hours"
"2025-Q3","WY","Wyoming","IND","industrial","12061","8.78","192.6972","2195.94372","number of customers","cents per kilowatt-hour","million dollars","million kilowatt hours"
"2025-Q3","WY","Wyoming","OTH","other",NA,NA,NA,NA,"number of customers","cents per kilowatt-hour","million dollars","million kilowatt hours"
"2025-Q3","WY","Wyoming","RES","residential","289976","14.65","94.45855","644.82405","number of customers","cents per kilowatt-hour","million dollars","million kilowatt hours"
"2025-Q3","WY","Wyoming","TRA","transportation","0",NA,"0","0","number of customers","cents per kilowatt-hour","million dollars","million kilowatt hours"
"2025-Q2","AK","Alaska","ALL","all sectors","361600","22.99","328.31091","1428.08142","number of customers","cents per kilowatt-hour","million dollars","million kilowatt hours"
"2025-Q2","AK","Alaska","COM","commercial","58240","22.39","139.61905","623.44515","number of customers","cents per kilowatt-hour","million dollars","million kilowatt hours"
"2025-Q2","AK","Alaska","IND","industrial","1235","19.78","69.3818","350.70813","number of customers","cents per kilowatt-hour","million dollars","million kilowatt hours"
"2025-Q2","AK","Alaska","OTH","other",NA,NA,NA,NA,"number of customers","cents per kilowatt-hour","million dollars","million kilowatt hours"
"2025-Q2","AK","Alaska","RES","residential","302125","26.28","119.31006","453.92815","number of customers","cents per kilowatt-hour","million dollars","million kilowatt hours"
"2025-Q2","AK","Alaska","TRA","transportation","0",NA,"0","0","number of customers","cents per kilowatt-hour","million dollars","million kilowatt hours"
"2025-Q2","AL","Alabama","ALL","all sectors","2818905","12.58","2698.16007","21455.21947","number of customers","cents per kilowatt-hour","million dollars","million kilowatt hours"
"2025-Q2","AL","Alabama","COM","commercial","395013","14.47","825.58064","5705.76893","number of customers","cents per kilowatt-hour","million dollars","million kilowatt hours"
"2025-Q2","AL","Alabama","IND","industrial","7297","7.88","648.98085","8240.63401","number of customers","cents per kilowatt-hour","million dollars","million kilowatt hours"
"2025-Q2","AL","Alabama","OTH","other",NA,NA,NA,NA,"number of customers","cents per kilowatt-hour","million dollars","million kilowatt hours"
"2025-Q2","AL","Alabama","RES","residential","2416595","16.3","1223.59859","7508.81652","number of customers","cents per kilowatt-hour","million dollars","million kilowatt hours"
"2025-Q2","AL","Alabama","TRA","transportation","0",NA,"0","0","number of customers","cents per kilowatt-hour","million dollars","million kilowatt hours"
"2025-Q2","AR","Arkansas","ALL","all sectors","1730522","9.82","1186.85818","12088.43985","number of customers","cents per kilowatt-hour","million dollars","million kilowatt hours"
"2025-Q2","AR","Arkansas","COM","commercial","208985","10.95","310.62163","2835.81861","number of customers","cents per kilowatt-hour","million dollars","million kilowatt hours"
"2025-Q2","AR","Arkansas","IND","industrial","33764","6.64","356.41268","5371.63502","number of customers","cents per kilowatt-hour","million dollars","million kilowatt hours"
"2025-Q2","AR","Arkansas","OTH","other",NA,NA,NA,NA,"number of customers","cents per kilowatt-hour","million dollars","million kilowatt hours"
"2025-Q2","AR","Arkansas","RES","residential","1487771","13.39","519.8146","3880.91859","number of customers","cents per kilowatt-hour","million dollars","million kilowatt hours"
"2025-Q2","AR","Arkansas","TRA","transportation","2","13.7",".00927",".06764","number of customers","cents per kilowatt-hour","million dollars","million kilowatt hours"
"2025-Q2","AZ","Arizona","ALL","all sectors","3506439","13.17","3029.70592","22997.94018","number of customers","cents per kilowatt-hour","million dollars","million kilowatt hours"
"2025-Q2","AZ","Arizona","COM","commercial","350038","12.74","1176.36499","9236.99016","number of customers","cents per kilowatt-hour","million dollars","million kilowatt hours"
"2025-Q2","AZ","Arizona","IND","industrial","7247","8.33","323.63277","3885.84594","number of customers","cents per kilowatt-hour","million dollars","million kilowatt hours"
"2025-Q2","AZ","Arizona","OTH","other",NA,NA,NA,NA,"number of customers","cents per kilowatt-hour","million dollars","million kilowatt hours"
"2025-Q2","AZ","Arizona","RES","residential","3149152","15.49","1529.38231","9872.32142","number of customers","cents per kilowatt-hour","million dollars","million kilowatt hours"
"2025-Q2","AZ","Arizona","TRA","transportation","2","11.71",".32585","2.78267","number of customers","cents per kilowatt-hour","million dollars","million kilowatt hours"
"2025-Q2","CA","California","ALL","all sectors","16106020","26.7","14900.99008","55816.12381","number of customers","cents per kilowatt-hour","million dollars","million kilowatt hours"
"2025-Q2","CA","California","COM","commercial","1771875","24.79","6778.25403","27342.83368","number of customers","cents per kilowatt-hour","million dollars","million kilowatt hours"
"2025-Q2","CA","California","IND","industrial","145426","20.22","2127.9967","10525.15435","number of customers","cents per kilowatt-hour","million dollars","million kilowatt hours"
"2025-Q2","CA","California","OTH","other",NA,NA,NA,NA,"number of customers","cents per kilowatt-hour","million dollars","million kilowatt hours"
"2025-Q2","CA","California","RES","residential","14188706","33.57","5966.18721","17772.50926","number of customers","cents per kilowatt-hour","million dollars","million kilowatt hours"
"2025-Q2","CA","California","TRA","transportation","13","16.26","28.55214","175.62652","number of customers","cents per kilowatt-hour","million dollars","million kilowatt hours"
"2025-Q2","CO","Colorado","ALL","all sectors","2923505","12.78","1721.30033","13466.03253","number of customers","cents per kilowatt-hour","million dollars","million kilowatt hours"
"2025-Q2","CO","Colorado","COM","commercial","401776","12.73","637.52703","5009.23019","number of customers","cents per kilowatt-hour","million dollars","million kilowatt hours"
"2025-Q2","CO","Colorado","IND","industrial","14838","9.25","350.82037","3791.15909","number of customers","cents per kilowatt-hour","million dollars","million kilowatt hours"
"2025-Q2","CO","Colorado","OTH","other",NA,NA,NA,NA,"number of customers","cents per kilowatt-hour","million dollars","million kilowatt hours"
"2025-Q2","CO","Colorado","RES","residential","2506890","15.74","730.84521","4644.15069","number of customers","cents per kilowatt-hour","million dollars","million kilowatt hours"
"2025-Q2","CO","Colorado","TRA","transportation","1","9.81","2.10773","21.49257","number of customers","cents per kilowatt-hour","million dollars","million kilowatt hours"
"2025-Q2","CT","Connecticut","ALL","all sectors","1730456","25.56","1630.28786","6378.42407","number of customers","cents per kilowatt-hour","million dollars","million kilowatt hours"
"2025-Q2","CT","Connecticut","COM","commercial","156289","22.83","642.76619","2815.40353","number of customers","cents per kilowatt-hour","million dollars","million kilowatt hours"
"2025-Q2","CT","Connecticut","IND","industrial","3782","18.38","121.17352","659.28592","number of customers","cents per kilowatt-hour","million dollars","million kilowatt hours"
"2025-Q2","CT","Connecticut","OTH","other",NA,NA,NA,NA,"number of customers","cents per kilowatt-hour","million dollars","million kilowatt hours"
"2025-Q2","CT","Connecticut","RES","residential","1570383","29.99","858.85761","2864.28969","number of customers","cents per kilowatt-hour","million dollars","million kilowatt hours"
"2025-Q2","CT","Connecticut","TRA","transportation","3","18.99","7.49054","39.44493","number of customers","cents per kilowatt-hour","million dollars","million kilowatt hours"
"2025-Q2","DC","District of Columbia","ALL","all sectors","352521","19.55","483.94343","2475.3404","number of customers","cents per kilowatt-hour","million dollars","million kilowatt hours"
"2025-Q2","DC","District of Columbia","COM","commercial","27595","19.61","353.51763","1803.18358","number of customers","cents per kilowatt-hour","million dollars","million kilowatt hours"
"2025-Q2","DC","District of Columbia","IND","industrial","1","13.56","7.0443","51.95116","number of customers","cents per kilowatt-hour","million dollars","million kilowatt hours"
"2025-Q2","DC","District of Columbia","OTH","other",NA,NA,NA,NA,"number of customers","cents per kilowatt-hour","million dollars","million kilowatt hours"
"2025-Q2","DC","District of Columbia","RES","residential","324921","21.58","114.69873","531.47782","number of customers","cents per kilowatt-hour","million dollars","million kilowatt hours"
"2025-Q2","DC","District of Columbia","TRA","transportation","3","9.79","8.68277","88.72787","number of customers","cents per kilowatt-hour","million dollars","million kilowatt hours"
"2025-Q2","DE","Delaware","ALL","all sectors","537557","14.1","369.65269","2621.11152","number of customers","cents per kilowatt-hour","million dollars","million kilowatt hours"
"2025-Q2","DE","Delaware","COM","commercial","60812","12.5","134.87371","1079.01433","number of customers","cents per kilowatt-hour","million dollars","million kilowatt hours"
"2025-Q2","DE","Delaware","IND","industrial","1130","8.79","41.82381","475.58956","number of customers","cents per kilowatt-hour","million dollars","million kilowatt hours"
"2025-Q2","DE","Delaware","OTH","other",NA,NA,NA,NA,"number of customers","cents per kilowatt-hour","million dollars","million kilowatt hours"
"2025-Q2","DE","Delaware","RES","residential","475614","18.09","192.95518","1066.50762","number of customers","cents per kilowatt-hour","million dollars","million kilowatt hours"
"2025-Q2","DE","Delaware","TRA","transportation","0",NA,"0","0","number of customers","cents per kilowatt-hour","million dollars","million kilowatt hours"
"2025-Q2","ENC","East North Central","ALL","all sectors","23487626","13.07","17538.37095","134202.15569","number of customers","cents per kilowatt-hour","million dollars","million kilowatt hours"
"2025-Q2","ENC","East North Central","COM","commercial","2581351","12.86","5843.86731","45440.47773","number of customers","cents per kilowatt-hour","million dollars","million kilowatt hours"
"2025-Q2","ENC","East North Central","IND","industrial","54614","8.73","4065.78264","46590.62784","number of customers","cents per kilowatt-hour","million dollars","million kilowatt hours"
"2025-Q2","ENC","East North Central","OTH","other",NA,NA,NA,NA,"number of customers","cents per kilowatt-hour","million dollars","million kilowatt hours"
"2025-Q2","ENC","East North Central","RES","residential","20851651","18.12","7615.87465","42032.93716","number of customers","cents per kilowatt-hour","million dollars","million kilowatt hours"
"2025-Q2","ENC","East North Central","TRA","transportation","10","9.3","12.84635","138.11298","number of customers","cents per kilowatt-hour","million dollars","million kilowatt hours"
"2025-Q2","ESC","East South Central","ALL","all sectors","10393862","11.69","8804.63517","75292.53557","number of customers","cents per kilowatt-hour","million dollars","million kilowatt hours"
"2025-Q2","ESC","East South Central","COM","commercial","1518519","13.19","3050.56067","23120.2818","number of customers","cents per kilowatt-hour","million dollars","million kilowatt hours"
"2025-Q2","ESC","East South Central","IND","industrial","25782","7.32","1874.48001","25604.65208","number of customers","cents per kilowatt-hour","million dollars","million kilowatt hours"
"2025-Q2","ESC","East South Central","OTH","other",NA,NA,NA,NA,"number of customers","cents per kilowatt-hour","million dollars","million kilowatt hours"
"2025-Q2","ESC","East South Central","RES","residential","8849561","14.6","3879.59449","26567.60169","number of customers","cents per kilowatt-hour","million dollars","million kilowatt hours"
"2025-Q2","ESC","East South Central","TRA","transportation","0",NA,"0","0","number of customers","cents per kilowatt-hour","million dollars","million kilowatt hours"
"2025-Q2","FL","Florida","ALL","all sectors","11928275","13.26","8824.81854","66557.25989","number of customers","cents per kilowatt-hour","million dollars","million kilowatt hours"
"2025-Q2","FL","Florida","COM","commercial","1322884","11.36","2965.59784","26110.03212","number of customers","cents per kilowatt-hour","million dollars","million kilowatt hours"
"2025-Q2","FL","Florida","IND","industrial","25471","8.8","393.73577","4473.66494","number of customers","cents per kilowatt-hour","million dollars","million kilowatt hours"
"2025-Q2","FL","Florida","OTH","other",NA,NA,NA,NA,"number of customers","cents per kilowatt-hour","million dollars","million kilowatt hours"
"2025-Q2","FL","Florida","RES","residential","10579918","15.2","5463.55146","35955.6141","number of customers","cents per kilowatt-hour","million dollars","million kilowatt hours"
"2025-Q2","FL","Florida","TRA","transportation","2","10.77","1.93348","17.94876","number of customers","cents per kilowatt-hour","million dollars","million kilowatt hours"
"2025-Q2","GA","Georgia","ALL","all sectors","5475758","12.18","4532.46094","37214.60964","number of customers","cents per kilowatt-hour","million dollars","million kilowatt hours"
"2025-Q2","GA","Georgia","COM","commercial","626174","11.58","1639.22031","14156.03902","number of customers","cents per kilowatt-hour","million dollars","million kilowatt hours"
"2025-Q2","GA","Georgia","IND","industrial","23134","7.76","656.47447","8455.34704","number of customers","cents per kilowatt-hour","million dollars","million kilowatt hours"
"2025-Q2","GA","Georgia","OTH","other",NA,NA,NA,NA,"number of customers","cents per kilowatt-hour","million dollars","million kilowatt hours"
"2025-Q2","GA","Georgia","RES","residential","4826449","15.34","2234.07496","14564.51329","number of customers","cents per kilowatt-hour","million dollars","million kilowatt hours"
"2025-Q2","GA","Georgia","TRA","transportation","1","6.95","2.6912","38.71028","number of customers","cents per kilowatt-hour","million dollars","million kilowatt hours"
"2025-Q2","HI","Hawaii","ALL","all sectors","508785","35.74","790.91644","2212.80096","number of customers","cents per kilowatt-hour","million dollars","million kilowatt hours"
"2025-Q2","HI","Hawaii","COM","commercial","59802","36.23","251.53421","694.21755","number of customers","cents per kilowatt-hour","million dollars","million kilowatt hours"
"2025-Q2","HI","Hawaii","IND","industrial","838","31.16","273.08428","876.32349","number of customers","cents per kilowatt-hour","million dollars","million kilowatt hours"
"2025-Q2","HI","Hawaii","OTH","other",NA,NA,NA,NA,"number of customers","cents per kilowatt-hour","million dollars","million kilowatt hours"
"2025-Q2","HI","Hawaii","RES","residential","448146","41.46","266.29795","642.25991","number of customers","cents per kilowatt-hour","million dollars","million kilowatt hours"
"2025-Q2","HI","Hawaii","TRA","transportation","0",NA,"0","0","number of customers","cents per kilowatt-hour","million dollars","million kilowatt hours"
"2025-Q2","IA","Iowa","ALL","all sectors","1734269","9.61","1332.39177","13865.05591","number of customers","cents per kilowatt-hour","million dollars","million kilowatt hours"
"2025-Q2","IA","Iowa","COM","commercial","254784","11.05","346.74276","3137.06901","number of customers","cents per kilowatt-hour","million dollars","million kilowatt hours"
"2025-Q2","IA","Iowa","IND","industrial","9545","7","529.03056","7554.15834","number of customers","cents per kilowatt-hour","million dollars","million kilowatt hours"
"2025-Q2","IA","Iowa","OTH","other",NA,NA,NA,NA,"number of customers","cents per kilowatt-hour","million dollars","million kilowatt hours"
"2025-Q2","IA","Iowa","RES","residential","1469939","14.39","456.61846","3173.82857","number of customers","cents per kilowatt-hour","million dollars","million kilowatt hours"
"2025-Q2","IA","Iowa","TRA","transportation","0",NA,"0","0","number of customers","cents per kilowatt-hour","million dollars","million kilowatt hours"
"2025-Q2","ID","Idaho","ALL","all sectors","1040139","9.82","659.67658","6719.42374","number of customers","cents per kilowatt-hour","million dollars","million kilowatt hours"
"2025-Q2","ID","Idaho","COM","commercial","125764","9.27","154.83215","1669.51974","number of customers","cents per kilowatt-hour","million dollars","million kilowatt hours"
"2025-Q2","ID","Idaho","IND","industrial","29883","8.62","255.18216","2961.14601","number of customers","cents per kilowatt-hour","million dollars","million kilowatt hours"
"2025-Q2","ID","Idaho","OTH","other",NA,NA,NA,NA,"number of customers","cents per kilowatt-hour","million dollars","million kilowatt hours"
"2025-Q2","ID","Idaho","RES","residential","884492","11.95","249.66228","2088.75799","number of customers","cents per kilowatt-hour","million dollars","million kilowatt hours"
"2025-Q2","ID","Idaho","TRA","transportation","0",NA,"0","0","number of customers","cents per kilowatt-hour","million dollars","million kilowatt hours"
"2025-Q2","IL","Illinois","ALL","all sectors","6021890","13.51","4283.28411","31701.85012","number of customers","cents per kilowatt-hour","million dollars","million kilowatt hours"
"2025-Q2","IL","Illinois","COM","commercial","644461","12.67","1384.08696","10922.90689","number of customers","cents per kilowatt-hour","million dollars","million kilowatt hours"
"2025-Q2","IL","Illinois","IND","industrial","6324","9.46","961.34276","10166.95068","number of customers","cents per kilowatt-hour","million dollars","million kilowatt hours"
"2025-Q2","IL","Illinois","OTH","other",NA,NA,NA,NA,"number of customers","cents per kilowatt-hour","million dollars","million kilowatt hours"
"2025-Q2","IL","Illinois","RES","residential","5371102","18.37","1926.65188","10487.94621","number of customers","cents per kilowatt-hour","million dollars","million kilowatt hours"
"2025-Q2","IL","Illinois","TRA","transportation","3","9.03","11.20251","124.04634","number of customers","cents per kilowatt-hour","million dollars","million kilowatt hours"
"2025-Q2","IN","Indiana","ALL","all sectors","3391239","12.45","3006.34753","24140.56296","number of customers","cents per kilowatt-hour","million dollars","million kilowatt hours"
"2025-Q2","IN","Indiana","COM","commercial","375168","13.96","835.98093","5990.49002","number of customers","cents per kilowatt-hour","million dollars","million kilowatt hours"
"2025-Q2","IN","Indiana","IND","industrial","19186","8.81","962.83712","10928.89778","number of customers","cents per kilowatt-hour","million dollars","million kilowatt hours"
"2025-Q2","IN","Indiana","OTH","other",NA,NA,NA,NA,"number of customers","cents per kilowatt-hour","million dollars","million kilowatt hours"
"2025-Q2","IN","Indiana","RES","residential","2996884","16.72","1206.87215","7216.12867","number of customers","cents per kilowatt-hour","million dollars","million kilowatt hours"
"2025-Q2","IN","Indiana","TRA","transportation","1","13.03",".65732","5.0465","number of customers","cents per kilowatt-hour","million dollars","million kilowatt hours"
"2025-Q2","KS","Kansas","ALL","all sectors","1616836","11.55","1159.73035","10042.73294","number of customers","cents per kilowatt-hour","million dollars","million kilowatt hours"
"2025-Q2","KS","Kansas","COM","commercial","250372","11.45","452.13702","3948.09508","number of customers","cents per kilowatt-hour","million dollars","million kilowatt hours"
"2025-Q2","KS","Kansas","IND","industrial","24411","8","232.45043","2904.77914","number of customers","cents per kilowatt-hour","million dollars","million kilowatt hours"
"2025-Q2","KS","Kansas","OTH","other",NA,NA,NA,NA,"number of customers","cents per kilowatt-hour","million dollars","million kilowatt hours"
"2025-Q2","KS","Kansas","RES","residential","1342053","14.9","475.14291","3189.85873","number of customers","cents per kilowatt-hour","million dollars","million kilowatt hours"
"2025-Q2","KS","Kansas","TRA","transportation","0",NA,"0","0","number of customers","cents per kilowatt-hour","million dollars","million kilowatt hours"
"2025-Q2","KY","Kentucky","ALL","all sectors","2331334","10.48","1860.30132","17744.05473","number of customers","cents per kilowatt-hour","million dollars","million kilowatt hours"
"2025-Q2","KY","Kentucky","COM","commercial","327719","11.95","597.39175","4997.27475","number of customers","cents per kilowatt-hour","million dollars","million kilowatt hours"
"2025-Q2","KY","Kentucky","IND","industrial","4712","6.96","494.82499","7105.63547","number of customers","cents per kilowatt-hour","million dollars","million kilowatt hours"
"2025-Q2","KY","Kentucky","OTH","other",NA,NA,NA,NA,"number of customers","cents per kilowatt-hour","million dollars","million kilowatt hours"
"2025-Q2","KY","Kentucky","RES","residential","1998903","13.62","768.08458","5641.1445","number of customers","cents per kilowatt-hour","million dollars","million kilowatt hours"
"2025-Q2","KY","Kentucky","TRA","transportation","0",NA,"0","0","number of customers","cents per kilowatt-hour","million dollars","million kilowatt hours"
"2025-Q2","LA","Louisiana","ALL","all sectors","2474651","9.9","2353.62168","23785.46012","number of customers","cents per kilowatt-hour","million dollars","million kilowatt hours"
"2025-Q2","LA","Louisiana","COM","commercial","303662","11.56","683.58478","5912.78773","number of customers","cents per kilowatt-hour","million dollars","million kilowatt hours"
"2025-Q2","LA","Louisiana","IND","industrial","17875","6.73","711.238","10569.77322","number of customers","cents per kilowatt-hour","million dollars","million kilowatt hours"
"2025-Q2","LA","Louisiana","OTH","other",NA,NA,NA,NA,"number of customers","cents per kilowatt-hour","million dollars","million kilowatt hours"
"2025-Q2","LA","Louisiana","RES","residential","2153112","13.13","958.52446","7300.60683","number of customers","cents per kilowatt-hour","million dollars","million kilowatt hours"
"2025-Q2","LA","Louisiana","TRA","transportation","1","11.97",".27443","2.29236","number of customers","cents per kilowatt-hour","million dollars","million kilowatt hours"
"2025-Q2","MA","Massachusetts","ALL","all sectors","3338472","25.07","3031.79842","12094.55041","number of customers","cents per kilowatt-hour","million dollars","million kilowatt hours"
"2025-Q2","MA","Massachusetts","COM","commercial","430654","22.69","1347.51646","5938.05909","number of customers","cents per kilowatt-hour","million dollars","million kilowatt hours"
"2025-Q2","MA","Massachusetts","IND","industrial","9934","19.28","290.54726","1507.07477","number of customers","cents per kilowatt-hour","million dollars","million kilowatt hours"
"2025-Q2","MA","Massachusetts","OTH","other",NA,NA,NA,NA,"number of customers","cents per kilowatt-hour","million dollars","million kilowatt hours"
"2025-Q2","MA","Massachusetts","RES","residential","2897882","30.3","1387.63082","4579.63279","number of customers","cents per kilowatt-hour","million dollars","million kilowatt hours"
"2025-Q2","MA","Massachusetts","TRA","transportation","2","8.75","6.10389","69.78376","number of customers","cents per kilowatt-hour","million dollars","million kilowatt hours"
"2025-Q2","MAT","Middle Atlantic","ALL","all sectors","19230219","17.43","14376.82607","82466.11605","number of customers","cents per kilowatt-hour","million dollars","million kilowatt hours"
"2025-Q2","MAT","Middle Atlantic","COM","commercial","2452678","17.18","6017.17211","35019.54044","number of customers","cents per kilowatt-hour","million dollars","million kilowatt hours"
"2025-Q2","MAT","Middle Atlantic","IND","industrial","38724","9.19","1586.29132","17270.18815","number of customers","cents per kilowatt-hour","million dollars","million kilowatt hours"
"2025-Q2","MAT","Middle Atlantic","OTH","other",NA,NA,NA,NA,"number of customers","cents per kilowatt-hour","million dollars","million kilowatt hours"
"2025-Q2","MAT","Middle Atlantic","RES","residential","16738798","22.68","6627.89328","29220.85593","number of customers","cents per kilowatt-hour","million dollars","million kilowatt hours"
"2025-Q2","MAT","Middle Atlantic","TRA","transportation","18","15.22","145.46937","955.53155","number of customers","cents per kilowatt-hour","million dollars","million kilowatt hours"
"2025-Q2","MD","Maryland","ALL","all sectors","2730832","16.13","2177.63956","13503.6012","number of customers","cents per kilowatt-hour","million dollars","million kilowatt hours"
"2025-Q2","MD","Maryland","COM","commercial","262359","14.14","948.36942","6709.09357","number of customers","cents per kilowatt-hour","million dollars","million kilowatt hours"
"2025-Q2","MD","Maryland","IND","industrial","9359","11.93","105.23339","882.32694","number of customers","cents per kilowatt-hour","million dollars","million kilowatt hours"
"2025-Q2","MD","Maryland","OTH","other",NA,NA,NA,NA,"number of customers","cents per kilowatt-hour","million dollars","million kilowatt hours"
"2025-Q2","MD","Maryland","RES","residential","2459108","19.13","1112.11685","5812.46031","number of customers","cents per kilowatt-hour","million dollars","million kilowatt hours"
"2025-Q2","MD","Maryland","TRA","transportation","5","11.95","11.91991","99.72037","number of customers","cents per kilowatt-hour","million dollars","million kilowatt hours"
"2025-Q2","ME","Maine","ALL","all sectors","871780","22.46","583.32412","2597.20884","number of customers","cents per kilowatt-hour","million dollars","million kilowatt hours"
"2025-Q2","ME","Maine","COM","commercial","113280","21.26","199.47253","938.37727","number of customers","cents per kilowatt-hour","million dollars","million kilowatt hours"
"2025-Q2","ME","Maine","IND","industrial","1853","13.87","79.76599","574.89291","number of customers","cents per kilowatt-hour","million dollars","million kilowatt hours"
"2025-Q2","ME","Maine","OTH","other",NA,NA,NA,NA,"number of customers","cents per kilowatt-hour","million dollars","million kilowatt hours"
"2025-Q2","ME","Maine","RES","residential","756647","28.05","304.08561","1083.93867","number of customers","cents per kilowatt-hour","million dollars","million kilowatt hours"
"2025-Q2","ME","Maine","TRA","transportation","0",NA,"0","0","number of customers","cents per kilowatt-hour","million dollars","million kilowatt hours"
"2025-Q2","MI","Michigan","ALL","all sectors","5111573","14.82","3539.49947","23884.32267","number of customers","cents per kilowatt-hour","million dollars","million kilowatt hours"
"2025-Q2","MI","Michigan","COM","commercial","568718","14.84","1333.07504","8984.05804","number of customers","cents per kilowatt-hour","million dollars","million kilowatt hours"
"2025-Q2","MI","Michigan","IND","industrial","5764","8.66","613.89844","7089.43841","number of customers","cents per kilowatt-hour","million dollars","million kilowatt hours"
"2025-Q2","MI","Michigan","OTH","other",NA,NA,NA,NA,"number of customers","cents per kilowatt-hour","million dollars","million kilowatt hours"
"2025-Q2","MI","Michigan","RES","residential","4537089","20.39","1592.32099","7809.34867","number of customers","cents per kilowatt-hour","million dollars","million kilowatt hours"
"2025-Q2","MI","Michigan","TRA","transportation","2","13.87",".205","1.47756","number of customers","cents per kilowatt-hour","million dollars","million kilowatt hours"
"2025-Q2","MN","Minnesota","ALL","all sectors","2933061","12.61","1922.5928","15252.33909","number of customers","cents per kilowatt-hour","million dollars","million kilowatt hours"
"2025-Q2","MN","Minnesota","COM","commercial","310988","12.34","677.42412","5488.41275","number of customers","cents per kilowatt-hour","million dollars","million kilowatt hours"
"2025-Q2","MN","Minnesota","IND","industrial","9517","9.2","433.57314","4712.15193","number of customers","cents per kilowatt-hour","million dollars","million kilowatt hours"
"2025-Q2","MN","Minnesota","OTH","other",NA,NA,NA,NA,"number of customers","cents per kilowatt-hour","million dollars","million kilowatt hours"
"2025-Q2","MN","Minnesota","RES","residential","2612555","16.07","811.20412","5048.70202","number of customers","cents per kilowatt-hour","million dollars","million kilowatt hours"
"2025-Q2","MN","Minnesota","TRA","transportation","1","12.74",".39143","3.0724","number of customers","cents per kilowatt-hour","million dollars","million kilowatt hours"
"2025-Q2","MO","Missouri","ALL","all sectors","3282729","11.74","2132.83554","18160.81689","number of customers","cents per kilowatt-hour","million dollars","million kilowatt hours"
"2025-Q2","MO","Missouri","COM","commercial","406700","10.71","775.59407","7241.63654","number of customers","cents per kilowatt-hour","million dollars","million kilowatt hours"
"2025-Q2","MO","Missouri","IND","industrial","9305","8.37","278.27225","3322.77215","number of customers","cents per kilowatt-hour","million dollars","million kilowatt hours"
"2025-Q2","MO","Missouri","OTH","other",NA,NA,NA,NA,"number of customers","cents per kilowatt-hour","million dollars","million kilowatt hours"
"2025-Q2","MO","Missouri","RES","residential","2866722","14.21","1078.405","7590.70889","number of customers","cents per kilowatt-hour","million dollars","million kilowatt hours"
"2025-Q2","MO","Missouri","TRA","transportation","2","9.9",".56422","5.69931","number of customers","cents per kilowatt-hour","million dollars","million kilowatt hours"
"2025-Q2","MS","Mississippi","ALL","all sectors","1602873","11.73","1382.89682","11786.86726","number of customers","cents per kilowatt-hour","million dollars","million kilowatt hours"
"2025-Q2","MS","Mississippi","COM","commercial","247980","13.17","463.7729","3521.11845","number of customers","cents per kilowatt-hour","million dollars","million kilowatt hours"
"2025-Q2","MS","Mississippi","IND","industrial","12769","7.47","301.89499","4042.63349","number of customers","cents per kilowatt-hour","million dollars","million kilowatt hours"
"2025-Q2","MS","Mississippi","OTH","other",NA,NA,NA,NA,"number of customers","cents per kilowatt-hour","million dollars","million kilowatt hours"
"2025-Q2","MS","Mississippi","RES","residential","1342124","14.62","617.22892","4223.11533","number of customers","cents per kilowatt-hour","million dollars","million kilowatt hours"
"2025-Q2","MS","Mississippi","TRA","transportation","0",NA,"0","0","number of customers","cents per kilowatt-hour","million dollars","million kilowatt hours"
"2025-Q2","MT","Montana","ALL","all sectors","719821","10.9","379.33067","3480.46296","number of customers","cents per kilowatt-hour","million dollars","million kilowatt hours"
"2025-Q2","MT","Montana","COM","commercial","141899","12.03","144.93429","1204.5143","number of customers","cents per kilowatt-hour","million dollars","million kilowatt hours"
"2025-Q2","MT","Montana","IND","industrial","12578","7","76.01396","1085.18394","number of customers","cents per kilowatt-hour","million dollars","million kilowatt hours"
"2025-Q2","MT","Montana","OTH","other",NA,NA,NA,NA,"number of customers","cents per kilowatt-hour","million dollars","million kilowatt hours"
"2025-Q2","MT","Montana","RES","residential","565343","13.3","158.38241","1190.76472","number of customers","cents per kilowatt-hour","million dollars","million kilowatt hours"
"2025-Q2","MT","Montana","TRA","transportation","0",NA,"0","0","number of customers","cents per kilowatt-hour","million dollars","million kilowatt hours"
"2025-Q2","MTN","Mountain","ALL","all sectors","12550955","11.42","8829.39412","77335.41242","number of customers","cents per kilowatt-hour","million dollars","million kilowatt hours"
"2025-Q2","MTN","Mountain","COM","commercial","1549463","11.33","3170.66489","27995.50479","number of customers","cents per kilowatt-hour","million dollars","million kilowatt hours"
"2025-Q2","MTN","Mountain","IND","industrial","101473","8.03","1831.16265","22791.70173","number of customers","cents per kilowatt-hour","million dollars","million kilowatt hours"
"2025-Q2","MTN","Mountain","OTH","other",NA,NA,NA,NA,"number of customers","cents per kilowatt-hour","million dollars","million kilowatt hours"
"2025-Q2","MTN","Mountain","RES","residential","10900014","14.42","3823.2531","26509.23276","number of customers","cents per kilowatt-hour","million dollars","million kilowatt hours"
"2025-Q2","MTN","Mountain","TRA","transportation","5","11.07","4.31348","38.97315","number of customers","cents per kilowatt-hour","million dollars","million kilowatt hours"
"2025-Q2","NC","North Carolina","ALL","all sectors","5903893","11.27","3754.38538","33327.72913","number of customers","cents per kilowatt-hour","million dollars","million kilowatt hours"
"2025-Q2","NC","North Carolina","COM","commercial","755772","10.03","1252.80649","12486.60284","number of customers","cents per kilowatt-hour","million dollars","million kilowatt hours"
"2025-Q2","NC","North Carolina","IND","industrial","8771","7.66","500.56616","6532.42441","number of customers","cents per kilowatt-hour","million dollars","million kilowatt hours"
"2025-Q2","NC","North Carolina","OTH","other",NA,NA,NA,NA,"number of customers","cents per kilowatt-hour","million dollars","million kilowatt hours"
"2025-Q2","NC","North Carolina","RES","residential","5139349","13.99","2000.72208","14305.65937","number of customers","cents per kilowatt-hour","million dollars","million kilowatt hours"
"2025-Q2","NC","North Carolina","TRA","transportation","1","9.55",".29064","3.04251","number of customers","cents per kilowatt-hour","million dollars","million kilowatt hours"
"2025-Q2","ND","North Dakota","ALL","all sectors","487935","8.26","584.27633","7075.53028","number of customers","cents per kilowatt-hour","million dollars","million kilowatt hours"
"2025-Q2","ND","North Dakota","COM","commercial","77709","7.48","205.81435","2750.90089","number of customers","cents per kilowatt-hour","million dollars","million kilowatt hours"
"2025-Q2","ND","North Dakota","IND","industrial","10912","7.56","252.18244","3337.92499","number of customers","cents per kilowatt-hour","million dollars","million kilowatt hours"
"2025-Q2","ND","North Dakota","OTH","other",NA,NA,NA,NA,"number of customers","cents per kilowatt-hour","million dollars","million kilowatt hours"
"2025-Q2","ND","North Dakota","RES","residential","399314","12.8","126.27956","986.7044","number of customers","cents per kilowatt-hour","million dollars","million kilowatt hours"
"2025-Q2","ND","North Dakota","TRA","transportation","0",NA,"0","0","number of customers","cents per kilowatt-hour","million dollars","million kilowatt hours"
"2025-Q2","NE","Nebraska","ALL","all sectors","1150690","9.68","839.944","8679.12196","number of customers","cents per kilowatt-hour","million dollars","million kilowatt hours"
"2025-Q2","NE","Nebraska","COM","commercial","164447","8.77","300.93415","3433.00964","number of customers","cents per kilowatt-hour","million dollars","million kilowatt hours"
"2025-Q2","NE","Nebraska","IND","industrial","65666","8.3","256.78945","3094.57082","number of customers","cents per kilowatt-hour","million dollars","million kilowatt hours"
"2025-Q2","NE","Nebraska","OTH","other",NA,NA,NA,NA,"number of customers","cents per kilowatt-hour","million dollars","million kilowatt hours"
"2025-Q2","NE","Nebraska","RES","residential","920577","13.12","282.2204","2151.54149","number of customers","cents per kilowatt-hour","million dollars","million kilowatt hours"
"2025-Q2","NE","Nebraska","TRA","transportation","0",NA,"0","0","number of customers","cents per kilowatt-hour","million dollars","million kilowatt hours"
"2025-Q2","NEW","New England","ALL","all sectors","7619963","24.21","6430.35969","26559.31495","number of customers","cents per kilowatt-hour","million dollars","million kilowatt hours"
"2025-Q2","NEW","New England","COM","commercial","941509","22.26","2674.19925","12014.97752","number of customers","cents per kilowatt-hour","million dollars","million kilowatt hours"
"2025-Q2","NEW","New England","IND","industrial","20636","17.28","635.99126","3680.58021","number of customers","cents per kilowatt-hour","million dollars","million kilowatt hours"
"2025-Q2","NEW","New England","OTH","other",NA,NA,NA,NA,"number of customers","cents per kilowatt-hour","million dollars","million kilowatt hours"
"2025-Q2","NEW","New England","RES","residential","6657812","28.89","3105.02129","10747.85708","number of customers","cents per kilowatt-hour","million dollars","million kilowatt hours"
"2025-Q2","NEW","New England","TRA","transportation","6","13.07","15.14789","115.90015","number of customers","cents per kilowatt-hour","million dollars","million kilowatt hours"
"2025-Q2","NH","New Hampshire","ALL","all sectors","773195","20.56","517.84779","2519.03759","number of customers","cents per kilowatt-hour","million dollars","million kilowatt hours"
"2025-Q2","NH","New Hampshire","COM","commercial","113078","19.38","190.27134","981.67096","number of customers","cents per kilowatt-hour","million dollars","million kilowatt hours"
"2025-Q2","NH","New Hampshire","IND","industrial","3106","15.9","75.28073","473.37402","number of customers","cents per kilowatt-hour","million dollars","million kilowatt hours"
"2025-Q2","NH","New Hampshire","OTH","other",NA,NA,NA,NA,"number of customers","cents per kilowatt-hour","million dollars","million kilowatt hours"
"2025-Q2","NH","New Hampshire","RES","residential","657010","23.71","252.29573","1063.99261","number of customers","cents per kilowatt-hour","million dollars","million kilowatt hours"
"2025-Q2","NH","New Hampshire","TRA","transportation","0",NA,"0","0","number of customers","cents per kilowatt-hour","million dollars","million kilowatt hours"
"2025-Q2","NJ","New Jersey","ALL","all sectors","4308496","18.7","3207.89304","17151.65746","number of customers","cents per kilowatt-hour","million dollars","million kilowatt hours"
"2025-Q2","NJ","New Jersey","COM","commercial","539686","16.73","1458.25099","8716.73905","number of customers","cents per kilowatt-hour","million dollars","million kilowatt hours"
"2025-Q2","NJ","New Jersey","IND","industrial","11084","13.65","204.53377","1498.93056","number of customers","cents per kilowatt-hour","million dollars","million kilowatt hours"
"2025-Q2","NJ","New Jersey","OTH","other",NA,NA,NA,NA,"number of customers","cents per kilowatt-hour","million dollars","million kilowatt hours"
"2025-Q2","NJ","New Jersey","RES","residential","3757719","22.42","1533.98915","6842.43535","number of customers","cents per kilowatt-hour","million dollars","million kilowatt hours"
"2025-Q2","NJ","New Jersey","TRA","transportation","7","11.89","11.11914","93.5525","number of customers","cents per kilowatt-hour","million dollars","million kilowatt hours"
"2025-Q2","NM","New Mexico","ALL","all sectors","1075427","9.45","729.81601","7725.27936","number of customers","cents per kilowatt-hour","million dollars","million kilowatt hours"
"2025-Q2","NM","New Mexico","COM","commercial","147160","11.07","258.42749","2334.82045","number of customers","cents per kilowatt-hour","million dollars","million kilowatt hours"
"2025-Q2","NM","New Mexico","IND","industrial","9195","6.09","225.02815","3695.58265","number of customers","cents per kilowatt-hour","million dollars","million kilowatt hours"
"2025-Q2","NM","New Mexico","OTH","other",NA,NA,NA,NA,"number of customers","cents per kilowatt-hour","million dollars","million kilowatt hours"
"2025-Q2","NM","New Mexico","RES","residential","919072","14.54","246.36037","1694.87626","number of customers","cents per kilowatt-hour","million dollars","million kilowatt hours"
"2025-Q2","NM","New Mexico","TRA","transportation","0",NA,"0","0","number of customers","cents per kilowatt-hour","million dollars","million kilowatt hours"
"2025-Q2","NV","Nevada","ALL","all sectors","1511396","9.91","1013.65135","10225.80464","number of customers","cents per kilowatt-hour","million dollars","million kilowatt hours"
"2025-Q2","NV","Nevada","COM","commercial","178249","8.67","316.8904","3655.47524","number of customers","cents per kilowatt-hour","million dollars","million kilowatt hours"
"2025-Q2","NV","Nevada","IND","industrial","4895","7.83","233.28145","2978.12758","number of customers","cents per kilowatt-hour","million dollars","million kilowatt hours"
"2025-Q2","NV","Nevada","OTH","other",NA,NA,NA,NA,"number of customers","cents per kilowatt-hour","million dollars","million kilowatt hours"
"2025-Q2","NV","Nevada","RES","residential","1328251","12.9","463.32218","3590.40774","number of customers","cents per kilowatt-hour","million dollars","million kilowatt hours"
"2025-Q2","NV","Nevada","TRA","transportation","1","8.77",".15734","1.79409","number of customers","cents per kilowatt-hour","million dollars","million kilowatt hours"
"2025-Q2","NY","New York","ALL","all sectors","8636586","20.77","6778.17483","32634.35582","number of customers","cents per kilowatt-hour","million dollars","million kilowatt hours"
"2025-Q2","NY","New York","COM","commercial","1170314","20.33","3406.29854","16753.87226","number of customers","cents per kilowatt-hour","million dollars","million kilowatt hours"
"2025-Q2","NY","New York","IND","industrial","16598","8.64","360.63465","4175.80061","number of customers","cents per kilowatt-hour","million dollars","million kilowatt hours"
"2025-Q2","NY","New York","OTH","other",NA,NA,NA,NA,"number of customers","cents per kilowatt-hour","million dollars","million kilowatt hours"
"2025-Q2","NY","New York","RES","residential","7449668","26.32","2888.74612","10974.62736","number of customers","cents per kilowatt-hour","million dollars","million kilowatt hours"
"2025-Q2","NY","New York","TRA","transportation","6","16.78","122.49554","730.0556","number of customers","cents per kilowatt-hour","million dollars","million kilowatt hours"
"2025-Q2","OH","Ohio","ALL","all sectors","5719949","11.89","4510.48305","37934.37489","number of customers","cents per kilowatt-hour","million dollars","million kilowatt hours"
"2025-Q2","OH","Ohio","COM","commercial","621484","11.15","1539.68555","13811.17902","number of customers","cents per kilowatt-hour","million dollars","million kilowatt hours"
"2025-Q2","OH","Ohio","IND","industrial","17574","8.05","1018.68548","12656.35312","number of customers","cents per kilowatt-hour","million dollars","million kilowatt hours"
"2025-Q2","OH","Ohio","OTH","other",NA,NA,NA,NA,"number of customers","cents per kilowatt-hour","million dollars","million kilowatt hours"
"2025-Q2","OH","Ohio","RES","residential","5080889","17.03","1951.38369","11459.6004","number of customers","cents per kilowatt-hour","million dollars","million kilowatt hours"
"2025-Q2","OH","Ohio","TRA","transportation","2","10.06",".72835","7.24235","number of customers","cents per kilowatt-hour","million dollars","million kilowatt hours"
"2025-Q2","OK","Oklahoma","ALL","all sectors","2228505","9.28","1655.69683","17845.1525","number of customers","cents per kilowatt-hour","million dollars","million kilowatt hours"
"2025-Q2","OK","Oklahoma","COM","commercial","311220","8.84","602.50705","6815.94239","number of customers","cents per kilowatt-hour","million dollars","million kilowatt hours"
"2025-Q2","OK","Oklahoma","IND","industrial","19794","6.01","342.61012","5700.23631","number of customers","cents per kilowatt-hour","million dollars","million kilowatt hours"
"2025-Q2","OK","Oklahoma","OTH","other",NA,NA,NA,NA,"number of customers","cents per kilowatt-hour","million dollars","million kilowatt hours"
"2025-Q2","OK","Oklahoma","RES","residential","1897491","13.33","710.57966","5328.97379","number of customers","cents per kilowatt-hour","million dollars","million kilowatt hours"
"2025-Q2","OK","Oklahoma","TRA","transportation","0",NA,"0","0","number of customers","cents per kilowatt-hour","million dollars","million kilowatt hours"
"2025-Q2","OR","Oregon","ALL","all sectors","2157601","11.44","1618.71091","14144.58612","number of customers","cents per kilowatt-hour","million dollars","million kilowatt hours"
"2025-Q2","OR","Oregon","COM","commercial","249244","10.69","647.52044","6056.48768","number of customers","cents per kilowatt-hour","million dollars","million kilowatt hours"
"2025-Q2","OR","Oregon","IND","industrial","26738","8.29","333.97331","4028.73081","number of customers","cents per kilowatt-hour","million dollars","million kilowatt hours"
"2025-Q2","OR","Oregon","OTH","other",NA,NA,NA,NA,"number of customers","cents per kilowatt-hour","million dollars","million kilowatt hours"
"2025-Q2","OR","Oregon","RES","residential","1881617","15.7","636.49172","4053.94403","number of customers","cents per kilowatt-hour","million dollars","million kilowatt hours"
"2025-Q2","OR","Oregon","TRA","transportation","2","13.38",".72544","5.42362","number of customers","cents per kilowatt-hour","million dollars","million kilowatt hours"
"2025-Q2","PA","Pennsylvania","ALL","all sectors","6285137","13.44","4390.75821","32680.10278","number of customers","cents per kilowatt-hour","million dollars","million kilowatt hours"
"2025-Q2","PA","Pennsylvania","COM","commercial","742678","12.07","1152.62259","9548.92912","number of customers","cents per kilowatt-hour","million dollars","million kilowatt hours"
"2025-Q2","PA","Pennsylvania","IND","industrial","11043","8.81","1021.12291","11595.45699","number of customers","cents per kilowatt-hour","million dollars","million kilowatt hours"
"2025-Q2","PA","Pennsylvania","OTH","other",NA,NA,NA,NA,"number of customers","cents per kilowatt-hour","million dollars","million kilowatt hours"
"2025-Q2","PA","Pennsylvania","RES","residential","5531411","19.34","2205.15801","11403.79323","number of customers","cents per kilowatt-hour","million dollars","million kilowatt hours"
"2025-Q2","PA","Pennsylvania","TRA","transportation","5","8.99","11.85469","131.92345","number of customers","cents per kilowatt-hour","million dollars","million kilowatt hours"
"2025-Q2","PACC","Pacific Contiguous","ALL","all sectors","22093604","20.71","18761.76483","90605.3975","number of customers","cents per kilowatt-hour","million dollars","million kilowatt hours"
"2025-Q2","PACC","Pacific Contiguous","COM","commercial","2427526","20.05","8278.28319","41298.18741","number of customers","cents per kilowatt-hour","million dollars","million kilowatt hours"
"2025-Q2","PACC","Pacific Contiguous","IND","industrial","198478","14.5","2767.86233","19088.1225","number of customers","cents per kilowatt-hour","million dollars","million kilowatt hours"
"2025-Q2","PACC","Pacific Contiguous","OTH","other",NA,NA,NA,NA,"number of customers","cents per kilowatt-hour","million dollars","million kilowatt hours"
"2025-Q2","PACC","Pacific Contiguous","RES","residential","19467580","25.6","7683.46026","30014.67879","number of customers","cents per kilowatt-hour","million dollars","million kilowatt hours"
"2025-Q2","PACC","Pacific Contiguous","TRA","transportation","20","15.73","32.15906","204.4088","number of customers","cents per kilowatt-hour","million dollars","million kilowatt hours"
"2025-Q2","PACN","Pacific Noncontiguous","ALL","all sectors","870385","30.74","1119.22735","3640.88237","number of customers","cents per kilowatt-hour","million dollars","million kilowatt hours"
"2025-Q2","PACN","Pacific Noncontiguous","COM","commercial","118041","29.69","391.15326","1317.66268","number of customers","cents per kilowatt-hour","million dollars","million kilowatt hours"
"2025-Q2","PACN","Pacific Noncontiguous","IND","industrial","2072","27.91","342.46607","1227.03163","number of customers","cents per kilowatt-hour","million dollars","million kilowatt hours"
"2025-Q2","PACN","Pacific Noncontiguous","OTH","other",NA,NA,NA,NA,"number of customers","cents per kilowatt-hour","million dollars","million kilowatt hours"
"2025-Q2","PACN","Pacific Noncontiguous","RES","residential","750271","35.18","385.60803","1096.18807","number of customers","cents per kilowatt-hour","million dollars","million kilowatt hours"
"2025-Q2","PACN","Pacific Noncontiguous","TRA","transportation","0",NA,"0","0","number of customers","cents per kilowatt-hour","million dollars","million kilowatt hours"
"2025-Q2","RI","Rhode Island","ALL","all sectors","530203","24.84","427.95482","1723.06323","number of customers","cents per kilowatt-hour","million dollars","million kilowatt hours"
"2025-Q2","RI","Rhode Island","COM","commercial","64589","23.1","201.10079","870.70594","number of customers","cents per kilowatt-hour","million dollars","million kilowatt hours"
"2025-Q2","RI","Rhode Island","IND","industrial","1739","20.23","32.24475","159.40851","number of customers","cents per kilowatt-hour","million dollars","million kilowatt hours"
"2025-Q2","RI","Rhode Island","OTH","other",NA,NA,NA,NA,"number of customers","cents per kilowatt-hour","million dollars","million kilowatt hours"
"2025-Q2","RI","Rhode Island","RES","residential","463874","28.13","193.05582","686.27731","number of customers","cents per kilowatt-hour","million dollars","million kilowatt hours"
"2025-Q2","RI","Rhode Island","TRA","transportation","1","23.29","1.55346","6.67146","number of customers","cents per kilowatt-hour","million dollars","million kilowatt hours"
"2025-Q2","SAT","South Atlantic","ALL","all sectors","35119219","12.42","27105.74073","218255.1517","number of customers","cents per kilowatt-hour","million dollars","million kilowatt hours"
"2025-Q2","SAT","South Atlantic","COM","commercial","4072462","11.08","10143.85876","91581.30088","number of customers","cents per kilowatt-hour","million dollars","million kilowatt hours"
"2025-Q2","SAT","South Atlantic","IND","industrial","86192","8.07","2763.7629","34243.1758","number of customers","cents per kilowatt-hour","million dollars","million kilowatt hours"
"2025-Q2","SAT","South Atlantic","OTH","other",NA,NA,NA,NA,"number of customers","cents per kilowatt-hour","million dollars","million kilowatt hours"
"2025-Q2","SAT","South Atlantic","RES","residential","30960552","15.38","14166.40695","92105.96985","number of customers","cents per kilowatt-hour","million dollars","million kilowatt hours"
"2025-Q2","SAT","South Atlantic","TRA","transportation","13","9.77","31.71212","324.70518","number of customers","cents per kilowatt-hour","million dollars","million kilowatt hours"
"2025-Q2","SC","South Carolina","ALL","all sectors","3030400","11.32","2347.73917","20741.53188","number of customers","cents per kilowatt-hour","million dollars","million kilowatt hours"
"2025-Q2","SC","South Carolina","COM","commercial","416135","10.93","735.88649","6729.93923","number of customers","cents per kilowatt-hour","million dollars","million kilowatt hours"
"2025-Q2","SC","South Carolina","IND","industrial","3555","6.91","436.37841","6314.60448","number of customers","cents per kilowatt-hour","million dollars","million kilowatt hours"
"2025-Q2","SC","South Carolina","OTH","other",NA,NA,NA,NA,"number of customers","cents per kilowatt-hour","million dollars","million kilowatt hours"
"2025-Q2","SC","South Carolina","RES","residential","2610710","15.27","1175.47428","7696.98816","number of customers","cents per kilowatt-hour","million dollars","million kilowatt hours"
"2025-Q2","SC","South Carolina","TRA","transportation","0",NA,"0","0","number of customers","cents per kilowatt-hour","million dollars","million kilowatt hours"
"2025-Q2","SD","South Dakota","ALL","all sectors","526780","11.46","356.83365","3113.48407","number of customers","cents per kilowatt-hour","million dollars","million kilowatt hours"
"2025-Q2","SD","South Dakota","COM","commercial","79396","10.91","134.44254","1231.80011","number of customers","cents per kilowatt-hour","million dollars","million kilowatt hours"
"2025-Q2","SD","South Dakota","IND","industrial","4410","8.72","67.26414","771.00463","number of customers","cents per kilowatt-hour","million dollars","million kilowatt hours"
"2025-Q2","SD","South Dakota","OTH","other",NA,NA,NA,NA,"number of customers","cents per kilowatt-hour","million dollars","million kilowatt hours"
"2025-Q2","SD","South Dakota","RES","residential","442974","13.97","155.12697","1110.67934","number of customers","cents per kilowatt-hour","million dollars","million kilowatt hours"
"2025-Q2","SD","South Dakota","TRA","transportation","0",NA,"0","0","number of customers","cents per kilowatt-hour","million dollars","million kilowatt hours"
"2025-Q2","TN","Tennessee","ALL","all sectors","3640750","11.78","2863.27697","24306.39411","number of customers","cents per kilowatt-hour","million dollars","million kilowatt hours"
"2025-Q2","TN","Tennessee","COM","commercial","547807","13.08","1163.81538","8896.11968","number of customers","cents per kilowatt-hour","million dollars","million kilowatt hours"
"2025-Q2","TN","Tennessee","IND","industrial","1004","6.9","428.77918","6215.74911","number of customers","cents per kilowatt-hour","million dollars","million kilowatt hours"
"2025-Q2","TN","Tennessee","OTH","other",NA,NA,NA,NA,"number of customers","cents per kilowatt-hour","million dollars","million kilowatt hours"
"2025-Q2","TN","Tennessee","RES","residential","3091940","13.82","1270.68241","9194.52534","number of customers","cents per kilowatt-hour","million dollars","million kilowatt hours"
"2025-Q2","TN","Tennessee","TRA","transportation","0",NA,"0","0","number of customers","cents per kilowatt-hour","million dollars","million kilowatt hours"
"2025-Q2","TX","Texas","ALL","all sectors","14597847","10.01","12626.7592","126170.39172","number of customers","cents per kilowatt-hour","million dollars","million kilowatt hours"
"2025-Q2","TX","Texas","COM","commercial","1524468","8.56","3627.78006","42383.81335","number of customers","cents per kilowatt-hour","million dollars","million kilowatt hours"
"2025-Q2","TX","Texas","IND","industrial","404834","6.48","2842.37839","43857.55456","number of customers","cents per kilowatt-hour","million dollars","million kilowatt hours"
"2025-Q2","TX","Texas","OTH","other",NA,NA,NA,NA,"number of customers","cents per kilowatt-hour","million dollars","million kilowatt hours"
"2025-Q2","TX","Texas","RES","residential","12668541","15.42","6156.50035","39926.42968","number of customers","cents per kilowatt-hour","million dollars","million kilowatt hours"
"2025-Q2","TX","Texas","TRA","transportation","3","3.87",".10042","2.59414","number of customers","cents per kilowatt-hour","million dollars","million kilowatt hours"
"2025-Q2","US","U.S. Total","ALL","all sectors","164129658","13.39","129117.85922","964435.4916","number of customers","cents per kilowatt-hour","million dollars","million kilowatt hours"
"2025-Q2","US","U.S. Total","COM","commercial","19554281","13.14","47687.34194","362967.21934","number of customers","cents per kilowatt-hour","million dollars","million kilowatt hours"
"2025-Q2","US","U.S. Total","IND","industrial","1138007","8.47","22170.00075","261692.64103","number of customers","cents per kilowatt-hour","million dollars","million kilowatt hours"
"2025-Q2","US","U.S. Total","OTH","other",NA,NA,NA,NA,"number of customers","cents per kilowatt-hour","million dollars","million kilowatt hours"
"2025-Q2","US","U.S. Total","RES","residential","143437288","17.46","59017.52852","337984.27361","number of customers","cents per kilowatt-hour","million dollars","million kilowatt hours"
"2025-Q2","US","U.S. Total","TRA","transportation","81","13.56","242.98803","1791.35763","number of customers","cents per kilowatt-hour","million dollars","million kilowatt hours"
"2025-Q2","UT","Utah","ALL","all sectors","1412882","10.39","885.91334","8530.15895","number of customers","cents per kilowatt-hour","million dollars","million kilowatt hours"
"2025-Q2","UT","Utah","COM","commercial","144631","10","350.78897","3508.15896","number of customers","cents per kilowatt-hour","million dollars","million kilowatt hours"
"2025-Q2","UT","Utah","IND","industrial","10806","7.96","176.61787","2219.0509","number of customers","cents per kilowatt-hour","million dollars","million kilowatt hours"
"2025-Q2","UT","Utah","OTH","other",NA,NA,NA,NA,"number of customers","cents per kilowatt-hour","million dollars","million kilowatt hours"
"2025-Q2","UT","Utah","RES","residential","1257444","12.79","356.78394","2790.04526","number of customers","cents per kilowatt-hour","million dollars","million kilowatt hours"
"2025-Q2","UT","Utah","TRA","transportation","1","13.35","1.72256","12.90383","number of customers","cents per kilowatt-hour","million dollars","million kilowatt hours"
"2025-Q2","VA","Virginia","ALL","all sectors","4130849","10.97","3741.56782","34115.48713","number of customers","cents per kilowatt-hour","million dollars","million kilowatt hours"
"2025-Q2","VA","Virginia","COM","commercial","448146","9.16","1882.98362","20557.88856","number of customers","cents per kilowatt-hour","million dollars","million kilowatt hours"
"2025-Q2","VA","Virginia","IND","industrial","3930","9.32","320.78337","3441.40503","number of customers","cents per kilowatt-hour","million dollars","million kilowatt hours"
"2025-Q2","VA","Virginia","OTH","other",NA,NA,NA,NA,"number of customers","cents per kilowatt-hour","million dollars","million kilowatt hours"
"2025-Q2","VA","Virginia","RES","residential","3678772","15.26","1531.6067","10039.63814","number of customers","cents per kilowatt-hour","million dollars","million kilowatt hours"
"2025-Q2","VA","Virginia","TRA","transportation","1","8.09","6.19414","76.5554","number of customers","cents per kilowatt-hour","million dollars","million kilowatt hours"
"2025-Q2","VT","Vermont","ALL","all sectors","375857","19.18","239.14669","1247.03082","number of customers","cents per kilowatt-hour","million dollars","million kilowatt hours"
"2025-Q2","VT","Vermont","COM","commercial","63620","19.77","93.07196","470.76072","number of customers","cents per kilowatt-hour","million dollars","million kilowatt hours"
"2025-Q2","VT","Vermont","IND","industrial","221","12.06","36.97902","306.54409","number of customers","cents per kilowatt-hour","million dollars","million kilowatt hours"
"2025-Q2","VT","Vermont","OTH","other",NA,NA,NA,NA,"number of customers","cents per kilowatt-hour","million dollars","million kilowatt hours"
"2025-Q2","VT","Vermont","RES","residential","312016","23.23","109.09571","469.72601","number of customers","cents per kilowatt-hour","million dollars","million kilowatt hours"
"2025-Q2","VT","Vermont","TRA","transportation","0",NA,"0","0","number of customers","cents per kilowatt-hour","million dollars","million kilowatt hours"
"2025-Q2","WA","Washington","ALL","all sectors","3829984","10.86","2242.06385","20644.68757","number of customers","cents per kilowatt-hour","million dollars","million kilowatt hours"
"2025-Q2","WA","Washington","COM","commercial","406407","10.79","852.50872","7898.86604","number of customers","cents per kilowatt-hour","million dollars","million kilowatt hours"
"2025-Q2","WA","Washington","IND","industrial","26314","6.75","305.89234","4534.23735","number of customers","cents per kilowatt-hour","million dollars","million kilowatt hours"
"2025-Q2","WA","Washington","OTH","other",NA,NA,NA,NA,"number of customers","cents per kilowatt-hour","million dollars","million kilowatt hours"
"2025-Q2","WA","Washington","RES","residential","3397257","13.2","1080.78132","8188.2255","number of customers","cents per kilowatt-hour","million dollars","million kilowatt hours"
"2025-Q2","WA","Washington","TRA","transportation","5","12.34","2.88146","23.35868","number of customers","cents per kilowatt-hour","million dollars","million kilowatt hours"
"2025-Q2","WI","Wisconsin","ALL","all sectors","3242975","13.29","2198.75679","16541.04506","number of customers","cents per kilowatt-hour","million dollars","million kilowatt hours"
"2025-Q2","WI","Wisconsin","COM","commercial","371521","13.1","751.03883","5731.84377","number of customers","cents per kilowatt-hour","million dollars","million kilowatt hours"
"2025-Q2","WI","Wisconsin","IND","industrial","5765","8.85","509.01884","5748.98786","number of customers","cents per kilowatt-hour","million dollars","million kilowatt hours"
"2025-Q2","WI","Wisconsin","OTH","other",NA,NA,NA,NA,"number of customers","cents per kilowatt-hour","million dollars","million kilowatt hours"
"2025-Q2","WI","Wisconsin","RES","residential","2865687","18.55","938.64595","5059.91319","number of customers","cents per kilowatt-hour","million dollars","million kilowatt hours"
"2025-Q2","WI","Wisconsin","TRA","transportation","2","17.71",".05318",".30024","number of customers","cents per kilowatt-hour","million dollars","million kilowatt hours"
"2025-Q2","WNC","West North Central","ALL","all sectors","11732301","10.93","8328.60444","76189.08117","number of customers","cents per kilowatt-hour","million dollars","million kilowatt hours"
"2025-Q2","WNC","West North Central","COM","commercial","1544397","10.62","2893.089","27230.92403","number of customers","cents per kilowatt-hour","million dollars","million kilowatt hours"
"2025-Q2","WNC","West North Central","IND","industrial","133768","7.98","2049.56237","25697.362","number of customers","cents per kilowatt-hour","million dollars","million kilowatt hours"
"2025-Q2","WNC","West North Central","OTH","other",NA,NA,NA,NA,"number of customers","cents per kilowatt-hour","million dollars","million kilowatt hours"
"2025-Q2","WNC","West North Central","RES","residential","10054133","14.56","3384.99742","23252.02344","number of customers","cents per kilowatt-hour","million dollars","million kilowatt hours"
"2025-Q2","WNC","West North Central","TRA","transportation","3","10.89",".95565","8.7717","number of customers","cents per kilowatt-hour","million dollars","million kilowatt hours"
"2025-Q2","WSC","West South Central","ALL","all sectors","21031524","9.91","17822.93588","179889.4442","number of customers","cents per kilowatt-hour","million dollars","million kilowatt hours"
"2025-Q2","WSC","West South Central","COM","commercial","2348335","9.02","5224.49352","57948.36208","number of customers","cents per kilowatt-hour","million dollars","million kilowatt hours"
"2025-Q2","WSC","West South Central","IND","industrial","476268","6.49","4252.63919","65499.19911","number of customers","cents per kilowatt-hour","million dollars","million kilowatt hours"
"2025-Q2","WSC","West South Central","OTH","other",NA,NA,NA,NA,"number of customers","cents per kilowatt-hour","million dollars","million kilowatt hours"
"2025-Q2","WSC","West South Central","RES","residential","18206915","14.79","8345.41906","56436.92889","number of customers","cents per kilowatt-hour","million dollars","million kilowatt hours"
"2025-Q2","WSC","West South Central","TRA","transportation","6","7.75",".38411","4.95411","number of customers","cents per kilowatt-hour","million dollars","million kilowatt hours"
"2025-Q2","WV","West Virginia","ALL","all sectors","1029135","11.35","873.53322","7698.48091","number of customers","cents per kilowatt-hour","million dollars","million kilowatt hours"
"2025-Q2","WV","West Virginia","COM","commercial","152585","11.83","230.60325","1949.50765","number of customers","cents per kilowatt-hour","million dollars","million kilowatt hours"
"2025-Q2","WV","West Virginia","IND","industrial","10840","8.34","301.72323","3615.86222","number of customers","cents per kilowatt-hour","million dollars","million kilowatt hours"
"2025-Q2","WV","West Virginia","OTH","other",NA,NA,NA,NA,"number of customers","cents per kilowatt-hour","million dollars","million kilowatt hours"
"2025-Q2","WV","West Virginia","RES","residential","865709","16","341.20675","2133.11103","number of customers","cents per kilowatt-hour","million dollars","million kilowatt hours"
"2025-Q2","WV","West Virginia","TRA","transportation","0",NA,"0","0","number of customers","cents per kilowatt-hour","million dollars","million kilowatt hours"
"2025-Q2","WY","Wyoming","ALL","all sectors","361346","9.78","409.99993","4190.31007","number of customers","cents per kilowatt-hour","million dollars","million kilowatt hours"
"2025-Q2","WY","Wyoming","COM","commercial","59946","9.51","130.89957","1376.79577","number of customers","cents per kilowatt-hour","million dollars","million kilowatt hours"
"2025-Q2","WY","Wyoming","IND","industrial","12032","8.76","190.58593","2175.60562","number of customers","cents per kilowatt-hour","million dollars","million kilowatt hours"
"2025-Q2","WY","Wyoming","OTH","other",NA,NA,NA,NA,"number of customers","cents per kilowatt-hour","million dollars","million kilowatt hours"
"2025-Q2","WY","Wyoming","RES","residential","289368","13.88","88.51442","637.90869","number of customers","cents per kilowatt-hour","million dollars","million kilowatt hours"
"2025-Q2","WY","Wyoming","TRA","transportation","0",NA,"0","0","number of customers","cents per kilowatt-hour","million dollars","million kilowatt hours"
"2025-Q1","AK","Alaska","ALL","all sectors","360446","22.77","368.56053","1618.3411","number of customers","cents per kilowatt-hour","million dollars","million kilowatt hours"
"2025-Q1","AK","Alaska","COM","commercial","57984","21.97","152.18804","692.79901","number of customers","cents per kilowatt-hour","million dollars","million kilowatt hours"
"2025-Q1","AK","Alaska","IND","industrial","1216","20.41","68.72326","336.6321","number of customers","cents per kilowatt-hour","million dollars","million kilowatt hours"
"2025-Q1","AK","Alaska","OTH","other",NA,NA,NA,NA,"number of customers","cents per kilowatt-hour","million dollars","million kilowatt hours"
"2025-Q1","AK","Alaska","RES","residential","301246","25.07","147.64924","588.90999","number of customers","cents per kilowatt-hour","million dollars","million kilowatt hours"
"2025-Q1","AK","Alaska","TRA","transportation","0",NA,"0","0","number of customers","cents per kilowatt-hour","million dollars","million kilowatt hours"
"2025-Q1","AL","Alabama","ALL","all sectors","2802679","12.46","2716.76527","21801.04546","number of customers","cents per kilowatt-hour","million dollars","million kilowatt hours"
"2025-Q1","AL","Alabama","COM","commercial","393717","14.45","770.89332","5335.16962","number of customers","cents per kilowatt-hour","million dollars","million kilowatt hours"
"2025-Q1","AL","Alabama","IND","industrial","7254","7.5","584.3077","7792.74524","number of customers","cents per kilowatt-hour","million dollars","million kilowatt hours"
"2025-Q1","AL","Alabama","OTH","other",NA,NA,NA,NA,"number of customers","cents per kilowatt-hour","million dollars","million kilowatt hours"
"2025-Q1","AL","Alabama","RES","residential","2401709","15.7","1361.56426","8673.1306","number of customers","cents per kilowatt-hour","million dollars","million kilowatt hours"
"2025-Q1","AL","Alabama","TRA","transportation","0",NA,"0","0","number of customers","cents per kilowatt-hour","million dollars","million kilowatt hours"
"2025-Q1","AR","Arkansas","ALL","all sectors","1725631","9.41","1230.18439","13071.91133","number of customers","cents per kilowatt-hour","million dollars","million kilowatt hours"
"2025-Q1","AR","Arkansas","COM","commercial","208291","10.36","282.48846","2727.33016","number of customers","cents per kilowatt-hour","million dollars","million kilowatt hours"
"2025-Q1","AR","Arkansas","IND","industrial","33942","6.38","318.56328","4993.08807","number of customers","cents per kilowatt-hour","million dollars","million kilowatt hours"
"2025-Q1","AR","Arkansas","OTH","other",NA,NA,NA,NA,"number of customers","cents per kilowatt-hour","million dollars","million kilowatt hours"
"2025-Q1","AR","Arkansas","RES","residential","1483396","11.76","629.1249","5351.42791","number of customers","cents per kilowatt-hour","million dollars","million kilowatt hours"
"2025-Q1","AR","Arkansas","TRA","transportation","2","11.9",".00776",".0652","number of customers","cents per kilowatt-hour","million dollars","million kilowatt hours"
"2025-Q1","AZ","Arizona","ALL","all sectors","3498760","12.36","2241.89126","18135.87888","number of customers","cents per kilowatt-hour","million dollars","million kilowatt hours"
"2025-Q1","AZ","Arizona","COM","commercial","348826","11.99","942.76071","7864.59712","number of customers","cents per kilowatt-hour","million dollars","million kilowatt hours"
"2025-Q1","AZ","Arizona","IND","industrial","7207","7.67","252.2296","3288.07262","number of customers","cents per kilowatt-hour","million dollars","million kilowatt hours"
"2025-Q1","AZ","Arizona","OTH","other",NA,NA,NA,NA,"number of customers","cents per kilowatt-hour","million dollars","million kilowatt hours"
"2025-Q1","AZ","Arizona","RES","residential","3142724","14.99","1046.64143","6980.73593","number of customers","cents per kilowatt-hour","million dollars","million kilowatt hours"
"2025-Q1","AZ","Arizona","TRA","transportation","2","10.49",".25952","2.47322","number of customers","cents per kilowatt-hour","million dollars","million kilowatt hours"
"2025-Q1","CA","California","ALL","all sectors","15975819","25.86","14340.20597","55444.57171","number of customers","cents per kilowatt-hour","million dollars","million kilowatt hours"
"2025-Q1","CA","California","COM","commercial","1761262","23.97","6296.56545","26268.42177","number of customers","cents per kilowatt-hour","million dollars","million kilowatt hours"
"2025-Q1","CA","California","IND","industrial","143377","19.37","1747.58278","9021.25076","number of customers","cents per kilowatt-hour","million dollars","million kilowatt hours"
"2025-Q1","CA","California","OTH","other",NA,NA,NA,NA,"number of customers","cents per kilowatt-hour","million dollars","million kilowatt hours"
"2025-Q1","CA","California","RES","residential","14071168","31.37","6268.34579","19982.56205","number of customers","cents per kilowatt-hour","million dollars","million kilowatt hours"
"2025-Q1","CA","California","TRA","transportation","13","16.08","27.71194","172.33715","number of customers","cents per kilowatt-hour","million dollars","million kilowatt hours"
"2025-Q1","CO","Colorado","ALL","all sectors","2917249","11.87","1634.68258","13770.35496","number of customers","cents per kilowatt-hour","million dollars","million kilowatt hours"
"2025-Q1","CO","Colorado","COM","commercial","401147","11.23","571.98643","5094.17917","number of customers","cents per kilowatt-hour","million dollars","million kilowatt hours"
"2025-Q1","CO","Colorado","IND","industrial","14752","8.44","306.46453","3629.17333","number of customers","cents per kilowatt-hour","million dollars","million kilowatt hours"
"2025-Q1","CO","Colorado","OTH","other",NA,NA,NA,NA,"number of customers","cents per kilowatt-hour","million dollars","million kilowatt hours"
"2025-Q1","CO","Colorado","RES","residential","2501348","15.01","754.12935","5023.49518","number of customers","cents per kilowatt-hour","million dollars","million kilowatt hours"
"2025-Q1","CO","Colorado","TRA","transportation","1","8.94","2.10227","23.5073","number of customers","cents per kilowatt-hour","million dollars","million kilowatt hours"
"2025-Q1","CT","Connecticut","ALL","all sectors","1724434","28.04","1946.20516","6940.52236","number of customers","cents per kilowatt-hour","million dollars","million kilowatt hours"
"2025-Q1","CT","Connecticut","COM","commercial","156547","25.13","697.2176","2774.12103","number of customers","cents per kilowatt-hour","million dollars","million kilowatt hours"
"2025-Q1","CT","Connecticut","IND","industrial","3804","20.23","120.36264","594.9521","number of customers","cents per kilowatt-hour","million dollars","million kilowatt hours"
"2025-Q1","CT","Connecticut","OTH","other",NA,NA,NA,NA,"number of customers","cents per kilowatt-hour","million dollars","million kilowatt hours"
"2025-Q1","CT","Connecticut","RES","residential","1564079","31.75","1119.61049","3526.05322","number of customers","cents per kilowatt-hour","million dollars","million kilowatt hours"
"2025-Q1","CT","Connecticut","TRA","transportation","3","19.86","9.01445","45.39602","number of customers","cents per kilowatt-hour","million dollars","million kilowatt hours"
"2025-Q1","DC","District of Columbia","ALL","all sectors","350627","19.42","496.76029","2557.39666","number of customers","cents per kilowatt-hour","million dollars","million kilowatt hours"
"2025-Q1","DC","District of Columbia","COM","commercial","27615","19.87","345.47843","1738.61392","number of customers","cents per kilowatt-hour","million dollars","million kilowatt hours"
"2025-Q1","DC","District of Columbia","IND","industrial","1","14.26","6.74546","47.3174","number of customers","cents per kilowatt-hour","million dollars","million kilowatt hours"
"2025-Q1","DC","District of Columbia","OTH","other",NA,NA,NA,NA,"number of customers","cents per kilowatt-hour","million dollars","million kilowatt hours"
"2025-Q1","DC","District of Columbia","RES","residential","323008","19.57","136.88158","699.29663","number of customers","cents per kilowatt-hour","million dollars","million kilowatt hours"
"2025-Q1","DC","District of Columbia","TRA","transportation","3","10.61","7.65484","72.16871","number of customers","cents per kilowatt-hour","million dollars","million kilowatt hours"
"2025-Q1","DE","Delaware","ALL","all sectors","535890","13.95","418.12799","2997.73433","number of customers","cents per kilowatt-hour","million dollars","million kilowatt hours"
"2025-Q1","DE","Delaware","COM","commercial","60694","12.65","128.11656","1013.06368","number of customers","cents per kilowatt-hour","million dollars","million kilowatt hours"
"2025-Q1","DE","Delaware","IND","industrial","1128","10.06","44.26613","440.12455","number of customers","cents per kilowatt-hour","million dollars","million kilowatt hours"
"2025-Q1","DE","Delaware","OTH","other",NA,NA,NA,NA,"number of customers","cents per kilowatt-hour","million dollars","million kilowatt hours"
"2025-Q1","DE","Delaware","RES","residential","474067","15.91","245.74528","1544.54609","number of customers","cents per kilowatt-hour","million dollars","million kilowatt hours"
"2025-Q1","DE","Delaware","TRA","transportation","0",NA,"0","0","number of customers","cents per kilowatt-hour","million dollars","million kilowatt hours"
"2025-Q1","ENC","East North Central","ALL","all sectors","23466770","12.77","18046.25834","141280.49897","number of customers","cents per kilowatt-hour","million dollars","million kilowatt hours"
"2025-Q1","ENC","East North Central","COM","commercial","2576990","12.56","5674.75124","45196.05435","number of customers","cents per kilowatt-hour","million dollars","million kilowatt hours"
"2025-Q1","ENC","East North Central","IND","industrial","54171","8.77","3972.33978","45281.03639","number of customers","cents per kilowatt-hour","million dollars","million kilowatt hours"
"2025-Q1","ENC","East North Central","OTH","other",NA,NA,NA,NA,"number of customers","cents per kilowatt-hour","million dollars","million kilowatt hours"
"2025-Q1","ENC","East North Central","RES","residential","20835599","16.56","8379.53476","50598.24258","number of customers","cents per kilowatt-hour","million dollars","million kilowatt hours"
"2025-Q1","ENC","East North Central","TRA","transportation","10","9.57","19.63257","205.16565","number of customers","cents per kilowatt-hour","million dollars","million kilowatt hours"
"2025-Q1","ESC","East South Central","ALL","all sectors","10340836","11.48","9204.90002","80149.25599","number of customers","cents per kilowatt-hour","million dollars","million kilowatt hours"
"2025-Q1","ESC","East South Central","COM","commercial","1512184","13.06","2855.34642","21858.83914","number of customers","cents per kilowatt-hour","million dollars","million kilowatt hours"
"2025-Q1","ESC","East South Central","IND","industrial","25316","7.08","1721.81006","24311.16701","number of customers","cents per kilowatt-hour","million dollars","million kilowatt hours"
"2025-Q1","ESC","East South Central","OTH","other",NA,NA,NA,NA,"number of customers","cents per kilowatt-hour","million dollars","million kilowatt hours"
"2025-Q1","ESC","East South Central","RES","residential","8803337","13.62","4627.74354","33979.24984","number of customers","cents per kilowatt-hour","million dollars","million kilowatt hours"
"2025-Q1","ESC","East South Central","TRA","transportation","0",NA,"0","0","number of customers","cents per kilowatt-hour","million dollars","million kilowatt hours"
"2025-Q1","FL","Florida","ALL","all sectors","11875989","13.06","7325.72315","56087.66974","number of customers","cents per kilowatt-hour","million dollars","million kilowatt hours"
"2025-Q1","FL","Florida","COM","commercial","1318209","11.5","2523.20568","21932.71676","number of customers","cents per kilowatt-hour","million dollars","million kilowatt hours"
"2025-Q1","FL","Florida","IND","industrial","25495","8.69","359.65544","4137.75956","number of customers","cents per kilowatt-hour","million dollars","million kilowatt hours"
"2025-Q1","FL","Florida","OTH","other",NA,NA,NA,NA,"number of customers","cents per kilowatt-hour","million dollars","million kilowatt hours"
"2025-Q1","FL","Florida","RES","residential","10532283","14.8","4441.10578","30001.38879","number of customers","cents per kilowatt-hour","million dollars","million kilowatt hours"
"2025-Q1","FL","Florida","TRA","transportation","2","11.11","1.75627","15.80462","number of customers","cents per kilowatt-hour","million dollars","million kilowatt hours"
"2025-Q1","GA","Georgia","ALL","all sectors","5451084","11.68","4326.81096","37037.16547","number of customers","cents per kilowatt-hour","million dollars","million kilowatt hours"
"2025-Q1","GA","Georgia","COM","commercial","624112","11.54","1512.60627","13101.9588","number of customers","cents per kilowatt-hour","million dollars","million kilowatt hours"
"2025-Q1","GA","Georgia","IND","industrial","22532","7.55","593.69937","7859.64037","number of customers","cents per kilowatt-hour","million dollars","million kilowatt hours"
"2025-Q1","GA","Georgia","OTH","other",NA,NA,NA,NA,"number of customers","cents per kilowatt-hour","million dollars","million kilowatt hours"
"2025-Q1","GA","Georgia","RES","residential","4804439","13.83","2217.40209","16033.41958","number of customers","cents per kilowatt-hour","million dollars","million kilowatt hours"
"2025-Q1","GA","Georgia","TRA","transportation","1","7.36","3.10324","42.14671","number of customers","cents per kilowatt-hour","million dollars","million kilowatt hours"
"2025-Q1","HI","Hawaii","ALL","all sectors","508090","36.77","782.25566","2127.55103","number of customers","cents per kilowatt-hour","million dollars","million kilowatt hours"
"2025-Q1","HI","Hawaii","COM","commercial","59686","37.52","246.03591","655.66406","number of customers","cents per kilowatt-hour","million dollars","million kilowatt hours"
"2025-Q1","HI","Hawaii","IND","industrial","829","32.62","270.50956","829.35072","number of customers","cents per kilowatt-hour","million dollars","million kilowatt hours"
"2025-Q1","HI","Hawaii","OTH","other",NA,NA,NA,NA,"number of customers","cents per kilowatt-hour","million dollars","million kilowatt hours"
"2025-Q1","HI","Hawaii","RES","residential","447574","41.35","265.71019","642.53624","number of customers","cents per kilowatt-hour","million dollars","million kilowatt hours"
"2025-Q1","HI","Hawaii","TRA","transportation","0",NA,"0","0","number of customers","cents per kilowatt-hour","million dollars","million kilowatt hours"
"2025-Q1","IA","Iowa","ALL","all sectors","1732951","8.88","1304.6291","14685.79525","number of customers","cents per kilowatt-hour","million dollars","million kilowatt hours"
"2025-Q1","IA","Iowa","COM","commercial","254228","9.96","335.3101","3367.18165","number of customers","cents per kilowatt-hour","million dollars","million kilowatt hours"
"2025-Q1","IA","Iowa","IND","industrial","9283","6.37","448.68348","7044.27076","number of customers","cents per kilowatt-hour","million dollars","million kilowatt hours"
"2025-Q1","IA","Iowa","OTH","other",NA,NA,NA,NA,"number of customers","cents per kilowatt-hour","million dollars","million kilowatt hours"
"2025-Q1","IA","Iowa","RES","residential","1469440","12.18","520.63553","4274.34283","number of customers","cents per kilowatt-hour","million dollars","million kilowatt hours"
"2025-Q1","IA","Iowa","TRA","transportation","0",NA,"0","0","number of customers","cents per kilowatt-hour","million dollars","million kilowatt hours"
"2025-Q1","ID","Idaho","ALL","all sectors","1034702","9.43","609.77104","6465.61858","number of customers","cents per kilowatt-hour","million dollars","million kilowatt hours"
"2025-Q1","ID","Idaho","COM","commercial","124847","9.09","160.01014","1760.92199","number of customers","cents per kilowatt-hour","million dollars","million kilowatt hours"
"2025-Q1","ID","Idaho","IND","industrial","29539","7.03","123.72737","1760.58684","number of customers","cents per kilowatt-hour","million dollars","million kilowatt hours"
"2025-Q1","ID","Idaho","OTH","other",NA,NA,NA,NA,"number of customers","cents per kilowatt-hour","million dollars","million kilowatt hours"
"2025-Q1","ID","Idaho","RES","residential","880316","11.07","326.03351","2944.10975","number of customers","cents per kilowatt-hour","million dollars","million kilowatt hours"
"2025-Q1","ID","Idaho","TRA","transportation","0",NA,"0","0","number of customers","cents per kilowatt-hour","million dollars","million kilowatt hours"
"2025-Q1","IL","Illinois","ALL","all sectors","6003588","13.17","4420.5182","33552.67408","number of customers","cents per kilowatt-hour","million dollars","million kilowatt hours"
"2025-Q1","IL","Illinois","COM","commercial","638156","12.56","1435.48103","11428.75529","number of customers","cents per kilowatt-hour","million dollars","million kilowatt hours"
"2025-Q1","IL","Illinois","IND","industrial","5961","10.21","1061.50561","10397.70733","number of customers","cents per kilowatt-hour","million dollars","million kilowatt hours"
"2025-Q1","IL","Illinois","OTH","other",NA,NA,NA,NA,"number of customers","cents per kilowatt-hour","million dollars","million kilowatt hours"
"2025-Q1","IL","Illinois","RES","residential","5359469","16.51","1906.06949","11541.5268","number of customers","cents per kilowatt-hour","million dollars","million kilowatt hours"
"2025-Q1","IL","Illinois","TRA","transportation","3","9.46","17.46207","184.68467","number of customers","cents per kilowatt-hour","million dollars","million kilowatt hours"
"2025-Q1","IN","Indiana","ALL","all sectors","3382623","12.1","3124.81154","25831.08112","number of customers","cents per kilowatt-hour","million dollars","million kilowatt hours"
"2025-Q1","IN","Indiana","COM","commercial","374677","13.59","788.13021","5799.25594","number of customers","cents per kilowatt-hour","million dollars","million kilowatt hours"
"2025-Q1","IN","Indiana","IND","industrial","19078","8.56","896.78546","10477.36949","number of customers","cents per kilowatt-hour","million dollars","million kilowatt hours"
"2025-Q1","IN","Indiana","OTH","other",NA,NA,NA,NA,"number of customers","cents per kilowatt-hour","million dollars","million kilowatt hours"
"2025-Q1","IN","Indiana","RES","residential","2988866","15.07","1439.1024","9548.5716","number of customers","cents per kilowatt-hour","million dollars","million kilowatt hours"
"2025-Q1","IN","Indiana","TRA","transportation","1","13.48",".79346","5.8841","number of customers","cents per kilowatt-hour","million dollars","million kilowatt hours"
"2025-Q1","KS","Kansas","ALL","all sectors","1611366","10.99","1099.74806","10003.99592","number of customers","cents per kilowatt-hour","million dollars","million kilowatt hours"
"2025-Q1","KS","Kansas","COM","commercial","249794","10.74","406.99832","3791.15915","number of customers","cents per kilowatt-hour","million dollars","million kilowatt hours"
"2025-Q1","KS","Kansas","IND","industrial","23825","7.82","211.56178","2706.39506","number of customers","cents per kilowatt-hour","million dollars","million kilowatt hours"
"2025-Q1","KS","Kansas","OTH","other",NA,NA,NA,NA,"number of customers","cents per kilowatt-hour","million dollars","million kilowatt hours"
"2025-Q1","KS","Kansas","RES","residential","1337748","13.72","481.18795","3506.44171","number of customers","cents per kilowatt-hour","million dollars","million kilowatt hours"
"2025-Q1","KS","Kansas","TRA","transportation","0",NA,"0","0","number of customers","cents per kilowatt-hour","million dollars","million kilowatt hours"
"2025-Q1","KY","Kentucky","ALL","all sectors","2326460","10.49","2050.5347","19544.0239","number of customers","cents per kilowatt-hour","million dollars","million kilowatt hours"
"2025-Q1","KY","Kentucky","COM","commercial","326918","11.82","584.66993","4946.15032","number of customers","cents per kilowatt-hour","million dollars","million kilowatt hours"
"2025-Q1","KY","Kentucky","IND","industrial","4755","6.93","472.62811","6816.65732","number of customers","cents per kilowatt-hour","million dollars","million kilowatt hours"
"2025-Q1","KY","Kentucky","OTH","other",NA,NA,NA,NA,"number of customers","cents per kilowatt-hour","million dollars","million kilowatt hours"
"2025-Q1","KY","Kentucky","RES","residential","1994787","12.76","993.23666","7781.21625","number of customers","cents per kilowatt-hour","million dollars","million kilowatt hours"
"2025-Q1","KY","Kentucky","TRA","transportation","0",NA,"0","0","number of customers","cents per kilowatt-hour","million dollars","million kilowatt hours"
"2025-Q1","LA","Louisiana","ALL","all sectors","2471698","9.02","2088.13702","23140.46956","number of customers","cents per kilowatt-hour","million dollars","million kilowatt hours"
"2025-Q1","LA","Louisiana","COM","commercial","302403","11.11","595.57245","5359.8108","number of customers","cents per kilowatt-hour","million dollars","million kilowatt hours"
"2025-Q1","LA","Louisiana","IND","industrial","17701","5.82","595.73395","10228.61977","number of customers","cents per kilowatt-hour","million dollars","million kilowatt hours"
"2025-Q1","LA","Louisiana","OTH","other",NA,NA,NA,NA,"number of customers","cents per kilowatt-hour","million dollars","million kilowatt hours"
"2025-Q1","LA","Louisiana","RES","residential","2151593","11.88","896.59993","7549.9521","number of customers","cents per kilowatt-hour","million dollars","million kilowatt hours"
"2025-Q1","LA","Louisiana","TRA","transportation","1","11.05",".23069","2.08689","number of customers","cents per kilowatt-hour","million dollars","million kilowatt hours"
"2025-Q1","MA","Massachusetts","ALL","all sectors","3313570","25.79","3376.38351","13090.18435","number of customers","cents per kilowatt-hour","million dollars","million kilowatt hours"
"2025-Q1","MA","Massachusetts","COM","commercial","427573","23.31","1420.9495","6095.03199","number of customers","cents per kilowatt-hour","million dollars","million kilowatt hours"
"2025-Q1","MA","Massachusetts","IND","industrial","9587","19.66","264.45868","1345.12645","number of customers","cents per kilowatt-hour","million dollars","million kilowatt hours"
"2025-Q1","MA","Massachusetts","OTH","other",NA,NA,NA,NA,"number of customers","cents per kilowatt-hour","million dollars","million kilowatt hours"
"2025-Q1","MA","Massachusetts","RES","residential","2876408","30.22","1682.33598","5566.96071","number of customers","cents per kilowatt-hour","million dollars","million kilowatt hours"
"2025-Q1","MA","Massachusetts","TRA","transportation","2","10.4","8.63935","83.06521","number of customers","cents per kilowatt-hour","million dollars","million kilowatt hours"
"2025-Q1","MAT","Middle Atlantic","ALL","all sectors","19210606","17.29","15870.73908","91802.40499","number of customers","cents per kilowatt-hour","million dollars","million kilowatt hours"
"2025-Q1","MAT","Middle Atlantic","COM","commercial","2450244","16.95","6309.92834","37235.61887","number of customers","cents per kilowatt-hour","million dollars","million kilowatt hours"
"2025-Q1","MAT","Middle Atlantic","IND","industrial","38468","9.68","1612.40772","16660.06285","number of customers","cents per kilowatt-hour","million dollars","million kilowatt hours"
"2025-Q1","MAT","Middle Atlantic","OTH","other",NA,NA,NA,NA,"number of customers","cents per kilowatt-hour","million dollars","million kilowatt hours"
"2025-Q1","MAT","Middle Atlantic","RES","residential","16721876","21.15","7799.48978","36883.54505","number of customers","cents per kilowatt-hour","million dollars","million kilowatt hours"
"2025-Q1","MAT","Middle Atlantic","TRA","transportation","18","14.55","148.91325","1023.17824","number of customers","cents per kilowatt-hour","million dollars","million kilowatt hours"
"2025-Q1","MD","Maryland","ALL","all sectors","2727149","16.2","2566.93948","15843.57365","number of customers","cents per kilowatt-hour","million dollars","million kilowatt hours"
"2025-Q1","MD","Maryland","COM","commercial","261940","14.08","952.31065","6763.25451","number of customers","cents per kilowatt-hour","million dollars","million kilowatt hours"
"2025-Q1","MD","Maryland","IND","industrial","9323","12.06","100.34564","831.8416","number of customers","cents per kilowatt-hour","million dollars","million kilowatt hours"
"2025-Q1","MD","Maryland","OTH","other",NA,NA,NA,NA,"number of customers","cents per kilowatt-hour","million dollars","million kilowatt hours"
"2025-Q1","MD","Maryland","RES","residential","2455881","18.44","1502.81189","8150.8262","number of customers","cents per kilowatt-hour","million dollars","million kilowatt hours"
"2025-Q1","MD","Maryland","TRA","transportation","5","11.75","11.47131","97.65133","number of customers","cents per kilowatt-hour","million dollars","million kilowatt hours"
"2025-Q1","ME","Maine","ALL","all sectors","861605","22.63","692.50473","3059.69801","number of customers","cents per kilowatt-hour","million dollars","million kilowatt hours"
"2025-Q1","ME","Maine","COM","commercial","112071","20.41","217.51891","1065.78833","number of customers","cents per kilowatt-hour","million dollars","million kilowatt hours"
"2025-Q1","ME","Maine","IND","industrial","1882","16.19","91.94784","568.07922","number of customers","cents per kilowatt-hour","million dollars","million kilowatt hours"
"2025-Q1","ME","Maine","OTH","other",NA,NA,NA,NA,"number of customers","cents per kilowatt-hour","million dollars","million kilowatt hours"
"2025-Q1","ME","Maine","RES","residential","747652","26.86","383.03798","1425.83048","number of customers","cents per kilowatt-hour","million dollars","million kilowatt hours"
"2025-Q1","ME","Maine","TRA","transportation","0",NA,"0","0","number of customers","cents per kilowatt-hour","million dollars","million kilowatt hours"
"2025-Q1","MI","Michigan","ALL","all sectors","5112446","14.22","3479.75929","24463.66231","number of customers","cents per kilowatt-hour","million dollars","million kilowatt hours"
"2025-Q1","MI","Michigan","COM","commercial","568141","13.96","1272.35128","9111.72362","number of customers","cents per kilowatt-hour","million dollars","million kilowatt hours"
"2025-Q1","MI","Michigan","IND","industrial","5666","8.53","569.28164","6671.95614","number of customers","cents per kilowatt-hour","million dollars","million kilowatt hours"
"2025-Q1","MI","Michigan","OTH","other",NA,NA,NA,NA,"number of customers","cents per kilowatt-hour","million dollars","million kilowatt hours"
"2025-Q1","MI","Michigan","RES","residential","4538637","18.87","1637.88483","8678.15164","number of customers","cents per kilowatt-hour","million dollars","million kilowatt hours"
"2025-Q1","MI","Michigan","TRA","transportation","2","13.19",".24155","1.8309","number of customers","cents per kilowatt-hour","million dollars","million kilowatt hours"
"2025-Q1","MN","Minnesota","ALL","all sectors","2926683","12.12","2040.82415","16842.59733","number of customers","cents per kilowatt-hour","million dollars","million kilowatt hours"
"2025-Q1","MN","Minnesota","COM","commercial","310388","11.68","671.86295","5754.26274","number of customers","cents per kilowatt-hour","million dollars","million kilowatt hours"
"2025-Q1","MN","Minnesota","IND","industrial","9192","9.11","426.39689","4681.41901","number of customers","cents per kilowatt-hour","million dollars","million kilowatt hours"
"2025-Q1","MN","Minnesota","OTH","other",NA,NA,NA,NA,"number of customers","cents per kilowatt-hour","million dollars","million kilowatt hours"
"2025-Q1","MN","Minnesota","RES","residential","2607101","14.71","942.05794","6402.61097","number of customers","cents per kilowatt-hour","million dollars","million kilowatt hours"
"2025-Q1","MN","Minnesota","TRA","transportation","1","11.76",".50638","4.30463","number of customers","cents per kilowatt-hour","million dollars","million kilowatt hours"
"2025-Q1","MO","Missouri","ALL","all sectors","3273417","10.15","2083.6516","20523.30531","number of customers","cents per kilowatt-hour","million dollars","million kilowatt hours"
"2025-Q1","MO","Missouri","COM","commercial","405440","9.37","679.67392","7254.92197","number of customers","cents per kilowatt-hour","million dollars","million kilowatt hours"
"2025-Q1","MO","Missouri","IND","industrial","9304","7.74","238.07706","3075.87742","number of customers","cents per kilowatt-hour","million dollars","million kilowatt hours"
"2025-Q1","MO","Missouri","OTH","other",NA,NA,NA,NA,"number of customers","cents per kilowatt-hour","million dollars","million kilowatt hours"
"2025-Q1","MO","Missouri","RES","residential","2858672","11.44","1165.22217","10184.83475","number of customers","cents per kilowatt-hour","million dollars","million kilowatt hours"
"2025-Q1","MO","Missouri","TRA","transportation","2","8.84",".67846","7.67116","number of customers","cents per kilowatt-hour","million dollars","million kilowatt hours"
"2025-Q1","MS","Mississippi","ALL","all sectors","1597193","11.23","1337.14178","11911.37227","number of customers","cents per kilowatt-hour","million dollars","million kilowatt hours"
"2025-Q1","MS","Mississippi","COM","commercial","247697","12.92","414.03567","3203.65161","number of customers","cents per kilowatt-hour","million dollars","million kilowatt hours"
"2025-Q1","MS","Mississippi","IND","industrial","12316","7.1","277.23228","3906.19501","number of customers","cents per kilowatt-hour","million dollars","million kilowatt hours"
"2025-Q1","MS","Mississippi","OTH","other",NA,NA,NA,NA,"number of customers","cents per kilowatt-hour","million dollars","million kilowatt hours"
"2025-Q1","MS","Mississippi","RES","residential","1337180","13.45","645.87385","4801.52566","number of customers","cents per kilowatt-hour","million dollars","million kilowatt hours"
"2025-Q1","MS","Mississippi","TRA","transportation","0",NA,"0","0","number of customers","cents per kilowatt-hour","million dollars","million kilowatt hours"
"2025-Q1","MT","Montana","ALL","all sectors","716659","10.19","442.05503","4338.77078","number of customers","cents per kilowatt-hour","million dollars","million kilowatt hours"
"2025-Q1","MT","Montana","COM","commercial","142025","10.82","148.80466","1375.36718","number of customers","cents per kilowatt-hour","million dollars","million kilowatt hours"
"2025-Q1","MT","Montana","IND","industrial","10469","6.83","73.01643","1068.89882","number of customers","cents per kilowatt-hour","million dollars","million kilowatt hours"
"2025-Q1","MT","Montana","OTH","other",NA,NA,NA,NA,"number of customers","cents per kilowatt-hour","million dollars","million kilowatt hours"
"2025-Q1","MT","Montana","RES","residential","564165","11.62","220.23393","1894.50478","number of customers","cents per kilowatt-hour","million dollars","million kilowatt hours"
"2025-Q1","MT","Montana","TRA","transportation","0",NA,"0","0","number of customers","cents per kilowatt-hour","million dollars","million kilowatt hours"
"2025-Q1","MTN","Mountain","ALL","all sectors","12514303","10.83","7698.54899","71063.78716","number of customers","cents per kilowatt-hour","million dollars","million kilowatt hours"
"2025-Q1","MTN","Mountain","COM","commercial","1545980","10.69","2811.295","26298.17816","number of customers","cents per kilowatt-hour","million dollars","million kilowatt hours"
"2025-Q1","MTN","Mountain","IND","industrial","98477","7.45","1490.05085","20004.22859","number of customers","cents per kilowatt-hour","million dollars","million kilowatt hours"
"2025-Q1","MTN","Mountain","OTH","other",NA,NA,NA,NA,"number of customers","cents per kilowatt-hour","million dollars","million kilowatt hours"
"2025-Q1","MTN","Mountain","RES","residential","10869841","13.73","3393.11658","24720.91045","number of customers","cents per kilowatt-hour","million dollars","million kilowatt hours"
"2025-Q1","MTN","Mountain","TRA","transportation","5","10.1","4.08658","40.46996","number of customers","cents per kilowatt-hour","million dollars","million kilowatt hours"
"2025-Q1","NC","North Carolina","ALL","all sectors","5874988","11.57","4114.5262","35553.69806","number of customers","cents per kilowatt-hour","million dollars","million kilowatt hours"
"2025-Q1","NC","North Carolina","COM","commercial","753251","10.39","1225.10092","11793.44173","number of customers","cents per kilowatt-hour","million dollars","million kilowatt hours"
"2025-Q1","NC","North Carolina","IND","industrial","8756","7.96","486.22494","6111.07642","number of customers","cents per kilowatt-hour","million dollars","million kilowatt hours"
"2025-Q1","NC","North Carolina","OTH","other",NA,NA,NA,NA,"number of customers","cents per kilowatt-hour","million dollars","million kilowatt hours"
"2025-Q1","NC","North Carolina","RES","residential","5112980","13.62","2402.87731","17645.99693","number of customers","cents per kilowatt-hour","million dollars","million kilowatt hours"
"2025-Q1","NC","North Carolina","TRA","transportation","1","10.15",".32302","3.183","number of customers","cents per kilowatt-hour","million dollars","million kilowatt hours"
"2025-Q1","ND","North Dakota","ALL","all sectors","487253","7.96","649.20615","8160.41087","number of customers","cents per kilowatt-hour","million dollars","million kilowatt hours"
"2025-Q1","ND","North Dakota","COM","commercial","77484","7.27","220.61492","3035.0247","number of customers","cents per kilowatt-hour","million dollars","million kilowatt hours"
"2025-Q1","ND","North Dakota","IND","industrial","10802","7.36","251.62468","3417.15702","number of customers","cents per kilowatt-hour","million dollars","million kilowatt hours"
"2025-Q1","ND","North Dakota","OTH","other",NA,NA,NA,NA,"number of customers","cents per kilowatt-hour","million dollars","million kilowatt hours"
"2025-Q1","ND","North Dakota","RES","residential","398967","10.36","176.96655","1708.22915","number of customers","cents per kilowatt-hour","million dollars","million kilowatt hours"
"2025-Q1","ND","North Dakota","TRA","transportation","0",NA,"0","0","number of customers","cents per kilowatt-hour","million dollars","million kilowatt hours"
"2025-Q1","NE","Nebraska","ALL","all sectors","1144327","9","833.35704","9261.19621","number of customers","cents per kilowatt-hour","million dollars","million kilowatt hours"
"2025-Q1","NE","Nebraska","COM","commercial","163657","8.29","291.54292","3517.25746","number of customers","cents per kilowatt-hour","million dollars","million kilowatt hours"
"2025-Q1","NE","Nebraska","IND","industrial","61514","7.6","199.72655","2627.86514","number of customers","cents per kilowatt-hour","million dollars","million kilowatt hours"
"2025-Q1","NE","Nebraska","OTH","other",NA,NA,NA,NA,"number of customers","cents per kilowatt-hour","million dollars","million kilowatt hours"
"2025-Q1","NE","Nebraska","RES","residential","919156","10.98","342.08755","3116.07362","number of customers","cents per kilowatt-hour","million dollars","million kilowatt hours"
"2025-Q1","NE","Nebraska","TRA","transportation","0",NA,"0","0","number of customers","cents per kilowatt-hour","million dollars","million kilowatt hours"
"2025-Q1","NEW","New England","ALL","all sectors","7573375","25.36","7413.99422","29233.61119","number of customers","cents per kilowatt-hour","million dollars","million kilowatt hours"
"2025-Q1","NEW","New England","COM","commercial","936374","23.18","2848.97224","12291.50105","number of customers","cents per kilowatt-hour","million dollars","million kilowatt hours"
"2025-Q1","NEW","New England","IND","industrial","20292","18.48","635.05198","3436.47449","number of customers","cents per kilowatt-hour","million dollars","million kilowatt hours"
"2025-Q1","NEW","New England","OTH","other",NA,NA,NA,NA,"number of customers","cents per kilowatt-hour","million dollars","million kilowatt hours"
"2025-Q1","NEW","New England","RES","residential","6616703","29.25","3910.9333","13371.25144","number of customers","cents per kilowatt-hour","million dollars","million kilowatt hours"
"2025-Q1","NEW","New England","TRA","transportation","6","14.17","19.03671","134.38422","number of customers","cents per kilowatt-hour","million dollars","million kilowatt hours"
"2025-Q1","NH","New Hampshire","ALL","all sectors","771234","21.29","621.05018","2917.34166","number of customers","cents per kilowatt-hour","million dollars","million kilowatt hours"
"2025-Q1","NH","New Hampshire","COM","commercial","112692","20.34","212.49179","1044.9337","number of customers","cents per kilowatt-hour","million dollars","million kilowatt hours"
"2025-Q1","NH","New Hampshire","IND","industrial","3110","17.94","83.25204","464.12943","number of customers","cents per kilowatt-hour","million dollars","million kilowatt hours"
"2025-Q1","NH","New Hampshire","OTH","other",NA,NA,NA,NA,"number of customers","cents per kilowatt-hour","million dollars","million kilowatt hours"
"2025-Q1","NH","New Hampshire","RES","residential","655432","23.1","325.30635","1408.27851","number of customers","cents per kilowatt-hour","million dollars","million kilowatt hours"
"2025-Q1","NH","New Hampshire","TRA","transportation","0",NA,"0","0","number of customers","cents per kilowatt-hour","million dollars","million kilowatt hours"
"2025-Q1","NJ","New Jersey","ALL","all sectors","4299463","16.9","2979.01182","17628.08918","number of customers","cents per kilowatt-hour","million dollars","million kilowatt hours"
"2025-Q1","NJ","New Jersey","COM","commercial","540792","15.36","1383.83427","9007.20183","number of customers","cents per kilowatt-hour","million dollars","million kilowatt hours"
"2025-Q1","NJ","New Jersey","IND","industrial","11006","13.28","202.32607","1523.37145","number of customers","cents per kilowatt-hour","million dollars","million kilowatt hours"
"2025-Q1","NJ","New Jersey","OTH","other",NA,NA,NA,NA,"number of customers","cents per kilowatt-hour","million dollars","million kilowatt hours"
"2025-Q1","NJ","New Jersey","RES","residential","3747658","19.74","1380.40939","6993.08423","number of customers","cents per kilowatt-hour","million dollars","million kilowatt hours"
"2025-Q1","NJ","New Jersey","TRA","transportation","7","11.91","12.4421","104.43168","number of customers","cents per kilowatt-hour","million dollars","million kilowatt hours"
"2025-Q1","NM","New Mexico","ALL","all sectors","1073580","9.36","681.11676","7273.02118","number of customers","cents per kilowatt-hour","million dollars","million kilowatt hours"
"2025-Q1","NM","New Mexico","COM","commercial","146936","10.63","232.05157","2183.11223","number of customers","cents per kilowatt-hour","million dollars","million kilowatt hours"
"2025-Q1","NM","New Mexico","IND","industrial","9238","6.06","204.43205","3373.95438","number of customers","cents per kilowatt-hour","million dollars","million kilowatt hours"
"2025-Q1","NM","New Mexico","OTH","other",NA,NA,NA,NA,"number of customers","cents per kilowatt-hour","million dollars","million kilowatt hours"
"2025-Q1","NM","New Mexico","RES","residential","917406","14.26","244.63315","1715.95456","number of customers","cents per kilowatt-hour","million dollars","million kilowatt hours"
"2025-Q1","NM","New Mexico","TRA","transportation","0",NA,"0","0","number of customers","cents per kilowatt-hour","million dollars","million kilowatt hours"
"2025-Q1","NV","Nevada","ALL","all sectors","1505220","10.04","835.226","8321.55098","number of customers","cents per kilowatt-hour","million dollars","million kilowatt hours"
"2025-Q1","NV","Nevada","COM","commercial","178174","9.46","288.43992","3049.12017","number of customers","cents per kilowatt-hour","million dollars","million kilowatt hours"
"2025-Q1","NV","Nevada","IND","industrial","4677","6.82","186.05191","2727.59466","number of customers","cents per kilowatt-hour","million dollars","million kilowatt hours"
"2025-Q1","NV","Nevada","OTH","other",NA,NA,NA,NA,"number of customers","cents per kilowatt-hour","million dollars","million kilowatt hours"
"2025-Q1","NV","Nevada","RES","residential","1322368","14.18","360.58467","2543.10067","number of customers","cents per kilowatt-hour","million dollars","million kilowatt hours"
"2025-Q1","NV","Nevada","TRA","transportation","1","8.61",".14948","1.73547","number of customers","cents per kilowatt-hour","million dollars","million kilowatt hours"
"2025-Q1","NY","New York","ALL","all sectors","8627212","21.28","7749.92842","36427.31886","number of customers","cents per kilowatt-hour","million dollars","million kilowatt hours"
"2025-Q1","NY","New York","COM","commercial","1166518","20.53","3713.20196","18090.48591","number of customers","cents per kilowatt-hour","million dollars","million kilowatt hours"
"2025-Q1","NY","New York","IND","industrial","16238","10.39","404.93575","3895.66058","number of customers","cents per kilowatt-hour","million dollars","million kilowatt hours"
"2025-Q1","NY","New York","OTH","other",NA,NA,NA,NA,"number of customers","cents per kilowatt-hour","million dollars","million kilowatt hours"
"2025-Q1","NY","New York","RES","residential","7444450","25.67","3507.89726","13667.06264","number of customers","cents per kilowatt-hour","million dollars","million kilowatt hours"
"2025-Q1","NY","New York","TRA","transportation","6","16","123.89346","774.10974","number of customers","cents per kilowatt-hour","million dollars","million kilowatt hours"
"2025-Q1","OH","Ohio","ALL","all sectors","5727423","11.86","4737.92274","39950.44852","number of customers","cents per kilowatt-hour","million dollars","million kilowatt hours"
"2025-Q1","OH","Ohio","COM","commercial","624827","11","1429.58249","13001.1603","number of customers","cents per kilowatt-hour","million dollars","million kilowatt hours"
"2025-Q1","OH","Ohio","IND","industrial","17855","7.96","966.0775","12139.28393","number of customers","cents per kilowatt-hour","million dollars","million kilowatt hours"
"2025-Q1","OH","Ohio","OTH","other",NA,NA,NA,NA,"number of customers","cents per kilowatt-hour","million dollars","million kilowatt hours"
"2025-Q1","OH","Ohio","RES","residential","5084739","15.82","2341.1895","14797.59883","number of customers","cents per kilowatt-hour","million dollars","million kilowatt hours"
"2025-Q1","OH","Ohio","TRA","transportation","2","8.65","1.07327","12.40547","number of customers","cents per kilowatt-hour","million dollars","million kilowatt hours"
"2025-Q1","OK","Oklahoma","ALL","all sectors","2235779","8.7","1564.39716","17980.24766","number of customers","cents per kilowatt-hour","million dollars","million kilowatt hours"
"2025-Q1","OK","Oklahoma","COM","commercial","310216","8.39","520.20263","6200.74993","number of customers","cents per kilowatt-hour","million dollars","million kilowatt hours"
"2025-Q1","OK","Oklahoma","IND","industrial","19737","5.73","312.53886","5450.09477","number of customers","cents per kilowatt-hour","million dollars","million kilowatt hours"
"2025-Q1","OK","Oklahoma","OTH","other",NA,NA,NA,NA,"number of customers","cents per kilowatt-hour","million dollars","million kilowatt hours"
"2025-Q1","OK","Oklahoma","RES","residential","1905826","11.56","731.65567","6329.40297","number of customers","cents per kilowatt-hour","million dollars","million kilowatt hours"
"2025-Q1","OK","Oklahoma","TRA","transportation","0",NA,"0","0","number of customers","cents per kilowatt-hour","million dollars","million kilowatt hours"
"2025-Q1","OR","Oregon","ALL","all sectors","2160606","11.51","1871.1334","16253.79656","number of customers","cents per kilowatt-hour","million dollars","million kilowatt hours"
"2025-Q1","OR","Oregon","COM","commercial","249194","10.5","676.21743","6442.28478","number of customers","cents per kilowatt-hour","million dollars","million kilowatt hours"
"2025-Q1","OR","Oregon","IND","industrial","26344","8.1","305.5951","3773.67635","number of customers","cents per kilowatt-hour","million dollars","million kilowatt hours"
"2025-Q1","OR","Oregon","OTH","other",NA,NA,NA,NA,"number of customers","cents per kilowatt-hour","million dollars","million kilowatt hours"
"2025-Q1","OR","Oregon","RES","residential","1885066","14.73","888.55402","6032.09934","number of customers","cents per kilowatt-hour","million dollars","million kilowatt hours"
"2025-Q1","OR","Oregon","TRA","transportation","2","13.37",".76686","5.73609","number of customers","cents per kilowatt-hour","million dollars","million kilowatt hours"
"2025-Q1","PA","Pennsylvania","ALL","all sectors","6283931","13.62","5141.79883","37746.99696","number of customers","cents per kilowatt-hour","million dollars","million kilowatt hours"
"2025-Q1","PA","Pennsylvania","COM","commercial","742934","11.96","1212.89211","10137.93114","number of customers","cents per kilowatt-hour","million dollars","million kilowatt hours"
"2025-Q1","PA","Pennsylvania","IND","industrial","11225","8.94","1005.1459","11241.03081","number of customers","cents per kilowatt-hour","million dollars","million kilowatt hours"
"2025-Q1","PA","Pennsylvania","OTH","other",NA,NA,NA,NA,"number of customers","cents per kilowatt-hour","million dollars","million kilowatt hours"
"2025-Q1","PA","Pennsylvania","RES","residential","5529767","17.94","2911.18313","16223.39819","number of customers","cents per kilowatt-hour","million dollars","million kilowatt hours"
"2025-Q1","PA","Pennsylvania","TRA","transportation","5","8.7","12.5777","144.63682","number of customers","cents per kilowatt-hour","million dollars","million kilowatt hours"
"2025-Q1","PACC","Pacific Contiguous","ALL","all sectors","21962140","19.46","19003.42489","97660.84084","number of customers","cents per kilowatt-hour","million dollars","million kilowatt hours"
"2025-Q1","PACC","Pacific Contiguous","COM","commercial","2416128","19.04","7906.48754","41516.78963","number of customers","cents per kilowatt-hour","million dollars","million kilowatt hours"
"2025-Q1","PACC","Pacific Contiguous","IND","industrial","195630","13.64","2357.53868","17280.88394","number of customers","cents per kilowatt-hour","million dollars","million kilowatt hours"
"2025-Q1","PACC","Pacific Contiguous","OTH","other",NA,NA,NA,NA,"number of customers","cents per kilowatt-hour","million dollars","million kilowatt hours"
"2025-Q1","PACC","Pacific Contiguous","RES","residential","19350362","22.53","8707.6585","38657.51196","number of customers","cents per kilowatt-hour","million dollars","million kilowatt hours"
"2025-Q1","PACC","Pacific Contiguous","TRA","transportation","20","15.43","31.74017","205.65532","number of customers","cents per kilowatt-hour","million dollars","million kilowatt hours"
"2025-Q1","PACN","Pacific Noncontiguous","ALL","all sectors","868536","30.72","1150.8162","3745.89213","number of customers","cents per kilowatt-hour","million dollars","million kilowatt hours"
"2025-Q1","PACN","Pacific Noncontiguous","COM","commercial","117671","29.53","398.22395","1348.46308","number of customers","cents per kilowatt-hour","million dollars","million kilowatt hours"
"2025-Q1","PACN","Pacific Noncontiguous","IND","industrial","2045","29.09","339.23283","1165.98282","number of customers","cents per kilowatt-hour","million dollars","million kilowatt hours"
"2025-Q1","PACN","Pacific Noncontiguous","OTH","other",NA,NA,NA,NA,"number of customers","cents per kilowatt-hour","million dollars","million kilowatt hours"
"2025-Q1","PACN","Pacific Noncontiguous","RES","residential","748820","33.57","413.35941","1231.44623","number of customers","cents per kilowatt-hour","million dollars","million kilowatt hours"
"2025-Q1","PACN","Pacific Noncontiguous","TRA","transportation","0",NA,"0","0","number of customers","cents per kilowatt-hour","million dollars","million kilowatt hours"
"2025-Q1","RI","Rhode Island","ALL","all sectors","528589","28.31","499.28721","1763.93085","number of customers","cents per kilowatt-hour","million dollars","million kilowatt hours"
"2025-Q1","RI","Rhode Island","COM","commercial","64295","25.08","203.85186","812.95532","number of customers","cents per kilowatt-hour","million dollars","million kilowatt hours"
"2025-Q1","RI","Rhode Island","IND","industrial","1689","24.25","35.42808","146.07375","number of customers","cents per kilowatt-hour","million dollars","million kilowatt hours"
"2025-Q1","RI","Rhode Island","OTH","other",NA,NA,NA,NA,"number of customers","cents per kilowatt-hour","million dollars","million kilowatt hours"
"2025-Q1","RI","Rhode Island","RES","residential","462603","32.37","258.62435","798.97879","number of customers","cents per kilowatt-hour","million dollars","million kilowatt hours"
"2025-Q1","RI","Rhode Island","TRA","transportation","1","23.35","1.38292","5.92298","number of customers","cents per kilowatt-hour","million dollars","million kilowatt hours"
"2025-Q1","SAT","South Atlantic","ALL","all sectors","34973363","12.31","26720.48766","217149.41347","number of customers","cents per kilowatt-hour","million dollars","million kilowatt hours"
"2025-Q1","SAT","South Atlantic","COM","commercial","4059152","11.12","9382.46397","84358.95265","number of customers","cents per kilowatt-hour","million dollars","million kilowatt hours"
"2025-Q1","SAT","South Atlantic","IND","industrial","85564","8.03","2590.235","32252.57905","number of customers","cents per kilowatt-hour","million dollars","million kilowatt hours"
"2025-Q1","SAT","South Atlantic","OTH","other",NA,NA,NA,NA,"number of customers","cents per kilowatt-hour","million dollars","million kilowatt hours"
"2025-Q1","SAT","South Atlantic","RES","residential","30828635","14.68","14717.02209","100231.61017","number of customers","cents per kilowatt-hour","million dollars","million kilowatt hours"
"2025-Q1","SAT","South Atlantic","TRA","transportation","13","10.05","30.76659","306.2716","number of customers","cents per kilowatt-hour","million dollars","million kilowatt hours"
"2025-Q1","SC","South Carolina","ALL","all sectors","3004796","11.35","2375.55224","20930.10934","number of customers","cents per kilowatt-hour","million dollars","million kilowatt hours"
"2025-Q1","SC","South Carolina","COM","commercial","413414","11.1","690.79481","6221.53809","number of customers","cents per kilowatt-hour","million dollars","million kilowatt hours"
"2025-Q1","SC","South Carolina","IND","industrial","3526","7.08","421.44396","5951.33218","number of customers","cents per kilowatt-hour","million dollars","million kilowatt hours"
"2025-Q1","SC","South Carolina","OTH","other",NA,NA,NA,NA,"number of customers","cents per kilowatt-hour","million dollars","million kilowatt hours"
"2025-Q1","SC","South Carolina","RES","residential","2587856","14.43","1263.31347","8757.23907","number of customers","cents per kilowatt-hour","million dollars","million kilowatt hours"
"2025-Q1","SC","South Carolina","TRA","transportation","0",NA,"0","0","number of customers","cents per kilowatt-hour","million dollars","million kilowatt hours"
"2025-Q1","SD","South Dakota","ALL","all sectors","524688","10.79","405.20623","3754.54469","number of customers","cents per kilowatt-hour","million dollars","million kilowatt hours"
"2025-Q1","SD","South Dakota","COM","commercial","79140","10.47","140.28486","1340.40973","number of customers","cents per kilowatt-hour","million dollars","million kilowatt hours"
"2025-Q1","SD","South Dakota","IND","industrial","4280","8.38","64.6392","771.36342","number of customers","cents per kilowatt-hour","million dollars","million kilowatt hours"
"2025-Q1","SD","South Dakota","OTH","other",NA,NA,NA,NA,"number of customers","cents per kilowatt-hour","million dollars","million kilowatt hours"
"2025-Q1","SD","South Dakota","RES","residential","441268","12.19","200.28219","1642.77153","number of customers","cents per kilowatt-hour","million dollars","million kilowatt hours"
"2025-Q1","SD","South Dakota","TRA","transportation","0",NA,"0","0","number of customers","cents per kilowatt-hour","million dollars","million kilowatt hours"
"2025-Q1","TN","Tennessee","ALL","all sectors","3614504","11.53","3100.45829","26892.81436","number of customers","cents per kilowatt-hour","million dollars","million kilowatt hours"
"2025-Q1","TN","Tennessee","COM","commercial","543852","12.97","1085.74752","8373.86759","number of customers","cents per kilowatt-hour","million dollars","million kilowatt hours"
"2025-Q1","TN","Tennessee","IND","industrial","990","6.69","387.64199","5795.56944","number of customers","cents per kilowatt-hour","million dollars","million kilowatt hours"
"2025-Q1","TN","Tennessee","OTH","other",NA,NA,NA,NA,"number of customers","cents per kilowatt-hour","million dollars","million kilowatt hours"
"2025-Q1","TN","Tennessee","RES","residential","3069662","12.79","1627.06878","12723.37734","number of customers","cents per kilowatt-hour","million dollars","million kilowatt hours"
"2025-Q1","TN","Tennessee","TRA","transportation","0",NA,"0","0","number of customers","cents per kilowatt-hour","million dollars","million kilowatt hours"
"2025-Q1","TX","Texas","ALL","all sectors","14530733","9.87","11865.35754","120273.16285","number of customers","cents per kilowatt-hour","million dollars","million kilowatt hours"
"2025-Q1","TX","Texas","COM","commercial","1526948","8.51","3372.90067","39626.2064","number of customers","cents per kilowatt-hour","million dollars","million kilowatt hours"
"2025-Q1","TX","Texas","IND","industrial","393729","6.41","2665.94966","41569.98335","number of customers","cents per kilowatt-hour","million dollars","million kilowatt hours"
"2025-Q1","TX","Texas","OTH","other",NA,NA,NA,NA,"number of customers","cents per kilowatt-hour","million dollars","million kilowatt hours"
"2025-Q1","TX","Texas","RES","residential","12610053","14.91","5826.42022","39074.74569","number of customers","cents per kilowatt-hour","million dollars","million kilowatt hours"
"2025-Q1","TX","Texas","TRA","transportation","3","3.91",".08701","2.2274","number of customers","cents per kilowatt-hour","million dollars","million kilowatt hours"
"2025-Q1","US","U.S. Total","ALL","all sectors","163574456","13.16","130273.86783","989783.34169","number of customers","cents per kilowatt-hour","million dollars","million kilowatt hours"
"2025-Q1","US","U.S. Total","COM","commercial","19502710","12.98","45704.92088","352078.71158","number of customers","cents per kilowatt-hour","million dollars","million kilowatt hours"
"2025-Q1","US","U.S. Total","IND","industrial","1113271","8.28","20452.16225","246958.5489","number of customers","cents per kilowatt-hour","million dollars","million kilowatt hours"
"2025-Q1","US","U.S. Total","OTH","other",NA,NA,NA,NA,"number of customers","cents per kilowatt-hour","million dollars","million kilowatt hours"
"2025-Q1","US","U.S. Total","RES","residential","142958394","16.42","63861.09855","388814.60094","number of customers","cents per kilowatt-hour","million dollars","million kilowatt hours"
"2025-Q1","US","U.S. Total","TRA","transportation","81","13.24","255.68616","1931.48027","number of customers","cents per kilowatt-hour","million dollars","million kilowatt hours"
"2025-Q1","UT","Utah","ALL","all sectors","1407709","10.04","818.66589","8156.1579","number of customers","cents per kilowatt-hour","million dollars","million kilowatt hours"
"2025-Q1","UT","Utah","COM","commercial","144382","9.44","331.62315","3512.95947","number of customers","cents per kilowatt-hour","million dollars","million kilowatt hours"
"2025-Q1","UT","Utah","IND","industrial","10710","8.06","159.06647","1973.41512","number of customers","cents per kilowatt-hour","million dollars","million kilowatt hours"
"2025-Q1","UT","Utah","OTH","other",NA,NA,NA,NA,"number of customers","cents per kilowatt-hour","million dollars","million kilowatt hours"
"2025-Q1","UT","Utah","RES","residential","1252616","12.28","326.40097","2657.02934","number of customers","cents per kilowatt-hour","million dollars","million kilowatt hours"
"2025-Q1","UT","Utah","TRA","transportation","1","12.35","1.57531","12.75398","number of customers","cents per kilowatt-hour","million dollars","million kilowatt hours"
"2025-Q1","VA","Virginia","ALL","all sectors","4121698","10.94","4045.43908","36990.13995","number of customers","cents per kilowatt-hour","million dollars","million kilowatt hours"
"2025-Q1","VA","Virginia","COM","commercial","447461","8.93","1769.79367","19818.14082","number of customers","cents per kilowatt-hour","million dollars","million kilowatt hours"
"2025-Q1","VA","Virginia","IND","industrial","3905","9.04","294.60265","3260.06768","number of customers","cents per kilowatt-hour","million dollars","million kilowatt hours"
"2025-Q1","VA","Virginia","OTH","other",NA,NA,NA,NA,"number of customers","cents per kilowatt-hour","million dollars","million kilowatt hours"
"2025-Q1","VA","Virginia","RES","residential","3670331","14.27","1974.58485","13836.61425","number of customers","cents per kilowatt-hour","million dollars","million kilowatt hours"
"2025-Q1","VA","Virginia","TRA","transportation","1","8.57","6.45792","75.31721","number of customers","cents per kilowatt-hour","million dollars","million kilowatt hours"
"2025-Q1","VT","Vermont","ALL","all sectors","373944","19.05","278.56345","1461.93397","number of customers","cents per kilowatt-hour","million dollars","million kilowatt hours"
"2025-Q1","VT","Vermont","COM","commercial","63196","19.44","96.94258","498.67069","number of customers","cents per kilowatt-hour","million dollars","million kilowatt hours"
"2025-Q1","VT","Vermont","IND","industrial","219","12.45","39.60271","318.11355","number of customers","cents per kilowatt-hour","million dollars","million kilowatt hours"
"2025-Q1","VT","Vermont","OTH","other",NA,NA,NA,NA,"number of customers","cents per kilowatt-hour","million dollars","million kilowatt hours"
"2025-Q1","VT","Vermont","RES","residential","310529","22.01","142.01817","645.14973","number of customers","cents per kilowatt-hour","million dollars","million kilowatt hours"
"2025-Q1","VT","Vermont","TRA","transportation","0",NA,"0","0","number of customers","cents per kilowatt-hour","million dollars","million kilowatt hours"
"2025-Q1","WA","Washington","ALL","all sectors","3825715","10.75","2792.08552","25962.47258","number of customers","cents per kilowatt-hour","million dollars","million kilowatt hours"
"2025-Q1","WA","Washington","COM","commercial","405673","10.6","933.70467","8806.08307","number of customers","cents per kilowatt-hour","million dollars","million kilowatt hours"
"2025-Q1","WA","Washington","IND","industrial","25909","6.78","304.36081","4485.95683","number of customers","cents per kilowatt-hour","million dollars","million kilowatt hours"
"2025-Q1","WA","Washington","OTH","other",NA,NA,NA,NA,"number of customers","cents per kilowatt-hour","million dollars","million kilowatt hours"
"2025-Q1","WA","Washington","RES","residential","3394128","12.27","1550.75869","12642.85058","number of customers","cents per kilowatt-hour","million dollars","million kilowatt hours"
"2025-Q1","WA","Washington","TRA","transportation","5","11.82","3.26138","27.58209","number of customers","cents per kilowatt-hour","million dollars","million kilowatt hours"
"2025-Q1","WI","Wisconsin","ALL","all sectors","3240691","13.06","2283.24658","17482.63294","number of customers","cents per kilowatt-hour","million dollars","million kilowatt hours"
"2025-Q1","WI","Wisconsin","COM","commercial","371189","12.8","749.20623","5855.1592","number of customers","cents per kilowatt-hour","million dollars","million kilowatt hours"
"2025-Q1","WI","Wisconsin","IND","industrial","5612","8.56","478.68956","5594.71951","number of customers","cents per kilowatt-hour","million dollars","million kilowatt hours"
"2025-Q1","WI","Wisconsin","OTH","other",NA,NA,NA,NA,"number of customers","cents per kilowatt-hour","million dollars","million kilowatt hours"
"2025-Q1","WI","Wisconsin","RES","residential","2863888","17.49","1055.28856","6032.3937","number of customers","cents per kilowatt-hour","million dollars","million kilowatt hours"
"2025-Q1","WI","Wisconsin","TRA","transportation","2","17.26",".06223",".36053","number of customers","cents per kilowatt-hour","million dollars","million kilowatt hours"
"2025-Q1","WNC","West North Central","ALL","all sectors","11700686","10.11","8416.62232","83231.84556","number of customers","cents per kilowatt-hour","million dollars","million kilowatt hours"
"2025-Q1","WNC","West North Central","COM","commercial","1540131","9.79","2746.28799","28060.21739","number of customers","cents per kilowatt-hour","million dollars","million kilowatt hours"
"2025-Q1","WNC","West North Central","IND","industrial","128200","7.57","1840.70962","24324.34782","number of customers","cents per kilowatt-hour","million dollars","million kilowatt hours"
"2025-Q1","WNC","West North Central","OTH","other",NA,NA,NA,NA,"number of customers","cents per kilowatt-hour","million dollars","million kilowatt hours"
"2025-Q1","WNC","West North Central","RES","residential","10032352","12.42","3828.43988","30835.30456","number of customers","cents per kilowatt-hour","million dollars","million kilowatt hours"
"2025-Q1","WNC","West North Central","TRA","transportation","3","9.89","1.18483","11.97579","number of customers","cents per kilowatt-hour","million dollars","million kilowatt hours"
"2025-Q1","WSC","West South Central","ALL","all sectors","20963841","9.6","16748.07614","174465.79141","number of customers","cents per kilowatt-hour","million dollars","million kilowatt hours"
"2025-Q1","WSC","West South Central","COM","commercial","2347857","8.85","4771.16423","53914.0973","number of customers","cents per kilowatt-hour","million dollars","million kilowatt hours"
"2025-Q1","WSC","West South Central","IND","industrial","465108","6.25","3892.78575","62241.78597","number of customers","cents per kilowatt-hour","million dollars","million kilowatt hours"
"2025-Q1","WSC","West South Central","OTH","other",NA,NA,NA,NA,"number of customers","cents per kilowatt-hour","million dollars","million kilowatt hours"
"2025-Q1","WSC","West South Central","RES","residential","18150869","13.86","8083.80072","58305.52867","number of customers","cents per kilowatt-hour","million dollars","million kilowatt hours"
"2025-Q1","WSC","West South Central","TRA","transportation","6","7.43",".32544","4.3795","number of customers","cents per kilowatt-hour","million dollars","million kilowatt hours"
"2025-Q1","WV","West Virginia","ALL","all sectors","1031142","11.48","1050.60825","9151.92628","number of customers","cents per kilowatt-hour","million dollars","million kilowatt hours"
"2025-Q1","WV","West Virginia","COM","commercial","152454","11.89","235.05698","1976.22434","number of customers","cents per kilowatt-hour","million dollars","million kilowatt hours"
"2025-Q1","WV","West Virginia","IND","industrial","10898","7.84","283.25141","3613.41931","number of customers","cents per kilowatt-hour","million dollars","million kilowatt hours"
"2025-Q1","WV","West Virginia","OTH","other",NA,NA,NA,NA,"number of customers","cents per kilowatt-hour","million dollars","million kilowatt hours"
"2025-Q1","WV","West Virginia","RES","residential","867789","14.94","532.29986","3562.28262","number of customers","cents per kilowatt-hour","million dollars","million kilowatt hours"
"2025-Q1","WV","West Virginia","TRA","transportation","0",NA,"0","0","number of customers","cents per kilowatt-hour","million dollars","million kilowatt hours"
"2025-Q1","WY","Wyoming","ALL","all sectors","360424","9.45","435.14048","4602.43391","number of customers","cents per kilowatt-hour","million dollars","million kilowatt hours"
"2025-Q1","WY","Wyoming","COM","commercial","59642","9.3","135.61841","1457.92082","number of customers","cents per kilowatt-hour","million dollars","million kilowatt hours"
"2025-Q1","WY","Wyoming","IND","industrial","11885","8.48","185.06251","2182.53284","number of customers","cents per kilowatt-hour","million dollars","million kilowatt hours"
"2025-Q1","WY","Wyoming","OTH","other",NA,NA,NA,NA,"number of customers","cents per kilowatt-hour","million dollars","million kilowatt hours"
"2025-Q1","WY","Wyoming","RES","residential","288897","11.9","114.45956","961.98024","number of customers","cents per kilowatt-hour","million dollars","million kilowatt hours"
"2025-Q1","WY","Wyoming","TRA","transportation","0",NA,"0","0","number of customers","cents per kilowatt-hour","million dollars","million kilowatt hours"
"2024-Q4","AK","Alaska","ALL","all sectors","358002","21.91","345.18189","1575.28925","number of customers","cents per kilowatt-hour","million dollars","million kilowatt hours"
"2024-Q4","AK","Alaska","COM","commercial","57161","21.17","141.90861","670.45101","number of customers","cents per kilowatt-hour","million dollars","million kilowatt hours"
"2024-Q4","AK","Alaska","IND","industrial","1198","19.01","65.85499","346.47359","number of customers","cents per kilowatt-hour","million dollars","million kilowatt hours"
"2024-Q4","AK","Alaska","OTH","other",NA,NA,NA,NA,"number of customers","cents per kilowatt-hour","million dollars","million kilowatt hours"
"2024-Q4","AK","Alaska","RES","residential","299643","24.61","137.4183","558.36464","number of customers","cents per kilowatt-hour","million dollars","million kilowatt hours"
"2024-Q4","AK","Alaska","TRA","transportation","0",NA,"0","0","number of customers","cents per kilowatt-hour","million dollars","million kilowatt hours"
"2024-Q4","AL","Alabama","ALL","all sectors","2809886","11.83","2396.32475","20255.15987","number of customers","cents per kilowatt-hour","million dollars","million kilowatt hours"
"2024-Q4","AL","Alabama","COM","commercial","391137","13.81","732.19254","5300.65576","number of customers","cents per kilowatt-hour","million dollars","million kilowatt hours"
"2024-Q4","AL","Alabama","IND","industrial","7217","7.31","574.67975","7858.24148","number of customers","cents per kilowatt-hour","million dollars","million kilowatt hours"
"2024-Q4","AL","Alabama","OTH","other",NA,NA,NA,NA,"number of customers","cents per kilowatt-hour","million dollars","million kilowatt hours"
"2024-Q4","AL","Alabama","RES","residential","2411531","15.35","1089.45247","7096.26262","number of customers","cents per kilowatt-hour","million dollars","million kilowatt hours"
"2024-Q4","AL","Alabama","TRA","transportation","0",NA,"0","0","number of customers","cents per kilowatt-hour","million dollars","million kilowatt hours"
"2024-Q4","AR","Arkansas","ALL","all sectors","1730381","9.45","1080.03603","11433.47035","number of customers","cents per kilowatt-hour","million dollars","million kilowatt hours"
"2024-Q4","AR","Arkansas","COM","commercial","207858","10.24","279.33239","2727.2365","number of customers","cents per kilowatt-hour","million dollars","million kilowatt hours"
"2024-Q4","AR","Arkansas","IND","industrial","37036","6.66","320.03633","4805.68954","number of customers","cents per kilowatt-hour","million dollars","million kilowatt hours"
"2024-Q4","AR","Arkansas","OTH","other",NA,NA,NA,NA,"number of customers","cents per kilowatt-hour","million dollars","million kilowatt hours"
"2024-Q4","AR","Arkansas","RES","residential","1485485","12.32","480.65926","3900.48131","number of customers","cents per kilowatt-hour","million dollars","million kilowatt hours"
"2024-Q4","AR","Arkansas","TRA","transportation","2","12.78",".00805",".06301","number of customers","cents per kilowatt-hour","million dollars","million kilowatt hours"
"2024-Q4","AZ","Arizona","ALL","all sectors","3521272","12.39","2439.30999","19688.73702","number of customers","cents per kilowatt-hour","million dollars","million kilowatt hours"
"2024-Q4","AZ","Arizona","COM","commercial","349892","11.94","1002.18767","8394.84405","number of customers","cents per kilowatt-hour","million dollars","million kilowatt hours"
"2024-Q4","AZ","Arizona","IND","industrial","7452","7.49","261.07052","3485.3196","number of customers","cents per kilowatt-hour","million dollars","million kilowatt hours"
"2024-Q4","AZ","Arizona","OTH","other",NA,NA,NA,NA,"number of customers","cents per kilowatt-hour","million dollars","million kilowatt hours"
"2024-Q4","AZ","Arizona","RES","residential","3163927","15.06","1175.78244","7806.02214","number of customers","cents per kilowatt-hour","million dollars","million kilowatt hours"
"2024-Q4","AZ","Arizona","TRA","transportation","2","10.56",".26936","2.55122","number of customers","cents per kilowatt-hour","million dollars","million kilowatt hours"
"2024-Q4","CA","California","ALL","all sectors","16218294","25.92","15623.56673","60286.81614","number of customers","cents per kilowatt-hour","million dollars","million kilowatt hours"
"2024-Q4","CA","California","COM","commercial","1780720","24.17","6999.56669","28954.33978","number of customers","cents per kilowatt-hour","million dollars","million kilowatt hours"
"2024-Q4","CA","California","IND","industrial","146519","20.93","2281.87764","10902.32083","number of customers","cents per kilowatt-hour","million dollars","million kilowatt hours"
"2024-Q4","CA","California","OTH","other",NA,NA,NA,NA,"number of customers","cents per kilowatt-hour","million dollars","million kilowatt hours"
"2024-Q4","CA","California","RES","residential","14291042","31.16","6311.26275","20253.21616","number of customers","cents per kilowatt-hour","million dollars","million kilowatt hours"
"2024-Q4","CA","California","TRA","transportation","13","17.44","30.85965","176.93938","number of customers","cents per kilowatt-hour","million dollars","million kilowatt hours"
"2024-Q4","CO","Colorado","ALL","all sectors","2995020","11.85","1601.3456","13516.97489","number of customers","cents per kilowatt-hour","million dollars","million kilowatt hours"
"2024-Q4","CO","Colorado","COM","commercial","407116","11.4","581.95784","5104.58389","number of customers","cents per kilowatt-hour","million dollars","million kilowatt hours"
"2024-Q4","CO","Colorado","IND","industrial","14692","8.31","304.65928","3667.74576","number of customers","cents per kilowatt-hour","million dollars","million kilowatt hours"
"2024-Q4","CO","Colorado","OTH","other",NA,NA,NA,NA,"number of customers","cents per kilowatt-hour","million dollars","million kilowatt hours"
"2024-Q4","CO","Colorado","RES","residential","2573212","15.09","712.93257","4725.25621","number of customers","cents per kilowatt-hour","million dollars","million kilowatt hours"
"2024-Q4","CO","Colorado","TRA","transportation","1","9.26","1.79593","19.38904","number of customers","cents per kilowatt-hour","million dollars","million kilowatt hours"
"2024-Q4","CT","Connecticut","ALL","all sectors","1721210","25.27","1629.35161","6447.04747","number of customers","cents per kilowatt-hour","million dollars","million kilowatt hours"
"2024-Q4","CT","Connecticut","COM","commercial","156717","22.98","636.20388","2768.86648","number of customers","cents per kilowatt-hour","million dollars","million kilowatt hours"
"2024-Q4","CT","Connecticut","IND","industrial","3840","18.3","115.21857","629.53254","number of customers","cents per kilowatt-hour","million dollars","million kilowatt hours"
"2024-Q4","CT","Connecticut","OTH","other",NA,NA,NA,NA,"number of customers","cents per kilowatt-hour","million dollars","million kilowatt hours"
"2024-Q4","CT","Connecticut","RES","residential","1560651","28.95","868.8408","3001.67535","number of customers","cents per kilowatt-hour","million dollars","million kilowatt hours"
"2024-Q4","CT","Connecticut","TRA","transportation","3","19.35","9.08838","46.97309","number of customers","cents per kilowatt-hour","million dollars","million kilowatt hours"
"2024-Q4","DC","District of Columbia","ALL","all sectors","348499","17.28","409.10758","2367.2434","number of customers","cents per kilowatt-hour","million dollars","million kilowatt hours"
"2024-Q4","DC","District of Columbia","COM","commercial","27563","17.26","295.07938","1709.69955","number of customers","cents per kilowatt-hour","million dollars","million kilowatt hours"
"2024-Q4","DC","District of Columbia","IND","industrial","1","13.48","6.46711","47.97477","number of customers","cents per kilowatt-hour","million dollars","million kilowatt hours"
"2024-Q4","DC","District of Columbia","OTH","other",NA,NA,NA,NA,"number of customers","cents per kilowatt-hour","million dollars","million kilowatt hours"
"2024-Q4","DC","District of Columbia","RES","residential","320932","18.77","100.20616","533.88114","number of customers","cents per kilowatt-hour","million dollars","million kilowatt hours"
"2024-Q4","DC","District of Columbia","TRA","transportation","3","9.72","7.35494","75.68796","number of customers","cents per kilowatt-hour","million dollars","million kilowatt hours"
"2024-Q4","DE","Delaware","ALL","all sectors","537895","14.02","363.40528","2592.54615","number of customers","cents per kilowatt-hour","million dollars","million kilowatt hours"
"2024-Q4","DE","Delaware","COM","commercial","60831","12.8","130.51895","1019.82494","number of customers","cents per kilowatt-hour","million dollars","million kilowatt hours"
"2024-Q4","DE","Delaware","IND","industrial","1161","8.51","40.44696","475.4705","number of customers","cents per kilowatt-hour","million dollars","million kilowatt hours"
"2024-Q4","DE","Delaware","OTH","other",NA,NA,NA,NA,"number of customers","cents per kilowatt-hour","million dollars","million kilowatt hours"
"2024-Q4","DE","Delaware","RES","residential","475903","17.54","192.43937","1097.25073","number of customers","cents per kilowatt-hour","million dollars","million kilowatt hours"
"2024-Q4","DE","Delaware","TRA","transportation","0",NA,"0","0","number of customers","cents per kilowatt-hour","million dollars","million kilowatt hours"
"2024-Q4","ENC","East North Central","ALL","all sectors","23619321","12.09","15834.8348","130970.61007","number of customers","cents per kilowatt-hour","million dollars","million kilowatt hours"
"2024-Q4","ENC","East North Central","COM","commercial","2579652","12.01","5185.20054","43166.62405","number of customers","cents per kilowatt-hour","million dollars","million kilowatt hours"
"2024-Q4","ENC","East North Central","IND","industrial","54659","8.07","3728.41211","46210.04311","number of customers","cents per kilowatt-hour","million dollars","million kilowatt hours"
"2024-Q4","ENC","East North Central","OTH","other",NA,NA,NA,NA,"number of customers","cents per kilowatt-hour","million dollars","million kilowatt hours"
"2024-Q4","ENC","East North Central","RES","residential","20985000","16.66","6911.34959","41475.4718","number of customers","cents per kilowatt-hour","million dollars","million kilowatt hours"
"2024-Q4","ENC","East North Central","TRA","transportation","10","8.33","9.87256","118.47111","number of customers","cents per kilowatt-hour","million dollars","million kilowatt hours"
"2024-Q4","ESC","East South Central","ALL","all sectors","10566213","11.07","8011.14117","72379.27875","number of customers","cents per kilowatt-hour","million dollars","million kilowatt hours"
"2024-Q4","ESC","East South Central","COM","commercial","1513744","12.55","2741.10769","21836.35027","number of customers","cents per kilowatt-hour","million dollars","million kilowatt hours"
"2024-Q4","ESC","East South Central","IND","industrial","24930","6.8","1668.86047","24546.70094","number of customers","cents per kilowatt-hour","million dollars","million kilowatt hours"
"2024-Q4","ESC","East South Central","OTH","other",NA,NA,NA,NA,"number of customers","cents per kilowatt-hour","million dollars","million kilowatt hours"
"2024-Q4","ESC","East South Central","RES","residential","9027539","13.85","3601.17301","25996.22754","number of customers","cents per kilowatt-hour","million dollars","million kilowatt hours"
"2024-Q4","ESC","East South Central","TRA","transportation","0",NA,"0","0","number of customers","cents per kilowatt-hour","million dollars","million kilowatt hours"
"2024-Q4","FL","Florida","ALL","all sectors","11864755","12.5","7284.68768","58254.88661","number of customers","cents per kilowatt-hour","million dollars","million kilowatt hours"
"2024-Q4","FL","Florida","COM","commercial","1314439","11.02","2570.94207","23324.97715","number of customers","cents per kilowatt-hour","million dollars","million kilowatt hours"
"2024-Q4","FL","Florida","IND","industrial","26127","8.39","351.85389","4191.58972","number of customers","cents per kilowatt-hour","million dollars","million kilowatt hours"
"2024-Q4","FL","Florida","OTH","other",NA,NA,NA,NA,"number of customers","cents per kilowatt-hour","million dollars","million kilowatt hours"
"2024-Q4","FL","Florida","RES","residential","10524187","14.19","4360.1451","30722.08927","number of customers","cents per kilowatt-hour","million dollars","million kilowatt hours"
"2024-Q4","FL","Florida","TRA","transportation","2","10.76","1.74662","16.23046","number of customers","cents per kilowatt-hour","million dollars","million kilowatt hours"
"2024-Q4","GA","Georgia","ALL","all sectors","5501656","11.01","3828.6198","34761.96571","number of customers","cents per kilowatt-hour","million dollars","million kilowatt hours"
"2024-Q4","GA","Georgia","COM","commercial","621726","10.84","1419.56108","13092.65099","number of customers","cents per kilowatt-hour","million dollars","million kilowatt hours"
"2024-Q4","GA","Georgia","IND","industrial","24063","6.54","524.72737","8024.85237","number of customers","cents per kilowatt-hour","million dollars","million kilowatt hours"
"2024-Q4","GA","Georgia","OTH","other",NA,NA,NA,NA,"number of customers","cents per kilowatt-hour","million dollars","million kilowatt hours"
"2024-Q4","GA","Georgia","RES","residential","4855865","13.83","1882.12642","13607.96989","number of customers","cents per kilowatt-hour","million dollars","million kilowatt hours"
"2024-Q4","GA","Georgia","TRA","transportation","1","6.04","2.20493","36.49246","number of customers","cents per kilowatt-hour","million dollars","million kilowatt hours"
"2024-Q4","HI","Hawaii","ALL","all sectors","507650","36.19","843.81778","2331.351","number of customers","cents per kilowatt-hour","million dollars","million kilowatt hours"
"2024-Q4","HI","Hawaii","COM","commercial","59669","36.52","267.22963","731.77054","number of customers","cents per kilowatt-hour","million dollars","million kilowatt hours"
"2024-Q4","HI","Hawaii","IND","industrial","825","32.14","290.77134","904.81325","number of customers","cents per kilowatt-hour","million dollars","million kilowatt hours"
"2024-Q4","HI","Hawaii","OTH","other",NA,NA,NA,NA,"number of customers","cents per kilowatt-hour","million dollars","million kilowatt hours"
"2024-Q4","HI","Hawaii","RES","residential","447156","41.14","285.81682","694.76721","number of customers","cents per kilowatt-hour","million dollars","million kilowatt hours"
"2024-Q4","HI","Hawaii","TRA","transportation","0",NA,"0","0","number of customers","cents per kilowatt-hour","million dollars","million kilowatt hours"
"2024-Q4","IA","Iowa","ALL","all sectors","1717242","8.76","1190.45658","13589.15468","number of customers","cents per kilowatt-hour","million dollars","million kilowatt hours"
"2024-Q4","IA","Iowa","COM","commercial","252178","10.04","319.50411","3182.99773","number of customers","cents per kilowatt-hour","million dollars","million kilowatt hours"
"2024-Q4","IA","Iowa","IND","industrial","9340","6.25","440.72912","7047.32719","number of customers","cents per kilowatt-hour","million dollars","million kilowatt hours"
"2024-Q4","IA","Iowa","OTH","other",NA,NA,NA,NA,"number of customers","cents per kilowatt-hour","million dollars","million kilowatt hours"
"2024-Q4","IA","Iowa","RES","residential","1455724","12.81","430.22337","3358.82976","number of customers","cents per kilowatt-hour","million dollars","million kilowatt hours"
"2024-Q4","IA","Iowa","TRA","transportation","0",NA,"0","0","number of customers","cents per kilowatt-hour","million dollars","million kilowatt hours"
"2024-Q4","ID","Idaho","ALL","all sectors","1031052","9.17","558.36884","6085.97078","number of customers","cents per kilowatt-hour","million dollars","million kilowatt hours"
"2024-Q4","ID","Idaho","COM","commercial","124622","8.91","152.81048","1714.41283","number of customers","cents per kilowatt-hour","million dollars","million kilowatt hours"
"2024-Q4","ID","Idaho","IND","industrial","29639","6.49","121.83667","1878.08847","number of customers","cents per kilowatt-hour","million dollars","million kilowatt hours"
"2024-Q4","ID","Idaho","OTH","other",NA,NA,NA,NA,"number of customers","cents per kilowatt-hour","million dollars","million kilowatt hours"
"2024-Q4","ID","Idaho","RES","residential","876791","11.38","283.72169","2493.46949","number of customers","cents per kilowatt-hour","million dollars","million kilowatt hours"
"2024-Q4","ID","Idaho","TRA","transportation","0",NA,"0","0","number of customers","cents per kilowatt-hour","million dollars","million kilowatt hours"
"2024-Q4","IL","Illinois","ALL","all sectors","6023370","12.24","3852.28583","31467.75157","number of customers","cents per kilowatt-hour","million dollars","million kilowatt hours"
"2024-Q4","IL","Illinois","COM","commercial","638702","11.87","1293.63875","10894.06922","number of customers","cents per kilowatt-hour","million dollars","million kilowatt hours"
"2024-Q4","IL","Illinois","IND","industrial","5723","8.99","983.10623","10937.62482","number of customers","cents per kilowatt-hour","million dollars","million kilowatt hours"
"2024-Q4","IL","Illinois","OTH","other",NA,NA,NA,NA,"number of customers","cents per kilowatt-hour","million dollars","million kilowatt hours"
"2024-Q4","IL","Illinois","RES","residential","5378942","16.44","1567.26791","9532.02486","number of customers","cents per kilowatt-hour","million dollars","million kilowatt hours"
"2024-Q4","IL","Illinois","TRA","transportation","3","7.95","8.27293","104.03265","number of customers","cents per kilowatt-hour","million dollars","million kilowatt hours"
"2024-Q4","IN","Indiana","ALL","all sectors","3465247","11.42","2666.20505","23336.62789","number of customers","cents per kilowatt-hour","million dollars","million kilowatt hours"
"2024-Q4","IN","Indiana","COM","commercial","375911","12.64","700.86344","5544.28699","number of customers","cents per kilowatt-hour","million dollars","million kilowatt hours"
"2024-Q4","IN","Indiana","IND","industrial","19371","8.07","842.37512","10441.93804","number of customers","cents per kilowatt-hour","million dollars","million kilowatt hours"
"2024-Q4","IN","Indiana","OTH","other",NA,NA,NA,NA,"number of customers","cents per kilowatt-hour","million dollars","million kilowatt hours"
"2024-Q4","IN","Indiana","RES","residential","3069963","15.28","1122.27615","7345.25569","number of customers","cents per kilowatt-hour","million dollars","million kilowatt hours"
"2024-Q4","IN","Indiana","TRA","transportation","1","13.41",".69034","5.14718","number of customers","cents per kilowatt-hour","million dollars","million kilowatt hours"
"2024-Q4","KS","Kansas","ALL","all sectors","1591629","10.95","1029.39263","9398.23996","number of customers","cents per kilowatt-hour","million dollars","million kilowatt hours"
"2024-Q4","KS","Kansas","COM","commercial","245920","10.87","400.24598","3681.28907","number of customers","cents per kilowatt-hour","million dollars","million kilowatt hours"
"2024-Q4","KS","Kansas","IND","industrial","23657","7.71","218.17639","2828.88672","number of customers","cents per kilowatt-hour","million dollars","million kilowatt hours"
"2024-Q4","KS","Kansas","OTH","other",NA,NA,NA,NA,"number of customers","cents per kilowatt-hour","million dollars","million kilowatt hours"
"2024-Q4","KS","Kansas","RES","residential","1322052","14.23","410.97026","2888.06417","number of customers","cents per kilowatt-hour","million dollars","million kilowatt hours"
"2024-Q4","KS","Kansas","TRA","transportation","0",NA,"0","0","number of customers","cents per kilowatt-hour","million dollars","million kilowatt hours"
"2024-Q4","KY","Kentucky","ALL","all sectors","2418715","10.23","1773.3909","17340.30651","number of customers","cents per kilowatt-hour","million dollars","million kilowatt hours"
"2024-Q4","KY","Kentucky","COM","commercial","328745","11.69","559.07227","4782.33421","number of customers","cents per kilowatt-hour","million dollars","million kilowatt hours"
"2024-Q4","KY","Kentucky","IND","industrial","4787","6.63","456.37407","6878.84999","number of customers","cents per kilowatt-hour","million dollars","million kilowatt hours"
"2024-Q4","KY","Kentucky","OTH","other",NA,NA,NA,NA,"number of customers","cents per kilowatt-hour","million dollars","million kilowatt hours"
"2024-Q4","KY","Kentucky","RES","residential","2085183","13.35","757.94456","5679.1223","number of customers","cents per kilowatt-hour","million dollars","million kilowatt hours"
"2024-Q4","KY","Kentucky","TRA","transportation","0",NA,"0","0","number of customers","cents per kilowatt-hour","million dollars","million kilowatt hours"
"2024-Q4","LA","Louisiana","ALL","all sectors","2473930","8.48","1949.14776","22972.1127","number of customers","cents per kilowatt-hour","million dollars","million kilowatt hours"
"2024-Q4","LA","Louisiana","COM","commercial","301450","10.54","594.87228","5645.44677","number of customers","cents per kilowatt-hour","million dollars","million kilowatt hours"
"2024-Q4","LA","Louisiana","IND","industrial","17984","5.26","561.96031","10675.76657","number of customers","cents per kilowatt-hour","million dollars","million kilowatt hours"
"2024-Q4","LA","Louisiana","OTH","other",NA,NA,NA,NA,"number of customers","cents per kilowatt-hour","million dollars","million kilowatt hours"
"2024-Q4","LA","Louisiana","RES","residential","2154495","11.91","792.04408","6648.47565","number of customers","cents per kilowatt-hour","million dollars","million kilowatt hours"
"2024-Q4","LA","Louisiana","TRA","transportation","1","11.19",".2711","2.4237","number of customers","cents per kilowatt-hour","million dollars","million kilowatt hours"
"2024-Q4","MA","Massachusetts","ALL","all sectors","3418700","24.44","2910.5263","11910.64324","number of customers","cents per kilowatt-hour","million dollars","million kilowatt hours"
"2024-Q4","MA","Massachusetts","COM","commercial","425784","21.29","1220.32326","5732.53039","number of customers","cents per kilowatt-hour","million dollars","million kilowatt hours"
"2024-Q4","MA","Massachusetts","IND","industrial","10317","18.84","271.74995","1442.65495","number of customers","cents per kilowatt-hour","million dollars","million kilowatt hours"
"2024-Q4","MA","Massachusetts","OTH","other",NA,NA,NA,NA,"number of customers","cents per kilowatt-hour","million dollars","million kilowatt hours"
"2024-Q4","MA","Massachusetts","RES","residential","2982596","30.28","1411.52943","4662.21701","number of customers","cents per kilowatt-hour","million dollars","million kilowatt hours"
"2024-Q4","MA","Massachusetts","TRA","transportation","2","9.45","6.92366","73.24089","number of customers","cents per kilowatt-hour","million dollars","million kilowatt hours"
"2024-Q4","MAT","Middle Atlantic","ALL","all sectors","19212632","15.97","13279.91473","83172.03241","number of customers","cents per kilowatt-hour","million dollars","million kilowatt hours"
"2024-Q4","MAT","Middle Atlantic","COM","commercial","2448203","15.53","5499.13169","35413.47773","number of customers","cents per kilowatt-hour","million dollars","million kilowatt hours"
"2024-Q4","MAT","Middle Atlantic","IND","industrial","39125","8.57","1465.36019","17102.54249","number of customers","cents per kilowatt-hour","million dollars","million kilowatt hours"
"2024-Q4","MAT","Middle Atlantic","OTH","other",NA,NA,NA,NA,"number of customers","cents per kilowatt-hour","million dollars","million kilowatt hours"
"2024-Q4","MAT","Middle Atlantic","RES","residential","16725286","20.82","6192.73118","29740.54049","number of customers","cents per kilowatt-hour","million dollars","million kilowatt hours"
"2024-Q4","MAT","Middle Atlantic","TRA","transportation","18","13.4","122.69169","915.47169","number of customers","cents per kilowatt-hour","million dollars","million kilowatt hours"
"2024-Q4","MD","Maryland","ALL","all sectors","2729451","15.42","2137.92496","13860.27231","number of customers","cents per kilowatt-hour","million dollars","million kilowatt hours"
"2024-Q4","MD","Maryland","COM","commercial","261629","13.26","876.98343","6612.74236","number of customers","cents per kilowatt-hour","million dollars","million kilowatt hours"
"2024-Q4","MD","Maryland","IND","industrial","9288","10.26","89.82629","875.45092","number of customers","cents per kilowatt-hour","million dollars","million kilowatt hours"
"2024-Q4","MD","Maryland","OTH","other",NA,NA,NA,NA,"number of customers","cents per kilowatt-hour","million dollars","million kilowatt hours"
"2024-Q4","MD","Maryland","RES","residential","2458529","18.49","1158.79948","6267.13334","number of customers","cents per kilowatt-hour","million dollars","million kilowatt hours"
"2024-Q4","MD","Maryland","TRA","transportation","5","11.74","12.31575","104.94571","number of customers","cents per kilowatt-hour","million dollars","million kilowatt hours"
"2024-Q4","ME","Maine","ALL","all sectors","848899","20.54","538.77873","2623.64448","number of customers","cents per kilowatt-hour","million dollars","million kilowatt hours"
"2024-Q4","ME","Maine","COM","commercial","110638","18.76","181.52531","967.41775","number of customers","cents per kilowatt-hour","million dollars","million kilowatt hours"
"2024-Q4","ME","Maine","IND","industrial","1862","13.18","72.3802","549.13983","number of customers","cents per kilowatt-hour","million dollars","million kilowatt hours"
"2024-Q4","ME","Maine","OTH","other",NA,NA,NA,NA,"number of customers","cents per kilowatt-hour","million dollars","million kilowatt hours"
"2024-Q4","ME","Maine","RES","residential","736398","25.73","284.87322","1107.0869","number of customers","cents per kilowatt-hour","million dollars","million kilowatt hours"
"2024-Q4","ME","Maine","TRA","transportation","0",NA,"0","0","number of customers","cents per kilowatt-hour","million dollars","million kilowatt hours"
"2024-Q4","MI","Michigan","ALL","all sectors","5100651","13.72","3186.35514","23222.22366","number of customers","cents per kilowatt-hour","million dollars","million kilowatt hours"
"2024-Q4","MI","Michigan","COM","commercial","566740","13.59","1188.55001","8743.18349","number of customers","cents per kilowatt-hour","million dollars","million kilowatt hours"
"2024-Q4","MI","Michigan","IND","industrial","5703","8.11","551.53951","6801.78706","number of customers","cents per kilowatt-hour","million dollars","million kilowatt hours"
"2024-Q4","MI","Michigan","OTH","other",NA,NA,NA,NA,"number of customers","cents per kilowatt-hour","million dollars","million kilowatt hours"
"2024-Q4","MI","Michigan","RES","residential","4528206","18.84","1446.12638","7676.22584","number of customers","cents per kilowatt-hour","million dollars","million kilowatt hours"
"2024-Q4","MI","Michigan","TRA","transportation","2","13.55",".13924","1.02727","number of customers","cents per kilowatt-hour","million dollars","million kilowatt hours"
"2024-Q4","MN","Minnesota","ALL","all sectors","2913925","11.75","1866.89138","15889.65631","number of customers","cents per kilowatt-hour","million dollars","million kilowatt hours"
"2024-Q4","MN","Minnesota","COM","commercial","309258","11.44","632.10792","5527.41882","number of customers","cents per kilowatt-hour","million dollars","million kilowatt hours"
"2024-Q4","MN","Minnesota","IND","industrial","9281","8.72","436.74599","5010.51127","number of customers","cents per kilowatt-hour","million dollars","million kilowatt hours"
"2024-Q4","MN","Minnesota","OTH","other",NA,NA,NA,NA,"number of customers","cents per kilowatt-hour","million dollars","million kilowatt hours"
"2024-Q4","MN","Minnesota","RES","residential","2595386","14.91","797.62076","5348.09504","number of customers","cents per kilowatt-hour","million dollars","million kilowatt hours"
"2024-Q4","MN","Minnesota","TRA","transportation","1","11.48",".41673","3.63118","number of customers","cents per kilowatt-hour","million dollars","million kilowatt hours"
"2024-Q4","MO","Missouri","ALL","all sectors","3362448","10.21","1819.11904","17822.81219","number of customers","cents per kilowatt-hour","million dollars","million kilowatt hours"
"2024-Q4","MO","Missouri","COM","commercial","404986","9.43","662.3038","7023.71801","number of customers","cents per kilowatt-hour","million dollars","million kilowatt hours"
"2024-Q4","MO","Missouri","IND","industrial","9354","7.38","231.85698","3142.51947","number of customers","cents per kilowatt-hour","million dollars","million kilowatt hours"
"2024-Q4","MO","Missouri","OTH","other",NA,NA,NA,NA,"number of customers","cents per kilowatt-hour","million dollars","million kilowatt hours"
"2024-Q4","MO","Missouri","RES","residential","2948106","12.08","924.31724","7650.04603","number of customers","cents per kilowatt-hour","million dollars","million kilowatt hours"
"2024-Q4","MO","Missouri","TRA","transportation","2","9.82",".64101","6.52869","number of customers","cents per kilowatt-hour","million dollars","million kilowatt hours"
"2024-Q4","MS","Mississippi","ALL","all sectors","1604969","10.91","1228.41104","11258.36222","number of customers","cents per kilowatt-hour","million dollars","million kilowatt hours"
"2024-Q4","MS","Mississippi","COM","commercial","246962","12.41","412.71106","3324.91372","number of customers","cents per kilowatt-hour","million dollars","million kilowatt hours"
"2024-Q4","MS","Mississippi","IND","industrial","11913","6.79","270.06508","3976.2188","number of customers","cents per kilowatt-hour","million dollars","million kilowatt hours"
"2024-Q4","MS","Mississippi","OTH","other",NA,NA,NA,NA,"number of customers","cents per kilowatt-hour","million dollars","million kilowatt hours"
"2024-Q4","MS","Mississippi","RES","residential","1346093","13.79","545.63493","3957.2297","number of customers","cents per kilowatt-hour","million dollars","million kilowatt hours"
"2024-Q4","MS","Mississippi","TRA","transportation","0",NA,"0","0","number of customers","cents per kilowatt-hour","million dollars","million kilowatt hours"
"2024-Q4","MT","Montana","ALL","all sectors","713468","10.61","396.22605","3733.78234","number of customers","cents per kilowatt-hour","million dollars","million kilowatt hours"
"2024-Q4","MT","Montana","COM","commercial","140658","11.58","143.08191","1236.07194","number of customers","cents per kilowatt-hour","million dollars","million kilowatt hours"
"2024-Q4","MT","Montana","IND","industrial","11485","7.23","80.27421","1109.61627","number of customers","cents per kilowatt-hour","million dollars","million kilowatt hours"
"2024-Q4","MT","Montana","OTH","other",NA,NA,NA,NA,"number of customers","cents per kilowatt-hour","million dollars","million kilowatt hours"
"2024-Q4","MT","Montana","RES","residential","561325","12.45","172.86994","1388.09413","number of customers","cents per kilowatt-hour","million dollars","million kilowatt hours"
"2024-Q4","MT","Montana","TRA","transportation","0",NA,"0","0","number of customers","cents per kilowatt-hour","million dollars","million kilowatt hours"
"2024-Q4","MTN","Mountain","ALL","all sectors","12662776","10.85","7813.92339","72025.94572","number of customers","cents per kilowatt-hour","million dollars","million kilowatt hours"
"2024-Q4","MTN","Mountain","COM","commercial","1556101","10.73","2883.53998","26865.13413","number of customers","cents per kilowatt-hour","million dollars","million kilowatt hours"
"2024-Q4","MTN","Mountain","IND","industrial","99897","7.24","1512.71282","20904.95034","number of customers","cents per kilowatt-hour","million dollars","million kilowatt hours"
"2024-Q4","MTN","Mountain","OTH","other",NA,NA,NA,NA,"number of customers","cents per kilowatt-hour","million dollars","million kilowatt hours"
"2024-Q4","MTN","Mountain","RES","residential","11006773","14.1","3413.85692","24219.03687","number of customers","cents per kilowatt-hour","million dollars","million kilowatt hours"
"2024-Q4","MTN","Mountain","TRA","transportation","5","10.36","3.81367","36.82439","number of customers","cents per kilowatt-hour","million dollars","million kilowatt hours"
"2024-Q4","NC","North Carolina","ALL","all sectors","5872637","11.82","3759.44987","31803.60667","number of customers","cents per kilowatt-hour","million dollars","million kilowatt hours"
"2024-Q4","NC","North Carolina","COM","commercial","751679","10.86","1272.28086","11715.69827","number of customers","cents per kilowatt-hour","million dollars","million kilowatt hours"
"2024-Q4","NC","North Carolina","IND","industrial","8846","7.79","477.56105","6133.49725","number of customers","cents per kilowatt-hour","million dollars","million kilowatt hours"
"2024-Q4","NC","North Carolina","OTH","other",NA,NA,NA,NA,"number of customers","cents per kilowatt-hour","million dollars","million kilowatt hours"
"2024-Q4","NC","North Carolina","RES","residential","5112111","14.4","2009.29154","13951.53236","number of customers","cents per kilowatt-hour","million dollars","million kilowatt hours"
"2024-Q4","NC","North Carolina","TRA","transportation","1","10.99",".3164","2.87879","number of customers","cents per kilowatt-hour","million dollars","million kilowatt hours"
"2024-Q4","ND","North Dakota","ALL","all sectors","487621","7.72","599.44919","7760.56741","number of customers","cents per kilowatt-hour","million dollars","million kilowatt hours"
"2024-Q4","ND","North Dakota","COM","commercial","77493","6.9","205.57608","2979.16033","number of customers","cents per kilowatt-hour","million dollars","million kilowatt hours"
"2024-Q4","ND","North Dakota","IND","industrial","10879","7.18","248.43736","3462.50277","number of customers","cents per kilowatt-hour","million dollars","million kilowatt hours"
"2024-Q4","ND","North Dakota","OTH","other",NA,NA,NA,NA,"number of customers","cents per kilowatt-hour","million dollars","million kilowatt hours"
"2024-Q4","ND","North Dakota","RES","residential","399250","11.03","145.43574","1318.90433","number of customers","cents per kilowatt-hour","million dollars","million kilowatt hours"
"2024-Q4","ND","North Dakota","TRA","transportation","0",NA,"0","0","number of customers","cents per kilowatt-hour","million dollars","million kilowatt hours"
"2024-Q4","NE","Nebraska","ALL","all sectors","1136626","8.66","737.32422","8518.89657","number of customers","cents per kilowatt-hour","million dollars","million kilowatt hours"
"2024-Q4","NE","Nebraska","COM","commercial","161988","7.96","260.45884","3272.78664","number of customers","cents per kilowatt-hour","million dollars","million kilowatt hours"
"2024-Q4","NE","Nebraska","IND","industrial","63063","7.19","205.02567","2852.51439","number of customers","cents per kilowatt-hour","million dollars","million kilowatt hours"
"2024-Q4","NE","Nebraska","OTH","other",NA,NA,NA,NA,"number of customers","cents per kilowatt-hour","million dollars","million kilowatt hours"
"2024-Q4","NE","Nebraska","RES","residential","911575","11.36","271.83972","2393.59556","number of customers","cents per kilowatt-hour","million dollars","million kilowatt hours"
"2024-Q4","NE","Nebraska","TRA","transportation","0",NA,"0","0","number of customers","cents per kilowatt-hour","million dollars","million kilowatt hours"
"2024-Q4","NEW","New England","ALL","all sectors","7662994","23.78","6305.84533","26519.63894","number of customers","cents per kilowatt-hour","million dollars","million kilowatt hours"
"2024-Q4","NEW","New England","COM","commercial","928479","21.5","2518.88437","11713.18291","number of customers","cents per kilowatt-hour","million dollars","million kilowatt hours"
"2024-Q4","NEW","New England","IND","industrial","21098","16.98","601.60866","3543.42744","number of customers","cents per kilowatt-hour","million dollars","million kilowatt hours"
"2024-Q4","NEW","New England","OTH","other",NA,NA,NA,NA,"number of customers","cents per kilowatt-hour","million dollars","million kilowatt hours"
"2024-Q4","NEW","New England","RES","residential","6713411","28.45","3168.10858","11137.44496","number of customers","cents per kilowatt-hour","million dollars","million kilowatt hours"
"2024-Q4","NEW","New England","TRA","transportation","6","13.73","17.24372","125.58365","number of customers","cents per kilowatt-hour","million dollars","million kilowatt hours"
"2024-Q4","NH","New Hampshire","ALL","all sectors","769740","21.06","549.35407","2608.39733","number of customers","cents per kilowatt-hour","million dollars","million kilowatt hours"
"2024-Q4","NH","New Hampshire","COM","commercial","112576","19.72","197.14243","999.89662","number of customers","cents per kilowatt-hour","million dollars","million kilowatt hours"
"2024-Q4","NH","New Hampshire","IND","industrial","3115","16.27","76.74993","471.77172","number of customers","cents per kilowatt-hour","million dollars","million kilowatt hours"
"2024-Q4","NH","New Hampshire","OTH","other",NA,NA,NA,NA,"number of customers","cents per kilowatt-hour","million dollars","million kilowatt hours"
"2024-Q4","NH","New Hampshire","RES","residential","654049","24.23","275.46173","1136.72898","number of customers","cents per kilowatt-hour","million dollars","million kilowatt hours"
"2024-Q4","NH","New Hampshire","TRA","transportation","0",NA,"0","0","number of customers","cents per kilowatt-hour","million dollars","million kilowatt hours"
"2024-Q4","NJ","New Jersey","ALL","all sectors","4299357","16.05","2657.81281","16558.92724","number of customers","cents per kilowatt-hour","million dollars","million kilowatt hours"
"2024-Q4","NJ","New Jersey","COM","commercial","539315","14.5","1281.66217","8840.21145","number of customers","cents per kilowatt-hour","million dollars","million kilowatt hours"
"2024-Q4","NJ","New Jersey","IND","industrial","11080","11.89","189.72922","1595.6418","number of customers","cents per kilowatt-hour","million dollars","million kilowatt hours"
"2024-Q4","NJ","New Jersey","OTH","other",NA,NA,NA,NA,"number of customers","cents per kilowatt-hour","million dollars","million kilowatt hours"
"2024-Q4","NJ","New Jersey","RES","residential","3748955","19.51","1175.48989","6025.65413","number of customers","cents per kilowatt-hour","million dollars","million kilowatt hours"
"2024-Q4","NJ","New Jersey","TRA","transportation","7","11.22","10.93155","97.41987","number of customers","cents per kilowatt-hour","million dollars","million kilowatt hours"
"2024-Q4","NM","New Mexico","ALL","all sectors","1097652","8.8","663.6669","7545.33818","number of customers","cents per kilowatt-hour","million dollars","million kilowatt hours"
"2024-Q4","NM","New Mexico","COM","commercial","147930","10.26","231.20122","2252.76781","number of customers","cents per kilowatt-hour","million dollars","million kilowatt hours"
"2024-Q4","NM","New Mexico","IND","industrial","9267","5.47","199.34493","3642.27634","number of customers","cents per kilowatt-hour","million dollars","million kilowatt hours"
"2024-Q4","NM","New Mexico","OTH","other",NA,NA,NA,NA,"number of customers","cents per kilowatt-hour","million dollars","million kilowatt hours"
"2024-Q4","NM","New Mexico","RES","residential","940455","14.13","233.12075","1650.29402","number of customers","cents per kilowatt-hour","million dollars","million kilowatt hours"
"2024-Q4","NM","New Mexico","TRA","transportation","0",NA,"0","0","number of customers","cents per kilowatt-hour","million dollars","million kilowatt hours"
"2024-Q4","NV","Nevada","ALL","all sectors","1504447","10.45","936.43853","8959.73948","number of customers","cents per kilowatt-hour","million dollars","million kilowatt hours"
"2024-Q4","NV","Nevada","COM","commercial","179802","9.62","321.43446","3340.46703","number of customers","cents per kilowatt-hour","million dollars","million kilowatt hours"
"2024-Q4","NV","Nevada","IND","industrial","4658","7.02","197.00389","2807.87573","number of customers","cents per kilowatt-hour","million dollars","million kilowatt hours"
"2024-Q4","NV","Nevada","OTH","other",NA,NA,NA,NA,"number of customers","cents per kilowatt-hour","million dollars","million kilowatt hours"
"2024-Q4","NV","Nevada","RES","residential","1319985","14.87","417.83353","2809.5595","number of customers","cents per kilowatt-hour","million dollars","million kilowatt hours"
"2024-Q4","NV","Nevada","TRA","transportation","1","9.07",".16665","1.83723","number of customers","cents per kilowatt-hour","million dollars","million kilowatt hours"
"2024-Q4","NY","New York","ALL","all sectors","8622730","19.48","6405.88941","32878.86859","number of customers","cents per kilowatt-hour","million dollars","million kilowatt hours"
"2024-Q4","NY","New York","COM","commercial","1166779","18.5","3161.16841","17091.92127","number of customers","cents per kilowatt-hour","million dollars","million kilowatt hours"
"2024-Q4","NY","New York","IND","industrial","16428","9.43","360.26009","3819.44193","number of customers","cents per kilowatt-hour","million dollars","million kilowatt hours"
"2024-Q4","NY","New York","OTH","other",NA,NA,NA,NA,"number of customers","cents per kilowatt-hour","million dollars","million kilowatt hours"
"2024-Q4","NY","New York","RES","residential","7439517","24.71","2783.13322","11264.15975","number of customers","cents per kilowatt-hour","million dollars","million kilowatt hours"
"2024-Q4","NY","New York","TRA","transportation","6","14.41","101.32769","703.34565","number of customers","cents per kilowatt-hour","million dollars","million kilowatt hours"
"2024-Q4","OH","Ohio","ALL","all sectors","5799274","11.34","4135.21256","36479.70238","number of customers","cents per kilowatt-hour","million dollars","million kilowatt hours"
"2024-Q4","OH","Ohio","COM","commercial","628137","10.71","1324.41583","12362.28979","number of customers","cents per kilowatt-hour","million dollars","million kilowatt hours"
"2024-Q4","OH","Ohio","IND","industrial","18115","7.33","911.33451","12429.98103","number of customers","cents per kilowatt-hour","million dollars","million kilowatt hours"
"2024-Q4","OH","Ohio","OTH","other",NA,NA,NA,NA,"number of customers","cents per kilowatt-hour","million dollars","million kilowatt hours"
"2024-Q4","OH","Ohio","RES","residential","5153020","16.26","1898.75587","11679.51824","number of customers","cents per kilowatt-hour","million dollars","million kilowatt hours"
"2024-Q4","OH","Ohio","TRA","transportation","2","8.93",".70634","7.91334","number of customers","cents per kilowatt-hour","million dollars","million kilowatt hours"
"2024-Q4","OK","Oklahoma","ALL","all sectors","2208129","8.99","1502.57715","16709.26901","number of customers","cents per kilowatt-hour","million dollars","million kilowatt hours"
"2024-Q4","OK","Oklahoma","COM","commercial","299632","8.82","544.0916","6169.02454","number of customers","cents per kilowatt-hour","million dollars","million kilowatt hours"
"2024-Q4","OK","Oklahoma","IND","industrial","19767","5.83","325.24042","5575.6636","number of customers","cents per kilowatt-hour","million dollars","million kilowatt hours"
"2024-Q4","OK","Oklahoma","OTH","other",NA,NA,NA,NA,"number of customers","cents per kilowatt-hour","million dollars","million kilowatt hours"
"2024-Q4","OK","Oklahoma","RES","residential","1888730","12.76","633.24512","4964.58086","number of customers","cents per kilowatt-hour","million dollars","million kilowatt hours"
"2024-Q4","OK","Oklahoma","TRA","transportation","0",NA,"0","0","number of customers","cents per kilowatt-hour","million dollars","million kilowatt hours"
"2024-Q4","OR","Oregon","ALL","all sectors","2151167","11.11","1689.18311","15198.18379","number of customers","cents per kilowatt-hour","million dollars","million kilowatt hours"
"2024-Q4","OR","Oregon","COM","commercial","247858","10.05","622.93473","6199.18316","number of customers","cents per kilowatt-hour","million dollars","million kilowatt hours"
"2024-Q4","OR","Oregon","IND","industrial","26449","7.97","305.16196","3830.37336","number of customers","cents per kilowatt-hour","million dollars","million kilowatt hours"
"2024-Q4","OR","Oregon","OTH","other",NA,NA,NA,NA,"number of customers","cents per kilowatt-hour","million dollars","million kilowatt hours"
"2024-Q4","OR","Oregon","RES","residential","1876857","14.73","760.42118","5163.33565","number of customers","cents per kilowatt-hour","million dollars","million kilowatt hours"
"2024-Q4","OR","Oregon","TRA","transportation","2","12.57",".66525","5.29161","number of customers","cents per kilowatt-hour","million dollars","million kilowatt hours"
"2024-Q4","PA","Pennsylvania","ALL","all sectors","6290545","12.5","4216.21252","33734.23659","number of customers","cents per kilowatt-hour","million dollars","million kilowatt hours"
"2024-Q4","PA","Pennsylvania","COM","commercial","742109","11.14","1056.30113","9481.34502","number of customers","cents per kilowatt-hour","million dollars","million kilowatt hours"
"2024-Q4","PA","Pennsylvania","IND","industrial","11617","7.83","915.37088","11687.45879","number of customers","cents per kilowatt-hour","million dollars","million kilowatt hours"
"2024-Q4","PA","Pennsylvania","OTH","other",NA,NA,NA,NA,"number of customers","cents per kilowatt-hour","million dollars","million kilowatt hours"
"2024-Q4","PA","Pennsylvania","RES","residential","5536814","17.94","2234.10808","12450.72662","number of customers","cents per kilowatt-hour","million dollars","million kilowatt hours"
"2024-Q4","PA","Pennsylvania","TRA","transportation","5","9.09","10.43243","114.70618","number of customers","cents per kilowatt-hour","million dollars","million kilowatt hours"
"2024-Q4","PACC","Pacific Contiguous","ALL","all sectors","22200647","19.99","19670.22564","98382.57227","number of customers","cents per kilowatt-hour","million dollars","million kilowatt hours"
"2024-Q4","PACC","Pacific Contiguous","COM","commercial","2435018","19.41","8468.23297","43631.76654","number of customers","cents per kilowatt-hour","million dollars","million kilowatt hours"
"2024-Q4","PACC","Pacific Contiguous","IND","industrial","199098","15.05","2876.92736","19118.87451","number of customers","cents per kilowatt-hour","million dollars","million kilowatt hours"
"2024-Q4","PACC","Pacific Contiguous","OTH","other",NA,NA,NA,NA,"number of customers","cents per kilowatt-hour","million dollars","million kilowatt hours"
"2024-Q4","PACC","Pacific Contiguous","RES","residential","19566511","23.4","8290.64252","35425.16909","number of customers","cents per kilowatt-hour","million dollars","million kilowatt hours"
"2024-Q4","PACC","Pacific Contiguous","TRA","transportation","20","16.65","34.42278","206.76212","number of customers","cents per kilowatt-hour","million dollars","million kilowatt hours"
"2024-Q4","PACN","Pacific Noncontiguous","ALL","all sectors","865652","30.44","1188.99966","3906.64024","number of customers","cents per kilowatt-hour","million dollars","million kilowatt hours"
"2024-Q4","PACN","Pacific Noncontiguous","COM","commercial","116830","29.18","409.13824","1402.22155","number of customers","cents per kilowatt-hour","million dollars","million kilowatt hours"
"2024-Q4","PACN","Pacific Noncontiguous","IND","industrial","2023","28.5","356.62633","1251.28685","number of customers","cents per kilowatt-hour","million dollars","million kilowatt hours"
"2024-Q4","PACN","Pacific Noncontiguous","OTH","other",NA,NA,NA,NA,"number of customers","cents per kilowatt-hour","million dollars","million kilowatt hours"
"2024-Q4","PACN","Pacific Noncontiguous","RES","residential","746799","33.77","423.23511","1253.13184","number of customers","cents per kilowatt-hour","million dollars","million kilowatt hours"
"2024-Q4","PACN","Pacific Noncontiguous","TRA","transportation","0",NA,"0","0","number of customers","cents per kilowatt-hour","million dollars","million kilowatt hours"
"2024-Q4","RI","Rhode Island","ALL","all sectors","515107","26.28","422.09837","1606.18983","number of customers","cents per kilowatt-hour","million dollars","million kilowatt hours"
"2024-Q4","RI","Rhode Island","COM","commercial","58110","24.61","191.54972","778.4094","number of customers","cents per kilowatt-hour","million dollars","million kilowatt hours"
"2024-Q4","RI","Rhode Island","IND","industrial","1725","20.71","28.03726","135.35879","number of customers","cents per kilowatt-hour","million dollars","million kilowatt hours"
"2024-Q4","RI","Rhode Island","OTH","other",NA,NA,NA,NA,"number of customers","cents per kilowatt-hour","million dollars","million kilowatt hours"
"2024-Q4","RI","Rhode Island","RES","residential","455271","29.3","201.27971","687.05199","number of customers","cents per kilowatt-hour","million dollars","million kilowatt hours"
"2024-Q4","RI","Rhode Island","TRA","transportation","1","22.94","1.23169","5.36965","number of customers","cents per kilowatt-hour","million dollars","million kilowatt hours"
"2024-Q4","SAT","South Atlantic","ALL","all sectors","35026815","11.91","24350.69374","204423.42838","number of customers","cents per kilowatt-hour","million dollars","million kilowatt hours"
"2024-Q4","SAT","South Atlantic","COM","commercial","4051808","10.77","9106.50242","84523.32076","number of customers","cents per kilowatt-hour","million dollars","million kilowatt hours"
"2024-Q4","SAT","South Atlantic","IND","industrial","87885","7.61","2527.51279","33231.37326","number of customers","cents per kilowatt-hour","million dollars","million kilowatt hours"
"2024-Q4","SAT","South Atlantic","OTH","other",NA,NA,NA,NA,"number of customers","cents per kilowatt-hour","million dollars","million kilowatt hours"
"2024-Q4","SAT","South Atlantic","RES","residential","30887110","14.69","12686.34136","86362.72222","number of customers","cents per kilowatt-hour","million dollars","million kilowatt hours"
"2024-Q4","SAT","South Atlantic","TRA","transportation","13","9.91","30.33719","306.01214","number of customers","cents per kilowatt-hour","million dollars","million kilowatt hours"
"2024-Q4","SC","South Carolina","ALL","all sectors","3019495","11.01","2158.37437","19599.88548","number of customers","cents per kilowatt-hour","million dollars","million kilowatt hours"
"2024-Q4","SC","South Carolina","COM","commercial","415131","10.97","667.79692","6090.06112","number of customers","cents per kilowatt-hour","million dollars","million kilowatt hours"
"2024-Q4","SC","South Carolina","IND","industrial","3567","6.81","437.89749","6426.94294","number of customers","cents per kilowatt-hour","million dollars","million kilowatt hours"
"2024-Q4","SC","South Carolina","OTH","other",NA,NA,NA,NA,"number of customers","cents per kilowatt-hour","million dollars","million kilowatt hours"
"2024-Q4","SC","South Carolina","RES","residential","2600797","14.86","1052.67995","7082.88144","number of customers","cents per kilowatt-hour","million dollars","million kilowatt hours"
"2024-Q4","SC","South Carolina","TRA","transportation","0",NA,"0","0","number of customers","cents per kilowatt-hour","million dollars","million kilowatt hours"
"2024-Q4","SD","South Dakota","ALL","all sectors","519447","10.95","364.54268","3329.1206","number of customers","cents per kilowatt-hour","million dollars","million kilowatt hours"
"2024-Q4","SD","South Dakota","COM","commercial","78545","10.65","134.18102","1259.91452","number of customers","cents per kilowatt-hour","million dollars","million kilowatt hours"
"2024-Q4","SD","South Dakota","IND","industrial","4278","8.33","68.09856","817.21285","number of customers","cents per kilowatt-hour","million dollars","million kilowatt hours"
"2024-Q4","SD","South Dakota","OTH","other",NA,NA,NA,NA,"number of customers","cents per kilowatt-hour","million dollars","million kilowatt hours"
"2024-Q4","SD","South Dakota","RES","residential","436624","12.96","162.2631","1251.99323","number of customers","cents per kilowatt-hour","million dollars","million kilowatt hours"
"2024-Q4","SD","South Dakota","TRA","transportation","0",NA,"0","0","number of customers","cents per kilowatt-hour","million dollars","million kilowatt hours"
"2024-Q4","TN","Tennessee","ALL","all sectors","3732643","11.11","2613.01448","23525.45014","number of customers","cents per kilowatt-hour","million dollars","million kilowatt hours"
"2024-Q4","TN","Tennessee","COM","commercial","546900","12.31","1037.13185","8428.44659","number of customers","cents per kilowatt-hour","million dollars","million kilowatt hours"
"2024-Q4","TN","Tennessee","IND","industrial","1012","6.3","367.74159","5833.39066","number of customers","cents per kilowatt-hour","million dollars","million kilowatt hours"
"2024-Q4","TN","Tennessee","OTH","other",NA,NA,NA,NA,"number of customers","cents per kilowatt-hour","million dollars","million kilowatt hours"
"2024-Q4","TN","Tennessee","RES","residential","3184731","13.04","1208.14105","9263.6129","number of customers","cents per kilowatt-hour","million dollars","million kilowatt hours"
"2024-Q4","TN","Tennessee","TRA","transportation","0",NA,"0","0","number of customers","cents per kilowatt-hour","million dollars","million kilowatt hours"
"2024-Q4","TX","Texas","ALL","all sectors","14573406","9.62","11607.04973","120682.27365","number of customers","cents per kilowatt-hour","million dollars","million kilowatt hours"
"2024-Q4","TX","Texas","COM","commercial","1551950","8.47","3396.41059","40120.36954","number of customers","cents per kilowatt-hour","million dollars","million kilowatt hours"
"2024-Q4","TX","Texas","IND","industrial","390019","6.05","2753.25907","45522.33009","number of customers","cents per kilowatt-hour","million dollars","million kilowatt hours"
"2024-Q4","TX","Texas","OTH","other",NA,NA,NA,NA,"number of customers","cents per kilowatt-hour","million dollars","million kilowatt hours"
"2024-Q4","TX","Texas","RES","residential","12631434","15.58","5457.2455","35036.08504","number of customers","cents per kilowatt-hour","million dollars","million kilowatt hours"
"2024-Q4","TX","Texas","TRA","transportation","3","3.86",".13457","3.48899","number of customers","cents per kilowatt-hour","million dollars","million kilowatt hours"
"2024-Q4","US","U.S. Total","ALL","all sectors","164531835","12.79","120201.56483","939885.72018","number of customers","cents per kilowatt-hour","million dollars","million kilowatt hours"
"2024-Q4","US","U.S. Total","COM","commercial","19521092","12.64","44240.82246","350141.44038","number of customers","cents per kilowatt-hour","million dollars","million kilowatt hours"
"2024-Q4","US","U.S. Total","IND","industrial","1123371","7.97","20547.58687","257650.12339","number of customers","cents per kilowatt-hour","million dollars","million kilowatt hours"
"2024-Q4","US","U.S. Total","OTH","other",NA,NA,NA,NA,"number of customers","cents per kilowatt-hour","million dollars","million kilowatt hours"
"2024-Q4","US","U.S. Total","RES","residential","143887291","16.71","55193.30243","330368.89576","number of customers","cents per kilowatt-hour","million dollars","million kilowatt hours"
"2024-Q4","US","U.S. Total","TRA","transportation","81","12.74","219.85306","1725.26065","number of customers","cents per kilowatt-hour","million dollars","million kilowatt hours"
"2024-Q4","UT","Utah","ALL","all sectors","1441058","9.91","822.29725","8295.31421","number of customers","cents per kilowatt-hour","million dollars","million kilowatt hours"
"2024-Q4","UT","Utah","COM","commercial","146856","9.29","327.51444","3524.99087","number of customers","cents per kilowatt-hour","million dollars","million kilowatt hours"
"2024-Q4","UT","Utah","IND","industrial","10753","7.85","168.18738","2141.40348","number of customers","cents per kilowatt-hour","million dollars","million kilowatt hours"
"2024-Q4","UT","Utah","OTH","other",NA,NA,NA,NA,"number of customers","cents per kilowatt-hour","million dollars","million kilowatt hours"
"2024-Q4","UT","Utah","RES","residential","1283447","12.42","325.0137","2615.87295","number of customers","cents per kilowatt-hour","million dollars","million kilowatt hours"
"2024-Q4","UT","Utah","TRA","transportation","1","12.12","1.58172","13.04691","number of customers","cents per kilowatt-hour","million dollars","million kilowatt hours"
"2024-Q4","VA","Virginia","ALL","all sectors","4122140","10.57","3492.07477","33032.90593","number of customers","cents per kilowatt-hour","million dollars","million kilowatt hours"
"2024-Q4","VA","Virginia","COM","commercial","446444","8.65","1654.17298","19128.09365","number of customers","cents per kilowatt-hour","million dollars","million kilowatt hours"
"2024-Q4","VA","Virginia","IND","industrial","3870","9.02","302.21352","3350.14953","number of customers","cents per kilowatt-hour","million dollars","million kilowatt hours"
"2024-Q4","VA","Virginia","OTH","other",NA,NA,NA,NA,"number of customers","cents per kilowatt-hour","million dollars","million kilowatt hours"
"2024-Q4","VA","Virginia","RES","residential","3671825","14.59","1529.28972","10484.88597","number of customers","cents per kilowatt-hour","million dollars","million kilowatt hours"
"2024-Q4","VA","Virginia","TRA","transportation","1","9.17","6.39854","69.77678","number of customers","cents per kilowatt-hour","million dollars","million kilowatt hours"
"2024-Q4","VT","Vermont","ALL","all sectors","389339","19.32","255.73627","1323.71661","number of customers","cents per kilowatt-hour","million dollars","million kilowatt hours"
"2024-Q4","VT","Vermont","COM","commercial","64654","19.77","92.13978","466.06227","number of customers","cents per kilowatt-hour","million dollars","million kilowatt hours"
"2024-Q4","VT","Vermont","IND","industrial","239","11.9","37.47278","314.96962","number of customers","cents per kilowatt-hour","million dollars","million kilowatt hours"
"2024-Q4","VT","Vermont","OTH","other",NA,NA,NA,NA,"number of customers","cents per kilowatt-hour","million dollars","million kilowatt hours"
"2024-Q4","VT","Vermont","RES","residential","324446","23.24","126.12372","542.68473","number of customers","cents per kilowatt-hour","million dollars","million kilowatt hours"
"2024-Q4","VT","Vermont","TRA","transportation","0",NA,"0","0","number of customers","cents per kilowatt-hour","million dollars","million kilowatt hours"
"2024-Q4","WA","Washington","ALL","all sectors","3831186","10.3","2357.4758","22897.57235","number of customers","cents per kilowatt-hour","million dollars","million kilowatt hours"
"2024-Q4","WA","Washington","COM","commercial","406440","9.98","845.73156","8478.2436","number of customers","cents per kilowatt-hour","million dollars","million kilowatt hours"
"2024-Q4","WA","Washington","IND","industrial","26129","6.61","289.88777","4386.18033","number of customers","cents per kilowatt-hour","million dollars","million kilowatt hours"
"2024-Q4","WA","Washington","OTH","other",NA,NA,NA,NA,"number of customers","cents per kilowatt-hour","million dollars","million kilowatt hours"
"2024-Q4","WA","Washington","RES","residential","3398612","12.18","1218.9586","10008.61729","number of customers","cents per kilowatt-hour","million dollars","million kilowatt hours"
"2024-Q4","WA","Washington","TRA","transportation","5","11.81","2.89788","24.53114","number of customers","cents per kilowatt-hour","million dollars","million kilowatt hours"
"2024-Q4","WI","Wisconsin","ALL","all sectors","3230779","12.12","1994.77622","16464.30456","number of customers","cents per kilowatt-hour","million dollars","million kilowatt hours"
"2024-Q4","WI","Wisconsin","COM","commercial","370161","12.05","677.73251","5622.79455","number of customers","cents per kilowatt-hour","million dollars","million kilowatt hours"
"2024-Q4","WI","Wisconsin","IND","industrial","5746","7.86","440.05675","5598.71217","number of customers","cents per kilowatt-hour","million dollars","million kilowatt hours"
"2024-Q4","WI","Wisconsin","OTH","other",NA,NA,NA,NA,"number of customers","cents per kilowatt-hour","million dollars","million kilowatt hours"
"2024-Q4","WI","Wisconsin","RES","residential","2854870","16.73","876.92328","5242.44715","number of customers","cents per kilowatt-hour","million dollars","million kilowatt hours"
"2024-Q4","WI","Wisconsin","TRA","transportation","2","18.16",".0637",".35069","number of customers","cents per kilowatt-hour","million dollars","million kilowatt hours"
"2024-Q4","WNC","West North Central","ALL","all sectors","11728939","9.97","7607.17573","76308.44771","number of customers","cents per kilowatt-hour","million dollars","million kilowatt hours"
"2024-Q4","WNC","West North Central","COM","commercial","1530367","9.71","2614.37773","26927.2851","number of customers","cents per kilowatt-hour","million dollars","million kilowatt hours"
"2024-Q4","WNC","West North Central","IND","industrial","129852","7.35","1849.07006","25161.47465","number of customers","cents per kilowatt-hour","million dollars","million kilowatt hours"
"2024-Q4","WNC","West North Central","OTH","other",NA,NA,NA,NA,"number of customers","cents per kilowatt-hour","million dollars","million kilowatt hours"
"2024-Q4","WNC","West North Central","RES","residential","10068717","12.98","3142.67021","24209.52811","number of customers","cents per kilowatt-hour","million dollars","million kilowatt hours"
"2024-Q4","WNC","West North Central","TRA","transportation","3","10.41","1.05774","10.15987","number of customers","cents per kilowatt-hour","million dollars","million kilowatt hours"
"2024-Q4","WSC","West South Central","ALL","all sectors","20985846","9.39","16138.81066","171797.1257","number of customers","cents per kilowatt-hour","million dollars","million kilowatt hours"
"2024-Q4","WSC","West South Central","COM","commercial","2360890","8.81","4814.70685","54662.07736","number of customers","cents per kilowatt-hour","million dollars","million kilowatt hours"
"2024-Q4","WSC","West South Central","IND","industrial","464806","5.95","3960.49612","66579.44981","number of customers","cents per kilowatt-hour","million dollars","million kilowatt hours"
"2024-Q4","WSC","West South Central","OTH","other",NA,NA,NA,NA,"number of customers","cents per kilowatt-hour","million dollars","million kilowatt hours"
"2024-Q4","WSC","West South Central","RES","residential","18160145","14.57","7363.19397","50549.62285","number of customers","cents per kilowatt-hour","million dollars","million kilowatt hours"
"2024-Q4","WSC","West South Central","TRA","transportation","6","6.92",".41372","5.97569","number of customers","cents per kilowatt-hour","million dollars","million kilowatt hours"
"2024-Q4","WV","West Virginia","ALL","all sectors","1030287","11.25","917.04946","8150.11614","number of customers","cents per kilowatt-hour","million dollars","million kilowatt hours"
"2024-Q4","WV","West Virginia","COM","commercial","152365","11.98","219.16674","1829.57276","number of customers","cents per kilowatt-hour","million dollars","million kilowatt hours"
"2024-Q4","WV","West Virginia","IND","industrial","10962","8","296.51912","3705.44527","number of customers","cents per kilowatt-hour","million dollars","million kilowatt hours"
"2024-Q4","WV","West Virginia","OTH","other",NA,NA,NA,NA,"number of customers","cents per kilowatt-hour","million dollars","million kilowatt hours"
"2024-Q4","WV","West Virginia","RES","residential","866961","15.35","401.36359","2615.0981","number of customers","cents per kilowatt-hour","million dollars","million kilowatt hours"
"2024-Q4","WV","West Virginia","TRA","transportation","0",NA,"0","0","number of customers","cents per kilowatt-hour","million dollars","million kilowatt hours"
"2024-Q4","WY","Wyoming","ALL","all sectors","358807","9.43","396.27022","4200.08885","number of customers","cents per kilowatt-hour","million dollars","million kilowatt hours"
"2024-Q4","WY","Wyoming","COM","commercial","59224","9.51","123.35196","1296.99571","number of customers","cents per kilowatt-hour","million dollars","million kilowatt hours"
"2024-Q4","WY","Wyoming","IND","industrial","11951","8.3","180.33596","2172.62471","number of customers","cents per kilowatt-hour","million dollars","million kilowatt hours"
"2024-Q4","WY","Wyoming","OTH","other",NA,NA,NA,NA,"number of customers","cents per kilowatt-hour","million dollars","million kilowatt hours"
"2024-Q4","WY","Wyoming","RES","residential","287632","12.67","92.58231","730.46843","number of customers","cents per kilowatt-hour","million dollars","million kilowatt hours"
"2024-Q4","WY","Wyoming","TRA","transportation","0",NA,"0","0","number of customers","cents per kilowatt-hour","million dollars","million kilowatt hours"
"2024-Q3","AK","Alaska","ALL","all sectors","357462","22.48","314.39243","1398.28894","number of customers","cents per kilowatt-hour","million dollars","million kilowatt hours"
"2024-Q3","AK","Alaska","COM","commercial","57150","21.82","136.81202","627.05565","number of customers","cents per kilowatt-hour","million dollars","million kilowatt hours"
"2024-Q3","AK","Alaska","IND","industrial","1212","19.16","64.68296","337.56981","number of customers","cents per kilowatt-hour","million dollars","million kilowatt hours"
"2024-Q3","AK","Alaska","OTH","other",NA,NA,NA,NA,"number of customers","cents per kilowatt-hour","million dollars","million kilowatt hours"
"2024-Q3","AK","Alaska","RES","residential","299100","26.03","112.89746","433.66347","number of customers","cents per kilowatt-hour","million dollars","million kilowatt hours"
"2024-Q3","AK","Alaska","TRA","transportation","0",NA,"0","0","number of customers","cents per kilowatt-hour","million dollars","million kilowatt hours"
"2024-Q3","AL","Alabama","ALL","all sectors","2803358","12.11","3026.90776","24998.46939","number of customers","cents per kilowatt-hour","million dollars","million kilowatt hours"
"2024-Q3","AL","Alabama","COM","commercial","390987","13.51","900.04884","6664.31451","number of customers","cents per kilowatt-hour","million dollars","million kilowatt hours"
"2024-Q3","AL","Alabama","IND","industrial","7276","7.29","600.2386","8236.36499","number of customers","cents per kilowatt-hour","million dollars","million kilowatt hours"
"2024-Q3","AL","Alabama","OTH","other",NA,NA,NA,NA,"number of customers","cents per kilowatt-hour","million dollars","million kilowatt hours"
"2024-Q3","AL","Alabama","RES","residential","2405095","15.12","1526.62032","10097.78988","number of customers","cents per kilowatt-hour","million dollars","million kilowatt hours"
"2024-Q3","AL","Alabama","TRA","transportation","0",NA,"0","0","number of customers","cents per kilowatt-hour","million dollars","million kilowatt hours"
"2024-Q3","AR","Arkansas","ALL","all sectors","1730134","9.94","1450.73832","14590.8623","number of customers","cents per kilowatt-hour","million dollars","million kilowatt hours"
"2024-Q3","AR","Arkansas","COM","commercial","207403","10.12","356.63296","3524.97548","number of customers","cents per kilowatt-hour","million dollars","million kilowatt hours"
"2024-Q3","AR","Arkansas","IND","industrial","42078","6.95","368.71582","5301.65708","number of customers","cents per kilowatt-hour","million dollars","million kilowatt hours"
"2024-Q3","AR","Arkansas","OTH","other",NA,NA,NA,NA,"number of customers","cents per kilowatt-hour","million dollars","million kilowatt hours"
"2024-Q3","AR","Arkansas","RES","residential","1480651","12.58","725.37857","5764.14943","number of customers","cents per kilowatt-hour","million dollars","million kilowatt hours"
"2024-Q3","AR","Arkansas","TRA","transportation","2","13.67",".01098",".08031","number of customers","cents per kilowatt-hour","million dollars","million kilowatt hours"
"2024-Q3","AZ","Arizona","ALL","all sectors","3494879","13.28","4050.53978","30506.57472","number of customers","cents per kilowatt-hour","million dollars","million kilowatt hours"
"2024-Q3","AZ","Arizona","COM","commercial","348833","12.66","1427.90145","11277.84478","number of customers","cents per kilowatt-hour","million dollars","million kilowatt hours"
"2024-Q3","AZ","Arizona","IND","industrial","7583","8.73","329.41943","3775.23297","number of customers","cents per kilowatt-hour","million dollars","million kilowatt hours"
"2024-Q3","AZ","Arizona","OTH","other",NA,NA,NA,NA,"number of customers","cents per kilowatt-hour","million dollars","million kilowatt hours"
"2024-Q3","AZ","Arizona","RES","residential","3138461","14.84","2292.88325","15450.63813","number of customers","cents per kilowatt-hour","million dollars","million kilowatt hours"
"2024-Q3","AZ","Arizona","TRA","transportation","2","11.74",".33566","2.85883","number of customers","cents per kilowatt-hour","million dollars","million kilowatt hours"
"2024-Q3","CA","California","ALL","all sectors","16208472","29.55","21903.91767","74123.80652","number of customers","cents per kilowatt-hour","million dollars","million kilowatt hours"
"2024-Q3","CA","California","COM","commercial","1783553","29.47","9495.33466","32215.61786","number of customers","cents per kilowatt-hour","million dollars","million kilowatt hours"
"2024-Q3","CA","California","IND","industrial","148114","24.73","3243.73382","13117.96442","number of customers","cents per kilowatt-hour","million dollars","million kilowatt hours"
"2024-Q3","CA","California","OTH","other",NA,NA,NA,NA,"number of customers","cents per kilowatt-hour","million dollars","million kilowatt hours"
"2024-Q3","CA","California","RES","residential","14276792","31.93","9132.07789","28600.242","number of customers","cents per kilowatt-hour","million dollars","million kilowatt hours"
"2024-Q3","CA","California","TRA","transportation","13","17.25","32.77132","189.98227","number of customers","cents per kilowatt-hour","million dollars","million kilowatt hours"
"2024-Q3","CO","Colorado","ALL","all sectors","2984403","12.78","2073.34207","16227.99459","number of customers","cents per kilowatt-hour","million dollars","million kilowatt hours"
"2024-Q3","CO","Colorado","COM","commercial","406746","12.55","740.19917","5899.24493","number of customers","cents per kilowatt-hour","million dollars","million kilowatt hours"
"2024-Q3","CO","Colorado","IND","industrial","14890","9.03","362.86191","4018.69866","number of customers","cents per kilowatt-hour","million dollars","million kilowatt hours"
"2024-Q3","CO","Colorado","OTH","other",NA,NA,NA,NA,"number of customers","cents per kilowatt-hour","million dollars","million kilowatt hours"
"2024-Q3","CO","Colorado","RES","residential","2562766","15.39","968.28651","6290.16575","number of customers","cents per kilowatt-hour","million dollars","million kilowatt hours"
"2024-Q3","CO","Colorado","TRA","transportation","1","10.03","1.99448","19.88525","number of customers","cents per kilowatt-hour","million dollars","million kilowatt hours"
"2024-Q3","CT","Connecticut","ALL","all sectors","1714992","25.32","1954.04284","7718.58561","number of customers","cents per kilowatt-hour","million dollars","million kilowatt hours"
"2024-Q3","CT","Connecticut","COM","commercial","156913","21.77","713.19241","3275.45804","number of customers","cents per kilowatt-hour","million dollars","million kilowatt hours"
"2024-Q3","CT","Connecticut","IND","industrial","3845","17.95","122.94723","684.92621","number of customers","cents per kilowatt-hour","million dollars","million kilowatt hours"
"2024-Q3","CT","Connecticut","OTH","other",NA,NA,NA,NA,"number of customers","cents per kilowatt-hour","million dollars","million kilowatt hours"
"2024-Q3","CT","Connecticut","RES","residential","1554231","29.9","1108.53776","3707.48436","number of customers","cents per kilowatt-hour","million dollars","million kilowatt hours"
"2024-Q3","CT","Connecticut","TRA","transportation","3","18.47","9.36544","50.71701","number of customers","cents per kilowatt-hour","million dollars","million kilowatt hours"
"2024-Q3","DC","District of Columbia","ALL","all sectors","347033","16.61","487.73502","2935.88876","number of customers","cents per kilowatt-hour","million dollars","million kilowatt hours"
"2024-Q3","DC","District of Columbia","COM","commercial","27563","16.76","340.77419","2032.87283","number of customers","cents per kilowatt-hour","million dollars","million kilowatt hours"
"2024-Q3","DC","District of Columbia","IND","industrial","1","9.46","4.39593","46.46477","number of customers","cents per kilowatt-hour","million dollars","million kilowatt hours"
"2024-Q3","DC","District of Columbia","OTH","other",NA,NA,NA,NA,"number of customers","cents per kilowatt-hour","million dollars","million kilowatt hours"
"2024-Q3","DC","District of Columbia","RES","residential","319466","17.44","134.32025","770.31259","number of customers","cents per kilowatt-hour","million dollars","million kilowatt hours"
"2024-Q3","DC","District of Columbia","TRA","transportation","3","9.56","8.24465","86.2386","number of customers","cents per kilowatt-hour","million dollars","million kilowatt hours"
"2024-Q3","DE","Delaware","ALL","all sectors","536489","13.43","442.50037","3295.59624","number of customers","cents per kilowatt-hour","million dollars","million kilowatt hours"
"2024-Q3","DE","Delaware","COM","commercial","60831","12.13","146.26737","1205.46378","number of customers","cents per kilowatt-hour","million dollars","million kilowatt hours"
"2024-Q3","DE","Delaware","IND","industrial","1157","8.67","45.13261","520.30683","number of customers","cents per kilowatt-hour","million dollars","million kilowatt hours"
"2024-Q3","DE","Delaware","OTH","other",NA,NA,NA,NA,"number of customers","cents per kilowatt-hour","million dollars","million kilowatt hours"
"2024-Q3","DE","Delaware","RES","residential","474501","16","251.10037","1569.82565","number of customers","cents per kilowatt-hour","million dollars","million kilowatt hours"
"2024-Q3","DE","Delaware","TRA","transportation","0",NA,"0","0","number of customers","cents per kilowatt-hour","million dollars","million kilowatt hours"
"2024-Q3","ENC","East North Central","ALL","all sectors","23572780","12.48","19084.52321","152872.40788","number of customers","cents per kilowatt-hour","million dollars","million kilowatt hours"
"2024-Q3","ENC","East North Central","COM","commercial","2575654","12.26","6108.01224","49833.58848","number of customers","cents per kilowatt-hour","million dollars","million kilowatt hours"
"2024-Q3","ENC","East North Central","IND","industrial","54745","8.29","4032.13379","48659.21735","number of customers","cents per kilowatt-hour","million dollars","million kilowatt hours"
"2024-Q3","ENC","East North Central","OTH","other",NA,NA,NA,NA,"number of customers","cents per kilowatt-hour","million dollars","million kilowatt hours"
"2024-Q3","ENC","East North Central","RES","residential","20942371","16.47","8934.28751","54256.53532","number of customers","cents per kilowatt-hour","million dollars","million kilowatt hours"
"2024-Q3","ENC","East North Central","TRA","transportation","10","8.2","10.08965","123.06676","number of customers","cents per kilowatt-hour","million dollars","million kilowatt hours"
"2024-Q3","ESC","East South Central","ALL","all sectors","10546341","11.07","9940.22903","89808.79835","number of customers","cents per kilowatt-hour","million dollars","million kilowatt hours"
"2024-Q3","ESC","East South Central","COM","commercial","1510591","12.23","3321.07076","27161.60371","number of customers","cents per kilowatt-hour","million dollars","million kilowatt hours"
"2024-Q3","ESC","East South Central","IND","industrial","25713","6.77","1745.50762","25770.53199","number of customers","cents per kilowatt-hour","million dollars","million kilowatt hours"
"2024-Q3","ESC","East South Central","OTH","other",NA,NA,NA,NA,"number of customers","cents per kilowatt-hour","million dollars","million kilowatt hours"
"2024-Q3","ESC","East South Central","RES","residential","9010037","13.22","4873.65066","36876.66266","number of customers","cents per kilowatt-hour","million dollars","million kilowatt hours"
"2024-Q3","ESC","East South Central","TRA","transportation","0",NA,"0","0","number of customers","cents per kilowatt-hour","million dollars","million kilowatt hours"
"2024-Q3","FL","Florida","ALL","all sectors","11813537","12.23","9478.9637","77488.90481","number of customers","cents per kilowatt-hour","million dollars","million kilowatt hours"
"2024-Q3","FL","Florida","COM","commercial","1311766","10.51","3019.25396","28726.15001","number of customers","cents per kilowatt-hour","million dollars","million kilowatt hours"
"2024-Q3","FL","Florida","IND","industrial","26917","8.29","383.50446","4628.25741","number of customers","cents per kilowatt-hour","million dollars","million kilowatt hours"
"2024-Q3","FL","Florida","OTH","other",NA,NA,NA,NA,"number of customers","cents per kilowatt-hour","million dollars","million kilowatt hours"
"2024-Q3","FL","Florida","RES","residential","10474851","13.77","6074.30291","44116.16308","number of customers","cents per kilowatt-hour","million dollars","million kilowatt hours"
"2024-Q3","FL","Florida","TRA","transportation","2","10.38","1.90237","18.33432","number of customers","cents per kilowatt-hour","million dollars","million kilowatt hours"
"2024-Q3","GA","Georgia","ALL","all sectors","5474610","12.21","5277.2934","43217.03302","number of customers","cents per kilowatt-hour","million dollars","million kilowatt hours"
"2024-Q3","GA","Georgia","COM","commercial","620675","11.23","1764.74837","15717.18852","number of customers","cents per kilowatt-hour","million dollars","million kilowatt hours"
"2024-Q3","GA","Georgia","IND","industrial","24775","8.67","738.53386","8517.96949","number of customers","cents per kilowatt-hour","million dollars","million kilowatt hours"
"2024-Q3","GA","Georgia","OTH","other",NA,NA,NA,NA,"number of customers","cents per kilowatt-hour","million dollars","million kilowatt hours"
"2024-Q3","GA","Georgia","RES","residential","4829159","14.62","2769.61406","18941.94275","number of customers","cents per kilowatt-hour","million dollars","million kilowatt hours"
"2024-Q3","GA","Georgia","TRA","transportation","1","11.01","4.39711","39.93225","number of customers","cents per kilowatt-hour","million dollars","million kilowatt hours"
"2024-Q3","HI","Hawaii","ALL","all sectors","506751","36.94","885.23449","2396.53722","number of customers","cents per kilowatt-hour","million dollars","million kilowatt hours"
"2024-Q3","HI","Hawaii","COM","commercial","59491","36.94","280.7113","759.96946","number of customers","cents per kilowatt-hour","million dollars","million kilowatt hours"
"2024-Q3","HI","Hawaii","IND","industrial","821","33","303.40416","919.51448","number of customers","cents per kilowatt-hour","million dollars","million kilowatt hours"
"2024-Q3","HI","Hawaii","OTH","other",NA,NA,NA,NA,"number of customers","cents per kilowatt-hour","million dollars","million kilowatt hours"
"2024-Q3","HI","Hawaii","RES","residential","446439","41.99","301.11903","717.05328","number of customers","cents per kilowatt-hour","million dollars","million kilowatt hours"
"2024-Q3","HI","Hawaii","TRA","transportation","0",NA,"0","0","number of customers","cents per kilowatt-hour","million dollars","million kilowatt hours"
"2024-Q3","IA","Iowa","ALL","all sectors","1711242","10.57","1527.49693","14456.03078","number of customers","cents per kilowatt-hour","million dollars","million kilowatt hours"
"2024-Q3","IA","Iowa","COM","commercial","251861","11.18","380.00368","3398.54666","number of customers","cents per kilowatt-hour","million dollars","million kilowatt hours"
"2024-Q3","IA","Iowa","IND","industrial","9709","8.01","567.33539","7086.12359","number of customers","cents per kilowatt-hour","million dollars","million kilowatt hours"
"2024-Q3","IA","Iowa","OTH","other",NA,NA,NA,NA,"number of customers","cents per kilowatt-hour","million dollars","million kilowatt hours"
"2024-Q3","IA","Iowa","RES","residential","1449672","14.61","580.15786","3971.36051","number of customers","cents per kilowatt-hour","million dollars","million kilowatt hours"
"2024-Q3","IA","Iowa","TRA","transportation","0",NA,"0","0","number of customers","cents per kilowatt-hour","million dollars","million kilowatt hours"
"2024-Q3","ID","Idaho","ALL","all sectors","1024968","9.94","755.84879","7607.18492","number of customers","cents per kilowatt-hour","million dollars","million kilowatt hours"
"2024-Q3","ID","Idaho","COM","commercial","124177","9.48","176.67624","1863.04809","number of customers","cents per kilowatt-hour","million dollars","million kilowatt hours"
"2024-Q3","ID","Idaho","IND","industrial","29899","8.51","278.66284","3276.26406","number of customers","cents per kilowatt-hour","million dollars","million kilowatt hours"
"2024-Q3","ID","Idaho","OTH","other",NA,NA,NA,NA,"number of customers","cents per kilowatt-hour","million dollars","million kilowatt hours"
"2024-Q3","ID","Idaho","RES","residential","870892","12.18","300.50972","2467.87276","number of customers","cents per kilowatt-hour","million dollars","million kilowatt hours"
"2024-Q3","ID","Idaho","TRA","transportation","0",NA,"0","0","number of customers","cents per kilowatt-hour","million dollars","million kilowatt hours"
"2024-Q3","IL","Illinois","ALL","all sectors","6015181","12.49","4629.09065","37059.262","number of customers","cents per kilowatt-hour","million dollars","million kilowatt hours"
"2024-Q3","IL","Illinois","COM","commercial","637411","12.08","1519.15627","12574.57032","number of customers","cents per kilowatt-hour","million dollars","million kilowatt hours"
"2024-Q3","IL","Illinois","IND","industrial","5629","9.2","991.87113","10775.7928","number of customers","cents per kilowatt-hour","million dollars","million kilowatt hours"
"2024-Q3","IL","Illinois","OTH","other",NA,NA,NA,NA,"number of customers","cents per kilowatt-hour","million dollars","million kilowatt hours"
"2024-Q3","IL","Illinois","RES","residential","5372138","15.51","2109.33525","13599.10496","number of customers","cents per kilowatt-hour","million dollars","million kilowatt hours"
"2024-Q3","IL","Illinois","TRA","transportation","3","7.95","8.728","109.79391","number of customers","cents per kilowatt-hour","million dollars","million kilowatt hours"
"2024-Q3","IN","Indiana","ALL","all sectors","3456690","11.49","3170.70157","27601.01971","number of customers","cents per kilowatt-hour","million dollars","million kilowatt hours"
"2024-Q3","IN","Indiana","COM","commercial","375396","12.49","835.7553","6693.98325","number of customers","cents per kilowatt-hour","million dollars","million kilowatt hours"
"2024-Q3","IN","Indiana","IND","industrial","19270","8.11","917.87512","11311.85957","number of customers","cents per kilowatt-hour","million dollars","million kilowatt hours"
"2024-Q3","IN","Indiana","OTH","other",NA,NA,NA,NA,"number of customers","cents per kilowatt-hour","million dollars","million kilowatt hours"
"2024-Q3","IN","Indiana","RES","residential","3062024","14.77","1416.4922","9590.22205","number of customers","cents per kilowatt-hour","million dollars","million kilowatt hours"
"2024-Q3","IN","Indiana","TRA","transportation","1","11.68",".57895","4.95483","number of customers","cents per kilowatt-hour","million dollars","million kilowatt hours"
"2024-Q3","KS","Kansas","ALL","all sectors","1591717","11.92","1439.83764","12077.6092","number of customers","cents per kilowatt-hour","million dollars","million kilowatt hours"
"2024-Q3","KS","Kansas","COM","commercial","245744","12.05","547.53778","4543.033","number of customers","cents per kilowatt-hour","million dollars","million kilowatt hours"
"2024-Q3","KS","Kansas","IND","industrial","24372","7.84","243.28372","3105.05477","number of customers","cents per kilowatt-hour","million dollars","million kilowatt hours"
"2024-Q3","KS","Kansas","OTH","other",NA,NA,NA,NA,"number of customers","cents per kilowatt-hour","million dollars","million kilowatt hours"
"2024-Q3","KS","Kansas","RES","residential","1321601","14.65","649.01614","4429.52144","number of customers","cents per kilowatt-hour","million dollars","million kilowatt hours"
"2024-Q3","KS","Kansas","TRA","transportation","0",NA,"0","0","number of customers","cents per kilowatt-hour","million dollars","million kilowatt hours"
"2024-Q3","KY","Kentucky","ALL","all sectors","2412724","10.04","2056.86673","20485.20046","number of customers","cents per kilowatt-hour","million dollars","million kilowatt hours"
"2024-Q3","KY","Kentucky","COM","commercial","327843","11.23","641.47458","5714.04203","number of customers","cents per kilowatt-hour","million dollars","million kilowatt hours"
"2024-Q3","KY","Kentucky","IND","industrial","4786","6.51","470.07847","7217.94948","number of customers","cents per kilowatt-hour","million dollars","million kilowatt hours"
"2024-Q3","KY","Kentucky","OTH","other",NA,NA,NA,NA,"number of customers","cents per kilowatt-hour","million dollars","million kilowatt hours"
"2024-Q3","KY","Kentucky","RES","residential","2080095","12.52","945.31368","7553.20896","number of customers","cents per kilowatt-hour","million dollars","million kilowatt hours"
"2024-Q3","KY","Kentucky","TRA","transportation","0",NA,"0","0","number of customers","cents per kilowatt-hour","million dollars","million kilowatt hours"
"2024-Q3","LA","Louisiana","ALL","all sectors","2473588","9.02","2524.03203","27995.68713","number of customers","cents per kilowatt-hour","million dollars","million kilowatt hours"
"2024-Q3","LA","Louisiana","COM","commercial","302479","10.17","710.42016","6983.75646","number of customers","cents per kilowatt-hour","million dollars","million kilowatt hours"
"2024-Q3","LA","Louisiana","IND","industrial","18329","5.65","608.44623","10771.27456","number of customers","cents per kilowatt-hour","million dollars","million kilowatt hours"
"2024-Q3","LA","Louisiana","OTH","other",NA,NA,NA,NA,"number of customers","cents per kilowatt-hour","million dollars","million kilowatt hours"
"2024-Q3","LA","Louisiana","RES","residential","2152779","11.77","1204.84656","10237.8364","number of customers","cents per kilowatt-hour","million dollars","million kilowatt hours"
"2024-Q3","LA","Louisiana","TRA","transportation","1","11.32",".31908","2.81971","number of customers","cents per kilowatt-hour","million dollars","million kilowatt hours"
"2024-Q3","MA","Massachusetts","ALL","all sectors","3345690","24.07","3113.96871","12935.79204","number of customers","cents per kilowatt-hour","million dollars","million kilowatt hours"
"2024-Q3","MA","Massachusetts","COM","commercial","426063","20.86","1231.06475","5901.83059","number of customers","cents per kilowatt-hour","million dollars","million kilowatt hours"
"2024-Q3","MA","Massachusetts","IND","industrial","10313","18.29","265.55062","1451.80024","number of customers","cents per kilowatt-hour","million dollars","million kilowatt hours"
"2024-Q3","MA","Massachusetts","OTH","other",NA,NA,NA,NA,"number of customers","cents per kilowatt-hour","million dollars","million kilowatt hours"
"2024-Q3","MA","Massachusetts","RES","residential","2909312","29.24","1611.11881","5510.66007","number of customers","cents per kilowatt-hour","million dollars","million kilowatt hours"
"2024-Q3","MA","Massachusetts","TRA","transportation","2","8.72","6.23453","71.50114","number of customers","cents per kilowatt-hour","million dollars","million kilowatt hours"
"2024-Q3","MAT","Middle Atlantic","ALL","all sectors","19176041","17.03","17354.54018","101924.22554","number of customers","cents per kilowatt-hour","million dollars","million kilowatt hours"
"2024-Q3","MAT","Middle Atlantic","COM","commercial","2443750","16.66","6885.39273","41319.49558","number of customers","cents per kilowatt-hour","million dollars","million kilowatt hours"
"2024-Q3","MAT","Middle Atlantic","IND","industrial","39332","8.78","1633.07978","18596.58601","number of customers","cents per kilowatt-hour","million dollars","million kilowatt hours"
"2024-Q3","MAT","Middle Atlantic","OTH","other",NA,NA,NA,NA,"number of customers","cents per kilowatt-hour","million dollars","million kilowatt hours"
"2024-Q3","MAT","Middle Atlantic","RES","residential","16692940","21.19","8699.16076","41052.64672","number of customers","cents per kilowatt-hour","million dollars","million kilowatt hours"
"2024-Q3","MAT","Middle Atlantic","TRA","transportation","18","14.33","136.90692","955.49723","number of customers","cents per kilowatt-hour","million dollars","million kilowatt hours"
"2024-Q3","MD","Maryland","ALL","all sectors","2725197","15.11","2477.29149","16399.27421","number of customers","cents per kilowatt-hour","million dollars","million kilowatt hours"
"2024-Q3","MD","Maryland","COM","commercial","261392","13.09","1005.41802","7682.85813","number of customers","cents per kilowatt-hour","million dollars","million kilowatt hours"
"2024-Q3","MD","Maryland","IND","industrial","9278","10.47","97.22207","928.70049","number of customers","cents per kilowatt-hour","million dollars","million kilowatt hours"
"2024-Q3","MD","Maryland","OTH","other",NA,NA,NA,NA,"number of customers","cents per kilowatt-hour","million dollars","million kilowatt hours"
"2024-Q3","MD","Maryland","RES","residential","2454522","17.73","1363.67188","7692.24836","number of customers","cents per kilowatt-hour","million dollars","million kilowatt hours"
"2024-Q3","MD","Maryland","TRA","transportation","5","11.5","10.97953","95.46723","number of customers","cents per kilowatt-hour","million dollars","million kilowatt hours"
"2024-Q3","ME","Maine","ALL","all sectors","862807","19.09","571.04956","2991.12148","number of customers","cents per kilowatt-hour","million dollars","million kilowatt hours"
"2024-Q3","ME","Maine","COM","commercial","112156","17.27","195.8743","1134.30542","number of customers","cents per kilowatt-hour","million dollars","million kilowatt hours"
"2024-Q3","ME","Maine","IND","industrial","1885","12.01","74.89662","623.45234","number of customers","cents per kilowatt-hour","million dollars","million kilowatt hours"
"2024-Q3","ME","Maine","OTH","other",NA,NA,NA,NA,"number of customers","cents per kilowatt-hour","million dollars","million kilowatt hours"
"2024-Q3","ME","Maine","RES","residential","748765","24.35","300.27863","1233.36372","number of customers","cents per kilowatt-hour","million dollars","million kilowatt hours"
"2024-Q3","ME","Maine","TRA","transportation","0",NA,"0","0","number of customers","cents per kilowatt-hour","million dollars","million kilowatt hours"
"2024-Q3","MI","Michigan","ALL","all sectors","5088521","14.59","4004.2829","27437.91167","number of customers","cents per kilowatt-hour","million dollars","million kilowatt hours"
"2024-Q3","MI","Michigan","COM","commercial","565255","14.12","1455.81799","10308.74289","number of customers","cents per kilowatt-hour","million dollars","million kilowatt hours"
"2024-Q3","MI","Michigan","IND","industrial","5853","8.29","612.48456","7390.60035","number of customers","cents per kilowatt-hour","million dollars","million kilowatt hours"
"2024-Q3","MI","Michigan","OTH","other",NA,NA,NA,NA,"number of customers","cents per kilowatt-hour","million dollars","million kilowatt hours"
"2024-Q3","MI","Michigan","RES","residential","4517410","19.88","1935.77419","9737.11921","number of customers","cents per kilowatt-hour","million dollars","million kilowatt hours"
"2024-Q3","MI","Michigan","TRA","transportation","2","14.23",".20617","1.44923","number of customers","cents per kilowatt-hour","million dollars","million kilowatt hours"
"2024-Q3","MN","Minnesota","ALL","all sectors","2903805","13.15","2266.0176","17228.26553","number of customers","cents per kilowatt-hour","million dollars","million kilowatt hours"
"2024-Q3","MN","Minnesota","COM","commercial","308916","12.99","785.38424","6046.81885","number of customers","cents per kilowatt-hour","million dollars","million kilowatt hours"
"2024-Q3","MN","Minnesota","IND","industrial","9685","9.56","498.96352","5220.76927","number of customers","cents per kilowatt-hour","million dollars","million kilowatt hours"
"2024-Q3","MN","Minnesota","OTH","other",NA,NA,NA,NA,"number of customers","cents per kilowatt-hour","million dollars","million kilowatt hours"
"2024-Q3","MN","Minnesota","RES","residential","2585203","16.47","981.18972","5957.3767","number of customers","cents per kilowatt-hour","million dollars","million kilowatt hours"
"2024-Q3","MN","Minnesota","TRA","transportation","1","14.55",".48013","3.30071","number of customers","cents per kilowatt-hour","million dollars","million kilowatt hours"
"2024-Q3","MO","Missouri","ALL","all sectors","3351170","12.7","2783.97806","21918.32464","number of customers","cents per kilowatt-hour","million dollars","million kilowatt hours"
"2024-Q3","MO","Missouri","COM","commercial","404372","11.85","970.47224","8192.16276","number of customers","cents per kilowatt-hour","million dollars","million kilowatt hours"
"2024-Q3","MO","Missouri","IND","industrial","9304","8.89","305.15515","3430.68894","number of customers","cents per kilowatt-hour","million dollars","million kilowatt hours"
"2024-Q3","MO","Missouri","OTH","other",NA,NA,NA,NA,"number of customers","cents per kilowatt-hour","million dollars","million kilowatt hours"
"2024-Q3","MO","Missouri","RES","residential","2937492","14.65","1507.53286","10289.34889","number of customers","cents per kilowatt-hour","million dollars","million kilowatt hours"
"2024-Q3","MO","Missouri","TRA","transportation","2","13.35",".81781","6.12406","number of customers","cents per kilowatt-hour","million dollars","million kilowatt hours"
"2024-Q3","MS","Mississippi","ALL","all sectors","1604437","10.91","1569.92417","14390.24886","number of customers","cents per kilowatt-hour","million dollars","million kilowatt hours"
"2024-Q3","MS","Mississippi","COM","commercial","247451","11.96","508.75953","4252.23323","number of customers","cents per kilowatt-hour","million dollars","million kilowatt hours"
"2024-Q3","MS","Mississippi","IND","industrial","12650","6.89","288.71088","4191.96179","number of customers","cents per kilowatt-hour","million dollars","million kilowatt hours"
"2024-Q3","MS","Mississippi","OTH","other",NA,NA,NA,NA,"number of customers","cents per kilowatt-hour","million dollars","million kilowatt hours"
"2024-Q3","MS","Mississippi","RES","residential","1344335","12.99","772.45376","5946.05385","number of customers","cents per kilowatt-hour","million dollars","million kilowatt hours"
"2024-Q3","MS","Mississippi","TRA","transportation","0",NA,"0","0","number of customers","cents per kilowatt-hour","million dollars","million kilowatt hours"
"2024-Q3","MT","Montana","ALL","all sectors","689970","11.06","428.51124","3873.38831","number of customers","cents per kilowatt-hour","million dollars","million kilowatt hours"
"2024-Q3","MT","Montana","COM","commercial","118039","12.21","156.95373","1285.55263","number of customers","cents per kilowatt-hour","million dollars","million kilowatt hours"
"2024-Q3","MT","Montana","IND","industrial","13641","7.51","95.45677","1271.37534","number of customers","cents per kilowatt-hour","million dollars","million kilowatt hours"
"2024-Q3","MT","Montana","OTH","other",NA,NA,NA,NA,"number of customers","cents per kilowatt-hour","million dollars","million kilowatt hours"
"2024-Q3","MT","Montana","RES","residential","558290","13.38","176.10075","1316.46035","number of customers","cents per kilowatt-hour","million dollars","million kilowatt hours"
"2024-Q3","MT","Montana","TRA","transportation","0",NA,"0","0","number of customers","cents per kilowatt-hour","million dollars","million kilowatt hours"
"2024-Q3","MTN","Mountain","ALL","all sectors","12579229","11.88","11200.86868","94288.93854","number of customers","cents per kilowatt-hour","million dollars","million kilowatt hours"
"2024-Q3","MTN","Mountain","COM","commercial","1530527","11.6","3772.48085","32528.86884","number of customers","cents per kilowatt-hour","million dollars","million kilowatt hours"
"2024-Q3","MTN","Mountain","IND","industrial","103264","8.32","1971.9203","23700.53942","number of customers","cents per kilowatt-hour","million dollars","million kilowatt hours"
"2024-Q3","MTN","Mountain","OTH","other",NA,NA,NA,NA,"number of customers","cents per kilowatt-hour","million dollars","million kilowatt hours"
"2024-Q3","MTN","Mountain","RES","residential","10945433","14.34","5452.30633","38021.19459","number of customers","cents per kilowatt-hour","million dollars","million kilowatt hours"
"2024-Q3","MTN","Mountain","TRA","transportation","5","10.85","4.16121","38.33569","number of customers","cents per kilowatt-hour","million dollars","million kilowatt hours"
"2024-Q3","NC","North Carolina","ALL","all sectors","5847063","11.69","4497.52946","38479.70197","number of customers","cents per kilowatt-hour","million dollars","million kilowatt hours"
"2024-Q3","NC","North Carolina","COM","commercial","752566","10.47","1454.55822","13896.5607","number of customers","cents per kilowatt-hour","million dollars","million kilowatt hours"
"2024-Q3","NC","North Carolina","IND","industrial","8959","7.89","531.67476","6741.90184","number of customers","cents per kilowatt-hour","million dollars","million kilowatt hours"
"2024-Q3","NC","North Carolina","OTH","other",NA,NA,NA,NA,"number of customers","cents per kilowatt-hour","million dollars","million kilowatt hours"
"2024-Q3","NC","North Carolina","RES","residential","5085537","14.08","2510.95068","17837.78757","number of customers","cents per kilowatt-hour","million dollars","million kilowatt hours"
"2024-Q3","NC","North Carolina","TRA","transportation","1","10.02",".3458","3.45186","number of customers","cents per kilowatt-hour","million dollars","million kilowatt hours"
"2024-Q3","ND","North Dakota","ALL","all sectors","486339","8.03","589.84754","7347.62303","number of customers","cents per kilowatt-hour","million dollars","million kilowatt hours"
"2024-Q3","ND","North Dakota","COM","commercial","77228","7.16","201.76356","2816.90427","number of customers","cents per kilowatt-hour","million dollars","million kilowatt hours"
"2024-Q3","ND","North Dakota","IND","industrial","10962","7.23","249.67803","3452.9752","number of customers","cents per kilowatt-hour","million dollars","million kilowatt hours"
"2024-Q3","ND","North Dakota","OTH","other",NA,NA,NA,NA,"number of customers","cents per kilowatt-hour","million dollars","million kilowatt hours"
"2024-Q3","ND","North Dakota","RES","residential","398150","12.84","138.40597","1077.74358","number of customers","cents per kilowatt-hour","million dollars","million kilowatt hours"
"2024-Q3","ND","North Dakota","TRA","transportation","0",NA,"0","0","number of customers","cents per kilowatt-hour","million dollars","million kilowatt hours"
"2024-Q3","NE","Nebraska","ALL","all sectors","1136341","9.63","962.39961","9990.4636","number of customers","cents per kilowatt-hour","million dollars","million kilowatt hours"
"2024-Q3","NE","Nebraska","COM","commercial","162092","8.85","311.46597","3520.74304","number of customers","cents per kilowatt-hour","million dollars","million kilowatt hours"
"2024-Q3","NE","Nebraska","IND","industrial","67825","8.14","288.48281","3543.15806","number of customers","cents per kilowatt-hour","million dollars","million kilowatt hours"
"2024-Q3","NE","Nebraska","OTH","other",NA,NA,NA,NA,"number of customers","cents per kilowatt-hour","million dollars","million kilowatt hours"
"2024-Q3","NE","Nebraska","RES","residential","906425","12.38","362.45083","2926.5625","number of customers","cents per kilowatt-hour","million dollars","million kilowatt hours"
"2024-Q3","NE","Nebraska","TRA","transportation","0",NA,"0","0","number of customers","cents per kilowatt-hour","million dollars","million kilowatt hours"
"2024-Q3","NEW","New England","ALL","all sectors","7613587","23.21","7038.43696","30321.68734","number of customers","cents per kilowatt-hour","million dollars","million kilowatt hours"
"2024-Q3","NEW","New England","COM","commercial","938441","20.55","2677.80702","13030.77221","number of customers","cents per kilowatt-hour","million dollars","million kilowatt hours"
"2024-Q3","NEW","New England","IND","industrial","21089","16.37","616.91151","3768.96524","number of customers","cents per kilowatt-hour","million dollars","million kilowatt hours"
"2024-Q3","NEW","New England","OTH","other",NA,NA,NA,NA,"number of customers","cents per kilowatt-hour","million dollars","million kilowatt hours"
"2024-Q3","NEW","New England","RES","residential","6654051","27.82","3726.89538","13394.30507","number of customers","cents per kilowatt-hour","million dollars","million kilowatt hours"
"2024-Q3","NEW","New England","TRA","transportation","6","13.18","16.82305","127.64482","number of customers","cents per kilowatt-hour","million dollars","million kilowatt hours"
"2024-Q3","NH","New Hampshire","ALL","all sectors","769678","20.27","608.85548","3003.33475","number of customers","cents per kilowatt-hour","million dollars","million kilowatt hours"
"2024-Q3","NH","New Hampshire","COM","commercial","112487","19.01","212.42056","1117.31235","number of customers","cents per kilowatt-hour","million dollars","million kilowatt hours"
"2024-Q3","NH","New Hampshire","IND","industrial","3114","15.85","81.86958","516.45164","number of customers","cents per kilowatt-hour","million dollars","million kilowatt hours"
"2024-Q3","NH","New Hampshire","OTH","other",NA,NA,NA,NA,"number of customers","cents per kilowatt-hour","million dollars","million kilowatt hours"
"2024-Q3","NH","New Hampshire","RES","residential","654076","22.97","314.56535","1369.57077","number of customers","cents per kilowatt-hour","million dollars","million kilowatt hours"
"2024-Q3","NH","New Hampshire","TRA","transportation","0",NA,"0","0","number of customers","cents per kilowatt-hour","million dollars","million kilowatt hours"
"2024-Q3","NJ","New Jersey","ALL","all sectors","4291750","17.53","3840.63911","21902.78915","number of customers","cents per kilowatt-hour","million dollars","million kilowatt hours"
"2024-Q3","NJ","New Jersey","COM","commercial","539339","15.62","1611.14868","10312.0966","number of customers","cents per kilowatt-hour","million dollars","million kilowatt hours"
"2024-Q3","NJ","New Jersey","IND","industrial","11234","12.74","207.52227","1629.51412","number of customers","cents per kilowatt-hour","million dollars","million kilowatt hours"
"2024-Q3","NJ","New Jersey","OTH","other",NA,NA,NA,NA,"number of customers","cents per kilowatt-hour","million dollars","million kilowatt hours"
"2024-Q3","NJ","New Jersey","RES","residential","3741170","20.39","2010.28579","9857.50411","number of customers","cents per kilowatt-hour","million dollars","million kilowatt hours"
"2024-Q3","NJ","New Jersey","TRA","transportation","7","11.27","11.68237","103.67433","number of customers","cents per kilowatt-hour","million dollars","million kilowatt hours"
"2024-Q3","NM","New Mexico","ALL","all sectors","1094821","9.81","841.22968","8575.65221","number of customers","cents per kilowatt-hour","million dollars","million kilowatt hours"
"2024-Q3","NM","New Mexico","COM","commercial","148212","11.21","315.38776","2814.54377","number of customers","cents per kilowatt-hour","million dollars","million kilowatt hours"
"2024-Q3","NM","New Mexico","IND","industrial","9360","5.26","181.9997","3459.59344","number of customers","cents per kilowatt-hour","million dollars","million kilowatt hours"
"2024-Q3","NM","New Mexico","OTH","other",NA,NA,NA,NA,"number of customers","cents per kilowatt-hour","million dollars","million kilowatt hours"
"2024-Q3","NM","New Mexico","RES","residential","937249","14.94","343.84223","2301.51501","number of customers","cents per kilowatt-hour","million dollars","million kilowatt hours"
"2024-Q3","NM","New Mexico","TRA","transportation","0",NA,"0","0","number of customers","cents per kilowatt-hour","million dollars","million kilowatt hours"
"2024-Q3","NV","Nevada","ALL","all sectors","1500523","11.54","1527.24272","13232.85428","number of customers","cents per kilowatt-hour","million dollars","million kilowatt hours"
"2024-Q3","NV","Nevada","COM","commercial","179047","9.94","420.97746","4233.62903","number of customers","cents per kilowatt-hour","million dollars","million kilowatt hours"
"2024-Q3","NV","Nevada","IND","industrial","4938","9.84","328.11102","3333.43671","number of customers","cents per kilowatt-hour","million dollars","million kilowatt hours"
"2024-Q3","NV","Nevada","OTH","other",NA,NA,NA,NA,"number of customers","cents per kilowatt-hour","million dollars","million kilowatt hours"
"2024-Q3","NV","Nevada","RES","residential","1316537","13.74","777.92337","5663.50214","number of customers","cents per kilowatt-hour","million dollars","million kilowatt hours"
"2024-Q3","NV","Nevada","TRA","transportation","1","10.1",".23088","2.28638","number of customers","cents per kilowatt-hour","million dollars","million kilowatt hours"
"2024-Q3","NY","New York","ALL","all sectors","8600360","21.02","8616.09417","40981.2587","number of customers","cents per kilowatt-hour","million dollars","million kilowatt hours"
"2024-Q3","NY","New York","COM","commercial","1161948","20.29","4078.75058","20099.15776","number of customers","cents per kilowatt-hour","million dollars","million kilowatt hours"
"2024-Q3","NY","New York","IND","industrial","16449","9.77","404.99347","4145.6272","number of customers","cents per kilowatt-hour","million dollars","million kilowatt hours"
"2024-Q3","NY","New York","OTH","other",NA,NA,NA,NA,"number of customers","cents per kilowatt-hour","million dollars","million kilowatt hours"
"2024-Q3","NY","New York","RES","residential","7421956","25.12","4020.62627","16008.20412","number of customers","cents per kilowatt-hour","million dollars","million kilowatt hours"
"2024-Q3","NY","New York","TRA","transportation","6","15.34","111.72388","728.26963","number of customers","cents per kilowatt-hour","million dollars","million kilowatt hours"
"2024-Q3","OH","Ohio","ALL","all sectors","5790554","11.36","4785.01675","42116.47648","number of customers","cents per kilowatt-hour","million dollars","million kilowatt hours"
"2024-Q3","OH","Ohio","COM","commercial","628062","10.51","1461.63246","13902.53426","number of customers","cents per kilowatt-hour","million dollars","million kilowatt hours"
"2024-Q3","OH","Ohio","IND","industrial","18143","7.18","937.97744","13066.77241","number of customers","cents per kilowatt-hour","million dollars","million kilowatt hours"
"2024-Q3","OH","Ohio","OTH","other",NA,NA,NA,NA,"number of customers","cents per kilowatt-hour","million dollars","million kilowatt hours"
"2024-Q3","OH","Ohio","RES","residential","5144347","15.75","2384.88617","15140.60833","number of customers","cents per kilowatt-hour","million dollars","million kilowatt hours"
"2024-Q3","OH","Ohio","TRA","transportation","2","7.94",".52068","6.56148","number of customers","cents per kilowatt-hour","million dollars","million kilowatt hours"
"2024-Q3","OK","Oklahoma","ALL","all sectors","2202272","10.01","2136.16095","21345.08557","number of customers","cents per kilowatt-hour","million dollars","million kilowatt hours"
"2024-Q3","OK","Oklahoma","COM","commercial","299218","9.63","730.68355","7585.2051","number of customers","cents per kilowatt-hour","million dollars","million kilowatt hours"
"2024-Q3","OK","Oklahoma","IND","industrial","20093","6.32","365.63551","5782.92166","number of customers","cents per kilowatt-hour","million dollars","million kilowatt hours"
"2024-Q3","OK","Oklahoma","OTH","other",NA,NA,NA,NA,"number of customers","cents per kilowatt-hour","million dollars","million kilowatt hours"
"2024-Q3","OK","Oklahoma","RES","residential","1882961","13.04","1039.8419","7976.95882","number of customers","cents per kilowatt-hour","million dollars","million kilowatt hours"
"2024-Q3","OK","Oklahoma","TRA","transportation","0",NA,"0","0","number of customers","cents per kilowatt-hour","million dollars","million kilowatt hours"
"2024-Q3","OR","Oregon","ALL","all sectors","2146667","11.09","1694.18886","15274.12348","number of customers","cents per kilowatt-hour","million dollars","million kilowatt hours"
"2024-Q3","OR","Oregon","COM","commercial","247822","10.13","655.1228","6467.24753","number of customers","cents per kilowatt-hour","million dollars","million kilowatt hours"
"2024-Q3","OR","Oregon","IND","industrial","27007","8.17","339.9822","4159.43228","number of customers","cents per kilowatt-hour","million dollars","million kilowatt hours"
"2024-Q3","OR","Oregon","OTH","other",NA,NA,NA,NA,"number of customers","cents per kilowatt-hour","million dollars","million kilowatt hours"
"2024-Q3","OR","Oregon","RES","residential","1871835","15.05","698.36877","4641.72575","number of customers","cents per kilowatt-hour","million dollars","million kilowatt hours"
"2024-Q3","OR","Oregon","TRA","transportation","2","12.51",".7151","5.71792","number of customers","cents per kilowatt-hour","million dollars","million kilowatt hours"
"2024-Q3","PA","Pennsylvania","ALL","all sectors","6283931","12.55","4897.8069","39040.17767","number of customers","cents per kilowatt-hour","million dollars","million kilowatt hours"
"2024-Q3","PA","Pennsylvania","COM","commercial","742463","10.96","1195.49348","10908.2412","number of customers","cents per kilowatt-hour","million dollars","million kilowatt hours"
"2024-Q3","PA","Pennsylvania","IND","industrial","11649","7.96","1020.56404","12821.4447","number of customers","cents per kilowatt-hour","million dollars","million kilowatt hours"
"2024-Q3","PA","Pennsylvania","OTH","other",NA,NA,NA,NA,"number of customers","cents per kilowatt-hour","million dollars","million kilowatt hours"
"2024-Q3","PA","Pennsylvania","RES","residential","5529814","17.57","2668.2487","15186.9385","number of customers","cents per kilowatt-hour","million dollars","million kilowatt hours"
"2024-Q3","PA","Pennsylvania","TRA","transportation","5","10.93","13.50068","123.55326","number of customers","cents per kilowatt-hour","million dollars","million kilowatt hours"
"2024-Q3","PACC","Pacific Contiguous","ALL","all sectors","22157503","23.19","25767.91266","111109.48628","number of customers","cents per kilowatt-hour","million dollars","million kilowatt hours"
"2024-Q3","PACC","Pacific Contiguous","COM","commercial","2436740","23.25","10986.39475","47256.61251","number of customers","cents per kilowatt-hour","million dollars","million kilowatt hours"
"2024-Q3","PACC","Pacific Contiguous","IND","industrial","202125","17.66","3909.44283","22140.95347","number of customers","cents per kilowatt-hour","million dollars","million kilowatt hours"
"2024-Q3","PACC","Pacific Contiguous","OTH","other",NA,NA,NA,NA,"number of customers","cents per kilowatt-hour","million dollars","million kilowatt hours"
"2024-Q3","PACC","Pacific Contiguous","RES","residential","19518618","26.11","10835.86109","41493.06837","number of customers","cents per kilowatt-hour","million dollars","million kilowatt hours"
"2024-Q3","PACC","Pacific Contiguous","TRA","transportation","20","16.55","36.21399","218.85193","number of customers","cents per kilowatt-hour","million dollars","million kilowatt hours"
"2024-Q3","PACN","Pacific Noncontiguous","ALL","all sectors","864213","31.61","1199.62693","3794.82616","number of customers","cents per kilowatt-hour","million dollars","million kilowatt hours"
"2024-Q3","PACN","Pacific Noncontiguous","COM","commercial","116640","30.1","417.52333","1387.02511","number of customers","cents per kilowatt-hour","million dollars","million kilowatt hours"
"2024-Q3","PACN","Pacific Noncontiguous","IND","industrial","2034","29.28","368.08712","1257.0843","number of customers","cents per kilowatt-hour","million dollars","million kilowatt hours"
"2024-Q3","PACN","Pacific Noncontiguous","OTH","other",NA,NA,NA,NA,"number of customers","cents per kilowatt-hour","million dollars","million kilowatt hours"
"2024-Q3","PACN","Pacific Noncontiguous","RES","residential","745539","35.98","414.0165","1150.71675","number of customers","cents per kilowatt-hour","million dollars","million kilowatt hours"
"2024-Q3","PACN","Pacific Noncontiguous","TRA","transportation","0",NA,"0","0","number of customers","cents per kilowatt-hour","million dollars","million kilowatt hours"
"2024-Q3","RI","Rhode Island","ALL","all sectors","530680","23.66","531.50572","2246.70944","number of customers","cents per kilowatt-hour","million dollars","million kilowatt hours"
"2024-Q3","RI","Rhode Island","COM","commercial","66037","21.15","226.90632","1072.87826","number of customers","cents per kilowatt-hour","million dollars","million kilowatt hours"
"2024-Q3","RI","Rhode Island","IND","industrial","1693","20.44","34.27429","167.68115","number of customers","cents per kilowatt-hour","million dollars","million kilowatt hours"
"2024-Q3","RI","Rhode Island","OTH","other",NA,NA,NA,NA,"number of customers","cents per kilowatt-hour","million dollars","million kilowatt hours"
"2024-Q3","RI","Rhode Island","RES","residential","462949","26.89","269.10202","1000.72333","number of customers","cents per kilowatt-hour","million dollars","million kilowatt hours"
"2024-Q3","RI","Rhode Island","TRA","transportation","1","22.54","1.22308","5.42669","number of customers","cents per kilowatt-hour","million dollars","million kilowatt hours"
"2024-Q3","SAT","South Atlantic","ALL","all sectors","34894355","12","30260.88529","252181.41919","number of customers","cents per kilowatt-hour","million dollars","million kilowatt hours"
"2024-Q3","SAT","South Atlantic","COM","commercial","4048189","10.54","10614.91053","100673.75525","number of customers","cents per kilowatt-hour","million dollars","million kilowatt hours"
"2024-Q3","SAT","South Atlantic","IND","industrial","89530","8.18","2876.06827","35142.00059","number of customers","cents per kilowatt-hour","million dollars","million kilowatt hours"
"2024-Q3","SAT","South Atlantic","OTH","other",NA,NA,NA,NA,"number of customers","cents per kilowatt-hour","million dollars","million kilowatt hours"
"2024-Q3","SAT","South Atlantic","RES","residential","30756622","14.42","16735.09412","116019.72919","number of customers","cents per kilowatt-hour","million dollars","million kilowatt hours"
"2024-Q3","SAT","South Atlantic","TRA","transportation","13","10.06","34.81239","345.93417","number of customers","cents per kilowatt-hour","million dollars","million kilowatt hours"
"2024-Q3","SC","South Carolina","ALL","all sectors","3009918","11.25","2706.81737","24067.51681","number of customers","cents per kilowatt-hour","million dollars","million kilowatt hours"
"2024-Q3","SC","South Carolina","COM","commercial","414891","10.74","811.20495","7552.11236","number of customers","cents per kilowatt-hour","million dollars","million kilowatt hours"
"2024-Q3","SC","South Carolina","IND","industrial","3633","7.24","473.702","6540.43676","number of customers","cents per kilowatt-hour","million dollars","million kilowatt hours"
"2024-Q3","SC","South Carolina","OTH","other",NA,NA,NA,NA,"number of customers","cents per kilowatt-hour","million dollars","million kilowatt hours"
"2024-Q3","SC","South Carolina","RES","residential","2591393","14.25","1421.91044","9974.96769","number of customers","cents per kilowatt-hour","million dollars","million kilowatt hours"
"2024-Q3","SC","South Carolina","TRA","transportation","0",NA,"0","0","number of customers","cents per kilowatt-hour","million dollars","million kilowatt hours"
"2024-Q3","SD","South Dakota","ALL","all sectors","517446","11.23","401.62839","3576.70527","number of customers","cents per kilowatt-hour","million dollars","million kilowatt hours"
"2024-Q3","SD","South Dakota","COM","commercial","78636","10.8","147.55997","1365.86432","number of customers","cents per kilowatt-hour","million dollars","million kilowatt hours"
"2024-Q3","SD","South Dakota","IND","industrial","4427","8.42","77.06188","915.38877","number of customers","cents per kilowatt-hour","million dollars","million kilowatt hours"
"2024-Q3","SD","South Dakota","OTH","other",NA,NA,NA,NA,"number of customers","cents per kilowatt-hour","million dollars","million kilowatt hours"
"2024-Q3","SD","South Dakota","RES","residential","434383","13.66","177.00654","1295.45217","number of customers","cents per kilowatt-hour","million dollars","million kilowatt hours"
"2024-Q3","SD","South Dakota","TRA","transportation","0",NA,"0","0","number of customers","cents per kilowatt-hour","million dollars","million kilowatt hours"
"2024-Q3","TN","Tennessee","ALL","all sectors","3725823","10.98","3286.53038","29934.87965","number of customers","cents per kilowatt-hour","million dollars","million kilowatt hours"
"2024-Q3","TN","Tennessee","COM","commercial","544310","12.07","1270.78782","10531.01395","number of customers","cents per kilowatt-hour","million dollars","million kilowatt hours"
"2024-Q3","TN","Tennessee","IND","industrial","1001","6.31","386.47967","6124.25572","number of customers","cents per kilowatt-hour","million dollars","million kilowatt hours"
"2024-Q3","TN","Tennessee","OTH","other",NA,NA,NA,NA,"number of customers","cents per kilowatt-hour","million dollars","million kilowatt hours"
"2024-Q3","TN","Tennessee","RES","residential","3180512","12.27","1629.26289","13279.60999","number of customers","cents per kilowatt-hour","million dollars","million kilowatt hours"
"2024-Q3","TN","Tennessee","TRA","transportation","0",NA,"0","0","number of customers","cents per kilowatt-hour","million dollars","million kilowatt hours"
"2024-Q3","TX","Texas","ALL","all sectors","14589842","10.25","15208.6887","148314.30671","number of customers","cents per kilowatt-hour","million dollars","million kilowatt hours"
"2024-Q3","TX","Texas","COM","commercial","1560439","8.8","4069.10276","46261.82618","number of customers","cents per kilowatt-hour","million dollars","million kilowatt hours"
"2024-Q3","TX","Texas","IND","industrial","385143","6.27","2946.68356","46968.94151","number of customers","cents per kilowatt-hour","million dollars","million kilowatt hours"
"2024-Q3","TX","Texas","OTH","other",NA,NA,NA,NA,"number of customers","cents per kilowatt-hour","million dollars","million kilowatt hours"
"2024-Q3","TX","Texas","RES","residential","12644257","14.87","8192.78617","55080.55726","number of customers","cents per kilowatt-hour","million dollars","million kilowatt hours"
"2024-Q3","TX","Texas","TRA","transportation","3","3.9",".11621","2.98178","number of customers","cents per kilowatt-hour","million dollars","million kilowatt hours"
"2024-Q3","US","U.S. Total","ALL","all sectors","164097944","13.49","153137.84871","1135142.75301","number of customers","cents per kilowatt-hour","million dollars","million kilowatt hours"
"2024-Q3","US","U.S. Total","COM","commercial","19498917","13.25","53994.61904","407431.55778","number of customers","cents per kilowatt-hour","million dollars","million kilowatt hours"
"2024-Q3","US","U.S. Total","IND","industrial","1139759","8.62","23672.59282","274614.8317","number of customers","cents per kilowatt-hour","million dollars","million kilowatt hours"
"2024-Q3","US","U.S. Total","OTH","other",NA,NA,NA,NA,"number of customers","cents per kilowatt-hour","million dollars","million kilowatt hours"
"2024-Q3","US","U.S. Total","RES","residential","143459187","16.67","75229.88544","451271.72636","number of customers","cents per kilowatt-hour","million dollars","million kilowatt hours"
"2024-Q3","US","U.S. Total","TRA","transportation","81","13.19","240.75143","1824.63716","number of customers","cents per kilowatt-hour","million dollars","million kilowatt hours"
"2024-Q3","UT","Utah","ALL","all sectors","1431780","11.14","1114.02142","9996.33403","number of customers","cents per kilowatt-hour","million dollars","million kilowatt hours"
"2024-Q3","UT","Utah","COM","commercial","146389","10.63","409.1163","3849.5192","number of customers","cents per kilowatt-hour","million dollars","million kilowatt hours"
"2024-Q3","UT","Utah","IND","industrial","10851","8.89","201.6717","2268.2917","number of customers","cents per kilowatt-hour","million dollars","million kilowatt hours"
"2024-Q3","UT","Utah","OTH","other",NA,NA,NA,NA,"number of customers","cents per kilowatt-hour","million dollars","million kilowatt hours"
"2024-Q3","UT","Utah","RES","residential","1274539","12.98","501.63323","3865.21793","number of customers","cents per kilowatt-hour","million dollars","million kilowatt hours"
"2024-Q3","UT","Utah","TRA","transportation","1","12.03","1.60019","13.30523","number of customers","cents per kilowatt-hour","million dollars","million kilowatt hours"
"2024-Q3","VA","Virginia","ALL","all sectors","4111837","10.43","3950.15221","37871.19551","number of customers","cents per kilowatt-hour","million dollars","million kilowatt hours"
"2024-Q3","VA","Virginia","COM","commercial","446455","8.41","1833.52154","21794.64313","number of customers","cents per kilowatt-hour","million dollars","million kilowatt hours"
"2024-Q3","VA","Virginia","IND","industrial","3829","8.83","313.77709","3553.18047","number of customers","cents per kilowatt-hour","million dollars","million kilowatt hours"
"2024-Q3","VA","Virginia","OTH","other",NA,NA,NA,NA,"number of customers","cents per kilowatt-hour","million dollars","million kilowatt hours"
"2024-Q3","VA","Virginia","RES","residential","3661553","14.44","1793.91064","12420.86201","number of customers","cents per kilowatt-hour","million dollars","million kilowatt hours"
"2024-Q3","VA","Virginia","TRA","transportation","1","8.72","8.94295","102.5099","number of customers","cents per kilowatt-hour","million dollars","million kilowatt hours"
"2024-Q3","VT","Vermont","ALL","all sectors","389741","18.16","259.01462","1426.14402","number of customers","cents per kilowatt-hour","million dollars","million kilowatt hours"
"2024-Q3","VT","Vermont","COM","commercial","64785","18.59","98.34867","528.98755","number of customers","cents per kilowatt-hour","million dollars","million kilowatt hours"
"2024-Q3","VT","Vermont","IND","industrial","239","11.51","37.37315","324.65367","number of customers","cents per kilowatt-hour","million dollars","million kilowatt hours"
"2024-Q3","VT","Vermont","OTH","other",NA,NA,NA,NA,"number of customers","cents per kilowatt-hour","million dollars","million kilowatt hours"
"2024-Q3","VT","Vermont","RES","residential","324717","21.54","123.29281","572.5028","number of customers","cents per kilowatt-hour","million dollars","million kilowatt hours"
"2024-Q3","VT","Vermont","TRA","transportation","0",NA,"0","0","number of customers","cents per kilowatt-hour","million dollars","million kilowatt hours"
"2024-Q3","WA","Washington","ALL","all sectors","3802365","9.99","2169.80612","21711.55627","number of customers","cents per kilowatt-hour","million dollars","million kilowatt hours"
"2024-Q3","WA","Washington","COM","commercial","405365","9.75","835.93731","8573.74712","number of customers","cents per kilowatt-hour","million dollars","million kilowatt hours"
"2024-Q3","WA","Washington","IND","industrial","27003","6.7","325.7268","4863.55678","number of customers","cents per kilowatt-hour","million dollars","million kilowatt hours"
"2024-Q3","WA","Washington","OTH","other",NA,NA,NA,NA,"number of customers","cents per kilowatt-hour","million dollars","million kilowatt hours"
"2024-Q3","WA","Washington","RES","residential","3369991","12.19","1005.41443","8251.10064","number of customers","cents per kilowatt-hour","million dollars","million kilowatt hours"
"2024-Q3","WA","Washington","TRA","transportation","5","11.78","2.72758","23.15174","number of customers","cents per kilowatt-hour","million dollars","million kilowatt hours"
"2024-Q3","WI","Wisconsin","ALL","all sectors","3221834","13.37","2495.43134","18657.73805","number of customers","cents per kilowatt-hour","million dollars","million kilowatt hours"
"2024-Q3","WI","Wisconsin","COM","commercial","369530","13.15","835.65024","6353.75776","number of customers","cents per kilowatt-hour","million dollars","million kilowatt hours"
"2024-Q3","WI","Wisconsin","IND","industrial","5850","9.35","571.92554","6114.1922","number of customers","cents per kilowatt-hour","million dollars","million kilowatt hours"
"2024-Q3","WI","Wisconsin","OTH","other",NA,NA,NA,NA,"number of customers","cents per kilowatt-hour","million dollars","million kilowatt hours"
"2024-Q3","WI","Wisconsin","RES","residential","2846452","17.57","1087.79972","6189.48078","number of customers","cents per kilowatt-hour","million dollars","million kilowatt hours"
"2024-Q3","WI","Wisconsin","TRA","transportation","2","18.17",".05585",".30731","number of customers","cents per kilowatt-hour","million dollars","million kilowatt hours"
"2024-Q3","WNC","West North Central","ALL","all sectors","11698060","11.51","9971.20578","86595.02203","number of customers","cents per kilowatt-hour","million dollars","million kilowatt hours"
"2024-Q3","WNC","West North Central","COM","commercial","1528847","11.19","3344.18743","29884.07289","number of customers","cents per kilowatt-hour","million dollars","million kilowatt hours"
"2024-Q3","WNC","West North Central","IND","industrial","136284","8.34","2229.9605","26754.15858","number of customers","cents per kilowatt-hour","million dollars","million kilowatt hours"
"2024-Q3","WNC","West North Central","OTH","other",NA,NA,NA,NA,"number of customers","cents per kilowatt-hour","million dollars","million kilowatt hours"
"2024-Q3","WNC","West North Central","RES","residential","10032926","14.68","4395.75991","29947.36579","number of customers","cents per kilowatt-hour","million dollars","million kilowatt hours"
"2024-Q3","WNC","West North Central","TRA","transportation","3","13.77","1.29794","9.42477","number of customers","cents per kilowatt-hour","million dollars","million kilowatt hours"
"2024-Q3","WSC","West South Central","ALL","all sectors","20995835","10.04","21319.62","212245.94174","number of customers","cents per kilowatt-hour","million dollars","million kilowatt hours"
"2024-Q3","WSC","West South Central","COM","commercial","2369538","9.12","5866.83943","64355.76322","number of customers","cents per kilowatt-hour","million dollars","million kilowatt hours"
"2024-Q3","WSC","West South Central","IND","industrial","465643","6.23","4289.4811","68824.79481","number of customers","cents per kilowatt-hour","million dollars","million kilowatt hours"
"2024-Q3","WSC","West South Central","OTH","other",NA,NA,NA,NA,"number of customers","cents per kilowatt-hour","million dollars","million kilowatt hours"
"2024-Q3","WSC","West South Central","RES","residential","18160649","14.12","11162.8532","79059.5019","number of customers","cents per kilowatt-hour","million dollars","million kilowatt hours"
"2024-Q3","WSC","West South Central","TRA","transportation","6","7.59",".44627","5.88179","number of customers","cents per kilowatt-hour","million dollars","million kilowatt hours"
"2024-Q3","WV","West Virginia","ALL","all sectors","1028672","11.19","942.60226","8426.30786","number of customers","cents per kilowatt-hour","million dollars","million kilowatt hours"
"2024-Q3","WV","West Virginia","COM","commercial","152049","11.58","239.16392","2065.90581","number of customers","cents per kilowatt-hour","million dollars","million kilowatt hours"
"2024-Q3","WV","West Virginia","IND","industrial","10982","7.86","288.12546","3664.78254","number of customers","cents per kilowatt-hour","million dollars","million kilowatt hours"
"2024-Q3","WV","West Virginia","OTH","other",NA,NA,NA,NA,"number of customers","cents per kilowatt-hour","million dollars","million kilowatt hours"
"2024-Q3","WV","West Virginia","RES","residential","865641","15.41","415.31289","2695.61952","number of customers","cents per kilowatt-hour","million dollars","million kilowatt hours"
"2024-Q3","WV","West Virginia","TRA","transportation","0",NA,"0","0","number of customers","cents per kilowatt-hour","million dollars","million kilowatt hours"
"2024-Q3","WY","Wyoming","ALL","all sectors","357885","9.61","410.13297","4268.95551","number of customers","cents per kilowatt-hour","million dollars","million kilowatt hours"
"2024-Q3","WY","Wyoming","COM","commercial","59084","9.6","125.26874","1305.48645","number of customers","cents per kilowatt-hour","million dollars","million kilowatt hours"
"2024-Q3","WY","Wyoming","IND","industrial","12102","8.43","193.73697","2297.64654","number of customers","cents per kilowatt-hour","million dollars","million kilowatt hours"
"2024-Q3","WY","Wyoming","OTH","other",NA,NA,NA,NA,"number of customers","cents per kilowatt-hour","million dollars","million kilowatt hours"
"2024-Q3","WY","Wyoming","RES","residential","286699","13.69","91.12727","665.82253","number of customers","cents per kilowatt-hour","million dollars","million kilowatt hours"
"2024-Q3","WY","Wyoming","TRA","transportation","0",NA,"0","0","number of customers","cents per kilowatt-hour","million dollars","million kilowatt hours"
"2024-Q2","AK","Alaska","ALL","all sectors","356042","22.33","315.31388","1412.30315","number of customers","cents per kilowatt-hour","million dollars","million kilowatt hours"
"2024-Q2","AK","Alaska","COM","commercial","56950","21.55","134.06291","621.99854","number of customers","cents per kilowatt-hour","million dollars","million kilowatt hours"
"2024-Q2","AK","Alaska","IND","industrial","1196","19.89","67.43957","339.01812","number of customers","cents per kilowatt-hour","million dollars","million kilowatt hours"
"2024-Q2","AK","Alaska","OTH","other",NA,NA,NA,NA,"number of customers","cents per kilowatt-hour","million dollars","million kilowatt hours"
"2024-Q2","AK","Alaska","RES","residential","297896","25.22","113.81141","451.28648","number of customers","cents per kilowatt-hour","million dollars","million kilowatt hours"
"2024-Q2","AK","Alaska","TRA","transportation","0",NA,"0","0","number of customers","cents per kilowatt-hour","million dollars","million kilowatt hours"
"2024-Q2","AL","Alabama","ALL","all sectors","2789522","11.84","2531.83603","21391.26846","number of customers","cents per kilowatt-hour","million dollars","million kilowatt hours"
"2024-Q2","AL","Alabama","COM","commercial","389570","13.53","777.33513","5746.6987","number of customers","cents per kilowatt-hour","million dollars","million kilowatt hours"
"2024-Q2","AL","Alabama","IND","industrial","7271","7.38","590.2076","7998.53039","number of customers","cents per kilowatt-hour","million dollars","million kilowatt hours"
"2024-Q2","AL","Alabama","OTH","other",NA,NA,NA,NA,"number of customers","cents per kilowatt-hour","million dollars","million kilowatt hours"
"2024-Q2","AL","Alabama","RES","residential","2392680","15.23","1164.29328","7646.03939","number of customers","cents per kilowatt-hour","million dollars","million kilowatt hours"
"2024-Q2","AL","Alabama","TRA","transportation","0",NA,"0","0","number of customers","cents per kilowatt-hour","million dollars","million kilowatt hours"
"2024-Q2","AR","Arkansas","ALL","all sectors","1713773","9.3","1085.29858","11671.9107","number of customers","cents per kilowatt-hour","million dollars","million kilowatt hours"
"2024-Q2","AR","Arkansas","COM","commercial","206535","10.13","291.32898","2876.76442","number of customers","cents per kilowatt-hour","million dollars","million kilowatt hours"
"2024-Q2","AR","Arkansas","IND","industrial","34040","6.18","296.63278","4798.69605","number of customers","cents per kilowatt-hour","million dollars","million kilowatt hours"
"2024-Q2","AR","Arkansas","OTH","other",NA,NA,NA,NA,"number of customers","cents per kilowatt-hour","million dollars","million kilowatt hours"
"2024-Q2","AR","Arkansas","RES","residential","1473195","12.44","497.32863","3996.38916","number of customers","cents per kilowatt-hour","million dollars","million kilowatt hours"
"2024-Q2","AR","Arkansas","TRA","transportation","2","13.41",".00819",".06109","number of customers","cents per kilowatt-hour","million dollars","million kilowatt hours"
"2024-Q2","AZ","Arizona","ALL","all sectors","3476035","12.97","2949.29131","22734.52199","number of customers","cents per kilowatt-hour","million dollars","million kilowatt hours"
"2024-Q2","AZ","Arizona","COM","commercial","347860","12.58","1134.42231","9020.43","number of customers","cents per kilowatt-hour","million dollars","million kilowatt hours"
"2024-Q2","AZ","Arizona","IND","industrial","7604","7.67","277.96779","3624.13439","number of customers","cents per kilowatt-hour","million dollars","million kilowatt hours"
"2024-Q2","AZ","Arizona","OTH","other",NA,NA,NA,NA,"number of customers","cents per kilowatt-hour","million dollars","million kilowatt hours"
"2024-Q2","AZ","Arizona","RES","residential","3120568","15.23","1536.60698","10087.40458","number of customers","cents per kilowatt-hour","million dollars","million kilowatt hours"
"2024-Q2","AZ","Arizona","TRA","transportation","2","11.52",".29423","2.55301","number of customers","cents per kilowatt-hour","million dollars","million kilowatt hours"
"2024-Q2","CA","California","ALL","all sectors","16080840","26.62","14844.25342","55760.6878","number of customers","cents per kilowatt-hour","million dollars","million kilowatt hours"
"2024-Q2","CA","California","COM","commercial","1771816","24.31","6669.18786","27438.06618","number of customers","cents per kilowatt-hour","million dollars","million kilowatt hours"
"2024-Q2","CA","California","IND","industrial","145216","20.85","2266.35342","10867.59893","number of customers","cents per kilowatt-hour","million dollars","million kilowatt hours"
"2024-Q2","CA","California","OTH","other",NA,NA,NA,NA,"number of customers","cents per kilowatt-hour","million dollars","million kilowatt hours"
"2024-Q2","CA","California","RES","residential","14163795","34.03","5880.10261","17280.18021","number of customers","cents per kilowatt-hour","million dollars","million kilowatt hours"
"2024-Q2","CA","California","TRA","transportation","12","16.36","28.60953","174.84248","number of customers","cents per kilowatt-hour","million dollars","million kilowatt hours"
"2024-Q2","CO","Colorado","ALL","all sectors","2972040","12.06","1623.38625","13455.76406","number of customers","cents per kilowatt-hour","million dollars","million kilowatt hours"
"2024-Q2","CO","Colorado","COM","commercial","405569","11.92","597.04279","5007.27305","number of customers","cents per kilowatt-hour","million dollars","million kilowatt hours"
"2024-Q2","CO","Colorado","IND","industrial","14708","8.84","322.61447","3649.50135","number of customers","cents per kilowatt-hour","million dollars","million kilowatt hours"
"2024-Q2","CO","Colorado","OTH","other",NA,NA,NA,NA,"number of customers","cents per kilowatt-hour","million dollars","million kilowatt hours"
"2024-Q2","CO","Colorado","RES","residential","2551762","14.69","701.55981","4775.33543","number of customers","cents per kilowatt-hour","million dollars","million kilowatt hours"
"2024-Q2","CO","Colorado","TRA","transportation","1","9.17","2.16919","23.65423","number of customers","cents per kilowatt-hour","million dollars","million kilowatt hours"
"2024-Q2","CT","Connecticut","ALL","all sectors","1711867","22.67","1462.13796","6450.30442","number of customers","cents per kilowatt-hour","million dollars","million kilowatt hours"
"2024-Q2","CT","Connecticut","COM","commercial","156862","19.63","556.38794","2834.40483","number of customers","cents per kilowatt-hour","million dollars","million kilowatt hours"
"2024-Q2","CT","Connecticut","IND","industrial","3884","15.54","99.73437","641.93541","number of customers","cents per kilowatt-hour","million dollars","million kilowatt hours"
"2024-Q2","CT","Connecticut","OTH","other",NA,NA,NA,NA,"number of customers","cents per kilowatt-hour","million dollars","million kilowatt hours"
"2024-Q2","CT","Connecticut","RES","residential","1551118","27.29","798.3758","2925.47683","number of customers","cents per kilowatt-hour","million dollars","million kilowatt hours"
"2024-Q2","CT","Connecticut","TRA","transportation","3","15.76","7.63986","48.48734","number of customers","cents per kilowatt-hour","million dollars","million kilowatt hours"
"2024-Q2","DC","District of Columbia","ALL","all sectors","345359","16.74","398.05203","2377.20135","number of customers","cents per kilowatt-hour","million dollars","million kilowatt hours"
"2024-Q2","DC","District of Columbia","COM","commercial","27493","17","291.13085","1712.63224","number of customers","cents per kilowatt-hour","million dollars","million kilowatt hours"
"2024-Q2","DC","District of Columbia","IND","industrial","1","9.95","4.56036","45.84576","number of customers","cents per kilowatt-hour","million dollars","million kilowatt hours"
"2024-Q2","DC","District of Columbia","OTH","other",NA,NA,NA,NA,"number of customers","cents per kilowatt-hour","million dollars","million kilowatt hours"
"2024-Q2","DC","District of Columbia","RES","residential","317862","17.6","94.77753","538.48971","number of customers","cents per kilowatt-hour","million dollars","million kilowatt hours"
"2024-Q2","DC","District of Columbia","TRA","transportation","3","9.45","7.58329","80.23364","number of customers","cents per kilowatt-hour","million dollars","million kilowatt hours"
"2024-Q2","DE","Delaware","ALL","all sectors","534573","13.46","354.87224","2637.39369","number of customers","cents per kilowatt-hour","million dollars","million kilowatt hours"
"2024-Q2","DE","Delaware","COM","commercial","60667","11.96","125.87524","1052.69682","number of customers","cents per kilowatt-hour","million dollars","million kilowatt hours"
"2024-Q2","DE","Delaware","IND","industrial","1156","8.24","38.92521","472.10892","number of customers","cents per kilowatt-hour","million dollars","million kilowatt hours"
"2024-Q2","DE","Delaware","OTH","other",NA,NA,NA,NA,"number of customers","cents per kilowatt-hour","million dollars","million kilowatt hours"
"2024-Q2","DE","Delaware","RES","residential","472750","17.08","190.07179","1112.58794","number of customers","cents per kilowatt-hour","million dollars","million kilowatt hours"
"2024-Q2","DE","Delaware","TRA","transportation","0",NA,"0","0","number of customers","cents per kilowatt-hour","million dollars","million kilowatt hours"
"2024-Q2","ENC","East North Central","ALL","all sectors","23592028","12.27","16408.44949","133781.73213","number of customers","cents per kilowatt-hour","million dollars","million kilowatt hours"
"2024-Q2","ENC","East North Central","COM","commercial","2575550","12.23","5367.81162","43882.42336","number of customers","cents per kilowatt-hour","million dollars","million kilowatt hours"
"2024-Q2","ENC","East North Central","IND","industrial","54652","8.04","3743.39254","46532.67373","number of customers","cents per kilowatt-hour","million dollars","million kilowatt hours"
"2024-Q2","ENC","East North Central","OTH","other",NA,NA,NA,NA,"number of customers","cents per kilowatt-hour","million dollars","million kilowatt hours"
"2024-Q2","ENC","East North Central","RES","residential","20961815","16.86","7286.81123","43230.87475","number of customers","cents per kilowatt-hour","million dollars","million kilowatt hours"
"2024-Q2","ENC","East North Central","TRA","transportation","10","7.69","10.43411","135.7603","number of customers","cents per kilowatt-hour","million dollars","million kilowatt hours"
"2024-Q2","ESC","East South Central","ALL","all sectors","10501465","10.86","8116.84188","74717.90035","number of customers","cents per kilowatt-hour","million dollars","million kilowatt hours"
"2024-Q2","ESC","East South Central","COM","commercial","1505319","12.26","2819.96945","23004.76745","number of customers","cents per kilowatt-hour","million dollars","million kilowatt hours"
"2024-Q2","ESC","East South Central","IND","industrial","25827","6.64","1637.98759","24668.45747","number of customers","cents per kilowatt-hour","million dollars","million kilowatt hours"
"2024-Q2","ESC","East South Central","OTH","other",NA,NA,NA,NA,"number of customers","cents per kilowatt-hour","million dollars","million kilowatt hours"
"2024-Q2","ESC","East South Central","RES","residential","8970318","13.53","3658.88483","27044.67543","number of customers","cents per kilowatt-hour","million dollars","million kilowatt hours"
"2024-Q2","ESC","East South Central","TRA","transportation","0",NA,"0","0","number of customers","cents per kilowatt-hour","million dollars","million kilowatt hours"
"2024-Q2","FL","Florida","ALL","all sectors","11748039","12.35","8091.09445","65520.05323","number of customers","cents per kilowatt-hour","million dollars","million kilowatt hours"
"2024-Q2","FL","Florida","COM","commercial","1307216","10.8","2778.80183","25726.0082","number of customers","cents per kilowatt-hour","million dollars","million kilowatt hours"
"2024-Q2","FL","Florida","IND","industrial","26888","8.41","372.52653","4430.41679","number of customers","cents per kilowatt-hour","million dollars","million kilowatt hours"
"2024-Q2","FL","Florida","OTH","other",NA,NA,NA,NA,"number of customers","cents per kilowatt-hour","million dollars","million kilowatt hours"
"2024-Q2","FL","Florida","RES","residential","10413933","13.97","4937.77847","35344.78237","number of customers","cents per kilowatt-hour","million dollars","million kilowatt hours"
"2024-Q2","FL","Florida","TRA","transportation","2","10.55","1.98762","18.8459","number of customers","cents per kilowatt-hour","million dollars","million kilowatt hours"
"2024-Q2","GA","Georgia","ALL","all sectors","5443999","11.58","4267.48278","36849.48172","number of customers","cents per kilowatt-hour","million dollars","million kilowatt hours"
"2024-Q2","GA","Georgia","COM","commercial","618448","10.76","1489.65188","13844.69843","number of customers","cents per kilowatt-hour","million dollars","million kilowatt hours"
"2024-Q2","GA","Georgia","IND","industrial","24645","7.04","580.25362","8246.03415","number of customers","cents per kilowatt-hour","million dollars","million kilowatt hours"
"2024-Q2","GA","Georgia","OTH","other",NA,NA,NA,NA,"number of customers","cents per kilowatt-hour","million dollars","million kilowatt hours"
"2024-Q2","GA","Georgia","RES","residential","4800905","14.91","2195.19011","14722.20825","number of customers","cents per kilowatt-hour","million dollars","million kilowatt hours"
"2024-Q2","GA","Georgia","TRA","transportation","1","6.53","2.38716","36.54091","number of customers","cents per kilowatt-hour","million dollars","million kilowatt hours"
"2024-Q2","HI","Hawaii","ALL","all sectors","506631","38.96","839.99826","2156.10358","number of customers","cents per kilowatt-hour","million dollars","million kilowatt hours"
"2024-Q2","HI","Hawaii","COM","commercial","59669","39.03","268.34017","687.52742","number of customers","cents per kilowatt-hour","million dollars","million kilowatt hours"
"2024-Q2","HI","Hawaii","IND","industrial","816","35.14","296.32468","843.36804","number of customers","cents per kilowatt-hour","million dollars","million kilowatt hours"
"2024-Q2","HI","Hawaii","OTH","other",NA,NA,NA,NA,"number of customers","cents per kilowatt-hour","million dollars","million kilowatt hours"
"2024-Q2","HI","Hawaii","RES","residential","446146","44.04","275.33343","625.20813","number of customers","cents per kilowatt-hour","million dollars","million kilowatt hours"
"2024-Q2","HI","Hawaii","TRA","transportation","0",NA,"0","0","number of customers","cents per kilowatt-hour","million dollars","million kilowatt hours"
"2024-Q2","IA","Iowa","ALL","all sectors","1707817","9.37","1241.54386","13249.92928","number of customers","cents per kilowatt-hour","million dollars","million kilowatt hours"
"2024-Q2","IA","Iowa","COM","commercial","251487","10.21","315.3017","3088.76962","number of customers","cents per kilowatt-hour","million dollars","million kilowatt hours"
"2024-Q2","IA","Iowa","IND","industrial","9686","6.8","469.68758","6907.56964","number of customers","cents per kilowatt-hour","million dollars","million kilowatt hours"
"2024-Q2","IA","Iowa","OTH","other",NA,NA,NA,NA,"number of customers","cents per kilowatt-hour","million dollars","million kilowatt hours"
"2024-Q2","IA","Iowa","RES","residential","1446644","14.03","456.55457","3253.59002","number of customers","cents per kilowatt-hour","million dollars","million kilowatt hours"
"2024-Q2","IA","Iowa","TRA","transportation","0",NA,"0","0","number of customers","cents per kilowatt-hour","million dollars","million kilowatt hours"
"2024-Q2","ID","Idaho","ALL","all sectors","1018556","9.59","611.18465","6374.4692","number of customers","cents per kilowatt-hour","million dollars","million kilowatt hours"
"2024-Q2","ID","Idaho","COM","commercial","123828","9.35","153.19552","1638.99338","number of customers","cents per kilowatt-hour","million dollars","million kilowatt hours"
"2024-Q2","ID","Idaho","IND","industrial","29811","8.14","219.37354","2696.05488","number of customers","cents per kilowatt-hour","million dollars","million kilowatt hours"
"2024-Q2","ID","Idaho","OTH","other",NA,NA,NA,NA,"number of customers","cents per kilowatt-hour","million dollars","million kilowatt hours"
"2024-Q2","ID","Idaho","RES","residential","864917","11.7","238.61559","2039.42093","number of customers","cents per kilowatt-hour","million dollars","million kilowatt hours"
"2024-Q2","ID","Idaho","TRA","transportation","0",NA,"0","0","number of customers","cents per kilowatt-hour","million dollars","million kilowatt hours"
"2024-Q2","IL","Illinois","ALL","all sectors","6063748","12.45","4003.2125","32147.20367","number of customers","cents per kilowatt-hour","million dollars","million kilowatt hours"
"2024-Q2","IL","Illinois","COM","commercial","640505","12.18","1282.10021","10527.69864","number of customers","cents per kilowatt-hour","million dollars","million kilowatt hours"
"2024-Q2","IL","Illinois","IND","industrial","5634","8.7","907.2023","10425.87524","number of customers","cents per kilowatt-hour","million dollars","million kilowatt hours"
"2024-Q2","IL","Illinois","OTH","other",NA,NA,NA,NA,"number of customers","cents per kilowatt-hour","million dollars","million kilowatt hours"
"2024-Q2","IL","Illinois","RES","residential","5417606","16.3","1804.73706","11071.08592","number of customers","cents per kilowatt-hour","million dollars","million kilowatt hours"
"2024-Q2","IL","Illinois","TRA","transportation","3","7.49","9.17294","122.54388","number of customers","cents per kilowatt-hour","million dollars","million kilowatt hours"
"2024-Q2","IN","Indiana","ALL","all sectors","3446023","11.3","2702.90369","23917.8859","number of customers","cents per kilowatt-hour","million dollars","million kilowatt hours"
"2024-Q2","IN","Indiana","COM","commercial","374515","12.09","706.85475","5844.26558","number of customers","cents per kilowatt-hour","million dollars","million kilowatt hours"
"2024-Q2","IN","Indiana","IND","industrial","19159","8.2","869.648","10610.69058","number of customers","cents per kilowatt-hour","million dollars","million kilowatt hours"
"2024-Q2","IN","Indiana","OTH","other",NA,NA,NA,NA,"number of customers","cents per kilowatt-hour","million dollars","million kilowatt hours"
"2024-Q2","IN","Indiana","RES","residential","3052347","15.09","1125.88538","7458.70966","number of customers","cents per kilowatt-hour","million dollars","million kilowatt hours"
"2024-Q2","IN","Indiana","TRA","transportation","1","12.22",".51558","4.22008","number of customers","cents per kilowatt-hour","million dollars","million kilowatt hours"
"2024-Q2","KS","Kansas","ALL","all sectors","1584382","11.06","1129.78196","10210.99451","number of customers","cents per kilowatt-hour","million dollars","million kilowatt hours"
"2024-Q2","KS","Kansas","COM","commercial","244814","10.99","433.87717","3949.13813","number of customers","cents per kilowatt-hour","million dollars","million kilowatt hours"
"2024-Q2","KS","Kansas","IND","industrial","24219","7.73","226.80167","2935.93958","number of customers","cents per kilowatt-hour","million dollars","million kilowatt hours"
"2024-Q2","KS","Kansas","OTH","other",NA,NA,NA,NA,"number of customers","cents per kilowatt-hour","million dollars","million kilowatt hours"
"2024-Q2","KS","Kansas","RES","residential","1315348","14.1","469.10314","3325.91681","number of customers","cents per kilowatt-hour","million dollars","million kilowatt hours"
"2024-Q2","KS","Kansas","TRA","transportation","0",NA,"0","0","number of customers","cents per kilowatt-hour","million dollars","million kilowatt hours"
"2024-Q2","KY","Kentucky","ALL","all sectors","2406965","9.9","1767.0702","17845.2144","number of customers","cents per kilowatt-hour","million dollars","million kilowatt hours"
"2024-Q2","KY","Kentucky","COM","commercial","327107","11.5","574.48852","4995.24753","number of customers","cents per kilowatt-hour","million dollars","million kilowatt hours"
"2024-Q2","KY","Kentucky","IND","industrial","4802","6.29","443.7767","7056.4932","number of customers","cents per kilowatt-hour","million dollars","million kilowatt hours"
"2024-Q2","KY","Kentucky","OTH","other",NA,NA,NA,NA,"number of customers","cents per kilowatt-hour","million dollars","million kilowatt hours"
"2024-Q2","KY","Kentucky","RES","residential","2075056","12.92","748.80498","5793.47367","number of customers","cents per kilowatt-hour","million dollars","million kilowatt hours"
"2024-Q2","KY","Kentucky","TRA","transportation","0",NA,"0","0","number of customers","cents per kilowatt-hour","million dollars","million kilowatt hours"
"2024-Q2","LA","Louisiana","ALL","all sectors","2464847","8.66","2020.18919","23336.08193","number of customers","cents per kilowatt-hour","million dollars","million kilowatt hours"
"2024-Q2","LA","Louisiana","COM","commercial","301154","10.25","599.37585","5847.9653","number of customers","cents per kilowatt-hour","million dollars","million kilowatt hours"
"2024-Q2","LA","Louisiana","IND","industrial","18372","5.61","576.82387","10288.88181","number of customers","cents per kilowatt-hour","million dollars","million kilowatt hours"
"2024-Q2","LA","Louisiana","OTH","other",NA,NA,NA,NA,"number of customers","cents per kilowatt-hour","million dollars","million kilowatt hours"
"2024-Q2","LA","Louisiana","RES","residential","2145321","11.72","843.70654","7196.86206","number of customers","cents per kilowatt-hour","million dollars","million kilowatt hours"
"2024-Q2","LA","Louisiana","TRA","transportation","1","11.92",".28295","2.37277","number of customers","cents per kilowatt-hour","million dollars","million kilowatt hours"
"2024-Q2","MA","Massachusetts","ALL","all sectors","3326907","23.22","2715.49938","11693.94141","number of customers","cents per kilowatt-hour","million dollars","million kilowatt hours"
"2024-Q2","MA","Massachusetts","COM","commercial","442092","20.39","1166.65994","5720.9551","number of customers","cents per kilowatt-hour","million dollars","million kilowatt hours"
"2024-Q2","MA","Massachusetts","IND","industrial","10161","17.25","237.66357","1377.73207","number of customers","cents per kilowatt-hour","million dollars","million kilowatt hours"
"2024-Q2","MA","Massachusetts","OTH","other",NA,NA,NA,NA,"number of customers","cents per kilowatt-hour","million dollars","million kilowatt hours"
"2024-Q2","MA","Massachusetts","RES","residential","2874652","28.83","1304.87897","4525.68389","number of customers","cents per kilowatt-hour","million dollars","million kilowatt hours"
"2024-Q2","MA","Massachusetts","TRA","transportation","2","9.05","6.29692","69.57034","number of customers","cents per kilowatt-hour","million dollars","million kilowatt hours"
"2024-Q2","MAT","Middle Atlantic","ALL","all sectors","19171010","15.74","13186.74815","83802.67131","number of customers","cents per kilowatt-hour","million dollars","million kilowatt hours"
"2024-Q2","MAT","Middle Atlantic","COM","commercial","2441522","15.49","5348.65155","34538.6716","number of customers","cents per kilowatt-hour","million dollars","million kilowatt hours"
"2024-Q2","MAT","Middle Atlantic","IND","industrial","41542","8.26","1480.84926","17922.73693","number of customers","cents per kilowatt-hour","million dollars","million kilowatt hours"
"2024-Q2","MAT","Middle Atlantic","OTH","other",NA,NA,NA,NA,"number of customers","cents per kilowatt-hour","million dollars","million kilowatt hours"
"2024-Q2","MAT","Middle Atlantic","RES","residential","16687928","20.48","6238.16121","30455.31429","number of customers","cents per kilowatt-hour","million dollars","million kilowatt hours"
"2024-Q2","MAT","Middle Atlantic","TRA","transportation","18","13.44","119.08614","885.9485","number of customers","cents per kilowatt-hour","million dollars","million kilowatt hours"
"2024-Q2","MD","Maryland","ALL","all sectors","2719632","14.61","2024.29651","13859.38441","number of customers","cents per kilowatt-hour","million dollars","million kilowatt hours"
"2024-Q2","MD","Maryland","COM","commercial","261545","12.66","863.68896","6823.65826","number of customers","cents per kilowatt-hour","million dollars","million kilowatt hours"
"2024-Q2","MD","Maryland","IND","industrial","9279","9.54","84.36109","884.47848","number of customers","cents per kilowatt-hour","million dollars","million kilowatt hours"
"2024-Q2","MD","Maryland","OTH","other",NA,NA,NA,NA,"number of customers","cents per kilowatt-hour","million dollars","million kilowatt hours"
"2024-Q2","MD","Maryland","RES","residential","2448803","17.6","1064.19828","6046.84001","number of customers","cents per kilowatt-hour","million dollars","million kilowatt hours"
"2024-Q2","MD","Maryland","TRA","transportation","5","11.54","12.04819","104.40766","number of customers","cents per kilowatt-hour","million dollars","million kilowatt hours"
"2024-Q2","ME","Maine","ALL","all sectors","857547","18.16","495.56871","2728.89319","number of customers","cents per kilowatt-hour","million dollars","million kilowatt hours"
"2024-Q2","ME","Maine","COM","commercial","111131","17.87","173.14866","968.73676","number of customers","cents per kilowatt-hour","million dollars","million kilowatt hours"
"2024-Q2","ME","Maine","IND","industrial","1974","11.69","67.98441","581.39596","number of customers","cents per kilowatt-hour","million dollars","million kilowatt hours"
"2024-Q2","ME","Maine","OTH","other",NA,NA,NA,NA,"number of customers","cents per kilowatt-hour","million dollars","million kilowatt hours"
"2024-Q2","ME","Maine","RES","residential","744442","21.59","254.43564","1178.76047","number of customers","cents per kilowatt-hour","million dollars","million kilowatt hours"
"2024-Q2","ME","Maine","TRA","transportation","0",NA,"0","0","number of customers","cents per kilowatt-hour","million dollars","million kilowatt hours"
"2024-Q2","MI","Michigan","ALL","all sectors","5081962","14.4","3479.9811","24173.02125","number of customers","cents per kilowatt-hour","million dollars","million kilowatt hours"
"2024-Q2","MI","Michigan","COM","commercial","564280","14.46","1329.36486","9194.02827","number of customers","cents per kilowatt-hour","million dollars","million kilowatt hours"
"2024-Q2","MI","Michigan","IND","industrial","5841","8.47","602.44336","7112.43458","number of customers","cents per kilowatt-hour","million dollars","million kilowatt hours"
"2024-Q2","MI","Michigan","OTH","other",NA,NA,NA,NA,"number of customers","cents per kilowatt-hour","million dollars","million kilowatt hours"
"2024-Q2","MI","Michigan","RES","residential","4511839","19.68","1547.97355","7865.16004","number of customers","cents per kilowatt-hour","million dollars","million kilowatt hours"
"2024-Q2","MI","Michigan","TRA","transportation","2","14.26",".19934","1.39835","number of customers","cents per kilowatt-hour","million dollars","million kilowatt hours"
"2024-Q2","MN","Minnesota","ALL","all sectors","2894953","12.53","1888.35405","15074.23573","number of customers","cents per kilowatt-hour","million dollars","million kilowatt hours"
"2024-Q2","MN","Minnesota","COM","commercial","308212","12.47","664.68312","5330.8853","number of customers","cents per kilowatt-hour","million dollars","million kilowatt hours"
"2024-Q2","MN","Minnesota","IND","industrial","9631","9.27","455.46664","4914.17347","number of customers","cents per kilowatt-hour","million dollars","million kilowatt hours"
"2024-Q2","MN","Minnesota","OTH","other",NA,NA,NA,NA,"number of customers","cents per kilowatt-hour","million dollars","million kilowatt hours"
"2024-Q2","MN","Minnesota","RES","residential","2577110","15.91","767.72689","4825.67198","number of customers","cents per kilowatt-hour","million dollars","million kilowatt hours"
"2024-Q2","MN","Minnesota","TRA","transportation","1","13.62",".4774","3.50499","number of customers","cents per kilowatt-hour","million dollars","million kilowatt hours"
"2024-Q2","MO","Missouri","ALL","all sectors","3343492","11.16","2075.17147","18591.29133","number of customers","cents per kilowatt-hour","million dollars","million kilowatt hours"
"2024-Q2","MO","Missouri","COM","commercial","403469","10.29","752.21615","7309.78694","number of customers","cents per kilowatt-hour","million dollars","million kilowatt hours"
"2024-Q2","MO","Missouri","IND","industrial","9360","7.78","253.04263","3252.72577","number of customers","cents per kilowatt-hour","million dollars","million kilowatt hours"
"2024-Q2","MO","Missouri","OTH","other",NA,NA,NA,NA,"number of customers","cents per kilowatt-hour","million dollars","million kilowatt hours"
"2024-Q2","MO","Missouri","RES","residential","2930661","13.33","1069.41696","8023.23275","number of customers","cents per kilowatt-hour","million dollars","million kilowatt hours"
"2024-Q2","MO","Missouri","TRA","transportation","2","8.94",".49572","5.54589","number of customers","cents per kilowatt-hour","million dollars","million kilowatt hours"
"2024-Q2","MS","Mississippi","ALL","all sectors","1597502","10.98","1276.21696","11618.68118","number of customers","cents per kilowatt-hour","million dollars","million kilowatt hours"
"2024-Q2","MS","Mississippi","COM","commercial","246632","12.36","432.74628","3500.67154","number of customers","cents per kilowatt-hour","million dollars","million kilowatt hours"
"2024-Q2","MS","Mississippi","IND","industrial","12754","6.76","266.10226","3934.64244","number of customers","cents per kilowatt-hour","million dollars","million kilowatt hours"
"2024-Q2","MS","Mississippi","OTH","other",NA,NA,NA,NA,"number of customers","cents per kilowatt-hour","million dollars","million kilowatt hours"
"2024-Q2","MS","Mississippi","RES","residential","1338116","13.8","577.36842","4183.3672","number of customers","cents per kilowatt-hour","million dollars","million kilowatt hours"
"2024-Q2","MS","Mississippi","TRA","transportation","0",NA,"0","0","number of customers","cents per kilowatt-hour","million dollars","million kilowatt hours"
"2024-Q2","MT","Montana","ALL","all sectors","685611","10.63","387.52534","3646.37729","number of customers","cents per kilowatt-hour","million dollars","million kilowatt hours"
"2024-Q2","MT","Montana","COM","commercial","117656","12.19","144.6494","1186.73072","number of customers","cents per kilowatt-hour","million dollars","million kilowatt hours"
"2024-Q2","MT","Montana","IND","industrial","11766","6.83","86.0096","1259.34873","number of customers","cents per kilowatt-hour","million dollars","million kilowatt hours"
"2024-Q2","MT","Montana","OTH","other",NA,NA,NA,NA,"number of customers","cents per kilowatt-hour","million dollars","million kilowatt hours"
"2024-Q2","MT","Montana","RES","residential","556189","13.07","156.86636","1200.29783","number of customers","cents per kilowatt-hour","million dollars","million kilowatt hours"
"2024-Q2","MT","Montana","TRA","transportation","0",NA,"0","0","number of customers","cents per kilowatt-hour","million dollars","million kilowatt hours"
"2024-Q2","MTN","Mountain","ALL","all sectors","12518721","11.28","8605.99334","76272.3295","number of customers","cents per kilowatt-hour","million dollars","million kilowatt hours"
"2024-Q2","MTN","Mountain","COM","commercial","1524196","11.16","3073.63259","27546.98598","number of customers","cents per kilowatt-hour","million dollars","million kilowatt hours"
"2024-Q2","MTN","Mountain","IND","industrial","101051","7.67","1678.11965","21873.73261","number of customers","cents per kilowatt-hour","million dollars","million kilowatt hours"
"2024-Q2","MTN","Mountain","OTH","other",NA,NA,NA,NA,"number of customers","cents per kilowatt-hour","million dollars","million kilowatt hours"
"2024-Q2","MTN","Mountain","RES","residential","10893469","14.36","3849.95827","26810.24888","number of customers","cents per kilowatt-hour","million dollars","million kilowatt hours"
"2024-Q2","MTN","Mountain","TRA","transportation","5","10.35","4.28283","41.36204","number of customers","cents per kilowatt-hour","million dollars","million kilowatt hours"
"2024-Q2","NC","North Carolina","ALL","all sectors","5812100","11.31","3776.04381","33378.87948","number of customers","cents per kilowatt-hour","million dollars","million kilowatt hours"
"2024-Q2","NC","North Carolina","COM","commercial","750818","10.3","1282.21265","12446.04986","number of customers","cents per kilowatt-hour","million dollars","million kilowatt hours"
"2024-Q2","NC","North Carolina","IND","industrial","8987","7.57","504.35033","6660.30007","number of customers","cents per kilowatt-hour","million dollars","million kilowatt hours"
"2024-Q2","NC","North Carolina","OTH","other",NA,NA,NA,NA,"number of customers","cents per kilowatt-hour","million dollars","million kilowatt hours"
"2024-Q2","NC","North Carolina","RES","residential","5052294","13.94","1989.16839","14269.51905","number of customers","cents per kilowatt-hour","million dollars","million kilowatt hours"
"2024-Q2","NC","North Carolina","TRA","transportation","1","10.38",".31245","3.0105","number of customers","cents per kilowatt-hour","million dollars","million kilowatt hours"
"2024-Q2","ND","North Dakota","ALL","all sectors","485459","7.99","558.75619","6994.95677","number of customers","cents per kilowatt-hour","million dollars","million kilowatt hours"
"2024-Q2","ND","North Dakota","COM","commercial","77135","7.2","194.79744","2704.08726","number of customers","cents per kilowatt-hour","million dollars","million kilowatt hours"
"2024-Q2","ND","North Dakota","IND","industrial","10923","7.29","242.76829","3331.92487","number of customers","cents per kilowatt-hour","million dollars","million kilowatt hours"
"2024-Q2","ND","North Dakota","OTH","other",NA,NA,NA,NA,"number of customers","cents per kilowatt-hour","million dollars","million kilowatt hours"
"2024-Q2","ND","North Dakota","RES","residential","397401","12.64","121.19046","958.94465","number of customers","cents per kilowatt-hour","million dollars","million kilowatt hours"
"2024-Q2","ND","North Dakota","TRA","transportation","0",NA,"0","0","number of customers","cents per kilowatt-hour","million dollars","million kilowatt hours"
"2024-Q2","NE","Nebraska","ALL","all sectors","1132751","9.24","751.8179","8135.8667","number of customers","cents per kilowatt-hour","million dollars","million kilowatt hours"
"2024-Q2","NE","Nebraska","COM","commercial","161498","8.31","255.26285","3073.3142","number of customers","cents per kilowatt-hour","million dollars","million kilowatt hours"
"2024-Q2","NE","Nebraska","IND","industrial","67483","8.02","229.29041","2858.0132","number of customers","cents per kilowatt-hour","million dollars","million kilowatt hours"
"2024-Q2","NE","Nebraska","OTH","other",NA,NA,NA,NA,"number of customers","cents per kilowatt-hour","million dollars","million kilowatt hours"
"2024-Q2","NE","Nebraska","RES","residential","903770","12.12","267.26466","2204.5393","number of customers","cents per kilowatt-hour","million dollars","million kilowatt hours"
"2024-Q2","NE","Nebraska","TRA","transportation","0",NA,"0","0","number of customers","cents per kilowatt-hour","million dollars","million kilowatt hours"
"2024-Q2","NEW","New England","ALL","all sectors","7572115","21.97","5804.69275","26426.41679","number of customers","cents per kilowatt-hour","million dollars","million kilowatt hours"
"2024-Q2","NEW","New England","COM","commercial","949591","19.75","2348.5528","11892.41273","number of customers","cents per kilowatt-hour","million dollars","million kilowatt hours"
"2024-Q2","NEW","New England","IND","industrial","20963","15.41","548.82535","3562.54298","number of customers","cents per kilowatt-hour","million dollars","million kilowatt hours"
"2024-Q2","NEW","New England","OTH","other",NA,NA,NA,NA,"number of customers","cents per kilowatt-hour","million dollars","million kilowatt hours"
"2024-Q2","NEW","New England","RES","residential","6601555","26.66","2892.21246","10847.71339","number of customers","cents per kilowatt-hour","million dollars","million kilowatt hours"
"2024-Q2","NEW","New England","TRA","transportation","6","12.2","15.10217","123.74771","number of customers","cents per kilowatt-hour","million dollars","million kilowatt hours"
"2024-Q2","NH","New Hampshire","ALL","all sectors","767507","20.01","508.64117","2541.43756","number of customers","cents per kilowatt-hour","million dollars","million kilowatt hours"
"2024-Q2","NH","New Hampshire","COM","commercial","112225","19.06","186.32118","977.73819","number of customers","cents per kilowatt-hour","million dollars","million kilowatt hours"
"2024-Q2","NH","New Hampshire","IND","industrial","3110","15.89","78.62551","494.93967","number of customers","cents per kilowatt-hour","million dollars","million kilowatt hours"
"2024-Q2","NH","New Hampshire","OTH","other",NA,NA,NA,NA,"number of customers","cents per kilowatt-hour","million dollars","million kilowatt hours"
"2024-Q2","NH","New Hampshire","RES","residential","652172","22.8","243.69449","1068.7597","number of customers","cents per kilowatt-hour","million dollars","million kilowatt hours"
"2024-Q2","NH","New Hampshire","TRA","transportation","0",NA,"0","0","number of customers","cents per kilowatt-hour","million dollars","million kilowatt hours"
"2024-Q2","NJ","New Jersey","ALL","all sectors","4282663","16.27","2906.76368","17868.34643","number of customers","cents per kilowatt-hour","million dollars","million kilowatt hours"
"2024-Q2","NJ","New Jersey","COM","commercial","539670","14.78","1320.31818","8930.14202","number of customers","cents per kilowatt-hour","million dollars","million kilowatt hours"
"2024-Q2","NJ","New Jersey","IND","industrial","11299","11.56","178.13638","1541.5887","number of customers","cents per kilowatt-hour","million dollars","million kilowatt hours"
"2024-Q2","NJ","New Jersey","OTH","other",NA,NA,NA,NA,"number of customers","cents per kilowatt-hour","million dollars","million kilowatt hours"
"2024-Q2","NJ","New Jersey","RES","residential","3731687","19.15","1397.80968","7299.24977","number of customers","cents per kilowatt-hour","million dollars","million kilowatt hours"
"2024-Q2","NJ","New Jersey","TRA","transportation","7","10.78","10.49945","97.36593","number of customers","cents per kilowatt-hour","million dollars","million kilowatt hours"
"2024-Q2","NM","New Mexico","ALL","all sectors","1092232","9.12","663.3806","7271.57027","number of customers","cents per kilowatt-hour","million dollars","million kilowatt hours"
"2024-Q2","NM","New Mexico","COM","commercial","148192","10.49","246.22862","2348.22997","number of customers","cents per kilowatt-hour","million dollars","million kilowatt hours"
"2024-Q2","NM","New Mexico","IND","industrial","9317","5.57","178.46506","3201.78935","number of customers","cents per kilowatt-hour","million dollars","million kilowatt hours"
"2024-Q2","NM","New Mexico","OTH","other",NA,NA,NA,NA,"number of customers","cents per kilowatt-hour","million dollars","million kilowatt hours"
"2024-Q2","NM","New Mexico","RES","residential","934723","13.86","238.6869","1721.55094","number of customers","cents per kilowatt-hour","million dollars","million kilowatt hours"
"2024-Q2","NM","New Mexico","TRA","transportation","0",NA,"0","0","number of customers","cents per kilowatt-hour","million dollars","million kilowatt hours"
"2024-Q2","NV","Nevada","ALL","all sectors","1490355","12.01","1225.16049","10204.14463","number of customers","cents per kilowatt-hour","million dollars","million kilowatt hours"
"2024-Q2","NV","Nevada","COM","commercial","176545","10.43","373.56312","3581.5673","number of customers","cents per kilowatt-hour","million dollars","million kilowatt hours"
"2024-Q2","NV","Nevada","IND","industrial","4891","9.07","269.22071","2968.04661","number of customers","cents per kilowatt-hour","million dollars","million kilowatt hours"
"2024-Q2","NV","Nevada","OTH","other",NA,NA,NA,NA,"number of customers","cents per kilowatt-hour","million dollars","million kilowatt hours"
"2024-Q2","NV","Nevada","RES","residential","1308918","15.94","582.15972","3652.68154","number of customers","cents per kilowatt-hour","million dollars","million kilowatt hours"
"2024-Q2","NV","Nevada","TRA","transportation","1","11.73",".21694","1.84918","number of customers","cents per kilowatt-hour","million dollars","million kilowatt hours"
"2024-Q2","NY","New York","ALL","all sectors","8592585","18.94","6155.15886","32497.15645","number of customers","cents per kilowatt-hour","million dollars","million kilowatt hours"
"2024-Q2","NY","New York","COM","commercial","1161710","18.24","3043.05434","16683.09582","number of customers","cents per kilowatt-hour","million dollars","million kilowatt hours"
"2024-Q2","NY","New York","IND","industrial","16533","8.62","336.6761","3904.71755","number of customers","cents per kilowatt-hour","million dollars","million kilowatt hours"
"2024-Q2","NY","New York","OTH","other",NA,NA,NA,NA,"number of customers","cents per kilowatt-hour","million dollars","million kilowatt hours"
"2024-Q2","NY","New York","RES","residential","7414336","23.84","2678.05616","11234.68481","number of customers","cents per kilowatt-hour","million dollars","million kilowatt hours"
"2024-Q2","NY","New York","TRA","transportation","6","14.43","97.37227","674.6583","number of customers","cents per kilowatt-hour","million dollars","million kilowatt hours"
"2024-Q2","OH","Ohio","ALL","all sectors","5784252","11.14","4146.08374","37209.27815","number of customers","cents per kilowatt-hour","million dollars","million kilowatt hours"
"2024-Q2","OH","Ohio","COM","commercial","627378","10.52","1334.09641","12676.28803","number of customers","cents per kilowatt-hour","million dollars","million kilowatt hours"
"2024-Q2","OH","Ohio","IND","industrial","18207","6.92","874.44878","12636.81022","number of customers","cents per kilowatt-hour","million dollars","million kilowatt hours"
"2024-Q2","OH","Ohio","OTH","other",NA,NA,NA,NA,"number of customers","cents per kilowatt-hour","million dollars","million kilowatt hours"
"2024-Q2","OH","Ohio","RES","residential","5138664","16.29","1937.05299","11888.91585","number of customers","cents per kilowatt-hour","million dollars","million kilowatt hours"
"2024-Q2","OH","Ohio","TRA","transportation","2","6.68",".48558","7.26406","number of customers","cents per kilowatt-hour","million dollars","million kilowatt hours"
"2024-Q2","OK","Oklahoma","ALL","all sectors","2193110","8.73","1528.46373","17506.34043","number of customers","cents per kilowatt-hour","million dollars","million kilowatt hours"
"2024-Q2","OK","Oklahoma","COM","commercial","298147","8.64","538.07945","6229.87265","number of customers","cents per kilowatt-hour","million dollars","million kilowatt hours"
"2024-Q2","OK","Oklahoma","IND","industrial","20154","5.58","314.34192","5632.67798","number of customers","cents per kilowatt-hour","million dollars","million kilowatt hours"
"2024-Q2","OK","Oklahoma","OTH","other",NA,NA,NA,NA,"number of customers","cents per kilowatt-hour","million dollars","million kilowatt hours"
"2024-Q2","OK","Oklahoma","RES","residential","1874808","11.98","676.04237","5643.78981","number of customers","cents per kilowatt-hour","million dollars","million kilowatt hours"
"2024-Q2","OK","Oklahoma","TRA","transportation","0",NA,"0","0","number of customers","cents per kilowatt-hour","million dollars","million kilowatt hours"
"2024-Q2","OR","Oregon","ALL","all sectors","2139820","10.99","1507.27737","13708.75861","number of customers","cents per kilowatt-hour","million dollars","million kilowatt hours"
"2024-Q2","OR","Oregon","COM","commercial","247507","10.18","597.39756","5867.67222","number of customers","cents per kilowatt-hour","million dollars","million kilowatt hours"
"2024-Q2","OR","Oregon","IND","industrial","26912","7.85","291.89899","3719.17207","number of customers","cents per kilowatt-hour","million dollars","million kilowatt hours"
"2024-Q2","OR","Oregon","OTH","other",NA,NA,NA,NA,"number of customers","cents per kilowatt-hour","million dollars","million kilowatt hours"
"2024-Q2","OR","Oregon","RES","residential","1865398","15","617.2817","4116.35841","number of customers","cents per kilowatt-hour","million dollars","million kilowatt hours"
"2024-Q2","OR","Oregon","TRA","transportation","2","12.58",".69911","5.55592","number of customers","cents per kilowatt-hour","million dollars","million kilowatt hours"
"2024-Q2","PA","Pennsylvania","ALL","all sectors","6295762","12.34","4124.82561","33437.16843","number of customers","cents per kilowatt-hour","million dollars","million kilowatt hours"
"2024-Q2","PA","Pennsylvania","COM","commercial","740142","11.04","985.27904","8925.43376","number of customers","cents per kilowatt-hour","million dollars","million kilowatt hours"
"2024-Q2","PA","Pennsylvania","IND","industrial","13710","7.74","966.03678","12476.43069","number of customers","cents per kilowatt-hour","million dollars","million kilowatt hours"
"2024-Q2","PA","Pennsylvania","OTH","other",NA,NA,NA,NA,"number of customers","cents per kilowatt-hour","million dollars","million kilowatt hours"
"2024-Q2","PA","Pennsylvania","RES","residential","5541905","18.14","2162.29538","11921.3797","number of customers","cents per kilowatt-hour","million dollars","million kilowatt hours"
"2024-Q2","PA","Pennsylvania","TRA","transportation","5","9.84","11.21443","113.92427","number of customers","cents per kilowatt-hour","million dollars","million kilowatt hours"
"2024-Q2","PACC","Pacific Contiguous","ALL","all sectors","22013953","20.41","18404.85579","90172.61692","number of customers","cents per kilowatt-hour","million dollars","million kilowatt hours"
"2024-Q2","PACC","Pacific Contiguous","COM","commercial","2425101","19.46","8038.33307","41297.57768","number of customers","cents per kilowatt-hour","million dollars","million kilowatt hours"
"2024-Q2","PACC","Pacific Contiguous","IND","industrial","198949","14.93","2844.77286","19054.54409","number of customers","cents per kilowatt-hour","million dollars","million kilowatt hours"
"2024-Q2","PACC","Pacific Contiguous","OTH","other",NA,NA,NA,NA,"number of customers","cents per kilowatt-hour","million dollars","million kilowatt hours"
"2024-Q2","PACC","Pacific Contiguous","RES","residential","19389884","25.29","7489.80062","29617.41094","number of customers","cents per kilowatt-hour","million dollars","million kilowatt hours"
"2024-Q2","PACC","Pacific Contiguous","TRA","transportation","19","15.73","31.94923","203.08423","number of customers","cents per kilowatt-hour","million dollars","million kilowatt hours"
"2024-Q2","PACN","Pacific Noncontiguous","ALL","all sectors","862673","32.38","1155.31214","3568.40672","number of customers","cents per kilowatt-hour","million dollars","million kilowatt hours"
"2024-Q2","PACN","Pacific Noncontiguous","COM","commercial","116619","30.73","402.40308","1309.52596","number of customers","cents per kilowatt-hour","million dollars","million kilowatt hours"
"2024-Q2","PACN","Pacific Noncontiguous","IND","industrial","2013","30.77","363.76425","1182.38616","number of customers","cents per kilowatt-hour","million dollars","million kilowatt hours"
"2024-Q2","PACN","Pacific Noncontiguous","OTH","other",NA,NA,NA,NA,"number of customers","cents per kilowatt-hour","million dollars","million kilowatt hours"
"2024-Q2","PACN","Pacific Noncontiguous","RES","residential","744042","36.15","389.14483","1076.4946","number of customers","cents per kilowatt-hour","million dollars","million kilowatt hours"
"2024-Q2","PACN","Pacific Noncontiguous","TRA","transportation","0",NA,"0","0","number of customers","cents per kilowatt-hour","million dollars","million kilowatt hours"
"2024-Q2","RI","Rhode Island","ALL","all sectors","519851","22.52","392.47971","1742.71402","number of customers","cents per kilowatt-hour","million dollars","million kilowatt hours"
"2024-Q2","RI","Rhode Island","COM","commercial","63234","19.31","177.70826","920.33549","number of customers","cents per kilowatt-hour","million dollars","million kilowatt hours"
"2024-Q2","RI","Rhode Island","IND","industrial","1594","18.96","29.8576","157.45948","number of customers","cents per kilowatt-hour","million dollars","million kilowatt hours"
"2024-Q2","RI","Rhode Island","OTH","other",NA,NA,NA,NA,"number of customers","cents per kilowatt-hour","million dollars","million kilowatt hours"
"2024-Q2","RI","Rhode Island","RES","residential","455022","27.87","183.74844","659.22902","number of customers","cents per kilowatt-hour","million dollars","million kilowatt hours"
"2024-Q2","RI","Rhode Island","TRA","transportation","1","20.48","1.16541","5.69002","number of customers","cents per kilowatt-hour","million dollars","million kilowatt hours"
"2024-Q2","SAT","South Atlantic","ALL","all sectors","34724328","11.82","25504.4167","215844.8482","number of customers","cents per kilowatt-hour","million dollars","million kilowatt hours"
"2024-Q2","SAT","South Atlantic","COM","commercial","4036958","10.59","9483.28752","89514.0631","number of customers","cents per kilowatt-hour","million dollars","million kilowatt hours"
"2024-Q2","SAT","South Atlantic","IND","industrial","89379","7.63","2604.27434","34113.53966","number of customers","cents per kilowatt-hour","million dollars","million kilowatt hours"
"2024-Q2","SAT","South Atlantic","OTH","other",NA,NA,NA,NA,"number of customers","cents per kilowatt-hour","million dollars","million kilowatt hours"
"2024-Q2","SAT","South Atlantic","RES","residential","30597978","14.56","13388.11994","91930.41545","number of customers","cents per kilowatt-hour","million dollars","million kilowatt hours"
"2024-Q2","SAT","South Atlantic","TRA","transportation","13","10.02","28.73489","286.83001","number of customers","cents per kilowatt-hour","million dollars","million kilowatt hours"
"2024-Q2","SC","South Carolina","ALL","all sectors","2995599","10.57","2180.99289","20643.55201","number of customers","cents per kilowatt-hour","million dollars","million kilowatt hours"
"2024-Q2","SC","South Carolina","COM","commercial","413498","10.28","688.92156","6699.16007","number of customers","cents per kilowatt-hour","million dollars","million kilowatt hours"
"2024-Q2","SC","South Carolina","IND","industrial","3636","6.61","414.4125","6268.77021","number of customers","cents per kilowatt-hour","million dollars","million kilowatt hours"
"2024-Q2","SC","South Carolina","OTH","other",NA,NA,NA,NA,"number of customers","cents per kilowatt-hour","million dollars","million kilowatt hours"
"2024-Q2","SC","South Carolina","RES","residential","2578465","14.04","1077.65884","7675.62172","number of customers","cents per kilowatt-hour","million dollars","million kilowatt hours"
"2024-Q2","SC","South Carolina","TRA","transportation","0",NA,"0","0","number of customers","cents per kilowatt-hour","million dollars","million kilowatt hours"
"2024-Q2","SD","South Dakota","ALL","all sectors","514985","10.91","341.91881","3135.36161","number of customers","cents per kilowatt-hour","million dollars","million kilowatt hours"
"2024-Q2","SD","South Dakota","COM","commercial","78167","10.52","126.62035","1204.16182","number of customers","cents per kilowatt-hour","million dollars","million kilowatt hours"
"2024-Q2","SD","South Dakota","IND","industrial","4382","8.23","68.07359","827.32187","number of customers","cents per kilowatt-hour","million dollars","million kilowatt hours"
"2024-Q2","SD","South Dakota","OTH","other",NA,NA,NA,NA,"number of customers","cents per kilowatt-hour","million dollars","million kilowatt hours"
"2024-Q2","SD","South Dakota","RES","residential","432435","13.34","147.22488","1103.87792","number of customers","cents per kilowatt-hour","million dollars","million kilowatt hours"
"2024-Q2","SD","South Dakota","TRA","transportation","0",NA,"0","0","number of customers","cents per kilowatt-hour","million dollars","million kilowatt hours"
"2024-Q2","TN","Tennessee","ALL","all sectors","3707476","10.65","2541.7187","23862.73632","number of customers","cents per kilowatt-hour","million dollars","million kilowatt hours"
"2024-Q2","TN","Tennessee","COM","commercial","542010","11.82","1035.39953","8762.1497","number of customers","cents per kilowatt-hour","million dollars","million kilowatt hours"
"2024-Q2","TN","Tennessee","IND","industrial","1000","5.95","337.90103","5678.79145","number of customers","cents per kilowatt-hour","million dollars","million kilowatt hours"
"2024-Q2","TN","Tennessee","OTH","other",NA,NA,NA,NA,"number of customers","cents per kilowatt-hour","million dollars","million kilowatt hours"
"2024-Q2","TN","Tennessee","RES","residential","3164466","12.4","1168.41815","9421.79518","number of customers","cents per kilowatt-hour","million dollars","million kilowatt hours"
"2024-Q2","TN","Tennessee","TRA","transportation","0",NA,"0","0","number of customers","cents per kilowatt-hour","million dollars","million kilowatt hours"
"2024-Q2","TX","Texas","ALL","all sectors","14457749","9.71","12002.27045","123606.3268","number of customers","cents per kilowatt-hour","million dollars","million kilowatt hours"
"2024-Q2","TX","Texas","COM","commercial","1554105","8.52","3422.64252","40184.05886","number of customers","cents per kilowatt-hour","million dollars","million kilowatt hours"
"2024-Q2","TX","Texas","IND","industrial","372184","6.21","2717.24676","43766.60408","number of customers","cents per kilowatt-hour","million dollars","million kilowatt hours"
"2024-Q2","TX","Texas","OTH","other",NA,NA,NA,NA,"number of customers","cents per kilowatt-hour","million dollars","million kilowatt hours"
"2024-Q2","TX","Texas","RES","residential","12531457","14.78","5862.28046","39653.23802","number of customers","cents per kilowatt-hour","million dollars","million kilowatt hours"
"2024-Q2","TX","Texas","TRA","transportation","3","4.15",".10071","2.42586","number of customers","cents per kilowatt-hour","million dollars","million kilowatt hours"
"2024-Q2","US","U.S. Total","ALL","all sectors","163449609","12.74","121810.87645","956100.21773","number of customers","cents per kilowatt-hour","million dollars","million kilowatt hours"
"2024-Q2","US","U.S. Total","COM","commercial","19459580","12.54","44476.82723","354785.23237","number of customers","cents per kilowatt-hour","million dollars","million kilowatt hours"
"2024-Q2","US","U.S. Total","IND","industrial","1114810","8.03","20752.16193","258425.14187","number of customers","cents per kilowatt-hour","million dollars","million kilowatt hours"
"2024-Q2","US","U.S. Total","OTH","other",NA,NA,NA,NA,"number of customers","cents per kilowatt-hour","million dollars","million kilowatt hours"
"2024-Q2","US","U.S. Total","RES","residential","142875139","16.52","56370.93293","341199.20014","number of customers","cents per kilowatt-hour","million dollars","million kilowatt hours"
"2024-Q2","US","U.S. Total","TRA","transportation","80","12.48","210.95435","1690.64335","number of customers","cents per kilowatt-hour","million dollars","million kilowatt hours"
"2024-Q2","UT","Utah","ALL","all sectors","1426746","9.27","777.59456","8390.27732","number of customers","cents per kilowatt-hour","million dollars","million kilowatt hours"
"2024-Q2","UT","Utah","COM","commercial","145593","8.84","307.48752","3477.22519","number of customers","cents per kilowatt-hour","million dollars","million kilowatt hours"
"2024-Q2","UT","Utah","IND","industrial","10863","6.95","153.02767","2201.60801","number of customers","cents per kilowatt-hour","million dollars","million kilowatt hours"
"2024-Q2","UT","Utah","OTH","other",NA,NA,NA,NA,"number of customers","cents per kilowatt-hour","million dollars","million kilowatt hours"
"2024-Q2","UT","Utah","RES","residential","1270289","11.69","315.47692","2698.13852","number of customers","cents per kilowatt-hour","million dollars","million kilowatt hours"
"2024-Q2","UT","Utah","TRA","transportation","1","12.04","1.60246","13.30561","number of customers","cents per kilowatt-hour","million dollars","million kilowatt hours"
"2024-Q2","VA","Virginia","ALL","all sectors","4096460","10.83","3564.52528","32904.95236","number of customers","cents per kilowatt-hour","million dollars","million kilowatt hours"
"2024-Q2","VA","Virginia","COM","commercial","445368","9.01","1743.19629","19348.66924","number of customers","cents per kilowatt-hour","million dollars","million kilowatt hours"
"2024-Q2","VA","Virginia","IND","industrial","3782","9.19","320.12841","3483.13759","number of customers","cents per kilowatt-hour","million dollars","million kilowatt hours"
"2024-Q2","VA","Virginia","OTH","other",NA,NA,NA,NA,"number of customers","cents per kilowatt-hour","million dollars","million kilowatt hours"
"2024-Q2","VA","Virginia","RES","residential","3647309","14.92","1496.78438","10029.35413","number of customers","cents per kilowatt-hour","million dollars","million kilowatt hours"
"2024-Q2","VA","Virginia","TRA","transportation","1","10.08","4.41622","43.79142","number of customers","cents per kilowatt-hour","million dollars","million kilowatt hours"
"2024-Q2","VT","Vermont","ALL","all sectors","388436","18.15","230.36582","1269.12621","number of customers","cents per kilowatt-hour","million dollars","million kilowatt hours"
"2024-Q2","VT","Vermont","COM","commercial","64047","18.78","88.32683","470.24235","number of customers","cents per kilowatt-hour","million dollars","million kilowatt hours"
"2024-Q2","VT","Vermont","IND","industrial","240","11.31","34.95987","309.08037","number of customers","cents per kilowatt-hour","million dollars","million kilowatt hours"
"2024-Q2","VT","Vermont","OTH","other",NA,NA,NA,NA,"number of customers","cents per kilowatt-hour","million dollars","million kilowatt hours"
"2024-Q2","VT","Vermont","RES","residential","324149","21.86","107.07912","489.80348","number of customers","cents per kilowatt-hour","million dollars","million kilowatt hours"
"2024-Q2","VT","Vermont","TRA","transportation","0",NA,"0","0","number of customers","cents per kilowatt-hour","million dollars","million kilowatt hours"
"2024-Q2","WA","Washington","ALL","all sectors","3793293","9.92","2053.32501","20703.17052","number of customers","cents per kilowatt-hour","million dollars","million kilowatt hours"
"2024-Q2","WA","Washington","COM","commercial","405778","9.66","771.74764","7991.83928","number of customers","cents per kilowatt-hour","million dollars","million kilowatt hours"
"2024-Q2","WA","Washington","IND","industrial","26820","6.41","286.52046","4467.77309","number of customers","cents per kilowatt-hour","million dollars","million kilowatt hours"
"2024-Q2","WA","Washington","OTH","other",NA,NA,NA,NA,"number of customers","cents per kilowatt-hour","million dollars","million kilowatt hours"
"2024-Q2","WA","Washington","RES","residential","3360690","12.07","992.41632","8220.87234","number of customers","cents per kilowatt-hour","million dollars","million kilowatt hours"
"2024-Q2","WA","Washington","TRA","transportation","5","11.64","2.64059","22.68583","number of customers","cents per kilowatt-hour","million dollars","million kilowatt hours"
"2024-Q2","WI","Wisconsin","ALL","all sectors","3216044","12.71","2076.26847","16334.34317","number of customers","cents per kilowatt-hour","million dollars","million kilowatt hours"
"2024-Q2","WI","Wisconsin","COM","commercial","368872","12.68","715.3954","5640.14285","number of customers","cents per kilowatt-hour","million dollars","million kilowatt hours"
"2024-Q2","WI","Wisconsin","IND","industrial","5811","8.52","489.6501","5746.86311","number of customers","cents per kilowatt-hour","million dollars","million kilowatt hours"
"2024-Q2","WI","Wisconsin","OTH","other",NA,NA,NA,NA,"number of customers","cents per kilowatt-hour","million dollars","million kilowatt hours"
"2024-Q2","WI","Wisconsin","RES","residential","2841359","17.61","871.16227","4947.00327","number of customers","cents per kilowatt-hour","million dollars","million kilowatt hours"
"2024-Q2","WI","Wisconsin","TRA","transportation","2","18.18",".0607",".33395","number of customers","cents per kilowatt-hour","million dollars","million kilowatt hours"
"2024-Q2","WNC","West North Central","ALL","all sectors","11663838","10.59","7987.34424","75392.63594","number of customers","cents per kilowatt-hour","million dollars","million kilowatt hours"
"2024-Q2","WNC","West North Central","COM","commercial","1524782","10.29","2742.75877","26660.14328","number of customers","cents per kilowatt-hour","million dollars","million kilowatt hours"
"2024-Q2","WNC","West North Central","IND","industrial","135685","7.77","1945.1308","25027.66837","number of customers","cents per kilowatt-hour","million dollars","million kilowatt hours"
"2024-Q2","WNC","West North Central","OTH","other",NA,NA,NA,NA,"number of customers","cents per kilowatt-hour","million dollars","million kilowatt hours"
"2024-Q2","WNC","West North Central","RES","residential","10003369","13.92","3298.48154","23695.77341","number of customers","cents per kilowatt-hour","million dollars","million kilowatt hours"
"2024-Q2","WNC","West North Central","TRA","transportation","3","10.75",".97313","9.05087","number of customers","cents per kilowatt-hour","million dollars","million kilowatt hours"
"2024-Q2","WSC","West South Central","ALL","all sectors","20829479","9.45","16636.22198","176120.65986","number of customers","cents per kilowatt-hour","million dollars","million kilowatt hours"
"2024-Q2","WSC","West South Central","COM","commercial","2359942","8.8","4851.4268","55138.66123","number of customers","cents per kilowatt-hour","million dollars","million kilowatt hours"
"2024-Q2","WSC","West South Central","IND","industrial","444750","6.06","3905.04533","64486.85989","number of customers","cents per kilowatt-hour","million dollars","million kilowatt hours"
"2024-Q2","WSC","West South Central","OTH","other",NA,NA,NA,NA,"number of customers","cents per kilowatt-hour","million dollars","million kilowatt hours"
"2024-Q2","WSC","West South Central","RES","residential","18024781","13.95","7879.35799","56490.27903","number of customers","cents per kilowatt-hour","million dollars","million kilowatt hours"
"2024-Q2","WSC","West South Central","TRA","transportation","6","8.06",".39186","4.85971","number of customers","cents per kilowatt-hour","million dollars","million kilowatt hours"
"2024-Q2","WV","West Virginia","ALL","all sectors","1028568","11.04","847.05672","7673.94995","number of customers","cents per kilowatt-hour","million dollars","million kilowatt hours"
"2024-Q2","WV","West Virginia","COM","commercial","151905","11.81","219.80828","1860.48998","number of customers","cents per kilowatt-hour","million dollars","million kilowatt hours"
"2024-Q2","WV","West Virginia","IND","industrial","11005","7.86","284.75628","3622.4477","number of customers","cents per kilowatt-hour","million dollars","million kilowatt hours"
"2024-Q2","WV","West Virginia","OTH","other",NA,NA,NA,NA,"number of customers","cents per kilowatt-hour","million dollars","million kilowatt hours"
"2024-Q2","WV","West Virginia","RES","residential","865658","15.63","342.49215","2191.01227","number of customers","cents per kilowatt-hour","million dollars","million kilowatt hours"
"2024-Q2","WV","West Virginia","TRA","transportation","0",NA,"0","0","number of customers","cents per kilowatt-hour","million dollars","million kilowatt hours"
"2024-Q2","WY","Wyoming","ALL","all sectors","357147","8.78","368.47015","4195.20478","number of customers","cents per kilowatt-hour","million dollars","million kilowatt hours"
"2024-Q2","WY","Wyoming","COM","commercial","58952","9.1","117.04334","1286.53639","number of customers","cents per kilowatt-hour","million dollars","million kilowatt hours"
"2024-Q2","WY","Wyoming","IND","industrial","12091","7.54","171.44081","2273.24928","number of customers","cents per kilowatt-hour","million dollars","million kilowatt hours"
"2024-Q2","WY","Wyoming","OTH","other",NA,NA,NA,NA,"number of customers","cents per kilowatt-hour","million dollars","million kilowatt hours"
"2024-Q2","WY","Wyoming","RES","residential","286103","12.59","79.98603","635.41911","number of customers","cents per kilowatt-hour","million dollars","million kilowatt hours"
"2024-Q2","WY","Wyoming","TRA","transportation","0",NA,"0","0","number of customers","cents per kilowatt-hour","million dollars","million kilowatt hours"
"2024-Q1","AK","Alaska","ALL","all sectors","354857","22.02","365.64478","1660.62166","number of customers","cents per kilowatt-hour","million dollars","million kilowatt hours"
"2024-Q1","AK","Alaska","COM","commercial","56760","21.75","148.78225","684.16878","number of customers","cents per kilowatt-hour","million dollars","million kilowatt hours"
"2024-Q1","AK","Alaska","IND","industrial","1158","19.19","67.0217","349.17347","number of customers","cents per kilowatt-hour","million dollars","million kilowatt hours"
"2024-Q1","AK","Alaska","OTH","other",NA,NA,NA,NA,"number of customers","cents per kilowatt-hour","million dollars","million kilowatt hours"
"2024-Q1","AK","Alaska","RES","residential","296939","23.89","149.84084","627.27941","number of customers","cents per kilowatt-hour","million dollars","million kilowatt hours"
"2024-Q1","AK","Alaska","TRA","transportation","0",NA,"0","0","number of customers","cents per kilowatt-hour","million dollars","million kilowatt hours"
"2024-Q1","AL","Alabama","ALL","all sectors","2778585","11.78","2460.10509","20878.03431","number of customers","cents per kilowatt-hour","million dollars","million kilowatt hours"
"2024-Q1","AL","Alabama","COM","commercial","387987","13.76","708.6437","5149.95105","number of customers","cents per kilowatt-hour","million dollars","million kilowatt hours"
"2024-Q1","AL","Alabama","IND","industrial","7222","7.03","538.76914","7669.10415","number of customers","cents per kilowatt-hour","million dollars","million kilowatt hours"
"2024-Q1","AL","Alabama","OTH","other",NA,NA,NA,NA,"number of customers","cents per kilowatt-hour","million dollars","million kilowatt hours"
"2024-Q1","AL","Alabama","RES","residential","2383377","15.05","1212.69224","8058.97911","number of customers","cents per kilowatt-hour","million dollars","million kilowatt hours"
"2024-Q1","AL","Alabama","TRA","transportation","0",NA,"0","0","number of customers","cents per kilowatt-hour","million dollars","million kilowatt hours"
"2024-Q1","AR","Arkansas","ALL","all sectors","1708715","9.59","1170.19177","12199.56866","number of customers","cents per kilowatt-hour","million dollars","million kilowatt hours"
"2024-Q1","AR","Arkansas","COM","commercial","206334","10.51","279.48518","2660.0766","number of customers","cents per kilowatt-hour","million dollars","million kilowatt hours"
"2024-Q1","AR","Arkansas","IND","industrial","33935","6.61","305.37406","4619.81533","number of customers","cents per kilowatt-hour","million dollars","million kilowatt hours"
"2024-Q1","AR","Arkansas","OTH","other",NA,NA,NA,NA,"number of customers","cents per kilowatt-hour","million dollars","million kilowatt hours"
"2024-Q1","AR","Arkansas","RES","residential","1468443","11.9","585.32495","4919.61813","number of customers","cents per kilowatt-hour","million dollars","million kilowatt hours"
"2024-Q1","AR","Arkansas","TRA","transportation","2","12.95",".00759",".05861","number of customers","cents per kilowatt-hour","million dollars","million kilowatt hours"
"2024-Q1","AZ","Arizona","ALL","all sectors","3470650","11.91","2134.27855","17913.45427","number of customers","cents per kilowatt-hour","million dollars","million kilowatt hours"
"2024-Q1","AZ","Arizona","COM","commercial","347108","11.48","850.56308","7407.03718","number of customers","cents per kilowatt-hour","million dollars","million kilowatt hours"
"2024-Q1","AZ","Arizona","IND","industrial","7570","7.65","261.22337","3413.19303","number of customers","cents per kilowatt-hour","million dollars","million kilowatt hours"
"2024-Q1","AZ","Arizona","OTH","other",NA,NA,NA,NA,"number of customers","cents per kilowatt-hour","million dollars","million kilowatt hours"
"2024-Q1","AZ","Arizona","RES","residential","3115971","14.42","1022.26124","7090.86613","number of customers","cents per kilowatt-hour","million dollars","million kilowatt hours"
"2024-Q1","AZ","Arizona","TRA","transportation","2","9.79",".23086","2.35794","number of customers","cents per kilowatt-hour","million dollars","million kilowatt hours"
"2024-Q1","CA","California","ALL","all sectors","16055668","25.33","14069.79069","55545.83452","number of customers","cents per kilowatt-hour","million dollars","million kilowatt hours"
"2024-Q1","CA","California","COM","commercial","1773116","23.52","6235.83556","26517.57117","number of customers","cents per kilowatt-hour","million dollars","million kilowatt hours"
"2024-Q1","CA","California","IND","industrial","145453","18.45","1685.84332","9138.02781","number of customers","cents per kilowatt-hour","million dollars","million kilowatt hours"
"2024-Q1","CA","California","OTH","other",NA,NA,NA,NA,"number of customers","cents per kilowatt-hour","million dollars","million kilowatt hours"
"2024-Q1","CA","California","RES","residential","14137087","31.04","6120.25411","19716.89965","number of customers","cents per kilowatt-hour","million dollars","million kilowatt hours"
"2024-Q1","CA","California","TRA","transportation","12","16.07","27.8577","173.33588","number of customers","cents per kilowatt-hour","million dollars","million kilowatt hours"
"2024-Q1","CO","Colorado","ALL","all sectors","2961197","11.44","1560.67967","13642.17048","number of customers","cents per kilowatt-hour","million dollars","million kilowatt hours"
"2024-Q1","CO","Colorado","COM","commercial","403329","10.86","560.4414","5160.53714","number of customers","cents per kilowatt-hour","million dollars","million kilowatt hours"
"2024-Q1","CO","Colorado","IND","industrial","14698","8.26","293.84866","3555.94124","number of customers","cents per kilowatt-hour","million dollars","million kilowatt hours"
"2024-Q1","CO","Colorado","OTH","other",NA,NA,NA,NA,"number of customers","cents per kilowatt-hour","million dollars","million kilowatt hours"
"2024-Q1","CO","Colorado","RES","residential","2543169","14.36","704.06962","4902.93262","number of customers","cents per kilowatt-hour","million dollars","million kilowatt hours"
"2024-Q1","CO","Colorado","TRA","transportation","1","10.19","2.32","22.75948","number of customers","cents per kilowatt-hour","million dollars","million kilowatt hours"
"2024-Q1","CT","Connecticut","ALL","all sectors","1705649","24.05","1619.86267","6735.41753","number of customers","cents per kilowatt-hour","million dollars","million kilowatt hours"
"2024-Q1","CT","Connecticut","COM","commercial","156775","20.4","567.844","2783.97766","number of customers","cents per kilowatt-hour","million dollars","million kilowatt hours"
"2024-Q1","CT","Connecticut","IND","industrial","3889","16.64","99.69498","599.21085","number of customers","cents per kilowatt-hour","million dollars","million kilowatt hours"
"2024-Q1","CT","Connecticut","OTH","other",NA,NA,NA,NA,"number of customers","cents per kilowatt-hour","million dollars","million kilowatt hours"
"2024-Q1","CT","Connecticut","RES","residential","1544982","28.56","944.4557","3307.26647","number of customers","cents per kilowatt-hour","million dollars","million kilowatt hours"
"2024-Q1","CT","Connecticut","TRA","transportation","3","17.5","7.868","44.96256","number of customers","cents per kilowatt-hour","million dollars","million kilowatt hours"
"2024-Q1","DC","District of Columbia","ALL","all sectors","344333","16.92","416.73029","2462.58148","number of customers","cents per kilowatt-hour","million dollars","million kilowatt hours"
"2024-Q1","DC","District of Columbia","COM","commercial","27467","17.3","300.68578","1738.08939","number of customers","cents per kilowatt-hour","million dollars","million kilowatt hours"
"2024-Q1","DC","District of Columbia","IND","industrial","1","10.24","4.83149","47.18271","number of customers","cents per kilowatt-hour","million dollars","million kilowatt hours"
"2024-Q1","DC","District of Columbia","OTH","other",NA,NA,NA,NA,"number of customers","cents per kilowatt-hour","million dollars","million kilowatt hours"
"2024-Q1","DC","District of Columbia","RES","residential","316862","17.22","103.83636","603.12157","number of customers","cents per kilowatt-hour","million dollars","million kilowatt hours"
"2024-Q1","DC","District of Columbia","TRA","transportation","3","9.94","7.37664","74.18781","number of customers","cents per kilowatt-hour","million dollars","million kilowatt hours"
"2024-Q1","DE","Delaware","ALL","all sectors","532360","13.4","381.58934","2848.37993","number of customers","cents per kilowatt-hour","million dollars","million kilowatt hours"
"2024-Q1","DE","Delaware","COM","commercial","60284","11.92","119.69059","1004.23447","number of customers","cents per kilowatt-hour","million dollars","million kilowatt hours"
"2024-Q1","DE","Delaware","IND","industrial","1201","8.51","38.25608","449.29576","number of customers","cents per kilowatt-hour","million dollars","million kilowatt hours"
"2024-Q1","DE","Delaware","OTH","other",NA,NA,NA,NA,"number of customers","cents per kilowatt-hour","million dollars","million kilowatt hours"
"2024-Q1","DE","Delaware","RES","residential","470875","16.03","223.64268","1394.84969","number of customers","cents per kilowatt-hour","million dollars","million kilowatt hours"
"2024-Q1","DE","Delaware","TRA","transportation","0",NA,"0","0","number of customers","cents per kilowatt-hour","million dollars","million kilowatt hours"
"2024-Q1","ENC","East North Central","ALL","all sectors","23538161","11.99","16283.74187","135811.57756","number of customers","cents per kilowatt-hour","million dollars","million kilowatt hours"
"2024-Q1","ENC","East North Central","COM","commercial","2568187","12","5199.39469","43322.19212","number of customers","cents per kilowatt-hour","million dollars","million kilowatt hours"
"2024-Q1","ENC","East North Central","IND","industrial","55032","7.92","3620.26917","45736.01048","number of customers","cents per kilowatt-hour","million dollars","million kilowatt hours"
"2024-Q1","ENC","East North Central","OTH","other",NA,NA,NA,NA,"number of customers","cents per kilowatt-hour","million dollars","million kilowatt hours"
"2024-Q1","ENC","East North Central","RES","residential","20914932","15.99","7454.63276","46632.32513","number of customers","cents per kilowatt-hour","million dollars","million kilowatt hours"
"2024-Q1","ENC","East North Central","TRA","transportation","10","7.8","9.44525","121.04984","number of customers","cents per kilowatt-hour","million dollars","million kilowatt hours"
"2024-Q1","ESC","East South Central","ALL","all sectors","10444382","10.93","8378.87734","76669.87257","number of customers","cents per kilowatt-hour","million dollars","million kilowatt hours"
"2024-Q1","ESC","East South Central","COM","commercial","1498905","12.44","2655.88849","21341.52159","number of customers","cents per kilowatt-hour","million dollars","million kilowatt hours"
"2024-Q1","ESC","East South Central","IND","industrial","25603","6.68","1592.78422","23840.43264","number of customers","cents per kilowatt-hour","million dollars","million kilowatt hours"
"2024-Q1","ESC","East South Central","OTH","other",NA,NA,NA,NA,"number of customers","cents per kilowatt-hour","million dollars","million kilowatt hours"
"2024-Q1","ESC","East South Central","RES","residential","8919874","13.12","4130.20462","31487.91835","number of customers","cents per kilowatt-hour","million dollars","million kilowatt hours"
"2024-Q1","ESC","East South Central","TRA","transportation","0",NA,"0","0","number of customers","cents per kilowatt-hour","million dollars","million kilowatt hours"
"2024-Q1","FL","Florida","ALL","all sectors","11689704","13.19","7100.70116","53831.61338","number of customers","cents per kilowatt-hour","million dollars","million kilowatt hours"
"2024-Q1","FL","Florida","COM","commercial","1302679","11.83","2534.07507","21420.33666","number of customers","cents per kilowatt-hour","million dollars","million kilowatt hours"
"2024-Q1","FL","Florida","IND","industrial","26514","8.93","375.71771","4207.0841","number of customers","cents per kilowatt-hour","million dollars","million kilowatt hours"
"2024-Q1","FL","Florida","OTH","other",NA,NA,NA,NA,"number of customers","cents per kilowatt-hour","million dollars","million kilowatt hours"
"2024-Q1","FL","Florida","RES","residential","10360509","14.86","4188.9471","28187.68531","number of customers","cents per kilowatt-hour","million dollars","million kilowatt hours"
"2024-Q1","FL","Florida","TRA","transportation","2","11.88","1.96129","16.50733","number of customers","cents per kilowatt-hour","million dollars","million kilowatt hours"
"2024-Q1","GA","Georgia","ALL","all sectors","5415781","10.59","3725.27271","35175.48454","number of customers","cents per kilowatt-hour","million dollars","million kilowatt hours"
"2024-Q1","GA","Georgia","COM","commercial","615827","10.55","1321.00593","12518.14508","number of customers","cents per kilowatt-hour","million dollars","million kilowatt hours"
"2024-Q1","GA","Georgia","IND","industrial","23881","6.5","508.56946","7827.80398","number of customers","cents per kilowatt-hour","million dollars","million kilowatt hours"
"2024-Q1","GA","Georgia","OTH","other",NA,NA,NA,NA,"number of customers","cents per kilowatt-hour","million dollars","million kilowatt hours"
"2024-Q1","GA","Georgia","RES","residential","4776072","12.8","1893.09511","14790.8321","number of customers","cents per kilowatt-hour","million dollars","million kilowatt hours"
"2024-Q1","GA","Georgia","TRA","transportation","1","6.72","2.60221","38.70339","number of customers","cents per kilowatt-hour","million dollars","million kilowatt hours"
"2024-Q1","HI","Hawaii","ALL","all sectors","506908","40.26","832.55158","2068.14223","number of customers","cents per kilowatt-hour","million dollars","million kilowatt hours"
"2024-Q1","HI","Hawaii","COM","commercial","59787","40.61","264.3361","650.89859","number of customers","cents per kilowatt-hour","million dollars","million kilowatt hours"
"2024-Q1","HI","Hawaii","IND","industrial","818","36.62","293.90723","802.67823","number of customers","cents per kilowatt-hour","million dollars","million kilowatt hours"
"2024-Q1","HI","Hawaii","OTH","other",NA,NA,NA,NA,"number of customers","cents per kilowatt-hour","million dollars","million kilowatt hours"
"2024-Q1","HI","Hawaii","RES","residential","446303","44.63","274.30825","614.5654","number of customers","cents per kilowatt-hour","million dollars","million kilowatt hours"
"2024-Q1","HI","Hawaii","TRA","transportation","0",NA,"0","0","number of customers","cents per kilowatt-hour","million dollars","million kilowatt hours"
"2024-Q1","IA","Iowa","ALL","all sectors","1703647","8.59","1170.69676","13635.30725","number of customers","cents per kilowatt-hour","million dollars","million kilowatt hours"
"2024-Q1","IA","Iowa","COM","commercial","251302","9.38","295.07765","3144.67498","number of customers","cents per kilowatt-hour","million dollars","million kilowatt hours"
"2024-Q1","IA","Iowa","IND","industrial","9142","6.11","403.38032","6605.56258","number of customers","cents per kilowatt-hour","million dollars","million kilowatt hours"
"2024-Q1","IA","Iowa","OTH","other",NA,NA,NA,NA,"number of customers","cents per kilowatt-hour","million dollars","million kilowatt hours"
"2024-Q1","IA","Iowa","RES","residential","1443203","12.16","472.2388","3885.06969","number of customers","cents per kilowatt-hour","million dollars","million kilowatt hours"
"2024-Q1","IA","Iowa","TRA","transportation","0",NA,"0","0","number of customers","cents per kilowatt-hour","million dollars","million kilowatt hours"
"2024-Q1","ID","Idaho","ALL","all sectors","1012526","9.24","582.32941","6301.93012","number of customers","cents per kilowatt-hour","million dollars","million kilowatt hours"
"2024-Q1","ID","Idaho","COM","commercial","123288","8.92","155.84315","1747.21569","number of customers","cents per kilowatt-hour","million dollars","million kilowatt hours"
"2024-Q1","ID","Idaho","IND","industrial","29273","6.77","116.64506","1723.20859","number of customers","cents per kilowatt-hour","million dollars","million kilowatt hours"
"2024-Q1","ID","Idaho","OTH","other",NA,NA,NA,NA,"number of customers","cents per kilowatt-hour","million dollars","million kilowatt hours"
"2024-Q1","ID","Idaho","RES","residential","859965","10.94","309.84121","2831.50582","number of customers","cents per kilowatt-hour","million dollars","million kilowatt hours"
"2024-Q1","ID","Idaho","TRA","transportation","0",NA,"0","0","number of customers","cents per kilowatt-hour","million dollars","million kilowatt hours"
"2024-Q1","IL","Illinois","ALL","all sectors","6044383","11.61","3779.99596","32552.68944","number of customers","cents per kilowatt-hour","million dollars","million kilowatt hours"
"2024-Q1","IL","Illinois","COM","commercial","637417","11.12","1250.02917","11243.87582","number of customers","cents per kilowatt-hour","million dollars","million kilowatt hours"
"2024-Q1","IL","Illinois","IND","industrial","5756","8.39","885.63841","10554.63882","number of customers","cents per kilowatt-hour","million dollars","million kilowatt hours"
"2024-Q1","IL","Illinois","OTH","other",NA,NA,NA,NA,"number of customers","cents per kilowatt-hour","million dollars","million kilowatt hours"
"2024-Q1","IL","Illinois","RES","residential","5401208","15.37","1636.18839","10648.50325","number of customers","cents per kilowatt-hour","million dollars","million kilowatt hours"
"2024-Q1","IL","Illinois","TRA","transportation","3","7.7","8.13999","105.67156","number of customers","cents per kilowatt-hour","million dollars","million kilowatt hours"
"2024-Q1","IN","Indiana","ALL","all sectors","3433731","11.28","2747.5792","24364.07351","number of customers","cents per kilowatt-hour","million dollars","million kilowatt hours"
"2024-Q1","IN","Indiana","COM","commercial","373599","12.55","700.61034","5581.36421","number of customers","cents per kilowatt-hour","million dollars","million kilowatt hours"
"2024-Q1","IN","Indiana","IND","industrial","19606","8.21","831.33316","10124.70179","number of customers","cents per kilowatt-hour","million dollars","million kilowatt hours"
"2024-Q1","IN","Indiana","OTH","other",NA,NA,NA,NA,"number of customers","cents per kilowatt-hour","million dollars","million kilowatt hours"
"2024-Q1","IN","Indiana","RES","residential","3040525","14.04","1215.21968","8654.4536","number of customers","cents per kilowatt-hour","million dollars","million kilowatt hours"
"2024-Q1","IN","Indiana","TRA","transportation","1","11.71",".41602","3.55393","number of customers","cents per kilowatt-hour","million dollars","million kilowatt hours"
"2024-Q1","KS","Kansas","ALL","all sectors","1577121","10.71","1025.46733","9571.36636","number of customers","cents per kilowatt-hour","million dollars","million kilowatt hours"
"2024-Q1","KS","Kansas","COM","commercial","244173","10.66","385.59275","3617.25985","number of customers","cents per kilowatt-hour","million dollars","million kilowatt hours"
"2024-Q1","KS","Kansas","IND","industrial","23610","7.64","210.68043","2757.61996","number of customers","cents per kilowatt-hour","million dollars","million kilowatt hours"
"2024-Q1","KS","Kansas","OTH","other",NA,NA,NA,NA,"number of customers","cents per kilowatt-hour","million dollars","million kilowatt hours"
"2024-Q1","KS","Kansas","RES","residential","1309338","13.43","429.19416","3196.48655","number of customers","cents per kilowatt-hour","million dollars","million kilowatt hours"
"2024-Q1","KS","Kansas","TRA","transportation","0",NA,"0","0","number of customers","cents per kilowatt-hour","million dollars","million kilowatt hours"
"2024-Q1","KY","Kentucky","ALL","all sectors","2399612","10.1","1893.00218","18735.14963","number of customers","cents per kilowatt-hour","million dollars","million kilowatt hours"
"2024-Q1","KY","Kentucky","COM","commercial","326077","11.61","560.12704","4822.79121","number of customers","cents per kilowatt-hour","million dollars","million kilowatt hours"
"2024-Q1","KY","Kentucky","IND","industrial","5015","6.56","449.63067","6852.45435","number of customers","cents per kilowatt-hour","million dollars","million kilowatt hours"
"2024-Q1","KY","Kentucky","OTH","other",NA,NA,NA,NA,"number of customers","cents per kilowatt-hour","million dollars","million kilowatt hours"
"2024-Q1","KY","Kentucky","RES","residential","2068520","12.51","883.24448","7059.90406","number of customers","cents per kilowatt-hour","million dollars","million kilowatt hours"
"2024-Q1","KY","Kentucky","TRA","transportation","0",NA,"0","0","number of customers","cents per kilowatt-hour","million dollars","million kilowatt hours"
"2024-Q1","LA","Louisiana","ALL","all sectors","2456571","9.03","1900.15601","21052.94724","number of customers","cents per kilowatt-hour","million dollars","million kilowatt hours"
"2024-Q1","LA","Louisiana","COM","commercial","300065","10.99","568.44752","5174.72246","number of customers","cents per kilowatt-hour","million dollars","million kilowatt hours"
"2024-Q1","LA","Louisiana","IND","industrial","18132","6","539.00951","8984.14906","number of customers","cents per kilowatt-hour","million dollars","million kilowatt hours"
"2024-Q1","LA","Louisiana","OTH","other",NA,NA,NA,NA,"number of customers","cents per kilowatt-hour","million dollars","million kilowatt hours"
"2024-Q1","LA","Louisiana","RES","residential","2138372","11.5","792.41512","6891.6659","number of customers","cents per kilowatt-hour","million dollars","million kilowatt hours"
"2024-Q1","LA","Louisiana","TRA","transportation","1","11.78",".28387","2.40983","number of customers","cents per kilowatt-hour","million dollars","million kilowatt hours"
"2024-Q1","MA","Massachusetts","ALL","all sectors","3400285","23.99","3089.65977","12878.19829","number of customers","cents per kilowatt-hour","million dollars","million kilowatt hours"
"2024-Q1","MA","Massachusetts","COM","commercial","458107","21.03","1290.07394","6134.0739","number of customers","cents per kilowatt-hour","million dollars","million kilowatt hours"
"2024-Q1","MA","Massachusetts","IND","industrial","10615","18.35","251.94989","1373.10773","number of customers","cents per kilowatt-hour","million dollars","million kilowatt hours"
"2024-Q1","MA","Massachusetts","OTH","other",NA,NA,NA,NA,"number of customers","cents per kilowatt-hour","million dollars","million kilowatt hours"
"2024-Q1","MA","Massachusetts","RES","residential","2931561","29.09","1540.25137","5294.07402","number of customers","cents per kilowatt-hour","million dollars","million kilowatt hours"
"2024-Q1","MA","Massachusetts","TRA","transportation","2","9.6","7.38459","76.94264","number of customers","cents per kilowatt-hour","million dollars","million kilowatt hours"
"2024-Q1","MAT","Middle Atlantic","ALL","all sectors","19144051","15.54","13560.25543","87276.50976","number of customers","cents per kilowatt-hour","million dollars","million kilowatt hours"
"2024-Q1","MAT","Middle Atlantic","COM","commercial","2445239","14.93","5287.21362","35416.37311","number of customers","cents per kilowatt-hour","million dollars","million kilowatt hours"
"2024-Q1","MAT","Middle Atlantic","IND","industrial","43260","8.46","1469.29282","17364.87256","number of customers","cents per kilowatt-hour","million dollars","million kilowatt hours"
"2024-Q1","MAT","Middle Atlantic","OTH","other",NA,NA,NA,NA,"number of customers","cents per kilowatt-hour","million dollars","million kilowatt hours"
"2024-Q1","MAT","Middle Atlantic","RES","residential","16655534","19.89","6679.55486","33574.39152","number of customers","cents per kilowatt-hour","million dollars","million kilowatt hours"
"2024-Q1","MAT","Middle Atlantic","TRA","transportation","18","13.49","124.19413","920.87258","number of customers","cents per kilowatt-hour","million dollars","million kilowatt hours"
"2024-Q1","MD","Maryland","ALL","all sectors","2715774","15.03","2239.6563","14899.75707","number of customers","cents per kilowatt-hour","million dollars","million kilowatt hours"
"2024-Q1","MD","Maryland","COM","commercial","261307","12.84","854.46387","6654.07826","number of customers","cents per kilowatt-hour","million dollars","million kilowatt hours"
"2024-Q1","MD","Maryland","IND","industrial","9301","9.72","79.08304","813.39512","number of customers","cents per kilowatt-hour","million dollars","million kilowatt hours"
"2024-Q1","MD","Maryland","OTH","other",NA,NA,NA,NA,"number of customers","cents per kilowatt-hour","million dollars","million kilowatt hours"
"2024-Q1","MD","Maryland","RES","residential","2445161","17.67","1293.42892","7321.1343","number of customers","cents per kilowatt-hour","million dollars","million kilowatt hours"
"2024-Q1","MD","Maryland","TRA","transportation","5","11.41","12.68048","111.1494","number of customers","cents per kilowatt-hour","million dollars","million kilowatt hours"
"2024-Q1","ME","Maine","ALL","all sectors","852971","20.84","624.64118","2997.93186","number of customers","cents per kilowatt-hour","million dollars","million kilowatt hours"
"2024-Q1","ME","Maine","COM","commercial","110405","19.06","199.64099","1047.50109","number of customers","cents per kilowatt-hour","million dollars","million kilowatt hours"
"2024-Q1","ME","Maine","IND","industrial","1977","13.06","74.17662","568.14988","number of customers","cents per kilowatt-hour","million dollars","million kilowatt hours"
"2024-Q1","ME","Maine","OTH","other",NA,NA,NA,NA,"number of customers","cents per kilowatt-hour","million dollars","million kilowatt hours"
"2024-Q1","ME","Maine","RES","residential","740588","25.38","350.82357","1382.2809","number of customers","cents per kilowatt-hour","million dollars","million kilowatt hours"
"2024-Q1","ME","Maine","TRA","transportation","0",NA,"0","0","number of customers","cents per kilowatt-hour","million dollars","million kilowatt hours"
"2024-Q1","MI","Michigan","ALL","all sectors","5075660","13.84","3342.42809","24157.85743","number of customers","cents per kilowatt-hour","million dollars","million kilowatt hours"
"2024-Q1","MI","Michigan","COM","commercial","562020","13.82","1236.2229","8944.89034","number of customers","cents per kilowatt-hour","million dollars","million kilowatt hours"
"2024-Q1","MI","Michigan","IND","industrial","5636","8.16","569.76852","6984.93802","number of customers","cents per kilowatt-hour","million dollars","million kilowatt hours"
"2024-Q1","MI","Michigan","OTH","other",NA,NA,NA,NA,"number of customers","cents per kilowatt-hour","million dollars","million kilowatt hours"
"2024-Q1","MI","Michigan","RES","residential","4508002","18.67","1536.20955","8226.42693","number of customers","cents per kilowatt-hour","million dollars","million kilowatt hours"
"2024-Q1","MI","Michigan","TRA","transportation","2","14.18",".22715","1.60215","number of customers","cents per kilowatt-hour","million dollars","million kilowatt hours"
"2024-Q1","MN","Minnesota","ALL","all sectors","2883495","11.91","1950.15173","16369.95041","number of customers","cents per kilowatt-hour","million dollars","million kilowatt hours"
"2024-Q1","MN","Minnesota","COM","commercial","307444","11.63","647.13223","5563.31404","number of customers","cents per kilowatt-hour","million dollars","million kilowatt hours"
"2024-Q1","MN","Minnesota","IND","industrial","9021","9.04","440.02763","4870.127","number of customers","cents per kilowatt-hour","million dollars","million kilowatt hours"
"2024-Q1","MN","Minnesota","OTH","other",NA,NA,NA,NA,"number of customers","cents per kilowatt-hour","million dollars","million kilowatt hours"
"2024-Q1","MN","Minnesota","RES","residential","2567028","14.54","862.41762","5931.61425","number of customers","cents per kilowatt-hour","million dollars","million kilowatt hours"
"2024-Q1","MN","Minnesota","TRA","transportation","1","11.73",".57425","4.89513","number of customers","cents per kilowatt-hour","million dollars","million kilowatt hours"
"2024-Q1","MO","Missouri","ALL","all sectors","3332083","9.91","1926.38823","19443.60584","number of customers","cents per kilowatt-hour","million dollars","million kilowatt hours"
"2024-Q1","MO","Missouri","COM","commercial","402953","9.22","649.34659","7044.10131","number of customers","cents per kilowatt-hour","million dollars","million kilowatt hours"
"2024-Q1","MO","Missouri","IND","industrial","9772","7.34","229.54296","3128.01182","number of customers","cents per kilowatt-hour","million dollars","million kilowatt hours"
"2024-Q1","MO","Missouri","OTH","other",NA,NA,NA,NA,"number of customers","cents per kilowatt-hour","million dollars","million kilowatt hours"
"2024-Q1","MO","Missouri","RES","residential","2919356","11.3","1046.92533","9264.26734","number of customers","cents per kilowatt-hour","million dollars","million kilowatt hours"
"2024-Q1","MO","Missouri","TRA","transportation","2","7.94",".57335","7.22537","number of customers","cents per kilowatt-hour","million dollars","million kilowatt hours"
"2024-Q1","MS","Mississippi","ALL","all sectors","1591839","10.92","1246.72473","11417.31974","number of customers","cents per kilowatt-hour","million dollars","million kilowatt hours"
"2024-Q1","MS","Mississippi","COM","commercial","246207","12.67","391.95954","3094.34653","number of customers","cents per kilowatt-hour","million dollars","million kilowatt hours"
"2024-Q1","MS","Mississippi","IND","industrial","12345","6.81","259.77499","3816.42297","number of customers","cents per kilowatt-hour","million dollars","million kilowatt hours"
"2024-Q1","MS","Mississippi","OTH","other",NA,NA,NA,NA,"number of customers","cents per kilowatt-hour","million dollars","million kilowatt hours"
"2024-Q1","MS","Mississippi","RES","residential","1333286","13.2","594.9902","4506.55024","number of customers","cents per kilowatt-hour","million dollars","million kilowatt hours"
"2024-Q1","MS","Mississippi","TRA","transportation","0",NA,"0","0","number of customers","cents per kilowatt-hour","million dollars","million kilowatt hours"
"2024-Q1","MT","Montana","ALL","all sectors","681096","10.98","473.61521","4313.46507","number of customers","cents per kilowatt-hour","million dollars","million kilowatt hours"
"2024-Q1","MT","Montana","COM","commercial","117580","11.52","152.79425","1325.92273","number of customers","cents per kilowatt-hour","million dollars","million kilowatt hours"
"2024-Q1","MT","Montana","IND","industrial","9603","8.79","104.84873","1192.15366","number of customers","cents per kilowatt-hour","million dollars","million kilowatt hours"
"2024-Q1","MT","Montana","OTH","other",NA,NA,NA,NA,"number of customers","cents per kilowatt-hour","million dollars","million kilowatt hours"
"2024-Q1","MT","Montana","RES","residential","553914","12.03","215.97224","1795.38868","number of customers","cents per kilowatt-hour","million dollars","million kilowatt hours"
"2024-Q1","MT","Montana","TRA","transportation","0",NA,"0","0","number of customers","cents per kilowatt-hour","million dollars","million kilowatt hours"
"2024-Q1","MTN","Mountain","ALL","all sectors","12470813","10.7","7481.37871","69901.52322","number of customers","cents per kilowatt-hour","million dollars","million kilowatt hours"
"2024-Q1","MTN","Mountain","COM","commercial","1518169","10.48","2680.94327","25584.42508","number of customers","cents per kilowatt-hour","million dollars","million kilowatt hours"
"2024-Q1","MTN","Mountain","IND","industrial","97452","7.5","1491.42727","19893.84762","number of customers","cents per kilowatt-hour","million dollars","million kilowatt hours"
"2024-Q1","MTN","Mountain","OTH","other",NA,NA,NA,NA,"number of customers","cents per kilowatt-hour","million dollars","million kilowatt hours"
"2024-Q1","MTN","Mountain","RES","residential","10855186","13.55","3304.63737","24383.06264","number of customers","cents per kilowatt-hour","million dollars","million kilowatt hours"
"2024-Q1","MTN","Mountain","TRA","transportation","5","10.88","4.3708","40.18788","number of customers","cents per kilowatt-hour","million dollars","million kilowatt hours"
"2024-Q1","NC","North Carolina","ALL","all sectors","5779043","11.78","3914.69293","33242.33785","number of customers","cents per kilowatt-hour","million dollars","million kilowatt hours"
"2024-Q1","NC","North Carolina","COM","commercial","749030","10.65","1220.64736","11465.96016","number of customers","cents per kilowatt-hour","million dollars","million kilowatt hours"
"2024-Q1","NC","North Carolina","IND","industrial","8935","7.83","476.54926","6087.22784","number of customers","cents per kilowatt-hour","million dollars","million kilowatt hours"
"2024-Q1","NC","North Carolina","OTH","other",NA,NA,NA,NA,"number of customers","cents per kilowatt-hour","million dollars","million kilowatt hours"
"2024-Q1","NC","North Carolina","RES","residential","5021076","14.13","2217.19748","15686.103","number of customers","cents per kilowatt-hour","million dollars","million kilowatt hours"
"2024-Q1","NC","North Carolina","TRA","transportation","1","9.81",".29885","3.04686","number of customers","cents per kilowatt-hour","million dollars","million kilowatt hours"
"2024-Q1","ND","North Dakota","ALL","all sectors","484153","7.98","611.77794","7666.5508","number of customers","cents per kilowatt-hour","million dollars","million kilowatt hours"
"2024-Q1","ND","North Dakota","COM","commercial","76917","7.5","210.65991","2809.18216","number of customers","cents per kilowatt-hour","million dollars","million kilowatt hours"
"2024-Q1","ND","North Dakota","IND","industrial","10691","7.3","241.00411","3302.20618","number of customers","cents per kilowatt-hour","million dollars","million kilowatt hours"
"2024-Q1","ND","North Dakota","OTH","other",NA,NA,NA,NA,"number of customers","cents per kilowatt-hour","million dollars","million kilowatt hours"
"2024-Q1","ND","North Dakota","RES","residential","396545","10.3","160.11393","1555.16247","number of customers","cents per kilowatt-hour","million dollars","million kilowatt hours"
"2024-Q1","ND","North Dakota","TRA","transportation","0",NA,"0","0","number of customers","cents per kilowatt-hour","million dollars","million kilowatt hours"
"2024-Q1","NE","Nebraska","ALL","all sectors","1120565","8.67","741.0645","8545.81817","number of customers","cents per kilowatt-hour","million dollars","million kilowatt hours"
"2024-Q1","NE","Nebraska","COM","commercial","160408","8.42","254.2629","3018.28116","number of customers","cents per kilowatt-hour","million dollars","million kilowatt hours"
"2024-Q1","NE","Nebraska","IND","industrial","60273","7.15","190.19629","2661.22036","number of customers","cents per kilowatt-hour","million dollars","million kilowatt hours"
"2024-Q1","NE","Nebraska","OTH","other",NA,NA,NA,NA,"number of customers","cents per kilowatt-hour","million dollars","million kilowatt hours"
"2024-Q1","NE","Nebraska","RES","residential","899884","10.35","296.6053","2866.31665","number of customers","cents per kilowatt-hour","million dollars","million kilowatt hours"
"2024-Q1","NE","Nebraska","TRA","transportation","0",NA,"0","0","number of customers","cents per kilowatt-hour","million dollars","million kilowatt hours"
"2024-Q1","NEW","New England","ALL","all sectors","7631494","23.12","6620.49","28630.93292","number of customers","cents per kilowatt-hour","million dollars","million kilowatt hours"
"2024-Q1","NEW","New England","COM","commercial","963966","20.43","2525.14244","12357.30013","number of customers","cents per kilowatt-hour","million dollars","million kilowatt hours"
"2024-Q1","NEW","New England","IND","industrial","21441","16.38","573.43919","3500.80337","number of customers","cents per kilowatt-hour","million dollars","million kilowatt hours"
"2024-Q1","NEW","New England","OTH","other",NA,NA,NA,NA,"number of customers","cents per kilowatt-hour","million dollars","million kilowatt hours"
"2024-Q1","NEW","New England","RES","residential","6646082","27.72","3505.55727","12645.49659","number of customers","cents per kilowatt-hour","million dollars","million kilowatt hours"
"2024-Q1","NEW","New England","TRA","transportation","6","12.84","16.35111","127.33284","number of customers","cents per kilowatt-hour","million dollars","million kilowatt hours"
"2024-Q1","NH","New Hampshire","ALL","all sectors","765072","21.08","581.96781","2760.79136","number of customers","cents per kilowatt-hour","million dollars","million kilowatt hours"
"2024-Q1","NH","New Hampshire","COM","commercial","111814","19.84","200.46439","1010.21984","number of customers","cents per kilowatt-hour","million dollars","million kilowatt hours"
"2024-Q1","NH","New Hampshire","IND","industrial","3123","16.88","80.70676","478.18798","number of customers","cents per kilowatt-hour","million dollars","million kilowatt hours"
"2024-Q1","NH","New Hampshire","OTH","other",NA,NA,NA,NA,"number of customers","cents per kilowatt-hour","million dollars","million kilowatt hours"
"2024-Q1","NH","New Hampshire","RES","residential","650134","23.64","300.79668","1272.38354","number of customers","cents per kilowatt-hour","million dollars","million kilowatt hours"
"2024-Q1","NH","New Hampshire","TRA","transportation","0",NA,"0","0","number of customers","cents per kilowatt-hour","million dollars","million kilowatt hours"
"2024-Q1","NJ","New Jersey","ALL","all sectors","4274687","14.95","2572.16478","17201.36119","number of customers","cents per kilowatt-hour","million dollars","million kilowatt hours"
"2024-Q1","NJ","New Jersey","COM","commercial","542558","13.53","1218.14572","9004.05391","number of customers","cents per kilowatt-hour","million dollars","million kilowatt hours"
"2024-Q1","NJ","New Jersey","IND","industrial","11391","11.52","182.4897","1584.4354","number of customers","cents per kilowatt-hour","million dollars","million kilowatt hours"
"2024-Q1","NJ","New Jersey","OTH","other",NA,NA,NA,NA,"number of customers","cents per kilowatt-hour","million dollars","million kilowatt hours"
"2024-Q1","NJ","New Jersey","RES","residential","3720731","17.82","1160.1156","6510.55401","number of customers","cents per kilowatt-hour","million dollars","million kilowatt hours"
"2024-Q1","NJ","New Jersey","TRA","transportation","7","11.16","11.41375","102.31787","number of customers","cents per kilowatt-hour","million dollars","million kilowatt hours"
"2024-Q1","NM","New Mexico","ALL","all sectors","1089115","8.86","611.45872","6903.79337","number of customers","cents per kilowatt-hour","million dollars","million kilowatt hours"
"2024-Q1","NM","New Mexico","COM","commercial","148073","10.03","218.31937","2177.24747","number of customers","cents per kilowatt-hour","million dollars","million kilowatt hours"
"2024-Q1","NM","New Mexico","IND","industrial","9081","5.42","165.50654","3052.28588","number of customers","cents per kilowatt-hour","million dollars","million kilowatt hours"
"2024-Q1","NM","New Mexico","OTH","other",NA,NA,NA,NA,"number of customers","cents per kilowatt-hour","million dollars","million kilowatt hours"
"2024-Q1","NM","New Mexico","RES","residential","931961","13.6","227.6328","1674.26002","number of customers","cents per kilowatt-hour","million dollars","million kilowatt hours"
"2024-Q1","NM","New Mexico","TRA","transportation","0",NA,"0","0","number of customers","cents per kilowatt-hour","million dollars","million kilowatt hours"
"2024-Q1","NV","Nevada","ALL","all sectors","1481791","11.8","975.37768","8267.90063","number of customers","cents per kilowatt-hour","million dollars","million kilowatt hours"
"2024-Q1","NV","Nevada","COM","commercial","175562","10.87","337.23237","3103.62465","number of customers","cents per kilowatt-hour","million dollars","million kilowatt hours"
"2024-Q1","NV","Nevada","IND","industrial","4646","8.35","221.78111","2656.86095","number of customers","cents per kilowatt-hour","million dollars","million kilowatt hours"
"2024-Q1","NV","Nevada","OTH","other",NA,NA,NA,NA,"number of customers","cents per kilowatt-hour","million dollars","million kilowatt hours"
"2024-Q1","NV","Nevada","RES","residential","1301581","16.61","416.16469","2505.74982","number of customers","cents per kilowatt-hour","million dollars","million kilowatt hours"
"2024-Q1","NV","Nevada","TRA","transportation","1","11.98",".19953","1.66521","number of customers","cents per kilowatt-hour","million dollars","million kilowatt hours"
"2024-Q1","NY","New York","ALL","all sectors","8586650","18.87","6443.41588","34140.21724","number of customers","cents per kilowatt-hour","million dollars","million kilowatt hours"
"2024-Q1","NY","New York","COM","commercial","1164621","17.78","3054.13821","17179.00315","number of customers","cents per kilowatt-hour","million dollars","million kilowatt hours"
"2024-Q1","NY","New York","IND","industrial","16999","8.85","348.12859","3934.95134","number of customers","cents per kilowatt-hour","million dollars","million kilowatt hours"
"2024-Q1","NY","New York","OTH","other",NA,NA,NA,NA,"number of customers","cents per kilowatt-hour","million dollars","million kilowatt hours"
"2024-Q1","NY","New York","RES","residential","7405023","23.83","2942.48891","12350.32433","number of customers","cents per kilowatt-hour","million dollars","million kilowatt hours"
"2024-Q1","NY","New York","TRA","transportation","6","14.6","98.6602","675.93843","number of customers","cents per kilowatt-hour","million dollars","million kilowatt hours"
"2024-Q1","OH","Ohio","ALL","all sectors","5776889","11.32","4291.32269","37901.91897","number of customers","cents per kilowatt-hour","million dollars","million kilowatt hours"
"2024-Q1","OH","Ohio","COM","commercial","626003","10.93","1298.02813","11872.49793","number of customers","cents per kilowatt-hour","million dollars","million kilowatt hours"
"2024-Q1","OH","Ohio","IND","industrial","18501","6.96","873.23647","12554.20033","number of customers","cents per kilowatt-hour","million dollars","million kilowatt hours"
"2024-Q1","OH","Ohio","OTH","other",NA,NA,NA,NA,"number of customers","cents per kilowatt-hour","million dollars","million kilowatt hours"
"2024-Q1","OH","Ohio","RES","residential","5132383","15.74","2119.45568","13465.31357","number of customers","cents per kilowatt-hour","million dollars","million kilowatt hours"
"2024-Q1","OH","Ohio","TRA","transportation","2","6.08",".60241","9.90714","number of customers","cents per kilowatt-hour","million dollars","million kilowatt hours"
"2024-Q1","OK","Oklahoma","ALL","all sectors","2185684","8.37","1382.63468","16523.07802","number of customers","cents per kilowatt-hour","million dollars","million kilowatt hours"
"2024-Q1","OK","Oklahoma","COM","commercial","296900","8.38","454.76182","5428.28872","number of customers","cents per kilowatt-hour","million dollars","million kilowatt hours"
"2024-Q1","OK","Oklahoma","IND","industrial","20007","5.6","299.92685","5351.83975","number of customers","cents per kilowatt-hour","million dollars","million kilowatt hours"
"2024-Q1","OK","Oklahoma","OTH","other",NA,NA,NA,NA,"number of customers","cents per kilowatt-hour","million dollars","million kilowatt hours"
"2024-Q1","OK","Oklahoma","RES","residential","1868777","10.93","627.94601","5742.94955","number of customers","cents per kilowatt-hour","million dollars","million kilowatt hours"
"2024-Q1","OK","Oklahoma","TRA","transportation","0",NA,"0","0","number of customers","cents per kilowatt-hour","million dollars","million kilowatt hours"
"2024-Q1","OR","Oregon","ALL","all sectors","2130493","11.21","1737.85501","15499.63513","number of customers","cents per kilowatt-hour","million dollars","million kilowatt hours"
"2024-Q1","OR","Oregon","COM","commercial","246461","10.1","618.71422","6128.34108","number of customers","cents per kilowatt-hour","million dollars","million kilowatt hours"
"2024-Q1","OR","Oregon","IND","industrial","26084","8.21","288.95819","3519.37229","number of customers","cents per kilowatt-hour","million dollars","million kilowatt hours"
"2024-Q1","OR","Oregon","OTH","other",NA,NA,NA,NA,"number of customers","cents per kilowatt-hour","million dollars","million kilowatt hours"
"2024-Q1","OR","Oregon","RES","residential","1857946","14.19","829.48306","5846.32521","number of customers","cents per kilowatt-hour","million dollars","million kilowatt hours"
"2024-Q1","OR","Oregon","TRA","transportation","2","12.5",".69954","5.59655","number of customers","cents per kilowatt-hour","million dollars","million kilowatt hours"
"2024-Q1","PA","Pennsylvania","ALL","all sectors","6282714","12.65","4544.67477","35934.93134","number of customers","cents per kilowatt-hour","million dollars","million kilowatt hours"
"2024-Q1","PA","Pennsylvania","COM","commercial","738060","10.99","1014.92969","9233.31604","number of customers","cents per kilowatt-hour","million dollars","million kilowatt hours"
"2024-Q1","PA","Pennsylvania","IND","industrial","14870","7.92","938.67454","11845.48583","number of customers","cents per kilowatt-hour","million dollars","million kilowatt hours"
"2024-Q1","PA","Pennsylvania","OTH","other",NA,NA,NA,NA,"number of customers","cents per kilowatt-hour","million dollars","million kilowatt hours"
"2024-Q1","PA","Pennsylvania","RES","residential","5529779","17.51","2576.95035","14713.51318","number of customers","cents per kilowatt-hour","million dollars","million kilowatt hours"
"2024-Q1","PA","Pennsylvania","TRA","transportation","5","9.9","14.1202","142.61629","number of customers","cents per kilowatt-hour","million dollars","million kilowatt hours"
"2024-Q1","PACC","Pacific Contiguous","ALL","all sectors","21962012","19.16","18341.37748","95714.79951","number of customers","cents per kilowatt-hour","million dollars","million kilowatt hours"
"2024-Q1","PACC","Pacific Contiguous","COM","commercial","2423236","18.94","7708.48871","40703.82828","number of customers","cents per kilowatt-hour","million dollars","million kilowatt hours"
"2024-Q1","PACC","Pacific Contiguous","IND","industrial","197119","13.29","2272.82102","17099.20992","number of customers","cents per kilowatt-hour","million dollars","million kilowatt hours"
"2024-Q1","PACC","Pacific Contiguous","OTH","other",NA,NA,NA,NA,"number of customers","cents per kilowatt-hour","million dollars","million kilowatt hours"
"2024-Q1","PACC","Pacific Contiguous","RES","residential","19341638","22.09","8328.85414","37709.4006","number of customers","cents per kilowatt-hour","million dollars","million kilowatt hours"
"2024-Q1","PACC","Pacific Contiguous","TRA","transportation","19","15.42","31.21361","202.36072","number of customers","cents per kilowatt-hour","million dollars","million kilowatt hours"
"2024-Q1","PACN","Pacific Noncontiguous","ALL","all sectors","861765","32.13","1198.19636","3728.76388","number of customers","cents per kilowatt-hour","million dollars","million kilowatt hours"
"2024-Q1","PACN","Pacific Noncontiguous","COM","commercial","116547","30.94","413.11836","1335.06738","number of customers","cents per kilowatt-hour","million dollars","million kilowatt hours"
"2024-Q1","PACN","Pacific Noncontiguous","IND","industrial","1976","31.33","360.92892","1151.85169","number of customers","cents per kilowatt-hour","million dollars","million kilowatt hours"
"2024-Q1","PACN","Pacific Noncontiguous","OTH","other",NA,NA,NA,NA,"number of customers","cents per kilowatt-hour","million dollars","million kilowatt hours"
"2024-Q1","PACN","Pacific Noncontiguous","RES","residential","743242","34.15","424.14908","1241.8448","number of customers","cents per kilowatt-hour","million dollars","million kilowatt hours"
"2024-Q1","PACN","Pacific Noncontiguous","TRA","transportation","0",NA,"0","0","number of customers","cents per kilowatt-hour","million dollars","million kilowatt hours"
"2024-Q1","RI","Rhode Island","ALL","all sectors","521004","24.44","444.41307","1818.63372","number of customers","cents per kilowatt-hour","million dollars","million kilowatt hours"
"2024-Q1","RI","Rhode Island","COM","commercial","63130","19.8","177.17541","894.69683","number of customers","cents per kilowatt-hour","million dollars","million kilowatt hours"
"2024-Q1","RI","Rhode Island","IND","industrial","1584","18.75","28.90164","154.18158","number of customers","cents per kilowatt-hour","million dollars","million kilowatt hours"
"2024-Q1","RI","Rhode Island","OTH","other",NA,NA,NA,NA,"number of customers","cents per kilowatt-hour","million dollars","million kilowatt hours"
"2024-Q1","RI","Rhode Island","RES","residential","456289","31.04","237.2375","764.32766","number of customers","cents per kilowatt-hour","million dollars","million kilowatt hours"
"2024-Q1","RI","Rhode Island","TRA","transportation","1","20.24","1.09852","5.42765","number of customers","cents per kilowatt-hour","million dollars","million kilowatt hours"
"2024-Q1","SAT","South Atlantic","ALL","all sectors","34563512","11.93","24465.65985","205086.54225","number of customers","cents per kilowatt-hour","million dollars","million kilowatt hours"
"2024-Q1","SAT","South Atlantic","COM","commercial","4023088","10.88","8827.19411","81114.10691","number of customers","cents per kilowatt-hour","million dollars","million kilowatt hours"
"2024-Q1","SAT","South Atlantic","IND","industrial","88189","7.58","2452.89832","32353.59649","number of customers","cents per kilowatt-hour","million dollars","million kilowatt hours"
"2024-Q1","SAT","South Atlantic","OTH","other",NA,NA,NA,NA,"number of customers","cents per kilowatt-hour","million dollars","million kilowatt hours"
"2024-Q1","SAT","South Atlantic","RES","residential","30452222","14.41","13153.96235","91305.56715","number of customers","cents per kilowatt-hour","million dollars","million kilowatt hours"
"2024-Q1","SAT","South Atlantic","TRA","transportation","13","10.09","31.60506","313.27169","number of customers","cents per kilowatt-hour","million dollars","million kilowatt hours"
"2024-Q1","SC","South Carolina","ALL","all sectors","2970478","10.7","2102.00445","19650.47373","number of customers","cents per kilowatt-hour","million dollars","million kilowatt hours"
"2024-Q1","SC","South Carolina","COM","commercial","410022","10.56","629.84496","5964.89046","number of customers","cents per kilowatt-hour","million dollars","million kilowatt hours"
"2024-Q1","SC","South Carolina","IND","industrial","3586","6.68","392.28821","5874.2381","number of customers","cents per kilowatt-hour","million dollars","million kilowatt hours"
"2024-Q1","SC","South Carolina","OTH","other",NA,NA,NA,NA,"number of customers","cents per kilowatt-hour","million dollars","million kilowatt hours"
"2024-Q1","SC","South Carolina","RES","residential","2556870","13.82","1079.87127","7811.34517","number of customers","cents per kilowatt-hour","million dollars","million kilowatt hours"
"2024-Q1","SC","South Carolina","TRA","transportation","0",NA,"0","0","number of customers","cents per kilowatt-hour","million dollars","million kilowatt hours"
"2024-Q1","SD","South Dakota","ALL","all sectors","512708","10.4","373.88924","3596.01652","number of customers","cents per kilowatt-hour","million dollars","million kilowatt hours"
"2024-Q1","SD","South Dakota","COM","commercial","77813","10.21","130.89708","1281.53733","number of customers","cents per kilowatt-hour","million dollars","million kilowatt hours"
"2024-Q1","SD","South Dakota","IND","industrial","4166","8.11","64.54759","795.73552","number of customers","cents per kilowatt-hour","million dollars","million kilowatt hours"
"2024-Q1","SD","South Dakota","OTH","other",NA,NA,NA,NA,"number of customers","cents per kilowatt-hour","million dollars","million kilowatt hours"
"2024-Q1","SD","South Dakota","RES","residential","430728","11.75","178.44458","1518.74367","number of customers","cents per kilowatt-hour","million dollars","million kilowatt hours"
"2024-Q1","SD","South Dakota","TRA","transportation","0",NA,"0","0","number of customers","cents per kilowatt-hour","million dollars","million kilowatt hours"
"2024-Q1","TN","Tennessee","ALL","all sectors","3674346","10.84","2779.04535","25639.3689","number of customers","cents per kilowatt-hour","million dollars","million kilowatt hours"
"2024-Q1","TN","Tennessee","COM","commercial","538633","12.03","995.15821","8274.4328","number of customers","cents per kilowatt-hour","million dollars","million kilowatt hours"
"2024-Q1","TN","Tennessee","IND","industrial","1021","6.26","344.60942","5502.45118","number of customers","cents per kilowatt-hour","million dollars","million kilowatt hours"
"2024-Q1","TN","Tennessee","OTH","other",NA,NA,NA,NA,"number of customers","cents per kilowatt-hour","million dollars","million kilowatt hours"
"2024-Q1","TN","Tennessee","RES","residential","3134691","12.13","1439.27772","11862.48493","number of customers","cents per kilowatt-hour","million dollars","million kilowatt hours"
"2024-Q1","TN","Tennessee","TRA","transportation","0",NA,"0","0","number of customers","cents per kilowatt-hour","million dollars","million kilowatt hours"
"2024-Q1","TX","Texas","ALL","all sectors","14303182","9.45","10663.08771","112828.40983","number of customers","cents per kilowatt-hour","million dollars","million kilowatt hours"
"2024-Q1","TX","Texas","COM","commercial","1561821","8.38","3157.90972","37666.73244","number of customers","cents per kilowatt-hour","million dollars","million kilowatt hours"
"2024-Q1","TX","Texas","IND","industrial","357067","5.93","2364.91812","39877.18034","number of customers","cents per kilowatt-hour","million dollars","million kilowatt hours"
"2024-Q1","TX","Texas","OTH","other",NA,NA,NA,NA,"number of customers","cents per kilowatt-hour","million dollars","million kilowatt hours"
"2024-Q1","TX","Texas","RES","residential","12384290","14.57","5140.10966","35281.86269","number of customers","cents per kilowatt-hour","million dollars","million kilowatt hours"
"2024-Q1","TX","Texas","TRA","transportation","3","5.7",".15021","2.63438","number of customers","cents per kilowatt-hour","million dollars","million kilowatt hours"
"2024-Q1","US","U.S. Total","ALL","all sectors","162884114","12.63","119245.48292","944253.14071","number of customers","cents per kilowatt-hour","million dollars","million kilowatt hours"
"2024-Q1","US","U.S. Total","COM","commercial","19443470","12.5","42330.95703","338582.98556","number of customers","cents per kilowatt-hour","million dollars","million kilowatt hours"
"2024-Q1","US","U.S. Total","IND","industrial","1085888","7.84","19122.46877","243894.09268","number of customers","cents per kilowatt-hour","million dollars","million kilowatt hours"
"2024-Q1","US","U.S. Total","OTH","other",NA,NA,NA,NA,"number of customers","cents per kilowatt-hour","million dollars","million kilowatt hours"
"2024-Q1","US","U.S. Total","RES","residential","142354676","15.99","57573.28791","360033.76362","number of customers","cents per kilowatt-hour","million dollars","million kilowatt hours"
"2024-Q1","US","U.S. Total","TRA","transportation","80","12.56","218.76921","1742.29884","number of customers","cents per kilowatt-hour","million dollars","million kilowatt hours"
"2024-Q1","UT","Utah","ALL","all sectors","1418464","9.31","745.3269","8006.15741","number of customers","cents per kilowatt-hour","million dollars","million kilowatt hours"
"2024-Q1","UT","Utah","COM","commercial","144561","8.62","282.36524","3277.20675","number of customers","cents per kilowatt-hour","million dollars","million kilowatt hours"
"2024-Q1","UT","Utah","IND","industrial","10748","7.68","159.00435","2069.52678","number of customers","cents per kilowatt-hour","million dollars","million kilowatt hours"
"2024-Q1","UT","Utah","OTH","other",NA,NA,NA,NA,"number of customers","cents per kilowatt-hour","million dollars","million kilowatt hours"
"2024-Q1","UT","Utah","RES","residential","1263153","11.43","302.33688","2646.01862","number of customers","cents per kilowatt-hour","million dollars","million kilowatt hours"
"2024-Q1","UT","Utah","TRA","transportation","1","12.09","1.62043","13.40526","number of customers","cents per kilowatt-hour","million dollars","million kilowatt hours"
"2024-Q1","VA","Virginia","ALL","all sectors","4085684","10.65","3647.81453","34235.7182","number of customers","cents per kilowatt-hour","million dollars","million kilowatt hours"
"2024-Q1","VA","Virginia","COM","commercial","444750","8.86","1634.22281","18439.25599","number of customers","cents per kilowatt-hour","million dollars","million kilowatt hours"
"2024-Q1","VA","Virginia","IND","industrial","3700","8.94","302.85826","3389.06241","number of customers","cents per kilowatt-hour","million dollars","million kilowatt hours"
"2024-Q1","VA","Virginia","OTH","other",NA,NA,NA,NA,"number of customers","cents per kilowatt-hour","million dollars","million kilowatt hours"
"2024-Q1","VA","Virginia","RES","residential","3637233","13.81","1704.04785","12337.72289","number of customers","cents per kilowatt-hour","million dollars","million kilowatt hours"
"2024-Q1","VA","Virginia","TRA","transportation","1","9.6","6.68561","69.67691","number of customers","cents per kilowatt-hour","million dollars","million kilowatt hours"
"2024-Q1","VT","Vermont","ALL","all sectors","386514","18.05","259.9455","1439.96016","number of customers","cents per kilowatt-hour","million dollars","million kilowatt hours"
"2024-Q1","VT","Vermont","COM","commercial","63733","18.48","89.94373","486.83082","number of customers","cents per kilowatt-hour","million dollars","million kilowatt hours"
"2024-Q1","VT","Vermont","IND","industrial","252","11.59","38.0093","327.96535","number of customers","cents per kilowatt-hour","million dollars","million kilowatt hours"
"2024-Q1","VT","Vermont","OTH","other",NA,NA,NA,NA,"number of customers","cents per kilowatt-hour","million dollars","million kilowatt hours"
"2024-Q1","VT","Vermont","RES","residential","322528","21.11","131.99247","625.164","number of customers","cents per kilowatt-hour","million dollars","million kilowatt hours"
"2024-Q1","VT","Vermont","TRA","transportation","0",NA,"0","0","number of customers","cents per kilowatt-hour","million dollars","million kilowatt hours"
"2024-Q1","WA","Washington","ALL","all sectors","3775851","10.27","2533.73177","24669.32986","number of customers","cents per kilowatt-hour","million dollars","million kilowatt hours"
"2024-Q1","WA","Washington","COM","commercial","403659","10.6","853.93892","8057.91602","number of customers","cents per kilowatt-hour","million dollars","million kilowatt hours"
"2024-Q1","WA","Washington","IND","industrial","25582","6.71","298.01952","4441.80982","number of customers","cents per kilowatt-hour","million dollars","million kilowatt hours"
"2024-Q1","WA","Washington","OTH","other",NA,NA,NA,NA,"number of customers","cents per kilowatt-hour","million dollars","million kilowatt hours"
"2024-Q1","WA","Washington","RES","residential","3346606","11.35","1379.11697","12146.17574","number of customers","cents per kilowatt-hour","million dollars","million kilowatt hours"
"2024-Q1","WA","Washington","TRA","transportation","5","11.34","2.65635","23.4283","number of customers","cents per kilowatt-hour","million dollars","million kilowatt hours"
"2024-Q1","WI","Wisconsin","ALL","all sectors","3207497","12.61","2122.41592","16835.03823","number of customers","cents per kilowatt-hour","million dollars","million kilowatt hours"
"2024-Q1","WI","Wisconsin","COM","commercial","369148","12.58","714.50417","5679.56383","number of customers","cents per kilowatt-hour","million dollars","million kilowatt hours"
"2024-Q1","WI","Wisconsin","IND","industrial","5533","8.34","460.29262","5517.53154","number of customers","cents per kilowatt-hour","million dollars","million kilowatt hours"
"2024-Q1","WI","Wisconsin","OTH","other",NA,NA,NA,NA,"number of customers","cents per kilowatt-hour","million dollars","million kilowatt hours"
"2024-Q1","WI","Wisconsin","RES","residential","2832814","16.81","947.55948","5637.62778","number of customers","cents per kilowatt-hour","million dollars","million kilowatt hours"
"2024-Q1","WI","Wisconsin","TRA","transportation","2","18.94",".05966",".31507","number of customers","cents per kilowatt-hour","million dollars","million kilowatt hours"
"2024-Q1","WNC","West North Central","ALL","all sectors","11613772","9.89","7799.43572","78828.61534","number of customers","cents per kilowatt-hour","million dollars","million kilowatt hours"
"2024-Q1","WNC","West North Central","COM","commercial","1521011","9.72","2572.9691","26478.35082","number of customers","cents per kilowatt-hour","million dollars","million kilowatt hours"
"2024-Q1","WNC","West North Central","IND","industrial","126676","7.38","1779.37933","24120.48342","number of customers","cents per kilowatt-hour","million dollars","million kilowatt hours"
"2024-Q1","WNC","West North Central","OTH","other",NA,NA,NA,NA,"number of customers","cents per kilowatt-hour","million dollars","million kilowatt hours"
"2024-Q1","WNC","West North Central","RES","residential","9966082","12.21","3445.93972","28217.66061","number of customers","cents per kilowatt-hour","million dollars","million kilowatt hours"
"2024-Q1","WNC","West North Central","TRA","transportation","3","9.47","1.1476","12.1205","number of customers","cents per kilowatt-hour","million dollars","million kilowatt hours"
"2024-Q1","WSC","West South Central","ALL","all sectors","20654152","9.3","15116.07016","162604.00374","number of customers","cents per kilowatt-hour","million dollars","million kilowatt hours"
"2024-Q1","WSC","West South Central","COM","commercial","2365121","8.76","4460.60423","50929.8202","number of customers","cents per kilowatt-hour","million dollars","million kilowatt hours"
"2024-Q1","WSC","West South Central","IND","industrial","429141","5.96","3509.22852","58832.98448","number of customers","cents per kilowatt-hour","million dollars","million kilowatt hours"
"2024-Q1","WSC","West South Central","OTH","other",NA,NA,NA,NA,"number of customers","cents per kilowatt-hour","million dollars","million kilowatt hours"
"2024-Q1","WSC","West South Central","RES","residential","17859883","13.52","7145.79575","52836.09626","number of customers","cents per kilowatt-hour","million dollars","million kilowatt hours"
"2024-Q1","WSC","West South Central","TRA","transportation","6","8.66",".44166","5.10281","number of customers","cents per kilowatt-hour","million dollars","million kilowatt hours"
"2024-Q1","WV","West Virginia","ALL","all sectors","1030356","10.72","937.19817","8740.19608","number of customers","cents per kilowatt-hour","million dollars","million kilowatt hours"
"2024-Q1","WV","West Virginia","COM","commercial","151722","11.13","212.55776","1909.11646","number of customers","cents per kilowatt-hour","million dollars","million kilowatt hours"
"2024-Q1","WV","West Virginia","IND","industrial","11069","7.51","274.74484","3658.30649","number of customers","cents per kilowatt-hour","million dollars","million kilowatt hours"
"2024-Q1","WV","West Virginia","OTH","other",NA,NA,NA,NA,"number of customers","cents per kilowatt-hour","million dollars","million kilowatt hours"
"2024-Q1","WV","West Virginia","RES","residential","867565","14.18","449.89558","3172.77312","number of customers","cents per kilowatt-hour","million dollars","million kilowatt hours"
"2024-Q1","WV","West Virginia","TRA","transportation","0",NA,"0","0","number of customers","cents per kilowatt-hour","million dollars","million kilowatt hours"
"2024-Q1","WY","Wyoming","ALL","all sectors","355974","8.75","398.31257","4552.65188","number of customers","cents per kilowatt-hour","million dollars","million kilowatt hours"
"2024-Q1","WY","Wyoming","COM","commercial","58669","8.9","123.38442","1385.63346","number of customers","cents per kilowatt-hour","million dollars","million kilowatt hours"
"2024-Q1","WY","Wyoming","IND","industrial","11833","7.56","168.56948","2230.67749","number of customers","cents per kilowatt-hour","million dollars","million kilowatt hours"
"2024-Q1","WY","Wyoming","OTH","other",NA,NA,NA,NA,"number of customers","cents per kilowatt-hour","million dollars","million kilowatt hours"
"2024-Q1","WY","Wyoming","RES","residential","285472","11.36","106.35868","936.34093","number of customers","cents per kilowatt-hour","million dollars","million kilowatt hours"
"2024-Q1","WY","Wyoming","TRA","transportation","0",NA,"0","0","number of customers","cents per kilowatt-hour","million dollars","million kilowatt hours"
"2023-Q4","AK","Alaska","ALL","all sectors","355262","21.76","341.05086","1567.16352","number of customers","cents per kilowatt-hour","million dollars","million kilowatt hours"
"2023-Q4","AK","Alaska","COM","commercial","56915","20.92","139.36502","666.15241","number of customers","cents per kilowatt-hour","million dollars","million kilowatt hours"
"2023-Q4","AK","Alaska","IND","industrial","1163","19.6","68.2046","348.0152","number of customers","cents per kilowatt-hour","million dollars","million kilowatt hours"
"2023-Q4","AK","Alaska","OTH","other",NA,NA,NA,NA,"number of customers","cents per kilowatt-hour","million dollars","million kilowatt hours"
"2023-Q4","AK","Alaska","RES","residential","297184","24.14","133.48124","552.99589","number of customers","cents per kilowatt-hour","million dollars","million kilowatt hours"
"2023-Q4","AK","Alaska","TRA","transportation","0",NA,"0","0","number of customers","cents per kilowatt-hour","million dollars","million kilowatt hours"
"2023-Q4","AL","Alabama","ALL","all sectors","2753896","11.41","2245.36493","19687.47202","number of customers","cents per kilowatt-hour","million dollars","million kilowatt hours"
"2023-Q4","AL","Alabama","COM","commercial","384690","13.31","682.52397","5127.88747","number of customers","cents per kilowatt-hour","million dollars","million kilowatt hours"
"2023-Q4","AL","Alabama","IND","industrial","7225","7.17","548.47134","7654.77693","number of customers","cents per kilowatt-hour","million dollars","million kilowatt hours"
"2023-Q4","AL","Alabama","OTH","other",NA,NA,NA,NA,"number of customers","cents per kilowatt-hour","million dollars","million kilowatt hours"
"2023-Q4","AL","Alabama","RES","residential","2361981","14.69","1014.36963","6904.80764","number of customers","cents per kilowatt-hour","million dollars","million kilowatt hours"
"2023-Q4","AL","Alabama","TRA","transportation","0",NA,"0","0","number of customers","cents per kilowatt-hour","million dollars","million kilowatt hours"
"2023-Q4","AR","Arkansas","ALL","all sectors","1710566","9.45","1062.90374","11245.95721","number of customers","cents per kilowatt-hour","million dollars","million kilowatt hours"
"2023-Q4","AR","Arkansas","COM","commercial","206426","10.32","281.34359","2726.24813","number of customers","cents per kilowatt-hour","million dollars","million kilowatt hours"
"2023-Q4","AR","Arkansas","IND","industrial","37218","6.61","302.90373","4581.87819","number of customers","cents per kilowatt-hour","million dollars","million kilowatt hours"
"2023-Q4","AR","Arkansas","OTH","other",NA,NA,NA,NA,"number of customers","cents per kilowatt-hour","million dollars","million kilowatt hours"
"2023-Q4","AR","Arkansas","RES","residential","1466920","12.16","478.64727","3937.76857","number of customers","cents per kilowatt-hour","million dollars","million kilowatt hours"
"2023-Q4","AR","Arkansas","TRA","transportation","2","14.7",".00916",".06231","number of customers","cents per kilowatt-hour","million dollars","million kilowatt hours"
"2023-Q4","AZ","Arizona","ALL","all sectors","3447499","12.09","2258.94888","18679.72847","number of customers","cents per kilowatt-hour","million dollars","million kilowatt hours"
"2023-Q4","AZ","Arizona","COM","commercial","345324","11.66","889.19172","7622.85958","number of customers","cents per kilowatt-hour","million dollars","million kilowatt hours"
"2023-Q4","AZ","Arizona","IND","industrial","7528","7.9","278.76361","3530.54015","number of customers","cents per kilowatt-hour","million dollars","million kilowatt hours"
"2023-Q4","AZ","Arizona","OTH","other",NA,NA,NA,NA,"number of customers","cents per kilowatt-hour","million dollars","million kilowatt hours"
"2023-Q4","AZ","Arizona","RES","residential","3094644","14.5","1090.75083","7523.89403","number of customers","cents per kilowatt-hour","million dollars","million kilowatt hours"
"2023-Q4","AZ","Arizona","TRA","transportation","2","9.97",".24273","2.4347","number of customers","cents per kilowatt-hour","million dollars","million kilowatt hours"
"2023-Q4","CA","California","ALL","all sectors","15954039","24.82","14279.26978","57529.80497","number of customers","cents per kilowatt-hour","million dollars","million kilowatt hours"
"2023-Q4","CA","California","COM","commercial","1759756","23.58","6595.18599","27968.02337","number of customers","cents per kilowatt-hour","million dollars","million kilowatt hours"
"2023-Q4","CA","California","IND","industrial","145033","18.89","2002.44098","10599.85564","number of customers","cents per kilowatt-hour","million dollars","million kilowatt hours"
"2023-Q4","CA","California","OTH","other",NA,NA,NA,NA,"number of customers","cents per kilowatt-hour","million dollars","million kilowatt hours"
"2023-Q4","CA","California","RES","residential","14049237","30.11","5657.67805","18789.65279","number of customers","cents per kilowatt-hour","million dollars","million kilowatt hours"
"2023-Q4","CA","California","TRA","transportation","12","13.91","23.96475","172.27315","number of customers","cents per kilowatt-hour","million dollars","million kilowatt hours"
"2023-Q4","CO","Colorado","ALL","all sectors","2945368","11.55","1524.13996","13191.16136","number of customers","cents per kilowatt-hour","million dollars","million kilowatt hours"
"2023-Q4","CO","Colorado","COM","commercial","399077","11.31","562.59371","4975.86047","number of customers","cents per kilowatt-hour","million dollars","million kilowatt hours"
"2023-Q4","CO","Colorado","IND","industrial","15281","8.32","302.67822","3638.51305","number of customers","cents per kilowatt-hour","million dollars","million kilowatt hours"
"2023-Q4","CO","Colorado","OTH","other",NA,NA,NA,NA,"number of customers","cents per kilowatt-hour","million dollars","million kilowatt hours"
"2023-Q4","CO","Colorado","RES","residential","2531008","14.4","655.96572","4554.5309","number of customers","cents per kilowatt-hour","million dollars","million kilowatt hours"
"2023-Q4","CO","Colorado","TRA","transportation","2","13.04","2.9023","22.25693","number of customers","cents per kilowatt-hour","million dollars","million kilowatt hours"
"2023-Q4","CT","Connecticut","ALL","all sectors","1706748","22.9","1466.64015","6403.19947","number of customers","cents per kilowatt-hour","million dollars","million kilowatt hours"
"2023-Q4","CT","Connecticut","COM","commercial","156861","19.64","541.83351","2758.59156","number of customers","cents per kilowatt-hour","million dollars","million kilowatt hours"
"2023-Q4","CT","Connecticut","IND","industrial","3916","15.8","98.85609","625.49142","number of customers","cents per kilowatt-hour","million dollars","million kilowatt hours"
"2023-Q4","CT","Connecticut","OTH","other",NA,NA,NA,NA,"number of customers","cents per kilowatt-hour","million dollars","million kilowatt hours"
"2023-Q4","CT","Connecticut","RES","residential","1545969","27.51","817.82801","2972.39595","number of customers","cents per kilowatt-hour","million dollars","million kilowatt hours"
"2023-Q4","CT","Connecticut","TRA","transportation","3","17.39","8.12253","46.72053","number of customers","cents per kilowatt-hour","million dollars","million kilowatt hours"
"2023-Q4","DC","District of Columbia","ALL","all sectors","342403","17.01","390.33692","2294.68229","number of customers","cents per kilowatt-hour","million dollars","million kilowatt hours"
"2023-Q4","DC","District of Columbia","COM","commercial","27452","17.29","288.08501","1666.18596","number of customers","cents per kilowatt-hour","million dollars","million kilowatt hours"
"2023-Q4","DC","District of Columbia","IND","industrial","1","10.88","5.03741","46.30192","number of customers","cents per kilowatt-hour","million dollars","million kilowatt hours"
"2023-Q4","DC","District of Columbia","OTH","other",NA,NA,NA,NA,"number of customers","cents per kilowatt-hour","million dollars","million kilowatt hours"
"2023-Q4","DC","District of Columbia","RES","residential","314947","17.62","89.75191","509.33178","number of customers","cents per kilowatt-hour","million dollars","million kilowatt hours"
"2023-Q4","DC","District of Columbia","TRA","transportation","3","10.24","7.46259","72.86263","number of customers","cents per kilowatt-hour","million dollars","million kilowatt hours"
"2023-Q4","DE","Delaware","ALL","all sectors","530609","13.34","334.1413","2504.20345","number of customers","cents per kilowatt-hour","million dollars","million kilowatt hours"
"2023-Q4","DE","Delaware","COM","commercial","60078","12.17","118.1664","971.18453","number of customers","cents per kilowatt-hour","million dollars","million kilowatt hours"
"2023-Q4","DE","Delaware","IND","industrial","879","7.68","35.99002","468.77326","number of customers","cents per kilowatt-hour","million dollars","million kilowatt hours"
"2023-Q4","DE","Delaware","OTH","other",NA,NA,NA,NA,"number of customers","cents per kilowatt-hour","million dollars","million kilowatt hours"
"2023-Q4","DE","Delaware","RES","residential","469652","16.91","179.98489","1064.24566","number of customers","cents per kilowatt-hour","million dollars","million kilowatt hours"
"2023-Q4","DE","Delaware","TRA","transportation","0",NA,"0","0","number of customers","cents per kilowatt-hour","million dollars","million kilowatt hours"
"2023-Q4","ENC","East North Central","ALL","all sectors","23501356","11.81","15262.98797","129287.05383","number of customers","cents per kilowatt-hour","million dollars","million kilowatt hours"
"2023-Q4","ENC","East North Central","COM","commercial","2552994","11.84","4998.21288","42200.2343","number of customers","cents per kilowatt-hour","million dollars","million kilowatt hours"
"2023-Q4","ENC","East North Central","IND","industrial","54665","7.79","3543.08113","45493.98052","number of customers","cents per kilowatt-hour","million dollars","million kilowatt hours"
"2023-Q4","ENC","East North Central","OTH","other",NA,NA,NA,NA,"number of customers","cents per kilowatt-hour","million dollars","million kilowatt hours"
"2023-Q4","ENC","East North Central","RES","residential","20893686","16.18","6714.14161","41483.93602","number of customers","cents per kilowatt-hour","million dollars","million kilowatt hours"
"2023-Q4","ENC","East North Central","TRA","transportation","11","6.93","7.55234","108.90301","number of customers","cents per kilowatt-hour","million dollars","million kilowatt hours"
"2023-Q4","ESC","East South Central","ALL","all sectors","10415625","10.67","7544.99502","70721.70562","number of customers","cents per kilowatt-hour","million dollars","million kilowatt hours"
"2023-Q4","ESC","East South Central","COM","commercial","1491682","12.04","2579.53554","21427.36169","number of customers","cents per kilowatt-hour","million dollars","million kilowatt hours"
"2023-Q4","ESC","East South Central","IND","industrial","24115","6.64","1573.73067","23717.10538","number of customers","cents per kilowatt-hour","million dollars","million kilowatt hours"
"2023-Q4","ESC","East South Central","OTH","other",NA,NA,NA,NA,"number of customers","cents per kilowatt-hour","million dollars","million kilowatt hours"
"2023-Q4","ESC","East South Central","RES","residential","8899828","13.26","3391.72881","25577.23854","number of customers","cents per kilowatt-hour","million dollars","million kilowatt hours"
"2023-Q4","ESC","East South Central","TRA","transportation","0",NA,"0","0","number of customers","cents per kilowatt-hour","million dollars","million kilowatt hours"
"2023-Q4","FL","Florida","ALL","all sectors","11609099","13.5","7657.34929","56705.96663","number of customers","cents per kilowatt-hour","million dollars","million kilowatt hours"
"2023-Q4","FL","Florida","COM","commercial","1294987","11.98","2748.7854","22952.4619","number of customers","cents per kilowatt-hour","million dollars","million kilowatt hours"
"2023-Q4","FL","Florida","IND","industrial","26416","9.11","396.00484","4348.37929","number of customers","cents per kilowatt-hour","million dollars","million kilowatt hours"
"2023-Q4","FL","Florida","OTH","other",NA,NA,NA,NA,"number of customers","cents per kilowatt-hour","million dollars","million kilowatt hours"
"2023-Q4","FL","Florida","RES","residential","10287694","15.35","4510.6132","29388.02784","number of customers","cents per kilowatt-hour","million dollars","million kilowatt hours"
"2023-Q4","FL","Florida","TRA","transportation","2","11.38","1.94588","17.0976","number of customers","cents per kilowatt-hour","million dollars","million kilowatt hours"
"2023-Q4","GA","Georgia","ALL","all sectors","5372592","10.64","3505.82225","32963.43076","number of customers","cents per kilowatt-hour","million dollars","million kilowatt hours"
"2023-Q4","GA","Georgia","COM","commercial","611561","10.7","1298.3599","12132.31305","number of customers","cents per kilowatt-hour","million dollars","million kilowatt hours"
"2023-Q4","GA","Georgia","IND","industrial","24132","6.38","498.87639","7824.40531","number of customers","cents per kilowatt-hour","million dollars","million kilowatt hours"
"2023-Q4","GA","Georgia","OTH","other",NA,NA,NA,NA,"number of customers","cents per kilowatt-hour","million dollars","million kilowatt hours"
"2023-Q4","GA","Georgia","RES","residential","4736897","13.16","1706.39432","12971.29632","number of customers","cents per kilowatt-hour","million dollars","million kilowatt hours"
"2023-Q4","GA","Georgia","TRA","transportation","1","6.19","2.19165","35.41608","number of customers","cents per kilowatt-hour","million dollars","million kilowatt hours"
"2023-Q4","HI","Hawaii","ALL","all sectors","506698","38.94","900.13633","2311.80674","number of customers","cents per kilowatt-hour","million dollars","million kilowatt hours"
"2023-Q4","HI","Hawaii","COM","commercial","59902","39.43","281.48016","713.84141","number of customers","cents per kilowatt-hour","million dollars","million kilowatt hours"
"2023-Q4","HI","Hawaii","IND","industrial","813","35.6","315.24268","885.59742","number of customers","cents per kilowatt-hour","million dollars","million kilowatt hours"
"2023-Q4","HI","Hawaii","OTH","other",NA,NA,NA,NA,"number of customers","cents per kilowatt-hour","million dollars","million kilowatt hours"
"2023-Q4","HI","Hawaii","RES","residential","445983","42.59","303.41348","712.3679","number of customers","cents per kilowatt-hour","million dollars","million kilowatt hours"
"2023-Q4","HI","Hawaii","TRA","transportation","0",NA,"0","0","number of customers","cents per kilowatt-hour","million dollars","million kilowatt hours"
"2023-Q4","IA","Iowa","ALL","all sectors","1702560","8.54","1129.85612","13228.76658","number of customers","cents per kilowatt-hour","million dollars","million kilowatt hours"
"2023-Q4","IA","Iowa","COM","commercial","251305","9.51","295.54351","3107.92786","number of customers","cents per kilowatt-hour","million dollars","million kilowatt hours"
"2023-Q4","IA","Iowa","IND","industrial","9388","6.1","416.3371","6824.83169","number of customers","cents per kilowatt-hour","million dollars","million kilowatt hours"
"2023-Q4","IA","Iowa","OTH","other",NA,NA,NA,NA,"number of customers","cents per kilowatt-hour","million dollars","million kilowatt hours"
"2023-Q4","IA","Iowa","RES","residential","1441867","12.68","417.97552","3296.00703","number of customers","cents per kilowatt-hour","million dollars","million kilowatt hours"
"2023-Q4","IA","Iowa","TRA","transportation","0",NA,"0","0","number of customers","cents per kilowatt-hour","million dollars","million kilowatt hours"
"2023-Q4","ID","Idaho","ALL","all sectors","1005978","9.4","548.24788","5835.18291","number of customers","cents per kilowatt-hour","million dollars","million kilowatt hours"
"2023-Q4","ID","Idaho","COM","commercial","122392","9","152.7909","1697.5678","number of customers","cents per kilowatt-hour","million dollars","million kilowatt hours"
"2023-Q4","ID","Idaho","IND","industrial","29334","6.51","109.61173","1683.87614","number of customers","cents per kilowatt-hour","million dollars","million kilowatt hours"
"2023-Q4","ID","Idaho","OTH","other",NA,NA,NA,NA,"number of customers","cents per kilowatt-hour","million dollars","million kilowatt hours"
"2023-Q4","ID","Idaho","RES","residential","854252","11.65","285.84526","2453.73897","number of customers","cents per kilowatt-hour","million dollars","million kilowatt hours"
"2023-Q4","ID","Idaho","TRA","transportation","0",NA,"0","0","number of customers","cents per kilowatt-hour","million dollars","million kilowatt hours"
"2023-Q4","IL","Illinois","ALL","all sectors","6040858","11.41","3522.63757","30863.22136","number of customers","cents per kilowatt-hour","million dollars","million kilowatt hours"
"2023-Q4","IL","Illinois","COM","commercial","626532","10.95","1192.88443","10897.64728","number of customers","cents per kilowatt-hour","million dollars","million kilowatt hours"
"2023-Q4","IL","Illinois","IND","industrial","5522","8.18","831.81933","10171.5283","number of customers","cents per kilowatt-hour","million dollars","million kilowatt hours"
"2023-Q4","IL","Illinois","OTH","other",NA,NA,NA,NA,"number of customers","cents per kilowatt-hour","million dollars","million kilowatt hours"
"2023-Q4","IL","Illinois","RES","residential","5408800","15.38","1491.39902","9696.3933","number of customers","cents per kilowatt-hour","million dollars","million kilowatt hours"
"2023-Q4","IL","Illinois","TRA","transportation","4","6.69","6.53478","97.65248","number of customers","cents per kilowatt-hour","million dollars","million kilowatt hours"
"2023-Q4","IN","Indiana","ALL","all sectors","3424649","11.11","2539.88779","22853.06992","number of customers","cents per kilowatt-hour","million dollars","million kilowatt hours"
"2023-Q4","IN","Indiana","COM","commercial","372679","12.25","676.53563","5522.44745","number of customers","cents per kilowatt-hour","million dollars","million kilowatt hours"
"2023-Q4","IN","Indiana","IND","industrial","19165","7.83","786.8513","10044.52063","number of customers","cents per kilowatt-hour","million dollars","million kilowatt hours"
"2023-Q4","IN","Indiana","OTH","other",NA,NA,NA,NA,"number of customers","cents per kilowatt-hour","million dollars","million kilowatt hours"
"2023-Q4","IN","Indiana","RES","residential","3032804","14.78","1076.16978","7283.40019","number of customers","cents per kilowatt-hour","million dollars","million kilowatt hours"
"2023-Q4","IN","Indiana","TRA","transportation","1","12.26",".33109","2.70165","number of customers","cents per kilowatt-hour","million dollars","million kilowatt hours"
"2023-Q4","KS","Kansas","ALL","all sectors","1581637","10.26","952.83352","9283.28894","number of customers","cents per kilowatt-hour","million dollars","million kilowatt hours"
"2023-Q4","KS","Kansas","COM","commercial","245858","10.44","378.22416","3622.06007","number of customers","cents per kilowatt-hour","million dollars","million kilowatt hours"
"2023-Q4","KS","Kansas","IND","industrial","23895","7.23","204.03468","2822.30849","number of customers","cents per kilowatt-hour","million dollars","million kilowatt hours"
"2023-Q4","KS","Kansas","OTH","other",NA,NA,NA,NA,"number of customers","cents per kilowatt-hour","million dollars","million kilowatt hours"
"2023-Q4","KS","Kansas","RES","residential","1311884","13.05","370.57468","2838.92037","number of customers","cents per kilowatt-hour","million dollars","million kilowatt hours"
"2023-Q4","KS","Kansas","TRA","transportation","0",NA,"0","0","number of customers","cents per kilowatt-hour","million dollars","million kilowatt hours"
"2023-Q4","KY","Kentucky","ALL","all sectors","2396364","9.83","1671.2125","17007.09803","number of customers","cents per kilowatt-hour","million dollars","million kilowatt hours"
"2023-Q4","KY","Kentucky","COM","commercial","324922","11.17","513.85279","4600.76323","number of customers","cents per kilowatt-hour","million dollars","million kilowatt hours"
"2023-Q4","KY","Kentucky","IND","industrial","5110","6.39","433.44666","6787.11726","number of customers","cents per kilowatt-hour","million dollars","million kilowatt hours"
"2023-Q4","KY","Kentucky","OTH","other",NA,NA,NA,NA,"number of customers","cents per kilowatt-hour","million dollars","million kilowatt hours"
"2023-Q4","KY","Kentucky","RES","residential","2066332","12.88","723.91304","5619.21754","number of customers","cents per kilowatt-hour","million dollars","million kilowatt hours"
"2023-Q4","KY","Kentucky","TRA","transportation","0",NA,"0","0","number of customers","cents per kilowatt-hour","million dollars","million kilowatt hours"
"2023-Q4","LA","Louisiana","ALL","all sectors","2461461","8.75","1912.89232","21868.53934","number of customers","cents per kilowatt-hour","million dollars","million kilowatt hours"
"2023-Q4","LA","Louisiana","COM","commercial","300488","10.61","585.53882","5520.61841","number of customers","cents per kilowatt-hour","million dollars","million kilowatt hours"
"2023-Q4","LA","Louisiana","IND","industrial","18453","5.79","563.92712","9742.3707","number of customers","cents per kilowatt-hour","million dollars","million kilowatt hours"
"2023-Q4","LA","Louisiana","OTH","other",NA,NA,NA,NA,"number of customers","cents per kilowatt-hour","million dollars","million kilowatt hours"
"2023-Q4","LA","Louisiana","RES","residential","2142519","11.56","763.14687","6603.01114","number of customers","cents per kilowatt-hour","million dollars","million kilowatt hours"
"2023-Q4","LA","Louisiana","TRA","transportation","1","11.01",".27954","2.5391","number of customers","cents per kilowatt-hour","million dollars","million kilowatt hours"
"2023-Q4","MA","Massachusetts","ALL","all sectors","3360325","22.49","2643.53467","11752.4621","number of customers","cents per kilowatt-hour","million dollars","million kilowatt hours"
"2023-Q4","MA","Massachusetts","COM","commercial","453364","19.35","1125.08566","5813.45702","number of customers","cents per kilowatt-hour","million dollars","million kilowatt hours"
"2023-Q4","MA","Massachusetts","IND","industrial","10486","17.6","259.93751","1477.03472","number of customers","cents per kilowatt-hour","million dollars","million kilowatt hours"
"2023-Q4","MA","Massachusetts","OTH","other",NA,NA,NA,NA,"number of customers","cents per kilowatt-hour","million dollars","million kilowatt hours"
"2023-Q4","MA","Massachusetts","RES","residential","2896473","28.54","1253.96002","4394.38429","number of customers","cents per kilowatt-hour","million dollars","million kilowatt hours"
"2023-Q4","MA","Massachusetts","TRA","transportation","2","6.73","4.55149","67.58608","number of customers","cents per kilowatt-hour","million dollars","million kilowatt hours"
"2023-Q4","MAT","Middle Atlantic","ALL","all sectors","19128091","15.22","12648.97265","83119.3002","number of customers","cents per kilowatt-hour","million dollars","million kilowatt hours"
"2023-Q4","MAT","Middle Atlantic","COM","commercial","2453673","15.18","5271.28199","34717.62609","number of customers","cents per kilowatt-hour","million dollars","million kilowatt hours"
"2023-Q4","MAT","Middle Atlantic","IND","industrial","33423","7.75","1345.52154","17361.19516","number of customers","cents per kilowatt-hour","million dollars","million kilowatt hours"
"2023-Q4","MAT","Middle Atlantic","OTH","other",NA,NA,NA,NA,"number of customers","cents per kilowatt-hour","million dollars","million kilowatt hours"
"2023-Q4","MAT","Middle Atlantic","RES","residential","16640974","19.58","5910.59096","30187.77616","number of customers","cents per kilowatt-hour","million dollars","million kilowatt hours"
"2023-Q4","MAT","Middle Atlantic","TRA","transportation","21","14.26","121.57818","852.70279","number of customers","cents per kilowatt-hour","million dollars","million kilowatt hours"
"2023-Q4","MD","Maryland","ALL","all sectors","2710194","14.74","1991.62755","13510.20541","number of customers","cents per kilowatt-hour","million dollars","million kilowatt hours"
"2023-Q4","MD","Maryland","COM","commercial","261250","12.59","811.78229","6448.42167","number of customers","cents per kilowatt-hour","million dollars","million kilowatt hours"
"2023-Q4","MD","Maryland","IND","industrial","9246","10.24","86.60071","845.67705","number of customers","cents per kilowatt-hour","million dollars","million kilowatt hours"
"2023-Q4","MD","Maryland","OTH","other",NA,NA,NA,NA,"number of customers","cents per kilowatt-hour","million dollars","million kilowatt hours"
"2023-Q4","MD","Maryland","RES","residential","2439693","17.68","1081.60846","6116.28174","number of customers","cents per kilowatt-hour","million dollars","million kilowatt hours"
"2023-Q4","MD","Maryland","TRA","transportation","5","11.66","11.6361","99.82497","number of customers","cents per kilowatt-hour","million dollars","million kilowatt hours"
"2023-Q4","ME","Maine","ALL","all sectors","854997","21.64","582.4018","2691.70614","number of customers","cents per kilowatt-hour","million dollars","million kilowatt hours"
"2023-Q4","ME","Maine","COM","commercial","110620","18.29","178.40902","975.60125","number of customers","cents per kilowatt-hour","million dollars","million kilowatt hours"
"2023-Q4","ME","Maine","IND","industrial","2006","13.26","73.7432","556.10427","number of customers","cents per kilowatt-hour","million dollars","million kilowatt hours"
"2023-Q4","ME","Maine","OTH","other",NA,NA,NA,NA,"number of customers","cents per kilowatt-hour","million dollars","million kilowatt hours"
"2023-Q4","ME","Maine","RES","residential","742371","28.47","330.24957","1160.00063","number of customers","cents per kilowatt-hour","million dollars","million kilowatt hours"
"2023-Q4","ME","Maine","TRA","transportation","0",NA,"0","0","number of customers","cents per kilowatt-hour","million dollars","million kilowatt hours"
"2023-Q4","MI","Michigan","ALL","all sectors","5070575","13.7","3213.54986","23455.14866","number of customers","cents per kilowatt-hour","million dollars","million kilowatt hours"
"2023-Q4","MI","Michigan","COM","commercial","561235","13.44","1175.3059","8745.96919","number of customers","cents per kilowatt-hour","million dollars","million kilowatt hours"
"2023-Q4","MI","Michigan","IND","industrial","5578","8.36","582.97831","6974.57397","number of customers","cents per kilowatt-hour","million dollars","million kilowatt hours"
"2023-Q4","MI","Michigan","OTH","other",NA,NA,NA,NA,"number of customers","cents per kilowatt-hour","million dollars","million kilowatt hours"
"2023-Q4","MI","Michigan","RES","residential","4503760","18.82","1455.06178","7733.16619","number of customers","cents per kilowatt-hour","million dollars","million kilowatt hours"
"2023-Q4","MI","Michigan","TRA","transportation","2","14.17",".20388","1.43932","number of customers","cents per kilowatt-hour","million dollars","million kilowatt hours"
"2023-Q4","MN","Minnesota","ALL","all sectors","2881933","11.78","1878.52926","15941.5414","number of customers","cents per kilowatt-hour","million dollars","million kilowatt hours"
"2023-Q4","MN","Minnesota","COM","commercial","307831","11.86","643.6148","5427.71904","number of customers","cents per kilowatt-hour","million dollars","million kilowatt hours"
"2023-Q4","MN","Minnesota","IND","industrial","9337","8.79","456.52353","5192.34241","number of customers","cents per kilowatt-hour","million dollars","million kilowatt hours"
"2023-Q4","MN","Minnesota","OTH","other",NA,NA,NA,NA,"number of customers","cents per kilowatt-hour","million dollars","million kilowatt hours"
"2023-Q4","MN","Minnesota","RES","residential","2564764","14.63","777.90311","5317.31109","number of customers","cents per kilowatt-hour","million dollars","million kilowatt hours"
"2023-Q4","MN","Minnesota","TRA","transportation","1","11.7",".48784","4.16886","number of customers","cents per kilowatt-hour","million dollars","million kilowatt hours"
"2023-Q4","MO","Missouri","ALL","all sectors","3321543","10.02","1767.14387","17638.35044","number of customers","cents per kilowatt-hour","million dollars","million kilowatt hours"
"2023-Q4","MO","Missouri","COM","commercial","392318","9.27","635.80151","6859.25714","number of customers","cents per kilowatt-hour","million dollars","million kilowatt hours"
"2023-Q4","MO","Missouri","IND","industrial","9827","7.3","227.32808","3112.36049","number of customers","cents per kilowatt-hour","million dollars","million kilowatt hours"
"2023-Q4","MO","Missouri","OTH","other",NA,NA,NA,NA,"number of customers","cents per kilowatt-hour","million dollars","million kilowatt hours"
"2023-Q4","MO","Missouri","RES","residential","2919397","11.79","903.5114","7661.76139","number of customers","cents per kilowatt-hour","million dollars","million kilowatt hours"
"2023-Q4","MO","Missouri","TRA","transportation","2","10.12",".50288","4.97143","number of customers","cents per kilowatt-hour","million dollars","million kilowatt hours"
"2023-Q4","MS","Mississippi","ALL","all sectors","1597681","10.75","1193.72457","11104.50879","number of customers","cents per kilowatt-hour","million dollars","million kilowatt hours"
"2023-Q4","MS","Mississippi","COM","commercial","246610","12.21","406.69207","3331.9028","number of customers","cents per kilowatt-hour","million dollars","million kilowatt hours"
"2023-Q4","MS","Mississippi","IND","industrial","10764","6.82","261.29316","3829.6516","number of customers","cents per kilowatt-hour","million dollars","million kilowatt hours"
"2023-Q4","MS","Mississippi","OTH","other",NA,NA,NA,NA,"number of customers","cents per kilowatt-hour","million dollars","million kilowatt hours"
"2023-Q4","MS","Mississippi","RES","residential","1340307","13.33","525.73935","3942.95441","number of customers","cents per kilowatt-hour","million dollars","million kilowatt hours"
"2023-Q4","MS","Mississippi","TRA","transportation","0",NA,"0","0","number of customers","cents per kilowatt-hour","million dollars","million kilowatt hours"
"2023-Q4","MT","Montana","ALL","all sectors","681686","10.96","420.96169","3840.85263","number of customers","cents per kilowatt-hour","million dollars","million kilowatt hours"
"2023-Q4","MT","Montana","COM","commercial","116793","12.18","152.13686","1248.99716","number of customers","cents per kilowatt-hour","million dollars","million kilowatt hours"
"2023-Q4","MT","Montana","IND","industrial","11857","7.65","90.76301","1186.846","number of customers","cents per kilowatt-hour","million dollars","million kilowatt hours"
"2023-Q4","MT","Montana","OTH","other",NA,NA,NA,NA,"number of customers","cents per kilowatt-hour","million dollars","million kilowatt hours"
"2023-Q4","MT","Montana","RES","residential","553036","12.67","178.06182","1405.00947","number of customers","cents per kilowatt-hour","million dollars","million kilowatt hours"
"2023-Q4","MT","Montana","TRA","transportation","0",NA,"0","0","number of customers","cents per kilowatt-hour","million dollars","million kilowatt hours"
"2023-Q4","MTN","Mountain","ALL","all sectors","12408863","10.73","7426.78619","69226.83593","number of customers","cents per kilowatt-hour","million dollars","million kilowatt hours"
"2023-Q4","MTN","Mountain","COM","commercial","1508808","10.68","2693.62197","25230.87878","number of customers","cents per kilowatt-hour","million dollars","million kilowatt hours"
"2023-Q4","MTN","Mountain","IND","industrial","100432","7.41","1522.85708","20565.25263","number of customers","cents per kilowatt-hour","million dollars","million kilowatt hours"
"2023-Q4","MTN","Mountain","OTH","other",NA,NA,NA,NA,"number of customers","cents per kilowatt-hour","million dollars","million kilowatt hours"
"2023-Q4","MTN","Mountain","RES","residential","10799617","13.7","3205.2769","23390.55767","number of customers","cents per kilowatt-hour","million dollars","million kilowatt hours"
"2023-Q4","MTN","Mountain","TRA","transportation","6","12.53","5.03026","40.14686","number of customers","cents per kilowatt-hour","million dollars","million kilowatt hours"
"2023-Q4","NC","North Carolina","ALL","all sectors","5751410","11.07","3477.88493","31411.23027","number of customers","cents per kilowatt-hour","million dollars","million kilowatt hours"
"2023-Q4","NC","North Carolina","COM","commercial","747498","10.11","1172.61772","11601.54136","number of customers","cents per kilowatt-hour","million dollars","million kilowatt hours"
"2023-Q4","NC","North Carolina","IND","industrial","8992","7.43","451.47642","6078.46307","number of customers","cents per kilowatt-hour","million dollars","million kilowatt hours"
"2023-Q4","NC","North Carolina","OTH","other",NA,NA,NA,NA,"number of customers","cents per kilowatt-hour","million dollars","million kilowatt hours"
"2023-Q4","NC","North Carolina","RES","residential","4994919","13.5","1853.51754","13728.3682","number of customers","cents per kilowatt-hour","million dollars","million kilowatt hours"
"2023-Q4","NC","North Carolina","TRA","transportation","1","9.56",".27327","2.85764","number of customers","cents per kilowatt-hour","million dollars","million kilowatt hours"
"2023-Q4","ND","North Dakota","ALL","all sectors","483811","7.81","589.7954","7554.84772","number of customers","cents per kilowatt-hour","million dollars","million kilowatt hours"
"2023-Q4","ND","North Dakota","COM","commercial","76887","7.12","211.6859","2971.34931","number of customers","cents per kilowatt-hour","million dollars","million kilowatt hours"
"2023-Q4","ND","North Dakota","IND","industrial","10655","7.24","238.78595","3296.03197","number of customers","cents per kilowatt-hour","million dollars","million kilowatt hours"
"2023-Q4","ND","North Dakota","OTH","other",NA,NA,NA,NA,"number of customers","cents per kilowatt-hour","million dollars","million kilowatt hours"
"2023-Q4","ND","North Dakota","RES","residential","396269","10.82","139.32356","1287.46645","number of customers","cents per kilowatt-hour","million dollars","million kilowatt hours"
"2023-Q4","ND","North Dakota","TRA","transportation","0",NA,"0","0","number of customers","cents per kilowatt-hour","million dollars","million kilowatt hours"
"2023-Q4","NE","Nebraska","ALL","all sectors","1121254","8.84","695.28497","7862.27223","number of customers","cents per kilowatt-hour","million dollars","million kilowatt hours"
"2023-Q4","NE","Nebraska","COM","commercial","160699","8.57","231.61388","2703.81654","number of customers","cents per kilowatt-hour","million dollars","million kilowatt hours"
"2023-Q4","NE","Nebraska","IND","industrial","62641","7.22","200.96376","2783.4207","number of customers","cents per kilowatt-hour","million dollars","million kilowatt hours"
"2023-Q4","NE","Nebraska","OTH","other",NA,NA,NA,NA,"number of customers","cents per kilowatt-hour","million dollars","million kilowatt hours"
"2023-Q4","NE","Nebraska","RES","residential","897915","11.06","262.70733","2375.035","number of customers","cents per kilowatt-hour","million dollars","million kilowatt hours"
"2023-Q4","NE","Nebraska","TRA","transportation","0",NA,"0","0","number of customers","cents per kilowatt-hour","million dollars","million kilowatt hours"
"2023-Q4","NEW","New England","ALL","all sectors","7580018","22.26","5881.49502","26427.49795","number of customers","cents per kilowatt-hour","million dollars","million kilowatt hours"
"2023-Q4","NEW","New England","COM","commercial","954990","19.33","2288.40608","11838.32317","number of customers","cents per kilowatt-hour","million dollars","million kilowatt hours"
"2023-Q4","NEW","New England","IND","industrial","21365","15.91","572.45023","3598.83258","number of customers","cents per kilowatt-hour","million dollars","million kilowatt hours"
"2023-Q4","NEW","New England","OTH","other",NA,NA,NA,NA,"number of customers","cents per kilowatt-hour","million dollars","million kilowatt hours"
"2023-Q4","NEW","New England","RES","residential","6603657","27.66","3006.66331","10868.9401","number of customers","cents per kilowatt-hour","million dollars","million kilowatt hours"
"2023-Q4","NEW","New England","TRA","transportation","6","11.51","13.97541","121.4021","number of customers","cents per kilowatt-hour","million dollars","million kilowatt hours"
"2023-Q4","NH","New Hampshire","ALL","all sectors","763202","21.26","543.01951","2553.67146","number of customers","cents per kilowatt-hour","million dollars","million kilowatt hours"
"2023-Q4","NH","New Hampshire","COM","commercial","111547","19.33","188.93799","977.22811","number of customers","cents per kilowatt-hour","million dollars","million kilowatt hours"
"2023-Q4","NH","New Hampshire","IND","industrial","3127","15.86","73.80382","465.34996","number of customers","cents per kilowatt-hour","million dollars","million kilowatt hours"
"2023-Q4","NH","New Hampshire","OTH","other",NA,NA,NA,NA,"number of customers","cents per kilowatt-hour","million dollars","million kilowatt hours"
"2023-Q4","NH","New Hampshire","RES","residential","648528","25.23","280.27769","1111.09342","number of customers","cents per kilowatt-hour","million dollars","million kilowatt hours"
"2023-Q4","NH","New Hampshire","TRA","transportation","0",NA,"0","0","number of customers","cents per kilowatt-hour","million dollars","million kilowatt hours"
"2023-Q4","NJ","New Jersey","ALL","all sectors","4266451","14.84","2425.78188","16350.12305","number of customers","cents per kilowatt-hour","million dollars","million kilowatt hours"
"2023-Q4","NJ","New Jersey","COM","commercial","539702","13.62","1173.02313","8615.21433","number of customers","cents per kilowatt-hour","million dollars","million kilowatt hours"
"2023-Q4","NJ","New Jersey","IND","industrial","11296","11.24","171.43526","1525.22294","number of customers","cents per kilowatt-hour","million dollars","million kilowatt hours"
"2023-Q4","NJ","New Jersey","OTH","other",NA,NA,NA,NA,"number of customers","cents per kilowatt-hour","million dollars","million kilowatt hours"
"2023-Q4","NJ","New Jersey","RES","residential","3715444","17.5","1070.79002","6117.98588","number of customers","cents per kilowatt-hour","million dollars","million kilowatt hours"
"2023-Q4","NJ","New Jersey","TRA","transportation","8","11.49","10.53349","91.69991","number of customers","cents per kilowatt-hour","million dollars","million kilowatt hours"
"2023-Q4","NM","New Mexico","ALL","all sectors","1089119","9.24","627.795","6790.91054","number of customers","cents per kilowatt-hour","million dollars","million kilowatt hours"
"2023-Q4","NM","New Mexico","COM","commercial","147993","10.59","231.45907","2185.82011","number of customers","cents per kilowatt-hour","million dollars","million kilowatt hours"
"2023-Q4","NM","New Mexico","IND","industrial","9329","5.77","172.54936","2991.12773","number of customers","cents per kilowatt-hour","million dollars","million kilowatt hours"
"2023-Q4","NM","New Mexico","OTH","other",NA,NA,NA,NA,"number of customers","cents per kilowatt-hour","million dollars","million kilowatt hours"
"2023-Q4","NM","New Mexico","RES","residential","931797","13.87","223.78657","1613.96269","number of customers","cents per kilowatt-hour","million dollars","million kilowatt hours"
"2023-Q4","NM","New Mexico","TRA","transportation","0",NA,"0","0","number of customers","cents per kilowatt-hour","million dollars","million kilowatt hours"
"2023-Q4","NV","Nevada","ALL","all sectors","1475097","11.45","974.74688","8509.55036","number of customers","cents per kilowatt-hour","million dollars","million kilowatt hours"
"2023-Q4","NV","Nevada","COM","commercial","174994","10.94","314.26734","2873.93139","number of customers","cents per kilowatt-hour","million dollars","million kilowatt hours"
"2023-Q4","NV","Nevada","IND","industrial","4652","8.31","252.68656","3040.7174","number of customers","cents per kilowatt-hour","million dollars","million kilowatt hours"
"2023-Q4","NV","Nevada","OTH","other",NA,NA,NA,NA,"number of customers","cents per kilowatt-hour","million dollars","million kilowatt hours"
"2023-Q4","NV","Nevada","RES","residential","1295450","15.72","407.5788","2593.15636","number of customers","cents per kilowatt-hour","million dollars","million kilowatt hours"
"2023-Q4","NV","Nevada","TRA","transportation","1","12.27",".21418","1.7452","number of customers","cents per kilowatt-hour","million dollars","million kilowatt hours"
"2023-Q4","NY","New York","ALL","all sectors","8582823","18.18","6058.7758","33321.01087","number of customers","cents per kilowatt-hour","million dollars","million kilowatt hours"
"2023-Q4","NY","New York","COM","commercial","1176928","17.94","3128.27035","17434.892","number of customers","cents per kilowatt-hour","million dollars","million kilowatt hours"
"2023-Q4","NY","New York","IND","industrial","7082","6.52","238.66615","3660.83451","number of customers","cents per kilowatt-hour","million dollars","million kilowatt hours"
"2023-Q4","NY","New York","OTH","other",NA,NA,NA,NA,"number of customers","cents per kilowatt-hour","million dollars","million kilowatt hours"
"2023-Q4","NY","New York","RES","residential","7398805","22.42","2590.32054","11554.02933","number of customers","cents per kilowatt-hour","million dollars","million kilowatt hours"
"2023-Q4","NY","New York","TRA","transportation","8","15.12","101.51877","671.25501","number of customers","cents per kilowatt-hour","million dollars","million kilowatt hours"
"2023-Q4","OH","Ohio","ALL","all sectors","5768368","11.02","3928.36382","35640.14419","number of customers","cents per kilowatt-hour","million dollars","million kilowatt hours"
"2023-Q4","OH","Ohio","COM","commercial","625692","10.91","1250.69305","11461.77161","number of customers","cents per kilowatt-hour","million dollars","million kilowatt hours"
"2023-Q4","OH","Ohio","IND","industrial","18836","6.86","865.61883","12626.38161","number of customers","cents per kilowatt-hour","million dollars","million kilowatt hours"
"2023-Q4","OH","Ohio","OTH","other",NA,NA,NA,NA,"number of customers","cents per kilowatt-hour","million dollars","million kilowatt hours"
"2023-Q4","OH","Ohio","RES","residential","5123838","15.69","1811.62395","11545.18598","number of customers","cents per kilowatt-hour","million dollars","million kilowatt hours"
"2023-Q4","OH","Ohio","TRA","transportation","2","6.29",".42798","6.80503","number of customers","cents per kilowatt-hour","million dollars","million kilowatt hours"
"2023-Q4","OK","Oklahoma","ALL","all sectors","2191073","8.84","1398.15154","15820.35277","number of customers","cents per kilowatt-hour","million dollars","million kilowatt hours"
"2023-Q4","OK","Oklahoma","COM","commercial","305660","8.97","489.17727","5455.9587","number of customers","cents per kilowatt-hour","million dollars","million kilowatt hours"
"2023-Q4","OK","Oklahoma","IND","industrial","19696","5.96","322.45001","5411.48458","number of customers","cents per kilowatt-hour","million dollars","million kilowatt hours"
"2023-Q4","OK","Oklahoma","OTH","other",NA,NA,NA,NA,"number of customers","cents per kilowatt-hour","million dollars","million kilowatt hours"
"2023-Q4","OK","Oklahoma","RES","residential","1865717","11.84","586.52427","4952.90951","number of customers","cents per kilowatt-hour","million dollars","million kilowatt hours"
"2023-Q4","OK","Oklahoma","TRA","transportation","0",NA,"0","0","number of customers","cents per kilowatt-hour","million dollars","million kilowatt hours"
"2023-Q4","OR","Oregon","ALL","all sectors","2122986","10.34","1493.53656","14438.38365","number of customers","cents per kilowatt-hour","million dollars","million kilowatt hours"
"2023-Q4","OR","Oregon","COM","commercial","244844","9.89","568.65617","5747.90874","number of customers","cents per kilowatt-hour","million dollars","million kilowatt hours"
"2023-Q4","OR","Oregon","IND","industrial","26471","7.38","263.23812","3569.26602","number of customers","cents per kilowatt-hour","million dollars","million kilowatt hours"
"2023-Q4","OR","Oregon","OTH","other",NA,NA,NA,NA,"number of customers","cents per kilowatt-hour","million dollars","million kilowatt hours"
"2023-Q4","OR","Oregon","RES","residential","1851669","12.92","660.99307","5115.62941","number of customers","cents per kilowatt-hour","million dollars","million kilowatt hours"
"2023-Q4","OR","Oregon","TRA","transportation","2","11.64",".6492","5.5795","number of customers","cents per kilowatt-hour","million dollars","million kilowatt hours"
"2023-Q4","PA","Pennsylvania","ALL","all sectors","6278817","12.45","4164.41497","33448.16629","number of customers","cents per kilowatt-hour","million dollars","million kilowatt hours"
"2023-Q4","PA","Pennsylvania","COM","commercial","737043","11.19","969.98852","8667.51976","number of customers","cents per kilowatt-hour","million dollars","million kilowatt hours"
"2023-Q4","PA","Pennsylvania","IND","industrial","15045","7.68","935.42014","12175.1377","number of customers","cents per kilowatt-hour","million dollars","million kilowatt hours"
"2023-Q4","PA","Pennsylvania","OTH","other",NA,NA,NA,NA,"number of customers","cents per kilowatt-hour","million dollars","million kilowatt hours"
"2023-Q4","PA","Pennsylvania","RES","residential","5526724","17.97","2249.4804","12515.76094","number of customers","cents per kilowatt-hour","million dollars","million kilowatt hours"
"2023-Q4","PA","Pennsylvania","TRA","transportation","5","10.61","9.52592","89.74787","number of customers","cents per kilowatt-hour","million dollars","million kilowatt hours"
"2023-Q4","PACC","Pacific Contiguous","ALL","all sectors","21841712","18.99","17963.24597","94584.47864","number of customers","cents per kilowatt-hour","million dollars","million kilowatt hours"
"2023-Q4","PACC","Pacific Contiguous","COM","commercial","2407059","19.2","7927.06097","41297.02509","number of customers","cents per kilowatt-hour","million dollars","million kilowatt hours"
"2023-Q4","PACC","Pacific Contiguous","IND","industrial","198633","13.45","2583.86936","19216.96498","number of customers","cents per kilowatt-hour","million dollars","million kilowatt hours"
"2023-Q4","PACC","Pacific Contiguous","OTH","other",NA,NA,NA,NA,"number of customers","cents per kilowatt-hour","million dollars","million kilowatt hours"
"2023-Q4","PACC","Pacific Contiguous","RES","residential","19236001","21.92","7425.35895","33869.37926","number of customers","cents per kilowatt-hour","million dollars","million kilowatt hours"
"2023-Q4","PACC","Pacific Contiguous","TRA","transportation","19","13.4","26.95667","201.10932","number of customers","cents per kilowatt-hour","million dollars","million kilowatt hours"
"2023-Q4","PACN","Pacific Noncontiguous","ALL","all sectors","861960","32","1241.18719","3878.97025","number of customers","cents per kilowatt-hour","million dollars","million kilowatt hours"
"2023-Q4","PACN","Pacific Noncontiguous","COM","commercial","116817","30.5","420.84518","1379.99384","number of customers","cents per kilowatt-hour","million dollars","million kilowatt hours"
"2023-Q4","PACN","Pacific Noncontiguous","IND","industrial","1976","31.08","383.44728","1233.61262","number of customers","cents per kilowatt-hour","million dollars","million kilowatt hours"
"2023-Q4","PACN","Pacific Noncontiguous","OTH","other",NA,NA,NA,NA,"number of customers","cents per kilowatt-hour","million dollars","million kilowatt hours"
"2023-Q4","PACN","Pacific Noncontiguous","RES","residential","743167","34.53","436.89473","1265.36379","number of customers","cents per kilowatt-hour","million dollars","million kilowatt hours"
"2023-Q4","PACN","Pacific Noncontiguous","TRA","transportation","0",NA,"0","0","number of customers","cents per kilowatt-hour","million dollars","million kilowatt hours"
"2023-Q4","RI","Rhode Island","ALL","all sectors","508748","23.89","404.13327","1691.70808","number of customers","cents per kilowatt-hour","million dollars","million kilowatt hours"
"2023-Q4","RI","Rhode Island","COM","commercial","59796","19.73","168.12152","851.96298","number of customers","cents per kilowatt-hour","million dollars","million kilowatt hours"
"2023-Q4","RI","Rhode Island","IND","industrial","1570","19.08","29.38101","154.02118","number of customers","cents per kilowatt-hour","million dollars","million kilowatt hours"
"2023-Q4","RI","Rhode Island","OTH","other",NA,NA,NA,NA,"number of customers","cents per kilowatt-hour","million dollars","million kilowatt hours"
"2023-Q4","RI","Rhode Island","RES","residential","447382","30.26","205.32936","678.62844","number of customers","cents per kilowatt-hour","million dollars","million kilowatt hours"
"2023-Q4","RI","Rhode Island","TRA","transportation","1","18.34","1.30138","7.09549","number of customers","cents per kilowatt-hour","million dollars","million kilowatt hours"
"2023-Q4","SAT","South Atlantic","ALL","all sectors","34375801","11.81","23562.89873","199523.91688","number of customers","cents per kilowatt-hour","million dollars","million kilowatt hours"
"2023-Q4","SAT","South Atlantic","COM","commercial","4007491","10.8","8871.97097","82124.64559","number of customers","cents per kilowatt-hour","million dollars","million kilowatt hours"
"2023-Q4","SAT","South Atlantic","IND","industrial","88110","7.45","2490.5546","33415.23591","number of customers","cents per kilowatt-hour","million dollars","million kilowatt hours"
"2023-Q4","SAT","South Atlantic","OTH","other",NA,NA,NA,NA,"number of customers","cents per kilowatt-hour","million dollars","million kilowatt hours"
"2023-Q4","SAT","South Atlantic","RES","residential","30280188","14.54","12170.64807","83693.64643","number of customers","cents per kilowatt-hour","million dollars","million kilowatt hours"
"2023-Q4","SAT","South Atlantic","TRA","transportation","13","10.24","29.72508","290.38897","number of customers","cents per kilowatt-hour","million dollars","million kilowatt hours"
"2023-Q4","SC","South Carolina","ALL","all sectors","2952837","10.22","1959.67134","19165.75833","number of customers","cents per kilowatt-hour","million dollars","million kilowatt hours"
"2023-Q4","SC","South Carolina","COM","commercial","409925","10.09","617.46987","6117.96058","number of customers","cents per kilowatt-hour","million dollars","million kilowatt hours"
"2023-Q4","SC","South Carolina","IND","industrial","3605","6.5","397.45679","6117.83026","number of customers","cents per kilowatt-hour","million dollars","million kilowatt hours"
"2023-Q4","SC","South Carolina","OTH","other",NA,NA,NA,NA,"number of customers","cents per kilowatt-hour","million dollars","million kilowatt hours"
"2023-Q4","SC","South Carolina","RES","residential","2539307","13.63","944.74467","6929.96749","number of customers","cents per kilowatt-hour","million dollars","million kilowatt hours"
"2023-Q4","SC","South Carolina","TRA","transportation","0",NA,"0","0","number of customers","cents per kilowatt-hour","million dollars","million kilowatt hours"
"2023-Q4","SD","South Dakota","ALL","all sectors","511745","10.4","337.27504","3243.70868","number of customers","cents per kilowatt-hour","million dollars","million kilowatt hours"
"2023-Q4","SD","South Dakota","COM","commercial","77475","10.17","123.54272","1214.27481","number of customers","cents per kilowatt-hour","million dollars","million kilowatt hours"
"2023-Q4","SD","South Dakota","IND","industrial","4231","7.94","64.96883","818.75499","number of customers","cents per kilowatt-hour","million dollars","million kilowatt hours"
"2023-Q4","SD","South Dakota","OTH","other",NA,NA,NA,NA,"number of customers","cents per kilowatt-hour","million dollars","million kilowatt hours"
"2023-Q4","SD","South Dakota","RES","residential","430039","12.29","148.76349","1210.67889","number of customers","cents per kilowatt-hour","million dollars","million kilowatt hours"
"2023-Q4","SD","South Dakota","TRA","transportation","0",NA,"0","0","number of customers","cents per kilowatt-hour","million dollars","million kilowatt hours"
"2023-Q4","TN","Tennessee","ALL","all sectors","3667685","10.62","2434.69301","22922.62677","number of customers","cents per kilowatt-hour","million dollars","million kilowatt hours"
"2023-Q4","TN","Tennessee","COM","commercial","535461","11.67","976.46671","8366.8082","number of customers","cents per kilowatt-hour","million dollars","million kilowatt hours"
"2023-Q4","TN","Tennessee","IND","industrial","1016","6.07","330.51952","5445.5596","number of customers","cents per kilowatt-hour","million dollars","million kilowatt hours"
"2023-Q4","TN","Tennessee","OTH","other",NA,NA,NA,NA,"number of customers","cents per kilowatt-hour","million dollars","million kilowatt hours"
"2023-Q4","TN","Tennessee","RES","residential","3131208","12.38","1127.70678","9110.25897","number of customers","cents per kilowatt-hour","million dollars","million kilowatt hours"
"2023-Q4","TN","Tennessee","TRA","transportation","0",NA,"0","0","number of customers","cents per kilowatt-hour","million dollars","million kilowatt hours"
"2023-Q4","TX","Texas","ALL","all sectors","14230858","9.58","10967.73345","114498.3444","number of customers","cents per kilowatt-hour","million dollars","million kilowatt hours"
"2023-Q4","TX","Texas","COM","commercial","1596673","8.62","3418.56725","39650.84395","number of customers","cents per kilowatt-hour","million dollars","million kilowatt hours"
"2023-Q4","TX","Texas","IND","industrial","350286","6.11","2473.56335","40478.37069","number of customers","cents per kilowatt-hour","million dollars","million kilowatt hours"
"2023-Q4","TX","Texas","OTH","other",NA,NA,NA,NA,"number of customers","cents per kilowatt-hour","million dollars","million kilowatt hours"
"2023-Q4","TX","Texas","RES","residential","12283895","14.78","5071.73744","34319.6146","number of customers","cents per kilowatt-hour","million dollars","million kilowatt hours"
"2023-Q4","TX","Texas","TRA","transportation","3","7.81","3.86542","49.51517","number of customers","cents per kilowatt-hour","million dollars","million kilowatt hours"
"2023-Q4","US","U.S. Total","ALL","all sectors","162311868","12.48","114224.96797","914955.72901","number of customers","cents per kilowatt-hour","million dollars","million kilowatt hours"
"2023-Q4","US","U.S. Total","COM","commercial","19415134","12.47","42345.58895","339476.16245","number of customers","cents per kilowatt-hour","million dollars","million kilowatt hours"
"2023-Q4","US","U.S. Total","IND","industrial","1078345","7.81","19487.29802","249666.33468","number of customers","cents per kilowatt-hour","million dollars","million kilowatt hours"
"2023-Q4","US","U.S. Total","OTH","other",NA,NA,NA,NA,"number of customers","cents per kilowatt-hour","million dollars","million kilowatt hours"
"2023-Q4","US","U.S. Total","RES","residential","141818303","16.1","52182.11825","324137.32199","number of customers","cents per kilowatt-hour","million dollars","million kilowatt hours"
"2023-Q4","US","U.S. Total","TRA","transportation","85","12.53","209.96277","1675.9099","number of customers","cents per kilowatt-hour","million dollars","million kilowatt hours"
"2023-Q4","UT","Utah","ALL","all sectors","1408818","8.77","700.70406","7986.17075","number of customers","cents per kilowatt-hour","million dollars","million kilowatt hours"
"2023-Q4","UT","Utah","COM","commercial","143568","8.34","272.28417","3265.65431","number of customers","cents per kilowatt-hour","million dollars","million kilowatt hours"
"2023-Q4","UT","Utah","IND","industrial","10661","6.8","148.79878","2188.40343","number of customers","cents per kilowatt-hour","million dollars","million kilowatt hours"
"2023-Q4","UT","Utah","OTH","other",NA,NA,NA,NA,"number of customers","cents per kilowatt-hour","million dollars","million kilowatt hours"
"2023-Q4","UT","Utah","RES","residential","1254588","11.04","277.95006","2518.40298","number of customers","cents per kilowatt-hour","million dollars","million kilowatt hours"
"2023-Q4","UT","Utah","TRA","transportation","1","12.19","1.67105","13.71003","number of customers","cents per kilowatt-hour","million dollars","million kilowatt hours"
"2023-Q4","VA","Virginia","ALL","all sectors","4078502","10.35","3394.6173","32790.84886","number of customers","cents per kilowatt-hour","million dollars","million kilowatt hours"
"2023-Q4","VA","Virginia","COM","commercial","443268","8.75","1614.25322","18450.75337","number of customers","cents per kilowatt-hour","million dollars","million kilowatt hours"
"2023-Q4","VA","Virginia","IND","industrial","3761","8.7","340.64781","3915.50474","number of customers","cents per kilowatt-hour","million dollars","million kilowatt hours"
"2023-Q4","VA","Virginia","OTH","other",NA,NA,NA,NA,"number of customers","cents per kilowatt-hour","million dollars","million kilowatt hours"
"2023-Q4","VA","Virginia","RES","residential","3631472","13.83","1433.50067","10362.2607","number of customers","cents per kilowatt-hour","million dollars","million kilowatt hours"
"2023-Q4","VA","Virginia","TRA","transportation","1","9.97","6.21562","62.33005","number of customers","cents per kilowatt-hour","million dollars","million kilowatt hours"
"2023-Q4","VT","Vermont","ALL","all sectors","385997","18.11","241.76566","1334.75071","number of customers","cents per kilowatt-hour","million dollars","million kilowatt hours"
"2023-Q4","VT","Vermont","COM","commercial","62802","18.64","86.01839","461.48228","number of customers","cents per kilowatt-hour","million dollars","million kilowatt hours"
"2023-Q4","VT","Vermont","IND","industrial","259","11.45","36.72861","320.83107","number of customers","cents per kilowatt-hour","million dollars","million kilowatt hours"
"2023-Q4","VT","Vermont","OTH","other",NA,NA,NA,NA,"number of customers","cents per kilowatt-hour","million dollars","million kilowatt hours"
"2023-Q4","VT","Vermont","RES","residential","322936","21.54","119.01865","552.43737","number of customers","cents per kilowatt-hour","million dollars","million kilowatt hours"
"2023-Q4","VT","Vermont","TRA","transportation","0",NA,"0","0","number of customers","cents per kilowatt-hour","million dollars","million kilowatt hours"
"2023-Q4","WA","Washington","ALL","all sectors","3764687","9.69","2190.43963","22616.29002","number of customers","cents per kilowatt-hour","million dollars","million kilowatt hours"
"2023-Q4","WA","Washington","COM","commercial","402459","10.07","763.21881","7581.09298","number of customers","cents per kilowatt-hour","million dollars","million kilowatt hours"
"2023-Q4","WA","Washington","IND","industrial","27129","6.3","318.19026","5047.84331","number of customers","cents per kilowatt-hour","million dollars","million kilowatt hours"
"2023-Q4","WA","Washington","OTH","other",NA,NA,NA,NA,"number of customers","cents per kilowatt-hour","million dollars","million kilowatt hours"
"2023-Q4","WA","Washington","RES","residential","3335094","11.11","1106.68783","9964.09706","number of customers","cents per kilowatt-hour","million dollars","million kilowatt hours"
"2023-Q4","WA","Washington","TRA","transportation","5","10.07","2.34274","23.25668","number of customers","cents per kilowatt-hour","million dollars","million kilowatt hours"
"2023-Q4","WI","Wisconsin","ALL","all sectors","3196906","12.49","2058.54894","16475.46971","number of customers","cents per kilowatt-hour","million dollars","million kilowatt hours"
"2023-Q4","WI","Wisconsin","COM","commercial","366855","12.61","702.79389","5572.39878","number of customers","cents per kilowatt-hour","million dollars","million kilowatt hours"
"2023-Q4","WI","Wisconsin","IND","industrial","5565","8.38","475.81337","5676.97604","number of customers","cents per kilowatt-hour","million dollars","million kilowatt hours"
"2023-Q4","WI","Wisconsin","OTH","other",NA,NA,NA,NA,"number of customers","cents per kilowatt-hour","million dollars","million kilowatt hours"
"2023-Q4","WI","Wisconsin","RES","residential","2824484","16.84","879.88708","5225.79037","number of customers","cents per kilowatt-hour","million dollars","million kilowatt hours"
"2023-Q4","WI","Wisconsin","TRA","transportation","2","17.93",".0546",".30453","number of customers","cents per kilowatt-hour","million dollars","million kilowatt hours"
"2023-Q4","WNC","West North Central","ALL","all sectors","11604485","9.83","7350.71818","74752.77599","number of customers","cents per kilowatt-hour","million dollars","million kilowatt hours"
"2023-Q4","WNC","West North Central","COM","commercial","1512373","9.73","2520.02644","25906.40475","number of customers","cents per kilowatt-hour","million dollars","million kilowatt hours"
"2023-Q4","WNC","West North Central","IND","industrial","129974","7.28","1808.94194","24850.05075","number of customers","cents per kilowatt-hour","million dollars","million kilowatt hours"
"2023-Q4","WNC","West North Central","OTH","other",NA,NA,NA,NA,"number of customers","cents per kilowatt-hour","million dollars","million kilowatt hours"
"2023-Q4","WNC","West North Central","RES","residential","9962135","12.59","3020.75908","23987.18021","number of customers","cents per kilowatt-hour","million dollars","million kilowatt hours"
"2023-Q4","WNC","West North Central","TRA","transportation","3","10.84",".99072","9.14027","number of customers","cents per kilowatt-hour","million dollars","million kilowatt hours"
"2023-Q4","WSC","West South Central","ALL","all sectors","20593958","9.39","15341.68106","163433.19372","number of customers","cents per kilowatt-hour","million dollars","million kilowatt hours"
"2023-Q4","WSC","West South Central","COM","commercial","2409247","8.95","4774.62692","53353.66919","number of customers","cents per kilowatt-hour","million dollars","million kilowatt hours"
"2023-Q4","WSC","West South Central","IND","industrial","425653","6.08","3662.8442","60214.10416","number of customers","cents per kilowatt-hour","million dollars","million kilowatt hours"
"2023-Q4","WSC","West South Central","OTH","other",NA,NA,NA,NA,"number of customers","cents per kilowatt-hour","million dollars","million kilowatt hours"
"2023-Q4","WSC","West South Central","RES","residential","17759052","13.85","6900.05584","49813.3038","number of customers","cents per kilowatt-hour","million dollars","million kilowatt hours"
"2023-Q4","WSC","West South Central","TRA","transportation","6","7.97","4.15411","52.11657","number of customers","cents per kilowatt-hour","million dollars","million kilowatt hours"
"2023-Q4","WV","West Virginia","ALL","all sectors","1028155","10.41","851.44785","8177.59091","number of customers","cents per kilowatt-hour","million dollars","million kilowatt hours"
"2023-Q4","WV","West Virginia","COM","commercial","151472","11.35","202.45119","1783.82318","number of customers","cents per kilowatt-hour","million dollars","million kilowatt hours"
"2023-Q4","WV","West Virginia","IND","industrial","11078","7.39","278.46421","3769.90101","number of customers","cents per kilowatt-hour","million dollars","million kilowatt hours"
"2023-Q4","WV","West Virginia","OTH","other",NA,NA,NA,NA,"number of customers","cents per kilowatt-hour","million dollars","million kilowatt hours"
"2023-Q4","WV","West Virginia","RES","residential","865606","14.12","370.53245","2623.86673","number of customers","cents per kilowatt-hour","million dollars","million kilowatt hours"
"2023-Q4","WV","West Virginia","TRA","transportation","0",NA,"0","0","number of customers","cents per kilowatt-hour","million dollars","million kilowatt hours"
"2023-Q4","WY","Wyoming","ALL","all sectors","355299","8.45","371.24187","4393.27894","number of customers","cents per kilowatt-hour","million dollars","million kilowatt hours"
"2023-Q4","WY","Wyoming","COM","commercial","58667","8.74","118.89821","1360.18795","number of customers","cents per kilowatt-hour","million dollars","million kilowatt hours"
"2023-Q4","WY","Wyoming","IND","industrial","11790","7.24","167.00584","2305.22873","number of customers","cents per kilowatt-hour","million dollars","million kilowatt hours"
"2023-Q4","WY","Wyoming","OTH","other",NA,NA,NA,NA,"number of customers","cents per kilowatt-hour","million dollars","million kilowatt hours"
"2023-Q4","WY","Wyoming","RES","residential","284843","11.72","85.33783","727.86226","number of customers","cents per kilowatt-hour","million dollars","million kilowatt hours"
"2023-Q4","WY","Wyoming","TRA","transportation","0",NA,"0","0","number of customers","cents per kilowatt-hour","million dollars","million kilowatt hours"
"2023-Q3","AK","Alaska","ALL","all sectors","354870","21.16","298.4095","1410.52056","number of customers","cents per kilowatt-hour","million dollars","million kilowatt hours"
"2023-Q3","AK","Alaska","COM","commercial","56926","20.93","131.87353","629.97853","number of customers","cents per kilowatt-hour","million dollars","million kilowatt hours"
"2023-Q3","AK","Alaska","IND","industrial","1186","16.89","58.51601","346.55294","number of customers","cents per kilowatt-hour","million dollars","million kilowatt hours"
"2023-Q3","AK","Alaska","OTH","other",NA,NA,NA,NA,"number of customers","cents per kilowatt-hour","million dollars","million kilowatt hours"
"2023-Q3","AK","Alaska","RES","residential","296759","24.89","108.01996","433.9891","number of customers","cents per kilowatt-hour","million dollars","million kilowatt hours"
"2023-Q3","AK","Alaska","TRA","transportation","0",NA,"0","0","number of customers","cents per kilowatt-hour","million dollars","million kilowatt hours"
"2023-Q3","AL","Alabama","ALL","all sectors","2753872","11.79","2959.69355","25104.53446","number of customers","cents per kilowatt-hour","million dollars","million kilowatt hours"
"2023-Q3","AL","Alabama","COM","commercial","384837","13.04","870.78152","6676.55619","number of customers","cents per kilowatt-hour","million dollars","million kilowatt hours"
"2023-Q3","AL","Alabama","IND","industrial","7272","7.34","597.39364","8136.18024","number of customers","cents per kilowatt-hour","million dollars","million kilowatt hours"
"2023-Q3","AL","Alabama","OTH","other",NA,NA,NA,NA,"number of customers","cents per kilowatt-hour","million dollars","million kilowatt hours"
"2023-Q3","AL","Alabama","RES","residential","2361763","14.49","1491.51838","10291.79802","number of customers","cents per kilowatt-hour","million dollars","million kilowatt hours"
"2023-Q3","AL","Alabama","TRA","transportation","0",NA,"0","0","number of customers","cents per kilowatt-hour","million dollars","million kilowatt hours"
"2023-Q3","AR","Arkansas","ALL","all sectors","1711262","10.25","1498.35747","14614.78347","number of customers","cents per kilowatt-hour","million dollars","million kilowatt hours"
"2023-Q3","AR","Arkansas","COM","commercial","206125","10.38","372.9051","3594.02948","number of customers","cents per kilowatt-hour","million dollars","million kilowatt hours"
"2023-Q3","AR","Arkansas","IND","industrial","41612","7.41","371.85919","5020.57996","number of customers","cents per kilowatt-hour","million dollars","million kilowatt hours"
"2023-Q3","AR","Arkansas","OTH","other",NA,NA,NA,NA,"number of customers","cents per kilowatt-hour","million dollars","million kilowatt hours"
"2023-Q3","AR","Arkansas","RES","residential","1463523","12.56","753.58099","6000.09642","number of customers","cents per kilowatt-hour","million dollars","million kilowatt hours"
"2023-Q3","AR","Arkansas","TRA","transportation","2","15.72",".0122",".07761","number of customers","cents per kilowatt-hour","million dollars","million kilowatt hours"
"2023-Q3","AZ","Arizona","ALL","all sectors","3420687","12.8","3719.07209","29054.10133","number of customers","cents per kilowatt-hour","million dollars","million kilowatt hours"
"2023-Q3","AZ","Arizona","COM","commercial","344678","12.41","1265.30288","10197.21888","number of customers","cents per kilowatt-hour","million dollars","million kilowatt hours"
"2023-Q3","AZ","Arizona","IND","industrial","7634","8.82","340.18098","3858.66409","number of customers","cents per kilowatt-hour","million dollars","million kilowatt hours"
"2023-Q3","AZ","Arizona","OTH","other",NA,NA,NA,NA,"number of customers","cents per kilowatt-hour","million dollars","million kilowatt hours"
"2023-Q3","AZ","Arizona","RES","residential","3068373","14.09","2113.30443","14995.56029","number of customers","cents per kilowatt-hour","million dollars","million kilowatt hours"
"2023-Q3","AZ","Arizona","TRA","transportation","2","10.68",".28381","2.65808","number of customers","cents per kilowatt-hour","million dollars","million kilowatt hours"
"2023-Q3","CA","California","ALL","all sectors","16029422","27.06","19110.41057","70615.8564","number of customers","cents per kilowatt-hour","million dollars","million kilowatt hours"
"2023-Q3","CA","California","COM","commercial","1768438","27.28","8709.18376","31923.27653","number of customers","cents per kilowatt-hour","million dollars","million kilowatt hours"
"2023-Q3","CA","California","IND","industrial","147669","20.96","2619.74472","12496.50672","number of customers","cents per kilowatt-hour","million dollars","million kilowatt hours"
"2023-Q3","CA","California","OTH","other",NA,NA,NA,NA,"number of customers","cents per kilowatt-hour","million dollars","million kilowatt hours"
"2023-Q3","CA","California","RES","residential","14113303","29.82","7754.5918","26004.84699","number of customers","cents per kilowatt-hour","million dollars","million kilowatt hours"
"2023-Q3","CA","California","TRA","transportation","12","14.06","26.89029","191.22615","number of customers","cents per kilowatt-hour","million dollars","million kilowatt hours"
"2023-Q3","CO","Colorado","ALL","all sectors","2935049","12.32","1947.42158","15808.87009","number of customers","cents per kilowatt-hour","million dollars","million kilowatt hours"
"2023-Q3","CO","Colorado","COM","commercial","398726","12.41","712.29528","5739.1167","number of customers","cents per kilowatt-hour","million dollars","million kilowatt hours"
"2023-Q3","CO","Colorado","IND","industrial","15371","8.86","353.39934","3990.66726","number of customers","cents per kilowatt-hour","million dollars","million kilowatt hours"
"2023-Q3","CO","Colorado","OTH","other",NA,NA,NA,NA,"number of customers","cents per kilowatt-hour","million dollars","million kilowatt hours"
"2023-Q3","CO","Colorado","RES","residential","2520950","14.5","878.71604","6058.31894","number of customers","cents per kilowatt-hour","million dollars","million kilowatt hours"
"2023-Q3","CO","Colorado","TRA","transportation","2","14.5","3.01092","20.76719","number of customers","cents per kilowatt-hour","million dollars","million kilowatt hours"
"2023-Q3","CT","Connecticut","ALL","all sectors","1699096","23.29","1809.7836","7770.81985","number of customers","cents per kilowatt-hour","million dollars","million kilowatt hours"
"2023-Q3","CT","Connecticut","COM","commercial","155326","19.55","625.32794","3199.22003","number of customers","cents per kilowatt-hour","million dollars","million kilowatt hours"
"2023-Q3","CT","Connecticut","IND","industrial","3901","15.87","111.10013","699.9719","number of customers","cents per kilowatt-hour","million dollars","million kilowatt hours"
"2023-Q3","CT","Connecticut","OTH","other",NA,NA,NA,NA,"number of customers","cents per kilowatt-hour","million dollars","million kilowatt hours"
"2023-Q3","CT","Connecticut","RES","residential","1539866","27.79","1063.51135","3826.62902","number of customers","cents per kilowatt-hour","million dollars","million kilowatt hours"
"2023-Q3","CT","Connecticut","TRA","transportation","3","21.88","9.8442","44.9989","number of customers","cents per kilowatt-hour","million dollars","million kilowatt hours"
"2023-Q3","DC","District of Columbia","ALL","all sectors","340472","16.58","485.63052","2928.2582","number of customers","cents per kilowatt-hour","million dollars","million kilowatt hours"
"2023-Q3","DC","District of Columbia","COM","commercial","27408","17.08","347.0738","2032.39576","number of customers","cents per kilowatt-hour","million dollars","million kilowatt hours"
"2023-Q3","DC","District of Columbia","IND","industrial","1","10.78","4.99164","46.30047","number of customers","cents per kilowatt-hour","million dollars","million kilowatt hours"
"2023-Q3","DC","District of Columbia","OTH","other",NA,NA,NA,NA,"number of customers","cents per kilowatt-hour","million dollars","million kilowatt hours"
"2023-Q3","DC","District of Columbia","RES","residential","313060","16.46","125.04871","759.90046","number of customers","cents per kilowatt-hour","million dollars","million kilowatt hours"
"2023-Q3","DC","District of Columbia","TRA","transportation","3","9.5","8.51637","89.66151","number of customers","cents per kilowatt-hour","million dollars","million kilowatt hours"
"2023-Q3","DE","Delaware","ALL","all sectors","530200","12.83","421.39367","3283.32003","number of customers","cents per kilowatt-hour","million dollars","million kilowatt hours"
"2023-Q3","DE","Delaware","COM","commercial","60010","11.58","138.50041","1195.64078","number of customers","cents per kilowatt-hour","million dollars","million kilowatt hours"
"2023-Q3","DE","Delaware","IND","industrial","877","7.97","43.32439","543.39182","number of customers","cents per kilowatt-hour","million dollars","million kilowatt hours"
"2023-Q3","DE","Delaware","OTH","other",NA,NA,NA,NA,"number of customers","cents per kilowatt-hour","million dollars","million kilowatt hours"
"2023-Q3","DE","Delaware","RES","residential","469312","15.51","239.56888","1544.28744","number of customers","cents per kilowatt-hour","million dollars","million kilowatt hours"
"2023-Q3","DE","Delaware","TRA","transportation","0",NA,"0","0","number of customers","cents per kilowatt-hour","million dollars","million kilowatt hours"
"2023-Q3","ENC","East North Central","ALL","all sectors","23447112","12.02","17889.46262","148806.57135","number of customers","cents per kilowatt-hour","million dollars","million kilowatt hours"
"2023-Q3","ENC","East North Central","COM","commercial","2550771","11.89","5721.20785","48108.78831","number of customers","cents per kilowatt-hour","million dollars","million kilowatt hours"
"2023-Q3","ENC","East North Central","IND","industrial","55457","7.94","3840.56839","48365.83769","number of customers","cents per kilowatt-hour","million dollars","million kilowatt hours"
"2023-Q3","ENC","East North Central","OTH","other",NA,NA,NA,NA,"number of customers","cents per kilowatt-hour","million dollars","million kilowatt hours"
"2023-Q3","ENC","East North Central","RES","residential","20840873","15.93","8319.25497","52211.1986","number of customers","cents per kilowatt-hour","million dollars","million kilowatt hours"
"2023-Q3","ENC","East North Central","TRA","transportation","11","6.98","8.43143","120.74674","number of customers","cents per kilowatt-hour","million dollars","million kilowatt hours"
"2023-Q3","ESC","East South Central","ALL","all sectors","10393403","10.91","9687.52346","88803.94004","number of customers","cents per kilowatt-hour","million dollars","million kilowatt hours"
"2023-Q3","ESC","East South Central","COM","commercial","1487373","12.01","3247.25479","27044.66018","number of customers","cents per kilowatt-hour","million dollars","million kilowatt hours"
"2023-Q3","ESC","East South Central","IND","industrial","24604","6.8","1714.08232","25192.19851","number of customers","cents per kilowatt-hour","million dollars","million kilowatt hours"
"2023-Q3","ESC","East South Central","OTH","other",NA,NA,NA,NA,"number of customers","cents per kilowatt-hour","million dollars","million kilowatt hours"
"2023-Q3","ESC","East South Central","RES","residential","8881425","12.92","4726.18636","36567.08135","number of customers","cents per kilowatt-hour","million dollars","million kilowatt hours"
"2023-Q3","ESC","East South Central","TRA","transportation","0",NA,"0","0","number of customers","cents per kilowatt-hour","million dollars","million kilowatt hours"
"2023-Q3","FL","Florida","ALL","all sectors","11564314","13.48","10454.44812","77556.86447","number of customers","cents per kilowatt-hour","million dollars","million kilowatt hours"
"2023-Q3","FL","Florida","COM","commercial","1293882","11.66","3308.65423","28380.39082","number of customers","cents per kilowatt-hour","million dollars","million kilowatt hours"
"2023-Q3","FL","Florida","IND","industrial","26564","9.24","433.88474","4693.78496","number of customers","cents per kilowatt-hour","million dollars","million kilowatt hours"
"2023-Q3","FL","Florida","OTH","other",NA,NA,NA,NA,"number of customers","cents per kilowatt-hour","million dollars","million kilowatt hours"
"2023-Q3","FL","Florida","RES","residential","10243866","15.09","6709.83148","44464.13901","number of customers","cents per kilowatt-hour","million dollars","million kilowatt hours"
"2023-Q3","FL","Florida","TRA","transportation","2","11.2","2.07768","18.54967","number of customers","cents per kilowatt-hour","million dollars","million kilowatt hours"
"2023-Q3","GA","Georgia","ALL","all sectors","5353725","11.77","5044.56011","42863.09977","number of customers","cents per kilowatt-hour","million dollars","million kilowatt hours"
"2023-Q3","GA","Georgia","COM","commercial","611049","10.85","1647.01313","15180.28779","number of customers","cents per kilowatt-hour","million dollars","million kilowatt hours"
"2023-Q3","GA","Georgia","IND","industrial","24861","8.02","677.92301","8449.83732","number of customers","cents per kilowatt-hour","million dollars","million kilowatt hours"
"2023-Q3","GA","Georgia","OTH","other",NA,NA,NA,NA,"number of customers","cents per kilowatt-hour","million dollars","million kilowatt hours"
"2023-Q3","GA","Georgia","RES","residential","4717814","14.15","2716.15528","19195.16656","number of customers","cents per kilowatt-hour","million dollars","million kilowatt hours"
"2023-Q3","GA","Georgia","TRA","transportation","1","9.17","3.46869","37.80811","number of customers","cents per kilowatt-hour","million dollars","million kilowatt hours"
"2023-Q3","HI","Hawaii","ALL","all sectors","507110","35.74","839.91434","2350.23702","number of customers","cents per kilowatt-hour","million dollars","million kilowatt hours"
"2023-Q3","HI","Hawaii","COM","commercial","60097","36.02","267.68067","743.12754","number of customers","cents per kilowatt-hour","million dollars","million kilowatt hours"
"2023-Q3","HI","Hawaii","IND","industrial","809","31.96","289.30745","905.25786","number of customers","cents per kilowatt-hour","million dollars","million kilowatt hours"
"2023-Q3","HI","Hawaii","OTH","other",NA,NA,NA,NA,"number of customers","cents per kilowatt-hour","million dollars","million kilowatt hours"
"2023-Q3","HI","Hawaii","RES","residential","446204","40.31","282.92621","701.85162","number of customers","cents per kilowatt-hour","million dollars","million kilowatt hours"
"2023-Q3","HI","Hawaii","TRA","transportation","0",NA,"0","0","number of customers","cents per kilowatt-hour","million dollars","million kilowatt hours"
"2023-Q3","IA","Iowa","ALL","all sectors","1697787","11.02","1578.34345","14324.64522","number of customers","cents per kilowatt-hour","million dollars","million kilowatt hours"
"2023-Q3","IA","Iowa","COM","commercial","250916","11.72","390.54275","3330.87387","number of customers","cents per kilowatt-hour","million dollars","million kilowatt hours"
"2023-Q3","IA","Iowa","IND","industrial","9754","8.49","595.01936","7007.66668","number of customers","cents per kilowatt-hour","million dollars","million kilowatt hours"
"2023-Q3","IA","Iowa","OTH","other",NA,NA,NA,NA,"number of customers","cents per kilowatt-hour","million dollars","million kilowatt hours"
"2023-Q3","IA","Iowa","RES","residential","1437118","14.87","592.78134","3986.10466","number of customers","cents per kilowatt-hour","million dollars","million kilowatt hours"
"2023-Q3","IA","Iowa","TRA","transportation","0",NA,"0","0","number of customers","cents per kilowatt-hour","million dollars","million kilowatt hours"
"2023-Q3","ID","Idaho","ALL","all sectors","999935","9.46","692.94198","7327.29022","number of customers","cents per kilowatt-hour","million dollars","million kilowatt hours"
"2023-Q3","ID","Idaho","COM","commercial","121964","9.14","166.18006","1818.22814","number of customers","cents per kilowatt-hour","million dollars","million kilowatt hours"
"2023-Q3","ID","Idaho","IND","industrial","29616","8.02","252.82086","3153.00434","number of customers","cents per kilowatt-hour","million dollars","million kilowatt hours"
"2023-Q3","ID","Idaho","OTH","other",NA,NA,NA,NA,"number of customers","cents per kilowatt-hour","million dollars","million kilowatt hours"
"2023-Q3","ID","Idaho","RES","residential","848356","11.63","273.94104","2356.05775","number of customers","cents per kilowatt-hour","million dollars","million kilowatt hours"
"2023-Q3","ID","Idaho","TRA","transportation","0",NA,"0","0","number of customers","cents per kilowatt-hour","million dollars","million kilowatt hours"
"2023-Q3","IL","Illinois","ALL","all sectors","6023583","11.45","4234.2258","36977.90227","number of customers","cents per kilowatt-hour","million dollars","million kilowatt hours"
"2023-Q3","IL","Illinois","COM","commercial","626052","11.18","1405.98078","12574.1997","number of customers","cents per kilowatt-hour","million dollars","million kilowatt hours"
"2023-Q3","IL","Illinois","IND","industrial","5517","8.17","887.06178","10861.19961","number of customers","cents per kilowatt-hour","million dollars","million kilowatt hours"
"2023-Q3","IL","Illinois","OTH","other",NA,NA,NA,NA,"number of customers","cents per kilowatt-hour","million dollars","million kilowatt hours"
"2023-Q3","IL","Illinois","RES","residential","5392010","14.4","1933.68679","13432.14559","number of customers","cents per kilowatt-hour","million dollars","million kilowatt hours"
"2023-Q3","IL","Illinois","TRA","transportation","4","6.79","7.49645","110.35738","number of customers","cents per kilowatt-hour","million dollars","million kilowatt hours"
"2023-Q3","IN","Indiana","ALL","all sectors","3413268","11.09","2945.79565","26561.92261","number of customers","cents per kilowatt-hour","million dollars","million kilowatt hours"
"2023-Q3","IN","Indiana","COM","commercial","372204","11.98","772.68225","6451.67492","number of customers","cents per kilowatt-hour","million dollars","million kilowatt hours"
"2023-Q3","IN","Indiana","IND","industrial","19349","7.87","854.7425","10863.75916","number of customers","cents per kilowatt-hour","million dollars","million kilowatt hours"
"2023-Q3","IN","Indiana","OTH","other",NA,NA,NA,NA,"number of customers","cents per kilowatt-hour","million dollars","million kilowatt hours"
"2023-Q3","IN","Indiana","RES","residential","3021714","14.26","1318.08115","9244.26216","number of customers","cents per kilowatt-hour","million dollars","million kilowatt hours"
"2023-Q3","IN","Indiana","TRA","transportation","1","13.01",".28975","2.22637","number of customers","cents per kilowatt-hour","million dollars","million kilowatt hours"
"2023-Q3","KS","Kansas","ALL","all sectors","1581330","11","1363.37134","12391.11512","number of customers","cents per kilowatt-hour","million dollars","million kilowatt hours"
"2023-Q3","KS","Kansas","COM","commercial","245639","10.93","505.87066","4628.42404","number of customers","cents per kilowatt-hour","million dollars","million kilowatt hours"
"2023-Q3","KS","Kansas","IND","industrial","24533","7.47","227.04618","3040.57866","number of customers","cents per kilowatt-hour","million dollars","million kilowatt hours"
"2023-Q3","KS","Kansas","OTH","other",NA,NA,NA,NA,"number of customers","cents per kilowatt-hour","million dollars","million kilowatt hours"
"2023-Q3","KS","Kansas","RES","residential","1311157","13.35","630.45451","4722.11243","number of customers","cents per kilowatt-hour","million dollars","million kilowatt hours"
"2023-Q3","KS","Kansas","TRA","transportation","0",NA,"0","0","number of customers","cents per kilowatt-hour","million dollars","million kilowatt hours"
"2023-Q3","KY","Kentucky","ALL","all sectors","2389370","10","1985.17713","19855.05931","number of customers","cents per kilowatt-hour","million dollars","million kilowatt hours"
"2023-Q3","KY","Kentucky","COM","commercial","323810","11.22","622.10115","5543.69992","number of customers","cents per kilowatt-hour","million dollars","million kilowatt hours"
"2023-Q3","KY","Kentucky","IND","industrial","5123","6.5","460.04159","7072.22019","number of customers","cents per kilowatt-hour","million dollars","million kilowatt hours"
"2023-Q3","KY","Kentucky","OTH","other",NA,NA,NA,NA,"number of customers","cents per kilowatt-hour","million dollars","million kilowatt hours"
"2023-Q3","KY","Kentucky","RES","residential","2060438","12.47","903.03441","7239.13919","number of customers","cents per kilowatt-hour","million dollars","million kilowatt hours"
"2023-Q3","KY","Kentucky","TRA","transportation","0",NA,"0","0","number of customers","cents per kilowatt-hour","million dollars","million kilowatt hours"
"2023-Q3","LA","Louisiana","ALL","all sectors","2463664","8.77","2541.8165","28970.43796","number of customers","cents per kilowatt-hour","million dollars","million kilowatt hours"
"2023-Q3","LA","Louisiana","COM","commercial","301589","9.7","706.59189","7282.2256","number of customers","cents per kilowatt-hour","million dollars","million kilowatt hours"
"2023-Q3","LA","Louisiana","IND","industrial","18897","5.37","552.04237","10272.40964","number of customers","cents per kilowatt-hour","million dollars","million kilowatt hours"
"2023-Q3","LA","Louisiana","OTH","other",NA,NA,NA,NA,"number of customers","cents per kilowatt-hour","million dollars","million kilowatt hours"
"2023-Q3","LA","Louisiana","RES","residential","2143177","11.24","1282.8727","11412.92575","number of customers","cents per kilowatt-hour","million dollars","million kilowatt hours"
"2023-Q3","LA","Louisiana","TRA","transportation","1","10.76",".30953","2.87698","number of customers","cents per kilowatt-hour","million dollars","million kilowatt hours"
"2023-Q3","MA","Massachusetts","ALL","all sectors","3343032","22.21","3201.58633","14417.23034","number of customers","cents per kilowatt-hour","million dollars","million kilowatt hours"
"2023-Q3","MA","Massachusetts","COM","commercial","448831","18.65","1282.78842","6877.5692","number of customers","cents per kilowatt-hour","million dollars","million kilowatt hours"
"2023-Q3","MA","Massachusetts","IND","industrial","10529","17.69","290.08515","1640.10441","number of customers","cents per kilowatt-hour","million dollars","million kilowatt hours"
"2023-Q3","MA","Massachusetts","OTH","other",NA,NA,NA,NA,"number of customers","cents per kilowatt-hour","million dollars","million kilowatt hours"
"2023-Q3","MA","Massachusetts","RES","residential","2883669","27.86","1623.90926","5827.96119","number of customers","cents per kilowatt-hour","million dollars","million kilowatt hours"
"2023-Q3","MA","Massachusetts","TRA","transportation","2","6.71","4.8035","71.59554","number of customers","cents per kilowatt-hour","million dollars","million kilowatt hours"
"2023-Q3","MAT","Middle Atlantic","ALL","all sectors","19117985","16.11","16128.13127","100097.67589","number of customers","cents per kilowatt-hour","million dollars","million kilowatt hours"
"2023-Q3","MAT","Middle Atlantic","COM","commercial","2464580","16.31","6532.71187","40050.45405","number of customers","cents per kilowatt-hour","million dollars","million kilowatt hours"
"2023-Q3","MAT","Middle Atlantic","IND","industrial","34302","7.87","1496.43361","19012.71652","number of customers","cents per kilowatt-hour","million dollars","million kilowatt hours"
"2023-Q3","MAT","Middle Atlantic","OTH","other",NA,NA,NA,NA,"number of customers","cents per kilowatt-hour","million dollars","million kilowatt hours"
"2023-Q3","MAT","Middle Atlantic","RES","residential","16619083","19.83","7947.21286","40079.35024","number of customers","cents per kilowatt-hour","million dollars","million kilowatt hours"
"2023-Q3","MAT","Middle Atlantic","TRA","transportation","21","15.89","151.77292","955.1551","number of customers","cents per kilowatt-hour","million dollars","million kilowatt hours"
"2023-Q3","MD","Maryland","ALL","all sectors","2703110","14.11","2331.62531","16528.99582","number of customers","cents per kilowatt-hour","million dollars","million kilowatt hours"
"2023-Q3","MD","Maryland","COM","commercial","260883","12.35","958.88773","7761.91476","number of customers","cents per kilowatt-hour","million dollars","million kilowatt hours"
"2023-Q3","MD","Maryland","IND","industrial","9233","9.9","92.27288","932.31694","number of customers","cents per kilowatt-hour","million dollars","million kilowatt hours"
"2023-Q3","MD","Maryland","OTH","other",NA,NA,NA,NA,"number of customers","cents per kilowatt-hour","million dollars","million kilowatt hours"
"2023-Q3","MD","Maryland","RES","residential","2432989","16.41","1268.56548","7728.90313","number of customers","cents per kilowatt-hour","million dollars","million kilowatt hours"
"2023-Q3","MD","Maryland","TRA","transportation","5","11.24","11.89922","105.86101","number of customers","cents per kilowatt-hour","million dollars","million kilowatt hours"
"2023-Q3","ME","Maine","ALL","all sectors","839648","20.42","589.10501","2884.3494","number of customers","cents per kilowatt-hour","million dollars","million kilowatt hours"
"2023-Q3","ME","Maine","COM","commercial","108067","17.44","180.63706","1035.62876","number of customers","cents per kilowatt-hour","million dollars","million kilowatt hours"
"2023-Q3","ME","Maine","IND","industrial","2026","12.41","72.78639","586.52798","number of customers","cents per kilowatt-hour","million dollars","million kilowatt hours"
"2023-Q3","ME","Maine","OTH","other",NA,NA,NA,NA,"number of customers","cents per kilowatt-hour","million dollars","million kilowatt hours"
"2023-Q3","ME","Maine","RES","residential","729555","26.6","335.68156","1262.19267","number of customers","cents per kilowatt-hour","million dollars","million kilowatt hours"
"2023-Q3","ME","Maine","TRA","transportation","0",NA,"0","0","number of customers","cents per kilowatt-hour","million dollars","million kilowatt hours"
"2023-Q3","MI","Michigan","ALL","all sectors","5063060","14.03","3726.3376","26555.42062","number of customers","cents per kilowatt-hour","million dollars","million kilowatt hours"
"2023-Q3","MI","Michigan","COM","commercial","560460","13.4","1345.30858","10041.6232","number of customers","cents per kilowatt-hour","million dollars","million kilowatt hours"
"2023-Q3","MI","Michigan","IND","industrial","5709","8.17","604.6171","7400.0133","number of customers","cents per kilowatt-hour","million dollars","million kilowatt hours"
"2023-Q3","MI","Michigan","OTH","other",NA,NA,NA,NA,"number of customers","cents per kilowatt-hour","million dollars","million kilowatt hours"
"2023-Q3","MI","Michigan","RES","residential","4496889","19.49","1776.232","9112.49516","number of customers","cents per kilowatt-hour","million dollars","million kilowatt hours"
"2023-Q3","MI","Michigan","TRA","transportation","2","13.96",".17993","1.28897","number of customers","cents per kilowatt-hour","million dollars","million kilowatt hours"
"2023-Q3","MN","Minnesota","ALL","all sectors","2874053","12.91","2261.50694","17516.93923","number of customers","cents per kilowatt-hour","million dollars","million kilowatt hours"
"2023-Q3","MN","Minnesota","COM","commercial","307477","13.12","796.17721","6066.7941","number of customers","cents per kilowatt-hour","million dollars","million kilowatt hours"
"2023-Q3","MN","Minnesota","IND","industrial","9722","9.68","520.49182","5374.74979","number of customers","cents per kilowatt-hour","million dollars","million kilowatt hours"
"2023-Q3","MN","Minnesota","OTH","other",NA,NA,NA,NA,"number of customers","cents per kilowatt-hour","million dollars","million kilowatt hours"
"2023-Q3","MN","Minnesota","RES","residential","2556853","15.55","944.30613","6071.35387","number of customers","cents per kilowatt-hour","million dollars","million kilowatt hours"
"2023-Q3","MN","Minnesota","TRA","transportation","1","13.16",".53178","4.04147","number of customers","cents per kilowatt-hour","million dollars","million kilowatt hours"
"2023-Q3","MO","Missouri","ALL","all sectors","3326697","12.46","2768.37616","22220.09545","number of customers","cents per kilowatt-hour","million dollars","million kilowatt hours"
"2023-Q3","MO","Missouri","COM","commercial","402122","11.69","970.33189","8300.28182","number of customers","cents per kilowatt-hour","million dollars","million kilowatt hours"
"2023-Q3","MO","Missouri","IND","industrial","9834","8.83","302.0068","3421.48132","number of customers","cents per kilowatt-hour","million dollars","million kilowatt hours"
"2023-Q3","MO","Missouri","OTH","other",NA,NA,NA,NA,"number of customers","cents per kilowatt-hour","million dollars","million kilowatt hours"
"2023-Q3","MO","Missouri","RES","residential","2914739","14.25","1495.23016","10492.00247","number of customers","cents per kilowatt-hour","million dollars","million kilowatt hours"
"2023-Q3","MO","Missouri","TRA","transportation","2","12.75",".80731","6.32984","number of customers","cents per kilowatt-hour","million dollars","million kilowatt hours"
"2023-Q3","MS","Mississippi","ALL","all sectors","1596651","10.93","1635.16122","14966.45531","number of customers","cents per kilowatt-hour","million dollars","million kilowatt hours"
"2023-Q3","MS","Mississippi","COM","commercial","246329","11.93","530.79142","4449.46738","number of customers","cents per kilowatt-hour","million dollars","million kilowatt hours"
"2023-Q3","MS","Mississippi","IND","industrial","11197","6.93","284.9139","4108.79313","number of customers","cents per kilowatt-hour","million dollars","million kilowatt hours"
"2023-Q3","MS","Mississippi","OTH","other",NA,NA,NA,NA,"number of customers","cents per kilowatt-hour","million dollars","million kilowatt hours"
"2023-Q3","MS","Mississippi","RES","residential","1339125","12.79","819.45591","6408.1948","number of customers","cents per kilowatt-hour","million dollars","million kilowatt hours"
"2023-Q3","MS","Mississippi","TRA","transportation","0",NA,"0","0","number of customers","cents per kilowatt-hour","million dollars","million kilowatt hours"
"2023-Q3","MT","Montana","ALL","all sectors","680546","11.1","425.91936","3837.31243","number of customers","cents per kilowatt-hour","million dollars","million kilowatt hours"
"2023-Q3","MT","Montana","COM","commercial","116239","12.22","156.22846","1277.9997","number of customers","cents per kilowatt-hour","million dollars","million kilowatt hours"
"2023-Q3","MT","Montana","IND","industrial","14179","8.01","102.18247","1275.03487","number of customers","cents per kilowatt-hour","million dollars","million kilowatt hours"
"2023-Q3","MT","Montana","OTH","other",NA,NA,NA,NA,"number of customers","cents per kilowatt-hour","million dollars","million kilowatt hours"
"2023-Q3","MT","Montana","RES","residential","550128","13.04","167.50843","1284.27787","number of customers","cents per kilowatt-hour","million dollars","million kilowatt hours"
"2023-Q3","MT","Montana","TRA","transportation","0",NA,"0","0","number of customers","cents per kilowatt-hour","million dollars","million kilowatt hours"
"2023-Q3","MTN","Mountain","ALL","all sectors","12348882","11.79","10651.50953","90324.26272","number of customers","cents per kilowatt-hour","million dollars","million kilowatt hours"
"2023-Q3","MTN","Mountain","COM","commercial","1505278","11.58","3530.46968","30488.00134","number of customers","cents per kilowatt-hour","million dollars","million kilowatt hours"
"2023-Q3","MTN","Mountain","IND","industrial","103783","8.52","1991.91563","23384.03691","number of customers","cents per kilowatt-hour","million dollars","million kilowatt hours"
"2023-Q3","MTN","Mountain","OTH","other",NA,NA,NA,NA,"number of customers","cents per kilowatt-hour","million dollars","million kilowatt hours"
"2023-Q3","MTN","Mountain","RES","residential","10739815","14.07","5123.92356","36413.43969","number of customers","cents per kilowatt-hour","million dollars","million kilowatt hours"
"2023-Q3","MTN","Mountain","TRA","transportation","6","13.41","5.20065","38.78479","number of customers","cents per kilowatt-hour","million dollars","million kilowatt hours"
"2023-Q3","NC","North Carolina","ALL","all sectors","5722966","10.82","4239.88616","39196.75245","number of customers","cents per kilowatt-hour","million dollars","million kilowatt hours"
"2023-Q3","NC","North Carolina","COM","commercial","746769","9.79","1376.5659","14062.08689","number of customers","cents per kilowatt-hour","million dollars","million kilowatt hours"
"2023-Q3","NC","North Carolina","IND","industrial","9134","7.56","529.26814","6999.7507","number of customers","cents per kilowatt-hour","million dollars","million kilowatt hours"
"2023-Q3","NC","North Carolina","OTH","other",NA,NA,NA,NA,"number of customers","cents per kilowatt-hour","million dollars","million kilowatt hours"
"2023-Q3","NC","North Carolina","RES","residential","4967062","12.87","2333.70823","18131.33702","number of customers","cents per kilowatt-hour","million dollars","million kilowatt hours"
"2023-Q3","NC","North Carolina","TRA","transportation","1","9.61",".34389","3.57785","number of customers","cents per kilowatt-hour","million dollars","million kilowatt hours"
"2023-Q3","ND","North Dakota","ALL","all sectors","482639","8.27","568.58557","6876.87229","number of customers","cents per kilowatt-hour","million dollars","million kilowatt hours"
"2023-Q3","ND","North Dakota","COM","commercial","76790","7.66","208.06963","2714.77792","number of customers","cents per kilowatt-hour","million dollars","million kilowatt hours"
"2023-Q3","ND","North Dakota","IND","industrial","10749","7.36","231.34429","3142.03677","number of customers","cents per kilowatt-hour","million dollars","million kilowatt hours"
"2023-Q3","ND","North Dakota","OTH","other",NA,NA,NA,NA,"number of customers","cents per kilowatt-hour","million dollars","million kilowatt hours"
"2023-Q3","ND","North Dakota","RES","residential","395100","12.66","129.17166","1020.05762","number of customers","cents per kilowatt-hour","million dollars","million kilowatt hours"
"2023-Q3","ND","North Dakota","TRA","transportation","0",NA,"0","0","number of customers","cents per kilowatt-hour","million dollars","million kilowatt hours"
"2023-Q3","NE","Nebraska","ALL","all sectors","1123380","9.83","933.51533","9499.66841","number of customers","cents per kilowatt-hour","million dollars","million kilowatt hours"
"2023-Q3","NE","Nebraska","COM","commercial","161111","9.28","287.42965","3096.122","number of customers","cents per kilowatt-hour","million dollars","million kilowatt hours"
"2023-Q3","NE","Nebraska","IND","industrial","67433","8.23","285.66248","3469.24699","number of customers","cents per kilowatt-hour","million dollars","million kilowatt hours"
"2023-Q3","NE","Nebraska","OTH","other",NA,NA,NA,NA,"number of customers","cents per kilowatt-hour","million dollars","million kilowatt hours"
"2023-Q3","NE","Nebraska","RES","residential","894835","12.28","360.42321","2934.29944","number of customers","cents per kilowatt-hour","million dollars","million kilowatt hours"
"2023-Q3","NE","Nebraska","TRA","transportation","0",NA,"0","0","number of customers","cents per kilowatt-hour","million dollars","million kilowatt hours"
"2023-Q3","NEW","New England","ALL","all sectors","7544409","21.97","6943.02947","31597.10159","number of customers","cents per kilowatt-hour","million dollars","million kilowatt hours"
"2023-Q3","NEW","New England","COM","commercial","946815","18.72","2580.17929","13781.3825","number of customers","cents per kilowatt-hour","million dollars","million kilowatt hours"
"2023-Q3","NEW","New England","IND","industrial","21437","15.75","619.1052","3930.09882","number of customers","cents per kilowatt-hour","million dollars","million kilowatt hours"
"2023-Q3","NEW","New England","OTH","other",NA,NA,NA,NA,"number of customers","cents per kilowatt-hour","million dollars","million kilowatt hours"
"2023-Q3","NEW","New England","RES","residential","6576151","27.09","3727.95362","13762.28932","number of customers","cents per kilowatt-hour","million dollars","million kilowatt hours"
"2023-Q3","NEW","New England","TRA","transportation","6","12.8","15.79136","123.33096","number of customers","cents per kilowatt-hour","million dollars","million kilowatt hours"
"2023-Q3","NH","New Hampshire","ALL","all sectors","762945","21.61","635.77066","2942.51607","number of customers","cents per kilowatt-hour","million dollars","million kilowatt hours"
"2023-Q3","NH","New Hampshire","COM","commercial","111540","19.03","211.63309","1112.22806","number of customers","cents per kilowatt-hour","million dollars","million kilowatt hours"
"2023-Q3","NH","New Hampshire","IND","industrial","3124","15.18","78.53546","517.4911","number of customers","cents per kilowatt-hour","million dollars","million kilowatt hours"
"2023-Q3","NH","New Hampshire","OTH","other",NA,NA,NA,NA,"number of customers","cents per kilowatt-hour","million dollars","million kilowatt hours"
"2023-Q3","NH","New Hampshire","RES","residential","648281","26.33","345.60213","1312.7969","number of customers","cents per kilowatt-hour","million dollars","million kilowatt hours"
"2023-Q3","NH","New Hampshire","TRA","transportation","0",NA,"0","0","number of customers","cents per kilowatt-hour","million dollars","million kilowatt hours"
"2023-Q3","NJ","New Jersey","ALL","all sectors","4260884","16.12","3519.40597","21837.1877","number of customers","cents per kilowatt-hour","million dollars","million kilowatt hours"
"2023-Q3","NJ","New Jersey","COM","commercial","539030","14.64","1501.13845","10256.32424","number of customers","cents per kilowatt-hour","million dollars","million kilowatt hours"
"2023-Q3","NJ","New Jersey","IND","industrial","11252","12.34","204.24064","1655.58957","number of customers","cents per kilowatt-hour","million dollars","million kilowatt hours"
"2023-Q3","NJ","New Jersey","OTH","other",NA,NA,NA,NA,"number of customers","cents per kilowatt-hour","million dollars","million kilowatt hours"
"2023-Q3","NJ","New Jersey","RES","residential","3710595","18.33","1802.68276","9833.19607","number of customers","cents per kilowatt-hour","million dollars","million kilowatt hours"
"2023-Q3","NJ","New Jersey","TRA","transportation","8","12.32","11.34414","92.07783","number of customers","cents per kilowatt-hour","million dollars","million kilowatt hours"
"2023-Q3","NM","New Mexico","ALL","all sectors","1086390","10.17","836.43642","8223.54145","number of customers","cents per kilowatt-hour","million dollars","million kilowatt hours"
"2023-Q3","NM","New Mexico","COM","commercial","147822","11.4","316.23389","2774.95799","number of customers","cents per kilowatt-hour","million dollars","million kilowatt hours"
"2023-Q3","NM","New Mexico","IND","industrial","9364","5.68","174.49968","3069.60276","number of customers","cents per kilowatt-hour","million dollars","million kilowatt hours"
"2023-Q3","NM","New Mexico","OTH","other",NA,NA,NA,NA,"number of customers","cents per kilowatt-hour","million dollars","million kilowatt hours"
"2023-Q3","NM","New Mexico","RES","residential","929204","14.53","345.70285","2378.98071","number of customers","cents per kilowatt-hour","million dollars","million kilowatt hours"
"2023-Q3","NM","New Mexico","TRA","transportation","0",NA,"0","0","number of customers","cents per kilowatt-hour","million dollars","million kilowatt hours"
"2023-Q3","NV","Nevada","ALL","all sectors","1470938","14.24","1742.76032","12241.36355","number of customers","cents per kilowatt-hour","million dollars","million kilowatt hours"
"2023-Q3","NV","Nevada","COM","commercial","174167","12.76","461.52137","3615.96831","number of customers","cents per kilowatt-hour","million dollars","million kilowatt hours"
"2023-Q3","NV","Nevada","IND","industrial","4924","12.45","437.78466","3516.40682","number of customers","cents per kilowatt-hour","million dollars","million kilowatt hours"
"2023-Q3","NV","Nevada","OTH","other",NA,NA,NA,NA,"number of customers","cents per kilowatt-hour","million dollars","million kilowatt hours"
"2023-Q3","NV","Nevada","RES","residential","1291846","16.51","843.18162","5106.88288","number of customers","cents per kilowatt-hour","million dollars","million kilowatt hours"
"2023-Q3","NV","Nevada","TRA","transportation","1","12.95",".27267","2.10554","number of customers","cents per kilowatt-hour","million dollars","million kilowatt hours"
"2023-Q3","NY","New York","ALL","all sectors","8586263","19.53","7861.22521","40255.34064","number of customers","cents per kilowatt-hour","million dollars","million kilowatt hours"
"2023-Q3","NY","New York","COM","commercial","1189050","19.76","3948.59727","19985.20596","number of customers","cents per kilowatt-hour","million dollars","million kilowatt hours"
"2023-Q3","NY","New York","IND","industrial","7149","7.04","281.87211","4002.38","number of customers","cents per kilowatt-hour","million dollars","million kilowatt hours"
"2023-Q3","NY","New York","OTH","other",NA,NA,NA,NA,"number of customers","cents per kilowatt-hour","million dollars","million kilowatt hours"
"2023-Q3","NY","New York","RES","residential","7390056","22.56","3503.01589","15525.15452","number of customers","cents per kilowatt-hour","million dollars","million kilowatt hours"
"2023-Q3","NY","New York","TRA","transportation","8","17.2","127.73994","742.60017","number of customers","cents per kilowatt-hour","million dollars","million kilowatt hours"
"2023-Q3","OH","Ohio","ALL","all sectors","5755968","11.28","4522.56406","40109.06337","number of customers","cents per kilowatt-hour","million dollars","million kilowatt hours"
"2023-Q3","OH","Ohio","COM","commercial","625721","10.75","1368.35468","12726.1064","number of customers","cents per kilowatt-hour","million dollars","million kilowatt hours"
"2023-Q3","OH","Ohio","IND","industrial","19131","7.02","919.63285","13104.19702","number of customers","cents per kilowatt-hour","million dollars","million kilowatt hours"
"2023-Q3","OH","Ohio","OTH","other",NA,NA,NA,NA,"number of customers","cents per kilowatt-hour","million dollars","million kilowatt hours"
"2023-Q3","OH","Ohio","RES","residential","5111113","15.65","2234.15757","14272.14342","number of customers","cents per kilowatt-hour","million dollars","million kilowatt hours"
"2023-Q3","OH","Ohio","TRA","transportation","2","6.33",".41895","6.61654","number of customers","cents per kilowatt-hour","million dollars","million kilowatt hours"
"2023-Q3","OK","Oklahoma","ALL","all sectors","2185630","10.28","2140.82095","20821.05656","number of customers","cents per kilowatt-hour","million dollars","million kilowatt hours"
"2023-Q3","OK","Oklahoma","COM","commercial","305445","10.24","706.19572","6893.19913","number of customers","cents per kilowatt-hour","million dollars","million kilowatt hours"
"2023-Q3","OK","Oklahoma","IND","industrial","19958","6.78","390.83438","5763.6114","number of customers","cents per kilowatt-hour","million dollars","million kilowatt hours"
"2023-Q3","OK","Oklahoma","OTH","other",NA,NA,NA,NA,"number of customers","cents per kilowatt-hour","million dollars","million kilowatt hours"
"2023-Q3","OK","Oklahoma","RES","residential","1860227","12.78","1043.79085","8164.24603","number of customers","cents per kilowatt-hour","million dollars","million kilowatt hours"
"2023-Q3","OK","Oklahoma","TRA","transportation","0",NA,"0","0","number of customers","cents per kilowatt-hour","million dollars","million kilowatt hours"
"2023-Q3","OR","Oregon","ALL","all sectors","2116684","10.36","1510.17809","14574.04147","number of customers","cents per kilowatt-hour","million dollars","million kilowatt hours"
"2023-Q3","OR","Oregon","COM","commercial","244344","9.98","600.15266","6012.01233","number of customers","cents per kilowatt-hour","million dollars","million kilowatt hours"
"2023-Q3","OR","Oregon","IND","industrial","27010","7.62","295.87664","3880.81899","number of customers","cents per kilowatt-hour","million dollars","million kilowatt hours"
"2023-Q3","OR","Oregon","OTH","other",NA,NA,NA,NA,"number of customers","cents per kilowatt-hour","million dollars","million kilowatt hours"
"2023-Q3","OR","Oregon","RES","residential","1845328","13.12","613.50445","4675.5234","number of customers","cents per kilowatt-hour","million dollars","million kilowatt hours"
"2023-Q3","OR","Oregon","TRA","transportation","2","11.33",".64434","5.68678","number of customers","cents per kilowatt-hour","million dollars","million kilowatt hours"
"2023-Q3","PA","Pennsylvania","ALL","all sectors","6270838","12.49","4747.50008","38005.14755","number of customers","cents per kilowatt-hour","million dollars","million kilowatt hours"
"2023-Q3","PA","Pennsylvania","COM","commercial","736500","11.04","1082.97616","9808.92385","number of customers","cents per kilowatt-hour","million dollars","million kilowatt hours"
"2023-Q3","PA","Pennsylvania","IND","industrial","15900","7.57","1010.32086","13354.74696","number of customers","cents per kilowatt-hour","million dollars","million kilowatt hours"
"2023-Q3","PA","Pennsylvania","OTH","other",NA,NA,NA,NA,"number of customers","cents per kilowatt-hour","million dollars","million kilowatt hours"
"2023-Q3","PA","Pennsylvania","RES","residential","5518432","17.94","2641.51422","14720.99965","number of customers","cents per kilowatt-hour","million dollars","million kilowatt hours"
"2023-Q3","PA","Pennsylvania","TRA","transportation","5","10.53","12.68884","120.47709","number of customers","cents per kilowatt-hour","million dollars","million kilowatt hours"
"2023-Q3","PACC","Pacific Contiguous","ALL","all sectors","21905986","21.32","22600.81983","106024.61511","number of customers","cents per kilowatt-hour","million dollars","million kilowatt hours"
"2023-Q3","PACC","Pacific Contiguous","COM","commercial","2415984","22.08","10054.82027","45542.15172","number of customers","cents per kilowatt-hour","million dollars","million kilowatt hours"
"2023-Q3","PACC","Pacific Contiguous","IND","industrial","202668","15.06","3253.32541","21604.39408","number of customers","cents per kilowatt-hour","million dollars","million kilowatt hours"
"2023-Q3","PACC","Pacific Contiguous","OTH","other",NA,NA,NA,NA,"number of customers","cents per kilowatt-hour","million dollars","million kilowatt hours"
"2023-Q3","PACC","Pacific Contiguous","RES","residential","19287315","23.96","9263.24285","38662.2299","number of customers","cents per kilowatt-hour","million dollars","million kilowatt hours"
"2023-Q3","PACC","Pacific Contiguous","TRA","transportation","19","13.64","29.43129","215.83942","number of customers","cents per kilowatt-hour","million dollars","million kilowatt hours"
"2023-Q3","PACN","Pacific Noncontiguous","ALL","all sectors","861980","30.27","1138.32383","3760.75758","number of customers","cents per kilowatt-hour","million dollars","million kilowatt hours"
"2023-Q3","PACN","Pacific Noncontiguous","COM","commercial","117023","29.1","399.55419","1373.10606","number of customers","cents per kilowatt-hour","million dollars","million kilowatt hours"
"2023-Q3","PACN","Pacific Noncontiguous","IND","industrial","1995","27.79","347.82346","1251.8108","number of customers","cents per kilowatt-hour","million dollars","million kilowatt hours"
"2023-Q3","PACN","Pacific Noncontiguous","OTH","other",NA,NA,NA,NA,"number of customers","cents per kilowatt-hour","million dollars","million kilowatt hours"
"2023-Q3","PACN","Pacific Noncontiguous","RES","residential","742963","34.42","390.94617","1135.84072","number of customers","cents per kilowatt-hour","million dollars","million kilowatt hours"
"2023-Q3","PACN","Pacific Noncontiguous","TRA","transportation","0",NA,"0","0","number of customers","cents per kilowatt-hour","million dollars","million kilowatt hours"
"2023-Q3","RI","Rhode Island","ALL","all sectors","513588","21.21","464.29538","2188.93763","number of customers","cents per kilowatt-hour","million dollars","million kilowatt hours"
"2023-Q3","RI","Rhode Island","COM","commercial","60378","18.05","187.9508","1041.032","number of customers","cents per kilowatt-hour","million dollars","million kilowatt hours"
"2023-Q3","RI","Rhode Island","IND","industrial","1598","18.8","30.48638","162.13833","number of customers","cents per kilowatt-hour","million dollars","million kilowatt hours"
"2023-Q3","RI","Rhode Island","OTH","other",NA,NA,NA,NA,"number of customers","cents per kilowatt-hour","million dollars","million kilowatt hours"
"2023-Q3","RI","Rhode Island","RES","residential","451610","25","244.71453","979.03077","number of customers","cents per kilowatt-hour","million dollars","million kilowatt hours"
"2023-Q3","RI","Rhode Island","TRA","transportation","1","16.98","1.14367","6.73652","number of customers","cents per kilowatt-hour","million dollars","million kilowatt hours"
"2023-Q3","SAT","South Atlantic","ALL","all sectors","34257363","12.04","30317.14218","251747.8157","number of customers","cents per kilowatt-hour","million dollars","million kilowatt hours"
"2023-Q3","SAT","South Atlantic","COM","commercial","4004168","10.68","10542.95015","98679.62941","number of customers","cents per kilowatt-hour","million dollars","million kilowatt hours"
"2023-Q3","SAT","South Atlantic","IND","industrial","89095","7.98","2847.42483","35677.68142","number of customers","cents per kilowatt-hour","million dollars","million kilowatt hours"
"2023-Q3","SAT","South Atlantic","OTH","other",NA,NA,NA,NA,"number of customers","cents per kilowatt-hour","million dollars","million kilowatt hours"
"2023-Q3","SAT","South Atlantic","RES","residential","30164087","14.43","16892.17891","117051.70292","number of customers","cents per kilowatt-hour","million dollars","million kilowatt hours"
"2023-Q3","SAT","South Atlantic","TRA","transportation","13","10.21","34.58829","338.80195","number of customers","cents per kilowatt-hour","million dollars","million kilowatt hours"
"2023-Q3","SC","South Carolina","ALL","all sectors","2946059","10.81","2608.51654","24121.72304","number of customers","cents per kilowatt-hour","million dollars","million kilowatt hours"
"2023-Q3","SC","South Carolina","COM","commercial","410839","10.49","775.39918","7389.39679","number of customers","cents per kilowatt-hour","million dollars","million kilowatt hours"
"2023-Q3","SC","South Carolina","IND","industrial","3668","7.01","461.38949","6579.77275","number of customers","cents per kilowatt-hour","million dollars","million kilowatt hours"
"2023-Q3","SC","South Carolina","OTH","other",NA,NA,NA,NA,"number of customers","cents per kilowatt-hour","million dollars","million kilowatt hours"
"2023-Q3","SC","South Carolina","RES","residential","2531552","13.51","1371.72789","10152.55351","number of customers","cents per kilowatt-hour","million dollars","million kilowatt hours"
"2023-Q3","SC","South Carolina","TRA","transportation","0",NA,"0","0","number of customers","cents per kilowatt-hour","million dollars","million kilowatt hours"
"2023-Q3","SD","South Dakota","ALL","all sectors","509573","10.92","379.68688","3477.42367","number of customers","cents per kilowatt-hour","million dollars","million kilowatt hours"
"2023-Q3","SD","South Dakota","COM","commercial","77411","10.53","140.67332","1336.5539","number of customers","cents per kilowatt-hour","million dollars","million kilowatt hours"
"2023-Q3","SD","South Dakota","IND","industrial","4363","8.26","72.72945","880.78867","number of customers","cents per kilowatt-hour","million dollars","million kilowatt hours"
"2023-Q3","SD","South Dakota","OTH","other",NA,NA,NA,NA,"number of customers","cents per kilowatt-hour","million dollars","million kilowatt hours"
"2023-Q3","SD","South Dakota","RES","residential","427799","13.2","166.28412","1260.08109","number of customers","cents per kilowatt-hour","million dollars","million kilowatt hours"
"2023-Q3","SD","South Dakota","TRA","transportation","0",NA,"0","0","number of customers","cents per kilowatt-hour","million dollars","million kilowatt hours"
"2023-Q3","TN","Tennessee","ALL","all sectors","3653509","10.76","3107.49157","28877.89098","number of customers","cents per kilowatt-hour","million dollars","million kilowatt hours"
"2023-Q3","TN","Tennessee","COM","commercial","532398","11.79","1223.58071","10374.93668","number of customers","cents per kilowatt-hour","million dollars","million kilowatt hours"
"2023-Q3","TN","Tennessee","IND","industrial","1013","6.33","371.7332","5875.00496","number of customers","cents per kilowatt-hour","million dollars","million kilowatt hours"
"2023-Q3","TN","Tennessee","OTH","other",NA,NA,NA,NA,"number of customers","cents per kilowatt-hour","million dollars","million kilowatt hours"
"2023-Q3","TN","Tennessee","RES","residential","3120099","11.97","1512.17767","12627.94935","number of customers","cents per kilowatt-hour","million dollars","million kilowatt hours"
"2023-Q3","TN","Tennessee","TRA","transportation","0",NA,"0","0","number of customers","cents per kilowatt-hour","million dollars","million kilowatt hours"
"2023-Q3","TX","Texas","ALL","all sectors","14252610","10.87","16773.0245","154292.80524","number of customers","cents per kilowatt-hour","million dollars","million kilowatt hours"
"2023-Q3","TX","Texas","COM","commercial","1598349","9.28","4549.03082","49018.1066","number of customers","cents per kilowatt-hour","million dollars","million kilowatt hours"
"2023-Q3","TX","Texas","IND","industrial","347815","7.82","3379.92603","43195.31458","number of customers","cents per kilowatt-hour","million dollars","million kilowatt hours"
"2023-Q3","TX","Texas","OTH","other",NA,NA,NA,NA,"number of customers","cents per kilowatt-hour","million dollars","million kilowatt hours"
"2023-Q3","TX","Texas","RES","residential","12306443","14.25","8840.93673","62035.61924","number of customers","cents per kilowatt-hour","million dollars","million kilowatt hours"
"2023-Q3","TX","Texas","TRA","transportation","3","7.15","3.13092","43.76481","number of customers","cents per kilowatt-hour","million dollars","million kilowatt hours"
"2023-Q3","US","U.S. Total","ALL","all sectors","162085744","13.16","148163.34725","1126168.58259","number of customers","cents per kilowatt-hour","million dollars","million kilowatt hours"
"2023-Q3","US","U.S. Total","COM","commercial","19424966","13.02","52242.96673","401329.562","number of customers","cents per kilowatt-hour","million dollars","million kilowatt hours"
"2023-Q3","US","U.S. Total","IND","industrial","1098010","8.56","23039.64117","269007.23917","number of customers","cents per kilowatt-hour","million dollars","million kilowatt hours"
"2023-Q3","US","U.S. Total","OTH","other",NA,NA,NA,NA,"number of customers","cents per kilowatt-hour","million dollars","million kilowatt hours"
"2023-Q3","US","U.S. Total","RES","residential","141562682","16","72630.73171","453982.03175","number of customers","cents per kilowatt-hour","million dollars","million kilowatt hours"
"2023-Q3","US","U.S. Total","TRA","transportation","85","13.52","250.00765","1849.74966","number of customers","cents per kilowatt-hour","million dollars","million kilowatt hours"
"2023-Q3","UT","Utah","ALL","all sectors","1400534","9.57","934.18377","9761.29589","number of customers","cents per kilowatt-hour","million dollars","million kilowatt hours"
"2023-Q3","UT","Utah","COM","commercial","142938","8.88","333.22019","3754.57772","number of customers","cents per kilowatt-hour","million dollars","million kilowatt hours"
"2023-Q3","UT","Utah","IND","industrial","10767","7.35","174.34004","2371.84915","number of customers","cents per kilowatt-hour","million dollars","million kilowatt hours"
"2023-Q3","UT","Utah","OTH","other",NA,NA,NA,NA,"number of customers","cents per kilowatt-hour","million dollars","million kilowatt hours"
"2023-Q3","UT","Utah","RES","residential","1246828","11.73","424.9903","3621.61505","number of customers","cents per kilowatt-hour","million dollars","million kilowatt hours"
"2023-Q3","UT","Utah","TRA","transportation","1","12.32","1.63324","13.25398","number of customers","cents per kilowatt-hour","million dollars","million kilowatt hours"
"2023-Q3","VA","Virginia","ALL","all sectors","4070186","10.51","3896.56457","37089.30111","number of customers","cents per kilowatt-hour","million dollars","million kilowatt hours"
"2023-Q3","VA","Virginia","COM","commercial","442240","8.61","1785.37778","20747.70771","number of customers","cents per kilowatt-hour","million dollars","million kilowatt hours"
"2023-Q3","VA","Virginia","IND","industrial","3682","9.04","338.12205","3738.64439","number of customers","cents per kilowatt-hour","million dollars","million kilowatt hours"
"2023-Q3","VA","Virginia","OTH","other",NA,NA,NA,NA,"number of customers","cents per kilowatt-hour","million dollars","million kilowatt hours"
"2023-Q3","VA","Virginia","RES","residential","3624263","14.1","1764.78231","12519.60521","number of customers","cents per kilowatt-hour","million dollars","million kilowatt hours"
"2023-Q3","VA","Virginia","TRA","transportation","1","9.94","8.28244","83.34381","number of customers","cents per kilowatt-hour","million dollars","million kilowatt hours"
"2023-Q3","VT","Vermont","ALL","all sectors","386101","17.4","242.48851","1393.24833","number of customers","cents per kilowatt-hour","million dollars","million kilowatt hours"
"2023-Q3","VT","Vermont","COM","commercial","62673","17.81","91.84199","515.70444","number of customers","cents per kilowatt-hour","million dollars","million kilowatt hours"
"2023-Q3","VT","Vermont","IND","industrial","258","11.15","36.1117","323.86511","number of customers","cents per kilowatt-hour","million dollars","million kilowatt hours"
"2023-Q3","VT","Vermont","OTH","other",NA,NA,NA,NA,"number of customers","cents per kilowatt-hour","million dollars","million kilowatt hours"
"2023-Q3","VT","Vermont","RES","residential","323170","20.69","114.53482","553.67877","number of customers","cents per kilowatt-hour","million dollars","million kilowatt hours"
"2023-Q3","VT","Vermont","TRA","transportation","0",NA,"0","0","number of customers","cents per kilowatt-hour","million dollars","million kilowatt hours"
"2023-Q3","WA","Washington","ALL","all sectors","3759880","9.5","1980.23118","20834.71724","number of customers","cents per kilowatt-hour","million dollars","million kilowatt hours"
"2023-Q3","WA","Washington","COM","commercial","403202","9.8","745.48384","7606.86286","number of customers","cents per kilowatt-hour","million dollars","million kilowatt hours"
"2023-Q3","WA","Washington","IND","industrial","27989","6.46","337.70406","5227.06837","number of customers","cents per kilowatt-hour","million dollars","million kilowatt hours"
"2023-Q3","WA","Washington","OTH","other",NA,NA,NA,NA,"number of customers","cents per kilowatt-hour","million dollars","million kilowatt hours"
"2023-Q3","WA","Washington","RES","residential","3328684","11.21","895.14661","7981.85951","number of customers","cents per kilowatt-hour","million dollars","million kilowatt hours"
"2023-Q3","WA","Washington","TRA","transportation","5","10.02","1.89667","18.92648","number of customers","cents per kilowatt-hour","million dollars","million kilowatt hours"
"2023-Q3","WI","Wisconsin","ALL","all sectors","3191233","13.23","2460.53952","18602.26246","number of customers","cents per kilowatt-hour","million dollars","million kilowatt hours"
"2023-Q3","WI","Wisconsin","COM","commercial","366334","13.13","828.88155","6315.1841","number of customers","cents per kilowatt-hour","million dollars","million kilowatt hours"
"2023-Q3","WI","Wisconsin","IND","industrial","5750","9.36","574.51418","6136.6686","number of customers","cents per kilowatt-hour","million dollars","million kilowatt hours"
"2023-Q3","WI","Wisconsin","OTH","other",NA,NA,NA,NA,"number of customers","cents per kilowatt-hour","million dollars","million kilowatt hours"
"2023-Q3","WI","Wisconsin","RES","residential","2819147","17.19","1057.09746","6150.15229","number of customers","cents per kilowatt-hour","million dollars","million kilowatt hours"
"2023-Q3","WI","Wisconsin","TRA","transportation","2","18",".04634",".25749","number of customers","cents per kilowatt-hour","million dollars","million kilowatt hours"
"2023-Q3","WNC","West North Central","ALL","all sectors","11595458","11.42","9853.38566","86306.7594","number of customers","cents per kilowatt-hour","million dollars","million kilowatt hours"
"2023-Q3","WNC","West North Central","COM","commercial","1521466","11.19","3299.0951","29473.82764","number of customers","cents per kilowatt-hour","million dollars","million kilowatt hours"
"2023-Q3","WNC","West North Central","IND","industrial","136388","8.48","2234.30035","26336.54886","number of customers","cents per kilowatt-hour","million dollars","million kilowatt hours"
"2023-Q3","WNC","West North Central","OTH","other",NA,NA,NA,NA,"number of customers","cents per kilowatt-hour","million dollars","million kilowatt hours"
"2023-Q3","WNC","West North Central","RES","residential","9937601","14.17","4318.65112","30486.01158","number of customers","cents per kilowatt-hour","million dollars","million kilowatt hours"
"2023-Q3","WNC","West North Central","TRA","transportation","3","12.91","1.33908","10.37131","number of customers","cents per kilowatt-hour","million dollars","million kilowatt hours"
"2023-Q3","WSC","West South Central","ALL","all sectors","20613166","10.5","22954.01942","218699.08322","number of customers","cents per kilowatt-hour","million dollars","million kilowatt hours"
"2023-Q3","WSC","West South Central","COM","commercial","2411508","9.48","6334.72353","66787.56081","number of customers","cents per kilowatt-hour","million dollars","million kilowatt hours"
"2023-Q3","WSC","West South Central","IND","industrial","428282","7.31","4694.66196","64251.91558","number of customers","cents per kilowatt-hour","million dollars","million kilowatt hours"
"2023-Q3","WSC","West South Central","OTH","other",NA,NA,NA,NA,"number of customers","cents per kilowatt-hour","million dollars","million kilowatt hours"
"2023-Q3","WSC","West South Central","RES","residential","17773370","13.61","11921.18129","87612.88743","number of customers","cents per kilowatt-hour","million dollars","million kilowatt hours"
"2023-Q3","WSC","West South Central","TRA","transportation","6","7.39","3.45264","46.71939","number of customers","cents per kilowatt-hour","million dollars","million kilowatt hours"
"2023-Q3","WV","West Virginia","ALL","all sectors","1026330","10.2","834.51719","8179.50082","number of customers","cents per kilowatt-hour","million dollars","million kilowatt hours"
"2023-Q3","WV","West Virginia","COM","commercial","151087","10.65","205.47801","1929.80812","number of customers","cents per kilowatt-hour","million dollars","million kilowatt hours"
"2023-Q3","WV","West Virginia","IND","industrial","11075","7.21","266.2485","3693.88212","number of customers","cents per kilowatt-hour","million dollars","million kilowatt hours"
"2023-Q3","WV","West Virginia","OTH","other",NA,NA,NA,NA,"number of customers","cents per kilowatt-hour","million dollars","million kilowatt hours"
"2023-Q3","WV","West Virginia","RES","residential","864169","14.19","362.79069","2555.8106","number of customers","cents per kilowatt-hour","million dollars","million kilowatt hours"
"2023-Q3","WV","West Virginia","TRA","transportation","0",NA,"0","0","number of customers","cents per kilowatt-hour","million dollars","million kilowatt hours"
"2023-Q3","WY","Wyoming","ALL","all sectors","354802","8.67","352.77404","4070.48777","number of customers","cents per kilowatt-hour","million dollars","million kilowatt hours"
"2023-Q3","WY","Wyoming","COM","commercial","58744","9.12","119.48757","1309.93392","number of customers","cents per kilowatt-hour","million dollars","million kilowatt hours"
"2023-Q3","WY","Wyoming","IND","industrial","11928","7.29","156.70762","2148.80764","number of customers","cents per kilowatt-hour","million dollars","million kilowatt hours"
"2023-Q3","WY","Wyoming","OTH","other",NA,NA,NA,NA,"number of customers","cents per kilowatt-hour","million dollars","million kilowatt hours"
"2023-Q3","WY","Wyoming","RES","residential","284130","12.52","76.57884","611.74622","number of customers","cents per kilowatt-hour","million dollars","million kilowatt hours"
"2023-Q3","WY","Wyoming","TRA","transportation","0",NA,"0","0","number of customers","cents per kilowatt-hour","million dollars","million kilowatt hours"
"2023-Q2","AK","Alaska","ALL","all sectors","353598","21.89","309.46903","1413.98064","number of customers","cents per kilowatt-hour","million dollars","million kilowatt hours"
"2023-Q2","AK","Alaska","COM","commercial","56699","21.39","133.21165","622.90045","number of customers","cents per kilowatt-hour","million dollars","million kilowatt hours"
"2023-Q2","AK","Alaska","IND","industrial","1168","19.45","64.79148","333.06837","number of customers","cents per kilowatt-hour","million dollars","million kilowatt hours"
"2023-Q2","AK","Alaska","OTH","other",NA,NA,NA,NA,"number of customers","cents per kilowatt-hour","million dollars","million kilowatt hours"
"2023-Q2","AK","Alaska","RES","residential","295731","24.34","111.46591","458.01182","number of customers","cents per kilowatt-hour","million dollars","million kilowatt hours"
"2023-Q2","AK","Alaska","TRA","transportation","0",NA,"0","0","number of customers","cents per kilowatt-hour","million dollars","million kilowatt hours"
"2023-Q2","AL","Alabama","ALL","all sectors","2742638","11.22","2279.02839","20312.25695","number of customers","cents per kilowatt-hour","million dollars","million kilowatt hours"
"2023-Q2","AL","Alabama","COM","commercial","384280","12.96","706.97126","5455.10484","number of customers","cents per kilowatt-hour","million dollars","million kilowatt hours"
"2023-Q2","AL","Alabama","IND","industrial","7251","7.04","555.06381","7888.57059","number of customers","cents per kilowatt-hour","million dollars","million kilowatt hours"
"2023-Q2","AL","Alabama","OTH","other",NA,NA,NA,NA,"number of customers","cents per kilowatt-hour","million dollars","million kilowatt hours"
"2023-Q2","AL","Alabama","RES","residential","2351107","14.59","1016.99331","6968.58154","number of customers","cents per kilowatt-hour","million dollars","million kilowatt hours"
"2023-Q2","AL","Alabama","TRA","transportation","0",NA,"0","0","number of customers","cents per kilowatt-hour","million dollars","million kilowatt hours"
"2023-Q2","AR","Arkansas","ALL","all sectors","1695618","9.44","1056.79127","11195.58523","number of customers","cents per kilowatt-hour","million dollars","million kilowatt hours"
"2023-Q2","AR","Arkansas","COM","commercial","204991","10.25","284.84335","2779.17551","number of customers","cents per kilowatt-hour","million dollars","million kilowatt hours"
"2023-Q2","AR","Arkansas","IND","industrial","33923","6.55","303.21251","4632.05933","number of customers","cents per kilowatt-hour","million dollars","million kilowatt hours"
"2023-Q2","AR","Arkansas","OTH","other",NA,NA,NA,NA,"number of customers","cents per kilowatt-hour","million dollars","million kilowatt hours"
"2023-Q2","AR","Arkansas","RES","residential","1456703","12.39","468.7252","3784.28645","number of customers","cents per kilowatt-hour","million dollars","million kilowatt hours"
"2023-Q2","AR","Arkansas","TRA","transportation","2","15.97",".01021",".06392","number of customers","cents per kilowatt-hour","million dollars","million kilowatt hours"
"2023-Q2","AZ","Arizona","ALL","all sectors","3406413","12.27","2546.74634","20763.44361","number of customers","cents per kilowatt-hour","million dollars","million kilowatt hours"
"2023-Q2","AZ","Arizona","COM","commercial","343828","11.99","965.26908","8052.27101","number of customers","cents per kilowatt-hour","million dollars","million kilowatt hours"
"2023-Q2","AZ","Arizona","IND","industrial","7672","7.8","277.48626","3556.64141","number of customers","cents per kilowatt-hour","million dollars","million kilowatt hours"
"2023-Q2","AZ","Arizona","OTH","other",NA,NA,NA,NA,"number of customers","cents per kilowatt-hour","million dollars","million kilowatt hours"
"2023-Q2","AZ","Arizona","RES","residential","3054911","14.25","1303.72194","9151.95046","number of customers","cents per kilowatt-hour","million dollars","million kilowatt hours"
"2023-Q2","AZ","Arizona","TRA","transportation","2","10.43",".26905","2.58072","number of customers","cents per kilowatt-hour","million dollars","million kilowatt hours"
"2023-Q2","CA","California","ALL","all sectors","15974752","24.04","12951.16997","53883.17945","number of customers","cents per kilowatt-hour","million dollars","million kilowatt hours"
"2023-Q2","CA","California","COM","commercial","1769901","22.53","5862.30851","26025.77354","number of customers","cents per kilowatt-hour","million dollars","million kilowatt hours"
"2023-Q2","CA","California","IND","industrial","149625","17.64","1827.42505","10361.46043","number of customers","cents per kilowatt-hour","million dollars","million kilowatt hours"
"2023-Q2","CA","California","OTH","other",NA,NA,NA,NA,"number of customers","cents per kilowatt-hour","million dollars","million kilowatt hours"
"2023-Q2","CA","California","RES","residential","14055214","30.27","5238.1758","17305.6678","number of customers","cents per kilowatt-hour","million dollars","million kilowatt hours"
"2023-Q2","CA","California","TRA","transportation","12","12.22","23.26063","190.27768","number of customers","cents per kilowatt-hour","million dollars","million kilowatt hours"
"2023-Q2","CO","Colorado","ALL","all sectors","2923067","11.64","1508.82301","12965.45533","number of customers","cents per kilowatt-hour","million dollars","million kilowatt hours"
"2023-Q2","CO","Colorado","COM","commercial","396545","11.68","572.9212","4905.98585","number of customers","cents per kilowatt-hour","million dollars","million kilowatt hours"
"2023-Q2","CO","Colorado","IND","industrial","15400","8.53","312.36942","3661.75472","number of customers","cents per kilowatt-hour","million dollars","million kilowatt hours"
"2023-Q2","CO","Colorado","OTH","other",NA,NA,NA,NA,"number of customers","cents per kilowatt-hour","million dollars","million kilowatt hours"
"2023-Q2","CO","Colorado","RES","residential","2511120","14.19","620.62884","4374.78514","number of customers","cents per kilowatt-hour","million dollars","million kilowatt hours"
"2023-Q2","CO","Colorado","TRA","transportation","2","12.66","2.90352","22.92962","number of customers","cents per kilowatt-hour","million dollars","million kilowatt hours"
"2023-Q2","CT","Connecticut","ALL","all sectors","1701661","24.77","1485.01348","5995.76569","number of customers","cents per kilowatt-hour","million dollars","million kilowatt hours"
"2023-Q2","CT","Connecticut","COM","commercial","156387","19.85","538.30873","2711.46662","number of customers","cents per kilowatt-hour","million dollars","million kilowatt hours"
"2023-Q2","CT","Connecticut","IND","industrial","3963","14.85","96.96828","652.81422","number of customers","cents per kilowatt-hour","million dollars","million kilowatt hours"
"2023-Q2","CT","Connecticut","OTH","other",NA,NA,NA,NA,"number of customers","cents per kilowatt-hour","million dollars","million kilowatt hours"
"2023-Q2","CT","Connecticut","RES","residential","1541308","32.55","842.61944","2588.85851","number of customers","cents per kilowatt-hour","million dollars","million kilowatt hours"
"2023-Q2","CT","Connecticut","TRA","transportation","3","16.7","7.11706","42.62634","number of customers","cents per kilowatt-hour","million dollars","million kilowatt hours"
"2023-Q2","DC","District of Columbia","ALL","all sectors","339852","16.42","375.42771","2285.98373","number of customers","cents per kilowatt-hour","million dollars","million kilowatt hours"
"2023-Q2","DC","District of Columbia","COM","commercial","27343","16.91","279.64532","1653.77915","number of customers","cents per kilowatt-hour","million dollars","million kilowatt hours"
"2023-Q2","DC","District of Columbia","IND","industrial","1","10.98","4.68815","42.68528","number of customers","cents per kilowatt-hour","million dollars","million kilowatt hours"
"2023-Q2","DC","District of Columbia","OTH","other",NA,NA,NA,NA,"number of customers","cents per kilowatt-hour","million dollars","million kilowatt hours"
"2023-Q2","DC","District of Columbia","RES","residential","312504","16.3","83.7386","513.66007","number of customers","cents per kilowatt-hour","million dollars","million kilowatt hours"
"2023-Q2","DC","District of Columbia","TRA","transportation","3","9.7","7.35563","75.85922","number of customers","cents per kilowatt-hour","million dollars","million kilowatt hours"
"2023-Q2","DE","Delaware","ALL","all sectors","528855","12.45","314.71126","2528.39661","number of customers","cents per kilowatt-hour","million dollars","million kilowatt hours"
"2023-Q2","DE","Delaware","COM","commercial","59805","11.76","117.06164","995.10025","number of customers","cents per kilowatt-hour","million dollars","million kilowatt hours"
"2023-Q2","DE","Delaware","IND","industrial","874","7.12","38.15171","535.88209","number of customers","cents per kilowatt-hour","million dollars","million kilowatt hours"
"2023-Q2","DE","Delaware","OTH","other",NA,NA,NA,NA,"number of customers","cents per kilowatt-hour","million dollars","million kilowatt hours"
"2023-Q2","DE","Delaware","RES","residential","468176","15.99","159.49792","997.41427","number of customers","cents per kilowatt-hour","million dollars","million kilowatt hours"
"2023-Q2","DE","Delaware","TRA","transportation","0",NA,"0","0","number of customers","cents per kilowatt-hour","million dollars","million kilowatt hours"
"2023-Q2","ENC","East North Central","ALL","all sectors","23407732","11.93","15219.16046","127548.89943","number of customers","cents per kilowatt-hour","million dollars","million kilowatt hours"
"2023-Q2","ENC","East North Central","COM","commercial","2544131","12.04","5055.36426","42001.80497","number of customers","cents per kilowatt-hour","million dollars","million kilowatt hours"
"2023-Q2","ENC","East North Central","IND","industrial","55474","7.83","3593.1953","45878.24898","number of customers","cents per kilowatt-hour","million dollars","million kilowatt hours"
"2023-Q2","ENC","East North Central","OTH","other",NA,NA,NA,NA,"number of customers","cents per kilowatt-hour","million dollars","million kilowatt hours"
"2023-Q2","ENC","East North Central","RES","residential","20808116","16.59","6563.84381","39573.10831","number of customers","cents per kilowatt-hour","million dollars","million kilowatt hours"
"2023-Q2","ENC","East North Central","TRA","transportation","11","7.06","6.75709","95.73717","number of customers","cents per kilowatt-hour","million dollars","million kilowatt hours"
"2023-Q2","ESC","East South Central","ALL","all sectors","10333058","10.57","7506.45801","71049.7113","number of customers","cents per kilowatt-hour","million dollars","million kilowatt hours"
"2023-Q2","ESC","East South Central","COM","commercial","1478866","12.03","2615.68922","21742.78518","number of customers","cents per kilowatt-hour","million dollars","million kilowatt hours"
"2023-Q2","ESC","East South Central","IND","industrial","24641","6.57","1599.37498","24353.93974","number of customers","cents per kilowatt-hour","million dollars","million kilowatt hours"
"2023-Q2","ESC","East South Central","OTH","other",NA,NA,NA,NA,"number of customers","cents per kilowatt-hour","million dollars","million kilowatt hours"
"2023-Q2","ESC","East South Central","RES","residential","8829550","13.19","3291.39382","24952.98637","number of customers","cents per kilowatt-hour","million dollars","million kilowatt hours"
"2023-Q2","ESC","East South Central","TRA","transportation","0",NA,"0","0","number of customers","cents per kilowatt-hour","million dollars","million kilowatt hours"
"2023-Q2","FL","Florida","ALL","all sectors","11517959","13.57","8504.97681","62664.26888","number of customers","cents per kilowatt-hour","million dollars","million kilowatt hours"
"2023-Q2","FL","Florida","COM","commercial","1292602","11.99","2961.01609","24686.53646","number of customers","cents per kilowatt-hour","million dollars","million kilowatt hours"
"2023-Q2","FL","Florida","IND","industrial","26132","9.18","415.16277","4523.27359","number of customers","cents per kilowatt-hour","million dollars","million kilowatt hours"
"2023-Q2","FL","Florida","OTH","other",NA,NA,NA,NA,"number of customers","cents per kilowatt-hour","million dollars","million kilowatt hours"
"2023-Q2","FL","Florida","RES","residential","10199223","15.33","5126.63593","33435.90029","number of customers","cents per kilowatt-hour","million dollars","million kilowatt hours"
"2023-Q2","FL","Florida","TRA","transportation","2","11.65","2.16203","18.55855","number of customers","cents per kilowatt-hour","million dollars","million kilowatt hours"
"2023-Q2","GA","Georgia","ALL","all sectors","5325909","10.84","3638.38289","33573.91178","number of customers","cents per kilowatt-hour","million dollars","million kilowatt hours"
"2023-Q2","GA","Georgia","COM","commercial","609405","10.44","1305.97088","12504.91756","number of customers","cents per kilowatt-hour","million dollars","million kilowatt hours"
"2023-Q2","GA","Georgia","IND","industrial","24574","6.43","523.81912","8140.64939","number of customers","cents per kilowatt-hour","million dollars","million kilowatt hours"
"2023-Q2","GA","Georgia","OTH","other",NA,NA,NA,NA,"number of customers","cents per kilowatt-hour","million dollars","million kilowatt hours"
"2023-Q2","GA","Georgia","RES","residential","4691929","14.01","1806.41554","12894.55149","number of customers","cents per kilowatt-hour","million dollars","million kilowatt hours"
"2023-Q2","GA","Georgia","TRA","transportation","1","6.44","2.17736","33.79335","number of customers","cents per kilowatt-hour","million dollars","million kilowatt hours"
"2023-Q2","HI","Hawaii","ALL","all sectors","507644","38.46","835.08598","2171.49422","number of customers","cents per kilowatt-hour","million dollars","million kilowatt hours"
"2023-Q2","HI","Hawaii","COM","commercial","60256","38.85","268.61495","691.32901","number of customers","cents per kilowatt-hour","million dollars","million kilowatt hours"
"2023-Q2","HI","Hawaii","IND","industrial","811","35.17","297.05114","844.67321","number of customers","cents per kilowatt-hour","million dollars","million kilowatt hours"
"2023-Q2","HI","Hawaii","OTH","other",NA,NA,NA,NA,"number of customers","cents per kilowatt-hour","million dollars","million kilowatt hours"
"2023-Q2","HI","Hawaii","RES","residential","446578","42.4","269.41989","635.49199","number of customers","cents per kilowatt-hour","million dollars","million kilowatt hours"
"2023-Q2","HI","Hawaii","TRA","transportation","0",NA,"0","0","number of customers","cents per kilowatt-hour","million dollars","million kilowatt hours"
"2023-Q2","IA","Iowa","ALL","all sectors","1692893","9.63","1253.40246","13019.59858","number of customers","cents per kilowatt-hour","million dollars","million kilowatt hours"
"2023-Q2","IA","Iowa","COM","commercial","250157","10.8","322.62284","2986.06637","number of customers","cents per kilowatt-hour","million dollars","million kilowatt hours"
"2023-Q2","IA","Iowa","IND","industrial","9718","7.01","478.17914","6821.48403","number of customers","cents per kilowatt-hour","million dollars","million kilowatt hours"
"2023-Q2","IA","Iowa","OTH","other",NA,NA,NA,NA,"number of customers","cents per kilowatt-hour","million dollars","million kilowatt hours"
"2023-Q2","IA","Iowa","RES","residential","1433018","14.09","452.60049","3212.04817","number of customers","cents per kilowatt-hour","million dollars","million kilowatt hours"
"2023-Q2","IA","Iowa","TRA","transportation","0",NA,"0","0","number of customers","cents per kilowatt-hour","million dollars","million kilowatt hours"
"2023-Q2","ID","Idaho","ALL","all sectors","993536","8.87","540.80922","6096.41239","number of customers","cents per kilowatt-hour","million dollars","million kilowatt hours"
"2023-Q2","ID","Idaho","COM","commercial","121406","8.74","139.94109","1601.47757","number of customers","cents per kilowatt-hour","million dollars","million kilowatt hours"
"2023-Q2","ID","Idaho","IND","industrial","29488","7.35","182.09579","2475.90064","number of customers","cents per kilowatt-hour","million dollars","million kilowatt hours"
"2023-Q2","ID","Idaho","OTH","other",NA,NA,NA,NA,"number of customers","cents per kilowatt-hour","million dollars","million kilowatt hours"
"2023-Q2","ID","Idaho","RES","residential","842642","10.84","218.77234","2019.03418","number of customers","cents per kilowatt-hour","million dollars","million kilowatt hours"
"2023-Q2","ID","Idaho","TRA","transportation","0",NA,"0","0","number of customers","cents per kilowatt-hour","million dollars","million kilowatt hours"
"2023-Q2","IL","Illinois","ALL","all sectors","6020106","11.99","3673.27872","30629.45037","number of customers","cents per kilowatt-hour","million dollars","million kilowatt hours"
"2023-Q2","IL","Illinois","COM","commercial","625887","11.44","1237.80459","10822.49212","number of customers","cents per kilowatt-hour","million dollars","million kilowatt hours"
"2023-Q2","IL","Illinois","IND","industrial","5557","8.15","824.07869","10113.36029","number of customers","cents per kilowatt-hour","million dollars","million kilowatt hours"
"2023-Q2","IL","Illinois","OTH","other",NA,NA,NA,NA,"number of customers","cents per kilowatt-hour","million dollars","million kilowatt hours"
"2023-Q2","IL","Illinois","RES","residential","5388658","16.71","1605.54353","9608.7485","number of customers","cents per kilowatt-hour","million dollars","million kilowatt hours"
"2023-Q2","IL","Illinois","TRA","transportation","4","6.9","5.85192","84.84946","number of customers","cents per kilowatt-hour","million dollars","million kilowatt hours"
"2023-Q2","IN","Indiana","ALL","all sectors","3401836","11.15","2522.21328","22625.80457","number of customers","cents per kilowatt-hour","million dollars","million kilowatt hours"
"2023-Q2","IN","Indiana","COM","commercial","371002","12.24","674.79415","5511.77644","number of customers","cents per kilowatt-hour","million dollars","million kilowatt hours"
"2023-Q2","IN","Indiana","IND","industrial","19338","8.01","819.13","10231.04169","number of customers","cents per kilowatt-hour","million dollars","million kilowatt hours"
"2023-Q2","IN","Indiana","OTH","other",NA,NA,NA,NA,"number of customers","cents per kilowatt-hour","million dollars","million kilowatt hours"
"2023-Q2","IN","Indiana","RES","residential","3011496","14.94","1028.015","6880.75986","number of customers","cents per kilowatt-hour","million dollars","million kilowatt hours"
"2023-Q2","IN","Indiana","TRA","transportation","1","12.31",".27413","2.22655","number of customers","cents per kilowatt-hour","million dollars","million kilowatt hours"
"2023-Q2","KS","Kansas","ALL","all sectors","1574074","10.72","1054.7895","9840.11731","number of customers","cents per kilowatt-hour","million dollars","million kilowatt hours"
"2023-Q2","KS","Kansas","COM","commercial","245482","10.79","415.46293","3848.87108","number of customers","cents per kilowatt-hour","million dollars","million kilowatt hours"
"2023-Q2","KS","Kansas","IND","industrial","24302","7.52","215.74648","2867.67111","number of customers","cents per kilowatt-hour","million dollars","million kilowatt hours"
"2023-Q2","KS","Kansas","OTH","other",NA,NA,NA,NA,"number of customers","cents per kilowatt-hour","million dollars","million kilowatt hours"
"2023-Q2","KS","Kansas","RES","residential","1304289","13.56","423.5801","3123.57515","number of customers","cents per kilowatt-hour","million dollars","million kilowatt hours"
"2023-Q2","KS","Kansas","TRA","transportation","0",NA,"0","0","number of customers","cents per kilowatt-hour","million dollars","million kilowatt hours"
"2023-Q2","KY","Kentucky","ALL","all sectors","2379600","9.76","1627.64361","16670.65052","number of customers","cents per kilowatt-hour","million dollars","million kilowatt hours"
"2023-Q2","KY","Kentucky","COM","commercial","322029","11.37","526.96789","4634.82306","number of customers","cents per kilowatt-hour","million dollars","million kilowatt hours"
"2023-Q2","KY","Kentucky","IND","industrial","5138","6.39","434.12062","6790.18636","number of customers","cents per kilowatt-hour","million dollars","million kilowatt hours"
"2023-Q2","KY","Kentucky","OTH","other",NA,NA,NA,NA,"number of customers","cents per kilowatt-hour","million dollars","million kilowatt hours"
"2023-Q2","KY","Kentucky","RES","residential","2052432","12.71","666.5551","5245.64109","number of customers","cents per kilowatt-hour","million dollars","million kilowatt hours"
"2023-Q2","KY","Kentucky","TRA","transportation","0",NA,"0","0","number of customers","cents per kilowatt-hour","million dollars","million kilowatt hours"
"2023-Q2","LA","Louisiana","ALL","all sectors","2453968","8.45","1926.54685","22808.58266","number of customers","cents per kilowatt-hour","million dollars","million kilowatt hours"
"2023-Q2","LA","Louisiana","COM","commercial","300777","10.12","578.5993","5718.59748","number of customers","cents per kilowatt-hour","million dollars","million kilowatt hours"
"2023-Q2","LA","Louisiana","IND","industrial","18917","5.47","553.16702","10106.95657","number of customers","cents per kilowatt-hour","million dollars","million kilowatt hours"
"2023-Q2","LA","Louisiana","OTH","other",NA,NA,NA,NA,"number of customers","cents per kilowatt-hour","million dollars","million kilowatt hours"
"2023-Q2","LA","Louisiana","RES","residential","2134273","11.38","794.4965","6980.4658","number of customers","cents per kilowatt-hour","million dollars","million kilowatt hours"
"2023-Q2","LA","Louisiana","TRA","transportation","1","11.08",".28402","2.56282","number of customers","cents per kilowatt-hour","million dollars","million kilowatt hours"
"2023-Q2","MA","Massachusetts","ALL","all sectors","3317181","22.82","2575.95981","11288.97988","number of customers","cents per kilowatt-hour","million dollars","million kilowatt hours"
"2023-Q2","MA","Massachusetts","COM","commercial","427431","19.41","1094.36605","5638.42669","number of customers","cents per kilowatt-hour","million dollars","million kilowatt hours"
"2023-Q2","MA","Massachusetts","IND","industrial","10437","17.55","263.24466","1500.05621","number of customers","cents per kilowatt-hour","million dollars","million kilowatt hours"
"2023-Q2","MA","Massachusetts","OTH","other",NA,NA,NA,NA,"number of customers","cents per kilowatt-hour","million dollars","million kilowatt hours"
"2023-Q2","MA","Massachusetts","RES","residential","2879311","29.7","1213.55787","4085.99546","number of customers","cents per kilowatt-hour","million dollars","million kilowatt hours"
"2023-Q2","MA","Massachusetts","TRA","transportation","2","7.43","4.79124","64.50152","number of customers","cents per kilowatt-hour","million dollars","million kilowatt hours"
"2023-Q2","MAT","Middle Atlantic","ALL","all sectors","19074407","14.73","11680.70338","79311.34228","number of customers","cents per kilowatt-hour","million dollars","million kilowatt hours"
"2023-Q2","MAT","Middle Atlantic","COM","commercial","2451630","14.82","4935.89211","33314.13131","number of customers","cents per kilowatt-hour","million dollars","million kilowatt hours"
"2023-Q2","MAT","Middle Atlantic","IND","industrial","33927","7.79","1381.23382","17722.6772","number of customers","cents per kilowatt-hour","million dollars","million kilowatt hours"
"2023-Q2","MAT","Middle Atlantic","OTH","other",NA,NA,NA,NA,"number of customers","cents per kilowatt-hour","million dollars","million kilowatt hours"
"2023-Q2","MAT","Middle Atlantic","RES","residential","16588829","19.12","5247.18923","27449.12947","number of customers","cents per kilowatt-hour","million dollars","million kilowatt hours"
"2023-Q2","MAT","Middle Atlantic","TRA","transportation","21","14.1","116.38822","825.40431","number of customers","cents per kilowatt-hour","million dollars","million kilowatt hours"
"2023-Q2","MD","Maryland","ALL","all sectors","2699579","13.92","1762.91889","12660.83275","number of customers","cents per kilowatt-hour","million dollars","million kilowatt hours"
"2023-Q2","MD","Maryland","COM","commercial","260642","12.49","793.03928","6348.83191","number of customers","cents per kilowatt-hour","million dollars","million kilowatt hours"
"2023-Q2","MD","Maryland","IND","industrial","9222","9.6","82.54182","859.76319","number of customers","cents per kilowatt-hour","million dollars","million kilowatt hours"
"2023-Q2","MD","Maryland","OTH","other",NA,NA,NA,NA,"number of customers","cents per kilowatt-hour","million dollars","million kilowatt hours"
"2023-Q2","MD","Maryland","RES","residential","2429710","16.37","875.9819","5350.9731","number of customers","cents per kilowatt-hour","million dollars","million kilowatt hours"
"2023-Q2","MD","Maryland","TRA","transportation","5","11.21","11.35589","101.26457","number of customers","cents per kilowatt-hour","million dollars","million kilowatt hours"
"2023-Q2","ME","Maine","ALL","all sectors","837966","20.95","546.03301","2606.90077","number of customers","cents per kilowatt-hour","million dollars","million kilowatt hours"
"2023-Q2","ME","Maine","COM","commercial","107051","18.63","174.93495","938.82215","number of customers","cents per kilowatt-hour","million dollars","million kilowatt hours"
"2023-Q2","ME","Maine","IND","industrial","2004","11.46","69.82537","609.35291","number of customers","cents per kilowatt-hour","million dollars","million kilowatt hours"
"2023-Q2","ME","Maine","OTH","other",NA,NA,NA,NA,"number of customers","cents per kilowatt-hour","million dollars","million kilowatt hours"
"2023-Q2","ME","Maine","RES","residential","728910","28.46","301.27271","1058.72571","number of customers","cents per kilowatt-hour","million dollars","million kilowatt hours"
"2023-Q2","ME","Maine","TRA","transportation","0",NA,"0","0","number of customers","cents per kilowatt-hour","million dollars","million kilowatt hours"
"2023-Q2","MI","Michigan","ALL","all sectors","5058911","13.55","3194.27192","23579.03357","number of customers","cents per kilowatt-hour","million dollars","million kilowatt hours"
"2023-Q2","MI","Michigan","COM","commercial","558918","13.59","1216.21528","8949.52192","number of customers","cents per kilowatt-hour","million dollars","million kilowatt hours"
"2023-Q2","MI","Michigan","IND","industrial","5683","8.01","576.52663","7199.73667","number of customers","cents per kilowatt-hour","million dollars","million kilowatt hours"
"2023-Q2","MI","Michigan","OTH","other",NA,NA,NA,NA,"number of customers","cents per kilowatt-hour","million dollars","million kilowatt hours"
"2023-Q2","MI","Michigan","RES","residential","4494309","18.86","1401.35464","7428.50631","number of customers","cents per kilowatt-hour","million dollars","million kilowatt hours"
"2023-Q2","MI","Michigan","TRA","transportation","2","13.82",".17536","1.26867","number of customers","cents per kilowatt-hour","million dollars","million kilowatt hours"
"2023-Q2","MN","Minnesota","ALL","all sectors","2863858","12.55","2002.92513","15960.2604","number of customers","cents per kilowatt-hour","million dollars","million kilowatt hours"
"2023-Q2","MN","Minnesota","COM","commercial","308115","12.89","711.95195","5524.92102","number of customers","cents per kilowatt-hour","million dollars","million kilowatt hours"
"2023-Q2","MN","Minnesota","IND","industrial","9636","9.38","481.15962","5129.019","number of customers","cents per kilowatt-hour","million dollars","million kilowatt hours"
"2023-Q2","MN","Minnesota","OTH","other",NA,NA,NA,NA,"number of customers","cents per kilowatt-hour","million dollars","million kilowatt hours"
"2023-Q2","MN","Minnesota","RES","residential","2546105","15.26","809.27221","5302.1556","number of customers","cents per kilowatt-hour","million dollars","million kilowatt hours"
"2023-Q2","MN","Minnesota","TRA","transportation","1","13",".54136","4.16478","number of customers","cents per kilowatt-hour","million dollars","million kilowatt hours"
"2023-Q2","MO","Missouri","ALL","all sectors","3307087","10.89","1955.58757","17965.09046","number of customers","cents per kilowatt-hour","million dollars","million kilowatt hours"
"2023-Q2","MO","Missouri","COM","commercial","400398","10.14","717.46607","7077.88109","number of customers","cents per kilowatt-hour","million dollars","million kilowatt hours"
"2023-Q2","MO","Missouri","IND","industrial","9812","7.8","250.69857","3213.88263","number of customers","cents per kilowatt-hour","million dollars","million kilowatt hours"
"2023-Q2","MO","Missouri","OTH","other",NA,NA,NA,NA,"number of customers","cents per kilowatt-hour","million dollars","million kilowatt hours"
"2023-Q2","MO","Missouri","RES","residential","2896875","12.87","986.90994","7667.35164","number of customers","cents per kilowatt-hour","million dollars","million kilowatt hours"
"2023-Q2","MO","Missouri","TRA","transportation","2","8.59",".51301","5.97511","number of customers","cents per kilowatt-hour","million dollars","million kilowatt hours"
"2023-Q2","MS","Mississippi","ALL","all sectors","1590281","10.9","1222.37758","11211.19379","number of customers","cents per kilowatt-hour","million dollars","million kilowatt hours"
"2023-Q2","MS","Mississippi","COM","commercial","245686","12.5","419.13387","3353.97461","number of customers","cents per kilowatt-hour","million dollars","million kilowatt hours"
"2023-Q2","MS","Mississippi","IND","industrial","11240","6.76","263.50552","3898.88577","number of customers","cents per kilowatt-hour","million dollars","million kilowatt hours"
"2023-Q2","MS","Mississippi","OTH","other",NA,NA,NA,NA,"number of customers","cents per kilowatt-hour","million dollars","million kilowatt hours"
"2023-Q2","MS","Mississippi","RES","residential","1333354","13.64","539.73818","3958.33341","number of customers","cents per kilowatt-hour","million dollars","million kilowatt hours"
"2023-Q2","MS","Mississippi","TRA","transportation","0",NA,"0","0","number of customers","cents per kilowatt-hour","million dollars","million kilowatt hours"
"2023-Q2","MT","Montana","ALL","all sectors","676012","10.53","374.46995","3555.60202","number of customers","cents per kilowatt-hour","million dollars","million kilowatt hours"
"2023-Q2","MT","Montana","COM","commercial","115950","12.13","144.5369","1191.23161","number of customers","cents per kilowatt-hour","million dollars","million kilowatt hours"
"2023-Q2","MT","Montana","IND","industrial","12268","6.62","76.35798","1154.24415","number of customers","cents per kilowatt-hour","million dollars","million kilowatt hours"
"2023-Q2","MT","Montana","OTH","other",NA,NA,NA,NA,"number of customers","cents per kilowatt-hour","million dollars","million kilowatt hours"
"2023-Q2","MT","Montana","RES","residential","547794","12.69","153.57507","1210.12624","number of customers","cents per kilowatt-hour","million dollars","million kilowatt hours"
"2023-Q2","MT","Montana","TRA","transportation","0",NA,"0","0","number of customers","cents per kilowatt-hour","million dollars","million kilowatt hours"
"2023-Q2","MTN","Mountain","ALL","all sectors","12291591","11.01","7814.95965","71009.81789","number of customers","cents per kilowatt-hour","million dollars","million kilowatt hours"
"2023-Q2","MTN","Mountain","COM","commercial","1499185","11.02","2801.32007","25425.82582","number of customers","cents per kilowatt-hour","million dollars","million kilowatt hours"
"2023-Q2","MTN","Mountain","IND","industrial","101716","7.67","1609.82802","20991.41774","number of customers","cents per kilowatt-hour","million dollars","million kilowatt hours"
"2023-Q2","MTN","Mountain","OTH","other",NA,NA,NA,NA,"number of customers","cents per kilowatt-hour","million dollars","million kilowatt hours"
"2023-Q2","MTN","Mountain","RES","residential","10690684","13.84","3398.7134","24551.50836","number of customers","cents per kilowatt-hour","million dollars","million kilowatt hours"
"2023-Q2","MTN","Mountain","TRA","transportation","6","12.41","5.09817","41.06597","number of customers","cents per kilowatt-hour","million dollars","million kilowatt hours"
"2023-Q2","NC","North Carolina","ALL","all sectors","5689995","10.07","3118.13958","30972.25186","number of customers","cents per kilowatt-hour","million dollars","million kilowatt hours"
"2023-Q2","NC","North Carolina","COM","commercial","744924","9.17","1067.44781","11636.56383","number of customers","cents per kilowatt-hour","million dollars","million kilowatt hours"
"2023-Q2","NC","North Carolina","IND","industrial","9128","6.63","452.16184","6821.37094","number of customers","cents per kilowatt-hour","million dollars","million kilowatt hours"
"2023-Q2","NC","North Carolina","OTH","other",NA,NA,NA,NA,"number of customers","cents per kilowatt-hour","million dollars","million kilowatt hours"
"2023-Q2","NC","North Carolina","RES","residential","4935942","12.77","1598.27151","12511.25657","number of customers","cents per kilowatt-hour","million dollars","million kilowatt hours"
"2023-Q2","NC","North Carolina","TRA","transportation","1","8.44",".25844","3.06053","number of customers","cents per kilowatt-hour","million dollars","million kilowatt hours"
"2023-Q2","ND","North Dakota","ALL","all sectors","481509","7.92","528.546","6672.16019","number of customers","cents per kilowatt-hour","million dollars","million kilowatt hours"
"2023-Q2","ND","North Dakota","COM","commercial","76538","7.05","186.04623","2637.60711","number of customers","cents per kilowatt-hour","million dollars","million kilowatt hours"
"2023-Q2","ND","North Dakota","IND","industrial","10683","7.43","219.4872","2954.70612","number of customers","cents per kilowatt-hour","million dollars","million kilowatt hours"
"2023-Q2","ND","North Dakota","OTH","other",NA,NA,NA,NA,"number of customers","cents per kilowatt-hour","million dollars","million kilowatt hours"
"2023-Q2","ND","North Dakota","RES","residential","394288","11.39","123.01255","1079.84697","number of customers","cents per kilowatt-hour","million dollars","million kilowatt hours"
"2023-Q2","ND","North Dakota","TRA","transportation","0",NA,"0","0","number of customers","cents per kilowatt-hour","million dollars","million kilowatt hours"
"2023-Q2","NE","Nebraska","ALL","all sectors","1118541","9.28","730.43913","7869.17526","number of customers","cents per kilowatt-hour","million dollars","million kilowatt hours"
"2023-Q2","NE","Nebraska","COM","commercial","160475","8.8","239.76985","2723.17033","number of customers","cents per kilowatt-hour","million dollars","million kilowatt hours"
"2023-Q2","NE","Nebraska","IND","industrial","66968","7.8","221.22656","2837.65043","number of customers","cents per kilowatt-hour","million dollars","million kilowatt hours"
"2023-Q2","NE","Nebraska","OTH","other",NA,NA,NA,NA,"number of customers","cents per kilowatt-hour","million dollars","million kilowatt hours"
"2023-Q2","NE","Nebraska","RES","residential","891098","11.67","269.44273","2308.3545","number of customers","cents per kilowatt-hour","million dollars","million kilowatt hours"
"2023-Q2","NE","Nebraska","TRA","transportation","0",NA,"0","0","number of customers","cents per kilowatt-hour","million dollars","million kilowatt hours"
"2023-Q2","NEW","New England","ALL","all sectors","7517180","22.59","5695.92104","25210.97206","number of customers","cents per kilowatt-hour","million dollars","million kilowatt hours"
"2023-Q2","NEW","New England","COM","commercial","924746","19.11","2218.25013","11609.0751","number of customers","cents per kilowatt-hour","million dollars","million kilowatt hours"
"2023-Q2","NEW","New England","IND","industrial","21381","15.22","564.26797","3706.36858","number of customers","cents per kilowatt-hour","million dollars","million kilowatt hours"
"2023-Q2","NEW","New England","OTH","other",NA,NA,NA,NA,"number of customers","cents per kilowatt-hour","million dollars","million kilowatt hours"
"2023-Q2","NEW","New England","RES","residential","6571047","29.65","2900.41383","9782.0791","number of customers","cents per kilowatt-hour","million dollars","million kilowatt hours"
"2023-Q2","NEW","New England","TRA","transportation","6","11.45","12.98911","113.44927","number of customers","cents per kilowatt-hour","million dollars","million kilowatt hours"
"2023-Q2","NH","New Hampshire","ALL","all sectors","759514","23.37","565.32359","2419.14221","number of customers","cents per kilowatt-hour","million dollars","million kilowatt hours"
"2023-Q2","NH","New Hampshire","COM","commercial","111060","20.37","194.25702","953.58159","number of customers","cents per kilowatt-hour","million dollars","million kilowatt hours"
"2023-Q2","NH","New Hampshire","IND","industrial","3119","15.15","72.82345","480.83538","number of customers","cents per kilowatt-hour","million dollars","million kilowatt hours"
"2023-Q2","NH","New Hampshire","OTH","other",NA,NA,NA,NA,"number of customers","cents per kilowatt-hour","million dollars","million kilowatt hours"
"2023-Q2","NH","New Hampshire","RES","residential","645334","30.29","298.24312","984.72524","number of customers","cents per kilowatt-hour","million dollars","million kilowatt hours"
"2023-Q2","NH","New Hampshire","TRA","transportation","0",NA,"0","0","number of customers","cents per kilowatt-hour","million dollars","million kilowatt hours"
"2023-Q2","NJ","New Jersey","ALL","all sectors","4241190","15.27","2453.36201","16069.42853","number of customers","cents per kilowatt-hour","million dollars","million kilowatt hours"
"2023-Q2","NJ","New Jersey","COM","commercial","535835","14.22","1195.72458","8407.30739","number of customers","cents per kilowatt-hour","million dollars","million kilowatt hours"
"2023-Q2","NJ","New Jersey","IND","industrial","11242","11.62","171.78524","1478.03754","number of customers","cents per kilowatt-hour","million dollars","million kilowatt hours"
"2023-Q2","NJ","New Jersey","OTH","other",NA,NA,NA,NA,"number of customers","cents per kilowatt-hour","million dollars","million kilowatt hours"
"2023-Q2","NJ","New Jersey","RES","residential","3694105","17.64","1074.44094","6090.94598","number of customers","cents per kilowatt-hour","million dollars","million kilowatt hours"
"2023-Q2","NJ","New Jersey","TRA","transportation","8","12.25","11.41125","93.13762","number of customers","cents per kilowatt-hour","million dollars","million kilowatt hours"
"2023-Q2","NM","New Mexico","ALL","all sectors","1082672","9.02","605.90618","6716.6405","number of customers","cents per kilowatt-hour","million dollars","million kilowatt hours"
"2023-Q2","NM","New Mexico","COM","commercial","147074","10.25","232.41839","2268.34874","number of customers","cents per kilowatt-hour","million dollars","million kilowatt hours"
"2023-Q2","NM","New Mexico","IND","industrial","9362","5.66","162.06521","2862.96262","number of customers","cents per kilowatt-hour","million dollars","million kilowatt hours"
"2023-Q2","NM","New Mexico","OTH","other",NA,NA,NA,NA,"number of customers","cents per kilowatt-hour","million dollars","million kilowatt hours"
"2023-Q2","NM","New Mexico","RES","residential","926236","13.34","211.4226","1585.32915","number of customers","cents per kilowatt-hour","million dollars","million kilowatt hours"
"2023-Q2","NM","New Mexico","TRA","transportation","0",NA,"0","0","number of customers","cents per kilowatt-hour","million dollars","million kilowatt hours"
"2023-Q2","NV","Nevada","ALL","all sectors","1463371","13.24","1229.31167","9283.81092","number of customers","cents per kilowatt-hour","million dollars","million kilowatt hours"
"2023-Q2","NV","Nevada","COM","commercial","173763","11.91","370.64721","3113.23948","number of customers","cents per kilowatt-hour","million dollars","million kilowatt hours"
"2023-Q2","NV","Nevada","IND","industrial","4917","10.31","314.60786","3052.73401","number of customers","cents per kilowatt-hour","million dollars","million kilowatt hours"
"2023-Q2","NV","Nevada","OTH","other",NA,NA,NA,NA,"number of customers","cents per kilowatt-hour","million dollars","million kilowatt hours"
"2023-Q2","NV","Nevada","RES","residential","1284690","17.45","543.83628","3116.15719","number of customers","cents per kilowatt-hour","million dollars","million kilowatt hours"
"2023-Q2","NV","Nevada","TRA","transportation","1","13.11",".22033","1.68025","number of customers","cents per kilowatt-hour","million dollars","million kilowatt hours"
"2023-Q2","NY","New York","ALL","all sectors","8570339","16.95","5357.07594","31606.01903","number of customers","cents per kilowatt-hour","million dollars","million kilowatt hours"
"2023-Q2","NY","New York","COM","commercial","1181096","17","2802.63085","16490.41484","number of customers","cents per kilowatt-hour","million dollars","million kilowatt hours"
"2023-Q2","NY","New York","IND","industrial","7185","6.76","260.803","3858.09789","number of customers","cents per kilowatt-hour","million dollars","million kilowatt hours"
"2023-Q2","NY","New York","OTH","other",NA,NA,NA,NA,"number of customers","cents per kilowatt-hour","million dollars","million kilowatt hours"
"2023-Q2","NY","New York","RES","residential","7382050","20.68","2197.67457","10625.89743","number of customers","cents per kilowatt-hour","million dollars","million kilowatt hours"
"2023-Q2","NY","New York","TRA","transportation","8","15.19","95.96753","631.60886","number of customers","cents per kilowatt-hour","million dollars","million kilowatt hours"
"2023-Q2","OH","Ohio","ALL","all sectors","5748193","10.93","3751.36669","34333.57148","number of customers","cents per kilowatt-hour","million dollars","million kilowatt hours"
"2023-Q2","OH","Ohio","COM","commercial","623948","10.87","1203.19317","11068.5457","number of customers","cents per kilowatt-hour","million dollars","million kilowatt hours"
"2023-Q2","OH","Ohio","IND","industrial","19165","6.98","880.79869","12620.12213","number of customers","cents per kilowatt-hour","million dollars","million kilowatt hours"
"2023-Q2","OH","Ohio","OTH","other",NA,NA,NA,NA,"number of customers","cents per kilowatt-hour","million dollars","million kilowatt hours"
"2023-Q2","OH","Ohio","RES","residential","5105078","15.67","1666.96507","10637.78214","number of customers","cents per kilowatt-hour","million dollars","million kilowatt hours"
"2023-Q2","OH","Ohio","TRA","transportation","2","5.75",".40976","7.12152","number of customers","cents per kilowatt-hour","million dollars","million kilowatt hours"
"2023-Q2","OK","Oklahoma","ALL","all sectors","2178156","9","1476.18449","16410.49863","number of customers","cents per kilowatt-hour","million dollars","million kilowatt hours"
"2023-Q2","OK","Oklahoma","COM","commercial","304614","8.98","511.37365","5697.61568","number of customers","cents per kilowatt-hour","million dollars","million kilowatt hours"
"2023-Q2","OK","Oklahoma","IND","industrial","19946","6.1","337.09312","5529.35973","number of customers","cents per kilowatt-hour","million dollars","million kilowatt hours"
"2023-Q2","OK","Oklahoma","OTH","other",NA,NA,NA,NA,"number of customers","cents per kilowatt-hour","million dollars","million kilowatt hours"
"2023-Q2","OK","Oklahoma","RES","residential","1853596","12.11","627.71771","5183.52322","number of customers","cents per kilowatt-hour","million dollars","million kilowatt hours"
"2023-Q2","OK","Oklahoma","TRA","transportation","0",NA,"0","0","number of customers","cents per kilowatt-hour","million dollars","million kilowatt hours"
"2023-Q2","OR","Oregon","ALL","all sectors","2111244","10.19","1382.00713","13560.59919","number of customers","cents per kilowatt-hour","million dollars","million kilowatt hours"
"2023-Q2","OR","Oregon","COM","commercial","244203","9.94","552.4712","5556.72197","number of customers","cents per kilowatt-hour","million dollars","million kilowatt hours"
"2023-Q2","OR","Oregon","IND","industrial","26877","7.28","261.5347","3592.6132","number of customers","cents per kilowatt-hour","million dollars","million kilowatt hours"
"2023-Q2","OR","Oregon","OTH","other",NA,NA,NA,NA,"number of customers","cents per kilowatt-hour","million dollars","million kilowatt hours"
"2023-Q2","OR","Oregon","RES","residential","1840162","12.88","567.36524","4405.71028","number of customers","cents per kilowatt-hour","million dollars","million kilowatt hours"
"2023-Q2","OR","Oregon","TRA","transportation","2","11.45",".636","5.55373","number of customers","cents per kilowatt-hour","million dollars","million kilowatt hours"
"2023-Q2","PA","Pennsylvania","ALL","all sectors","6262878","12.23","3870.26543","31635.89473","number of customers","cents per kilowatt-hour","million dollars","million kilowatt hours"
"2023-Q2","PA","Pennsylvania","COM","commercial","734699","11.14","937.53667","8416.40908","number of customers","cents per kilowatt-hour","million dollars","million kilowatt hours"
"2023-Q2","PA","Pennsylvania","IND","industrial","15500","7.66","948.64559","12386.54178","number of customers","cents per kilowatt-hour","million dollars","million kilowatt hours"
"2023-Q2","PA","Pennsylvania","OTH","other",NA,NA,NA,NA,"number of customers","cents per kilowatt-hour","million dollars","million kilowatt hours"
"2023-Q2","PA","Pennsylvania","RES","residential","5512674","18.4","1975.07372","10732.28606","number of customers","cents per kilowatt-hour","million dollars","million kilowatt hours"
"2023-Q2","PA","Pennsylvania","TRA","transportation","5","8.95","9.00945","100.65783","number of customers","cents per kilowatt-hour","million dollars","million kilowatt hours"
"2023-Q2","PACC","Pacific Contiguous","ALL","all sectors","21825611","18.48","16297.52546","88173.47655","number of customers","cents per kilowatt-hour","million dollars","million kilowatt hours"
"2023-Q2","PACC","Pacific Contiguous","COM","commercial","2414954","18.33","7127.67872","38878.76814","number of customers","cents per kilowatt-hour","million dollars","million kilowatt hours"
"2023-Q2","PACC","Pacific Contiguous","IND","industrial","204258","12.7","2392.47051","18841.69936","number of customers","cents per kilowatt-hour","million dollars","million kilowatt hours"
"2023-Q2","PACC","Pacific Contiguous","OTH","other",NA,NA,NA,NA,"number of customers","cents per kilowatt-hour","million dollars","million kilowatt hours"
"2023-Q2","PACC","Pacific Contiguous","RES","residential","19206380","22.33","6751.4835","30237.4713","number of customers","cents per kilowatt-hour","million dollars","million kilowatt hours"
"2023-Q2","PACC","Pacific Contiguous","TRA","transportation","19","12.01","25.89273","215.53775","number of customers","cents per kilowatt-hour","million dollars","million kilowatt hours"
"2023-Q2","PACN","Pacific Noncontiguous","ALL","all sectors","861243","31.92","1144.55501","3585.47486","number of customers","cents per kilowatt-hour","million dollars","million kilowatt hours"
"2023-Q2","PACN","Pacific Noncontiguous","COM","commercial","116955","30.58","401.82661","1314.22947","number of customers","cents per kilowatt-hour","million dollars","million kilowatt hours"
"2023-Q2","PACN","Pacific Noncontiguous","IND","industrial","1979","30.72","361.8426","1177.74158","number of customers","cents per kilowatt-hour","million dollars","million kilowatt hours"
"2023-Q2","PACN","Pacific Noncontiguous","OTH","other",NA,NA,NA,NA,"number of customers","cents per kilowatt-hour","million dollars","million kilowatt hours"
"2023-Q2","PACN","Pacific Noncontiguous","RES","residential","742309","34.83","380.88582","1093.50383","number of customers","cents per kilowatt-hour","million dollars","million kilowatt hours"
"2023-Q2","PACN","Pacific Noncontiguous","TRA","transportation","0",NA,"0","0","number of customers","cents per kilowatt-hour","million dollars","million kilowatt hours"
"2023-Q2","RI","Rhode Island","ALL","all sectors","515522","18.59","311.20091","1673.62307","number of customers","cents per kilowatt-hour","million dollars","million kilowatt hours"
"2023-Q2","RI","Rhode Island","COM","commercial","60365","14.77","134.91032","913.55967","number of customers","cents per kilowatt-hour","million dollars","million kilowatt hours"
"2023-Q2","RI","Rhode Island","IND","industrial","1602","17.93","27.80087","155.02481","number of customers","cents per kilowatt-hour","million dollars","million kilowatt hours"
"2023-Q2","RI","Rhode Island","OTH","other",NA,NA,NA,NA,"number of customers","cents per kilowatt-hour","million dollars","million kilowatt hours"
"2023-Q2","RI","Rhode Island","RES","residential","453554","24.62","147.40891","598.71719","number of customers","cents per kilowatt-hour","million dollars","million kilowatt hours"
"2023-Q2","RI","Rhode Island","TRA","transportation","1","17.1","1.08081","6.32141","number of customers","cents per kilowatt-hour","million dollars","million kilowatt hours"
"2023-Q2","SAT","South Atlantic","ALL","all sectors","34104570","11.76","23701.95923","201552.80462","number of customers","cents per kilowatt-hour","million dollars","million kilowatt hours"
"2023-Q2","SAT","South Atlantic","COM","commercial","3996996","10.74","8965.0989","83458.04898","number of customers","cents per kilowatt-hour","million dollars","million kilowatt hours"
"2023-Q2","SAT","South Atlantic","IND","industrial","88311","7.28","2517.99667","34578.349","number of customers","cents per kilowatt-hour","million dollars","million kilowatt hours"
"2023-Q2","SAT","South Atlantic","OTH","other",NA,NA,NA,NA,"number of customers","cents per kilowatt-hour","million dollars","million kilowatt hours"
"2023-Q2","SAT","South Atlantic","RES","residential","30019250","14.65","12190.60489","83237.82561","number of customers","cents per kilowatt-hour","million dollars","million kilowatt hours"
"2023-Q2","SAT","South Atlantic","TRA","transportation","13","10.14","28.25877","278.58102","number of customers","cents per kilowatt-hour","million dollars","million kilowatt hours"
"2023-Q2","SC","South Carolina","ALL","all sectors","2925848","10.32","1988.3929","19274.41691","number of customers","cents per kilowatt-hour","million dollars","million kilowatt hours"
"2023-Q2","SC","South Carolina","COM","commercial","411866","10.36","636.45312","6142.44736","number of customers","cents per kilowatt-hour","million dollars","million kilowatt hours"
"2023-Q2","SC","South Carolina","IND","industrial","3656","6.52","416.67984","6387.80155","number of customers","cents per kilowatt-hour","million dollars","million kilowatt hours"
"2023-Q2","SC","South Carolina","OTH","other",NA,NA,NA,NA,"number of customers","cents per kilowatt-hour","million dollars","million kilowatt hours"
"2023-Q2","SC","South Carolina","RES","residential","2510326","13.87","935.25994","6744.16799","number of customers","cents per kilowatt-hour","million dollars","million kilowatt hours"
"2023-Q2","SC","South Carolina","TRA","transportation","0",NA,"0","0","number of customers","cents per kilowatt-hour","million dollars","million kilowatt hours"
"2023-Q2","SD","South Dakota","ALL","all sectors","506136","10.56","335.49281","3175.65923","number of customers","cents per kilowatt-hour","million dollars","million kilowatt hours"
"2023-Q2","SD","South Dakota","COM","commercial","76784","10.14","122.50134","1208.55644","number of customers","cents per kilowatt-hour","million dollars","million kilowatt hours"
"2023-Q2","SD","South Dakota","IND","industrial","4328","7.99","63.92808","799.62699","number of customers","cents per kilowatt-hour","million dollars","million kilowatt hours"
"2023-Q2","SD","South Dakota","OTH","other",NA,NA,NA,NA,"number of customers","cents per kilowatt-hour","million dollars","million kilowatt hours"
"2023-Q2","SD","South Dakota","RES","residential","425024","12.77","149.06337","1167.47581","number of customers","cents per kilowatt-hour","million dollars","million kilowatt hours"
"2023-Q2","SD","South Dakota","TRA","transportation","0",NA,"0","0","number of customers","cents per kilowatt-hour","million dollars","million kilowatt hours"
"2023-Q2","TN","Tennessee","ALL","all sectors","3620540","10.4","2377.40844","22855.61002","number of customers","cents per kilowatt-hour","million dollars","million kilowatt hours"
"2023-Q2","TN","Tennessee","COM","commercial","526871","11.6","962.6162","8298.88267","number of customers","cents per kilowatt-hour","million dollars","million kilowatt hours"
"2023-Q2","TN","Tennessee","IND","industrial","1012","6","346.68501","5776.29703","number of customers","cents per kilowatt-hour","million dollars","million kilowatt hours"
"2023-Q2","TN","Tennessee","OTH","other",NA,NA,NA,NA,"number of customers","cents per kilowatt-hour","million dollars","million kilowatt hours"
"2023-Q2","TN","Tennessee","RES","residential","3092657","12.16","1068.10724","8780.43033","number of customers","cents per kilowatt-hour","million dollars","million kilowatt hours"
"2023-Q2","TN","Tennessee","TRA","transportation","0",NA,"0","0","number of customers","cents per kilowatt-hour","million dollars","million kilowatt hours"
"2023-Q2","TX","Texas","ALL","all sectors","14164928","9.54","11057.44246","115955.57429","number of customers","cents per kilowatt-hour","million dollars","million kilowatt hours"
"2023-Q2","TX","Texas","COM","commercial","1590122","8.42","3377.42638","40092.93498","number of customers","cents per kilowatt-hour","million dollars","million kilowatt hours"
"2023-Q2","TX","Texas","IND","industrial","343161","6","2324.07003","38764.92616","number of customers","cents per kilowatt-hour","million dollars","million kilowatt hours"
"2023-Q2","TX","Texas","OTH","other",NA,NA,NA,NA,"number of customers","cents per kilowatt-hour","million dollars","million kilowatt hours"
"2023-Q2","TX","Texas","RES","residential","12231642","14.45","5353.26269","37059.28794","number of customers","cents per kilowatt-hour","million dollars","million kilowatt hours"
"2023-Q2","TX","Texas","TRA","transportation","3","6.98","2.68335","38.42523","number of customers","cents per kilowatt-hour","million dollars","million kilowatt hours"
"2023-Q2","US","U.S. Total","ALL","all sectors","161452158","12.38","112439.38988","908314.80115","number of customers","cents per kilowatt-hour","million dollars","million kilowatt hours"
"2023-Q2","US","U.S. Total","COM","commercial","19345914","12.3","41589.18391","338040.06599","number of customers","cents per kilowatt-hour","million dollars","million kilowatt hours"
"2023-Q2","US","U.S. Total","IND","industrial","1083083","7.76","19468.17819","250907.78426","number of customers","cents per kilowatt-hour","million dollars","million kilowatt hours"
"2023-Q2","US","U.S. Total","OTH","other",NA,NA,NA,NA,"number of customers","cents per kilowatt-hour","million dollars","million kilowatt hours"
"2023-Q2","US","U.S. Total","RES","residential","141023076","16.11","51182.61177","317745.98357","number of customers","cents per kilowatt-hour","million dollars","million kilowatt hours"
"2023-Q2","US","U.S. Total","TRA","transportation","85","12.3","199.41603","1620.96734","number of customers","cents per kilowatt-hour","million dollars","million kilowatt hours"
"2023-Q2","UT","Utah","ALL","all sectors","1393012","8.86","680.56856","7678.77972","number of customers","cents per kilowatt-hour","million dollars","million kilowatt hours"
"2023-Q2","UT","Utah","COM","commercial","142109","8.61","269.25895","3128.25544","number of customers","cents per kilowatt-hour","million dollars","million kilowatt hours"
"2023-Q2","UT","Utah","IND","industrial","10723","6.62","137.26533","2072.92187","number of customers","cents per kilowatt-hour","million dollars","million kilowatt hours"
"2023-Q2","UT","Utah","OTH","other",NA,NA,NA,NA,"number of customers","cents per kilowatt-hour","million dollars","million kilowatt hours"
"2023-Q2","UT","Utah","RES","residential","1240178","11.05","272.33901","2463.72705","number of customers","cents per kilowatt-hour","million dollars","million kilowatt hours"
"2023-Q2","UT","Utah","TRA","transportation","1","12.29","1.70527","13.87537","number of customers","cents per kilowatt-hour","million dollars","million kilowatt hours"
"2023-Q2","VA","Virginia","ALL","all sectors","4051109","10.76","3259.63672","30299.84515","number of customers","cents per kilowatt-hour","million dollars","million kilowatt hours"
"2023-Q2","VA","Virginia","COM","commercial","439785","9.09","1617.46798","17799.70856","number of customers","cents per kilowatt-hour","million dollars","million kilowatt hours"
"2023-Q2","VA","Virginia","IND","industrial","3630","8.82","325.28747","3687.68516","number of customers","cents per kilowatt-hour","million dollars","million kilowatt hours"
"2023-Q2","VA","Virginia","OTH","other",NA,NA,NA,NA,"number of customers","cents per kilowatt-hour","million dollars","million kilowatt hours"
"2023-Q2","VA","Virginia","RES","residential","3607693","14.97","1311.93185","8766.40662","number of customers","cents per kilowatt-hour","million dollars","million kilowatt hours"
"2023-Q2","VA","Virginia","TRA","transportation","1","10.75","4.94943","46.0448","number of customers","cents per kilowatt-hour","million dollars","million kilowatt hours"
"2023-Q2","VT","Vermont","ALL","all sectors","385336","17.32","212.39022","1226.56044","number of customers","cents per kilowatt-hour","million dollars","million kilowatt hours"
"2023-Q2","VT","Vermont","COM","commercial","62451","17.98","81.47308","453.21838","number of customers","cents per kilowatt-hour","million dollars","million kilowatt hours"
"2023-Q2","VT","Vermont","IND","industrial","255","10.9","33.60536","308.28504","number of customers","cents per kilowatt-hour","million dollars","million kilowatt hours"
"2023-Q2","VT","Vermont","OTH","other",NA,NA,NA,NA,"number of customers","cents per kilowatt-hour","million dollars","million kilowatt hours"
"2023-Q2","VT","Vermont","RES","residential","322629","20.92","97.31178","465.05702","number of customers","cents per kilowatt-hour","million dollars","million kilowatt hours"
"2023-Q2","VT","Vermont","TRA","transportation","0",NA,"0","0","number of customers","cents per kilowatt-hour","million dollars","million kilowatt hours"
"2023-Q2","WA","Washington","ALL","all sectors","3739615","9.48","1964.34836","20729.69793","number of customers","cents per kilowatt-hour","million dollars","million kilowatt hours"
"2023-Q2","WA","Washington","COM","commercial","400849","9.77","712.89903","7296.27265","number of customers","cents per kilowatt-hour","million dollars","million kilowatt hours"
"2023-Q2","WA","Washington","IND","industrial","27756","6.21","303.51077","4887.62573","number of customers","cents per kilowatt-hour","million dollars","million kilowatt hours"
"2023-Q2","WA","Washington","OTH","other",NA,NA,NA,NA,"number of customers","cents per kilowatt-hour","million dollars","million kilowatt hours"
"2023-Q2","WA","Washington","RES","residential","3311005","11.09","945.94245","8526.09322","number of customers","cents per kilowatt-hour","million dollars","million kilowatt hours"
"2023-Q2","WA","Washington","TRA","transportation","5","10.13","1.9961","19.70635","number of customers","cents per kilowatt-hour","million dollars","million kilowatt hours"
"2023-Q2","WI","Wisconsin","ALL","all sectors","3178685","12.69","2078.02985","16381.03945","number of customers","cents per kilowatt-hour","million dollars","million kilowatt hours"
"2023-Q2","WI","Wisconsin","COM","commercial","364376","12.8","723.35708","5649.46879","number of customers","cents per kilowatt-hour","million dollars","million kilowatt hours"
"2023-Q2","WI","Wisconsin","IND","industrial","5731","8.62","492.6613","5713.9882","number of customers","cents per kilowatt-hour","million dollars","million kilowatt hours"
"2023-Q2","WI","Wisconsin","OTH","other",NA,NA,NA,NA,"number of customers","cents per kilowatt-hour","million dollars","million kilowatt hours"
"2023-Q2","WI","Wisconsin","RES","residential","2808576","17.18","861.96555","5017.3115","number of customers","cents per kilowatt-hour","million dollars","million kilowatt hours"
"2023-Q2","WI","Wisconsin","TRA","transportation","2","16.95",".04592",".27097","number of customers","cents per kilowatt-hour","million dollars","million kilowatt hours"
"2023-Q2","WNC","West North Central","ALL","all sectors","11544097","10.55","7861.18259","74502.06143","number of customers","cents per kilowatt-hour","million dollars","million kilowatt hours"
"2023-Q2","WNC","West North Central","COM","commercial","1517949","10.44","2715.82122","26007.07342","number of customers","cents per kilowatt-hour","million dollars","million kilowatt hours"
"2023-Q2","WNC","West North Central","IND","industrial","135448","7.84","1930.42564","24624.04031","number of customers","cents per kilowatt-hour","million dollars","million kilowatt hours"
"2023-Q2","WNC","West North Central","OTH","other",NA,NA,NA,NA,"number of customers","cents per kilowatt-hour","million dollars","million kilowatt hours"
"2023-Q2","WNC","West North Central","RES","residential","9890698","13.47","3213.88137","23860.80782","number of customers","cents per kilowatt-hour","million dollars","million kilowatt hours"
"2023-Q2","WNC","West North Central","TRA","transportation","3","10.4","1.05435","10.13988","number of customers","cents per kilowatt-hour","million dollars","million kilowatt hours"
"2023-Q2","WSC","West South Central","ALL","all sectors","20492670","9.33","15516.96507","166370.24079","number of customers","cents per kilowatt-hour","million dollars","million kilowatt hours"
"2023-Q2","WSC","West South Central","COM","commercial","2400503","8.75","4752.24269","54288.32363","number of customers","cents per kilowatt-hour","million dollars","million kilowatt hours"
"2023-Q2","WSC","West South Central","IND","industrial","415947","5.96","3517.54268","59033.3018","number of customers","cents per kilowatt-hour","million dollars","million kilowatt hours"
"2023-Q2","WSC","West South Central","OTH","other",NA,NA,NA,NA,"number of customers","cents per kilowatt-hour","million dollars","million kilowatt hours"
"2023-Q2","WSC","West South Central","RES","residential","17676214","13.67","7244.20213","53007.5634","number of customers","cents per kilowatt-hour","million dollars","million kilowatt hours"
"2023-Q2","WSC","West South Central","TRA","transportation","6","7.25","2.97758","41.05197","number of customers","cents per kilowatt-hour","million dollars","million kilowatt hours"
"2023-Q2","WV","West Virginia","ALL","all sectors","1025465","10.14","739.37247","7292.89695","number of customers","cents per kilowatt-hour","million dollars","million kilowatt hours"
"2023-Q2","WV","West Virginia","COM","commercial","150624","11.06","186.99681","1690.16391","number of customers","cents per kilowatt-hour","million dollars","million kilowatt hours"
"2023-Q2","WV","West Virginia","IND","industrial","11094","7.25","259.50397","3579.23784","number of customers","cents per kilowatt-hour","million dollars","million kilowatt hours"
"2023-Q2","WV","West Virginia","OTH","other",NA,NA,NA,NA,"number of customers","cents per kilowatt-hour","million dollars","million kilowatt hours"
"2023-Q2","WV","West Virginia","RES","residential","863747","14.47","292.87171","2023.49521","number of customers","cents per kilowatt-hour","million dollars","million kilowatt hours"
"2023-Q2","WV","West Virginia","TRA","transportation","0",NA,"0","0","number of customers","cents per kilowatt-hour","million dollars","million kilowatt hours"
"2023-Q2","WY","Wyoming","ALL","all sectors","353508","8.31","328.32476","3949.67341","number of customers","cents per kilowatt-hour","million dollars","million kilowatt hours"
"2023-Q2","WY","Wyoming","COM","commercial","58509","9.13","106.32725","1165.01612","number of customers","cents per kilowatt-hour","million dollars","million kilowatt hours"
"2023-Q2","WY","Wyoming","IND","industrial","11886","6.85","147.5802","2154.25833","number of customers","cents per kilowatt-hour","million dollars","million kilowatt hours"
"2023-Q2","WY","Wyoming","OTH","other",NA,NA,NA,NA,"number of customers","cents per kilowatt-hour","million dollars","million kilowatt hours"
"2023-Q2","WY","Wyoming","RES","residential","283112","11.8","74.41733","630.39895","number of customers","cents per kilowatt-hour","million dollars","million kilowatt hours"
"2023-Q2","WY","Wyoming","TRA","transportation","0",NA,"0","0","number of customers","cents per kilowatt-hour","million dollars","million kilowatt hours"
"2023-Q1","AK","Alaska","ALL","all sectors","352854","20.86","340.67644","1632.93329","number of customers","cents per kilowatt-hour","million dollars","million kilowatt hours"
"2023-Q1","AK","Alaska","COM","commercial","56635","20.28","138.69731","683.8406","number of customers","cents per kilowatt-hour","million dollars","million kilowatt hours"
"2023-Q1","AK","Alaska","IND","industrial","1124","18.89","64.87383","343.4225","number of customers","cents per kilowatt-hour","million dollars","million kilowatt hours"
"2023-Q1","AK","Alaska","OTH","other",NA,NA,NA,NA,"number of customers","cents per kilowatt-hour","million dollars","million kilowatt hours"
"2023-Q1","AK","Alaska","RES","residential","295095","22.64","137.1053","605.67018","number of customers","cents per kilowatt-hour","million dollars","million kilowatt hours"
"2023-Q1","AK","Alaska","TRA","transportation","0",NA,"0","0","number of customers","cents per kilowatt-hour","million dollars","million kilowatt hours"
"2023-Q1","AL","Alabama","ALL","all sectors","2728132","11.4","2254.51692","19776.09557","number of customers","cents per kilowatt-hour","million dollars","million kilowatt hours"
"2023-Q1","AL","Alabama","COM","commercial","382683","13.4","663.68225","4953.9455","number of customers","cents per kilowatt-hour","million dollars","million kilowatt hours"
"2023-Q1","AL","Alabama","IND","industrial","7210","6.86","519.89179","7577.68526","number of customers","cents per kilowatt-hour","million dollars","million kilowatt hours"
"2023-Q1","AL","Alabama","OTH","other",NA,NA,NA,NA,"number of customers","cents per kilowatt-hour","million dollars","million kilowatt hours"
"2023-Q1","AL","Alabama","RES","residential","2338240","14.78","1070.94287","7244.46481","number of customers","cents per kilowatt-hour","million dollars","million kilowatt hours"
"2023-Q1","AL","Alabama","TRA","transportation","0",NA,"0","0","number of customers","cents per kilowatt-hour","million dollars","million kilowatt hours"
"2023-Q1","AR","Arkansas","ALL","all sectors","1690317","9.64","1117.91363","11592.9741","number of customers","cents per kilowatt-hour","million dollars","million kilowatt hours"
"2023-Q1","AR","Arkansas","COM","commercial","204566","10.4","269.82678","2594.60388","number of customers","cents per kilowatt-hour","million dollars","million kilowatt hours"
"2023-Q1","AR","Arkansas","IND","industrial","33698","6.85","297.87528","4346.48651","number of customers","cents per kilowatt-hour","million dollars","million kilowatt hours"
"2023-Q1","AR","Arkansas","OTH","other",NA,NA,NA,NA,"number of customers","cents per kilowatt-hour","million dollars","million kilowatt hours"
"2023-Q1","AR","Arkansas","RES","residential","1452051","11.83","550.20313","4651.81957","number of customers","cents per kilowatt-hour","million dollars","million kilowatt hours"
"2023-Q1","AR","Arkansas","TRA","transportation","2","13.16",".00844",".06415","number of customers","cents per kilowatt-hour","million dollars","million kilowatt hours"
"2023-Q1","AZ","Arizona","ALL","all sectors","3406295","11.17","1946.2129","17421.52459","number of customers","cents per kilowatt-hour","million dollars","million kilowatt hours"
"2023-Q1","AZ","Arizona","COM","commercial","342389","10.75","725.02143","6747.33052","number of customers","cents per kilowatt-hour","million dollars","million kilowatt hours"
"2023-Q1","AZ","Arizona","IND","industrial","7615","7.84","262.69706","3350.84134","number of customers","cents per kilowatt-hour","million dollars","million kilowatt hours"
"2023-Q1","AZ","Arizona","OTH","other",NA,NA,NA,NA,"number of customers","cents per kilowatt-hour","million dollars","million kilowatt hours"
"2023-Q1","AZ","Arizona","RES","residential","3056289","13.09","958.28207","7320.96021","number of customers","cents per kilowatt-hour","million dollars","million kilowatt hours"
"2023-Q1","AZ","Arizona","TRA","transportation","2","8.87",".21233","2.3925","number of customers","cents per kilowatt-hour","million dollars","million kilowatt hours"
"2023-Q1","CA","California","ALL","all sectors","15957368","23","13214.57398","57451.61123","number of customers","cents per kilowatt-hour","million dollars","million kilowatt hours"
"2023-Q1","CA","California","COM","commercial","1769557","21.62","5840.16885","27018.49256","number of customers","cents per kilowatt-hour","million dollars","million kilowatt hours"
"2023-Q1","CA","California","IND","industrial","149666","16.4","1564.77323","9540.73419","number of customers","cents per kilowatt-hour","million dollars","million kilowatt hours"
"2023-Q1","CA","California","OTH","other",NA,NA,NA,NA,"number of customers","cents per kilowatt-hour","million dollars","million kilowatt hours"
"2023-Q1","CA","California","RES","residential","14038133","27.94","5789.3608","20720.73044","number of customers","cents per kilowatt-hour","million dollars","million kilowatt hours"
"2023-Q1","CA","California","TRA","transportation","12","11.81","20.2711","171.65403","number of customers","cents per kilowatt-hour","million dollars","million kilowatt hours"
"2023-Q1","CO","Colorado","ALL","all sectors","2917139","11.44","1556.14537","13600.33221","number of customers","cents per kilowatt-hour","million dollars","million kilowatt hours"
"2023-Q1","CO","Colorado","COM","commercial","395034","11.06","561.44163","5076.76499","number of customers","cents per kilowatt-hour","million dollars","million kilowatt hours"
"2023-Q1","CO","Colorado","IND","industrial","15372","8.25","287.65314","3487.91297","number of customers","cents per kilowatt-hour","million dollars","million kilowatt hours"
"2023-Q1","CO","Colorado","OTH","other",NA,NA,NA,NA,"number of customers","cents per kilowatt-hour","million dollars","million kilowatt hours"
"2023-Q1","CO","Colorado","RES","residential","2506731","14.05","703.97387","5011.69801","number of customers","cents per kilowatt-hour","million dollars","million kilowatt hours"
"2023-Q1","CO","Colorado","TRA","transportation","2","12.84","3.07675","23.95625","number of customers","cents per kilowatt-hour","million dollars","million kilowatt hours"
"2023-Q1","CT","Connecticut","ALL","all sectors","1701071","26.19","1706.60934","6515.39101","number of customers","cents per kilowatt-hour","million dollars","million kilowatt hours"
"2023-Q1","CT","Connecticut","COM","commercial","156661","21","568.01879","2704.31279","number of customers","cents per kilowatt-hour","million dollars","million kilowatt hours"
"2023-Q1","CT","Connecticut","IND","industrial","3970","16.28","97.83913","601.10947","number of customers","cents per kilowatt-hour","million dollars","million kilowatt hours"
"2023-Q1","CT","Connecticut","OTH","other",NA,NA,NA,NA,"number of customers","cents per kilowatt-hour","million dollars","million kilowatt hours"
"2023-Q1","CT","Connecticut","RES","residential","1540437","32.45","1027.29073","3165.41552","number of customers","cents per kilowatt-hour","million dollars","million kilowatt hours"
"2023-Q1","CT","Connecticut","TRA","transportation","3","30.21","13.46068","44.55322","number of customers","cents per kilowatt-hour","million dollars","million kilowatt hours"
"2023-Q1","DC","District of Columbia","ALL","all sectors","338760","15.98","378.74152","2370.78981","number of customers","cents per kilowatt-hour","million dollars","million kilowatt hours"
"2023-Q1","DC","District of Columbia","COM","commercial","27342","16.46","276.20087","1677.84314","number of customers","cents per kilowatt-hour","million dollars","million kilowatt hours"
"2023-Q1","DC","District of Columbia","IND","industrial","1","10.77","4.43633","41.20134","number of customers","cents per kilowatt-hour","million dollars","million kilowatt hours"
"2023-Q1","DC","District of Columbia","OTH","other",NA,NA,NA,NA,"number of customers","cents per kilowatt-hour","million dollars","million kilowatt hours"
"2023-Q1","DC","District of Columbia","RES","residential","311414","15.54","91.49615","588.74471","number of customers","cents per kilowatt-hour","million dollars","million kilowatt hours"
"2023-Q1","DC","District of Columbia","TRA","transportation","3","10.49","6.6082","63.00064","number of customers","cents per kilowatt-hour","million dollars","million kilowatt hours"
"2023-Q1","DE","Delaware","ALL","all sectors","526615","12.77","353.28604","2765.75092","number of customers","cents per kilowatt-hour","million dollars","million kilowatt hours"
"2023-Q1","DE","Delaware","COM","commercial","59462","11.85","116.95268","986.57646","number of customers","cents per kilowatt-hour","million dollars","million kilowatt hours"
"2023-Q1","DE","Delaware","IND","industrial","875","8.73","39.55218","453.27484","number of customers","cents per kilowatt-hour","million dollars","million kilowatt hours"
"2023-Q1","DE","Delaware","OTH","other",NA,NA,NA,NA,"number of customers","cents per kilowatt-hour","million dollars","million kilowatt hours"
"2023-Q1","DE","Delaware","RES","residential","466279","14.84","196.78119","1325.89962","number of customers","cents per kilowatt-hour","million dollars","million kilowatt hours"
"2023-Q1","DE","Delaware","TRA","transportation","0",NA,"0","0","number of customers","cents per kilowatt-hour","million dollars","million kilowatt hours"
"2023-Q1","ENC","East North Central","ALL","all sectors","23389816","12.16","16258.88665","133724.6195","number of customers","cents per kilowatt-hour","million dollars","million kilowatt hours"
"2023-Q1","ENC","East North Central","COM","commercial","2542368","11.99","5080.5637","42380.34346","number of customers","cents per kilowatt-hour","million dollars","million kilowatt hours"
"2023-Q1","ENC","East North Central","IND","industrial","54793","8.22","3693.35865","44950.21187","number of customers","cents per kilowatt-hour","million dollars","million kilowatt hours"
"2023-Q1","ENC","East North Central","OTH","other",NA,NA,NA,NA,"number of customers","cents per kilowatt-hour","million dollars","million kilowatt hours"
"2023-Q1","ENC","East North Central","RES","residential","20792646","16.16","7474.9399","46256.86307","number of customers","cents per kilowatt-hour","million dollars","million kilowatt hours"
"2023-Q1","ENC","East North Central","TRA","transportation","10","7.31","10.0244","137.20108","number of customers","cents per kilowatt-hour","million dollars","million kilowatt hours"
"2023-Q1","ESC","East South Central","ALL","all sectors","10307622","10.94","7985.68337","72995.79006","number of customers","cents per kilowatt-hour","million dollars","million kilowatt hours"
"2023-Q1","ESC","East South Central","COM","commercial","1482005","12.5","2577.45365","20627.29796","number of customers","cents per kilowatt-hour","million dollars","million kilowatt hours"
"2023-Q1","ESC","East South Central","IND","industrial","24285","6.88","1623.40344","23608.68138","number of customers","cents per kilowatt-hour","million dollars","million kilowatt hours"
"2023-Q1","ESC","East South Central","OTH","other",NA,NA,NA,NA,"number of customers","cents per kilowatt-hour","million dollars","million kilowatt hours"
"2023-Q1","ESC","East South Central","RES","residential","8801333","13.16","3784.82628","28759.81071","number of customers","cents per kilowatt-hour","million dollars","million kilowatt hours"
"2023-Q1","ESC","East South Central","TRA","transportation","0",NA,"0","0","number of customers","cents per kilowatt-hour","million dollars","million kilowatt hours"
"2023-Q1","FL","Florida","ALL","all sectors","11474808","13.58","7336.59567","54013.11403","number of customers","cents per kilowatt-hour","million dollars","million kilowatt hours"
"2023-Q1","FL","Florida","COM","commercial","1290467","12.25","2602.08759","21236.05383","number of customers","cents per kilowatt-hour","million dollars","million kilowatt hours"
"2023-Q1","FL","Florida","IND","industrial","25230","10.08","427.75716","4243.20616","number of customers","cents per kilowatt-hour","million dollars","million kilowatt hours"
"2023-Q1","FL","Florida","OTH","other",NA,NA,NA,NA,"number of customers","cents per kilowatt-hour","million dollars","million kilowatt hours"
"2023-Q1","FL","Florida","RES","residential","10159110","15.1","4304.8828","28516.95485","number of customers","cents per kilowatt-hour","million dollars","million kilowatt hours"
"2023-Q1","FL","Florida","TRA","transportation","2","11.05","1.86813","16.89918","number of customers","cents per kilowatt-hour","million dollars","million kilowatt hours"
"2023-Q1","GA","Georgia","ALL","all sectors","5300331","10.79","3522.13994","32628.38871","number of customers","cents per kilowatt-hour","million dollars","million kilowatt hours"
"2023-Q1","GA","Georgia","COM","commercial","607889","10.76","1246.61991","11587.15263","number of customers","cents per kilowatt-hour","million dollars","million kilowatt hours"
"2023-Q1","GA","Georgia","IND","industrial","23909","6.6","505.09176","7652.64498","number of customers","cents per kilowatt-hour","million dollars","million kilowatt hours"
"2023-Q1","GA","Georgia","OTH","other",NA,NA,NA,NA,"number of customers","cents per kilowatt-hour","million dollars","million kilowatt hours"
"2023-Q1","GA","Georgia","RES","residential","4668532","13.24","1767.75377","13351.48464","number of customers","cents per kilowatt-hour","million dollars","million kilowatt hours"
"2023-Q1","GA","Georgia","TRA","transportation","1","7.21","2.6745","37.10645","number of customers","cents per kilowatt-hour","million dollars","million kilowatt hours"
"2023-Q1","HI","Hawaii","ALL","all sectors","507067","41.59","870.70499","2093.71404","number of customers","cents per kilowatt-hour","million dollars","million kilowatt hours"
"2023-Q1","HI","Hawaii","COM","commercial","60210","42.2","274.57353","650.69705","number of customers","cents per kilowatt-hour","million dollars","million kilowatt hours"
"2023-Q1","HI","Hawaii","IND","industrial","814","38.79","310.18993","799.56749","number of customers","cents per kilowatt-hour","million dollars","million kilowatt hours"
"2023-Q1","HI","Hawaii","OTH","other",NA,NA,NA,NA,"number of customers","cents per kilowatt-hour","million dollars","million kilowatt hours"
"2023-Q1","HI","Hawaii","RES","residential","446043","44.44","285.94153","643.44949","number of customers","cents per kilowatt-hour","million dollars","million kilowatt hours"
"2023-Q1","HI","Hawaii","TRA","transportation","0",NA,"0","0","number of customers","cents per kilowatt-hour","million dollars","million kilowatt hours"
"2023-Q1","IA","Iowa","ALL","all sectors","1690750","8.39","1160.78811","13827.24862","number of customers","cents per kilowatt-hour","million dollars","million kilowatt hours"
"2023-Q1","IA","Iowa","COM","commercial","249685","9.22","292.89415","3176.05589","number of customers","cents per kilowatt-hour","million dollars","million kilowatt hours"
"2023-Q1","IA","Iowa","IND","industrial","8933","5.95","390.84241","6563.50761","number of customers","cents per kilowatt-hour","million dollars","million kilowatt hours"
"2023-Q1","IA","Iowa","OTH","other",NA,NA,NA,NA,"number of customers","cents per kilowatt-hour","million dollars","million kilowatt hours"
"2023-Q1","IA","Iowa","RES","residential","1432132","11.67","477.05156","4087.68514","number of customers","cents per kilowatt-hour","million dollars","million kilowatt hours"
"2023-Q1","IA","Iowa","TRA","transportation","0",NA,"0","0","number of customers","cents per kilowatt-hour","million dollars","million kilowatt hours"
"2023-Q1","ID","Idaho","ALL","all sectors","988100","8.56","549.2891","6415.0915","number of customers","cents per kilowatt-hour","million dollars","million kilowatt hours"
"2023-Q1","ID","Idaho","COM","commercial","120929","8.22","141.74534","1724.8225","number of customers","cents per kilowatt-hour","million dollars","million kilowatt hours"
"2023-Q1","ID","Idaho","IND","industrial","28842","6","103.56561","1725.8349","number of customers","cents per kilowatt-hour","million dollars","million kilowatt hours"
"2023-Q1","ID","Idaho","OTH","other",NA,NA,NA,NA,"number of customers","cents per kilowatt-hour","million dollars","million kilowatt hours"
"2023-Q1","ID","Idaho","RES","residential","838329","10.25","303.97817","2964.43411","number of customers","cents per kilowatt-hour","million dollars","million kilowatt hours"
"2023-Q1","ID","Idaho","TRA","transportation","0",NA,"0","0","number of customers","cents per kilowatt-hour","million dollars","million kilowatt hours"
"2023-Q1","IL","Illinois","ALL","all sectors","6020936","12.18","3911.67029","32107.64303","number of customers","cents per kilowatt-hour","million dollars","million kilowatt hours"
"2023-Q1","IL","Illinois","COM","commercial","626206","11.41","1287.60198","11281.95092","number of customers","cents per kilowatt-hour","million dollars","million kilowatt hours"
"2023-Q1","IL","Illinois","IND","industrial","5566","8.32","841.87058","10121.33581","number of customers","cents per kilowatt-hour","million dollars","million kilowatt hours"
"2023-Q1","IL","Illinois","OTH","other",NA,NA,NA,NA,"number of customers","cents per kilowatt-hour","million dollars","million kilowatt hours"
"2023-Q1","IL","Illinois","RES","residential","5389162","16.76","1773.44239","10582.45963","number of customers","cents per kilowatt-hour","million dollars","million kilowatt hours"
"2023-Q1","IL","Illinois","TRA","transportation","3","7.18","8.75535","121.89669","number of customers","cents per kilowatt-hour","million dollars","million kilowatt hours"
"2023-Q1","IN","Indiana","ALL","all sectors","3398459","12.62","3022.85024","23954.55293","number of customers","cents per kilowatt-hour","million dollars","million kilowatt hours"
"2023-Q1","IN","Indiana","COM","commercial","371185","13.84","765.43097","5530.53719","number of customers","cents per kilowatt-hour","million dollars","million kilowatt hours"
"2023-Q1","IN","Indiana","IND","industrial","19318","9.3","937.82911","10089.37253","number of customers","cents per kilowatt-hour","million dollars","million kilowatt hours"
"2023-Q1","IN","Indiana","OTH","other",NA,NA,NA,NA,"number of customers","cents per kilowatt-hour","million dollars","million kilowatt hours"
"2023-Q1","IN","Indiana","RES","residential","3007954","15.83","1319.08762","8330.82078","number of customers","cents per kilowatt-hour","million dollars","million kilowatt hours"
"2023-Q1","IN","Indiana","TRA","transportation","1","13.15",".50254","3.82242","number of customers","cents per kilowatt-hour","million dollars","million kilowatt hours"
"2023-Q1","KS","Kansas","ALL","all sectors","1568640","11.15","1063.5866","9537.48662","number of customers","cents per kilowatt-hour","million dollars","million kilowatt hours"
"2023-Q1","KS","Kansas","COM","commercial","245163","11.23","407.33778","3627.89882","number of customers","cents per kilowatt-hour","million dollars","million kilowatt hours"
"2023-Q1","KS","Kansas","IND","industrial","23717","8.35","231.91398","2778.76177","number of customers","cents per kilowatt-hour","million dollars","million kilowatt hours"
"2023-Q1","KS","Kansas","OTH","other",NA,NA,NA,NA,"number of customers","cents per kilowatt-hour","million dollars","million kilowatt hours"
"2023-Q1","KS","Kansas","RES","residential","1299761","13.55","424.33485","3130.82604","number of customers","cents per kilowatt-hour","million dollars","million kilowatt hours"
"2023-Q1","KS","Kansas","TRA","transportation","0",NA,"0","0","number of customers","cents per kilowatt-hour","million dollars","million kilowatt hours"
"2023-Q1","KY","Kentucky","ALL","all sectors","2378758","10.24","1811.86562","17690.21314","number of customers","cents per kilowatt-hour","million dollars","million kilowatt hours"
"2023-Q1","KY","Kentucky","COM","commercial","321973","11.79","533.22077","4523.95578","number of customers","cents per kilowatt-hour","million dollars","million kilowatt hours"
"2023-Q1","KY","Kentucky","IND","industrial","5173","6.93","465.85831","6717.54718","number of customers","cents per kilowatt-hour","million dollars","million kilowatt hours"
"2023-Q1","KY","Kentucky","OTH","other",NA,NA,NA,NA,"number of customers","cents per kilowatt-hour","million dollars","million kilowatt hours"
"2023-Q1","KY","Kentucky","RES","residential","2051613","12.6","812.78654","6448.71018","number of customers","cents per kilowatt-hour","million dollars","million kilowatt hours"
"2023-Q1","KY","Kentucky","TRA","transportation","0",NA,"0","0","number of customers","cents per kilowatt-hour","million dollars","million kilowatt hours"
"2023-Q1","LA","Louisiana","ALL","all sectors","2447419","9.72","2112.3007","21726.89705","number of customers","cents per kilowatt-hour","million dollars","million kilowatt hours"
"2023-Q1","LA","Louisiana","COM","commercial","299703","11.69","610.67429","5221.73952","number of customers","cents per kilowatt-hour","million dollars","million kilowatt hours"
"2023-Q1","LA","Louisiana","IND","industrial","18894","6.93","675.42157","9752.51411","number of customers","cents per kilowatt-hour","million dollars","million kilowatt hours"
"2023-Q1","LA","Louisiana","OTH","other",NA,NA,NA,NA,"number of customers","cents per kilowatt-hour","million dollars","million kilowatt hours"
"2023-Q1","LA","Louisiana","RES","residential","2128821","12.24","825.92743","6750.16731","number of customers","cents per kilowatt-hour","million dollars","million kilowatt hours"
"2023-Q1","LA","Louisiana","TRA","transportation","1","11.2",".27741","2.47612","number of customers","cents per kilowatt-hour","million dollars","million kilowatt hours"
"2023-Q1","MA","Massachusetts","ALL","all sectors","3342295","25.38","3185.46885","12553.29167","number of customers","cents per kilowatt-hour","million dollars","million kilowatt hours"
"2023-Q1","MA","Massachusetts","COM","commercial","446348","21.21","1261.24057","5946.1141","number of customers","cents per kilowatt-hour","million dollars","million kilowatt hours"
"2023-Q1","MA","Massachusetts","IND","industrial","10593","18.72","275.95164","1474.03067","number of customers","cents per kilowatt-hour","million dollars","million kilowatt hours"
"2023-Q1","MA","Massachusetts","OTH","other",NA,NA,NA,NA,"number of customers","cents per kilowatt-hour","million dollars","million kilowatt hours"
"2023-Q1","MA","Massachusetts","RES","residential","2885351","32.48","1642.457","5057.48405","number of customers","cents per kilowatt-hour","million dollars","million kilowatt hours"
"2023-Q1","MA","Massachusetts","TRA","transportation","2","7.69","5.81965","75.66286","number of customers","cents per kilowatt-hour","million dollars","million kilowatt hours"
"2023-Q1","MAT","Middle Atlantic","ALL","all sectors","19050972","15.36","13315.75778","86701.54966","number of customers","cents per kilowatt-hour","million dollars","million kilowatt hours"
"2023-Q1","MAT","Middle Atlantic","COM","commercial","2451310","14.79","5211.52477","35224.99356","number of customers","cents per kilowatt-hour","million dollars","million kilowatt hours"
"2023-Q1","MAT","Middle Atlantic","IND","industrial","34311","8.21","1432.49963","17447.60313","number of customers","cents per kilowatt-hour","million dollars","million kilowatt hours"
"2023-Q1","MAT","Middle Atlantic","OTH","other",NA,NA,NA,NA,"number of customers","cents per kilowatt-hour","million dollars","million kilowatt hours"
"2023-Q1","MAT","Middle Atlantic","RES","residential","16565330","19.75","6545.42538","33139.51618","number of customers","cents per kilowatt-hour","million dollars","million kilowatt hours"
"2023-Q1","MAT","Middle Atlantic","TRA","transportation","21","14.2","126.30801","889.4368","number of customers","cents per kilowatt-hour","million dollars","million kilowatt hours"
"2023-Q1","MD","Maryland","ALL","all sectors","2697011","14.6","2092.89662","14333.05103","number of customers","cents per kilowatt-hour","million dollars","million kilowatt hours"
"2023-Q1","MD","Maryland","COM","commercial","260508","13.73","892.75062","6502.53267","number of customers","cents per kilowatt-hour","million dollars","million kilowatt hours"
"2023-Q1","MD","Maryland","IND","industrial","9201","10.05","82.22102","817.83985","number of customers","cents per kilowatt-hour","million dollars","million kilowatt hours"
"2023-Q1","MD","Maryland","OTH","other",NA,NA,NA,NA,"number of customers","cents per kilowatt-hour","million dollars","million kilowatt hours"
"2023-Q1","MD","Maryland","RES","residential","2427297","16.02","1107.00716","6911.56405","number of customers","cents per kilowatt-hour","million dollars","million kilowatt hours"
"2023-Q1","MD","Maryland","TRA","transportation","5","10.8","10.9178","101.11447","number of customers","cents per kilowatt-hour","million dollars","million kilowatt hours"
"2023-Q1","ME","Maine","ALL","all sectors","838396","20.45","644.78657","3153.0737","number of customers","cents per kilowatt-hour","million dollars","million kilowatt hours"
"2023-Q1","ME","Maine","COM","commercial","109240","17.28","184.38434","1067.09185","number of customers","cents per kilowatt-hour","million dollars","million kilowatt hours"
"2023-Q1","ME","Maine","IND","industrial","2123","12.16","78.82844","648.22284","number of customers","cents per kilowatt-hour","million dollars","million kilowatt hours"
"2023-Q1","ME","Maine","OTH","other",NA,NA,NA,NA,"number of customers","cents per kilowatt-hour","million dollars","million kilowatt hours"
"2023-Q1","ME","Maine","RES","residential","727034","26.54","381.57381","1437.759","number of customers","cents per kilowatt-hour","million dollars","million kilowatt hours"
"2023-Q1","ME","Maine","TRA","transportation","0",NA,"0","0","number of customers","cents per kilowatt-hour","million dollars","million kilowatt hours"
"2023-Q1","MI","Michigan","ALL","all sectors","5053199","13.41","3217.17264","23999.08716","number of customers","cents per kilowatt-hour","million dollars","million kilowatt hours"
"2023-Q1","MI","Michigan","COM","commercial","557574","13.16","1157.91998","8797.2197","number of customers","cents per kilowatt-hour","million dollars","million kilowatt hours"
"2023-Q1","MI","Michigan","IND","industrial","5391","8.09","561.41429","6940.86309","number of customers","cents per kilowatt-hour","million dollars","million kilowatt hours"
"2023-Q1","MI","Michigan","OTH","other",NA,NA,NA,NA,"number of customers","cents per kilowatt-hour","million dollars","million kilowatt hours"
"2023-Q1","MI","Michigan","RES","residential","4490233","18.13","1497.65223","8259.54934","number of customers","cents per kilowatt-hour","million dollars","million kilowatt hours"
"2023-Q1","MI","Michigan","TRA","transportation","2","12.79",".18613","1.45502","number of customers","cents per kilowatt-hour","million dollars","million kilowatt hours"
"2023-Q1","MN","Minnesota","ALL","all sectors","2856961","11.58","1944.60557","16797.05903","number of customers","cents per kilowatt-hour","million dollars","million kilowatt hours"
"2023-Q1","MN","Minnesota","COM","commercial","309682","11.6","649.09942","5594.42187","number of customers","cents per kilowatt-hour","million dollars","million kilowatt hours"
"2023-Q1","MN","Minnesota","IND","industrial","8708","8.93","434.38105","4864.52881","number of customers","cents per kilowatt-hour","million dollars","million kilowatt hours"
"2023-Q1","MN","Minnesota","OTH","other",NA,NA,NA,NA,"number of customers","cents per kilowatt-hour","million dollars","million kilowatt hours"
"2023-Q1","MN","Minnesota","RES","residential","2538570","13.59","860.45906","6332.45446","number of customers","cents per kilowatt-hour","million dollars","million kilowatt hours"
"2023-Q1","MN","Minnesota","TRA","transportation","1","11.78",".66604","5.65391","number of customers","cents per kilowatt-hour","million dollars","million kilowatt hours"
"2023-Q1","MO","Missouri","ALL","all sectors","3306055","9.81","1879.09478","19152.26265","number of customers","cents per kilowatt-hour","million dollars","million kilowatt hours"
"2023-Q1","MO","Missouri","COM","commercial","401501","9.15","634.64972","6936.96197","number of customers","cents per kilowatt-hour","million dollars","million kilowatt hours"
