"period","state","stateDescription","combined-heat-and-pwr-comm","combined-heat-and-pwr-elect","combined-heat-and-pwr-indust","direct-use","elect-pwr-sector-gen-subtotal","electric-utilities","energy-only-providers","estimated-losses","facility-direct","full-service-providers","independent-power-producers","indust-and-comm-gen-subtotal","net-interstate-trade","net-trade-index","total-disposition","total-elect-indust","total-international-exports","total-international-imports","total-net-generation","total-supply","unaccounted","combined-heat-and-pwr-comm-units","combined-heat-and-pwr-elect-units","combined-heat-and-pwr-indust-units","direct-use-units","elect-pwr-sector-gen-subtotal-units","electric-utilities-units","energy-only-providers-units","estimated-losses-units","facility-direct-units","full-service-providers-units","independent-power-producers-units","indust-and-comm-gen-subtotal-units","net-interstate-trade-units","net-trade-index-units","total-disposition-units","total-elect-indust-units","total-international-exports-units","total-international-imports-units","total-net-generation-units","total-supply-units","unaccounted-units"
"2024","AK","Alaska","395009","121336","92715","228890","6202782","6020426","0","282127",NA,"6046503","61020","487724","0","1","6690506","6046503",NA,NA,"6690506","6690506","132986","megawatthours","megawatthours","megawatthours","megawatthours","megawatthours","megawatthours","megawatthours","megawatthours","megawatthours","megawatthours","megawatthours","megawatthours","megawatthours","ratio","megawatthours","megawatthours","megawatthours","megawatthours","megawatthours","megawatthours","megawatthours"
"2024","AL","Alabama","0","0","5025329","5244160","137895887","104914796","0","4083781","16949","87505983","32981091","5025329","45473808","1.47","142921216","87522932",NA,NA,"142921216","142921216","596535","megawatthours","megawatthours","megawatthours","megawatthours","megawatthours","megawatthours","megawatthours","megawatthours","megawatthours","megawatthours","megawatthours","megawatthours","megawatthours","ratio","megawatthours","megawatthours","megawatthours","megawatthours","megawatthours","megawatthours","megawatthours"
"2024","AR","Arkansas","50310","1059673","1010404","856920","60481769","54385955","0","2328116","70789","49825023","5036141","1060714","8121558","1.15","61542484","49895812",NA,NA,"61542484","61542484","340078","megawatthours","megawatthours","megawatthours","megawatthours","megawatthours","megawatthours","megawatthours","megawatthours","megawatthours","megawatthours","megawatthours","megawatthours","megawatthours","ratio","megawatthours","megawatthours","megawatthours","megawatthours","megawatthours","megawatthours","megawatthours"
"2024","AZ","Arizona","152660","34036","33847","549614","115840004","86748533","0","4238707","738806","90104482","29057435","186507","19773352","1.21","116026511","90843288","2384",NA,"116026511","116026511","619166","megawatthours","megawatthours","megawatthours","megawatthours","megawatthours","megawatthours","megawatthours","megawatthours","megawatthours","megawatthours","megawatthours","megawatthours","megawatthours","ratio","megawatthours","megawatthours","megawatthours","megawatthours","megawatthours","megawatthours","megawatthours"
"2024","CA","California","2371729","9767848","11790774","13039332","200028880","75921531","89617960","11465052","2028838","154070347","114339501","14162504","-53170113",".81","220220020","245717145","1493856","6028637","214191383","220220020","1674749","megawatthours","megawatthours","megawatthours","megawatthours","megawatthours","megawatthours","megawatthours","megawatthours","megawatthours","megawatthours","megawatthours","megawatthours","megawatthours","ratio","megawatthours","megawatthours","megawatthours","megawatthours","megawatthours","megawatthours","megawatthours"
"2024","CO","Colorado","21856","59100","247854","293978","58528685","37597975","0","2652264","176696","56666208","20871610","269711","-1378178",".98","58798395","56842904",NA,NA,"58798395","58798395","387427","megawatthours","megawatthours","megawatthours","megawatthours","megawatthours","megawatthours","megawatthours","megawatthours","megawatthours","megawatthours","megawatthours","megawatthours","megawatthours","ratio","megawatthours","megawatthours","megawatthours","megawatthours","megawatthours","megawatthours","megawatthours"
"2024","CT","Connecticut","189153","160421","656183","912867","43916076","133816","13488089","1276202","129566","13733700","43621839","845337","15034568","1.51","44761412","27351355",NA,NA,"44761412","44761412","186420","megawatthours","megawatthours","megawatthours","megawatthours","megawatthours","megawatthours","megawatthours","megawatthours","megawatthours","megawatthours","megawatthours","megawatthours","megawatthours","ratio","megawatthours","megawatthours","megawatthours","megawatthours","megawatthours","megawatthours","megawatthours"
"2024","DC","District of Columbia","155547","0","0","152337","31648","1486","6920746","473264","9774","3212395","30161","155547","-10650452",".02","187195","10142915",NA,NA,"187195","187195","69132","megawatthours","megawatthours","megawatthours","megawatthours","megawatthours","megawatthours","megawatthours","megawatthours","megawatthours","megawatthours","megawatthours","megawatthours","megawatthours","ratio","megawatthours","megawatthours","megawatthours","megawatthours","megawatthours","megawatthours","megawatthours"
"2024","DE","Delaware","5160","114521","1160753","677927","3633299","72718","3871501","530702","3901","7498514","3446060","1165913","-7860855",".38","4799212","11373916",NA,NA,"4799212","4799212","77522","megawatthours","megawatthours","megawatthours","megawatthours","megawatthours","megawatthours","megawatthours","megawatthours","megawatthours","megawatthours","megawatthours","megawatthours","megawatthours","ratio","megawatthours","megawatthours","megawatthours","megawatthours","megawatthours","megawatthours","megawatthours"
"2024","FL","Florida","993722","1683815","3499109","3809128","261626404","249530741","0","11902640","2373","255093085","10411848","4492832","-6426658",".98","266119236","255095458",NA,NA,"266119236","266119236","1738669","megawatthours","megawatthours","megawatthours","megawatthours","megawatthours","megawatthours","megawatthours","megawatthours","megawatthours","megawatthours","megawatthours","megawatthours","megawatthours","ratio","megawatthours","megawatthours","megawatthours","megawatthours","megawatthours","megawatthours","megawatthours"
"2024","GA","Georgia","2975","456261","4855906","4923024","134946548","115578040","0","6999118","2870","150001095","18912247","4858881","-23143069",".86","139805428","150003965",NA,NA,"139805428","139805428","1022391","megawatthours","megawatthours","megawatthours","megawatthours","megawatthours","megawatthours","megawatthours","megawatthours","megawatthours","megawatthours","megawatthours","megawatthours","megawatthours","ratio","megawatthours","megawatthours","megawatthours","megawatthours","megawatthours","megawatthours","megawatthours"
"2024","HI","Hawaii","345325","1390707","227558","377288","8588095","5577115","0","417703","70323","8881811","1620273","572884","0","1","9160979","8952134",NA,NA,"9160979","9160979","-586146","megawatthours","megawatthours","megawatthours","megawatthours","megawatthours","megawatthours","megawatthours","megawatthours","megawatthours","megawatthours","megawatthours","megawatthours","megawatthours","ratio","megawatthours","megawatthours","megawatthours","megawatthours","megawatthours","megawatthours","megawatthours"
"2024","IA","Iowa","132530","0","2248469","2386953","68083148","55445254","0","2563029","5133","54925289","12637894","2381000","10209351","1.17","70464148","54930422",NA,NA,"70464148","70464148","374392","megawatthours","megawatthours","megawatthours","megawatthours","megawatthours","megawatthours","megawatthours","megawatthours","megawatthours","megawatthours","megawatthours","megawatthours","megawatthours","ratio","megawatthours","megawatthours","megawatthours","megawatthours","megawatthours","megawatthours","megawatthours"
"2024","ID","Idaho","76647","23551","529092","574660","19429699","13475312","0","1230392",NA,"26369555","5930836","605739","-8318897",".71","20035438","26369555",NA,NA,"20035438","20035438","179728","megawatthours","megawatthours","megawatthours","megawatthours","megawatthours","megawatthours","megawatthours","megawatthours","megawatthours","megawatthours","megawatthours","megawatthours","megawatthours","ratio","megawatthours","megawatthours","megawatthours","megawatthours","megawatthours","megawatthours","megawatthours"
"2024","IL","Illinois","400781","669931","1962524","2586569","182649630","4244628","79764753","6216308","543823","52918331","177735071","2363305","42075109","1.29","185012935","133226907",NA,NA,"185012935","185012935","908042","megawatthours","megawatthours","megawatthours","megawatthours","megawatthours","megawatthours","megawatthours","megawatthours","megawatthours","megawatthours","megawatthours","megawatthours","megawatthours","ratio","megawatthours","megawatthours","megawatthours","megawatthours","megawatthours","megawatthours","megawatthours"
"2024","IN","Indiana","229531","6702383","4635990","7221008","92147360","59951925","0","4629542",NA,"99219607","25493052","4865520","-14733534",".87","97012880","99219607",NA,NA,"97012880","97012880","676257","megawatthours","megawatthours","megawatthours","megawatthours","megawatthours","megawatthours","megawatthours","megawatthours","megawatthours","megawatthours","megawatthours","megawatthours","megawatthours","ratio","megawatthours","megawatthours","megawatthours","megawatthours","megawatthours","megawatthours","megawatthours"
"2024","KS","Kansas","12744","0","375274","284332","57308137","30081305","0","1925090","12220","41245990","27226832","388018","13947317","1.32","57696155","41258210",NA,NA,"57696155","57696155","281206","megawatthours","megawatthours","megawatthours","megawatthours","megawatthours","megawatthours","megawatthours","megawatthours","megawatthours","megawatthours","megawatthours","megawatthours","megawatthours","ratio","megawatthours","megawatthours","megawatthours","megawatthours","megawatthours","megawatthours","megawatthours"
"2024","KY","Kentucky","1554","0","510103","307235","66439191","65645705","0","3471745","129710","74276161","793486","511657","-11741135",".85","66950848","74405871",NA,NA,"66950848","66950848","507132","megawatthours","megawatthours","megawatthours","megawatthours","megawatthours","megawatthours","megawatthours","megawatthours","megawatthours","megawatthours","megawatthours","megawatthours","megawatthours","ratio","megawatthours","megawatthours","megawatthours","megawatthours","megawatthours","megawatthours","megawatthours"
"2024","LA","Louisiana","57670","2967209","27683262","15215299","71881904","64884441","0","4449307",NA,"95356829","4030254","27740931","-16048529",".86","99622835","95356829",NA,NA,"99622835","99622835","649929","megawatthours","megawatthours","megawatthours","megawatthours","megawatthours","megawatthours","megawatthours","megawatthours","megawatthours","megawatthours","megawatthours","megawatthours","megawatthours","ratio","megawatthours","megawatthours","megawatthours","megawatthours","megawatthours","megawatthours","megawatthours"
"2024","MA","Massachusetts","1727252","1610954","147557","864995","19040080","547032","33713254","2305849","334073","15371248","16882095","1874809","-32011354",".4","20914890","49418575",NA,NA,"20914890","20914890","336825","megawatthours","megawatthours","megawatthours","megawatthours","megawatthours","megawatthours","megawatthours","megawatthours","megawatthours","megawatthours","megawatthours","megawatthours","megawatthours","ratio","megawatthours","megawatthours","megawatthours","megawatthours","megawatthours","megawatthours","megawatthours"
"2024","MD","Maryland","321578","1291014","55819","296115","35047418","2973907","27055975","2753786","295376","31667337","30782497","377398","-27046030",".57","35424816","59018688",NA,NA,"35424816","35424816","402257","megawatthours","megawatthours","megawatthours","megawatthours","megawatthours","megawatthours","megawatthours","megawatthours","megawatthours","megawatthours","megawatthours","megawatthours","megawatthours","ratio","megawatthours","megawatthours","megawatthours","megawatthours","megawatthours","megawatthours","megawatthours"
"2024","ME","Maine","41151","498495","1012958","1428108","13601069","2558","4903173","529194","139809","6298609","13100015","1054109","2183717","1.16","16084767","11341591","524855","1429589","14655178","16084767","77302","megawatthours","megawatthours","megawatthours","megawatthours","megawatthours","megawatthours","megawatthours","megawatthours","megawatthours","megawatthours","megawatthours","megawatthours","megawatthours","ratio","megawatthours","megawatthours","megawatthours","megawatthours","megawatthours","megawatthours","megawatthours"
"2024","MI","Michigan","721043","17879556","1284060","2257139","122194987","90700020","8526167","4618876","399941","90064906","13615411","2005103","18656491","1.17","127564535","98991014","2366316","3364445","124200090","127564535","674699","megawatthours","megawatthours","megawatthours","megawatthours","megawatthours","megawatthours","megawatthours","megawatthours","megawatthours","megawatthours","megawatthours","megawatthours","megawatthours","ratio","megawatthours","megawatthours","megawatthours","megawatthours","megawatthours","megawatthours","megawatthours"
"2024","MN","Minnesota","255896","1645213","1443099","1737526","56896226","40859064","0","3012439","59389","64502719","14391949","1698995","-7299302",".9","63677106","64562108","1224295","5081884","58595222","63677106","440040","megawatthours","megawatthours","megawatthours","megawatthours","megawatthours","megawatthours","megawatthours","megawatthours","megawatthours","megawatthours","megawatthours","megawatthours","megawatthours","ratio","megawatthours","megawatthours","megawatthours","megawatthours","megawatthours","megawatthours","megawatthours"
"2024","MO","Missouri","192488","210337","40261","291580","66642961","60065316","0","3628995",NA,"77776034","6367308","232749","-15351002",".81","66875710","77776034",NA,NA,"66875710","66875710","530103","megawatthours","megawatthours","megawatthours","megawatthours","megawatthours","megawatthours","megawatthours","megawatthours","megawatthours","megawatthours","megawatthours","megawatthours","megawatthours","ratio","megawatthours","megawatthours","megawatthours","megawatthours","megawatthours","megawatthours","megawatthours"
"2024","MS","Mississippi","0","0","1851586","1852126","75485125","71679097","0","2271602","627","48683985","3806029","1851586","24196549","1.46","77336712","48684612",NA,NA,"77336712","77336712","331823","megawatthours","megawatthours","megawatthours","megawatthours","megawatthours","megawatthours","megawatthours","megawatthours","megawatthours","megawatthours","megawatthours","megawatthours","megawatthours","ratio","megawatthours","megawatthours","megawatthours","megawatthours","megawatthours","megawatthours","megawatthours"
"2024","MT","Montana","0","381832","26193","24585","26846690","11663292","3084916","726350",NA,"12482097","14801566","26193","10218513","1.6","27236261","15567013","593700","363378","26872883","27236261","106101","megawatthours","megawatthours","megawatthours","megawatthours","megawatthours","megawatthours","megawatthours","megawatthours","megawatthours","megawatthours","megawatthours","megawatthours","megawatthours","ratio","megawatthours","megawatthours","megawatthours","megawatthours","megawatthours","megawatthours","megawatthours"
"2024","NC","North Carolina","262515","26371","1310844","1620973","133392037","112771407","0","6387904","126925","136777601","20594259","1573359","-10881115",".93","134965396","136904526",NA,NA,"134965396","134965396","933108","megawatthours","megawatthours","megawatthours","megawatthours","megawatthours","megawatthours","megawatthours","megawatthours","megawatthours","megawatthours","megawatthours","megawatthours","megawatthours","ratio","megawatthours","megawatthours","megawatthours","megawatthours","megawatthours","megawatthours","megawatthours"
"2024","ND","North Dakota","130","0","171116","183212","42385997","32737889","0","1389041","0","29769698","9648108","171246","10579449","1.32","43255574","29769698","1131271","698331","42557243","43255574","202903","megawatthours","megawatthours","megawatthours","megawatthours","megawatthours","megawatthours","megawatthours","megawatthours","megawatthours","megawatthours","megawatthours","megawatthours","megawatthours","ratio","megawatthours","megawatthours","megawatthours","megawatthours","megawatthours","megawatthours","megawatthours"
"2024","NE","Nebraska","19586","0","327231","437899","36882133","24875737","0","1641998","36405","35154640","12006396","346817","-281846",".99","37228950","35191045",NA,NA,"37228950","37228950","239854","megawatthours","megawatthours","megawatthours","megawatthours","megawatthours","megawatthours","megawatthours","megawatthours","megawatthours","megawatthours","megawatthours","megawatthours","megawatthours","ratio","megawatthours","megawatthours","megawatthours","megawatthours","megawatthours","megawatthours","megawatthours"
"2024","NH","New Hampshire","59718","0","23440","86983","16859321","6888","6738771","509241",NA,"4175190","16852433","83158","5357908","1.46","16942479","10913961",NA,NA,"16942479","16942479","74387","megawatthours","megawatthours","megawatthours","megawatthours","megawatthours","megawatthours","megawatthours","megawatthours","megawatthours","megawatthours","megawatthours","megawatthours","megawatthours","ratio","megawatthours","megawatthours","megawatthours","megawatthours","megawatthours","megawatthours","megawatthours"
"2024","NJ","New Jersey","1137865","5953781","630011","1848153","58407369","263583","27485159","3430943","573404","45472861","52190005","1767876","-19136447",".76","60175245","73531424",NA,NA,"60175245","60175245","501172","megawatthours","megawatthours","megawatthours","megawatthours","megawatthours","megawatthours","megawatthours","megawatthours","megawatthours","megawatthours","megawatthours","megawatthours","megawatthours","ratio","megawatthours","megawatthours","megawatthours","megawatthours","megawatthours","megawatthours","megawatthours"
"2024","NM","New Mexico","109793","18344","69151","257489","39518350","20682823","0","1413614","113651","30182703","18817183","178944","7523344","1.23","39697294","30296354",NA,NA,"39697294","39697294","206493","megawatthours","megawatthours","megawatthours","megawatthours","megawatthours","megawatthours","megawatthours","megawatthours","megawatthours","megawatthours","megawatthours","megawatthours","megawatthours","ratio","megawatthours","megawatthours","megawatthours","megawatthours","megawatthours","megawatthours","megawatthours"
"2024","NV","Nevada","109549","1084679","480809","174583","44938069","26477919","6636032","1897394","6152","34022455","17375471","590358","2514651","1.06","45528427","40664639",NA,NA,"45528427","45528427","277160","megawatthours","megawatthours","megawatthours","megawatthours","megawatthours","megawatthours","megawatthours","megawatthours","megawatthours","megawatthours","megawatthours","megawatthours","megawatthours","ratio","megawatthours","megawatthours","megawatthours","megawatthours","megawatthours","megawatthours","megawatthours"
"2024","NY","New York","1798499","13351959","857455","2663590","126359539","36206575","61848266","6555550","473062","78176173","76801006","2655953","-15534925",".9","137866347","140497501","2727033","8850854","129015493","137866347","957597","megawatthours","megawatthours","megawatthours","megawatthours","megawatthours","megawatthours","megawatthours","megawatthours","megawatthours","megawatthours","megawatthours","megawatthours","megawatthours","ratio","megawatthours","megawatthours","megawatthours","megawatthours","megawatthours","megawatthours","megawatthours"
"2024","OH","Ohio","293148","1851091","743696","1210523","141709861","15750379","115536524","7171917","196842","37974010","124108392","1036844","-20390743",".88","142746706","153707376",NA,NA,"142746706","142746706","1047632","megawatthours","megawatthours","megawatthours","megawatthours","megawatthours","megawatthours","megawatthours","megawatthours","megawatthours","megawatthours","megawatthours","megawatthours","megawatthours","ratio","megawatthours","megawatthours","megawatthours","megawatthours","megawatthours","megawatthours","megawatthours"
"2024","OK","Oklahoma","-6352","0","849176","885781","93226321","46637698","0","3363397",NA,"72083773","46588623","842824","17244889","1.22","94069145","72083773",NA,NA,"94069145","94069145","491306","megawatthours","megawatthours","megawatthours","megawatthours","megawatthours","megawatthours","megawatthours","megawatthours","megawatthours","megawatthours","megawatthours","megawatthours","megawatthours","ratio","megawatthours","megawatthours","megawatthours","megawatthours","megawatthours","megawatthours","megawatthours"
"2024","OR","Oregon","80196","7047425","756175","635425","63824878","41615710","3195874","2784675","5241","56479586","15161743","836371","1153679","1.02","64661249","59680701",NA,NA,"64661249","64661249","406769","megawatthours","megawatthours","megawatthours","megawatthours","megawatthours","megawatthours","megawatthours","megawatthours","megawatthours","megawatthours","megawatthours","megawatthours","megawatthours","ratio","megawatthours","megawatthours","megawatthours","megawatthours","megawatthours","megawatthours","megawatthours"
"2024","PA","Pennsylvania","585006","9217444","3745760","6926108","237167882","112494","88760505","6632493","320004","53066005","227837944","4330766","84824698","1.54","241498648","142146514",NA,NA,"241498648","241498648","968836","megawatthours","megawatthours","megawatthours","megawatthours","megawatthours","megawatthours","megawatthours","megawatthours","megawatthours","megawatthours","megawatthours","megawatthours","megawatthours","ratio","megawatthours","megawatthours","megawatthours","megawatthours","megawatthours","megawatthours","megawatthours"
"2024","RI","Rhode Island","40620","0","147275","200287","9589131","119","4071522","345945","30839","3311886","9589012","187895","1766013","1.22","9777026","7414247",NA,NA,"9777026","9777026","50534","megawatthours","megawatthours","megawatthours","megawatthours","megawatthours","megawatthours","megawatthours","megawatthours","megawatthours","megawatthours","megawatthours","megawatthours","megawatthours","ratio","megawatthours","megawatthours","megawatthours","megawatthours","megawatthours","megawatthours","megawatthours"
"2024","SC","South Carolina","2743","737884","1620516","1956994","98862156","94346752","0","3917603",NA,"83961428","3777520","1623259","10077131","1.11","100485416","83961428",NA,NA,"100485416","100485416","572261","megawatthours","megawatthours","megawatthours","megawatthours","megawatthours","megawatthours","megawatthours","megawatthours","megawatthours","megawatthours","megawatthours","megawatthours","megawatthours","ratio","megawatthours","megawatthours","megawatthours","megawatthours","megawatthours","megawatthours","megawatthours"
"2024","SD","South Dakota","15","0","64693","65249","20807286","10820658","0","636306",NA,"13637204","9986628","64708","6440287","1.45","20871994","13637204",NA,NA,"20871994","20871994","92948","megawatthours","megawatthours","megawatthours","megawatthours","megawatthours","megawatthours","megawatthours","megawatthours","megawatthours","megawatthours","megawatthours","megawatthours","megawatthours","ratio","megawatthours","megawatthours","megawatthours","megawatthours","megawatthours","megawatthours","megawatthours"
"2024","TN","Tennessee","204562","0","2089036","2383987","73873169","71979795","0","4804181","56830","102905605","1893374","2293597","-34685604",".69","76166766","102962435",NA,NA,"76166766","76166766","701767","megawatthours","megawatthours","megawatthours","megawatthours","megawatthours","megawatthours","megawatthours","megawatthours","megawatthours","megawatthours","megawatthours","megawatthours","megawatthours","ratio","megawatthours","megawatthours","megawatthours","megawatthours","megawatthours","megawatthours","megawatthours"
"2024","TX","Texas","601265","46361302","42123070","37853112","523778353","94888698","0","23583199","10266139","495165178","382528352","42724335","-4382744",".99","566527444","505431317","597663","24756","566502688","566527444","3444897","megawatthours","megawatthours","megawatthours","megawatthours","megawatthours","megawatthours","megawatthours","megawatthours","megawatthours","megawatthours","megawatthours","megawatthours","megawatthours","ratio","megawatthours","megawatthours","megawatthours","megawatthours","megawatthours","megawatthours","megawatthours"
"2024","US","United States","15258042","136603217","136749223","135040521","4156627033","2256336248","593516397","185489533","17429967","3364435468","1763687568","152007264","0","1","4341888785","3975381832","19437047","33254488","4308634297","4341888785","26539852","megawatthours","megawatthours","megawatthours","megawatthours","megawatthours","megawatthours","megawatthours","megawatthours","megawatthours","megawatthours","megawatthours","megawatthours","megawatthours","ratio","megawatthours","megawatthours","megawatthours","megawatthours","megawatthours","megawatthours","megawatthours"
"2024","UT","Utah","149771","115632","348912","587404","34635224","27900028","0","1618530","2696","34685387","6619564","498682","-1996537",".95","35133906","34688083",NA,NA,"35133906","35133906","236426","megawatthours","megawatthours","megawatthours","megawatthours","megawatthours","megawatthours","megawatthours","megawatthours","megawatthours","megawatthours","megawatthours","megawatthours","megawatthours","ratio","megawatthours","megawatthours","megawatthours","megawatthours","megawatthours","megawatthours","megawatthours"
"2024","VA","Virginia","828113","2088756","2209775","2468908","99660727","76210758","5989398","6441107","37517","132017857","21361213","3037888","-45197052",".69","102698615","138044772",NA,NA,"102698615","102698615","940880","megawatthours","megawatthours","megawatthours","megawatthours","megawatthours","megawatthours","megawatthours","megawatthours","megawatthours","megawatthours","megawatthours","megawatthours","megawatthours","ratio","megawatthours","megawatthours","megawatthours","megawatthours","megawatthours","megawatthours","megawatthours"
"2024","VT","Vermont","2337","0","0","2958","2256554","900131","0","254712","5392","5453555","1356423","2337","2683457","1.47","8438845","5458947","1564","6179954","2258891","8438845","37207","megawatthours","megawatthours","megawatthours","megawatthours","megawatthours","megawatthours","megawatthours","megawatthours","megawatthours","megawatthours","megawatthours","megawatthours","megawatthours","ratio","megawatthours","megawatthours","megawatthours","megawatthours","megawatthours","megawatthours","megawatthours"
"2024","WA","Washington","16871","0","1834978","445604","100545862","87935319","2307812","4198502",NA,"87673817","12610543","1851849","7514232","1.08","103630371","89981629","877110","1232660","102397711","103630371","613293","megawatthours","megawatthours","megawatthours","megawatthours","megawatthours","megawatthours","megawatthours","megawatthours","megawatthours","megawatthours","megawatthours","megawatthours","megawatthours","ratio","megawatthours","megawatthours","megawatthours","megawatthours","megawatthours","megawatthours","megawatthours"
"2024","WI","Wisconsin","107780","20357","1321456","1463939","63847108","52258080","0","3186447","6904","68284520","11568671","1429236","-8130924",".89","65276344","68291424",NA,NA,"65276344","65276344","465458","megawatthours","megawatthours","megawatthours","megawatthours","megawatthours","megawatthours","megawatthours","megawatthours","megawatthours","megawatthours","megawatthours","megawatthours","megawatthours","ratio","megawatthours","megawatthours","megawatthours","megawatthours","megawatthours","megawatthours","megawatthours"
"2024","WV","West Virginia","0","0","1160618","743675","49434200","38220038","0","1539325",NA,"32990570","11214162","1160618","15096392","1.43","50594818","32990570",NA,NA,"50594818","50594818","224856","megawatthours","megawatthours","megawatthours","megawatthours","megawatthours","megawatthours","megawatthours","megawatthours","megawatthours","megawatthours","megawatthours","megawatthours","megawatthours","ratio","megawatthours","megawatthours","megawatthours","megawatthours","megawatthours","megawatthours","megawatthours"
"2024","WY","Wyoming","0","0","1457346","1543990","39251805","34034785","0","803333",NA,"17216901","5217020","1457346","21027580","2.07","40709150","17216901",NA,NA,"40709150","40709150","117346","megawatthours","megawatthours","megawatthours","megawatthours","megawatthours","megawatthours","megawatthours","megawatthours","megawatthours","megawatthours","megawatthours","megawatthours","megawatthours","ratio","megawatthours","megawatthours","megawatthours","megawatthours","megawatthours","megawatthours","megawatthours"
"2023","AK","Alaska","384137","143360","117398","257915","6216291","6022622","0","266812","47","6024551","50309","501534","0","1","6717825","6024598",NA,NA,"6717825","6717825","168500","megawatthours","megawatthours","megawatthours","megawatthours","megawatthours","megawatthours","megawatthours","megawatthours","megawatthours","megawatthours","megawatthours","megawatthours","megawatthours","ratio","megawatthours","megawatthours","megawatthours","megawatthours","megawatthours","megawatthours","megawatthours"
"2023","AL","Alabama","0","5422456","4724524","5491093","134710486","97500930","0","3759111","15526","84864833","31787099","4724524","44873804","1.47","139435010","84880359","0","0","139435010","139435010","430643","megawatthours","megawatthours","megawatthours","megawatthours","megawatthours","megawatthours","megawatthours","megawatthours","megawatthours","megawatthours","megawatthours","megawatthours","megawatthours","ratio","megawatthours","megawatthours","megawatthours","megawatthours","megawatthours","megawatthours","megawatthours"
"2023","AR","Arkansas","55480","1213353","905744","1062832","62234422","57014938","0","2154540","17608","48631692","4006131","961224","11082151","1.21","63195647","48649300","0","0","63195647","63195647","246824","megawatthours","megawatthours","megawatthours","megawatthours","megawatthours","megawatthours","megawatthours","megawatthours","megawatthours","megawatthours","megawatthours","megawatthours","megawatthours","ratio","megawatthours","megawatthours","megawatthours","megawatthours","megawatthours","megawatthours","megawatthours"
"2023","AZ","Arizona","150807","149275","33506","164805","111654423","86637418","0","3805100","77714","85841084","24867730","184313","21510386","1.24","111838736","85918798","3735",NA,"111838736","111838736","435912","megawatthours","megawatthours","megawatthours","megawatthours","megawatthours","megawatthours","megawatthours","megawatthours","megawatthours","megawatthours","megawatthours","megawatthours","megawatthours","ratio","megawatthours","megawatthours","megawatthours","megawatthours","megawatthours","megawatthours","megawatthours"
"2023","CA","California","2503686","11550177","11688077","13048166","202437031","77632620","87269085","10605911","2002513","150208854","113254234","14191763","-43244434",".84","222302899","239480452","1197792","5674105","216628794","222302899","1215012","megawatthours","megawatthours","megawatthours","megawatthours","megawatthours","megawatthours","megawatthours","megawatthours","megawatthours","megawatthours","megawatthours","megawatthours","megawatthours","ratio","megawatthours","megawatthours","megawatthours","megawatthours","megawatthours","megawatthours","megawatthours"
"2023","CO","Colorado","23979","60481","220180","251618","57297560","39335503","0","2460853","175842","55389977","17901576","244159","-1018485",".98","57541720","55565819","0","0","57541720","57541720","281915","megawatthours","megawatthours","megawatthours","megawatthours","megawatthours","megawatthours","megawatthours","megawatthours","megawatthours","megawatthours","megawatthours","megawatthours","megawatthours","ratio","megawatthours","megawatthours","megawatthours","megawatthours","megawatthours","megawatthours","megawatthours"
"2023","CT","Connecticut","294400","168386","655013","925931","39717006","135024","12740189","1181811","144730","13800257","39413596","949413","11738112","1.41","40666418","26685176","0","0","40666418","40666418","135388","megawatthours","megawatthours","megawatthours","megawatthours","megawatthours","megawatthours","megawatthours","megawatthours","megawatthours","megawatthours","megawatthours","megawatthours","megawatthours","ratio","megawatthours","megawatthours","megawatthours","megawatthours","megawatthours","megawatthours","megawatthours"
"2023","DC","District of Columbia","147276","0","0","149439","24594","3226","6422278","437545","10153","3447283","21368","147276","-10344953",".02","171870","9879714","0","0","171870","171870","50125","megawatthours","megawatthours","megawatthours","megawatthours","megawatthours","megawatthours","megawatthours","megawatthours","megawatthours","megawatthours","megawatthours","megawatthours","megawatthours","ratio","megawatthours","megawatthours","megawatthours","megawatthours","megawatthours","megawatthours","megawatthours"
"2023","DE","Delaware","6809","89817","1262161","707486","3503089","24560","3719808","490776","3589","7358274","3388712","1268970","-7564097",".39","4772059","11081671","0","0","4772059","4772059","56223","megawatthours","megawatthours","megawatthours","megawatthours","megawatthours","megawatthours","megawatthours","megawatthours","megawatthours","megawatthours","megawatthours","megawatthours","megawatthours","ratio","megawatthours","megawatthours","megawatthours","megawatthours","megawatthours","megawatthours","megawatthours"
"2023","FL","Florida","1096984","2023840","3644064","3905015","255057431","243421282","0","11113431","4046","250936168","9612310","4741048","-7433335",".97","259798479","250940214","0","0","259798479","259798479","1273154","megawatthours","megawatthours","megawatthours","megawatthours","megawatthours","megawatthours","megawatthours","megawatthours","megawatthours","megawatthours","megawatthours","megawatthours","megawatthours","ratio","megawatthours","megawatthours","megawatthours","megawatthours","megawatthours","megawatthours","megawatthours"
"2023","GA","Georgia","2416","421802","4326930","4764167","124892167","105782142","0","6290055","2884","142025947","18688223","4329346","-24582128",".84","129221513","142028831","0","0","129221513","129221513","720588","megawatthours","megawatthours","megawatthours","megawatthours","megawatthours","megawatthours","megawatthours","megawatthours","megawatthours","megawatthours","megawatthours","megawatthours","megawatthours","ratio","megawatthours","megawatthours","megawatthours","megawatthours","megawatthours","megawatthours","megawatthours"
"2023","HI","Hawaii","333574","1305228","228348","196737","8632243","5605698","0","395363","43175","8884077","1721317","561922","0","1","9194164","8927252","0","0","9194164","9194164","-325187","megawatthours","megawatthours","megawatthours","megawatthours","megawatthours","megawatthours","megawatthours","megawatthours","megawatthours","megawatthours","megawatthours","megawatthours","megawatthours","ratio","megawatthours","megawatthours","megawatthours","megawatthours","megawatthours","megawatthours","megawatthours"
"2023","IA","Iowa","128269","0","1994295","2225622","67714408","55970087","0","2409233","3133","54397126","11744322","2122564","10525857","1.18","69836973","54400259","0","0","69836973","69836973","276002","megawatthours","megawatthours","megawatthours","megawatthours","megawatthours","megawatthours","megawatthours","megawatthours","megawatthours","megawatthours","megawatthours","megawatthours","megawatthours","ratio","megawatthours","megawatthours","megawatthours","megawatthours","megawatthours","megawatthours","megawatthours"
"2023","ID","Idaho","70452","30583","544131","601729","17227863","11700827","0","1137028",NA,"25673977","5496453","614583","-9700546",".65","17842446","25673977","0","0","17842446","17842446","130258","megawatthours","megawatthours","megawatthours","megawatthours","megawatthours","megawatthours","megawatthours","megawatthours","megawatthours","megawatthours","megawatthours","megawatthours","megawatthours","ratio","megawatthours","megawatthours","megawatthours","megawatthours","megawatthours","megawatthours","megawatthours"
"2023","IL","Illinois","435098","609707","2244003","3017876","175058539","4104206","76639676","5782939","435686","53502855","170344626","2679102","37696116","1.27","177737641","130578217","0","0","177737641","177737641","662493","megawatthours","megawatthours","megawatthours","megawatthours","megawatthours","megawatthours","megawatthours","megawatthours","megawatthours","megawatthours","megawatthours","megawatthours","megawatthours","ratio","megawatthours","megawatthours","megawatthours","megawatthours","megawatthours","megawatthours","megawatthours"
"2023","IN","Indiana","238324","7207450","5007080","6993556","84801477","54096303","0","4251362","4143","95991207","23497724","5245403","-17680424",".84","90046880","95995350","0","0","90046880","90046880","487036","megawatthours","megawatthours","megawatthours","megawatthours","megawatthours","megawatthours","megawatthours","megawatthours","megawatthours","megawatthours","megawatthours","megawatthours","megawatthours","ratio","megawatthours","megawatthours","megawatthours","megawatthours","megawatthours","megawatthours","megawatthours"
"2023","KS","Kansas","12589","0","356641","290930","58087368","33224283","0","1818077","11273","41040735","24863085","369230","15087304","1.35","58456598","41052008","0","0","58456598","58456598","208279","megawatthours","megawatthours","megawatthours","megawatthours","megawatthours","megawatthours","megawatthours","megawatthours","megawatthours","megawatthours","megawatthours","megawatthours","megawatthours","ratio","megawatthours","megawatthours","megawatthours","megawatthours","megawatthours","megawatthours","megawatthours"
"2023","KY","Kentucky","1352","0","534824","347254","62680903","62093667","0","3154266","122378","71100643","587236","536176","-11868813",".84","63217080","71223021","0","0","63217080","63217080","361352","megawatthours","megawatthours","megawatthours","megawatthours","megawatthours","megawatthours","megawatthours","megawatthours","megawatthours","megawatthours","megawatthours","megawatthours","megawatthours","ratio","megawatthours","megawatthours","megawatthours","megawatthours","megawatthours","megawatthours","megawatthours"
"2023","LA","Louisiana","91772","3236671","29801562","17064723","67891231","60863429","0","4223865",NA,"95374457","3791131","29893334","-19362365",".83","97784565","95374457","0","0","97784565","97784565","483886","megawatthours","megawatthours","megawatthours","megawatthours","megawatthours","megawatthours","megawatthours","megawatthours","megawatthours","megawatthours","megawatthours","megawatthours","megawatthours","ratio","megawatthours","megawatthours","megawatthours","megawatthours","megawatthours","megawatthours","megawatthours"
"2023","MA","Massachusetts","1672806","1543625","171604","793542","17851474","528607","33456110","2214888","358423","16197431","15779242","1844410","-33578247",".37","19695884","50011964","0","0","19695884","19695884","253737","megawatthours","megawatthours","megawatthours","megawatthours","megawatthours","megawatthours","megawatthours","megawatthours","megawatthours","megawatthours","megawatthours","megawatthours","megawatthours","ratio","megawatthours","megawatthours","megawatthours","megawatthours","megawatthours","megawatthours","megawatthours"
"2023","MD","Maryland","346403","1675603","59036","291383","35595210","4430716","26554963","2525834","274843","30203279","29488891","405439","-24139011",".6","36000650","57033085","0","0","36000650","36000650","289359","megawatthours","megawatthours","megawatthours","megawatthours","megawatthours","megawatthours","megawatthours","megawatthours","megawatthours","megawatthours","megawatthours","megawatthours","megawatthours","ratio","megawatthours","megawatthours","megawatthours","megawatthours","megawatthours","megawatthours","megawatthours"
"2023","ME","Maine","47179","449383","1098990","1455744","11366012","4865","4792598","502041","123204","6420228","10911764","1146169","1226087","1.09","14736318","11336030","158903","2224137","12512181","14736318","57514","megawatthours","megawatthours","megawatthours","megawatthours","megawatthours","megawatthours","megawatthours","megawatthours","megawatthours","megawatthours","megawatthours","megawatthours","megawatthours","ratio","megawatthours","megawatthours","megawatthours","megawatthours","megawatthours","megawatthours","megawatthours"
"2023","MI","Michigan","716536","16581673","1254822","2273308","118685267","88208829","8556785","4321927","416114","88615791","13894765","1971358","16814691","1.16","124946794","97588690","3453059","4290169","120656625","124946794","495120","megawatthours","megawatthours","megawatthours","megawatthours","megawatthours","megawatthours","megawatthours","megawatthours","megawatthours","megawatthours","megawatthours","megawatthours","megawatthours","ratio","megawatthours","megawatthours","megawatthours","megawatthours","megawatthours","megawatthours","megawatthours"
"2023","MN","Minnesota","247046","1416725","1222455","1629077","55807361","40376034","0","2932510","56814","66158986","14014602","1469501","-7878236",".89","63890221","66215800","655122","6613359","57276862","63890221","335948","megawatthours","megawatthours","megawatthours","megawatthours","megawatthours","megawatthours","megawatthours","megawatthours","megawatthours","megawatthours","megawatthours","megawatthours","megawatthours","ratio","megawatthours","megawatthours","megawatthours","megawatthours","megawatthours","megawatthours","megawatthours"
"2023","MO","Missouri","182414","230045","43278","304533","66477593","59452884","0","3409040",NA,"76975799","6794664","225692","-14376627",".82","66703285","76975799","0","0","66703285","66703285","390539","megawatthours","megawatthours","megawatthours","megawatthours","megawatthours","megawatthours","megawatthours","megawatthours","megawatthours","megawatthours","megawatthours","megawatthours","megawatthours","ratio","megawatthours","megawatthours","megawatthours","megawatthours","megawatthours","megawatthours","megawatthours"
"2023","MS","Mississippi","0","0","1901657","1807889","71031783","68027427","0","2144463","1930","48419832","3004356","1901657","20313657","1.39","72933440","48421762","0","0","72933440","72933440","245669","megawatthours","megawatthours","megawatthours","megawatthours","megawatthours","megawatthours","megawatthours","megawatthours","megawatthours","megawatthours","megawatthours","megawatthours","megawatthours","ratio","megawatthours","megawatthours","megawatthours","megawatthours","megawatthours","megawatthours","megawatthours"
"2023","MT","Montana","0","490760","25583","19794","26870175","10516405","3060987","686659",NA,"12443712","15863010","25583","9955583","1.58","27046470","15504699","801071","150712","26895758","27046470","78664","megawatthours","megawatthours","megawatthours","megawatthours","megawatthours","megawatthours","megawatthours","megawatthours","megawatthours","megawatthours","megawatthours","megawatthours","megawatthours","ratio","megawatthours","megawatthours","megawatthours","megawatthours","megawatthours","megawatthours","megawatthours"
"2023","NC","North Carolina","262926","26367","1503568","1688675","124786899","104306097","0","5894228","139206","132951902","20454435","1766494","-14795860",".9","126553394","133091108","0","0","126553394","126553394","675242","megawatthours","megawatthours","megawatthours","megawatthours","megawatthours","megawatthours","megawatthours","megawatthours","megawatthours","megawatthours","megawatthours","megawatthours","megawatthours","ratio","megawatthours","megawatthours","megawatthours","megawatthours","megawatthours","megawatthours","megawatthours"
"2023","ND","North Dakota","82","0","165681","179455","41903044","32581700","0","1248995",NA,"28202179","9321344","165763","12300751","1.4","43040448","28202179","965984","971641","42068807","43040448","143085","megawatthours","megawatthours","megawatthours","megawatthours","megawatthours","megawatthours","megawatthours","megawatthours","megawatthours","megawatthours","megawatthours","megawatthours","megawatthours","ratio","megawatthours","megawatthours","megawatthours","megawatthours","megawatthours","megawatthours","megawatthours"
"2023","NE","Nebraska","19474","0","304470","419370","39122011","27291910","0","1486773","4115","33567084","11830101","323944","3798288","1.11","39445955","33571199","0","0","39445955","39445955","170325","megawatthours","megawatthours","megawatthours","megawatthours","megawatthours","megawatthours","megawatthours","megawatthours","megawatthours","megawatthours","megawatthours","megawatthours","megawatthours","ratio","megawatthours","megawatthours","megawatthours","megawatthours","megawatthours","megawatthours","megawatthours"
"2023","NH","New Hampshire","61744","0","27291","40336","16735964","16532","5863451","470831",NA,"4767862","16719432","89035","14979211","2.34","26181153","10631313","5524","9356154","16824999","26181153","53938","megawatthours","megawatthours","megawatthours","megawatthours","megawatthours","megawatthours","megawatthours","megawatthours","megawatthours","megawatthours","megawatthours","megawatthours","megawatthours","ratio","megawatthours","megawatthours","megawatthours","megawatthours","megawatthours","megawatthours","megawatthours"
"2023","NJ","New Jersey","1107417","5962794","579968","1628531","62541539","281679","26397750","3148682","629565","44069624","56297066","1687385","-12005940",".84","64228924","71096939","0","0","64228924","64228924","360713","megawatthours","megawatthours","megawatthours","megawatthours","megawatthours","megawatthours","megawatthours","megawatthours","megawatthours","megawatthours","megawatthours","megawatthours","megawatthours","ratio","megawatthours","megawatthours","megawatthours","megawatthours","megawatthours","megawatthours","megawatthours"
"2023","NM","New Mexico","106830","20036","67302","203730","39094941","20503028","0","1255430","37448","28310042","18571878","174132","9318601","1.31","39269073","28347490","0","0","39269073","39269073","143822","megawatthours","megawatthours","megawatthours","megawatthours","megawatthours","megawatthours","megawatthours","megawatthours","megawatthours","megawatthours","megawatthours","megawatthours","megawatthours","ratio","megawatthours","megawatthours","megawatthours","megawatthours","megawatthours","megawatthours","megawatthours"
"2023","NV","Nevada","111384","1174485","501771","122227","41551220","25302224","6397523","1693956","18766","31833066","15074511","613155","1904778","1.05","42164375","38249355","0","0","42164375","42164375","194059","megawatthours","megawatthours","megawatthours","megawatthours","megawatthours","megawatthours","megawatthours","megawatthours","megawatthours","megawatthours","megawatthours","megawatthours","megawatthours","ratio","megawatthours","megawatthours","megawatthours","megawatthours","megawatthours","megawatthours","megawatthours"
"2023","NY","New York","2145459","11496432","803975","2521420","121090554","35156690","62141244","6174603","510353","76770339","74437431","2949434","-19009051",".87","131637829","139421936","1821559","7597841","124039988","131637829","707362","megawatthours","megawatthours","megawatthours","megawatthours","megawatthours","megawatthours","megawatthours","megawatthours","megawatthours","megawatthours","megawatthours","megawatthours","megawatthours","ratio","megawatthours","megawatthours","megawatthours","megawatthours","megawatthours","megawatthours","megawatthours"
"2023","OH","Ohio","273400","1802055","664371","1060245","132285693","13607731","95209949","6494314","200664","51230370","116875907","937771","-21716066",".86","133223464","146640983","0","0","133223464","133223464","743988","megawatthours","megawatthours","megawatthours","megawatthours","megawatthours","megawatthours","megawatthours","megawatthours","megawatthours","megawatthours","megawatthours","megawatthours","megawatthours","ratio","megawatthours","megawatthours","megawatthours","megawatthours","megawatthours","megawatthours","megawatthours"
"2023","OK","Oklahoma","-17931","0","796490","829745","88457465","43593058","0","3054877","15162","68963678","44864407","778559","16022595","1.22","89236024","68978840","0","0","89236024","89236024","349966","megawatthours","megawatthours","megawatthours","megawatthours","megawatthours","megawatthours","megawatthours","megawatthours","megawatthours","megawatthours","megawatthours","megawatthours","megawatthours","ratio","megawatthours","megawatthours","megawatthours","megawatthours","megawatthours","megawatthours","megawatthours"
"2023","OR","Oregon","66608","5908835","636980","489024","60988282","40869116","3029869","2567990","5294","54949799","14210331","703587","355705","1.01","61691869","57984962","0","0","61691869","61691869","294189","megawatthours","megawatthours","megawatthours","megawatthours","megawatthours","megawatthours","megawatthours","megawatthours","megawatthours","megawatthours","megawatthours","megawatthours","megawatthours","ratio","megawatthours","megawatthours","megawatthours","megawatthours","megawatthours","megawatthours","megawatthours"
"2023","PA","Pennsylvania","581260","8605246","3978010","6951189","231365667","84099","85964624","6143117","150353","52596016","222676321","4559271","83415883","1.55","235924937","138710993","0","0","235924937","235924937","703755","megawatthours","megawatthours","megawatthours","megawatthours","megawatthours","megawatthours","megawatthours","megawatthours","megawatthours","megawatthours","megawatthours","megawatthours","megawatthours","ratio","megawatthours","megawatthours","megawatthours","megawatthours","megawatthours","megawatthours","megawatthours"
"2023","RI","Rhode Island","50358","0","157284","222124","10223203","55","3738943","323331","42472","3519373","10223148","207643","2547562","1.32","10430846","7300788","0","0","10430846","10430846","37041","megawatthours","megawatthours","megawatthours","megawatthours","megawatthours","megawatthours","megawatthours","megawatthours","megawatthours","megawatthours","megawatthours","megawatthours","megawatthours","ratio","megawatthours","megawatthours","megawatthours","megawatthours","megawatthours","megawatthours","megawatthours"
"2023","SC","South Carolina","1896","324306","1484970","2223901","99366522","95649543","0","3596215",NA,"81202185","3392673","1486866","13419105","1.15","100853387","81202185","0","0","100853387","100853387","411982","megawatthours","megawatthours","megawatthours","megawatthours","megawatthours","megawatthours","megawatthours","megawatthours","megawatthours","megawatthours","megawatthours","megawatthours","megawatthours","ratio","megawatthours","megawatthours","megawatthours","megawatthours","megawatthours","megawatthours","megawatthours"
"2023","SD","South Dakota","15","0","58446","59006","17377697","9350152","0","598142",NA,"13505999","8027545","58460","3204487","1.23","17436158","13505999","0","0","17436158","17436158","68523","megawatthours","megawatthours","megawatthours","megawatthours","megawatthours","megawatthours","megawatthours","megawatthours","megawatthours","megawatthours","megawatthours","megawatthours","megawatthours","ratio","megawatthours","megawatthours","megawatthours","megawatthours","megawatthours","megawatthours","megawatthours"
"2023","TN","Tennessee","199573","0","1892126","2222243","75699505","74014540","0","4386467","54674","98991331","1684965","2091699","-28366024",".73","77791204","99046005","0","0","77791204","77791204","502513","megawatthours","megawatthours","megawatthours","megawatthours","megawatthours","megawatthours","megawatthours","megawatthours","megawatthours","megawatthours","megawatthours","megawatthours","megawatthours","ratio","megawatthours","megawatthours","megawatthours","megawatthours","megawatthours","megawatthours","megawatthours"
"2023","TX","Texas","704150","43016759","42770587","38881800","503819815","85398248","0","21825619","10636756","482183629","375404808","43474737","-9385209",".98","547361909","492820385","718973","67357","547294552","547361909","2500341","megawatthours","megawatthours","megawatthours","megawatthours","megawatthours","megawatthours","megawatthours","megawatthours","megawatthours","megawatthours","megawatthours","megawatthours","megawatthours","ratio","megawatthours","megawatthours","megawatthours","megawatthours","megawatthours","megawatthours","megawatthours"
"2023","US","United States","16065508","135459735","138663879","136918155","4028541285","2189614522","562573231","171579708","16773296","3294906835","1703467027","154729388","0","1","4222187880","3874253362","20013046","38917208","4183270672","4222187880","19423609","megawatthours","megawatthours","megawatthours","megawatthours","megawatthours","megawatthours","megawatthours","megawatthours","megawatthours","megawatthours","megawatthours","megawatthours","megawatthours","ratio","megawatthours","megawatthours","megawatthours","megawatthours","megawatthours","megawatthours","megawatthours"
"2023","UT","Utah","150065","110520","203211","409020","33143278","27810921","0","1476691","2498","33341039","5221837","353276","-1901863",".95","33496554","33343537","0","0","33496554","33496554","169170","megawatthours","megawatthours","megawatthours","megawatthours","megawatthours","megawatthours","megawatthours","megawatthours","megawatthours","megawatthours","megawatthours","megawatthours","megawatthours","ratio","megawatthours","megawatthours","megawatthours","megawatthours","megawatthours","megawatthours","megawatthours"
"2023","VA","Virginia","909778","969055","2046794","2349847","88102772","68966543","8346925","5860012","2039","123969541","18167174","2956572","-50140342",".64","91059344","132318505","0","0","91059344","91059344","671322","megawatthours","megawatthours","megawatthours","megawatthours","megawatthours","megawatthours","megawatthours","megawatthours","megawatthours","megawatthours","megawatthours","megawatthours","megawatthours","ratio","megawatthours","megawatthours","megawatthours","megawatthours","megawatthours","megawatthours","megawatthours"
"2023","VT","Vermont","2369","0","0","3439","2477830","973339","0","237557","2207","5361816","1504491","2369","-1928985",".66","3708701","5364023","5452","1228502","2480199","3708701","27215","megawatthours","megawatthours","megawatthours","megawatthours","megawatthours","megawatthours","megawatthours","megawatthours","megawatthours","megawatthours","megawatthours","megawatthours","megawatthours","ratio","megawatthours","megawatthours","megawatthours","megawatthours","megawatthours","megawatthours","megawatthours"
"2023","WA","Washington","8655","0","1943733","675647","101008217","86830745","2270474","3966032",NA,"87282156","14177472","1952388","-1170693",".99","103703836","89552630","10225872","743231","102960605","103703836","454348","megawatthours","megawatthours","megawatthours","megawatthours","megawatthours","megawatthours","megawatthours","megawatthours","megawatthours","megawatthours","megawatthours","megawatthours","megawatthours","ratio","megawatthours","megawatthours","megawatthours","megawatthours","megawatthours","megawatthours","megawatthours"
"2023","WI","Wisconsin","130209","22446","1391967","1491689","61026530","50050314","0","3036501","6794","68557110","10953770","1522175","-10891250",".85","62548705","68563904","0","0","62548705","62548705","347861","megawatthours","megawatthours","megawatthours","megawatthours","megawatthours","megawatthours","megawatthours","megawatthours","megawatthours","megawatthours","megawatthours","megawatthours","megawatthours","ratio","megawatthours","megawatthours","megawatthours","megawatthours","megawatthours","megawatthours","megawatthours"
"2023","WV","West Virginia","0","0","1113870","670704","51172914","37102754","0","1420320",NA,"32070687","14070160","1113870","17962362","1.52","52286784","32070687","0","0","52286784","52286784","162712","megawatthours","megawatthours","megawatthours","megawatthours","megawatthours","megawatthours","megawatthours","megawatthours","megawatthours","megawatthours","megawatthours","megawatthours","megawatthours","ratio","megawatthours","megawatthours","megawatthours","megawatthours","megawatthours","megawatthours","megawatthours"
"2023","WY","Wyoming","0","0","1505108","1532624","41676312","37158969","0","743587",NA,"16790115","4517343","1505108","24029909","2.25","43181420","16790115","0","0","43181420","43181420","85185","megawatthours","megawatthours","megawatthours","megawatthours","megawatthours","megawatthours","megawatthours","megawatthours","megawatthours","megawatthours","megawatthours","megawatthours","megawatthours","ratio","megawatthours","megawatthours","megawatthours","megawatthours","megawatthours","megawatthours","megawatthours"
"2022","AK","Alaska","339375","149377","114591","253661","6240162","6032387","0","324661",NA,"6002080","58398","453966","0","1","6694128","6002080","0","0","6694128","6694128","113726","megawatthours","megawatthours","megawatthours","megawatthours","megawatthours","megawatthours","megawatthours","megawatthours","megawatthours","megawatthours","megawatthours","megawatthours","megawatthours","ratio","megawatthours","megawatthours","megawatthours","megawatthours","megawatthours","megawatthours","megawatthours"
"2022","AL","Alabama","0","5032840","4511092","4896466","140277801","103494925","0","4707447","18578","87008967","31750036","4511092","48314688","1.5","144788893","87027545","0","0","144788893","144788893","-157254","megawatthours","megawatthours","megawatthours","megawatthours","megawatthours","megawatthours","megawatthours","megawatthours","megawatthours","megawatthours","megawatthours","megawatthours","megawatthours","ratio","megawatthours","megawatthours","megawatthours","megawatthours","megawatthours","megawatthours","megawatthours"
"2022","AR","Arkansas","58078","1276484","1055814","1211942","64791139","58598394","0","2650355",NA,"48997663","4916261","1113892","13133606","1.25","65905030","48997663","0","0","65905030","65905030","-88536","megawatthours","megawatthours","megawatthours","megawatthours","megawatthours","megawatthours","megawatthours","megawatthours","megawatthours","megawatthours","megawatthours","megawatthours","megawatthours","ratio","megawatthours","megawatthours","megawatthours","megawatthours","megawatthours","megawatthours","megawatthours"
"2022","AZ","Arizona","153927","47179","18601","223167","104526245","82574368","0","4554313","79333","84117184","21904698","172528","15873112","1.18","104698773","84196517","3803","0","104698773","104698773","-152139","megawatthours","megawatthours","megawatthours","megawatthours","megawatthours","megawatthours","megawatthours","megawatthours","megawatthours","megawatthours","megawatthours","megawatthours","megawatthours","ratio","megawatthours","megawatthours","megawatthours","megawatthours","megawatthours","megawatthours","megawatthours"
"2022","CA","California","2584942","12249285","12432562","13052857","188366353","65372954","85259226","13623971","2170901","164439009","110744114","15017504","-71503454",".74","208018422","251869136","1431026","4634565","203383857","208018422","-455114","megawatthours","megawatthours","megawatthours","megawatthours","megawatthours","megawatthours","megawatthours","megawatthours","megawatthours","megawatthours","megawatthours","megawatthours","megawatthours","ratio","megawatthours","megawatthours","megawatthours","megawatthours","megawatthours","megawatthours","megawatthours"
"2022","CO","Colorado","26565","51046","224903","223081","57792542","40493662","0","3070396","179780","56583261","17247834","251467","-1909941",".97","58044009","56763041","0","0","58044009","58044009","-102568","megawatthours","megawatthours","megawatthours","megawatthours","megawatthours","megawatthours","megawatthours","megawatthours","megawatthours","megawatthours","megawatthours","megawatthours","megawatthours","ratio","megawatthours","megawatthours","megawatthours","megawatthours","megawatthours","megawatthours","megawatthours"
"2022","CT","Connecticut","295051","183795","620219","857003","42138830","102947","11365219","1501966","116046","16285881","41852088","915270","12978158","1.43","43054099","27767146","0","0","43054099","43054099","-50174","megawatthours","megawatthours","megawatthours","megawatthours","megawatthours","megawatthours","megawatthours","megawatthours","megawatthours","megawatthours","megawatthours","megawatthours","megawatthours","ratio","megawatthours","megawatthours","megawatthours","megawatthours","megawatthours","megawatthours","megawatthours"
"2022","DC","District of Columbia","137989","0","0","139170","22248","334","6471133","553980","10557","3759844","21914","137989","-10755941",".01","160237","10241534","0","0","160237","160237","-18506","megawatthours","megawatthours","megawatthours","megawatthours","megawatthours","megawatthours","megawatthours","megawatthours","megawatthours","megawatthours","megawatthours","megawatthours","megawatthours","ratio","megawatthours","megawatthours","megawatthours","megawatthours","megawatthours","megawatthours","megawatthours"
"2022","DE","Delaware","7050","109236","1087266","812739","4214054","68821","3556274","624176","3814","7979183","4035997","1094316","-7646965",".41","5308370","11539271","0","0","5308370","5308370","-20851","megawatthours","megawatthours","megawatthours","megawatthours","megawatthours","megawatthours","megawatthours","megawatthours","megawatthours","megawatthours","megawatthours","megawatthours","megawatthours","ratio","megawatthours","megawatthours","megawatthours","megawatthours","megawatthours","megawatthours","megawatthours"
"2022","FL","Florida","1104786","1972983","4142778","4366464","253662850","240393076","0","13459082","4524","248816279","11296791","5247564","-7286330",".97","258910413","248820803","0","0","258910413","258910413","-449606","megawatthours","megawatthours","megawatthours","megawatthours","megawatthours","megawatthours","megawatthours","megawatthours","megawatthours","megawatthours","megawatthours","megawatthours","megawatthours","ratio","megawatthours","megawatthours","megawatthours","megawatthours","megawatthours","megawatthours","megawatthours"
"2022","GA","Georgia","6033","795582","5198243","5090678","121280357","100541863","0","7845167","10152","145025052","19942912","5204276","-31224345",".8","126484633","145035204","0","0","126484633","126484633","-262071","megawatthours","megawatthours","megawatthours","megawatthours","megawatthours","megawatthours","megawatthours","megawatthours","megawatthours","megawatthours","megawatthours","megawatthours","megawatthours","ratio","megawatthours","megawatthours","megawatthours","megawatthours","megawatthours","megawatthours","megawatthours"
"2022","HI","Hawaii","373656","1886328","216784","290989","8746994","5249301","0","488939","46609","8992506","1611365","590440","0","1","9337434","9039115","0","0","9337434","9337434","-481609","megawatthours","megawatthours","megawatthours","megawatthours","megawatthours","megawatthours","megawatthours","megawatthours","megawatthours","megawatthours","megawatthours","megawatthours","megawatthours","ratio","megawatthours","megawatthours","megawatthours","megawatthours","megawatthours","megawatthours","megawatthours"
"2022","IA","Iowa","191347","614","2088336","2315638","70702515","58912805","0","2931971","3156","54200799","11789096","2279683","13628577","1.23","72982198","54203955","0","0","72982198","72982198","-97944","megawatthours","megawatthours","megawatthours","megawatthours","megawatthours","megawatthours","megawatthours","megawatthours","megawatthours","megawatthours","megawatthours","megawatthours","megawatthours","ratio","megawatthours","megawatthours","megawatthours","megawatthours","megawatthours","megawatthours","megawatthours"
"2022","ID","Idaho","68971","33041","520806","590166","15688633","10388285","0","1417258",NA,"26201131","5267307","589777","-11882801",".58","16278410","26201131","0","0","16278410","16278410","-47344","megawatthours","megawatthours","megawatthours","megawatthours","megawatthours","megawatthours","megawatthours","megawatthours","megawatthours","megawatthours","megawatthours","megawatthours","megawatthours","ratio","megawatthours","megawatthours","megawatthours","megawatthours","megawatthours","megawatthours","megawatthours"
"2022","IL","Illinois","447393","658916","2489841","3741095","182286089","4344652","79393917","7349493","518138","55959525","177282521","2937234","38506667","1.26","185223322","135871580","0","0","185223322","185223322","-245513","megawatthours","megawatthours","megawatthours","megawatthours","megawatthours","megawatthours","megawatthours","megawatthours","megawatthours","megawatthours","megawatthours","megawatthours","megawatthours","ratio","megawatthours","megawatthours","megawatthours","megawatthours","megawatthours","megawatthours","megawatthours"
"2022","IN","Indiana","240234","7240547","4783816","7029656","93030854","61239551","0","5411546","4142","100040223","24550755","5024051","-14249888",".87","98054905","100044365","0","0","98054905","98054905","-180775","megawatthours","megawatthours","megawatthours","megawatthours","megawatthours","megawatthours","megawatthours","megawatthours","megawatthours","megawatthours","megawatthours","megawatthours","megawatthours","ratio","megawatthours","megawatthours","megawatthours","megawatthours","megawatthours","megawatthours","megawatthours"
"2022","KS","Kansas","15860","0","269401","203306","61912268","34212134","0","2269735","13252","41947813","27700134","285261","17839244","1.4","62197529","41961065","0","0","62197529","62197529","-75821","megawatthours","megawatthours","megawatthours","megawatthours","megawatthours","megawatthours","megawatthours","megawatthours","megawatthours","megawatthours","megawatthours","megawatthours","megawatthours","ratio","megawatthours","megawatthours","megawatthours","megawatthours","megawatthours","megawatthours","megawatthours"
"2022","KY","Kentucky","2760","0","562371","363170","68582198","67900615","0","4075183","127557","75211185","681583","565131","-10493632",".87","69147329","75338742","0","0","69147329","69147329","-136133","megawatthours","megawatthours","megawatthours","megawatthours","megawatthours","megawatthours","megawatthours","megawatthours","megawatthours","megawatthours","megawatthours","megawatthours","megawatthours","ratio","megawatthours","megawatthours","megawatthours","megawatthours","megawatthours","megawatthours","megawatthours"
"2022","LA","Louisiana","146468","2467513","30108526","19472417","75249856","67520179","0","5146208",NA,"95138998","5262164","30254993","-14080862",".88","105504849","95138998","0","0","105504849","105504849","-171911","megawatthours","megawatthours","megawatthours","megawatthours","megawatthours","megawatthours","megawatthours","megawatthours","megawatthours","megawatthours","megawatthours","megawatthours","megawatthours","ratio","megawatthours","megawatthours","megawatthours","megawatthours","megawatthours","megawatthours","megawatthours"
"2022","MA","Massachusetts","1690310","1541680","194707","838517","19141144","529283","32964888","2757769","393443","17625109","17070181","1885017","-33461440",".39","21026161","50983440","0","0","21026161","21026161","-92124","megawatthours","megawatthours","megawatthours","megawatthours","megawatthours","megawatthours","megawatthours","megawatthours","megawatthours","megawatthours","megawatthours","megawatthours","megawatthours","ratio","megawatthours","megawatthours","megawatthours","megawatthours","megawatthours","megawatthours","megawatthours"
"2022","MD","Maryland","266927","2013193","50563","254158","36821876","3940554","27581128","3228326","138806","31962785","30868129","317490","-25917994",".59","37139365","59682719","0","0","37139365","37139365","-107843","megawatthours","megawatthours","megawatthours","megawatthours","megawatthours","megawatthours","megawatthours","megawatthours","megawatthours","megawatthours","megawatthours","megawatthours","megawatthours","ratio","megawatthours","megawatthours","megawatthours","megawatthours","megawatthours","megawatthours","megawatthours"
"2022","ME","Maine","104362","463753","1568205","1676999","11091353","910","5065381","642374","102836","6707491","10626690","1672567","509385","1.04","14933055","11875708","250047","2169135","12763920","14933055","-21459","megawatthours","megawatthours","megawatthours","megawatthours","megawatthours","megawatthours","megawatthours","megawatthours","megawatthours","megawatthours","megawatthours","megawatthours","megawatthours","ratio","megawatthours","megawatthours","megawatthours","megawatthours","megawatthours","megawatthours","megawatthours"
"2022","MI","Michigan","749820","14048436","1362012","2536443","115385220","81577914","8873152","5443725","414854","91351256","19758870","2111832","10804598","1.1","122734950","100639262","3492772","5237898","117497052","122734950","-181850","megawatthours","megawatthours","megawatthours","megawatthours","megawatthours","megawatthours","megawatthours","megawatthours","megawatthours","megawatthours","megawatthours","megawatthours","megawatthours","ratio","megawatthours","megawatthours","megawatthours","megawatthours","megawatthours","megawatthours","megawatthours"
"2022","MN","Minnesota","335192","994160","1206826","1638331","57424873","42147963","0","3604408","342954","66292476","14282750","1542018","-8238006",".89","64211307","66635430","691550","5244416","58966891","64211307","-120407","megawatthours","megawatthours","megawatthours","megawatthours","megawatthours","megawatthours","megawatthours","megawatthours","megawatthours","megawatthours","megawatthours","megawatthours","megawatthours","ratio","megawatthours","megawatthours","megawatthours","megawatthours","megawatthours","megawatthours","megawatthours"
"2022","MO","Missouri","200342","75543","47495","297422","79113194","72498149","0","4343883",NA,"80306260","6539502","247837","-5441425",".94","79361031","80306260","0","0","79361031","79361031","-145109","megawatthours","megawatthours","megawatthours","megawatthours","megawatthours","megawatthours","megawatthours","megawatthours","megawatthours","megawatthours","megawatthours","megawatthours","megawatthours","ratio","megawatthours","megawatthours","megawatthours","megawatthours","megawatthours","megawatthours","megawatthours"
"2022","MS","Mississippi","0","0","1790863","1575629","65990377","62601372","0","2649375","1503","48978030","3389005","1790863","14665206","1.28","67781240","48979533","0","0","67781240","67781240","-88503","megawatthours","megawatthours","megawatthours","megawatthours","megawatthours","megawatthours","megawatthours","megawatthours","megawatthours","megawatthours","megawatthours","megawatthours","megawatthours","ratio","megawatthours","megawatthours","megawatthours","megawatthours","megawatthours","megawatthours","megawatthours"
"2022","MT","Montana","0","459078","30219","26647","27058521","11422655","2993921","842950",NA,"12589862","15176788","30219","9523594","1.54","27230894","15583783","1282079","142154","27088740","27230894","-28159","megawatthours","megawatthours","megawatthours","megawatthours","megawatthours","megawatthours","megawatthours","megawatthours","megawatthours","megawatthours","megawatthours","megawatthours","megawatthours","ratio","megawatthours","megawatthours","megawatthours","megawatthours","megawatthours","megawatthours","megawatthours"
"2022","NC","North Carolina","288004","34863","1681236","1858651","132287849","111135359","0","7529898","158517","139048244","21117627","1969240","-14086682",".91","134257088","139206761","0","0","134257088","134257088","-251539","megawatthours","megawatthours","megawatthours","megawatthours","megawatthours","megawatthours","megawatthours","megawatthours","megawatthours","megawatthours","megawatthours","megawatthours","megawatthours","ratio","megawatthours","megawatthours","megawatthours","megawatthours","megawatthours","megawatthours","megawatthours"
"2022","ND","North Dakota","88","0","189623","200740","44211245","33585079","0","1373538",NA,"25392877","10626166","189711","22359495","1.79","50583334","25392877","1302567","6182378","44400956","50583334","-45884","megawatthours","megawatthours","megawatthours","megawatthours","megawatthours","megawatthours","megawatthours","megawatthours","megawatthours","megawatthours","megawatthours","megawatthours","megawatthours","ratio","megawatthours","megawatthours","megawatthours","megawatthours","megawatthours","megawatthours","megawatthours"
"2022","NE","Nebraska","18786","0","324603","447030","40349329","27761910","0","1830677","4135","33839970","12587419","343389","4632060","1.13","40692718","33844105","0","0","40692718","40692718","-61154","megawatthours","megawatthours","megawatthours","megawatthours","megawatthours","megawatthours","megawatthours","megawatthours","megawatthours","megawatthours","megawatthours","megawatthours","megawatthours","ratio","megawatthours","megawatthours","megawatthours","megawatthours","megawatthours","megawatthours","megawatthours"
"2022","NH","New Hampshire","66152","0","28070","95061","18670171","11140","4964194","585169",NA,"5853936","18659031","94222","7285582","1.63","18764393","10818130","0","0","18764393","18764393","-19548","megawatthours","megawatthours","megawatthours","megawatthours","megawatthours","megawatthours","megawatthours","megawatthours","megawatthours","megawatthours","megawatthours","megawatthours","megawatthours","ratio","megawatthours","megawatthours","megawatthours","megawatthours","megawatthours","megawatthours","megawatthours"
"2022","NJ","New Jersey","1128761","6083449","511020","1518703","63420855","246416","28813483","4026717","675961","44953291","57090990","1639781","-14793004",".81","65060636","74442735","0","0","65060636","65060636","-134514","megawatthours","megawatthours","megawatthours","megawatthours","megawatthours","megawatthours","megawatthours","megawatthours","megawatthours","megawatthours","megawatthours","megawatthours","megawatthours","ratio","megawatthours","megawatthours","megawatthours","megawatthours","megawatthours","megawatthours","megawatthours"
"2022","NM","New Mexico","113058","18008","18869","155868","40757109","23940008","0","1468917","15008","27141170","16799092","131927","12157142","1.42","40889036","27156178","0","0","40889036","40889036","-49070","megawatthours","megawatthours","megawatthours","megawatthours","megawatthours","megawatthours","megawatthours","megawatthours","megawatthours","megawatthours","megawatthours","megawatthours","megawatthours","ratio","megawatthours","megawatthours","megawatthours","megawatthours","megawatthours","megawatthours","megawatthours"
"2022","NV","Nevada","109019","1964901","362767","111919","42120052","25717639","6316754","2126877","19697","32983556","14437512","471786","1104084","1.03","42591838","39320007","0","0","42591838","42591838","-71049","megawatthours","megawatthours","megawatthours","megawatthours","megawatthours","megawatthours","megawatthours","megawatthours","megawatthours","megawatthours","megawatthours","megawatthours","megawatthours","ratio","megawatthours","megawatthours","megawatthours","megawatthours","megawatthours","megawatthours","megawatthours"
"2022","NY","New York","2267285","11606535","834224","2464796","122083855","34872095","64566390","7746467","923623","77720504","75605225","3101509","-15769756",".9","138896092","143210517","1502842","13710729","125185363","138896092","-258774","megawatthours","megawatthours","megawatthours","megawatthours","megawatthours","megawatthours","megawatthours","megawatthours","megawatthours","megawatthours","megawatthours","megawatthours","megawatthours","ratio","megawatthours","megawatthours","megawatthours","megawatthours","megawatthours","megawatthours","megawatthours"
"2022","OH","Ohio","248266","1752674","686593","1156734","134875601","15623103","92518184","8086662","195708","56785891","117499824","934859","-22662582",".86","135810459","149499783","0","0","135810459","135810459","-270138","megawatthours","megawatthours","megawatthours","megawatthours","megawatthours","megawatthours","megawatthours","megawatthours","megawatthours","megawatthours","megawatthours","megawatthours","megawatthours","ratio","megawatthours","megawatthours","megawatthours","megawatthours","megawatthours","megawatthours","megawatthours"
"2022","OK","Oklahoma","-20584","0","874046","929280","83781460","36521415","0","3758651",NA,"69486942","47260045","853462","10585609","1.14","84634922","69486942","0","0","84634922","84634922","-125559","megawatthours","megawatthours","megawatthours","megawatthours","megawatthours","megawatthours","megawatthours","megawatthours","megawatthours","megawatthours","megawatthours","megawatthours","megawatthours","ratio","megawatthours","megawatthours","megawatthours","megawatthours","megawatthours","megawatthours","megawatthours"
"2022","OR","Oregon","72282","4932380","584204","420486","60661131","42568289","3032992","3046804","6092","53287812","13160462","656486","1625210","1.03","61317617","56326896","0","0","61317617","61317617","-101780","megawatthours","megawatthours","megawatthours","megawatthours","megawatthours","megawatthours","megawatthours","megawatthours","megawatthours","megawatthours","megawatthours","megawatthours","megawatthours","ratio","megawatthours","megawatthours","megawatthours","megawatthours","megawatthours","megawatthours","megawatthours"
"2022","PA","Pennsylvania","598198","8140168","3954591","6388281","234708342","130000","86976698","7845675","160331","57907563","226438174","4552788","80244671","1.5","239261130","145044592","0","0","239261130","239261130","-262088","megawatthours","megawatthours","megawatthours","megawatthours","megawatthours","megawatthours","megawatthours","megawatthours","megawatthours","megawatthours","megawatthours","megawatthours","megawatthours","ratio","megawatthours","megawatthours","megawatthours","megawatthours","megawatthours","megawatthours","megawatthours"
"2022","RI","Rhode Island","58322","0","151322","194419","7609806","346","3246366","409812","38385","4291533","7609460","209644","-347375",".96","7819451","7576284","0","0","7819451","7819451","-13690","megawatthours","megawatthours","megawatthours","megawatthours","megawatthours","megawatthours","megawatthours","megawatthours","megawatthours","megawatthours","megawatthours","megawatthours","megawatthours","ratio","megawatthours","megawatthours","megawatthours","megawatthours","megawatthours","megawatthours","megawatthours"
"2022","SC","South Carolina","799","959033","1488851","2568082","97219851","92254986","0","4476525",NA,"82758432","4005833","1489650","9056002","1.1","98709501","82758432","0","0","98709501","98709501","-149540","megawatthours","megawatthours","megawatthours","megawatthours","megawatthours","megawatthours","megawatthours","megawatthours","megawatthours","megawatthours","megawatthours","megawatthours","megawatthours","ratio","megawatthours","megawatthours","megawatthours","megawatthours","megawatthours","megawatthours","megawatthours"
"2022","SD","South Dakota","14","0","69352","69385","17831096","9133867","0","728453",NA,"13467064","8697229","69366","3659894","1.26","17900462","13467064","0","0","17900462","17900462","-24334","megawatthours","megawatthours","megawatthours","megawatthours","megawatthours","megawatthours","megawatthours","megawatthours","megawatthours","megawatthours","megawatthours","megawatthours","megawatthours","ratio","megawatthours","megawatthours","megawatthours","megawatthours","megawatthours","megawatthours","megawatthours"
"2022","TN","Tennessee","197346","0","1870953","2200590","75967745","74433678","0","5523390","71784","102040267","1534067","2068300","-31615476",".71","78036045","102112051","0","0","78036045","78036045","-184511","megawatthours","megawatthours","megawatthours","megawatthours","megawatthours","megawatthours","megawatthours","megawatthours","megawatthours","megawatthours","megawatthours","megawatthours","megawatthours","ratio","megawatthours","megawatthours","megawatthours","megawatthours","megawatthours","megawatthours","megawatthours"
"2022","TX","Texas","744188","39372039","41342423","37662709","483476329","87283926","0","25715147","8070293","467330899","356820364","42086611","-15881032",".97","525711275","475401192","3672284","148335","525562940","525711275","-859024","megawatthours","megawatthours","megawatthours","megawatthours","megawatthours","megawatthours","megawatthours","megawatthours","megawatthours","megawatthours","megawatthours","megawatthours","megawatthours","ratio","megawatthours","megawatthours","megawatthours","megawatthours","megawatthours","megawatthours","megawatthours"
"2022","US","United States","16737258","129503354","140042740","139725701","4073892234","2229610568","565117295","212426330","15064325","3346987449","1714778313","156779998","0","1","4287642536","3927169069","15758322","56970303","4230672233","4287642536","-7436886","megawatthours","megawatthours","megawatthours","megawatthours","megawatthours","megawatthours","megawatthours","megawatthours","megawatthours","megawatthours","megawatthours","megawatthours","megawatthours","ratio","megawatthours","megawatthours","megawatthours","megawatthours","megawatthours","megawatthours","megawatthours"
"2022","UT","Utah","120276","113438","344066","585418","38921701","33562303","0","1804789","2767","33362734","5245960","464342","3690625","1.1","39386043","33365501","0","0","39386043","39386043","-60290","megawatthours","megawatthours","megawatthours","megawatthours","megawatthours","megawatthours","megawatthours","megawatthours","megawatthours","megawatthours","megawatthours","megawatthours","megawatthours","ratio","megawatthours","megawatthours","megawatthours","megawatthours","megawatthours","megawatthours","megawatthours"
"2022","VA","Virginia","1017438","745938","2130075","2420014","86329812","69673108","8857284","7154387",NA,"123407333","15910766","3147513","-52122698",".63","89477325","132264617","0","0","89477325","89477325","-238995","megawatthours","megawatthours","megawatthours","megawatthours","megawatthours","megawatthours","megawatthours","megawatthours","megawatthours","megawatthours","megawatthours","megawatthours","megawatthours","ratio","megawatthours","megawatthours","megawatthours","megawatthours","megawatthours","megawatthours","megawatthours"
"2022","VT","Vermont","2551","0","0","3776","2181278","918025","0","295906","5049","5465422","1263253","2551","10126949","2.75","15898286","5470471","11069","13714457","2183829","15898286","-9885","megawatthours","megawatthours","megawatthours","megawatthours","megawatthours","megawatthours","megawatthours","megawatthours","megawatthours","megawatthours","megawatthours","megawatthours","megawatthours","ratio","megawatthours","megawatthours","megawatthours","megawatthours","megawatthours","megawatthours","megawatthours"
"2022","WA","Washington","20200","0","2001329","750773","114668969","102151649","2300711","4916769",NA,"88596609","12517320","2021529","23957835","1.24","122476734","90897320","2118283","5786236","116690498","122476734","-164247","megawatthours","megawatthours","megawatthours","megawatthours","megawatthours","megawatthours","megawatthours","megawatthours","megawatthours","megawatthours","megawatthours","megawatthours","megawatthours","ratio","megawatthours","megawatthours","megawatthours","megawatthours","megawatthours","megawatthours","megawatthours"
"2022","WI","Wisconsin","139371","29319","1400150","1509946","59704789","47343364","0","3779688","5650","69870221","12332107","1539521","-13794933",".82","61244310","69875871","0","0","61244310","61244310","-126262","megawatthours","megawatthours","megawatthours","megawatthours","megawatthours","megawatthours","megawatthours","megawatthours","megawatthours","megawatthours","megawatthours","megawatthours","megawatthours","ratio","megawatthours","megawatthours","megawatthours","megawatthours","megawatthours","megawatthours","megawatthours"
"2022","WV","West Virginia","0","0","1039508","540028","55625852","38801850","0","1784277",NA,"32986288","16824002","1039508","21414372","1.61","56665360","32986288","0","0","56665360","56665360","-59604","megawatthours","megawatthours","megawatthours","megawatthours","megawatthours","megawatthours","megawatthours","megawatthours","megawatthours","megawatthours","megawatthours","megawatthours","megawatthours","ratio","megawatthours","megawatthours","megawatthours","megawatthours","megawatthours","megawatthours","megawatthours"
"2022","WY","Wyoming","0","0","1458029","1495201","44889463","39780960","0","892478",NA,"16499429","5108503","1458029","27490197","2.46","46347492","16499429","0","0","46347492","46347492","-29814","megawatthours","megawatthours","megawatthours","megawatthours","megawatthours","megawatthours","megawatthours","megawatthours","megawatthours","megawatthours","megawatthours","megawatthours","megawatthours","ratio","megawatthours","megawatthours","megawatthours","megawatthours","megawatthours","megawatthours","megawatthours"
"2021","AK","Alaska","352265","177115","110308","255217","6133245","5910717","0","280836",NA,"5969339","45413","462573","0","1","6595818","5969339","0","0","6595818","6595818","90426","megawatthours","megawatthours","megawatthours","megawatthours","megawatthours","megawatthours","megawatthours","megawatthours","megawatthours","megawatthours","megawatthours","megawatthours","megawatthours","ratio","megawatthours","megawatthours","megawatthours","megawatthours","megawatthours","megawatthours","megawatthours"
"2021","AL","Alabama","0","4031284","4956093","5344337","137777237","106804340","0","4026481","17209","85567957","26941613","4956093","47230739","1.49","142733330","85585166","0","0","142733330","142733330","546608","megawatthours","megawatthours","megawatthours","megawatthours","megawatthours","megawatthours","megawatthours","megawatthours","megawatthours","megawatthours","megawatthours","megawatthours","megawatthours","ratio","megawatthours","megawatthours","megawatthours","megawatthours","megawatthours","megawatthours","megawatthours"
"2021","AR","Arkansas","65161","999324","1083567","1222791","59951340","54354374","0","2289429","35098","48628044","4597642","1148728","8613908","1.16","61100068","48663142","0","0","61100068","61100068","310798","megawatthours","megawatthours","megawatthours","megawatthours","megawatthours","megawatthours","megawatthours","megawatthours","megawatthours","megawatthours","megawatthours","megawatthours","megawatthours","ratio","megawatthours","megawatthours","megawatthours","megawatthours","megawatthours","megawatthours","megawatthours"
"2021","AZ","Arizona","150887","52607","0","219707","108453733","86412437","0","3821114","86757","81133233","21988689","150887","22821613","1.27","108604620","81219990","3466","0","108604620","108604620","518729","megawatthours","megawatthours","megawatthours","megawatthours","megawatthours","megawatthours","megawatthours","megawatthours","megawatthours","megawatthours","megawatthours","megawatthours","megawatthours","ratio","megawatthours","megawatthours","megawatthours","megawatthours","megawatthours","megawatthours","megawatthours"
"2021","CA","California","2458070","12496170","13389479","13108353","181317557","62190174","74616540","11632235","2126722","170506603","106631213","15847548","-72740877",".74","202062672","247249865","1233980","4897566","197165106","202062672","1579115","megawatthours","megawatthours","megawatthours","megawatthours","megawatthours","megawatthours","megawatthours","megawatthours","megawatthours","megawatthours","megawatthours","megawatthours","megawatthours","ratio","megawatthours","megawatthours","megawatthours","megawatthours","megawatthours","megawatthours","megawatthours"
"2021","CO","Colorado","26710","36629","240911","76462","56570850","41491555","0","2651126","180562","56170647","15042665","267622","-2600224",".96","56838472","56351209","0","0","56838472","56838472","359899","megawatthours","megawatthours","megawatthours","megawatthours","megawatthours","megawatthours","megawatthours","megawatthours","megawatthours","megawatthours","megawatthours","megawatthours","megawatthours","ratio","megawatthours","megawatthours","megawatthours","megawatthours","megawatthours","megawatthours","megawatthours"
"2021","CT","Connecticut","314097","184053","644693","885235","43121152","112785","12946047","1304957","161800","14629759","42824314","958790","13974993","1.46","44079943","27737606","0","0","44079943","44079943","177152","megawatthours","megawatthours","megawatthours","megawatthours","megawatthours","megawatthours","megawatthours","megawatthours","megawatthours","megawatthours","megawatthours","megawatthours","megawatthours","ratio","megawatthours","megawatthours","megawatthours","megawatthours","megawatthours","megawatthours","megawatthours"
"2021","DC","District of Columbia","192798","0","0","152986","18269","0","7015797","474387","10783","3056792","18269","192798","-10564078",".02","211067","10083372","0","0","211067","211067","64400","megawatthours","megawatthours","megawatthours","megawatthours","megawatthours","megawatthours","megawatthours","megawatthours","megawatthours","megawatthours","megawatthours","megawatthours","megawatthours","ratio","megawatthours","megawatthours","megawatthours","megawatthours","megawatthours","megawatthours","megawatthours"
"2021","DE","Delaware","6427","120682","911355","729595","3387344","27512","4102047","540077","1718","7375890","3239150","917782","-8517519",".34","4305126","11479655","0","0","4305126","4305126","73317","megawatthours","megawatthours","megawatthours","megawatthours","megawatthours","megawatthours","megawatthours","megawatthours","megawatthours","megawatthours","megawatthours","megawatthours","megawatthours","ratio","megawatthours","megawatthours","megawatthours","megawatthours","megawatthours","megawatthours","megawatthours"
"2021","FL","Florida","437227","2007886","4730359","4967997","241282789","229657445","0","11364645","8787","241553295","9617459","5167586","-12987138",".95","246450375","241562082","0","0","246450375","246450375","1542789","megawatthours","megawatthours","megawatthours","megawatthours","megawatthours","megawatthours","megawatthours","megawatthours","megawatthours","megawatthours","megawatthours","megawatthours","megawatthours","ratio","megawatthours","megawatthours","megawatthours","megawatthours","megawatthours","megawatthours","megawatthours"
"2021","GA","Georgia","2933","532755","5135755","5099645","119061841","103521223","0","6462490","12039","137351913","15007863","5138688","-25602863",".83","124200528","137363952","0","0","124200528","124200528","877305","megawatthours","megawatthours","megawatthours","megawatthours","megawatthours","megawatthours","megawatthours","megawatthours","megawatthours","megawatthours","megawatthours","megawatthours","megawatthours","ratio","megawatthours","megawatthours","megawatthours","megawatthours","megawatthours","megawatthours","megawatthours"
"2021","HI","Hawaii","364214","2294287","227933","355064","8589683","4725470","0","420430","52440","8884042","1569926","592147","0","1","9181831","8936482","0","0","9181831","9181831","-530145","megawatthours","megawatthours","megawatthours","megawatthours","megawatthours","megawatthours","megawatthours","megawatthours","megawatthours","megawatthours","megawatthours","megawatthours","megawatthours","ratio","megawatthours","megawatthours","megawatthours","megawatthours","megawatthours","megawatthours","megawatthours"
"2021","IA","Iowa","145451","4065","2051620","2172591","65009937","56114741","0","2488442","89187","52804082","8891131","2197071","9314891","1.16","67207008","52893269","0","0","67207008","67207008","337814","megawatthours","megawatthours","megawatthours","megawatthours","megawatthours","megawatthours","megawatthours","megawatthours","megawatthours","megawatthours","megawatthours","megawatthours","megawatthours","ratio","megawatthours","megawatthours","megawatthours","megawatthours","megawatthours","megawatthours","megawatthours"
"2021","ID","Idaho","69207","57827","549855","628093","16217411","10457407","0","1189599",NA,"25285616","5702177","619062","-10428327",".62","16836473","25285616","0","0","16836473","16836473","161492","megawatthours","megawatthours","megawatthours","megawatthours","megawatthours","megawatthours","megawatthours","megawatthours","megawatthours","megawatthours","megawatthours","megawatthours","megawatthours","ratio","megawatthours","megawatthours","megawatthours","megawatthours","megawatthours","megawatthours","megawatthours"
"2021","IL","Illinois","501303","653847","2554526","3983043","178468630","4200356","83193557","6383682","525764","51969512","173614427","3055829","34602295","1.24","181524459","135688833","0","0","181524459","181524459","866606","megawatthours","megawatthours","megawatthours","megawatthours","megawatthours","megawatthours","megawatthours","megawatthours","megawatthours","megawatthours","megawatthours","megawatthours","megawatthours","ratio","megawatthours","megawatthours","megawatthours","megawatthours","megawatthours","megawatthours","megawatthours"
"2021","IN","Indiana","252271","7728162","4642629","7406286","89269897","60648331","0","4692418","4251","99735795","20893403","4894899","-18310966",".84","94164796","99740046","0","0","94164796","94164796","637012","megawatthours","megawatthours","megawatthours","megawatthours","megawatthours","megawatthours","megawatthours","megawatthours","megawatthours","megawatthours","megawatthours","megawatthours","megawatthours","ratio","megawatthours","megawatthours","megawatthours","megawatthours","megawatthours","megawatthours","megawatthours"
"2021","KS","Kansas","15740","0","233688","257614","56381275","32725615","0","1904996","2507","40489279","23655661","249428","13717698","1.32","56630703","40491786","0","0","56630703","56630703","258610","megawatthours","megawatthours","megawatthours","megawatthours","megawatthours","megawatthours","megawatthours","megawatthours","megawatthours","megawatthours","megawatthours","megawatthours","megawatthours","ratio","megawatthours","megawatthours","megawatthours","megawatthours","megawatthours","megawatthours","megawatthours"
"2021","KY","Kentucky","0","0","552980","362544","69355432","68761562","0","3505762","128540","74388446","593870","552980","-8952800",".89","69908411","74516986","0","0","69908411","69908411","475919","megawatthours","megawatthours","megawatthours","megawatthours","megawatthours","megawatthours","megawatthours","megawatthours","megawatthours","megawatthours","megawatthours","megawatthours","megawatthours","ratio","megawatthours","megawatthours","megawatthours","megawatthours","megawatthours","megawatthours","megawatthours"
"2021","LA","Louisiana","183599","2744341","27773474","19636978","70758240","63844970","0","4272730",NA,"90819346","4168929","27957073","-16593779",".86","98715313","90819346","0","0","98715313","98715313","580038","megawatthours","megawatthours","megawatthours","megawatthours","megawatthours","megawatthours","megawatthours","megawatthours","megawatthours","megawatthours","megawatthours","megawatthours","megawatthours","ratio","megawatthours","megawatthours","megawatthours","megawatthours","megawatthours","megawatthours","megawatthours"
"2021","MA","Massachusetts","597797","1494911","203027","724915","18676523","509606","32623011","2389885","391326","17784051","16672006","800824","-34760276",".36","19477347","50798388","0","0","19477347","19477347","324435","megawatthours","megawatthours","megawatthours","megawatthours","megawatthours","megawatthours","megawatthours","megawatthours","megawatthours","megawatthours","megawatthours","megawatthours","megawatthours","ratio","megawatthours","megawatthours","megawatthours","megawatthours","megawatthours","megawatthours","megawatthours"
"2021","MD","Maryland","247188","2351130","48123","154960","37940403","3470291","28418856","2790043","113318","30771800","32118982","295310","-24392022",".61","38235713","59303974","0","0","38235713","38235713","378758","megawatthours","megawatthours","megawatthours","megawatthours","megawatthours","megawatthours","megawatthours","megawatthours","megawatthours","megawatthours","megawatthours","megawatthours","megawatthours","ratio","megawatthours","megawatthours","megawatthours","megawatthours","megawatthours","megawatthours","megawatthours"
"2021","ME","Maine","97515","432044","1573437","1790229","9237193","1503","5067200","545018","93148","6424326","8803646","1670951","-867698",".94","13171354","11584674","45143","2263210","10908144","13171354","73988","megawatthours","megawatthours","megawatthours","megawatthours","megawatthours","megawatthours","megawatthours","megawatthours","megawatthours","megawatthours","megawatthours","megawatthours","megawatthours","ratio","megawatthours","megawatthours","megawatthours","megawatthours","megawatthours","megawatthours","megawatthours"
"2021","MI","Michigan","676502","12062068","1398691","2380982","113437937","81451708","8639559","4695863","377830","90795892","19924161","2075193","10173844","1.09","120795334","99813281","3093884","5282204","115513130","120795334","637479","megawatthours","megawatthours","megawatthours","megawatthours","megawatthours","megawatthours","megawatthours","megawatthours","megawatthours","megawatthours","megawatthours","megawatthours","megawatthours","ratio","megawatthours","megawatthours","megawatthours","megawatthours","megawatthours","megawatthours","megawatthours"
"2021","MN","Minnesota","301166","1193198","1007329","1399578","57887274","42497093","0","3132786","810388","65778780","14196983","1308494","-10173176",".86","62033546","66589168","659904","2837777","59195769","62033546","425286","megawatthours","megawatthours","megawatthours","megawatthours","megawatthours","megawatthours","megawatthours","megawatthours","megawatthours","megawatthours","megawatthours","megawatthours","megawatthours","ratio","megawatthours","megawatthours","megawatthours","megawatthours","megawatthours","megawatthours","megawatthours"
"2021","MO","Missouri","194533","35308","43681","289639","76703196","70529142","0","3658477",NA,"77763041","6138746","238214","-5266398",".94","76941410","77763041","0","0","76941410","76941410","496651","megawatthours","megawatthours","megawatthours","megawatthours","megawatthours","megawatthours","megawatthours","megawatthours","megawatthours","megawatthours","megawatthours","megawatthours","megawatthours","ratio","megawatthours","megawatthours","megawatthours","megawatthours","megawatthours","megawatthours","megawatthours"
"2021","MS","Mississippi","0","0","1898120","1812368","65825377","62629589","0","2258954",NA,"48015364","3195788","1898120","15330151","1.29","67723497","48015364","0","0","67723497","67723497","306661","megawatthours","megawatthours","megawatthours","megawatthours","megawatthours","megawatthours","megawatthours","megawatthours","megawatthours","megawatthours","megawatthours","megawatthours","megawatthours","ratio","megawatthours","megawatthours","megawatthours","megawatthours","megawatthours","megawatthours","megawatthours"
"2021","MT","Montana","0","454274","35257","28838","24912666","10545266","2845869","703889",NA,"12115692","13913126","35257","7960479","1.47","25001559","14961561","1251237","53636","24947923","25001559","95555","megawatthours","megawatthours","megawatthours","megawatthours","megawatthours","megawatthours","megawatthours","megawatthours","megawatthours","megawatthours","megawatthours","megawatthours","megawatthours","ratio","megawatthours","megawatthours","megawatthours","megawatthours","megawatthours","megawatthours","megawatthours"
"2021","NC","North Carolina","361847","101553","1749661","1994345","127811856","108153193","0","6383881","151528","135541549","19557110","2111508","-15014573",".9","129923364","135693077","0","0","129923364","129923364","866633","megawatthours","megawatthours","megawatthours","megawatthours","megawatthours","megawatthours","megawatthours","megawatthours","megawatthours","megawatthours","megawatthours","megawatthours","megawatthours","ratio","megawatthours","megawatthours","megawatthours","megawatthours","megawatthours","megawatthours","megawatthours"
"2021","ND","North Dakota","772","0","165650","177450","42865956","33386251","0","1075629",NA,"22863107","9479705","166422","19900886","1.76","46014903","22863107","1851812","2982525","43032378","46014903","146020","megawatthours","megawatthours","megawatthours","megawatthours","megawatthours","megawatthours","megawatthours","megawatthours","megawatthours","megawatthours","megawatthours","megawatthours","megawatthours","ratio","megawatthours","megawatthours","megawatthours","megawatthours","megawatthours","megawatthours","megawatthours"
"2021","NE","Nebraska","17924","0","330511","441484","37562463","28007956","0","1521538","4262","32336908","9554507","348435","3400152","1.1","37910898","32341170","0","0","37910898","37910898","206554","megawatthours","megawatthours","megawatthours","megawatthours","megawatthours","megawatthours","megawatthours","megawatthours","megawatthours","megawatthours","megawatthours","megawatthours","megawatthours","ratio","megawatthours","megawatthours","megawatthours","megawatthours","megawatthours","megawatthours","megawatthours"
"2021","NH","New Hampshire","64794","0","29005","100647","17099455","11633","5094365","511267",NA,"5772903","17087822","93799","5644666","1.49","17193254","10867268","0","0","17193254","17193254","69406","megawatthours","megawatthours","megawatthours","megawatthours","megawatthours","megawatthours","megawatthours","megawatthours","megawatthours","megawatthours","megawatthours","megawatthours","megawatthours","ratio","megawatthours","megawatthours","megawatthours","megawatthours","megawatthours","megawatthours","megawatthours"
"2021","NJ","New Jersey","626848","6951547","468268","1063586","60338676","212175","30632783","3437708","686731","41750952","53174954","1095115","-16604649",".79","61433792","73070466","0","0","61433792","61433792","466680","megawatthours","megawatthours","megawatthours","megawatthours","megawatthours","megawatthours","megawatthours","megawatthours","megawatthours","megawatthours","megawatthours","megawatthours","megawatthours","ratio","megawatthours","megawatthours","megawatthours","megawatthours","megawatthours","megawatthours","megawatthours"
"2021","NM","New Mexico","134472","20251","47907","211769","35009986","21859465","0","1194686","16108","25377635","13130270","182379","8229984","1.31","35192365","25393743","0","0","35192365","35192365","162183","megawatthours","megawatthours","megawatthours","megawatthours","megawatthours","megawatthours","megawatthours","megawatthours","megawatthours","megawatthours","megawatthours","megawatthours","megawatthours","ratio","megawatthours","megawatthours","megawatthours","megawatthours","megawatthours","megawatthours","megawatthours"
"2021","NV","Nevada","614926","2183913","338697","109835","40800961","27233589","4753595","1836320","45409","34233038","11383459","953623","527100","1.01","41754584","39032042","0","0","41754584","41754584","249287","megawatthours","megawatthours","megawatthours","megawatthours","megawatthours","megawatthours","megawatthours","megawatthours","megawatthours","megawatthours","megawatthours","megawatthours","megawatthours","ratio","megawatthours","megawatthours","megawatthours","megawatthours","megawatthours","megawatthours","megawatthours"
"2021","NY","New York","1058679","11591613","804724","2133416","123081533","36774858","65865164","6653491","812265","74746349","74715061","1863402","-12437962",".92","140426119","141423778","1750163","15481184","124944935","140426119","903234","megawatthours","megawatthours","megawatthours","megawatthours","megawatthours","megawatthours","megawatthours","megawatthours","megawatthours","megawatthours","megawatthours","megawatthours","megawatthours","ratio","megawatthours","megawatthours","megawatthours","megawatthours","megawatthours","megawatthours","megawatthours"
"2021","OH","Ohio","252090","1859748","724223","1119571","124971694","14318078","103905721","6949605","200509","43611635","108793868","976313","-30782466",".8","125948008","147717865","0","0","125948008","125948008","943432","megawatthours","megawatthours","megawatthours","megawatthours","megawatthours","megawatthours","megawatthours","megawatthours","megawatthours","megawatthours","megawatthours","megawatthours","megawatthours","ratio","megawatthours","megawatthours","megawatthours","megawatthours","megawatthours","megawatthours","megawatthours"
"2021","OK","Oklahoma","0","0","839102","861697","79915484","37601716","0","3035680",NA,"64525137","42313768","839102","11919968","1.17","80754586","64525137","0","0","80754586","80754586","412104","megawatthours","megawatthours","megawatthours","megawatthours","megawatthours","megawatthours","megawatthours","megawatthours","megawatthours","megawatthours","megawatthours","megawatthours","megawatthours","ratio","megawatthours","megawatthours","megawatthours","megawatthours","megawatthours","megawatthours","megawatthours"
"2021","OR","Oregon","82282","5914730","582854","473142","60351738","40152940","2942462","2546871","6136","51186607","14284069","665136","3515910","1.06","61016874","54135205","0","0","61016874","61016874","345746","megawatthours","megawatthours","megawatthours","megawatthours","megawatthours","megawatthours","megawatthours","megawatthours","megawatthours","megawatthours","megawatthours","megawatthours","megawatthours","ratio","megawatthours","megawatthours","megawatthours","megawatthours","megawatthours","megawatthours","megawatthours"
"2021","PA","Pennsylvania","379231","7619317","2803174","5737298","238149029","108593","89275268","6743649","104760","53960126","230421119","3182405","84594859","1.54","241331434","143340154","0","0","241331434","241331434","915473","megawatthours","megawatthours","megawatthours","megawatthours","megawatthours","megawatthours","megawatthours","megawatthours","megawatthours","megawatthours","megawatthours","megawatthours","megawatthours","ratio","megawatthours","megawatthours","megawatthours","megawatthours","megawatthours","megawatthours","megawatthours"
"2021","RI","Rhode Island","55609","0","155370","198196","9111472","2","3264612","348050","38589","4094803","9111470","210979","1330952","1.17","9322451","7398004","0","0","9322451","9322451","47249","megawatthours","megawatthours","megawatthours","megawatthours","megawatthours","megawatthours","megawatthours","megawatthours","megawatthours","megawatthours","megawatthours","megawatthours","megawatthours","ratio","megawatthours","megawatthours","megawatthours","megawatthours","megawatthours","megawatthours","megawatthours"
"2021","SC","South Carolina","2208","820193","1586719","2449830","96801514","92973822","0","3753939",NA,"79792136","3007498","1588927","11884926","1.14","98390441","79792136","0","0","98390441","98390441","509610","megawatthours","megawatthours","megawatthours","megawatthours","megawatthours","megawatthours","megawatthours","megawatthours","megawatthours","megawatthours","megawatthours","megawatthours","megawatthours","ratio","megawatthours","megawatthours","megawatthours","megawatthours","megawatthours","megawatthours","megawatthours"
"2021","SD","South Dakota","6","0","54410","54987","17267993","9421943","0","613552",NA,"13041391","7846050","54416","3529188","1.26","17322409","13041391","0","0","17322409","17322409","83292","megawatthours","megawatthours","megawatthours","megawatthours","megawatthours","megawatthours","megawatthours","megawatthours","megawatthours","megawatthours","megawatthours","megawatthours","megawatthours","ratio","megawatthours","megawatthours","megawatthours","megawatthours","megawatthours","megawatthours","megawatthours"
"2021","TN","Tennessee","200715","0","2250729","2563917","76605765","75220515","0","4686824","51743","99569394","1385250","2451444","-28450920",".74","79057209","99621137","0","0","79057209","79057209","636252","megawatthours","megawatthours","megawatthours","megawatthours","megawatthours","megawatthours","megawatthours","megawatthours","megawatthours","megawatthours","megawatthours","megawatthours","megawatthours","ratio","megawatthours","megawatthours","megawatthours","megawatthours","megawatthours","megawatthours","megawatthours"
"2021","TX","Texas","645140","41676535","41647327","35754673","439551789","80183836","0","20494757","7641674","427986204","317691419","42292466","-15236857",".97","481973260","435627878","2550576","129004","481844256","481973260","2782233","megawatthours","megawatthours","megawatthours","megawatthours","megawatthours","megawatthours","megawatthours","megawatthours","megawatthours","megawatthours","megawatthours","megawatthours","megawatthours","ratio","megawatthours","megawatthours","megawatthours","megawatthours","megawatthours","megawatthours","megawatthours"
"2021","US","United States","12767674","132931745","139750305","138915068","3955784856","2210187303","575566959","179052976","15010736","3215296558","1612665808","152517979","0","1","4161469843","3805874253","13855417","53167008","4108302835","4161469843","23772129","megawatthours","megawatthours","megawatthours","megawatthours","megawatthours","megawatthours","megawatthours","megawatthours","megawatthours","megawatthours","megawatthours","megawatthours","megawatthours","ratio","megawatthours","megawatthours","megawatthours","megawatthours","megawatthours","megawatthours","megawatthours"
"2021","UT","Utah","113792","115199","416950","626346","42034903","36930708","0","1537367","2569","32675058","4988996","530742","7515602","1.21","42565645","32677627","0","0","42565645","42565645","208703","megawatthours","megawatthours","megawatthours","megawatthours","megawatthours","megawatthours","megawatthours","megawatthours","megawatthours","megawatthours","megawatthours","megawatthours","megawatthours","ratio","megawatthours","megawatthours","megawatthours","megawatthours","megawatthours","megawatthours","megawatthours"
"2021","VA","Virginia","328390","1012106","2315942","2642894","90833850","72449064","8118262","5892345",NA,"117126934","17372680","2644332","-41102159",".69","93478182","125245196","0","0","93478182","93478182","799906","megawatthours","megawatthours","megawatthours","megawatthours","megawatthours","megawatthours","megawatthours","megawatthours","megawatthours","megawatthours","megawatthours","megawatthours","megawatthours","ratio","megawatthours","megawatthours","megawatthours","megawatthours","megawatthours","megawatthours","megawatthours"
"2021","VT","Vermont","3141","0","0","7460","2104562","899191","0","254648","5738","5406958","1205371","3141","10302726","2.8","16013893","5412696","1793","13906190","2107703","16013893","34569","megawatthours","megawatthours","megawatthours","megawatthours","megawatthours","megawatthours","megawatthours","megawatthours","megawatthours","megawatthours","megawatthours","megawatthours","megawatthours","ratio","megawatthours","megawatthours","megawatthours","megawatthours","megawatthours","megawatthours","megawatthours"
"2021","WA","Washington","23683","0","2187958","849629","108596760","95616836","2246244","4149437",NA,"85952424","12979924","2211641","20967619","1.22","116142113","88198668","1413460","5333712","110808401","116142113","563300","megawatthours","megawatthours","megawatthours","megawatthours","megawatthours","megawatthours","megawatthours","megawatthours","megawatthours","megawatthours","megawatthours","megawatthours","megawatthours","ratio","megawatthours","megawatthours","megawatthours","megawatthours","megawatthours","megawatthours","megawatthours"
"2021","WI","Wisconsin","148068","921073","1544149","1639908","62584263","50625364","0","3266278",NA,"69426615","11037826","1692217","-10499729",".86","64276480","69426615","0","0","64276480","64276480","443408","megawatthours","megawatthours","megawatthours","megawatthours","megawatthours","megawatthours","megawatthours","megawatthours","megawatthours","megawatthours","megawatthours","megawatthours","megawatthours","ratio","megawatthours","megawatthours","megawatthours","megawatthours","megawatthours","megawatthours","megawatthours"
"2021","WV","West Virginia","0","0","1268818","779285","64567245","47251892","0","1542089",NA,"32777988","17315353","1268818","30527357","1.86","65836063","32777988","0","0","65836063","65836063","209344","megawatthours","megawatthours","megawatthours","megawatthours","megawatthours","megawatthours","megawatthours","megawatthours","megawatthours","megawatthours","megawatthours","megawatthours","megawatthours","ratio","megawatthours","megawatthours","megawatthours","megawatthours","megawatthours","megawatthours","megawatthours"
"2021","WY","Wyoming","0","0","1441268","1477656","42019476","37198469","0","742615",NA,"15784712","4821007","1441268","25354948","2.4","43460744","15784712","0","0","43460744","43460744","100813","megawatthours","megawatthours","megawatthours","megawatthours","megawatthours","megawatthours","megawatthours","megawatthours","megawatthours","megawatthours","megawatthours","megawatthours","megawatthours","ratio","megawatthours","megawatthours","megawatthours","megawatthours","megawatthours","megawatthours","megawatthours"
"2020","AK","Alaska","319885","188212","117672","265880","5838884","5596841","0","329575",NA,"5917577","53831","437557","0","1","6276441","5917577","0","0","6276441","6276441","-236591","megawatthours","megawatthours","megawatthours","megawatthours","megawatthours","megawatthours","megawatthours","megawatthours","megawatthours","megawatthours","megawatthours","megawatthours","megawatthours","ratio","megawatthours","megawatthours","megawatthours","megawatthours","megawatthours","megawatthours","megawatthours"
"2020","AL","Alabama","0","2848326","4788458","5110676","132758918","102357230","0","4644657","17280","83378325","27553362","4788458","44521720","1.48","137547377","83395605","0","0","137547377","137547377","-125281","megawatthours","megawatthours","megawatthours","megawatthours","megawatthours","megawatthours","megawatthours","megawatthours","megawatthours","megawatthours","megawatthours","megawatthours","megawatthours","ratio","megawatthours","megawatthours","megawatthours","megawatthours","megawatthours","megawatthours","megawatthours"
"2020","AR","Arkansas","65451","1210637","1123372","863245","53452436","48634848","0","2553638","33765","45817238","3606951","1188823","5442252","1.11","54641259","45851003","0","0","54641259","54641259","-68880","megawatthours","megawatthours","megawatthours","megawatthours","megawatthours","megawatthours","megawatthours","megawatthours","megawatthours","megawatthours","megawatthours","megawatthours","megawatthours","ratio","megawatthours","megawatthours","megawatthours","megawatthours","megawatthours","megawatthours","megawatthours"
"2020","AZ","Arizona","148740","108528","0","220728","109156317","91617412","0","4564706","92403","81867671","17430377","148740","22679474","1.26","109305057","81960074","3199","0","109305057","109305057","-123125","megawatthours","megawatthours","megawatthours","megawatthours","megawatthours","megawatthours","megawatthours","megawatthours","megawatthours","megawatthours","megawatthours","megawatthours","megawatthours","ratio","megawatthours","megawatthours","megawatthours","megawatthours","megawatthours","megawatthours","megawatthours"
"2020","CA","California","2505739","12081197","13713500","12558137","176864299","67891454","70724016","13933295","1962172","177488484","96891648","16219239","-79969661",".71","197377030","250174672","1056413","4293493","193083537","197377030","-375825","megawatthours","megawatthours","megawatthours","megawatthours","megawatthours","megawatthours","megawatthours","megawatthours","megawatthours","megawatthours","megawatthours","megawatthours","megawatthours","ratio","megawatthours","megawatthours","megawatthours","megawatthours","megawatthours","megawatthours","megawatthours"
"2020","CO","Colorado","37725","35545","263790","83313","53813495","38880293","0","3121678","92316","55957948","14897657","301516","-5056043",".91","54115011","56050264","0","0","54115011","54115011","-84202","megawatthours","megawatthours","megawatthours","megawatthours","megawatthours","megawatthours","megawatthours","megawatthours","megawatthours","megawatthours","megawatthours","megawatthours","megawatthours","ratio","megawatthours","megawatthours","megawatthours","megawatthours","megawatthours","megawatthours","megawatthours"
"2020","CT","Connecticut","330389","186291","614109","862269","40246075","95906","12960910","1510076","151561","14001202","39963877","944498","11745286","1.4","41190572","27113673","0","0","41190572","41190572","-40732","megawatthours","megawatthours","megawatthours","megawatthours","megawatthours","megawatthours","megawatthours","megawatthours","megawatthours","megawatthours","megawatthours","megawatthours","megawatthours","ratio","megawatthours","megawatthours","megawatthours","megawatthours","megawatthours","megawatthours","megawatthours"
"2020","DC","District of Columbia","188409","0","0","145698","12695","0","6928591","545012","10879","2846305","12695","188409","-10260680",".02","201104","9785775","0","0","201104","201104","-14701","megawatthours","megawatthours","megawatthours","megawatthours","megawatthours","megawatthours","megawatthours","megawatthours","megawatthours","megawatthours","megawatthours","megawatthours","megawatthours","ratio","megawatthours","megawatthours","megawatthours","megawatthours","megawatthours","megawatthours","megawatthours"
"2020","DE","Delaware","5671","87197","1161685","719476","4038016","34056","4056851","619824","1987","7070213","3916763","1167356","-7246261",".42","5205372","11129051","0","0","5205372","5205372","-16719","megawatthours","megawatthours","megawatthours","megawatthours","megawatthours","megawatthours","megawatthours","megawatthours","megawatthours","megawatthours","megawatthours","megawatthours","megawatthours","ratio","megawatthours","megawatthours","megawatthours","megawatthours","megawatthours","megawatthours","megawatthours"
"2020","FL","Florida","96203","1977277","4779125","4812909","245952472","234441891","0","13502527","10259","242429912","9533304","4875328","-9563602",".96","250827799","242440171","0","0","250827799","250827799","-364206","megawatthours","megawatthours","megawatthours","megawatthours","megawatthours","megawatthours","megawatthours","megawatthours","megawatthours","megawatthours","megawatthours","megawatthours","megawatthours","ratio","megawatthours","megawatthours","megawatthours","megawatthours","megawatthours","megawatthours","megawatthours"
"2020","GA","Georgia","4456","503607","5251129","5157107","114873354","96525504","0","7433522","41356","133428786","17844243","5255585","-25731326",".82","120128938","133470142","0","0","120128938","120128938","-200506","megawatthours","megawatthours","megawatthours","megawatthours","megawatthours","megawatthours","megawatthours","megawatthours","megawatthours","megawatthours","megawatthours","megawatthours","megawatthours","ratio","megawatthours","megawatthours","megawatthours","megawatthours","megawatthours","megawatthours","megawatthours"
"2020","HI","Hawaii","367190","2295336","255108","342102","8456721","4851252","0","489929","73242","8723519","1310133","622298","0","1","9079019","8796761","0","0","9079019","9079019","-549773","megawatthours","megawatthours","megawatthours","megawatthours","megawatthours","megawatthours","megawatthours","megawatthours","megawatthours","megawatthours","megawatthours","megawatthours","megawatthours","ratio","megawatthours","megawatthours","megawatthours","megawatthours","megawatthours","megawatthours","megawatthours"
"2020","IA","Iowa","185782","2059","1987886","2145887","57463003","45457174","0","2820350","85317","50554545","12003770","2173669","4106646","1.07","59636671","50639862","0","0","59636671","59636671","-76074","megawatthours","megawatthours","megawatthours","megawatthours","megawatthours","megawatthours","megawatthours","megawatthours","megawatthours","megawatthours","megawatthours","megawatthours","megawatthours","ratio","megawatthours","megawatthours","megawatthours","megawatthours","megawatthours","megawatthours","megawatthours"
"2020","ID","Idaho","69058","73453","583656","650778","17033421","11278159","0","1362357",NA,"24461352","5681809","652714","-8751604",".67","17686135","24461352","0","0","17686135","17686135","-36747","megawatthours","megawatthours","megawatthours","megawatthours","megawatthours","megawatthours","megawatthours","megawatthours","megawatthours","megawatthours","megawatthours","megawatthours","megawatthours","ratio","megawatthours","megawatthours","megawatthours","megawatthours","megawatthours","megawatthours","megawatthours"
"2020","IL","Illinois","430854","673638","2747977","4033358","170215694","4376836","81884089","7377779","479320","50105868","165165220","3178832","29713114","1.21","173394526","132469277","0","0","173394526","173394526","-199002","megawatthours","megawatthours","megawatthours","megawatthours","megawatthours","megawatthours","megawatthours","megawatthours","megawatthours","megawatthours","megawatthours","megawatthours","megawatthours","ratio","megawatthours","megawatthours","megawatthours","megawatthours","megawatthours","megawatthours","megawatthours"
"2020","IN","Indiana","254853","7790051","4648137","7344405","85169989","57441464","0","5411018","5426","97150318","19938474","4902990","-19692235",".82","90072979","97155744","0","0","90072979","90072979","-145952","megawatthours","megawatthours","megawatthours","megawatthours","megawatthours","megawatthours","megawatthours","megawatthours","megawatthours","megawatthours","megawatthours","megawatthours","megawatthours","ratio","megawatthours","megawatthours","megawatthours","megawatthours","megawatthours","megawatthours","megawatthours"
"2020","KS","Kansas","15500","0","187537","207995","54338794","32081773","0","2199029",NA,"39483946","22257021","203037","12710176","1.3","54541831","39483946","0","0","54541831","54541831","-59315","megawatthours","megawatthours","megawatthours","megawatthours","megawatthours","megawatthours","megawatthours","megawatthours","megawatthours","megawatthours","megawatthours","megawatthours","megawatthours","ratio","megawatthours","megawatthours","megawatthours","megawatthours","megawatthours","megawatthours","megawatthours"
"2020","KY","Kentucky","0","0","468662","283494","63071166","62568739","0","3998871","120078","71680321","502427","468662","-12435073",".84","63539829","71800399","0","0","63539829","63539829","-107862","megawatthours","megawatthours","megawatthours","megawatthours","megawatthours","megawatthours","megawatthours","megawatthours","megawatthours","megawatthours","megawatthours","megawatthours","megawatthours","ratio","megawatthours","megawatthours","megawatthours","megawatthours","megawatthours","megawatthours","megawatthours"
"2020","LA","Louisiana","187321","2434453","29610685","20737854","70975766","65841200","0","4963845",NA,"89126685","2700113","29798006","-13920722",".88","100773772","89126685","0","0","100773772","100773772","-133891","megawatthours","megawatthours","megawatthours","megawatthours","megawatthours","megawatthours","megawatthours","megawatthours","megawatthours","megawatthours","megawatthours","megawatthours","megawatthours","ratio","megawatthours","megawatthours","megawatthours","megawatthours","megawatthours","megawatthours","megawatthours"
"2020","MA","Massachusetts","576163","1758760","214503","662356","17423508","487991","30622682","2785234","132587","19254072","15176758","790666","-35167629",".34","18214175","50009341","0","0","18214175","18214175","-75127","megawatthours","megawatthours","megawatthours","megawatthours","megawatthours","megawatthours","megawatthours","megawatthours","megawatthours","megawatthours","megawatthours","megawatthours","megawatthours","ratio","megawatthours","megawatthours","megawatthours","megawatthours","megawatthours","megawatthours","megawatthours"
"2020","MD","Maryland","935450","1918934","46563","885261","35047133","3030281","28186040","3209607","119008","29323992","30097918","982013","-25608189",".58","36029146","57629040","0","0","36029146","36029146","-86573","megawatthours","megawatthours","megawatthours","megawatthours","megawatthours","megawatthours","megawatthours","megawatthours","megawatthours","megawatthours","megawatthours","megawatthours","megawatthours","ratio","megawatthours","megawatthours","megawatthours","megawatthours","megawatthours","megawatthours","megawatthours"
"2020","ME","Maine","109968","594818","1668544","1935115","8223358","2914","4993448","631948","108592","6244700","7625626","1778512","-1121495",".92","12962936","11346740","187673","2961066","10001870","12962936","-17046","megawatthours","megawatthours","megawatthours","megawatthours","megawatthours","megawatthours","megawatthours","megawatthours","megawatthours","megawatthours","megawatthours","megawatthours","megawatthours","ratio","megawatthours","megawatthours","megawatthours","megawatthours","megawatthours","megawatthours","megawatthours"
"2020","MI","Michigan","662180","16361003","1154054","2142041","104808487","69820694","7945332","5403007","393637","88672937","18626790","1816234","3920134","1.04","112414862","97011906","4083510","5790141","106624721","112414862","-145736","megawatthours","megawatthours","megawatthours","megawatthours","megawatthours","megawatthours","megawatthours","megawatthours","megawatthours","megawatthours","megawatthours","megawatthours","megawatthours","ratio","megawatthours","megawatthours","megawatthours","megawatthours","megawatthours","megawatthours","megawatthours"
"2020","MN","Minnesota","209278","1083559","977750","1337630","55323115","40271149","0","3567474","594042","63460564","13968407","1187028","-9515783",".86","59415339","64054606","67638","2905196","56510143","59415339","-96226","megawatthours","megawatthours","megawatthours","megawatthours","megawatthours","megawatthours","megawatthours","megawatthours","megawatthours","megawatthours","megawatthours","megawatthours","megawatthours","ratio","megawatthours","megawatthours","megawatthours","megawatthours","megawatthours","megawatthours","megawatthours"
"2020","MO","Missouri","173687","38710","39954","267786","72354239","66734468","0","4217488",NA,"75725712","5581061","213641","-7529348",".91","72567879","75725712","0","0","72567879","72567879","-113759","megawatthours","megawatthours","megawatthours","megawatthours","megawatthours","megawatthours","megawatthours","megawatthours","megawatthours","megawatthours","megawatthours","megawatthours","megawatthours","ratio","megawatthours","megawatthours","megawatthours","megawatthours","megawatthours","megawatthours","megawatthours"
"2020","MS","Mississippi","0","0","1974146","1890489","64607620","61840507","0","2588783",NA,"46482040","2767113","1974146","15690282","1.31","66581766","46482040","0","0","66581766","66581766","-69828","megawatthours","megawatthours","megawatthours","megawatthours","megawatthours","megawatthours","megawatthours","megawatthours","megawatthours","megawatthours","megawatthours","megawatthours","megawatthours","ratio","megawatthours","megawatthours","megawatthours","megawatthours","megawatthours","megawatthours","megawatthours"
"2020","MT","Montana","0","459339","36057","28108","23317233","11347263","2919615","812255",NA,"11664564","11510631","36057","6796936","1.41","23369523","14584179","1169954","16233","23353290","23369523","-21909","megawatthours","megawatthours","megawatthours","megawatthours","megawatthours","megawatthours","megawatthours","megawatthours","megawatthours","megawatthours","megawatthours","megawatthours","megawatthours","ratio","megawatthours","megawatthours","megawatthours","megawatthours","megawatthours","megawatthours","megawatthours"
"2020","NC","North Carolina","344855","548094","1722148","2038637","122296440","104613247","0","7262030","1452","130389528","17135099","2067003","-15132324",".89","124363443","130390980","0","0","124363443","124363443","-195880","megawatthours","megawatthours","megawatthours","megawatthours","megawatthours","megawatthours","megawatthours","megawatthours","megawatthours","megawatthours","megawatthours","megawatthours","megawatthours","ratio","megawatthours","megawatthours","megawatthours","megawatthours","megawatthours","megawatthours","megawatthours"
"2020","ND","North Dakota","426","0","154223","165889","42021775","33528976","0","1215218",NA,"21819452","8492799","154649","26984346","2.14","50610956","21819452","458829","8434532","42176424","50610956","-32778","megawatthours","megawatthours","megawatthours","megawatthours","megawatthours","megawatthours","megawatthours","megawatthours","megawatthours","megawatthours","megawatthours","megawatthours","megawatthours","ratio","megawatthours","megawatthours","megawatthours","megawatthours","megawatthours","megawatthours","megawatthours"
"2020","NE","Nebraska","16024","0","239200","333713","36593457","27756592","0","1736076","2595","31168941","8836865","255224","3654184","1.11","36848681","31171536","0","0","36848681","36848681","-46828","megawatthours","megawatthours","megawatthours","megawatthours","megawatthours","megawatthours","megawatthours","megawatthours","megawatthours","megawatthours","megawatthours","megawatthours","megawatthours","ratio","megawatthours","megawatthours","megawatthours","megawatthours","megawatthours","megawatthours","megawatthours"
"2020","NH","New Hampshire","59375","0","27560","91163","16263643","499085","5128554","595568",NA,"5564975","15764558","86935","4986382","1.44","16350578","10693529","0","0","16350578","16350578","-16064","megawatthours","megawatthours","megawatthours","megawatthours","megawatthours","megawatthours","megawatthours","megawatthours","megawatthours","megawatthours","megawatthours","megawatthours","megawatthours","ratio","megawatthours","megawatthours","megawatthours","megawatthours","megawatthours","megawatthours","megawatthours"
"2020","NJ","New Jersey","611816","6374761","717315","1421560","59777328","83719","31400560","4009888","599782","39997879","53318848","1329131","-16215051",".79","61106458","71998221","0","0","61106458","61106458","-108159","megawatthours","megawatthours","megawatthours","megawatthours","megawatthours","megawatthours","megawatthours","megawatthours","megawatthours","megawatthours","megawatthours","megawatthours","megawatthours","ratio","megawatthours","megawatthours","megawatthours","megawatthours","megawatthours","megawatthours","megawatthours"
"2020","NM","New Mexico","121220","13205","17376","162685","33936988","21419307","0","1379945","17226","24759929","12504477","138596","7793020","1.3","34075584","24777155","0","0","34075584","34075584","-37222","megawatthours","megawatthours","megawatthours","megawatthours","megawatthours","megawatthours","megawatthours","megawatthours","megawatthours","megawatthours","megawatthours","megawatthours","megawatthours","ratio","megawatthours","megawatthours","megawatthours","megawatthours","megawatthours","megawatthours","megawatthours"
"2020","NV","Nevada","572954","2187158","328527","106792","39523264","27245815","5069698","2129409","81297","33082904","10090291","901481","12082","1","40424745","38233899","0","0","40424745","40424745","-57437","megawatthours","megawatthours","megawatthours","megawatthours","megawatthours","megawatthours","megawatthours","megawatthours","megawatthours","megawatthours","megawatthours","megawatthours","megawatthours","ratio","megawatthours","megawatthours","megawatthours","megawatthours","megawatthours","megawatthours","megawatthours"
"2020","NY","New York","1267467","10982119","819102","1992706","127343702","37232480","66321551","7819844","775949","73309132","79129103","2086569","-6586850",".96","145427774","140406632","2006368","15997503","129430271","145427774","-210926","megawatthours","megawatthours","megawatthours","megawatthours","megawatthours","megawatthours","megawatthours","megawatthours","megawatthours","megawatthours","megawatthours","megawatthours","megawatthours","ratio","megawatthours","megawatthours","megawatthours","megawatthours","megawatthours","megawatthours","megawatthours"
"2020","OH","Ohio","220491","1838902","749972","1181568","121567719","13713070","98357225","7942849","198436","44059538","106015747","970463","-28987190",".81","122538182","142615199","0","0","122538182","122538182","-214244","megawatthours","megawatthours","megawatthours","megawatthours","megawatthours","megawatthours","megawatthours","megawatthours","megawatthours","megawatthours","megawatthours","megawatthours","megawatthours","ratio","megawatthours","megawatthours","megawatthours","megawatthours","megawatthours","megawatthours","megawatthours"
"2020","OK","Oklahoma","63","0","922220","924513","82445446","38640479","0","3469714",NA,"62299305","43804967","922283","16767786","1.25","83367729","62299305","0","0","83367729","83367729","-93589","megawatthours","megawatthours","megawatthours","megawatthours","megawatthours","megawatthours","megawatthours","megawatthours","megawatthours","megawatthours","megawatthours","megawatthours","megawatthours","ratio","megawatthours","megawatthours","megawatthours","megawatthours","megawatthours","megawatthours","megawatthours"
"2020","OR","Oregon","80086","5091608","556738","492135","62987958","44678566","2778443","2841483","6168","48234702","13217784","636824","9348495","1.17","63624782","51019313","0","0","63624782","63624782","-76644","megawatthours","megawatthours","megawatthours","megawatthours","megawatthours","megawatthours","megawatthours","megawatthours","megawatthours","megawatthours","megawatthours","megawatthours","megawatthours","ratio","megawatthours","megawatthours","megawatthours","megawatthours","megawatthours","megawatthours","megawatthours"
"2020","PA","Pennsylvania","368692","7866814","2580875","5141430","227193712","91389","88653782","7781649","43788","51023267","219235509","2949567","77709259","1.51","230143279","139720837","0","0","230143279","230143279","-209896","megawatthours","megawatthours","megawatthours","megawatthours","megawatthours","megawatthours","megawatthours","megawatthours","megawatthours","megawatthours","megawatthours","megawatthours","megawatthours","ratio","megawatthours","megawatthours","megawatthours","megawatthours","megawatthours","megawatthours","megawatthours"
"2020","RI","Rhode Island","57243","0","141860","209258","8695837","4","3251194","409439","33277","4067070","8695833","199103","935746","1.12","8894940","7351541","0","0","8894940","8894940","-11044","megawatthours","megawatthours","megawatthours","megawatthours","megawatthours","megawatthours","megawatthours","megawatthours","megawatthours","megawatthours","megawatthours","megawatthours","megawatthours","ratio","megawatthours","megawatthours","megawatthours","megawatthours","megawatthours","megawatthours","megawatthours"
"2020","SC","South Carolina","3474","851720","1608505","2161982","96916818","93610557","0","4273821",NA,"76737176","2454541","1611979","15471097","1.19","98528797","76737176","0","0","98528797","98528797","-115279","megawatthours","megawatthours","megawatthours","megawatthours","megawatthours","megawatthours","megawatthours","megawatthours","megawatthours","megawatthours","megawatthours","megawatthours","megawatthours","ratio","megawatthours","megawatthours","megawatthours","megawatthours","megawatthours","megawatthours","megawatthours"
"2020","SD","South Dakota","13","0","29288","29793","14117239","9239178","0","707086",NA,"12695845","4878060","29300","732888","1.05","14146539","12695845","0","0","14146539","14146539","-19072","megawatthours","megawatthours","megawatthours","megawatthours","megawatthours","megawatthours","megawatthours","megawatthours","megawatthours","megawatthours","megawatthours","megawatthours","megawatthours","ratio","megawatthours","megawatthours","megawatthours","megawatthours","megawatthours","megawatthours","megawatthours"
"2020","TN","Tennessee","220147","0","2285571","2621141","78060292","77607950","0","5291172","46477","94957411","452342","2505718","-22207471",".78","80566010","95003888","0","0","80566010","80566010","-142720","megawatthours","megawatthours","megawatthours","megawatthours","megawatthours","megawatthours","megawatthours","megawatthours","megawatthours","megawatthours","megawatthours","megawatthours","megawatthours","ratio","megawatthours","megawatthours","megawatthours","megawatthours","megawatthours","megawatthours","megawatthours"
"2020","TX","Texas","606181","43515022","41973648","35665123","430935101","77675639","0","23773836","7592484","419270783","309744440","42579829","-15211871",".97","473669060","426863267","3219961","154130","473514930","473669060","-641256","megawatthours","megawatthours","megawatthours","megawatthours","megawatthours","megawatthours","megawatthours","megawatthours","megawatthours","megawatthours","megawatthours","megawatthours","megawatthours","ratio","megawatthours","megawatthours","megawatthours","megawatthours","megawatthours","megawatthours","megawatthours"
"2020","US","United States","13046064","136940183","143064328","138702540","3853656454","2170316460","558832197","207053152","13944310","3144897974","1546399810","156110392","0","1","4071215709","3717674481","14134679","61448863","4009766846","4071215709","-6349143","megawatthours","megawatthours","megawatthours","megawatthours","megawatthours","megawatthours","megawatthours","megawatthours","megawatthours","megawatthours","megawatthours","megawatthours","megawatthours","ratio","megawatthours","megawatthours","megawatthours","megawatthours","megawatthours","megawatthours","megawatthours"
"2020","UT","Utah","85298","55156","410977","640916","36591034","32526221","0","1763456","2142","31661015","4009657","496275","3067346","1.09","37087309","31663157","0","0","37087309","37087309","-47566","megawatthours","megawatthours","megawatthours","megawatthours","megawatthours","megawatthours","megawatthours","megawatthours","megawatthours","megawatthours","megawatthours","megawatthours","megawatthours","ratio","megawatthours","megawatthours","megawatthours","megawatthours","megawatthours","megawatthours","megawatthours"
"2020","VA","Virginia","363879","1967251","2342859","2748969","100349262","80243866","4429244","6530397",NA,"112825144","18138146","2706738","-23301608",".82","103056001","117254388","0","0","103056001","103056001","-176146","megawatthours","megawatthours","megawatthours","megawatthours","megawatthours","megawatthours","megawatthours","megawatthours","megawatthours","megawatthours","megawatthours","megawatthours","megawatthours","ratio","megawatthours","megawatthours","megawatthours","megawatthours","megawatthours","megawatthours","megawatthours"
"2020","VT","Vermont","2756","0","0","7921","2153652","899954","0","296932","10496","5320962","1253698","2756","10592848","2.88","16221564","5331458","415","14065157","2156407","16221564","-8009","megawatthours","megawatthours","megawatthours","megawatthours","megawatthours","megawatthours","megawatthours","megawatthours","megawatthours","megawatthours","megawatthours","megawatthours","megawatthours","ratio","megawatthours","megawatthours","megawatthours","megawatthours","megawatthours","megawatthours","megawatthours"
"2020","WA","Washington","24125","0","2077449","841296","114012894","100652726","2220372","4829035",NA,"84485772","13360168","2101574","28818941","1.31","122945880","86706144","1880719","6831412","116114468","122945880","-130254","megawatthours","megawatthours","megawatthours","megawatthours","megawatthours","megawatthours","megawatthours","megawatthours","megawatthours","megawatthours","megawatthours","megawatthours","megawatthours","ratio","megawatthours","megawatthours","megawatthours","megawatthours","megawatthours","megawatthours","megawatthours"
"2020","WI","Wisconsin","139527","937443","1652762","1764109","59656256","47373949","0","3756487",NA,"67448361","11344864","1792289","-11419087",".84","61448545","67448361","0","0","61448545","61448545","-101324","megawatthours","megawatthours","megawatthours","megawatthours","megawatthours","megawatthours","megawatthours","megawatthours","megawatthours","megawatthours","megawatthours","megawatthours","megawatthours","ratio","megawatthours","megawatthours","megawatthours","megawatthours","megawatthours","megawatthours","megawatthours"
"2020","WV","West Virginia","0","0","1284598","760925","55376935","40783193","0","1786482",NA,"32076583","14593742","1284598","22085730","1.64","56661533","32076583","0","0","56661533","56661533","-48187","megawatthours","megawatthours","megawatthours","megawatthours","megawatthours","megawatthours","megawatthours","megawatthours","megawatthours","megawatthours","megawatthours","megawatthours","megawatthours","ratio","megawatthours","megawatthours","megawatthours","megawatthours","megawatthours","megawatthours","megawatthours"
"2020","WY","Wyoming","0","0","2007494","1504219","40003495","36693200","0","853850",NA,"15331018","3310295","2007494","24344934","2.38","42010989","15331018","0","0","42010989","42010989","-23031","megawatthours","megawatthours","megawatthours","megawatthours","megawatthours","megawatthours","megawatthours","megawatthours","megawatthours","megawatthours","megawatthours","megawatthours","megawatthours","ratio","megawatthours","megawatthours","megawatthours","megawatthours","megawatthours","megawatthours","megawatthours"
"2019","AK","Alaska","264992","186691","115743","243980","5690108","5447446","0","315518",NA,"5818805","55971","380735","0","1","6070843","5818805","0","0","6070843","6070843","-307460","megawatthours","megawatthours","megawatthours","megawatthours","megawatthours","megawatthours","megawatthours","megawatthours","megawatthours","megawatthours","megawatthours","megawatthours","megawatthours","ratio","megawatthours","megawatthours","megawatthours","megawatthours","megawatthours","megawatthours","megawatthours"
"2019","AL","Alabama","0","3157136","4902592","5159502","137776841","102180494","0","4776859","18167","88076945","32439211","4902592","44428027","1.45","142679433","88095112","0","0","142679433","142679433","219933","megawatthours","megawatthours","megawatthours","megawatthours","megawatthours","megawatthours","megawatthours","megawatthours","megawatthours","megawatthours","megawatthours","megawatthours","megawatthours","ratio","megawatthours","megawatthours","megawatthours","megawatthours","megawatthours","megawatthours","megawatthours"
"2019","AR","Arkansas","56171","1191544","1592068","1343547","62794660","57343374","0","2607791","22798","48070234","4259742","1648239","12278462","1.24","64442898","48093032","0","0","64442898","64442898","120066","megawatthours","megawatthours","megawatthours","megawatthours","megawatthours","megawatthours","megawatthours","megawatthours","megawatthours","megawatthours","megawatthours","megawatthours","megawatthours","ratio","megawatthours","megawatthours","megawatthours","megawatthours","megawatthours","megawatthours","megawatthours"
"2019","AZ","Arizona","152323","59620","0","233619","113399664","96645476","0","4225622","83432","77845738","16694568","152323","30966207","1.37","113551987","77929170","2815","0","113551987","113551987","194553","megawatthours","megawatthours","megawatthours","megawatthours","megawatthours","megawatthours","megawatthours","megawatthours","megawatthours","megawatthours","megawatthours","megawatthours","megawatthours","ratio","megawatthours","megawatthours","megawatthours","megawatthours","megawatthours","megawatthours","megawatthours"
"2019","CA","California","2627180","13237744","13761865","12951845","185395159","82939810","66918218","13576506","1990410","181470082","89217606","16389045","-71031536",".75","208456916","250378710","1956310","6672712","201784204","208456916","625080","megawatthours","megawatthours","megawatthours","megawatthours","megawatthours","megawatthours","megawatthours","megawatthours","megawatthours","megawatthours","megawatthours","megawatthours","megawatthours","ratio","megawatthours","megawatthours","megawatthours","megawatthours","megawatthours","megawatthours","megawatthours"
"2019","CO","Colorado","36068","195099","74649","86056","56227017","43713457","0","3064779","70388","56450435","12318460","110718","-3475030",".94","56337734","56520823","0","0","56337734","56337734","141106","megawatthours","megawatthours","megawatthours","megawatthours","megawatthours","megawatthours","megawatthours","megawatthours","megawatthours","megawatthours","megawatthours","megawatthours","megawatthours","ratio","megawatthours","megawatthours","megawatthours","megawatthours","megawatthours","megawatthours","megawatthours"
"2019","CT","Connecticut","444761","194535","660714","1000623","38944563","98554","14235828","1512846","162274","13501894","38651474","1105475","9566919","1.31","40050038","27899996","0","0","40050038","40050038","69653","megawatthours","megawatthours","megawatthours","megawatthours","megawatthours","megawatthours","megawatthours","megawatthours","megawatthours","megawatthours","megawatthours","megawatthours","megawatthours","ratio","megawatthours","megawatthours","megawatthours","megawatthours","megawatthours","megawatthours","megawatthours"
"2019","DC","District of Columbia","165251","0","0","193535","8829","0","7907359","598003","8829","3112215","8829","165251","-11673394",".01","174080","11028403","0","0","174080","174080","27533","megawatthours","megawatthours","megawatthours","megawatthours","megawatthours","megawatthours","megawatthours","megawatthours","megawatthours","megawatthours","megawatthours","megawatthours","megawatthours","ratio","megawatthours","megawatthours","megawatthours","megawatthours","megawatthours","megawatthours","megawatthours"
"2019","DE","Delaware","5725","103374","1331855","701821","3920958","35107","4159755","621917","11613","7298054","3782477","1337580","-7563255",".41","5258538","11469422","0","0","5258538","5258538","28634","megawatthours","megawatthours","megawatthours","megawatthours","megawatthours","megawatthours","megawatthours","megawatthours","megawatthours","megawatthours","megawatthours","megawatthours","megawatthours","ratio","megawatthours","megawatthours","megawatthours","megawatthours","megawatthours","megawatthours","megawatthours"
"2019","FL","Florida","69530","2059196","5106562","5082631","240427393","229438375","0","13032600","10888","240337067","8929822","5176092","-13459739",".95","245603485","240347955","0","0","245603485","245603485","600038","megawatthours","megawatthours","megawatthours","megawatthours","megawatthours","megawatthours","megawatthours","megawatthours","megawatthours","megawatthours","megawatthours","megawatthours","megawatthours","ratio","megawatthours","megawatthours","megawatthours","megawatthours","megawatthours","megawatthours","megawatthours"
"2019","GA","Georgia","7030","545796","5183729","5162164","123500811","107079418","0","7553441","49753","139251237","15875597","5190758","-23672796",".84","128691569","139300990","0","0","128691569","128691569","347770","megawatthours","megawatthours","megawatthours","megawatthours","megawatthours","megawatthours","megawatthours","megawatthours","megawatthours","megawatthours","megawatthours","megawatthours","megawatthours","ratio","megawatthours","megawatthours","megawatthours","megawatthours","megawatthours","megawatthours","megawatthours"
"2019","HI","Hawaii","413081","2578627","271776","411519","9065142","5251860","0","512572","68254","9384633","1234655","684857","0","1","9749998","9452887","0","0","9749998","9749998","-626980","megawatthours","megawatthours","megawatthours","megawatthours","megawatthours","megawatthours","megawatthours","megawatthours","megawatthours","megawatthours","megawatthours","megawatthours","megawatthours","ratio","megawatthours","megawatthours","megawatthours","megawatthours","megawatthours","megawatthours","megawatthours"
"2019","IA","Iowa","231133","4153","2248490","2384215","60169939","47134860","0","2767758","98458","50944690","13030927","2479623","6327011","1.11","62649563","51043148","0","0","62649563","62649563","127431","megawatthours","megawatthours","megawatthours","megawatthours","megawatthours","megawatthours","megawatthours","megawatthours","megawatthours","megawatthours","megawatthours","megawatthours","megawatthours","ratio","megawatthours","megawatthours","megawatthours","megawatthours","megawatthours","megawatthours","megawatthours"
"2019","ID","Idaho","64586","95588","580235","653384","17762991","11985807","0","1300575",NA,"23985275","5681596","644821","-7591302",".71","18407812","23985275","0","0","18407812","18407812","59880","megawatthours","megawatthours","megawatthours","megawatthours","megawatthours","megawatthours","megawatthours","megawatthours","megawatthours","megawatthours","megawatthours","megawatthours","megawatthours","ratio","megawatthours","megawatthours","megawatthours","megawatthours","megawatthours","megawatthours","megawatthours"
"2019","IL","Illinois","363305","713981","2579622","3700099","181527125","5192373","87876980","7500220","473522","49968979","175620771","2942927","34604932","1.23","184470052","138319481","0","0","184470052","184470052","345320","megawatthours","megawatthours","megawatthours","megawatthours","megawatthours","megawatthours","megawatthours","megawatthours","megawatthours","megawatthours","megawatthours","megawatthours","megawatthours","ratio","megawatthours","megawatthours","megawatthours","megawatthours","megawatthours","megawatthours","megawatthours"
"2019","IN","Indiana","291505","7257740","4390325","7416064","97823551","70436979","0","5536487","22703","102081500","20128832","4681830","-12806280",".89","102505381","102104203","0","0","102505381","102505381","254907","megawatthours","megawatthours","megawatthours","megawatthours","megawatthours","megawatthours","megawatthours","megawatthours","megawatthours","megawatthours","megawatthours","megawatthours","megawatthours","ratio","megawatthours","megawatthours","megawatthours","megawatthours","megawatthours","megawatthours","megawatthours"
"2019","KS","Kansas","16900","0","98473","117259","50772619","31467553","0","2231835",NA,"41159628","19305066","115373","7276513","1.17","50887992","41159628","0","0","50887992","50887992","102757","megawatthours","megawatthours","megawatthours","megawatthours","megawatthours","megawatthours","megawatthours","megawatthours","megawatthours","megawatthours","megawatthours","megawatthours","megawatthours","ratio","megawatthours","megawatthours","megawatthours","megawatthours","megawatthours","megawatthours","megawatthours"
"2019","KY","Kentucky","0","0","511537","317510","71292717","70896610","0","4085519","128106","75217276","396107","511537","-8132260",".9","71804254","75345382","0","0","71804254","71804254","188103","megawatthours","megawatthours","megawatthours","megawatthours","megawatthours","megawatthours","megawatthours","megawatthours","megawatthours","megawatthours","megawatthours","megawatthours","megawatthours","ratio","megawatthours","megawatthours","megawatthours","megawatthours","megawatthours","megawatthours","megawatthours"
"2019","LA","Louisiana","163513","2970427","32186975","21703921","67824274","59912296","0","5049790",NA,"93128525","4941551","32350488","-19939973",".83","100174762","93128525","0","0","100174762","100174762","232499","megawatthours","megawatthours","megawatthours","megawatthours","megawatthours","megawatthours","megawatthours","megawatthours","megawatthours","megawatthours","megawatthours","megawatthours","megawatthours","ratio","megawatthours","megawatthours","megawatthours","megawatthours","megawatthours","megawatthours","megawatthours"
"2019","MA","Massachusetts","605667","1813953","263695","751598","20646274","407062","30410651","2783670","450543","20475404","18425259","869362","-33472275",".39","21527754","51336598","0","12118","21515636","21527754","128164","megawatthours","megawatthours","megawatthours","megawatthours","megawatthours","megawatthours","megawatthours","megawatthours","megawatthours","megawatthours","megawatthours","megawatthours","megawatthours","ratio","megawatthours","megawatthours","megawatthours","megawatthours","megawatthours","megawatthours","megawatthours"
"2019","MD","Maryland","1038871","2204097","146067","1157180","38140658","3358939","30597930","3292510","125486","29997242","32577622","1184938","-25996344",".6","39325595","60720658","0","0","39325595","39325595","151592","megawatthours","megawatthours","megawatthours","megawatthours","megawatthours","megawatthours","megawatthours","megawatthours","megawatthours","megawatthours","megawatthours","megawatthours","megawatthours","ratio","megawatthours","megawatthours","megawatthours","megawatthours","megawatthours","megawatthours","megawatthours"
"2019","ME","Maine","131842","560001","1898119","2172889","8460601","3791","5215556","636157","110754","6405730","7896809","2029961","-59658","1","14546941","11732040","36224","4056379","10490562","14546941","29290","megawatthours","megawatthours","megawatthours","megawatthours","megawatthours","megawatthours","megawatthours","megawatthours","megawatthours","megawatthours","megawatthours","megawatthours","megawatthours","ratio","megawatthours","megawatthours","megawatthours","megawatthours","megawatthours","megawatthours","megawatthours"
"2019","MI","Michigan","728986","15951611","1403267","2340308","114569235","78881960","8911569","5490130","415876","91921848","19735665","2132253","10014406","1.09","122749237","101249293","3402327","6047749","116701488","122749237","252773","megawatthours","megawatthours","megawatthours","megawatthours","megawatthours","megawatthours","megawatthours","megawatthours","megawatthours","megawatthours","megawatthours","megawatthours","megawatthours","ratio","megawatthours","megawatthours","megawatthours","megawatthours","megawatthours","megawatthours","megawatthours"
"2019","MN","Minnesota","190941","876863","1126700","1414542","58061748","44812410","0","3631135","803334","66162260","12372476","1317641","-4919181",".93","67363363","66965594","104091","7983973","59379390","67363363","167182","megawatthours","megawatthours","megawatthours","megawatthours","megawatthours","megawatthours","megawatthours","megawatthours","megawatthours","megawatthours","megawatthours","megawatthours","megawatthours","ratio","megawatthours","megawatthours","megawatthours","megawatthours","megawatthours","megawatthours","megawatthours"
"2019","MO","Missouri","191502","61404","34358","278013","78052891","72581295","0","4275975",NA,"78857775","5410192","225860","-5329883",".94","78278751","78857775","0","0","78278751","78278751","196872","megawatthours","megawatthours","megawatthours","megawatthours","megawatthours","megawatthours","megawatthours","megawatthours","megawatthours","megawatthours","megawatthours","megawatthours","megawatthours","ratio","megawatthours","megawatthours","megawatthours","megawatthours","megawatthours","megawatthours","megawatthours"
"2019","MS","Mississippi","0","0","1891100","1802863","64067660","61365560","0","2654315","5325","48945701","2702100","1891100","12428348","1.23","65958760","48951026","0","0","65958760","65958760","122208","megawatthours","megawatthours","megawatthours","megawatthours","megawatthours","megawatthours","megawatthours","megawatthours","megawatthours","megawatthours","megawatthours","megawatthours","megawatthours","ratio","megawatthours","megawatthours","megawatthours","megawatthours","megawatthours","megawatthours","megawatthours"
"2019","MT","Montana","0","459719","32414","101248","27764665","10707880","3391265","830779",NA,"11930006","16597066","32414","10712298","1.62","27867097","15321271","863251","70018","27797079","27867097","38250","megawatthours","megawatthours","megawatthours","megawatthours","megawatthours","megawatthours","megawatthours","megawatthours","megawatthours","megawatthours","megawatthours","megawatthours","megawatthours","ratio","megawatthours","megawatthours","megawatthours","megawatthours","megawatthours","megawatthours","megawatthours"
"2019","NC","North Carolina","346727","628709","1692405","2007331","129134728","111312377","0","7398065","5039","136430492","17193642","2039132","-15007683",".9","131173861","136435531","0","0","131173861","131173861","340617","megawatthours","megawatthours","megawatthours","megawatthours","megawatthours","megawatthours","megawatthours","megawatthours","megawatthours","megawatthours","megawatthours","megawatthours","megawatthours","ratio","megawatthours","megawatthours","megawatthours","megawatthours","megawatthours","megawatthours","megawatthours"
"2019","ND","North Dakota","78","0","59840","202827","41087406","34191419","0","1169027",NA,"21559255","6895987","59918","18522194","1.77","42457693","21559255","950567","1310369","41147324","42457693","53824","megawatthours","megawatthours","megawatthours","megawatthours","megawatthours","megawatthours","megawatthours","megawatthours","megawatthours","megawatthours","megawatthours","megawatthours","megawatthours","ratio","megawatthours","megawatthours","megawatthours","megawatthours","megawatthours","megawatthours","megawatthours"
"2019","NE","Nebraska","17520","0","347563","458187","36932532","30018492","0","1647495","2913","30380277","6914040","365083","4732891","1.15","37297615","30383190","0","0","37297615","37297615","75853","megawatthours","megawatthours","megawatthours","megawatthours","megawatthours","megawatthours","megawatthours","megawatthours","megawatthours","megawatthours","megawatthours","megawatthours","megawatthours","ratio","megawatthours","megawatthours","megawatthours","megawatthours","megawatthours","megawatthours","megawatthours"
"2019","NH","New Hampshire","64329","0","29838","94461","17932428","934967","5430489","580828",NA,"5281168","16997461","94167","6612907","1.58","18026595","10711657","0","0","18026595","18026595","26742","megawatthours","megawatthours","megawatthours","megawatthours","megawatthours","megawatthours","megawatthours","megawatthours","megawatthours","megawatthours","megawatthours","megawatthours","megawatthours","ratio","megawatthours","megawatthours","megawatthours","megawatthours","megawatthours","megawatthours","megawatthours"
"2019","NJ","New Jersey","703866","6793313","780387","1743747","69534521","144701","33473114","4008051","575748","39867842","62596507","1484253","-8834264",".89","71018774","73916704","0","0","71018774","71018774","184536","megawatthours","megawatthours","megawatthours","megawatthours","megawatthours","megawatthours","megawatthours","megawatthours","megawatthours","megawatthours","megawatthours","megawatthours","megawatthours","ratio","megawatthours","megawatthours","megawatthours","megawatthours","megawatthours","megawatthours","megawatthours"
"2019","NM","New Mexico","109059","29766","4383","152082","35061068","23574888","0","1349098","23179","24856955","11456414","113442","8731082","1.33","35174510","24880134","0","0","35174510","35174510","62114","megawatthours","megawatthours","megawatthours","megawatthours","megawatthours","megawatthours","megawatthours","megawatthours","megawatthours","megawatthours","megawatthours","megawatthours","megawatthours","ratio","megawatthours","megawatthours","megawatthours","megawatthours","megawatthours","megawatthours","megawatthours"
"2019","NV","Nevada","569354","2173161","312236","175107","39008070","27293001","4544790","2005329","109163","32328433","9541908","881590","634510","1.02","39889660","36982386","0","0","39889660","39889660","92328","megawatthours","megawatthours","megawatthours","megawatthours","megawatthours","megawatthours","megawatthours","megawatthours","megawatthours","megawatthours","megawatthours","megawatthours","megawatthours","ratio","megawatthours","megawatthours","megawatthours","megawatthours","megawatthours","megawatthours","megawatthours"
"2019","NY","New York","1277868","11583412","842795","1719945","129482626","34925775","72500434","7895016","765904","72334007","82973439","2120663","-9575095",".94","147889300","145600345","1885592","16286011","131603289","147889300","363497","megawatthours","megawatthours","megawatthours","megawatthours","megawatthours","megawatthours","megawatthours","megawatthours","megawatthours","megawatthours","megawatthours","megawatthours","megawatthours","ratio","megawatthours","megawatthours","megawatthours","megawatthours","megawatthours","megawatthours","megawatthours"
"2019","OH","Ohio","229861","860034","704117","1151108","120616144","14612530","102916799","8053436","220644","45384477","105143581","933979","-36547131",".77","121550123","148521920","0","0","121550123","121550123","370791","megawatthours","megawatthours","megawatthours","megawatthours","megawatthours","megawatthours","megawatthours","megawatthours","megawatthours","megawatthours","megawatthours","megawatthours","megawatthours","ratio","megawatthours","megawatthours","megawatthours","megawatthours","megawatthours","megawatthours","megawatthours"
"2019","OK","Oklahoma","14","0","830243","888870","85555913","42357841","0","3513488","0","64795946","43198072","830257","17026101","1.25","86386170","64795946","0","0","86386170","86386170","161766","megawatthours","megawatthours","megawatthours","megawatthours","megawatthours","megawatthours","megawatthours","megawatthours","megawatthours","megawatthours","megawatthours","megawatthours","megawatthours","ratio","megawatthours","megawatthours","megawatthours","megawatthours","megawatthours","megawatthours","megawatthours"
"2019","OR","Oregon","71441","6207746","570411","509113","61616526","44038392","2672166","2733122","3848","47728372","11370389","641852","8485921","1.16","62258378","50404386","0","0","62258378","62258378","125837","megawatthours","megawatthours","megawatthours","megawatthours","megawatthours","megawatthours","megawatthours","megawatthours","megawatthours","megawatthours","megawatthours","megawatthours","megawatthours","ratio","megawatthours","megawatthours","megawatthours","megawatthours","megawatthours","megawatthours","megawatthours"
"2019","PA","Pennsylvania","398945","7617983","2531986","4815514","226064399","100130","95013802","7893934","43571","50523010","218346286","2930931","70342052","1.44","228995331","145580383","0","0","228995331","228995331","363447","megawatthours","megawatthours","megawatthours","megawatthours","megawatthours","megawatthours","megawatthours","megawatthours","megawatthours","megawatthours","megawatthours","megawatthours","megawatthours","ratio","megawatthours","megawatthours","megawatthours","megawatthours","megawatthours","megawatthours","megawatthours"
"2019","RI","Rhode Island","57472","0","145548","214080","7421383","83","3326922","398541","2428","4020565","7421300","203020","-356482",".96","7624403","7349915","0","0","7624403","7624403","18349","megawatthours","megawatthours","megawatthours","megawatthours","megawatthours","megawatthours","megawatthours","megawatthours","megawatthours","megawatthours","megawatthours","megawatthours","megawatthours","ratio","megawatthours","megawatthours","megawatthours","megawatthours","megawatthours","megawatthours","megawatthours"
"2019","SC","South Carolina","2756","1154384","1577064","2119968","98527684","95689493","0","4349060",NA,"80205620","1683807","1579820","13232619","1.15","100107504","80205620","0","0","100107504","100107504","200237","megawatthours","megawatthours","megawatthours","megawatthours","megawatthours","megawatthours","megawatthours","megawatthours","megawatthours","megawatthours","megawatthours","megawatthours","megawatthours","ratio","megawatthours","megawatthours","megawatthours","megawatthours","megawatthours","megawatthours","megawatthours"
"2019","SD","South Dakota","15","0","12421","12452","14494211","12384881","0","697803",NA,"12868931","2109330","12436","895332","1.07","14506647","12868931","0","0","14506647","14506647","32128","megawatthours","megawatthours","megawatthours","megawatthours","megawatthours","megawatthours","megawatthours","megawatthours","megawatthours","megawatthours","megawatthours","megawatthours","megawatthours","ratio","megawatthours","megawatthours","megawatthours","megawatthours","megawatthours","megawatthours","megawatthours"
"2019","TN","Tennessee","212583","0","2530581","2876917","79583945","79134921","0","5413122","43520","99785580","449024","2743164","-26041257",".76","82327109","99829100","0","0","82327109","82327109","249227","megawatthours","megawatthours","megawatthours","megawatthours","megawatthours","megawatthours","megawatthours","megawatthours","megawatthours","megawatthours","megawatthours","megawatthours","megawatthours","ratio","megawatthours","megawatthours","megawatthours","megawatthours","megawatthours","megawatthours","megawatthours"
"2019","TX","Texas","755293","43502651","43714375","36870287","438731363","85817532","0","23280667","7636693","421706711","309411180","44469668","-11811546",".98","483271526","429343404","4516840","70495","483201031","483271526","1071873","megawatthours","megawatthours","megawatthours","megawatthours","megawatthours","megawatthours","megawatthours","megawatthours","megawatthours","megawatthours","megawatthours","megawatthours","megawatthours","ratio","megawatthours","megawatthours","megawatthours","megawatthours","megawatthours","megawatthours","megawatthours"
"2019","US","United States","13688950","139823636","148537402","143270338","3968347528","2268722543","583431236","206655385","14590585","3213128642","1559801349","162226352","0","1","4189626340","3811150463","20008032","59052461","4130573879","4189626340","8542122","megawatthours","megawatthours","megawatthours","megawatthours","megawatthours","megawatthours","megawatthours","megawatthours","megawatthours","megawatthours","megawatthours","megawatthours","megawatthours","ratio","megawatthours","megawatthours","megawatthours","megawatthours","megawatthours","megawatthours","megawatthours"
"2019","UT","Utah","80063","0","519753","687337","38517218","34770049","0","1688671","4361","31138204","3747169","599816","5520712","1.16","39117033","31142565","0","0","39117033","39117033","77749","megawatthours","megawatthours","megawatthours","megawatthours","megawatthours","megawatthours","megawatthours","megawatthours","megawatthours","megawatthours","megawatthours","megawatthours","megawatthours","ratio","megawatthours","megawatthours","megawatthours","megawatthours","megawatthours","megawatthours","megawatthours"
"2019","VA","Virginia","367971","1528805","2403696","2774097","94055972","74385815","1605588","6422026","13045","116816747","18141353","2771667","-31099543",".76","96827639","118435380","0","0","96827639","96827639","295679","megawatthours","megawatthours","megawatthours","megawatthours","megawatthours","megawatthours","megawatthours","megawatthours","megawatthours","megawatthours","megawatthours","megawatthours","megawatthours","ratio","megawatthours","megawatthours","megawatthours","megawatthours","megawatthours","megawatthours","megawatthours"
"2019","VT","Vermont","3395","0","0","5072","2286403","969962","0","294309","2716","5424948","1316441","3395","10682584","2.86","16423429","5427664","250","14133631","2289798","16423429","13550","megawatthours","megawatthours","megawatthours","megawatthours","megawatthours","megawatthours","megawatthours","megawatthours","megawatthours","megawatthours","megawatthours","megawatthours","megawatthours","ratio","megawatthours","megawatthours","megawatthours","megawatthours","megawatthours","megawatthours","megawatthours"
"2019","WA","Washington","22374","0","2198777","889650","104242457","88466918","2322021","4937236",NA,"88730775","15775539","2221151","5475850","1.05","108872614","91052796","6289765","2409006","106463608","108872614","227317","megawatthours","megawatthours","megawatthours","megawatthours","megawatthours","megawatthours","megawatthours","megawatthours","megawatthours","megawatthours","megawatthours","megawatthours","megawatthours","ratio","megawatthours","megawatthours","megawatthours","megawatthours","megawatthours","megawatthours","megawatthours"
"2019","WI","Wisconsin","137104","920643","1752027","1870723","60885168","48360670","0","3749991",NA,"69157540","11603856","1889131","-12176609",".84","62774299","69157540","0","0","62774299","62774299","172655","megawatthours","megawatthours","megawatthours","megawatthours","megawatthours","megawatthours","megawatthours","megawatthours","megawatthours","megawatthours","megawatthours","megawatthours","megawatthours","ratio","megawatthours","megawatthours","megawatthours","megawatthours","megawatthours","megawatthours","megawatthours"
"2019","WV","West Virginia","0","344130","1246009","774742","62679630","48312222","0","1802782",NA,"33247013","14023278","1246009","28018099","1.78","63925639","33247013","0","0","63925639","63925639","83002","megawatthours","megawatthours","megawatthours","megawatthours","megawatthours","megawatthours","megawatthours","megawatthours","megawatthours","megawatthours","megawatthours","megawatthours","megawatthours","ratio","megawatthours","megawatthours","megawatthours","megawatthours","megawatthours","megawatthours","megawatthours"
"2019","WY","Wyoming","0","0","1338019","1374786","40807637","37606739","0","908982",NA,"16763496","3200898","1338019","23056542","2.21","42145656","16763496","0","0","42145656","42145656","41851","megawatthours","megawatthours","megawatthours","megawatthours","megawatthours","megawatthours","megawatthours","megawatthours","megawatthours","megawatthours","megawatthours","megawatthours","megawatthours","ratio","megawatthours","megawatthours","megawatthours","megawatthours","megawatthours","megawatthours","megawatthours"
"2018","AK","Alaska","328028","177819","110098","236992","5809233","5575087","0","308046",NA,"5972467","56327","438126","0","1","6247989","5972467","0","630","6247359","6247989","-269516","megawatthours","megawatthours","megawatthours","megawatthours","megawatthours","megawatthours","megawatthours","megawatthours","megawatthours","megawatthours","megawatthours","megawatthours","megawatthours","ratio","megawatthours","megawatthours","megawatthours","megawatthours","megawatthours","megawatthours","megawatthours"
"2018","AL","Alabama","0","4864301","4622077","5037015","140435917","102665414","0","4656454","17976","90262480","32906202","4622077","44519671","1.44","145057994","90280456",NA,NA,"145057994","145057994","564398","megawatthours","megawatthours","megawatthours","megawatthours","megawatthours","megawatthours","megawatthours","megawatthours","megawatthours","megawatthours","megawatthours","megawatthours","megawatthours","ratio","megawatthours","megawatthours","megawatthours","megawatthours","megawatthours","megawatthours","megawatthours"
"2018","AR","Arkansas","43584","1325509","1641771","1400990","66313997","59485255","0","2558391","15071","49587637","5503233","1685355","14127166","1.26","67999352","49602708",NA,NA,"67999352","67999352","310097","megawatthours","megawatthours","megawatthours","megawatthours","megawatthours","megawatthours","megawatthours","megawatthours","megawatthours","megawatthours","megawatthours","megawatthours","megawatthours","ratio","megawatthours","megawatthours","megawatthours","megawatthours","megawatthours","megawatthours","megawatthours"
"2018","AZ","Arizona","153732","41296","0","198593","111771413","98448117","0","4040918","78040","78268262","13282000","153732","28883640","1.35","111994787","78346302","35544","69643","111925144","111994787","489790","megawatthours","megawatthours","megawatthours","megawatthours","megawatthours","megawatthours","megawatthours","megawatthours","megawatthours","megawatthours","megawatthours","megawatthours","megawatthours","ratio","megawatthours","megawatthours","megawatthours","megawatthours","megawatthours","megawatthours","megawatthours"
"2018","CA","California","2779121","14910074","13566030","12859245","179120487","75238779","47954696","13163869","1924290","205345286","88971634","16345151","-86652863",".7","201797027","255224272","5606943","6331389","195465638","201797027","1595562","megawatthours","megawatthours","megawatthours","megawatthours","megawatthours","megawatthours","megawatthours","megawatthours","megawatthours","megawatthours","megawatthours","megawatthours","megawatthours","ratio","megawatthours","megawatthours","megawatthours","megawatthours","megawatthours","megawatthours","megawatthours"
"2018","CO","Colorado","26507","204651","75530","75593","55284241","42036600","0","2911583","161624","56288856","13042990","102037","-4403593",".93","55387105","56450480","135","826","55386279","55387105","352906","megawatthours","megawatthours","megawatthours","megawatthours","megawatthours","megawatthours","megawatthours","megawatthours","megawatthours","megawatthours","megawatthours","megawatthours","megawatthours","ratio","megawatthours","megawatthours","megawatthours","megawatthours","megawatthours","megawatthours","megawatthours"
"2018","CT","Connecticut","432822","261724","644445","1007910","38376284","108940","15034880","1487186","131715","13667330","38005620","1077267","8474624","1.27","39983910","28833925","6","530358","39453552","39983910","180258","megawatthours","megawatthours","megawatthours","megawatthours","megawatthours","megawatthours","megawatthours","megawatthours","megawatthours","megawatthours","megawatthours","megawatthours","megawatthours","ratio","megawatthours","megawatthours","megawatthours","megawatthours","megawatthours","megawatthours","megawatthours"
"2018","DC","District of Columbia","79331","0","0","106635","0","0","8203632","585814",NA,"3154278","0","79331","-12039151",".01","82296","11357910","83","2965","79331","82296","71005","megawatthours","megawatthours","megawatthours","megawatthours","megawatthours","megawatthours","megawatthours","megawatthours","megawatthours","megawatthours","megawatthours","megawatthours","megawatthours","ratio","megawatthours","megawatthours","megawatthours","megawatthours","megawatthours","megawatthours","megawatthours"
"2018","DE","Delaware","5803","93314","1073448","721471","5161393","36911","4330375","607229","4246","7438479","5031168","1079251","-6931770",".47","6243717","11773100","86","3073","6240644","6243717","73601","megawatthours","megawatthours","megawatthours","megawatthours","megawatthours","megawatthours","megawatthours","megawatthours","megawatthours","megawatthours","megawatthours","megawatthours","megawatthours","ratio","megawatthours","megawatthours","megawatthours","megawatthours","megawatthours","megawatthours","megawatthours"
"2018","FL","Florida","80386","2179067","5079348","5133102","239092301","227284079","0","12304643","6702","238558689","9629156","5159734","-13242518",".95","244252035","238565391",NA,NA,"244252035","244252035","1491417","megawatthours","megawatthours","megawatthours","megawatthours","megawatthours","megawatthours","megawatthours","megawatthours","megawatthours","megawatthours","megawatthours","megawatthours","megawatthours","ratio","megawatthours","megawatthours","megawatthours","megawatthours","megawatthours","megawatthours","megawatthours"
"2018","GA","Georgia","6911","289511","5237830","5278713","123994630","109170814","0","7213964","55738","139810336","14534305","5244742","-23993767",".84","129239371","139866074",NA,NA,"129239371","129239371","874388","megawatthours","megawatthours","megawatthours","megawatthours","megawatthours","megawatthours","megawatthours","megawatthours","megawatthours","megawatthours","megawatthours","megawatthours","megawatthours","ratio","megawatthours","megawatthours","megawatthours","megawatthours","megawatthours","megawatthours","megawatthours"
"2018","HI","Hawaii","397634","2607156","280675","431799","9118464","5296030","0","481589","30558","9306603","1215278","678309","0","1","9796773","9337161",NA,NA,"9796773","9796773","-453776","megawatthours","megawatthours","megawatthours","megawatthours","megawatthours","megawatthours","megawatthours","megawatthours","megawatthours","megawatthours","megawatthours","megawatthours","megawatthours","ratio","megawatthours","megawatthours","megawatthours","megawatthours","megawatthours","megawatthours","megawatthours"
"2018","IA","Iowa","226800","13015","2109656","2370432","61044113","49513099","0","2641325","2607","51208048","11517999","2336455","6838008","1.12","63380569","51210655",NA,NA,"63380569","63380569","320149","megawatthours","megawatthours","megawatthours","megawatthours","megawatthours","megawatthours","megawatthours","megawatthours","megawatthours","megawatthours","megawatthours","megawatthours","megawatthours","ratio","megawatthours","megawatthours","megawatthours","megawatthours","megawatthours","megawatthours","megawatthours"
"2018","ID","Idaho","50302","98422","522621","582881","17599197","11904458","0","1225150",NA,"23753508","5596317","572923","-7514820",".71","18206086","23753508","10869","33966","18172120","18206086","148498","megawatthours","megawatthours","megawatthours","megawatthours","megawatthours","megawatthours","megawatthours","megawatthours","megawatthours","megawatthours","megawatthours","megawatthours","megawatthours","ratio","megawatthours","megawatthours","megawatthours","megawatthours","megawatthours","megawatthours","megawatthours"
"2018","IL","Illinois","405237","677659","2807239","4109450","184790881","5449803","90375825","7357800","456619","51822364","178663419","3212476","33013081","1.21","188027642","142654808","681","24285","188003357","188027642","891822","megawatthours","megawatthours","megawatthours","megawatthours","megawatthours","megawatthours","megawatthours","megawatthours","megawatthours","megawatthours","megawatthours","megawatthours","megawatthours","ratio","megawatthours","megawatthours","megawatthours","megawatthours","megawatthours","megawatthours","megawatthours"
"2018","IN","Indiana","249985","7042128","4241705","6819691","108968021","84829877","0","5374101","24362","104170014","17096015","4491690","-3506934",".97","113532779","104194376","162","73068","113459711","113532779","651382","megawatthours","megawatthours","megawatthours","megawatthours","megawatthours","megawatthours","megawatthours","megawatthours","megawatthours","megawatthours","megawatthours","megawatthours","megawatthours","ratio","megawatthours","megawatthours","megawatthours","megawatthours","megawatthours","megawatthours","megawatthours"
"2018","KS","Kansas","15600","0","85870","105372","51608743","34517756","0","2168169",NA,"42036979","17090987","101470","7136895","1.16","51710213","42036979",NA,NA,"51710213","51710213","262799","megawatthours","megawatthours","megawatthours","megawatthours","megawatthours","megawatthours","megawatthours","megawatthours","megawatthours","megawatthours","megawatthours","megawatthours","megawatthours","ratio","megawatthours","megawatthours","megawatthours","megawatthours","megawatthours","megawatthours","megawatthours"
"2018","KY","Kentucky","0","0","532681","368558","78271816","77557021","0","3951397","130341","76480295","714795","532681","-2599233",".97","78810465","76610636","167","5968","78804497","78810465","478940","megawatthours","megawatthours","megawatthours","megawatthours","megawatthours","megawatthours","megawatthours","megawatthours","megawatthours","megawatthours","megawatthours","megawatthours","megawatthours","ratio","megawatthours","megawatthours","megawatthours","megawatthours","megawatthours","megawatthours","megawatthours"
"2018","LA","Louisiana","170461","3064512","30639041","19913457","71318982","62152041","0","4857897",NA,"94186072","6102429","30809502","-17417755",".85","102128485","94186072",NA,NA,"102128485","102128485","588814","megawatthours","megawatthours","megawatthours","megawatthours","megawatthours","megawatthours","megawatthours","megawatthours","megawatthours","megawatthours","megawatthours","megawatthours","megawatthours","ratio","megawatthours","megawatthours","megawatthours","megawatthours","megawatthours","megawatthours","megawatthours"
"2018","MA","Massachusetts","641553","1772470","268784","804930","26262545","586513","31815610","2748317","471960","20997459","23903563","910337","-29018363",".49","28153151","53285029","122","980269","27172882","28153151","333117","megawatthours","megawatthours","megawatthours","megawatthours","megawatthours","megawatthours","megawatthours","megawatthours","megawatthours","megawatthours","megawatthours","megawatthours","megawatthours","ratio","megawatthours","megawatthours","megawatthours","megawatthours","megawatthours","megawatthours","megawatthours"
"2018","MD","Maryland","839887","2682824","243613","1054698","42726148","3796556","31779510","3202274","82115","30224830","36246768","1083500","-22906163",".66","43825858","62086455","455","16210","43809648","43825858","388140","megawatthours","megawatthours","megawatthours","megawatthours","megawatthours","megawatthours","megawatthours","megawatthours","megawatthours","megawatthours","megawatthours","megawatthours","megawatthours","ratio","megawatthours","megawatthours","megawatthours","megawatthours","megawatthours","megawatthours","megawatthours"
"2018","ME","Maine","165415","598625","1806801","2032518","9308484","19","5791947","637233","102613","6460259","8709840","1972216","423126","1.03","15629460","12354819","104527","4348760","11280700","15629460","77237","megawatthours","megawatthours","megawatthours","megawatthours","megawatthours","megawatthours","megawatthours","megawatthours","megawatthours","megawatthours","megawatthours","megawatthours","megawatthours","ratio","megawatthours","megawatthours","megawatthours","megawatthours","megawatthours","megawatthours","megawatthours"
"2018","MI","Michigan","867486","14582738","1323981","2528022","113645628","81450131","8870771","5408922","430721","95568004","17612759","2191467","8861806","1.08","122377144","104869496","53295","6540049","115837095","122377144","655603","megawatthours","megawatthours","megawatthours","megawatthours","megawatthours","megawatthours","megawatthours","megawatthours","megawatthours","megawatthours","megawatthours","megawatthours","megawatthours","ratio","megawatthours","megawatthours","megawatthours","megawatthours","megawatthours","megawatthours","megawatthours"
"2018","MN","Minnesota","193037","771360","1331470","1485718","59992934","48577299","0","3543817","761551","67946831","10644276","1524507","-8798333",".88","65718064","68708382","348942","4200623","61517441","65718064","429538","megawatthours","megawatthours","megawatthours","megawatthours","megawatthours","megawatthours","megawatthours","megawatthours","megawatthours","megawatthours","megawatthours","megawatthours","megawatthours","ratio","megawatthours","megawatthours","megawatthours","megawatthours","megawatthours","megawatthours","megawatthours"
"2018","MO","Missouri","174501","84107","42676","276831","84878207","79780367","0","4232247",NA,"82055835","5013733","217177","-1982510",".98","85095384","82055835",NA,NA,"85095384","85095384","512981","megawatthours","megawatthours","megawatthours","megawatthours","megawatthours","megawatthours","megawatthours","megawatthours","megawatthours","megawatthours","megawatthours","megawatthours","megawatthours","ratio","megawatthours","megawatthours","megawatthours","megawatthours","megawatthours","megawatthours","megawatthours"
"2018","MS","Mississippi","0","0","1914768","1842491","61559003","53310877","0","2599001","6128","50383940","8248126","1914768","8327192","1.15","63473771","50390068",NA,NA,"63473771","63473771","315019","megawatthours","megawatthours","megawatthours","megawatthours","megawatthours","megawatthours","megawatthours","megawatthours","megawatthours","megawatthours","megawatthours","megawatthours","megawatthours","ratio","megawatthours","megawatthours","megawatthours","megawatthours","megawatthours","megawatthours","megawatthours"
"2018","MT","Montana","0","442910","35676","98302","28177155","12087481","3036182","765353",NA,"11802663","15646764","35676","11924265","1.73","28268428","14838845","548897","55597","28212831","28268428","92767","megawatthours","megawatthours","megawatthours","megawatthours","megawatthours","megawatthours","megawatthours","megawatthours","megawatthours","megawatthours","megawatthours","megawatthours","megawatthours","ratio","megawatthours","megawatthours","megawatthours","megawatthours","megawatthours","megawatthours","megawatthours"
"2018","NC","North Carolina","331534","609858","1789551","2112054","132128413","117492427","0","7132540","5032","138282372","14026127","2121084","-14145558",".9","134251000","138287404","42","1503","134249497","134251000","864518","megawatthours","megawatthours","megawatthours","megawatthours","megawatthours","megawatthours","megawatthours","megawatthours","megawatthours","megawatthours","megawatthours","megawatthours","megawatthours","ratio","megawatthours","megawatthours","megawatthours","megawatthours","megawatthours","megawatthours","megawatthours"
"2018","ND","North Dakota","2921","0","62356","182019","42550044","35946425","0","1066085",NA,"20669506","6603619","65277","21582410","1.97","43778973","20669506","149736","1163652","42615321","43778973","129218","megawatthours","megawatthours","megawatthours","megawatthours","megawatthours","megawatthours","megawatthours","megawatthours","megawatthours","megawatthours","megawatthours","megawatthours","megawatthours","ratio","megawatthours","megawatthours","megawatthours","megawatthours","megawatthours","megawatthours","megawatthours"
"2018","NE","Nebraska","18229","0","373842","492206","36574145","31166766","0","1595786","2631","30936861","5407379","392071","3709745","1.11","36978442","30939492","47791","12226","36966216","36978442","193422","megawatthours","megawatthours","megawatthours","megawatthours","megawatthours","megawatthours","megawatthours","megawatthours","megawatthours","megawatthours","megawatthours","megawatthours","megawatthours","ratio","megawatthours","megawatthours","megawatthours","megawatthours","megawatthours","megawatthours","megawatthours"
"2018","NH","New Hampshire","68746","0","30906","113833","16987504","1416634","5716926","569741",NA,"5329358","15570870","99652","5491419","1.47","17290336","11046284","2","203180","17087156","17290336","69057","megawatthours","megawatthours","megawatthours","megawatthours","megawatthours","megawatthours","megawatthours","megawatthours","megawatthours","megawatthours","megawatthours","megawatthours","megawatthours","ratio","megawatthours","megawatthours","megawatthours","megawatthours","megawatthours","megawatthours","megawatthours"
"2018","NJ","New Jersey","601790","6977606","704458","1503967","73727351","125350","35597868","3920766","469951","39948943","66624395","1306249","-6860796",".92","75056481","76016762","555","22881","75033600","75056481","475227","megawatthours","megawatthours","megawatthours","megawatthours","megawatthours","megawatthours","megawatthours","megawatthours","megawatthours","megawatthours","megawatthours","megawatthours","megawatthours","ratio","megawatthours","megawatthours","megawatthours","megawatthours","megawatthours","megawatthours","megawatthours"
"2018","NM","New Mexico","107093","34204","23730","184972","32542859","21112259","0","1240371","18974","24029637","11396396","130823","7052369","1.28","32677725","24048611","1060","4043","32673682","32677725","150342","megawatthours","megawatthours","megawatthours","megawatthours","megawatthours","megawatthours","megawatthours","megawatthours","megawatthours","megawatthours","megawatthours","megawatthours","megawatthours","ratio","megawatthours","megawatthours","megawatthours","megawatthours","megawatthours","megawatthours","megawatthours"
"2018","NV","Nevada","159414","2146536","332233","161998","39148594","27481530","4818105","1948617","108185","32853973","9520528","491647","-449198",".99","39686561","37780263","8694","46320","39640241","39686561","236187","megawatthours","megawatthours","megawatthours","megawatthours","megawatthours","megawatthours","megawatthours","megawatthours","megawatthours","megawatthours","megawatthours","megawatthours","megawatthours","ratio","megawatthours","megawatthours","megawatthours","megawatthours","megawatthours","megawatthours","megawatthours"
"2018","NY","New York","1311587","12817947","908000","1881954","130300913","35659945","76637894","7733030","755855","72536102","81823021","2219588","-12407177",".92","148213143","149929851","138183","15692642","132520501","148213143","937302","megawatthours","megawatthours","megawatthours","megawatthours","megawatthours","megawatthours","megawatthours","megawatthours","megawatthours","megawatthours","megawatthours","megawatthours","megawatthours","ratio","megawatthours","megawatthours","megawatthours","megawatthours","megawatthours","megawatthours","megawatthours"
"2018","OH","Ohio","256457","856807","676160","1193347","127004671","19377024","106086381","7887005","207562","46621224","106770840","932617","-34933055",".79","128019549","152915167","1119","82261","127937288","128019549","955965","megawatthours","megawatthours","megawatthours","megawatthours","megawatthours","megawatthours","megawatthours","megawatthours","megawatthours","megawatthours","megawatthours","megawatthours","megawatthours","ratio","megawatthours","megawatthours","megawatthours","megawatthours","megawatthours","megawatthours","megawatthours"
"2018","OK","Oklahoma","15","2001324","886794","1290067","86294593","42825248","0","3330643","0","64575316","41468021","886809","17581676","1.25","87181402","64575316",NA,NA,"87181402","87181402","403699","megawatthours","megawatthours","megawatthours","megawatthours","megawatthours","megawatthours","megawatthours","megawatthours","megawatthours","megawatthours","megawatthours","megawatthours","megawatthours","ratio","megawatthours","megawatthours","megawatthours","megawatthours","megawatthours","megawatthours","megawatthours"
"2018","OR","Oregon","73926","5123590","609335","503543","63430299","47020281","2594118","2544114","6328","46725458","11286428","683261","11865841","1.22","64657755","49325904","109987","544195","64113560","64657755","308366","megawatthours","megawatthours","megawatthours","megawatthours","megawatthours","megawatthours","megawatthours","megawatthours","megawatthours","megawatthours","megawatthours","megawatthours","megawatthours","ratio","megawatthours","megawatthours","megawatthours","megawatthours","megawatthours","megawatthours","megawatthours"
"2018","PA","Pennsylvania","373025","8391946","2727845","5388503","212284960","150619","99153941","7683870","14267","49808523","203742395","3100870","52449384","1.32","215442173","148976731","12341","56343","215385830","215442173","931344","megawatthours","megawatthours","megawatthours","megawatthours","megawatthours","megawatthours","megawatthours","megawatthours","megawatthours","megawatthours","megawatthours","megawatthours","megawatthours","ratio","megawatthours","megawatthours","megawatthours","megawatthours","megawatthours","megawatthours","megawatthours"
"2018","RI","Rhode Island","58571","0","146201","213519","8170485","44","3473573","391131","1616","4108150","8170441","204772","279343","1.03","8514741","7583339","1","139484","8375257","8514741","47408","megawatthours","megawatthours","megawatthours","megawatthours","megawatthours","megawatthours","megawatthours","megawatthours","megawatthours","megawatthours","megawatthours","megawatthours","megawatthours","ratio","megawatthours","megawatthours","megawatthours","megawatthours","megawatthours","megawatthours","megawatthours"
"2018","SC","South Carolina","2602","616640","1701870","2275751","97659616","94057567","0","4210858",NA,"81641138","2985409","1704472","10725952","1.12","99364088","81641138",NA,NA,"99364088","99364088","510388","megawatthours","megawatthours","megawatthours","megawatthours","megawatthours","megawatthours","megawatthours","megawatthours","megawatthours","megawatthours","megawatthours","megawatthours","megawatthours","ratio","megawatthours","megawatthours","megawatthours","megawatthours","megawatthours","megawatthours","megawatthours"
"2018","SD","South Dakota","16","0","0","40","12616380","10628359","0","663131",NA,"12856938","1988021","16","-984090",".93","12616396","12856938",NA,NA,"12616396","12616396","80377","megawatthours","megawatthours","megawatthours","megawatthours","megawatthours","megawatthours","megawatthours","megawatthours","megawatthours","megawatthours","megawatthours","megawatthours","megawatthours","ratio","megawatthours","megawatthours","megawatthours","megawatthours","megawatthours","megawatthours","megawatthours"
"2018","TN","Tennessee","228945","0","2183259","2487343","79142713","78854061","0","5307917","43472","102867711","288652","2412204","-29794887",".73","81554917","102911183",NA,NA,"81554917","81554917","643360","megawatthours","megawatthours","megawatthours","megawatthours","megawatthours","megawatthours","megawatthours","megawatthours","megawatthours","megawatthours","megawatthours","megawatthours","megawatthours","ratio","megawatthours","megawatthours","megawatthours","megawatthours","megawatthours","megawatthours","megawatthours"
"2018","TX","Texas","743060","40650047","44578983","38490458","432030382","92964516","0","21890517","7618499","416800129","298415819","45322042","-5432117",".99","483184603","424418628","1163819","5832178","477352425","483184603","2653298","megawatthours","megawatthours","megawatthours","megawatthours","megawatthours","megawatthours","megawatthours","megawatthours","megawatthours","megawatthours","megawatthours","megawatthours","megawatthours","ratio","megawatthours","megawatthours","megawatthours","megawatthours","megawatthours","megawatthours","megawatthours"
"2018","US","United States","13312386","142681796","146798381","143903731","4020876936","2339959902","584077437","199047717","14163721","3260944103","1538235238","160110767","0","1","4239248290","3859185261","13804492","58260602","4180987703","4239248305","23307104","megawatthours","megawatthours","megawatthours","megawatthours","megawatthours","megawatthours","megawatthours","megawatthours","megawatthours","megawatthours","megawatthours","megawatthours","megawatthours","ratio","megawatthours","megawatthours","megawatthours","megawatthours","megawatthours","megawatthours","megawatthours"
"2018","UT","Utah","79088","0","592382","755713","38703954","34900905","0","1611410","4657","31237751","3803049","671470","5609218","1.17","39415019","31242408","955","39595","39375424","39415019","195315","megawatthours","megawatthours","megawatthours","megawatthours","megawatthours","megawatthours","megawatthours","megawatthours","megawatthours","megawatthours","megawatthours","megawatthours","megawatthours","ratio","megawatthours","megawatthours","megawatthours","megawatthours","megawatthours","megawatthours","megawatthours"
"2018","VA","Virginia","381651","1517249","2484416","2789651","92643054","72378588","776476","6094743","5661","117384211","18747217","2866067","-32250714",".75","95539613","118166348","856","30492","95509121","95539613","738729","megawatthours","megawatthours","megawatthours","megawatthours","megawatthours","megawatthours","megawatthours","megawatthours","megawatthours","megawatthours","megawatthours","megawatthours","megawatthours","ratio","megawatthours","megawatthours","megawatthours","megawatthours","megawatthours","megawatthours","megawatthours"
"2018","VT","Vermont","3444","0","0","9682","2175471","855518","0","285273","2474","5528474","1319953","3444","6038357","2.03","11905277","5530948","6440","9726362","2178915","11905277","34577","megawatthours","megawatthours","megawatthours","megawatthours","megawatthours","megawatthours","megawatthours","megawatthours","megawatthours","megawatthours","megawatthours","megawatthours","megawatthours","ratio","megawatthours","megawatthours","megawatthours","megawatthours","megawatthours","megawatthours","megawatthours"
"2018","WA","Washington","31578","899661","1362985","987941","115362165","101638299","2028727","4642287",NA,"87977064","12824205","1394563","16546263","1.16","118192059","90005791","5447095","1435330","116756729","118192059","562681","megawatthours","megawatthours","megawatthours","megawatthours","megawatthours","megawatthours","megawatthours","megawatthours","megawatthours","megawatthours","megawatthours","megawatthours","megawatthours","ratio","megawatthours","megawatthours","megawatthours","megawatthours","megawatthours","megawatthours","megawatthours"
"2018","WI","Wisconsin","144573","867925","1795718","1937935","63996513","51294228","0","3659927",NA,"70959549","11834360","1940291","-11064219",".86","65936803","70959549",NA,NA,"65936803","65936803","443611","megawatthours","megawatthours","megawatthours","megawatthours","megawatthours","megawatthours","megawatthours","megawatthours","megawatthours","megawatthours","megawatthours","megawatthours","megawatthours","ratio","megawatthours","megawatthours","megawatthours","megawatthours","megawatthours","megawatthours","megawatthours"
"2018","WV","West Virginia","0","385266","1064994","473128","66184031","49799036","0","1735424",NA,"33646813","15999729","1064994","31191852","1.86","67257809","33646813","246","8784","67249025","67257809","210347","megawatthours","megawatthours","megawatthours","megawatthours","megawatthours","megawatthours","megawatthours","megawatthours","megawatthours","megawatthours","megawatthours","megawatthours","megawatthours","ratio","megawatthours","megawatthours","megawatthours","megawatthours","megawatthours","megawatthours","megawatthours"
"2018","WY","Wyoming","0","0","1524526","1592698","44587610","41954949","0","869841",NA,"16864678","2632661","1524526","26676287","2.37","46113573","16864678","4638","1437","46112136","46113573","105431","megawatthours","megawatthours","megawatthours","megawatthours","megawatthours","megawatthours","megawatthours","megawatthours","megawatthours","megawatthours","megawatthours","megawatthours","megawatthours","ratio","megawatthours","megawatthours","megawatthours","megawatthours","megawatthours","megawatthours","megawatthours"
"2017","AK","Alaska","335453","180906","107854","232275","6054159","5822931","0","336498",NA,"6185799","50322","443307","0","1","6498252","6185799","0","786","6497466","6498252","-256320","megawatthours","megawatthours","megawatthours","megawatthours","megawatthours","megawatthours","megawatthours","megawatthours","megawatthours","megawatthours","megawatthours","megawatthours","megawatthours","ratio","megawatthours","megawatthours","megawatthours","megawatthours","megawatthours","megawatthours","megawatthours"
"2017","AL","Alabama","0","4245625","4437372","4928261","135526878","101709381","0","4691415","876","86240854","29571872","4437372","43501825","1.45","139964250","86241730","0","0","139964250","139964250","601020","megawatthours","megawatthours","megawatthours","megawatthours","megawatthours","megawatthours","megawatthours","megawatthours","megawatthours","megawatthours","megawatthours","megawatthours","megawatthours","ratio","megawatthours","megawatthours","megawatthours","megawatthours","megawatthours","megawatthours","megawatthours"
"2017","AR","Arkansas","43304","1201212","1660195","1395048","59071717","54209258","0","2507003","14628","46071323","3661247","1703500","10466040","1.21","60775216","46085951","0","0","60775216","60775216","321173","megawatthours","megawatthours","megawatthours","megawatthours","megawatthours","megawatthours","megawatthours","megawatthours","megawatthours","megawatthours","megawatthours","megawatthours","megawatthours","ratio","megawatthours","megawatthours","megawatthours","megawatthours","megawatthours","megawatthours","megawatthours"
"2017","AZ","Arizona","166143","13363","0","200818","105685622","91623406","0","4223835","72752","77573510","14048853","166143","23299188","1.28","105912378","77646262","1158","60613","105851765","105912378","541118","megawatthours","megawatthours","megawatthours","megawatthours","megawatthours","megawatthours","megawatthours","megawatthours","megawatthours","megawatthours","megawatthours","megawatthours","megawatthours","ratio","megawatthours","megawatthours","megawatthours","megawatthours","megawatthours","megawatthours","megawatthours"
"2017","CA","California","2867260","15865433","13515150","12794860","189764110","90422390","36314488","13994972","1936875","219016574","83476287","16382410","-65460858",".77","220849038","257267937","459224","14702518","206146520","220849038","1792903","megawatthours","megawatthours","megawatthours","megawatthours","megawatthours","megawatthours","megawatthours","megawatthours","megawatthours","megawatthours","megawatthours","megawatthours","megawatthours","ratio","megawatthours","megawatthours","megawatthours","megawatthours","megawatthours","megawatthours","megawatthours"
"2017","CO","Colorado","30509","209418","74392","76519","53739101","41470730","0","2982676","166595","54663591","12058953","104901","-4427492",".92","53844002","54830186","0","0","53844002","53844002","382112","megawatthours","megawatthours","megawatthours","megawatthours","megawatthours","megawatthours","megawatthours","megawatthours","megawatthours","megawatthours","megawatthours","megawatthours","megawatthours","ratio","megawatthours","megawatthours","megawatthours","megawatthours","megawatthours","megawatthours","megawatthours"
"2017","CT","Connecticut","422813","221348","615832","981617","33524009","98350","15617204","1530529","115685","12402641","33204311","1038645","4246130","1.14","35089883","28135530","0","527229","34562654","35089883","196077","megawatthours","megawatthours","megawatthours","megawatthours","megawatthours","megawatthours","megawatthours","megawatthours","megawatthours","megawatthours","megawatthours","megawatthours","megawatthours","ratio","megawatthours","megawatthours","megawatthours","megawatthours","megawatthours","megawatthours","megawatthours"
"2017","DC","District of Columbia","66871","0","0","94626","0","0","8019652","593838",NA,"2896794","0","66871","-11607854",".01","73135","10916446","3","6264","66871","73135","76077","megawatthours","megawatthours","megawatthours","megawatthours","megawatthours","megawatthours","megawatthours","megawatthours","megawatthours","megawatthours","megawatthours","megawatthours","megawatthours","ratio","megawatthours","megawatthours","megawatthours","megawatthours","megawatthours","megawatthours","megawatthours"
"2017","DE","Delaware","6417","72227","1161407","802677","6328152","23760","4245188","605379","1198","6882217","6232166","1167824","-5100479",".6","7513738","11128603","3","17762","7495976","7513738","77555","megawatthours","megawatthours","megawatthours","megawatthours","megawatthours","megawatthours","megawatthours","megawatthours","megawatthours","megawatthours","megawatthours","megawatthours","megawatthours","ratio","megawatthours","megawatthours","megawatthours","megawatthours","megawatthours","megawatthours","megawatthours"
"2017","FL","Florida","71665","3095746","5188148","5237389","233153624","222272234","0","12683241","2101","233152448","7785644","5259812","-14286599",".94","238413437","233154549","0","0","238413437","238413437","1624857","megawatthours","megawatthours","megawatthours","megawatthours","megawatthours","megawatthours","megawatthours","megawatthours","megawatthours","megawatthours","megawatthours","megawatthours","megawatthours","ratio","megawatthours","megawatthours","megawatthours","megawatthours","megawatthours","megawatthours","megawatthours"
"2017","GA","Georgia","5612","358256","5062759","5111630","122386943","107178796","0","7259830","25218","133431402","14849891","5068371","-19302827",".87","127455314","133456620","0","0","127455314","127455314","930061","megawatthours","megawatthours","megawatthours","megawatthours","megawatthours","megawatthours","megawatthours","megawatthours","megawatthours","megawatthours","megawatthours","megawatthours","megawatthours","ratio","megawatthours","megawatthours","megawatthours","megawatthours","megawatthours","megawatthours","megawatthours"
"2017","HI","Hawaii","372839","2725444","292364","668313","9147765","5222562","0","507222","21421","9302780","1199759","665203","0","1","9812968","9324201","0","0","9812968","9812968","-686768","megawatthours","megawatthours","megawatthours","megawatthours","megawatthours","megawatthours","megawatthours","megawatthours","megawatthours","megawatthours","megawatthours","megawatthours","megawatthours","ratio","megawatthours","megawatthours","megawatthours","megawatthours","megawatthours","megawatthours","megawatthours"
"2017","IA","Iowa","210191","9046","2003135","2292128","55696240","43189067","0","2661280",NA,"48921997","12498127","2213326","3693223","1.07","57909566","48921997","0","0","57909566","57909566","340938","megawatthours","megawatthours","megawatthours","megawatthours","megawatthours","megawatthours","megawatthours","megawatthours","megawatthours","megawatthours","megawatthours","megawatthours","megawatthours","ratio","megawatthours","megawatthours","megawatthours","megawatthours","megawatthours","megawatthours","megawatthours"
"2017","ID","Idaho","51694","95071","529738","618281","16814592","11447344","0","1294345",NA,"23793790","5272177","581432","-8461102",".67","17415274","23793790","4141","19250","17396024","17415274","165819","megawatthours","megawatthours","megawatthours","megawatthours","megawatthours","megawatthours","megawatthours","megawatthours","megawatthours","megawatthours","megawatthours","megawatthours","megawatthours","ratio","megawatthours","megawatthours","megawatthours","megawatthours","megawatthours","megawatthours","megawatthours"
"2017","IL","Illinois","433008","692146","2739342","4132455","180419222","5066477","87812089","7463264","455973","48928248","174660599","3172349","33845590","1.23","183593769","137196310","27","2198","183591571","183593769","956123","megawatthours","megawatthours","megawatthours","megawatthours","megawatthours","megawatthours","megawatthours","megawatthours","megawatthours","megawatthours","megawatthours","megawatthours","megawatthours","ratio","megawatthours","megawatthours","megawatthours","megawatthours","megawatthours","megawatthours","megawatthours"
"2017","IN","Indiana","264985","4983233","3655564","4958199","95009269","77340014","0","5383593","25656","98940312","12686022","3920550","-11054635",".9","98942827","98965968","7","13009","98929818","98942827","689695","megawatthours","megawatthours","megawatthours","megawatthours","megawatthours","megawatthours","megawatthours","megawatthours","megawatthours","megawatthours","megawatthours","megawatthours","megawatthours","ratio","megawatthours","megawatthours","megawatthours","megawatthours","megawatthours","megawatthours","megawatthours"
"2017","KS","Kansas","14974","0","42785","53990","50875538","33850129","0","2191592",NA,"40287787","17025409","57759","8119245","1.19","50933380","40287787","0","84","50933296","50933380","280766","megawatthours","megawatthours","megawatthours","megawatthours","megawatthours","megawatthours","megawatthours","megawatthours","megawatthours","megawatthours","megawatthours","megawatthours","megawatthours","ratio","megawatthours","megawatthours","megawatthours","megawatthours","megawatthours","megawatthours","megawatthours"
"2017","KY","Kentucky","0","0","619070","414612","72560126","72105628","0","3951197","131349","72503038","454498","619070","-4325041",".94","73181352","72634387","7","2156","73179196","73181352","506190","megawatthours","megawatthours","megawatthours","megawatthours","megawatthours","megawatthours","megawatthours","megawatthours","megawatthours","megawatthours","megawatthours","megawatthours","megawatthours","ratio","megawatthours","megawatthours","megawatthours","megawatthours","megawatthours","megawatthours","megawatthours"
"2017","LA","Louisiana","136867","3102168","30811590","21974896","66770755","56686344","0","4961460",NA,"91205935","6982243","30948458","-21058693",".82","97719213","91205935","0","0","97719213","97719213","635615","megawatthours","megawatthours","megawatthours","megawatthours","megawatthours","megawatthours","megawatthours","megawatthours","megawatthours","megawatthours","megawatthours","megawatthours","megawatthours","ratio","megawatthours","megawatthours","megawatthours","megawatthours","megawatthours","megawatthours","megawatthours"
"2017","MA","Massachusetts","547791","2292963","267700","1049368","31388625","545548","30615789","2856642","478193","21419339","28550114","815490","-24436850",".57","32348447","52513321","0","144332","32204115","32348447","365966","megawatthours","megawatthours","megawatthours","megawatthours","megawatthours","megawatthours","megawatthours","megawatthours","megawatthours","megawatthours","megawatthours","megawatthours","megawatthours","ratio","megawatthours","megawatthours","megawatthours","megawatthours","megawatthours","megawatthours","megawatthours"
"2017","MD","Maryland","542814","2237527","283146","588866","33278120","256006","31121482","3226038","92454","28089949","30784587","825960","-29423793",".54","34108304","59303885","18","4224","34104080","34108304","413289","megawatthours","megawatthours","megawatthours","megawatthours","megawatthours","megawatthours","megawatthours","megawatthours","megawatthours","megawatthours","megawatthours","megawatthours","megawatthours","ratio","megawatthours","megawatthours","megawatthours","megawatthours","megawatthours","megawatthours","megawatthours"
"2017","ME","Maine","214687","580868","1842669","2110846","9206924","86","5186183","610006","1060","6026431","8625970","2057356","1648191","1.12","15728397","11213674","67532","4464117","11264280","15728397","78148","megawatthours","megawatthours","megawatthours","megawatthours","megawatthours","megawatthours","megawatthours","megawatthours","megawatthours","megawatthours","megawatthours","megawatthours","megawatthours","ratio","megawatthours","megawatthours","megawatthours","megawatthours","megawatthours","megawatthours","megawatthours"
"2017","MI","Michigan","831057","12629847","1320290","2399105","110162154","79938707","8906962","5543151","403159","92588972","17593600","2151347","7467515","1.07","118048468","101899093","29468","5734967","112313501","118048468","710136","megawatthours","megawatthours","megawatthours","megawatthours","megawatthours","megawatthours","megawatthours","megawatthours","megawatthours","megawatthours","megawatthours","megawatthours","megawatthours","ratio","megawatthours","megawatthours","megawatthours","megawatthours","megawatthours","megawatthours","megawatthours"
"2017","MN","Minnesota","183772","632095","1496819","1433344","57068240","45689793","0","3652995","970560","66182020","10746352","1680592","-6759806",".91","66012478","67152580","65379","7263647","58748831","66012478","467987","megawatthours","megawatthours","megawatthours","megawatthours","megawatthours","megawatthours","megawatthours","megawatthours","megawatthours","megawatthours","megawatthours","megawatthours","megawatthours","ratio","megawatthours","megawatthours","megawatthours","megawatthours","megawatthours","megawatthours","megawatthours"
"2017","MO","Missouri","174556","61601","46185","287574","84385990","81060603","0","4159381",NA,"76461419","3263785","220741","3165496","1.04","84606731","76461419","0","0","84606731","84606731","532860","megawatthours","megawatthours","megawatthours","megawatthours","megawatthours","megawatthours","megawatthours","megawatthours","megawatthours","megawatthours","megawatthours","megawatthours","megawatthours","ratio","megawatthours","megawatthours","megawatthours","megawatthours","megawatthours","megawatthours","megawatthours"
"2017","MS","Mississippi","5358","0","1921023","1848406","57801256","51510004","0","2601811","5843","47822944","6291252","1926381","7115313","1.14","59727637","47828787","0","0","59727637","59727637","333319","megawatthours","megawatthours","megawatthours","megawatthours","megawatthours","megawatthours","megawatthours","megawatthours","megawatthours","megawatthours","megawatthours","megawatthours","megawatthours","ratio","megawatthours","megawatthours","megawatthours","megawatthours","megawatthours","megawatthours","megawatthours"
"2017","MT","Montana","0","459443","31235","101243","28189711","11544986","2780450","800182",NA,"11929206","16185282","31235","12698707","1.8","28483874","14709656","71574","262928","28220946","28483874","102512","megawatthours","megawatthours","megawatthours","megawatthours","megawatthours","megawatthours","megawatthours","megawatthours","megawatthours","megawatthours","megawatthours","megawatthours","megawatthours","ratio","megawatthours","megawatthours","megawatthours","megawatthours","megawatthours","megawatthours","megawatthours"
"2017","NC","North Carolina","356751","637184","1886016","2197692","126225350","114362106","0","7149113","4044","131417275","11226060","2242767","-13214812",".91","128469191","131421319","2","1074","128468117","128469191","915877","megawatthours","megawatthours","megawatthours","megawatthours","megawatthours","megawatthours","megawatthours","megawatthours","megawatthours","megawatthours","megawatthours","megawatthours","megawatthours","ratio","megawatthours","megawatthours","megawatthours","megawatthours","megawatthours","megawatthours","megawatthours"
"2017","ND","North Dakota","34","0","160339","174685","41344701","34636836","0","1095608",NA,"20140426","6707865","160373","22089089","2.02","43664730","20140426","24563","2159656","41505074","43664730","140359","megawatthours","megawatthours","megawatthours","megawatthours","megawatthours","megawatthours","megawatthours","megawatthours","megawatthours","megawatthours","megawatthours","megawatthours","megawatthours","ratio","megawatthours","megawatthours","megawatthours","megawatthours","megawatthours","megawatthours","megawatthours"
"2017","NE","Nebraska","18741","0","360411","448865","35027830","30094518","0","1651482","2787","30356220","4933312","379152","2740593","1.08","35412333","30359007","813","5351","35406982","35412333","211572","megawatthours","megawatthours","megawatthours","megawatthours","megawatthours","megawatthours","megawatthours","megawatthours","megawatthours","megawatthours","megawatthours","megawatthours","megawatthours","ratio","megawatthours","megawatthours","megawatthours","megawatthours","megawatthours","megawatthours","megawatthours"
"2017","NH","New Hampshire","69632","0","29533","105111","17347676","974874","5676229","586810",NA,"5111032","16372802","99165","6030863","1.52","17585222","10787261","0","138381","17446841","17585222","75177","megawatthours","megawatthours","megawatthours","megawatthours","megawatthours","megawatthours","megawatthours","megawatthours","megawatthours","megawatthours","megawatthours","megawatthours","megawatthours","ratio","megawatthours","megawatthours","megawatthours","megawatthours","megawatthours","megawatthours","megawatthours"
"2017","NJ","New Jersey","673561","6570358","739515","1603153","74231437","129714","35854940","3991917","499500","37028500","67531365","1413076","-3844144",".95","75645295","73382940","22","782","75644513","75645295","511406","megawatthours","megawatthours","megawatthours","megawatthours","megawatthours","megawatthours","megawatthours","megawatthours","megawatthours","megawatthours","megawatthours","megawatthours","megawatthours","ratio","megawatthours","megawatthours","megawatthours","megawatthours","megawatthours","megawatthours","megawatthours"
"2017","NM","New Mexico","117169","34596","1086","171574","33479158","24595385","0","1251685","19235","22990349","8849177","118255","9011614","1.37","33604908","23009584","96","7495","33597413","33604908","160354","megawatthours","megawatthours","megawatthours","megawatthours","megawatthours","megawatthours","megawatthours","megawatthours","megawatthours","megawatthours","megawatthours","megawatthours","megawatthours","ratio","megawatthours","megawatthours","megawatthours","megawatthours","megawatthours","megawatthours","megawatthours"
"2017","NV","Nevada","126852","2153192","293789","147949","37780653","26835633","3855117","1994126","112601","32690068","8791828","420641","-808990",".98","38246642","36657786","303","45348","38201294","38246642","255468","megawatthours","megawatthours","megawatthours","megawatthours","megawatthours","megawatthours","megawatthours","megawatthours","megawatthours","megawatthours","megawatthours","megawatthours","megawatthours","ratio","megawatthours","megawatthours","megawatthours","megawatthours","megawatthours","megawatthours","megawatthours"
"2017","NY","New York","1309935","11414616","866593","1856584","125848858","34641717","75956559","7887361","752354","68283520","79792526","2176527","-11272633",".93","144520778","144992433","46579","16495392","128025386","144520778","1010454","megawatthours","megawatthours","megawatthours","megawatthours","megawatthours","megawatthours","megawatthours","megawatthours","megawatthours","megawatthours","megawatthours","megawatthours","megawatthours","ratio","megawatthours","megawatthours","megawatthours","megawatthours","megawatthours","megawatthours","megawatthours"
"2017","OH","Ohio","262599","822299","636138","1007138","119915666","24691080","101436179","7977194","179158","45028494","94402287","898737","-35818302",".77","120831869","146643831","45","17466","120814403","120831869","1021962","megawatthours","megawatthours","megawatthours","megawatthours","megawatthours","megawatthours","megawatthours","megawatthours","megawatthours","megawatthours","megawatthours","megawatthours","megawatthours","ratio","megawatthours","megawatthours","megawatthours","megawatthours","megawatthours","megawatthours","megawatthours"
"2017","OK","Oklahoma","2","1913679","822600","1252040","72909052","36425409","0","3290677",NA,"60492128","34569964","822602","8275239","1.13","73731654","60492128","0","0","73731654","73731654","421570","megawatthours","megawatthours","megawatthours","megawatthours","megawatthours","megawatthours","megawatthours","megawatthours","megawatthours","megawatthours","megawatthours","megawatthours","megawatthours","ratio","megawatthours","megawatthours","megawatthours","megawatthours","megawatthours","megawatthours","megawatthours"
"2017","OR","Oregon","72224","4014341","611015","493220","62030509","48764549","2485107","2722305","22865","47535844","9251618","683239","10130375","1.19","63843319","50043816","104848","1129572","62713747","63843319","348756","megawatthours","megawatthours","megawatthours","megawatthours","megawatthours","megawatthours","megawatthours","megawatthours","megawatthours","megawatthours","megawatthours","megawatthours","megawatthours","ratio","megawatthours","megawatthours","megawatthours","megawatthours","megawatthours","megawatthours","megawatthours"
"2017","PA","Pennsylvania","392063","9815315","2835880","5341515","210363351","102565","97503675","7778480","15145","45472076","200445471","3227943","56516252","1.36","213624696","142990896","1047","33402","213591294","213624696","996505","megawatthours","megawatthours","megawatthours","megawatthours","megawatthours","megawatthours","megawatthours","megawatthours","megawatthours","megawatthours","megawatthours","megawatthours","megawatthours","ratio","megawatthours","megawatthours","megawatthours","megawatthours","megawatthours","megawatthours","megawatthours"
"2017","RI","Rhode Island","58450","0","143037","211299","7413454","2979","3447733","401715","732","3936206","7410475","201487","-237936",".97","7811212","7384671","0","196271","7614941","7811212","51464","megawatthours","megawatthours","megawatthours","megawatthours","megawatthours","megawatthours","megawatthours","megawatthours","megawatthours","megawatthours","megawatthours","megawatthours","megawatthours","ratio","megawatthours","megawatthours","megawatthours","megawatthours","megawatthours","megawatthours","megawatthours"
"2017","SC","South Carolina","1654","2379092","1771605","2884649","91307681","88079282","0","4248341",NA,"78096757","849307","1773258","7306935","1.09","93080939","78096757","0","0","93080939","93080939","544257","megawatthours","megawatthours","megawatthours","megawatthours","megawatthours","megawatthours","megawatthours","megawatthours","megawatthours","megawatthours","megawatthours","megawatthours","megawatthours","ratio","megawatthours","megawatthours","megawatthours","megawatthours","megawatthours","megawatthours","megawatthours"
"2017","SD","South Dakota","2","0","0","41","10935717","8883270","0","669845",NA,"12313675","2052447","2","-2133656",".84","10935719","12313675","0","0","10935719","10935719","85814","megawatthours","megawatthours","megawatthours","megawatthours","megawatthours","megawatthours","megawatthours","megawatthours","megawatthours","megawatthours","megawatthours","megawatthours","megawatthours","ratio","megawatthours","megawatthours","megawatthours","megawatthours","megawatthours","megawatthours","megawatthours"
"2017","TN","Tennessee","195237","0","2075030","2385508","76775955","76547309","0","5289697","49294","97190591","228646","2270267","-26524763",".75","79067993","97239885","1","21771","79046222","79067993","677666","megawatthours","megawatthours","megawatthours","megawatthours","megawatthours","megawatthours","megawatthours","megawatthours","megawatthours","megawatthours","megawatthours","megawatthours","megawatthours","ratio","megawatthours","megawatthours","megawatthours","megawatthours","megawatthours","megawatthours","megawatthours"
"2017","TX","Texas","726896","39522952","41984520","35220381","410082949","81081662","0","21861661","7058328","394822046","289478335","42711416","-14559884",".97","452803918","401880374","5600678","9553","452794365","452803918","2800709","megawatthours","megawatthours","megawatthours","megawatthours","megawatthours","megawatthours","megawatthours","megawatthours","megawatthours","megawatthours","megawatthours","megawatthours","megawatthours","ratio","megawatthours","megawatthours","megawatthours","megawatthours","megawatthours","megawatthours","megawatthours"
"2017","US","United States","13059753","138583503","143758076","140959389","3878625065","2275539007","559727018","202544716","13656138","3149972818","1464502555","156817829","0","1","4101127814","3723355974","9370803","65684917","4035442895","4101127812","24896930","megawatthours","megawatthours","megawatthours","megawatthours","megawatthours","megawatthours","megawatthours","megawatthours","megawatthours","megawatthours","megawatthours","megawatthours","megawatthours","ratio","megawatthours","megawatthours","megawatthours","megawatthours","megawatthours","megawatthours","megawatthours"
"2017","UT","Utah","83510","826","842639","1078250","36485727","32614171","0","1663995","2294","30586727","3870730","926149","3875887","1.12","37420341","30589021","13","8465","37411876","37420341","213175","megawatthours","megawatthours","megawatthours","megawatthours","megawatthours","megawatthours","megawatthours","megawatthours","megawatthours","megawatthours","megawatthours","megawatthours","megawatthours","ratio","megawatthours","megawatthours","megawatthours","megawatthours","megawatthours","megawatthours","megawatthours"
"2017","VA","Virginia","439456","1223999","2406718","2686351","87570975","70951166","583030","6067042","2004","110944698","15395810","2846174","-30615042",".75","90445369","111529732","34","28220","90417149","90445369","777252","megawatthours","megawatthours","megawatthours","megawatthours","megawatthours","megawatthours","megawatthours","megawatthours","megawatthours","megawatthours","megawatthours","megawatthours","megawatthours","ratio","megawatthours","megawatthours","megawatthours","megawatthours","megawatthours","megawatthours","megawatthours"
"2017","VT","Vermont","3124","0","0","4384","2138264","928595","0","295039","2590","5421072","1209669","3124","6716471","2.16","12486849","5423662","9496","10345461","2141388","12486849","37798","megawatthours","megawatthours","megawatthours","megawatthours","megawatthours","megawatthours","megawatthours","megawatthours","megawatthours","megawatthours","megawatthours","megawatthours","megawatthours","ratio","megawatthours","megawatthours","megawatthours","megawatthours","megawatthours","megawatthours","megawatthours"
"2017","WA","Washington","26936","940599","1427576","991401","114457566","100482354","2308962","5001836",NA,"89639210","13034613","1454512","16260529","1.16","117726335","91948172","2883609","1814257","115912078","117726335","640788","megawatthours","megawatthours","megawatthours","megawatthours","megawatthours","megawatthours","megawatthours","megawatthours","megawatthours","megawatthours","megawatthours","megawatthours","megawatthours","ratio","megawatthours","megawatthours","megawatthours","megawatthours","megawatthours","megawatthours","megawatthours"
"2017","WI","Wisconsin","124285","758788","1641289","1797524","63341759","51380493","0","3757795",NA,"69079109","11202478","1765573","-10008508",".87","65107333","69079109","0","0","65107333","65107333","481413","megawatthours","megawatthours","megawatthours","megawatthours","megawatthours","megawatthours","megawatthours","megawatthours","megawatthours","megawatthours","megawatthours","megawatthours","megawatthours","ratio","megawatthours","megawatthours","megawatthours","megawatthours","megawatthours","megawatthours","megawatthours"
"2017","WV","West Virginia","0","416682","1076695","642056","72280385","55929287","0","1724921",NA,"31709019","15934416","1076695","39060491","2.14","73357477","31709019","10","397","73357080","73357477","220980","megawatthours","megawatthours","megawatthours","megawatthours","megawatthours","megawatthours","megawatthours","megawatthours","megawatthours","megawatthours","megawatthours","megawatthours","megawatthours","ratio","megawatthours","megawatthours","megawatthours","megawatthours","megawatthours","megawatthours","megawatthours"
"2017","WY","Wyoming","0","0","1420290","1470673","45321556","42119522","0","912700",NA,"16778067","3202034","1420290","27463897","2.42","46742367","16778067","103","521","46741846","46742367","116927","megawatthours","megawatthours","megawatthours","megawatthours","megawatthours","megawatthours","megawatthours","megawatthours","megawatthours","megawatthours","megawatthours","megawatthours","megawatthours","ratio","megawatthours","megawatthours","megawatthours","megawatthours","megawatthours","megawatthours","megawatthours"
"2016","AK","Alaska","321729","191982","111473","251325","5901831","5649381","0","319577",NA,"6123202","60468","433202","0","1","6335249","6123202",NA,"215","6335034","6335249","-358855","megawatthours","megawatthours","megawatthours","megawatthours","megawatthours","megawatthours","megawatthours","megawatthours","megawatthours","megawatthours","megawatthours","megawatthours","megawatthours","ratio","megawatthours","megawatthours","megawatthours","megawatthours","megawatthours","megawatthours","megawatthours"
"2016","AL","Alabama","0","4506703","4255021","4586964","138130077","97991203","0","4604565",NA,"88225141","35632171","4255021","43873694","1.45","142385098","88225141",NA,NA,"142385098","142385098","1094734","megawatthours","megawatthours","megawatthours","megawatthours","megawatthours","megawatthours","megawatthours","megawatthours","megawatthours","megawatthours","megawatthours","megawatthours","megawatthours","ratio","megawatthours","megawatthours","megawatthours","megawatthours","megawatthours","megawatthours","megawatthours"
"2016","AR","Arkansas","43313","1256411","1594982","1336249","58806764","43352105","0","2410625","12360","46176078","14198248","1638295","9936623","1.2","60445059","46188438",NA,NA,"60445059","60445059","573125","megawatthours","megawatthours","megawatthours","megawatthours","megawatthours","megawatthours","megawatthours","megawatthours","megawatthours","megawatthours","megawatthours","megawatthours","megawatthours","ratio","megawatthours","megawatthours","megawatthours","megawatthours","megawatthours","megawatthours","megawatthours"
"2016","AZ","Arizona","165193","11206","0","226135","108598257","89821938","0","4083317","62722","78175106","18765113","165193","25375831","1.3","108897502","78237828","3584","134053","108763449","108897502","970807","megawatthours","megawatthours","megawatthours","megawatthours","megawatthours","megawatthours","megawatthours","megawatthours","megawatthours","megawatthours","megawatthours","megawatthours","megawatthours","ratio","megawatthours","megawatthours","megawatthours","megawatthours","megawatthours","megawatthours","megawatthours"
"2016","CA","California","2858960","16664260","13701715","12289369","180402541","81155619","29284561","13405104","1656884","225905190","82582662","16560674","-73378629",".74","213931170","256846635","1581634","16967955","196963215","213931170","3187058","megawatthours","megawatthours","megawatthours","megawatthours","megawatthours","megawatthours","megawatthours","megawatthours","megawatthours","megawatthours","megawatthours","megawatthours","megawatthours","ratio","megawatthours","megawatthours","megawatthours","megawatthours","megawatthours","megawatthours","megawatthours"
"2016","CO","Colorado","31044","203833","72632","76539","54314804","42191338","0","2860178","169390","54632647","11919633","103676","-4000292",".93","54418480","54802037","12",NA,"54418480","54418480","680006","megawatthours","megawatthours","megawatthours","megawatthours","megawatthours","megawatthours","megawatthours","megawatthours","megawatthours","megawatthours","megawatthours","megawatthours","megawatthours","ratio","megawatthours","megawatthours","megawatthours","megawatthours","megawatthours","megawatthours","megawatthours"
"2016","CT","Connecticut","409492","254862","501698","841998","35585370","74075","16546351","1509945","79519","12305217","35256433","911190","5400788","1.17","37042812","28931087","5","546252","36496560","37042812","358989","megawatthours","megawatthours","megawatthours","megawatthours","megawatthours","megawatthours","megawatthours","megawatthours","megawatthours","megawatthours","megawatthours","megawatthours","megawatthours","ratio","megawatthours","megawatthours","megawatthours","megawatthours","megawatthours","megawatthours","megawatthours"
"2016","DC","District of Columbia","23673","52801","0","99721","52801","0","8344116","594665",NA,"3049887","0","23673","-12153297",".01","76474","11394003",NA,NA,"76474","76474","141381","megawatthours","megawatthours","megawatthours","megawatthours","megawatthours","megawatthours","megawatthours","megawatthours","megawatthours","megawatthours","megawatthours","megawatthours","megawatthours","ratio","megawatthours","megawatthours","megawatthours","megawatthours","megawatthours","megawatthours","megawatthours"
"2016","DE","Delaware","6653","235334","1288800","834197","7435808","80088","4268283","587590",NA,"6990155","7120386","1295453","-4088664",".68","8731261","11258438",NA,NA,"8731261","8731261","139699","megawatthours","megawatthours","megawatthours","megawatthours","megawatthours","megawatthours","megawatthours","megawatthours","megawatthours","megawatthours","megawatthours","megawatthours","megawatthours","ratio","megawatthours","megawatthours","megawatthours","megawatthours","megawatthours","megawatthours","megawatthours"
"2016","FL","Florida","84478","4452653","5358371","5369421","232819301","216243634","0","12302577","2287","235719535","12123015","5442848","-18056603",".93","238262150","235721822",NA,NA,"238262150","238262150","2924933","megawatthours","megawatthours","megawatthours","megawatthours","megawatthours","megawatthours","megawatthours","megawatthours","megawatthours","megawatthours","megawatthours","megawatthours","megawatthours","ratio","megawatthours","megawatthours","megawatthours","megawatthours","megawatthours","megawatthours","megawatthours"
"2016","GA","Georgia","7823","493966","4753735","5290620","128618857","115955092","0","7208227","26284","138085955","12169799","4761559","-18944424",".88","133380416","138112239",NA,NA,"133380416","133380416","1713753","megawatthours","megawatthours","megawatthours","megawatthours","megawatthours","megawatthours","megawatthours","megawatthours","megawatthours","megawatthours","megawatthours","megawatthours","megawatthours","ratio","megawatthours","megawatthours","megawatthours","megawatthours","megawatthours","megawatthours","megawatthours"
"2016","HI","Hawaii","405150","2808236","354539","733841","9189156","5218132","0","492965","8242","9437147","1162788","759689","0","1","9948845","9445389",NA,NA,"9948845","9948845","-723350","megawatthours","megawatthours","megawatthours","megawatthours","megawatthours","megawatthours","megawatthours","megawatthours","megawatthours","megawatthours","megawatthours","megawatthours","megawatthours","ratio","megawatthours","megawatthours","megawatthours","megawatthours","megawatthours","megawatthours","megawatthours"
"2016","IA","Iowa","231966","4058","1944475","2258629","52216065","40080421","0","2527676",NA,"48431193","12131586","2176441","574054","1.01","54392507","48431193",NA,NA,"54392507","54392507","600954","megawatthours","megawatthours","megawatthours","megawatthours","megawatthours","megawatthours","megawatthours","megawatthours","megawatthours","megawatthours","megawatthours","megawatthours","megawatthours","ratio","megawatthours","megawatthours","megawatthours","megawatthours","megawatthours","megawatthours","megawatthours"
"2016","ID","Idaho","50583","166375","598607","635665","15011748","9995014","0","1203681","14651","23048310","4850359","649190","-9516713",".62","15673594","23062961","1826","12656","15660938","15673594","286175","megawatthours","megawatthours","megawatthours","megawatthours","megawatthours","megawatthours","megawatthours","megawatthours","megawatthours","megawatthours","megawatthours","megawatthours","megawatthours","ratio","megawatthours","megawatthours","megawatthours","megawatthours","megawatthours","megawatthours","megawatthours"
"2016","IL","Illinois","353985","622802","2675322","3502951","184259824","5190971","91815765","7361573","376109","48858535","178446052","3029307","33623986","1.22","187289131","141050409",NA,NA,"187289131","187289131","1750211","megawatthours","megawatthours","megawatthours","megawatthours","megawatthours","megawatthours","megawatthours","megawatthours","megawatthours","megawatthours","megawatthours","megawatthours","megawatthours","ratio","megawatthours","megawatthours","megawatthours","megawatthours","megawatthours","megawatthours","megawatthours"
"2016","IN","Indiana","279798","6542385","3183090","4928602","98296171","86422710","0","5412467","13348","103691473","5331077","3462888","-13559870",".88","101773358","103704821","526","14299","101759059","101773358","1286812","megawatthours","megawatthours","megawatthours","megawatthours","megawatthours","megawatthours","megawatthours","megawatthours","megawatthours","megawatthours","megawatthours","megawatthours","megawatthours","ratio","megawatthours","megawatthours","megawatthours","megawatthours","megawatthours","megawatthours","megawatthours"
"2016","KS","Kansas","0","0","51775","52547","47548216","34176130","0","2129927",NA,"40810174","13372086","51775","4100953","1.09","47599991","40810174",NA,NA,"47599991","47599991","506389","megawatthours","megawatthours","megawatthours","megawatthours","megawatthours","megawatthours","megawatthours","megawatthours","megawatthours","megawatthours","megawatthours","megawatthours","megawatthours","ratio","megawatthours","megawatthours","megawatthours","megawatthours","megawatthours","megawatthours","megawatthours"
"2016","KY","Kentucky","0","0","613232","406421","79660270","79113471","0","3891032","135976","74417599","546799","613232","497382","1.01","80273501","74553575",NA,NA,"80273501","80273501","925091","megawatthours","megawatthours","megawatthours","megawatthours","megawatthours","megawatthours","megawatthours","megawatthours","megawatthours","megawatthours","megawatthours","megawatthours","megawatthours","ratio","megawatthours","megawatthours","megawatthours","megawatthours","megawatthours","megawatthours","megawatthours"
"2016","LA","Louisiana","169558","2495579","32331728","21387685","74767517","64485745","0","4773013",NA,"91452659","7786193","32501286","-11479336",".9","107268804","91452659",NA,NA,"107268804","107268804","1134782","megawatthours","megawatthours","megawatthours","megawatthours","megawatthours","megawatthours","megawatthours","megawatthours","megawatthours","megawatthours","megawatthours","megawatthours","megawatthours","ratio","megawatthours","megawatthours","megawatthours","megawatthours","megawatthours","megawatthours","megawatthours"
"2016","MA","Massachusetts","531615","1763024","226298","1160982","31197108","468228","30676456","2790964","468513","22330919","28965856","757913","-25125287",".57","32966688","53475888","590","1011666","31955022","32966688","663551","megawatthours","megawatthours","megawatthours","megawatthours","megawatthours","megawatthours","megawatthours","megawatthours","megawatthours","megawatthours","megawatthours","megawatthours","megawatthours","ratio","megawatthours","megawatthours","megawatthours","megawatthours","megawatthours","megawatthours","megawatthours"
"2016","MD","Maryland","449117","2857542","268318","778876","36449253","7296","32022104","3202127","64892","29266915","33584415","717434","-28813627",".56","37282968","61353911","377","116281","37166687","37282968","761304","megawatthours","megawatthours","megawatthours","megawatthours","megawatthours","megawatthours","megawatthours","megawatthours","megawatthours","megawatthours","megawatthours","megawatthours","megawatthours","ratio","megawatthours","megawatthours","megawatthours","megawatthours","megawatthours","megawatthours","megawatthours"
"2016","ME","Maine","205460","549926","1851359","2150888","9457608","32","5642061","597533","58986","5747904","8907650","2056819","2120056","1.15","16497838","11448951","38347","4983411","11514427","16497838","142063","megawatthours","megawatthours","megawatthours","megawatthours","megawatthours","megawatthours","megawatthours","megawatthours","megawatthours","megawatthours","megawatthours","megawatthours","megawatthours","ratio","megawatthours","megawatthours","megawatthours","megawatthours","megawatthours","megawatthours","megawatthours"
"2016","MI","Michigan","881083","14326924","1287397","2412215","109953309","78006408","9116127","5452288","416528","94935158","17619977","2168481","6299933","1.06","119958796","104467813","30268","7837006","112121790","119958796","1296279","megawatthours","megawatthours","megawatthours","megawatthours","megawatthours","megawatthours","megawatthours","megawatthours","megawatthours","megawatthours","megawatthours","megawatthours","megawatthours","ratio","megawatthours","megawatthours","megawatthours","megawatthours","megawatthours","megawatthours","megawatthours"
"2016","MN","Minnesota","204417","679202","1403344","1240242","57870991","47984837","0","3473133","623066","65923426","9206952","1607761","-4130058",".94","67989385","66546492","33839","8510632","59478753","67989385","825736","megawatthours","megawatthours","megawatthours","megawatthours","megawatthours","megawatthours","megawatthours","megawatthours","megawatthours","megawatthours","megawatthours","megawatthours","megawatthours","ratio","megawatthours","megawatthours","megawatthours","megawatthours","megawatthours","megawatthours","megawatthours"
"2016","MO","Missouri","198724","56361","47243","313675","78365546","75449280","0","4103161",NA,"78618056","2859905","245967","-5398905",".94","78611513","78618056",NA,NA,"78611513","78611513","975525","megawatthours","megawatthours","megawatthours","megawatthours","megawatthours","megawatthours","megawatthours","megawatthours","megawatthours","megawatthours","megawatthours","megawatthours","megawatthours","ratio","megawatthours","megawatthours","megawatthours","megawatthours","megawatthours","megawatthours","megawatthours"
"2016","MS","Mississippi","0","0","1936825","1858114","60944470","54759578","0","2559981",NA,"49050164","6184892","1936825","8804401","1.16","62881295","49050164",NA,NA,"62881295","62881295","608635","megawatthours","megawatthours","megawatthours","megawatthours","megawatthours","megawatthours","megawatthours","megawatthours","megawatthours","megawatthours","megawatthours","megawatthours","megawatthours","ratio","megawatthours","megawatthours","megawatthours","megawatthours","megawatthours","megawatthours","megawatthours"
"2016","MT","Montana","0","452014","30033","97427","27753496","10810501","2734893","735926",NA,"11365708","16490981","30033","12799021","1.84","27950734","14100601","42794","167205","27783529","27950734","174966","megawatthours","megawatthours","megawatthours","megawatthours","megawatthours","megawatthours","megawatthours","megawatthours","megawatthours","megawatthours","megawatthours","megawatthours","megawatthours","ratio","megawatthours","megawatthours","megawatthours","megawatthours","megawatthours","megawatthours","megawatthours"
"2016","NC","North Carolina","269840","674688","1875285","2163845","128634032","118656679","0","7014707",NA,"134404319","9302665","2145125","-14471457",".9","130779157","134404319",NA,NA,"130779157","130779157","1667744","megawatthours","megawatthours","megawatthours","megawatthours","megawatthours","megawatthours","megawatthours","megawatthours","megawatthours","megawatthours","megawatthours","megawatthours","megawatthours","ratio","megawatthours","megawatthours","megawatthours","megawatthours","megawatthours","megawatthours","megawatthours"
"2016","ND","North Dakota","13","0","174551","191784","37681888","33415076","0","966589",NA,"18520188","4266812","174564","20014085","2","39932316","18520188","9864","2075864","37856452","39932316","229806","megawatthours","megawatthours","megawatthours","megawatthours","megawatthours","megawatthours","megawatthours","megawatthours","megawatthours","megawatthours","megawatthours","megawatthours","megawatthours","ratio","megawatthours","megawatthours","megawatthours","megawatthours","megawatthours","megawatthours","megawatthours"
"2016","NE","Nebraska","19230","0","347425","450263","36158214","32547740","0","1576137",NA,"30199354","3610474","366655","3924387","1.12","36524881","30199354","14","12","36524869","36524881","374726","megawatthours","megawatthours","megawatthours","megawatthours","megawatthours","megawatthours","megawatthours","megawatthours","megawatthours","megawatthours","megawatthours","megawatthours","megawatthours","ratio","megawatthours","megawatthours","megawatthours","megawatthours","megawatthours","megawatthours","megawatthours"
"2016","NH","New Hampshire","74419","0","32726","110141","19175348","1061931","5525410","569141",NA,"5379546","18113417","107145","7768837","1.66","19488391","10904956","2","205898","19282493","19488391","135313","megawatthours","megawatthours","megawatthours","megawatthours","megawatthours","megawatthours","megawatthours","megawatthours","megawatthours","megawatthours","megawatthours","megawatthours","megawatthours","ratio","megawatthours","megawatthours","megawatthours","megawatthours","megawatthours","megawatthours","megawatthours"
"2016","NJ","New Jersey","642275","6754728","689494","1523355","76279634","151056","36148369","3933087","474309","38736693","69373850","1331769","-3997138",".95","77754228","75359371","463","142825","77611403","77754228","935090","megawatthours","megawatthours","megawatthours","megawatthours","megawatthours","megawatthours","megawatthours","megawatthours","megawatthours","megawatthours","megawatthours","megawatthours","megawatthours","ratio","megawatthours","megawatthours","megawatthours","megawatthours","megawatthours","megawatthours","megawatthours"
"2016","NM","New Mexico","119230","97533","1131","178609","32791684","25014486","0","1202459","21058","23018489","7679665","120361","8215765","1.33","32922817","23039547","553","10772","32912045","32922817","285884","megawatthours","megawatthours","megawatthours","megawatthours","megawatthours","megawatthours","megawatthours","megawatthours","megawatthours","megawatthours","megawatthours","megawatthours","megawatthours","ratio","megawatthours","megawatthours","megawatthours","megawatthours","megawatthours","megawatthours","megawatthours"
"2016","NV","Nevada","126141","2207798","280397","153535","39380467","29476381","2640441","1886427","70325","33433864","7696288","406538","1199210","1.03","39832407","36144630","107","45402","39787005","39832407","448497","megawatthours","megawatthours","megawatthours","megawatthours","megawatthours","megawatthours","megawatthours","megawatthours","megawatthours","megawatthours","megawatthours","megawatthours","megawatthours","ratio","megawatthours","megawatthours","megawatthours","megawatthours","megawatthours","megawatthours","megawatthours"
"2016","NY","New York","1221560","14528049","962452","1934551","132192703","35094035","77372549","7714000","736505","69693984","82570619","2184012","-6963072",".96","152409517","147803038","86999","18032802","134376715","152409517","1834001","megawatthours","megawatthours","megawatthours","megawatthours","megawatthours","megawatthours","megawatthours","megawatthours","megawatthours","megawatthours","megawatthours","megawatthours","megawatthours","ratio","megawatthours","megawatthours","megawatthours","megawatthours","megawatthours","megawatthours","megawatthours"
"2016","OH","Ohio","226533","783450","714515","1082558","118945018","27587588","101261754","7859862","183717","49152325","90573980","941048","-41520983",".74","119887912","150597796",NA,"1846","119886066","119887912","1868679","megawatthours","megawatthours","megawatthours","megawatthours","megawatthours","megawatthours","megawatthours","megawatthours","megawatthours","megawatthours","megawatthours","megawatthours","megawatthours","ratio","megawatthours","megawatthours","megawatthours","megawatthours","megawatthours","megawatthours","megawatthours"
"2016","OK","Oklahoma","3","2082858","890655","1311150","77764349","45255216","0","3210615",NA,"61516554","30426275","890658","11853365","1.18","78655007","61516554",NA,NA,"78655007","78655007","763323","megawatthours","megawatthours","megawatthours","megawatthours","megawatthours","megawatthours","megawatthours","megawatthours","megawatthours","megawatthours","megawatthours","megawatthours","megawatthours","ratio","megawatthours","megawatthours","megawatthours","megawatthours","megawatthours","megawatthours","megawatthours"
"2016","OR","Oregon","70436","4406200","578855","523107","59532721","45096169","2012115","2471214","1288","45335947","10030352","649292","10078200","1.2","61138392","47349350","128991","956379","60182013","61138392","587530","megawatthours","megawatthours","megawatthours","megawatthours","megawatthours","megawatthours","megawatthours","megawatthours","megawatthours","megawatthours","megawatthours","megawatthours","megawatthours","ratio","megawatthours","megawatthours","megawatthours","megawatthours","megawatthours","megawatthours","megawatthours"
"2016","PA","Pennsylvania","262881","9362626","2860899","5204017","211917950","79998","98386172","7584809","14087","46927424","202475326","3123780","55431059","1.35","215355796","145327683","4943","314066","215041730","215355796","1803285","megawatthours","megawatthours","megawatthours","megawatthours","megawatthours","megawatthours","megawatthours","megawatthours","megawatthours","megawatthours","megawatthours","megawatthours","megawatthours","ratio","megawatthours","megawatthours","megawatthours","megawatthours","megawatthours","megawatthours","megawatthours"
"2016","RI","Rhode Island","57918","0","0","64352","6506967","12560","3500686","392700","0","4023584","6494407","57918","-1367735",".83","6706952","7524270","1","142067","6564885","6706952","93364","megawatthours","megawatthours","megawatthours","megawatthours","megawatthours","megawatthours","megawatthours","megawatthours","megawatthours","megawatthours","megawatthours","megawatthours","megawatthours","ratio","megawatthours","megawatthours","megawatthours","megawatthours","megawatthours","megawatthours","megawatthours"
"2016","SC","South Carolina","2490","1972599","1770053","2452584","95213221","91590980","0","4153238",NA,"79577550","1649642","1772543","9814960","1.11","96985764","79577550",NA,NA,"96985764","96985764","987431","megawatthours","megawatthours","megawatthours","megawatthours","megawatthours","megawatthours","megawatthours","megawatthours","megawatthours","megawatthours","megawatthours","megawatthours","megawatthours","ratio","megawatthours","megawatthours","megawatthours","megawatthours","megawatthours","megawatthours","megawatthours"
"2016","SD","South Dakota","14","0","0","61","11524170","8800299","0","633053",NA,"12129530","2723871","14","-1388969",".89","11524184","12129530",NA,NA,"11524184","11524184","150508","megawatthours","megawatthours","megawatthours","megawatthours","megawatthours","megawatthours","megawatthours","megawatthours","megawatthours","megawatthours","megawatthours","megawatthours","megawatthours","ratio","megawatthours","megawatthours","megawatthours","megawatthours","megawatthours","megawatthours","megawatthours"
"2016","TN","Tennessee","186581","0","2117613","2458109","77036439","76836693","0","5258692","14305","100744134","199746","2304194","-30384859",".72","79340633","100758439",NA,NA,"79340633","79340633","1250252","megawatthours","megawatthours","megawatthours","megawatthours","megawatthours","megawatthours","megawatthours","megawatthours","megawatthours","megawatthours","megawatthours","megawatthours","megawatthours","ratio","megawatthours","megawatthours","megawatthours","megawatthours","megawatthours","megawatthours","megawatthours"
"2016","TX","Texas","777368","45199465","43194567","36151297","410075656","88048121","0","20806591","7191121","391470688","276828070","43971935","-8467241",".98","454047591","398661809","1948376",NA,"454047591","454047591","4946759","megawatthours","megawatthours","megawatthours","megawatthours","megawatthours","megawatthours","megawatthours","megawatthours","megawatthours","megawatthours","megawatthours","megawatthours","megawatthours","ratio","megawatthours","megawatthours","megawatthours","megawatthours","megawatthours","megawatthours","megawatthours"
"2016","US","United States","12706351","153532135","145890233","139836699","3918977217","2305886743","560015208","196366940","12905394","3189541028","1459558339","158596584","0","1","4150290063","3762461630","6214017","72716263","4077573801","4150290064","45410778","megawatthours","megawatthours","megawatthours","megawatthours","megawatthours","megawatthours","megawatthours","megawatthours","megawatthours","megawatthours","megawatthours","megawatthours","megawatthours","ratio","megawatthours","megawatthours","megawatthours","megawatthours","megawatthours","megawatthours","megawatthours"
"2016","UT","Utah","89924","9789","1071873","1323916","36972131","34205634","0","1575103","2288","30177246","2756708","1161797","4691325","1.14","38144394","30179534","36","10466","38133928","38144394","374480","megawatthours","megawatthours","megawatthours","megawatthours","megawatthours","megawatthours","megawatthours","megawatthours","megawatthours","megawatthours","megawatthours","megawatthours","megawatthours","ratio","megawatthours","megawatthours","megawatthours","megawatthours","megawatthours","megawatthours","megawatthours"
"2016","VA","Virginia","448655","1373406","2456466","2693188","89649755","76224379","631421","5860049","2355","111646889","12051970","2905121","-29672251",".76","92554876","112280665",NA,NA,"92554876","92554876","1393224","megawatthours","megawatthours","megawatthours","megawatthours","megawatthours","megawatthours","megawatthours","megawatthours","megawatthours","megawatthours","megawatthours","megawatthours","megawatthours","ratio","megawatthours","megawatthours","megawatthours","megawatthours","megawatthours","megawatthours","megawatthours"
"2016","VT","Vermont","3489","0","0","4818","1907718","865081","0","287909","2816","5513634","1042637","3489","4988201","1.85","10872766","5516450","6937","8961559","1911207","10872766","68450","megawatthours","megawatthours","megawatthours","megawatthours","megawatthours","megawatthours","megawatthours","megawatthours","megawatthours","megawatthours","megawatthours","megawatthours","megawatthours","ratio","megawatthours","megawatthours","megawatthours","megawatthours","megawatthours","megawatthours","megawatthours"
"2016","WA","Washington","36089","1026266","1511205","1028209","112539289","98948414","2085574","4639021",NA,"86799742","12564609","1547294","17652645","1.18","115600917","88885316","2292801","1514335","114086582","115600917","1102925","megawatthours","megawatthours","megawatthours","megawatthours","megawatthours","megawatthours","megawatthours","megawatthours","megawatthours","megawatthours","megawatthours","megawatthours","megawatthours","ratio","megawatthours","megawatthours","megawatthours","megawatthours","megawatthours","megawatthours","megawatthours"
"2016","WI","Wisconsin","157449","987622","1607524","1777176","63201639","50611672","0","3639615","155","69736183","11602344","1764972","-11051835",".85","64966611","69736338",NA,NA,"64966611","64966611","865317","megawatthours","megawatthours","megawatthours","megawatthours","megawatthours","megawatthours","megawatthours","megawatthours","megawatthours","megawatthours","megawatthours","megawatthours","megawatthours","ratio","megawatthours","megawatthours","megawatthours","megawatthours","megawatthours","megawatthours","megawatthours"
"2016","WV","West Virginia","0","416620","877012","470563","75065956","59429345","0","1674089",NA,"32076146","15219991","877012","41324156","2.19","75942968","32076146",NA,NA,"75942968","75942968","398014","megawatthours","megawatthours","megawatthours","megawatthours","megawatthours","megawatthours","megawatthours","megawatthours","megawatthours","megawatthours","megawatthours","megawatthours","megawatthours","ratio","megawatthours","megawatthours","megawatthours","megawatthours","megawatthours","megawatthours","megawatthours"
"2016","WY","Wyoming","0","0","1433522","1464213","45223108","42193983","0","864017",NA,"16554870","3029125","1433522","27568321","2.44","46656968","16554870","128","338","46656630","46656968","205420","megawatthours","megawatthours","megawatthours","megawatthours","megawatthours","megawatthours","megawatthours","megawatthours","megawatthours","megawatthours","megawatthours","megawatthours","megawatthours","ratio","megawatthours","megawatthours","megawatthours","megawatthours","megawatthours","megawatthours","megawatthours"
"2015","AK","Alaska","164763","198296","120889","256321","5999286","5746428","0","307256",NA,"6159204","54562","285652","0","1","6284937","6159204","0","0","6284937","6284937","-437844","megawatthours","megawatthours","megawatthours","megawatthours","megawatthours","megawatthours","megawatthours","megawatthours","megawatthours","megawatthours","megawatthours","megawatthours","megawatthours","ratio","megawatthours","megawatthours","megawatthours","megawatthours","megawatthours","megawatthours","megawatthours"
"2015","AL","Alabama","0","5332204","4216916","4551804","148260511","107868476","0","4432118",NA,"88845543","35059831","4216916","53263250","1.54","152477427","88845543","0","0","152477427","152477427","1384712","megawatthours","megawatthours","megawatthours","megawatthours","megawatthours","megawatthours","megawatthours","megawatthours","megawatthours","megawatthours","megawatthours","megawatthours","megawatthours","ratio","megawatthours","megawatthours","megawatthours","megawatthours","megawatthours","megawatthours","megawatthours"
"2015","AR","Arkansas","6294","1320374","1749893","1111439","53803241","39538137","0","2317944","451","46464703","12944730","1756187","4940702","1.1","55559428","46465154","0","0","55559428","55559428","724188","megawatthours","megawatthours","megawatthours","megawatthours","megawatthours","megawatthours","megawatthours","megawatthours","megawatthours","megawatthours","megawatthours","megawatthours","megawatthours","ratio","megawatthours","megawatthours","megawatthours","megawatthours","megawatthours","megawatthours","megawatthours"
"2015","AZ","Arizona","151447","27171","0","215920","112990600","94379325","0","3858626","53918","77295498","18584104","151447","30529437","1.37","113160387","77349416","1450","18339","113142048","113160387","1205538","megawatthours","megawatthours","megawatthours","megawatthours","megawatthours","megawatthours","megawatthours","megawatthours","megawatthours","megawatthours","megawatthours","megawatthours","megawatthours","ratio","megawatthours","megawatthours","megawatthours","megawatthours","megawatthours","megawatthours","megawatthours"
"2015","CA","California","2888734","17246706","14510816","11510704","179304309","71150169","28822648","13028657","1763967","230583822","90907434","17399549","-79443241",".73","210486256","261170437","149197","13782398","196703858","210486256","4070502","megawatthours","megawatthours","megawatthours","megawatthours","megawatthours","megawatthours","megawatthours","megawatthours","megawatthours","megawatthours","megawatthours","megawatthours","megawatthours","ratio","megawatthours","megawatthours","megawatthours","megawatthours","megawatthours","megawatthours","megawatthours"
"2015","CO","Colorado","27872","209167","69437","73138","52295769","42154954","0","2699614","172007","53944039","9931648","97309","-5338623",".91","52393715","54116046","109","638","52393077","52393715","843432","megawatthours","megawatthours","megawatthours","megawatthours","megawatthours","megawatthours","megawatthours","megawatthours","megawatthours","megawatthours","megawatthours","megawatthours","megawatthours","ratio","megawatthours","megawatthours","megawatthours","megawatthours","megawatthours","megawatthours","megawatthours"
"2015","CT","Connecticut","401950","196598","485961","838989","36582711","44645","16998365","1470437","20663","12457127","36341469","887911","5851141","1.18","38096126","29476155","0","625504","37470622","38096126","459404","megawatthours","megawatthours","megawatthours","megawatthours","megawatthours","megawatthours","megawatthours","megawatthours","megawatthours","megawatthours","megawatthours","megawatthours","megawatthours","ratio","megawatthours","megawatthours","megawatthours","megawatthours","megawatthours","megawatthours","megawatthours"
"2015","DC","District of Columbia","22751","30999","0","71837","30999","0","8050157","563270",NA,"3241076","0","22751","-12048571","0","53750","11291233","0","0","53750","53750","175981","megawatthours","megawatthours","megawatthours","megawatthours","megawatthours","megawatthours","megawatthours","megawatthours","megawatthours","megawatthours","megawatthours","megawatthours","megawatthours","ratio","megawatthours","megawatthours","megawatthours","megawatthours","megawatthours","megawatthours","megawatthours"
"2015","DE","Delaware","6198","259727","1220627","768848","6583180","50051","4355761","573595",NA,"7142444","6273402","1226825","-5209849",".6","7810006","11498205","0","0","7810006","7810006","179207","megawatthours","megawatthours","megawatthours","megawatthours","megawatthours","megawatthours","megawatthours","megawatthours","megawatthours","megawatthours","megawatthours","megawatthours","megawatthours","ratio","megawatthours","megawatthours","megawatthours","megawatthours","megawatthours","megawatthours","megawatthours"
"2015","FL","Florida","79072","4011388","5356123","5389463","231977438","218247420","0","11753029","2052","235597346","9718630","5435195","-19001218",".93","237412633","235599398","0","0","237412633","237412633","3671961","megawatthours","megawatthours","megawatthours","megawatthours","megawatthours","megawatthours","megawatthours","megawatthours","megawatthours","megawatthours","megawatthours","megawatthours","megawatthours","ratio","megawatthours","megawatthours","megawatthours","megawatthours","megawatthours","megawatthours","megawatthours"
"2015","GA","Georgia","14056","254593","5115854","5256855","123687988","110212881","0","6778373","21605","135856610","13220514","5129910","-21213291",".86","128817898","135878215","0","0","128817898","128817898","2117745","megawatthours","megawatthours","megawatthours","megawatthours","megawatthours","megawatthours","megawatthours","megawatthours","megawatthours","megawatthours","megawatthours","megawatthours","megawatthours","ratio","megawatthours","megawatthours","megawatthours","megawatthours","megawatthours","megawatthours","megawatthours"
"2015","HI","Hawaii","374653","2688088","426852","526917","9317995","5492172","0","474480","8126","9503226","1137735","801505","0","1","10119500","9511352","0","0","10119500","10119500","-393249","megawatthours","megawatthours","megawatthours","megawatthours","megawatthours","megawatthours","megawatthours","megawatthours","megawatthours","megawatthours","megawatthours","megawatthours","megawatthours","ratio","megawatthours","megawatthours","megawatthours","megawatthours","megawatthours","megawatthours","megawatthours"
"2015","IA","Iowa","221316","3804","2102887","2432855","54334716","41812662","0","2351973",NA,"47147293","12518250","2324202","3991978","1.08","56658918","47147293","0","0","56658918","56658918","734820","megawatthours","megawatthours","megawatthours","megawatthours","megawatthours","megawatthours","megawatthours","megawatthours","megawatthours","megawatthours","megawatthours","megawatthours","megawatthours","ratio","megawatthours","megawatthours","megawatthours","megawatthours","megawatthours","megawatthours","megawatthours"
"2015","ID","Idaho","23348","174922","591990","633465","15051756","10165624","0","1150304",NA,"23058814","4711210","615338","-9521190",".62","15686199","23058814","5420","19104","15667095","15686199","359386","megawatthours","megawatthours","megawatthours","megawatthours","megawatthours","megawatthours","megawatthours","megawatthours","megawatthours","megawatthours","megawatthours","megawatthours","megawatthours","ratio","megawatthours","megawatthours","megawatthours","megawatthours","megawatthours","megawatthours","megawatthours"
"2015","IL","Illinois","489066","694033","2661717","4046920","190801256","4428539","93072371","6915147","453114","45094485","185678684","3150784","42209526","1.28","193952040","138619970","0","0","193952040","193952040","2160477","megawatthours","megawatthours","megawatthours","megawatthours","megawatthours","megawatthours","megawatthours","megawatthours","megawatthours","megawatthours","megawatthours","megawatthours","megawatthours","ratio","megawatthours","megawatthours","megawatthours","megawatthours","megawatthours","megawatthours","megawatthours"
"2015","IN","Indiana","246243","7912031","3280157","8352553","100492875","87771094","0","5213775","16241","104498277","4809750","3526400","-15572939",".87","104142015","104514518","5185","122740","104019275","104142015","1628923","megawatthours","megawatthours","megawatthours","megawatthours","megawatthours","megawatthours","megawatthours","megawatthours","megawatthours","megawatthours","megawatthours","megawatthours","megawatthours","ratio","megawatthours","megawatthours","megawatthours","megawatthours","megawatthours","megawatthours","megawatthours"
"2015","KS","Kansas","0","0","35566","45614","45491558","35293856","0","1987900",NA,"39849127","10197702","35566","3023410","1.07","45527124","39849127","0","0","45527124","45527124","621073","megawatthours","megawatthours","megawatthours","megawatthours","megawatthours","megawatthours","megawatthours","megawatthours","megawatthours","megawatthours","megawatthours","megawatthours","megawatthours","ratio","megawatthours","megawatthours","megawatthours","megawatthours","megawatthours","megawatthours","megawatthours"
"2015","KY","Kentucky","0","0","589460","388445","82954211","82364762","0","3793236","134994","75903636","589449","589460","2138250","1.03","83543671","76038630","0","0","83543671","83543671","1185109","megawatthours","megawatthours","megawatthours","megawatthours","megawatthours","megawatthours","megawatthours","megawatthours","megawatthours","megawatthours","megawatthours","megawatthours","megawatthours","ratio","megawatthours","megawatthours","megawatthours","megawatthours","megawatthours","megawatthours","megawatthours"
"2015","LA","Louisiana","176168","2709824","30763662","20810055","76872524","65729889","0","4573341",NA,"91676489","8432811","30939830","-10676366",".91","107812354","91676489","0","0","107812354","107812354","1428834","megawatthours","megawatthours","megawatthours","megawatthours","megawatthours","megawatthours","megawatthours","megawatthours","megawatthours","megawatthours","megawatthours","megawatthours","megawatthours","ratio","megawatthours","megawatthours","megawatthours","megawatthours","megawatthours","megawatthours","megawatthours"
"2015","MA","Massachusetts","535128","2808851","181406","1186376","31369435","715117","28219733","2724808","383578","26017777","27845467","716534","-25967155",".56","33424070","54621088","7650","1338101","32085969","33424070","851303","megawatthours","megawatthours","megawatthours","megawatthours","megawatthours","megawatthours","megawatthours","megawatthours","megawatthours","megawatthours","megawatthours","megawatthours","megawatthours","ratio","megawatthours","megawatthours","megawatthours","megawatthours","megawatthours","megawatthours","megawatthours"
"2015","MD","Maryland","503791","2936736","275644","787357","35586109","19408","32657267","3082021","22400","29102052","32629965","779434","-30058875",".55","36557203","61781719","2075","191659","36365544","36557203","962906","megawatthours","megawatthours","megawatthours","megawatthours","megawatthours","megawatthours","megawatthours","megawatthours","megawatthours","megawatthours","megawatthours","megawatthours","megawatthours","ratio","megawatthours","megawatthours","megawatthours","megawatthours","megawatthours","megawatthours","megawatthours"
"2015","ME","Maine","206050","665508","2212412","2417219","9322803","84","6161801","593049","1153","5725214","8657211","2418462","1373616","1.09","16740782","11888168","283445","4999517","11741265","16740782","185284","megawatthours","megawatthours","megawatthours","megawatthours","megawatthours","megawatthours","megawatthours","megawatthours","megawatthours","megawatthours","megawatthours","megawatthours","megawatthours","ratio","megawatthours","megawatthours","megawatthours","megawatthours","megawatthours","megawatthours","megawatthours"
"2015","MI","Michigan","1012742","10925817","1280344","2090106","110714964","85370227","9305012","5112277","605375","92569534","14418920","2293086","10019688","1.09","121489303","102479921","190098","8481253","113008050","121489303","1597213","megawatthours","megawatthours","megawatthours","megawatthours","megawatthours","megawatthours","megawatthours","megawatthours","megawatthours","megawatthours","megawatthours","megawatthours","megawatthours","ratio","megawatthours","megawatthours","megawatthours","megawatthours","megawatthours","megawatthours","megawatthours"
"2015","MN","Minnesota","190619","515907","1452813","1147220","55336336","45816979","0","3321348","716369","65862865","9003450","1643432","-7185111",".9","65017540","66579234","117170","8037772","56979768","65017540","1037678","megawatthours","megawatthours","megawatthours","megawatthours","megawatthours","megawatthours","megawatthours","megawatthours","megawatthours","megawatthours","megawatthours","megawatthours","megawatthours","ratio","megawatthours","megawatthours","megawatthours","megawatthours","megawatthours","megawatthours","megawatthours"
"2015","MO","Missouri","163979","39631","43202","268017","83432886","80878917","0","4065884",NA,"81504081","2514338","207181","-3468206",".96","83640067","81504081","0","0","83640067","83640067","1270291","megawatthours","megawatthours","megawatthours","megawatthours","megawatthours","megawatthours","megawatthours","megawatthours","megawatthours","megawatthours","megawatthours","megawatthours","megawatthours","ratio","megawatthours","megawatthours","megawatthours","megawatthours","megawatthours","megawatthours","megawatthours"
"2015","MS","Mississippi","7117","0","1912810","1847958","62837937","56272953","0","2429009",NA,"48691529","6564984","1919927","11030481","1.21","64757864","48691529","0","0","64757864","64757864","758887","megawatthours","megawatthours","megawatthours","megawatthours","megawatthours","megawatthours","megawatthours","megawatthours","megawatthours","megawatthours","megawatthours","megawatthours","megawatthours","ratio","megawatthours","megawatthours","megawatthours","megawatthours","megawatthours","megawatthours","megawatthours"
"2015","MT","Montana","0","500087","27781","101634","29274620","10717102","2721896","708721",NA,"11485015","18057431","27781","13889309","1.89","29438842","14206911","310843","136441","29302401","29438842","221423","megawatthours","megawatthours","megawatthours","megawatthours","megawatthours","megawatthours","megawatthours","megawatthours","megawatthours","megawatthours","megawatthours","megawatthours","megawatthours","ratio","megawatthours","megawatthours","megawatthours","megawatthours","megawatthours","megawatthours","megawatthours"
"2015","NC","North Carolina","227797","849983","1997538","2296824","126163110","119073672","0","6677071",NA,"133847523","6239455","2225335","-16519069",".89","128388445","133847523","0","0","128388445","128388445","2086096","megawatthours","megawatthours","megawatthours","megawatthours","megawatthours","megawatthours","megawatthours","megawatthours","megawatthours","megawatthours","megawatthours","megawatthours","megawatthours","ratio","megawatthours","megawatthours","megawatthours","megawatthours","megawatthours","megawatthours","megawatthours"
"2015","ND","North Dakota","17","0","167243","183842","36989352","33105902","0","904374",NA,"18128948","3883450","167260","19638817","2.01","39174250","18128948","35718","2017638","37156612","39174250","282551","megawatthours","megawatthours","megawatthours","megawatthours","megawatthours","megawatthours","megawatthours","megawatthours","megawatthours","megawatthours","megawatthours","megawatthours","megawatthours","ratio","megawatthours","megawatthours","megawatthours","megawatthours","megawatthours","megawatthours","megawatthours"
"2015","NE","Nebraska","16923","0","381424","481211","39485044","36522242","0","1471381",NA,"29495073","2962802","398347","7976027","1.25","39883391","29495073","0","0","39883391","39883391","459699","megawatthours","megawatthours","megawatthours","megawatthours","megawatthours","megawatthours","megawatthours","megawatthours","megawatthours","megawatthours","megawatthours","megawatthours","megawatthours","ratio","megawatthours","megawatthours","megawatthours","megawatthours","megawatthours","megawatthours","megawatthours"
"2015","NH","New Hampshire","73165","0","31529","121466","19911200","1694535","5048346","548700",NA,"5950803","18216665","104694","8408559","1.71","20249302","10999149","0","233409","20015893","20249302","171428","megawatthours","megawatthours","megawatthours","megawatthours","megawatthours","megawatthours","megawatthours","megawatthours","megawatthours","megawatthours","megawatthours","megawatthours","megawatthours","ratio","megawatthours","megawatthours","megawatthours","megawatthours","megawatthours","megawatthours","megawatthours"
"2015","NJ","New Jersey","655729","6507480","705544","1521535","73247586","-24188","35809014","3765849","316806","39363803","66764294","1361274","-7113050",".91","74843045","75489623","2536","234185","74608860","74843045","1176552","megawatthours","megawatthours","megawatthours","megawatthours","megawatthours","megawatthours","megawatthours","megawatthours","megawatthours","megawatthours","megawatthours","megawatthours","megawatthours","ratio","megawatthours","megawatthours","megawatthours","megawatthours","megawatthours","megawatthours","megawatthours"
"2015","NM","New Mexico","124121","278517","861","178662","32576416","25950771","0","1152037","19521","23074032","6347128","124982","7928105","1.32","32713640","23093553","1356","12242","32701398","32713640","359927","megawatthours","megawatthours","megawatthours","megawatthours","megawatthours","megawatthours","megawatthours","megawatthours","megawatthours","megawatthours","megawatthours","megawatthours","megawatthours","ratio","megawatthours","megawatthours","megawatthours","megawatthours","megawatthours","megawatthours","megawatthours"
"2015","NV","Nevada","114061","2203014","304750","112143","38627973","30496653","2305307","1796866","40053","33674330","5928306","418811","567267","1.01","39057355","36019690","0","10571","39046784","39057355","561389","megawatthours","megawatthours","megawatthours","megawatthours","megawatthours","megawatthours","megawatthours","megawatthours","megawatthours","megawatthours","megawatthours","megawatthours","megawatthours","ratio","megawatthours","megawatthours","megawatthours","megawatthours","megawatthours","megawatthours","megawatthours"
"2015","NY","New York","1236348","16289685","931700","1666049","136413637","34681959","78512623","7428654","584067","69816965","85441993","2168049","-4451627",".97","156372663","148913655","495020","17790977","138581686","156372663","2320911","megawatthours","megawatthours","megawatthours","megawatthours","megawatthours","megawatthours","megawatthours","megawatthours","megawatthours","megawatthours","megawatthours","megawatthours","megawatthours","ratio","megawatthours","megawatthours","megawatthours","megawatthours","megawatthours","megawatthours","megawatthours"
"2015","OH","Ohio","127981","925708","861964","1199485","122089349","25590075","97345496","7443598","165285","51702443","95573567","989945","-37102593",".77","123079294","149213224","0","0","123079294","123079294","2325580","megawatthours","megawatthours","megawatthours","megawatthours","megawatthours","megawatthours","megawatthours","megawatthours","megawatthours","megawatthours","megawatthours","megawatthours","megawatthours","ratio","megawatthours","megawatthours","megawatthours","megawatthours","megawatthours","megawatthours","megawatthours"
"2015","OK","Oklahoma","21","1889445","889481","1284314","75246094","48778157","0","3059805",NA,"61336385","24578492","889502","9499126","1.14","76135596","61336385","0","0","76135596","76135596","955965","megawatthours","megawatthours","megawatthours","megawatthours","megawatthours","megawatthours","megawatthours","megawatthours","megawatthours","megawatthours","megawatthours","megawatthours","megawatthours","ratio","megawatthours","megawatthours","megawatthours","megawatthours","megawatthours","megawatthours","megawatthours"
"2015","OR","Oregon","77670","5124703","675371","627291","57113494","41305761","1894078","2357794",NA,"45369896","10683030","753041","8968283","1.17","60236219","47263974","282239","2369684","57866535","60236219","736638","megawatthours","megawatthours","megawatthours","megawatthours","megawatthours","megawatthours","megawatthours","megawatthours","megawatthours","megawatthours","megawatthours","megawatthours","megawatthours","ratio","megawatthours","megawatthours","megawatthours","megawatthours","megawatthours","megawatthours","megawatthours"
"2015","PA","Pennsylvania","392125","9001364","2816828","4327783","211336314","67115","98299562","7300467","10613","48033853","202267834","3208954","54827877","1.34","215111923","146344028","30907","566656","214545267","215111923","2280862","megawatthours","megawatthours","megawatthours","megawatthours","megawatthours","megawatthours","megawatthours","megawatthours","megawatthours","megawatthours","megawatthours","megawatthours","megawatthours","ratio","megawatthours","megawatthours","megawatthours","megawatthours","megawatthours","megawatthours","megawatthours"
"2015","RI","Rhode Island","73339","0","0","35320","6865680","11539","3104445","382359",NA,"4560273","6854141","73339","-1100187",".87","7101670","7664718","0","162651","6939019","7101670","119459","megawatthours","megawatthours","megawatthours","megawatthours","megawatthours","megawatthours","megawatthours","megawatthours","megawatthours","megawatthours","megawatthours","megawatthours","megawatthours","ratio","megawatthours","megawatthours","megawatthours","megawatthours","megawatthours","megawatthours","megawatthours"
"2015","SC","South Carolina","4059","1337699","1686305","2311716","94841849","92411853","0","4057112",NA,"81328246","1092297","1690364","7567588","1.09","96532213","81328246","0","0","96532213","96532213","1267551","megawatthours","megawatthours","megawatthours","megawatthours","megawatthours","megawatthours","megawatthours","megawatthours","megawatthours","megawatthours","megawatthours","megawatthours","megawatthours","ratio","megawatthours","megawatthours","megawatthours","megawatthours","megawatthours","megawatthours","megawatthours"
"2015","SD","South Dakota","24","0","0","63","9633009","7966158","0","603715",NA,"12101979","1666851","24","-3261341",".75","9633033","12101979","0","0","9633033","9633033","188617","megawatthours","megawatthours","megawatthours","megawatthours","megawatthours","megawatthours","megawatthours","megawatthours","megawatthours","megawatthours","megawatthours","megawatthours","megawatthours","ratio","megawatthours","megawatthours","megawatthours","megawatthours","megawatthours","megawatthours","megawatthours"
"2015","TN","Tennessee","146238","0","2197167","2523087","72871232","72675778","0","4970212","12931","99619177","195454","2343405","-33463599",".69","75214636","99632108","0","0","75214636","75214636","1552828","megawatthours","megawatthours","megawatthours","megawatthours","megawatthours","megawatthours","megawatthours","megawatthours","megawatthours","megawatthours","megawatthours","megawatthours","megawatthours","ratio","megawatthours","megawatthours","megawatthours","megawatthours","megawatthours","megawatthours","megawatthours"
"2015","TX","Texas","712065","45194121","42004492","36116457","407109780","88211969","0","19572003","7091470","385245884","273703690","42716556","-4567185",".99","449826336","392337354","252888","0","449826336","449826336","6114819","megawatthours","megawatthours","megawatthours","megawatthours","megawatthours","megawatthours","megawatthours","megawatthours","megawatthours","megawatthours","megawatthours","megawatthours","megawatthours","ratio","megawatthours","megawatthours","megawatthours","megawatthours","megawatthours","megawatthours","megawatthours"
"2015","US","United States","12595196","155172552","145712028","141167519","3920406548","2316508487","554944016","187519774","12623813","3191424561","1448725510","158307224","0","1","4154308094","3758992390","9117535","75594323","4078713772","4154308095","57510877","megawatthours","megawatthours","megawatthours","megawatthours","megawatthours","megawatthours","megawatthours","megawatthours","megawatthours","megawatthours","megawatthours","megawatthours","megawatthours","ratio","megawatthours","megawatthours","megawatthours","megawatthours","megawatthours","megawatthours","megawatthours"
"2015","UT","Utah","92926","7475","970059","1209729","40886136","39381081","0","1506165","2328","30190022","1497580","1062985","8585727","1.26","41965471","30192350","934","16351","41949120","41965471","470566","megawatthours","megawatthours","megawatthours","megawatthours","megawatthours","megawatthours","megawatthours","megawatthours","megawatthours","megawatthours","megawatthours","megawatthours","megawatthours","ratio","megawatthours","megawatthours","megawatthours","megawatthours","megawatthours","megawatthours","megawatthours"
"2015","VA","Virginia","463144","1765112","2458938","2741042","81489510","67573071","247050","5587644",NA,"111761995","12151327","2922082","-37671869",".69","84411592","112009045","0","0","84411592","84411592","1745730","megawatthours","megawatthours","megawatthours","megawatthours","megawatthours","megawatthours","megawatthours","megawatthours","megawatthours","megawatthours","megawatthours","megawatthours","megawatthours","ratio","megawatthours","megawatthours","megawatthours","megawatthours","megawatthours","megawatthours","megawatthours"
"2015","VT","Vermont","2959","0","0","4375","1979088","897963","0","275424","2434","5518675","1081125","2959","6886305","2.17","12786498","5521109","13235","10804451","1982047","12786498","86050","megawatthours","megawatthours","megawatthours","megawatthours","megawatthours","megawatthours","megawatthours","megawatthours","megawatthours","megawatthours","megawatthours","megawatthours","megawatthours","ratio","megawatthours","megawatthours","megawatthours","megawatthours","megawatthours","megawatthours","megawatthours"
"2015","WA","Washington","34789","998946","1537284","949246","107715385","93675576","2013084","4495499",NA,"88103002","13040863","1572073","9011902","1.09","112906345","90116086","6929097","3618887","109287458","112906345","1404515","megawatthours","megawatthours","megawatthours","megawatthours","megawatthours","megawatthours","megawatthours","megawatthours","megawatthours","megawatthours","megawatthours","megawatthours","megawatthours","ratio","megawatthours","megawatthours","megawatthours","megawatthours","megawatthours","megawatthours","megawatthours"
"2015","WI","Wisconsin","106339","730927","1801319","1968093","64452525","52388626","0","3427091","2292","68696640","11332971","1907658","-8804648",".88","66360183","68698932","0","0","66360183","66360183","1070715","megawatthours","megawatthours","megawatthours","megawatthours","megawatthours","megawatthours","megawatthours","megawatthours","megawatthours","megawatthours","megawatthours","megawatthours","megawatthours","ratio","megawatthours","megawatthours","megawatthours","megawatthours","megawatthours","megawatthours","megawatthours"
"2015","WV","West Virginia","0","405911","1121474","658470","71173795","57042502","0","1611457",NA,"32303026","13725382","1121474","37218853","2.06","72295269","32303026","0","0","72295269","72295269","503462","megawatthours","megawatthours","megawatthours","megawatthours","megawatthours","megawatthours","megawatthours","megawatthours","megawatthours","megawatthours","megawatthours","megawatthours","megawatthours","ratio","megawatthours","megawatthours","megawatthours","megawatthours","megawatthours","megawatthours","megawatthours"
"2015","WY","Wyoming","0","0","1485541","1521287","47480978","44787847","0","844303",NA,"16924762","2693131","1485541","29414576","2.5","48969673","16924762","963","3154","48966519","48969673","263783","megawatthours","megawatthours","megawatthours","megawatthours","megawatthours","megawatthours","megawatthours","megawatthours","megawatthours","megawatthours","megawatthours","megawatthours","megawatthours","ratio","megawatthours","megawatthours","megawatthours","megawatthours","megawatthours","megawatthours","megawatthours"
"2014","AK","Alaska","171906","191062","117558","253513","5753366","5509991","0","321001",NA,"6164812","52313","289464","0","1","6042830","6164812","0","0","6042830","6042830","-696497","megawatthours","megawatthours","megawatthours","megawatthours","megawatthours","megawatthours","megawatthours","megawatthours","megawatthours","megawatthours","megawatthours","megawatthours","megawatthours","ratio","megawatthours","megawatthours","megawatthours","megawatthours","megawatthours","megawatthours","megawatthours"
"2014","AL","Alabama","0","4125833","3837837","5000379","145502610","112340555","0","4712003",NA,"90493727","29036222","3837837","47964280","1.47","149340447","90493727","0","0","149340447","149340447","1170058","megawatthours","megawatthours","megawatthours","megawatthours","megawatthours","megawatthours","megawatthours","megawatthours","megawatthours","megawatthours","megawatthours","megawatthours","megawatthours","ratio","megawatthours","megawatthours","megawatthours","megawatthours","megawatthours","megawatthours","megawatthours"
"2014","AR","Arkansas","7633","1089454","1780271","1925932","59804232","48752895","0","2451468",NA,"47080301","9961883","1787904","9525700","1.18","61592137","47080301","0","0","61592137","61592137","608735","megawatthours","megawatthours","megawatthours","megawatthours","megawatthours","megawatthours","megawatthours","megawatthours","megawatthours","megawatthours","megawatthours","megawatthours","megawatthours","ratio","megawatthours","megawatthours","megawatthours","megawatthours","megawatthours","megawatthours","megawatthours"
"2014","AZ","Arizona","155794","61811","0","201071","112101393","94847135","0","3972816","85200","76212485","17192448","155794","30847567","1.38","112315535","76297685","9889","58348","112257187","112315535","986507","megawatthours","megawatthours","megawatthours","megawatthours","megawatthours","megawatthours","megawatthours","megawatthours","megawatthours","megawatthours","megawatthours","megawatthours","megawatthours","ratio","megawatthours","megawatthours","megawatthours","megawatthours","megawatthours","megawatthours","megawatthours"
"2014","CA","California","2802160","20207580","15184174","11180448","180821288","71037135","26993982","13672774","2664135","232926669","89576573","17986334","-79716562",".73","211176926","262584786","60333","12369304","198807622","211176926","3395147","megawatthours","megawatthours","megawatthours","megawatthours","megawatthours","megawatthours","megawatthours","megawatthours","megawatthours","megawatthours","megawatthours","megawatthours","megawatthours","ratio","megawatthours","megawatthours","megawatthours","megawatthours","megawatthours","megawatthours","megawatthours"
"2014","CO","Colorado","26149","213200","71175","83636","53750062","43239615","0","2780354","59848","53336673","10297247","97324","-3110160",".95","53847665","53396521","6912","279","53847386","53847665","690402","megawatthours","megawatthours","megawatthours","megawatthours","megawatthours","megawatthours","megawatthours","megawatthours","megawatthours","megawatthours","megawatthours","megawatthours","megawatthours","ratio","megawatthours","megawatthours","megawatthours","megawatthours","megawatthours","megawatthours","megawatthours"
"2014","CT","Connecticut","440246","148905","472775","837754","32763959","54693","16656291","1528485","61066","12637103","32560362","913021","2247595","1.07","34348090","29354460","252","671110","33676980","34348090","379545","megawatthours","megawatthours","megawatthours","megawatthours","megawatthours","megawatthours","megawatthours","megawatthours","megawatthours","megawatthours","megawatthours","megawatthours","megawatthours","ratio","megawatthours","megawatthours","megawatthours","megawatthours","megawatthours","megawatthours","megawatthours"
"2014","DC","District of Columbia","67612","0","0","33870","0","0","8176588","582849",NA,"3017001","0","67612","-11887426",".01","67612","11193589","0","0","67612","67612","144730","megawatthours","megawatthours","megawatthours","megawatthours","megawatthours","megawatthours","megawatthours","megawatthours","megawatthours","megawatthours","megawatthours","megawatthours","megawatthours","ratio","megawatthours","megawatthours","megawatthours","megawatthours","megawatthours","megawatthours","megawatthours"
"2014","DE","Delaware","6767","199426","881944","720525","6814872","49050","4511506","590394","2029","6824942","6566396","888711","-5092416",".6","7703584","11338477","0","0","7703584","7703584","146603","megawatthours","megawatthours","megawatthours","megawatthours","megawatthours","megawatthours","megawatthours","megawatthours","megawatthours","megawatthours","megawatthours","megawatthours","megawatthours","ratio","megawatthours","megawatthours","megawatthours","megawatthours","megawatthours","megawatthours","megawatthours"
"2014","FL","Florida","66854","4170131","5134620","5375185","224814464","211970587","0","11771873",NA,"226078111","8673745","5201474","-16132358",".93","230015937","226078111","0","0","230015937","230015937","2923126","megawatthours","megawatthours","megawatthours","megawatthours","megawatthours","megawatthours","megawatthours","megawatthours","megawatthours","megawatthours","megawatthours","megawatthours","megawatthours","ratio","megawatthours","megawatthours","megawatthours","megawatthours","megawatthours","megawatthours","megawatthours"
"2014","GA","Georgia","29542","208880","4664742","4565846","121142940","109523336","0","7070573","22154","135767778","11410724","4694284","-23344853",".84","125837224","135789932","0","0","125837224","125837224","1755725","megawatthours","megawatthours","megawatthours","megawatthours","megawatthours","megawatthours","megawatthours","megawatthours","megawatthours","megawatthours","megawatthours","megawatthours","megawatthours","ratio","megawatthours","megawatthours","megawatthours","megawatthours","megawatthours","megawatthours","megawatthours"
"2014","HI","Hawaii","382607","2791485","450566","538800","9370985","5517389","0","493386","8114","9467338","1062111","833173","0","1","10204158","9475452","0","0","10204158","10204158","-303480","megawatthours","megawatthours","megawatthours","megawatthours","megawatthours","megawatthours","megawatthours","megawatthours","megawatthours","megawatthours","megawatthours","megawatthours","megawatthours","ratio","megawatthours","megawatthours","megawatthours","megawatthours","megawatthours","megawatthours","megawatthours"
"2014","IA","Iowa","220472","3886","2064492","2364746","54568318","43021954","0","2457798",NA,"47201853","11542478","2284964","4218579","1.08","56853282","47201853","0","0","56853282","56853282","610307","megawatthours","megawatthours","megawatthours","megawatthours","megawatthours","megawatthours","megawatthours","megawatthours","megawatthours","megawatthours","megawatthours","megawatthours","megawatthours","ratio","megawatthours","megawatthours","megawatthours","megawatthours","megawatthours","megawatthours","megawatthours"
"2014","ID","Idaho","4838","178352","554183","583865","14625395","9628016","0","1209756",NA,"23233284","4819027","559021","-10155067",".6","15201425","23233284","29187","17008","15184417","15201425","300400","megawatthours","megawatthours","megawatthours","megawatthours","megawatthours","megawatthours","megawatthours","megawatthours","megawatthours","megawatthours","megawatthours","megawatthours","megawatthours","ratio","megawatthours","megawatthours","megawatthours","megawatthours","megawatthours","megawatthours","megawatthours"
"2014","IL","Illinois","537517","606391","2788689","3439427","198817672","10457398","98281822","7369994","447337","42811128","187753883","3326206","47964094","1.31","202143878","141540287","0","0","202143878","202143878","1830076","megawatthours","megawatthours","megawatthours","megawatthours","megawatthours","megawatthours","megawatthours","megawatthours","megawatthours","megawatthours","megawatthours","megawatthours","megawatthours","ratio","megawatthours","megawatthours","megawatthours","megawatthours","megawatthours","megawatthours","megawatthours"
"2014","IN","Indiana","213899","7462710","3038629","7958621","112142864","100983285","0","5568490",NA,"106942504","3696870","3252527","-6412538",".95","115441174","106942504","1361","45782","115395392","115441174","1382736","megawatthours","megawatthours","megawatthours","megawatthours","megawatthours","megawatthours","megawatthours","megawatthours","megawatthours","megawatthours","megawatthours","megawatthours","megawatthours","ratio","megawatthours","megawatthours","megawatthours","megawatthours","megawatthours","megawatthours","megawatthours"
"2014","KS","Kansas","0","0","36371","60865","49691992","39669629","0","2112040",NA,"40561606","10022363","36371","6469402","1.15","49728363","40561606","0","0","49728363","49728363","524450","megawatthours","megawatthours","megawatthours","megawatthours","megawatthours","megawatthours","megawatthours","megawatthours","megawatthours","megawatthours","megawatthours","megawatthours","megawatthours","ratio","megawatthours","megawatthours","megawatthours","megawatthours","megawatthours","megawatthours","megawatthours"
"2014","KY","Kentucky","0","0","598604","391720","90297831","90133403","0","4105138","174608","78664316","164428","598604","6541288","1.08","90896435","78838924","0","0","90896435","90896435","1019365","megawatthours","megawatthours","megawatthours","megawatthours","megawatthours","megawatthours","megawatthours","megawatthours","megawatthours","megawatthours","megawatthours","megawatthours","megawatthours","ratio","megawatthours","megawatthours","megawatthours","megawatthours","megawatthours","megawatthours","megawatthours"
"2014","LA","Louisiana","190355","2067416","31366537","20316681","72672510","58518271","0","4719011",NA,"90628316","12086823","31556892","-12606405",".89","104229402","90628316","0","0","104229402","104229402","1171798","megawatthours","megawatthours","megawatthours","megawatthours","megawatthours","megawatthours","megawatthours","megawatthours","megawatthours","megawatthours","megawatthours","megawatthours","megawatthours","ratio","megawatthours","megawatthours","megawatthours","megawatthours","megawatthours","megawatthours","megawatthours"
"2014","MA","Massachusetts","600219","2532255","151756","1103383","30366616","679986","24783264","2836213","371634","29314394","27154376","751975","-26575138",".55","32541063","54469292","3041","1422472","31118591","32541063","704273","megawatthours","megawatthours","megawatthours","megawatthours","megawatthours","megawatthours","megawatthours","megawatthours","megawatthours","megawatthours","megawatthours","megawatthours","megawatthours","ratio","megawatthours","megawatthours","megawatthours","megawatthours","megawatthours","megawatthours","megawatthours"
"2014","MD","Maryland","414491","2694499","349628","844760","37069534","20260","32280252","3211875","16826","29386791","34354775","764119","-28524191",".57","38014915","61683869","1047","181263","37833652","38014915","797555","megawatthours","megawatthours","megawatthours","megawatthours","megawatthours","megawatthours","megawatthours","megawatthours","megawatthours","megawatthours","megawatthours","megawatthours","megawatthours","ratio","megawatthours","megawatthours","megawatthours","megawatthours","megawatthours","megawatthours","megawatthours"
"2014","ME","Maine","207801","588453","3236282","3151592","9804627","523","11838518","624978","1483","162660","9215651","3444083","1826852","1.11","17952145","12002661","190871","4703435","13248710","17952145","155191","megawatthours","megawatthours","megawatthours","megawatthours","megawatthours","megawatthours","megawatthours","megawatthours","megawatthours","megawatthours","megawatthours","megawatthours","megawatthours","ratio","megawatthours","megawatthours","megawatthours","megawatthours","megawatthours","megawatthours","megawatthours"
"2014","MI","Michigan","971778","7631138","1350907","2333108","104494305","84075322","11451880","5379559","416134","91446084","12787845","2322686","298666","1","112992516","103314098","331263","6175525","106816991","112992516","1335822","megawatthours","megawatthours","megawatthours","megawatthours","megawatthours","megawatthours","megawatthours","megawatthours","megawatthours","megawatthours","megawatthours","megawatthours","megawatthours","ratio","megawatthours","megawatthours","megawatthours","megawatthours","megawatthours","megawatthours","megawatthours"
"2014","MN","Minnesota","214945","435650","1383519","1123692","55399867","45963271","0","3578213","820748","67898619","9000946","1598463","-10563296",".86","64187588","68719367","441090","7189258","56998330","64187588","888522","megawatthours","megawatthours","megawatthours","megawatthours","megawatthours","megawatthours","megawatthours","megawatthours","megawatthours","megawatthours","megawatthours","megawatthours","megawatthours","ratio","megawatthours","megawatthours","megawatthours","megawatthours","megawatthours","megawatthours","megawatthours"
"2014","MO","Missouri","165276","52280","51293","276799","87617899","85271253","0","4367543",NA,"83878397","2294366","216569","-1772795",".98","87834468","83878397","0","0","87834468","87834468","1084524","megawatthours","megawatthours","megawatthours","megawatthours","megawatthours","megawatthours","megawatthours","megawatthours","megawatthours","megawatthours","megawatthours","megawatthours","megawatthours","ratio","megawatthours","megawatthours","megawatthours","megawatthours","megawatthours","megawatthours","megawatthours"
"2014","MS","Mississippi","20988","0","1830898","1763652","53275206","47084382","0","2572704",NA,"49408631","6190824","1851886","743265","1.01","55127092","49408631","0","0","55127092","55127092","638840","megawatthours","megawatthours","megawatthours","megawatthours","megawatthours","megawatthours","megawatthours","megawatthours","megawatthours","megawatthours","megawatthours","megawatthours","megawatthours","ratio","megawatthours","megawatthours","megawatthours","megawatthours","megawatthours","megawatthours","megawatthours"
"2014","MT","Montana","0","404660","21821","94123","30235795","12329411","2610335","734311",NA,"11492057","17501724","21821","14165907","1.88","30340175","14102392","1061102","82559","30257616","30340175","182340","megawatthours","megawatthours","megawatthours","megawatthours","megawatthours","megawatthours","megawatthours","megawatthours","megawatthours","megawatthours","megawatthours","megawatthours","megawatthours","ratio","megawatthours","megawatthours","megawatthours","megawatthours","megawatthours","megawatthours","megawatthours"
"2014","NC","North Carolina","194865","1495760","1868641","2303797","126080082","119432144","0","6932216",NA,"133132776","5152178","2063506","-15946570",".89","128143588","133132776","0","0","128143588","128143588","1721369","megawatthours","megawatthours","megawatthours","megawatthours","megawatthours","megawatthours","megawatthours","megawatthours","megawatthours","megawatthours","megawatthours","megawatthours","megawatthours","ratio","megawatthours","megawatthours","megawatthours","megawatthours","megawatthours","megawatthours","megawatthours"
"2014","ND","North Dakota","109","0","124324","170528","36338075","32088446","0","949742",NA,"18239732","4249629","124433","18577535","1.94","38331186","18239732","157814","1868678","36462508","38331186","235835","megawatthours","megawatthours","megawatthours","megawatthours","megawatthours","megawatthours","megawatthours","megawatthours","megawatthours","megawatthours","megawatthours","megawatthours","megawatthours","ratio","megawatthours","megawatthours","megawatthours","megawatthours","megawatthours","megawatthours","megawatthours"
"2014","NE","Nebraska","17441","0","342283","445478","39071567","36560960","0","1573666",NA,"30222168","2510607","359724","6799000","1.21","39432151","30222168","1074","860","39431291","39432151","390764","megawatthours","megawatthours","megawatthours","megawatthours","megawatthours","megawatthours","megawatthours","megawatthours","megawatthours","megawatthours","megawatthours","megawatthours","megawatthours","ratio","megawatthours","megawatthours","megawatthours","megawatthours","megawatthours","megawatthours","megawatthours"
"2014","NH","New Hampshire","69295","0","30927","117752","19438173","2085585","5008905","569858",NA,"5935176","17352588","100222","8015315","1.68","19788604","10944081","94","250209","19538395","19788604","141504","megawatthours","megawatthours","megawatthours","megawatthours","megawatthours","megawatthours","megawatthours","megawatthours","megawatthours","megawatthours","megawatthours","megawatthours","megawatthours","ratio","megawatthours","megawatthours","megawatthours","megawatthours","megawatthours","megawatthours","megawatthours"
"2014","NJ","New Jersey","603189","7405235","690753","941245","66757144","-117003","37295053","3846202","272626","36298399","59468913","1293942","-11324341",".86","68285505","73866078","1253","234419","68051086","68285505","955067","megawatthours","megawatthours","megawatthours","megawatthours","megawatthours","megawatthours","megawatthours","megawatthours","megawatthours","megawatthours","megawatthours","megawatthours","megawatthours","ratio","megawatthours","megawatthours","megawatthours","megawatthours","megawatthours","megawatthours","megawatthours"
"2014","NM","New Mexico","112156","279544","29805","187120","32164249","26422867","0","1203608","21451","23093771","5461838","141961","7522875","1.3","32335431","23115222","7732","29221","32306210","32335431","298873","megawatthours","megawatthours","megawatthours","megawatthours","megawatthours","megawatthours","megawatthours","megawatthours","megawatthours","megawatthours","megawatthours","megawatthours","megawatthours","ratio","megawatthours","megawatthours","megawatthours","megawatthours","megawatthours","megawatthours","megawatthours"
"2014","NV","Nevada","95465","2208897","240964","105014","35664108","27758728","2132911","1826385","31202","32911493","5696483","336429","-1420406",".96","36040882","35075606","766","40345","36000537","36040882","453518","megawatthours","megawatthours","megawatthours","megawatthours","megawatthours","megawatthours","megawatthours","megawatthours","megawatthours","megawatthours","megawatthours","megawatthours","megawatthours","ratio","megawatthours","megawatthours","megawatthours","megawatthours","megawatthours","megawatthours","megawatthours"
"2014","NY","New York","1174321","15510730","950813","2100982","134952179","34082856","77495913","7673647","592861","69283139","85358593","2125133","-5871181",".96","154210372","147371913","1029534","17133060","137077312","154210372","1905477","megawatthours","megawatthours","megawatthours","megawatthours","megawatthours","megawatthours","megawatthours","megawatthours","megawatthours","megawatthours","megawatthours","megawatthours","megawatthours","ratio","megawatthours","megawatthours","megawatthours","megawatthours","megawatthours","megawatthours","megawatthours"
"2014","OH","Ohio","107391","530457","873746","1181447","133521427","43316670","97177459","7845883","173868","53328386","89674300","981136","-27152727",".83","134502563","150679713","0","0","134502563","134502563","1948246","megawatthours","megawatthours","megawatthours","megawatthours","megawatthours","megawatthours","megawatthours","megawatthours","megawatthours","megawatthours","megawatthours","megawatthours","megawatthours","ratio","megawatthours","megawatthours","megawatthours","megawatthours","megawatthours","megawatthours","megawatthours"
"2014","OK","Oklahoma","49","1985176","841584","1255974","69313871","48096026","0","3206122",NA,"61573374","19232669","841633","3323908","1.05","70155504","61573374","0","0","70155504","70155504","796126","megawatthours","megawatthours","megawatthours","megawatthours","megawatthours","megawatthours","megawatthours","megawatthours","megawatthours","megawatthours","megawatthours","megawatthours","megawatthours","ratio","megawatthours","megawatthours","megawatthours","megawatthours","megawatthours","megawatthours","megawatthours"
"2014","OR","Oregon","97158","4541093","703110","684481","59319639","44565239","1841883","2464728",NA,"45493070","10213307","800268","9178840","1.18","60481310","47334953","206281","361403","60119907","60481310","612028","megawatthours","megawatthours","megawatthours","megawatthours","megawatthours","megawatthours","megawatthours","megawatthours","megawatthours","megawatthours","megawatthours","megawatthours","megawatthours","ratio","megawatthours","megawatthours","megawatthours","megawatthours","megawatthours","megawatthours","megawatthours"
"2014","PA","Pennsylvania","417386","9451338","3041254","4854464","217576595","90994","100192943","7638019","10459","46484296","208034263","3458639","60512684","1.38","221613135","146687698","23640","577901","221035234","221613135","1896630","megawatthours","megawatthours","megawatthours","megawatthours","megawatthours","megawatthours","megawatthours","megawatthours","megawatthours","megawatthours","megawatthours","megawatthours","megawatthours","ratio","megawatthours","megawatthours","megawatthours","megawatthours","megawatthours","megawatthours","megawatthours"
"2014","RI","Rhode Island","67586","0","0","28310","6214163","10670","2568639","397976",NA,"5074465","6203493","67586","-1711791",".79","6456487","7643104","65","174739","6281748","6456487","98823","megawatthours","megawatthours","megawatthours","megawatthours","megawatthours","megawatthours","megawatthours","megawatthours","megawatthours","megawatthours","megawatthours","megawatthours","megawatthours","ratio","megawatthours","megawatthours","megawatthours","megawatthours","megawatthours","megawatthours","megawatthours"
"2014","SC","South Carolina","6189","983640","1895299","2369701","95256977","93547004","0","4249936",NA,"81619765","726334","1901488","7863742","1.09","97158465","81619765","0","0","97158465","97158465","1055320","megawatthours","megawatthours","megawatthours","megawatthours","megawatthours","megawatthours","megawatthours","megawatthours","megawatthours","megawatthours","megawatthours","megawatthours","megawatthours","ratio","megawatthours","megawatthours","megawatthours","megawatthours","megawatthours","megawatthours","megawatthours"
"2014","SD","South Dakota","25","0","0","89","10995215","9344872","0","643310",NA,"12354726","1650343","25","-2162628",".84","10995240","12354726","0","0","10995240","10995240","159743","megawatthours","megawatthours","megawatthours","megawatthours","megawatthours","megawatthours","megawatthours","megawatthours","megawatthours","megawatthours","megawatthours","megawatthours","megawatthours","ratio","megawatthours","megawatthours","megawatthours","megawatthours","megawatthours","megawatthours","megawatthours"
"2014","TN","Tennessee","133830","0","2219088","2463339","77153968","76986629","0","5218409","13951","100205279","167339","2352918","-29689898",".73","79506886","100219230","0","0","79506886","79506886","1295806","megawatthours","megawatthours","megawatthours","megawatthours","megawatthours","megawatthours","megawatthours","megawatthours","megawatthours","megawatthours","megawatthours","megawatthours","megawatthours","ratio","megawatthours","megawatthours","megawatthours","megawatthours","megawatthours","megawatthours","megawatthours"
"2014","TX","Texas","734243","44168107","39675322","34883315","397220102","94974953","0","20290084","9856842","379812978","258077041","40409566","-12676347",".97","437642556","389669820","437364","12888","437629668","437642556","5038321","megawatthours","megawatthours","megawatthours","megawatthours","megawatthours","megawatthours","megawatthours","megawatthours","megawatthours","megawatthours","megawatthours","megawatthours","megawatthours","ratio","megawatthours","megawatthours","megawatthours","megawatthours","megawatthours","megawatthours","megawatthours"
"2014","US","United States","12519578","150205400","144083155","138573884","3936961409","2382499653","563440828","196027713","16417957","3184841482","1404256356","156602733","0","1","4160074427","3764700267","13298253","66510284","4093564142","4160074426","47474309","megawatthours","megawatthours","megawatthours","megawatthours","megawatthours","megawatthours","megawatthours","megawatthours","megawatthours","megawatthours","megawatthours","megawatthours","megawatthours","ratio","megawatthours","megawatthours","megawatthours","megawatthours","megawatthours","megawatthours","megawatthours"
"2014","UT","Utah","83348","7304","1022557","1227421","42678621","40741425","0","1564338","2235","30040784","1929892","1105905","10562608","1.32","43813613","30043019","27779","29087","43784526","43813613","388448","megawatthours","megawatthours","megawatthours","megawatthours","megawatthours","megawatthours","megawatthours","megawatthours","megawatthours","megawatthours","megawatthours","megawatthours","megawatthours","ratio","megawatthours","megawatthours","megawatthours","megawatthours","megawatthours","megawatthours","megawatthours"
"2014","VA","Virginia","476142","1363562","2206326","1576943","74454970","62966914","43465","5836956",NA,"112054916","10124494","2682468","-43824242",".64","77137438","112098381","0","0","77137438","77137438","1449400","megawatthours","megawatthours","megawatthours","megawatthours","megawatthours","megawatthours","megawatthours","megawatthours","megawatthours","megawatthours","megawatthours","megawatthours","megawatthours","ratio","megawatthours","megawatthours","megawatthours","megawatthours","megawatthours","megawatthours","megawatthours"
"2014","VT","Vermont","3680","0","0","5462","7027714","868079","0","290022","59","5569802","6159635","3680","12250582","3.05","18213342","5569861","25398","11181948","7031394","18213342","72017","megawatthours","megawatthours","megawatthours","megawatthours","megawatthours","megawatthours","megawatthours","megawatthours","megawatthours","megawatthours","megawatthours","megawatthours","megawatthours","ratio","megawatthours","megawatthours","megawatthours","megawatthours","megawatthours","megawatthours","megawatthours"
"2014","WA","Washington","29642","1003103","1453946","944590","114850774","102294256","2099219","4797765","20068","90021490","11553416","1483588","9720493","1.09","118021464","92140777","9226485","1687101","116334363","118021464","1191354","megawatthours","megawatthours","megawatthours","megawatthours","megawatthours","megawatthours","megawatthours","megawatthours","megawatthours","megawatthours","megawatthours","megawatthours","megawatthours","ratio","megawatthours","megawatthours","megawatthours","megawatthours","megawatthours","megawatthours","megawatthours"
"2014","WI","Wisconsin","176219","792391","1958891","2117420","58929686","47301782","0","3618588","271019","69223736","10835514","2135109","-15064515",".8","61064796","69494755","0","0","61064796","61064796","898548","megawatthours","megawatthours","megawatthours","megawatthours","megawatthours","megawatthours","megawatthours","megawatthours","megawatthours","megawatthours","megawatthours","megawatthours","megawatthours","ratio","megawatthours","megawatthours","megawatthours","megawatthours","megawatthours","megawatthours","megawatthours"
"2014","WV","West Virginia","0","413607","1133355","696633","79926222","63331833","0","1702484",NA,"32696106","16180781","1133355","45541602","2.28","81059577","32696106","0","0","81059577","81059577","422751","megawatthours","megawatthours","megawatthours","megawatthours","megawatthours","megawatthours","megawatthours","megawatthours","megawatthours","megawatthours","megawatthours","megawatthours","megawatthours","ratio","megawatthours","megawatthours","megawatthours","megawatthours","megawatthours","megawatthours","megawatthours"
"2014","WY","Wyoming","0","0","1360897","1388386","48335286","45068982","0","892170",NA,"17134075","3266304","1360897","30055472","2.53","49708266","17134075","16624","12083","49696183","49708266","221539","megawatthours","megawatthours","megawatthours","megawatthours","megawatthours","megawatthours","megawatthours","megawatthours","megawatthours","megawatthours","megawatthours","megawatthours","megawatthours","ratio","megawatthours","megawatthours","megawatthours","megawatthours","megawatthours","megawatthours","megawatthours"
"2013","AK","Alaska","300144","187843","110723","260693","6085954","5851727","0","336726",NA,"6268212","46384","410868","0","1","6497502","6268212","0","680","6496822","6497502","-368129","megawatthours","megawatthours","megawatthours","megawatthours","megawatthours","megawatthours","megawatthours","megawatthours","megawatthours","megawatthours","megawatthours","megawatthours","megawatthours","ratio","megawatthours","megawatthours","megawatthours","megawatthours","megawatthours","megawatthours","megawatthours"
"2013","AL","Alabama","0","4014623","4147537","4608062","146425387","115027021","0","4719383","0","87852107","27383743","4147537","52068099","1.53","150572924","87852107","0","0","150572924","150572924","1325273","megawatthours","megawatthours","megawatthours","megawatthours","megawatthours","megawatthours","megawatthours","megawatthours","megawatthours","megawatthours","megawatthours","megawatthours","megawatthours","ratio","megawatthours","megawatthours","megawatthours","megawatthours","megawatthours","megawatthours","megawatthours"
"2013","AR","Arkansas","6336","1531003","1867867","2024920","58448289","46547772","0","2507796","0","46683034","10369514","1874203","8402516","1.16","60322492","46683034","0","0","60322492","60322492","704226","megawatthours","megawatthours","megawatthours","megawatthours","megawatthours","megawatthours","megawatthours","megawatthours","megawatthours","megawatthours","megawatthours","megawatthours","megawatthours","ratio","megawatthours","megawatthours","megawatthours","megawatthours","megawatthours","megawatthours","megawatthours"
"2013","AZ","Arizona","157442","191953","0","228315","113168544","92740582","0","4064537","103929","75558108","20236010","157442","32236561","1.4","113359349","75662037","26517","33363","113325986","113359349","1141382","megawatthours","megawatthours","megawatthours","megawatthours","megawatthours","megawatthours","megawatthours","megawatthours","megawatthours","megawatthours","megawatthours","megawatthours","megawatthours","ratio","megawatthours","megawatthours","megawatthours","megawatthours","megawatthours","megawatthours","megawatthours"
"2013","CA","California","2761572","16905498","15800404","12077629","181515139","78407643","25552182","14038685","4521789","231258488","86201998","18561976","-80363665",".72","211087904","261332459","60525","11010789","200077115","211087904","3942270","megawatthours","megawatthours","megawatthours","megawatthours","megawatthours","megawatthours","megawatthours","megawatthours","megawatthours","megawatthours","megawatthours","megawatthours","megawatthours","ratio","megawatthours","megawatthours","megawatthours","megawatthours","megawatthours","megawatthours","megawatthours"
"2013","CO","Colorado","33537","354215","64421","89054","52839477","42508826","0","2870866","64793","53376856","9976436","97959","-4271592",".93","52937525","53441649","1366","89","52937436","52937525","806182","megawatthours","megawatthours","megawatthours","megawatthours","megawatthours","megawatthours","megawatthours","megawatthours","megawatthours","megawatthours","megawatthours","megawatthours","megawatthours","ratio","megawatthours","megawatthours","megawatthours","megawatthours","megawatthours","megawatthours","megawatthours"
"2013","CT","Connecticut","347217","139060","614703","992317","34648870","50273","18699199","1602162","73201","11052116","34459537","961920","3326129","1.1","36195527","29824516","492","584738","35610789","36195527","449911","megawatthours","megawatthours","megawatthours","megawatthours","megawatthours","megawatthours","megawatthours","megawatthours","megawatthours","megawatthours","megawatthours","megawatthours","megawatthours","ratio","megawatthours","megawatthours","megawatthours","megawatthours","megawatthours","megawatthours","megawatthours"
"2013","DC","District of Columbia","65852","0","0",NA,"0","0","8287995","595510",NA,"2797524","0","65852","-11782405",".01","65852","11085519","0","0","65852","65852","167228","megawatthours","megawatthours","megawatthours","megawatthours","megawatthours","megawatthours","megawatthours","megawatthours","megawatthours","megawatthours","megawatthours","megawatthours","megawatthours","ratio","megawatthours","megawatthours","megawatthours","megawatthours","megawatthours","megawatthours","megawatthours"
"2013","DE","Delaware","4458","504615","958505","773399","6797898","25986","4537660","609603","2066","6808130","6267297","962963","-5141182",".6","7760861","11347856","0","0","7760861","7760861","171185","megawatthours","megawatthours","megawatthours","megawatthours","megawatthours","megawatthours","megawatthours","megawatthours","megawatthours","megawatthours","megawatthours","megawatthours","megawatthours","ratio","megawatthours","megawatthours","megawatthours","megawatthours","megawatthours","megawatthours","megawatthours"
"2013","FL","Florida","63980","5216521","5506751","5363891","216828193","202527297","0","11921436","2177","221917337","9084375","5570731","-20153632",".92","222398924","221919514","0","0","222398924","222398924","3347715","megawatthours","megawatthours","megawatthours","megawatthours","megawatthours","megawatthours","megawatthours","megawatthours","megawatthours","megawatthours","megawatthours","megawatthours","megawatthours","ratio","megawatthours","megawatthours","megawatthours","megawatthours","megawatthours","megawatthours","megawatthours"
"2013","GA","Georgia","27628","73393","4723181","4814959","116202926","107082884","0","7010277","6195","130491275","9046649","4750808","-23337561",".84","120953734","130497470","0","0","120953734","120953734","1968589","megawatthours","megawatthours","megawatthours","megawatthours","megawatthours","megawatthours","megawatthours","megawatthours","megawatthours","megawatthours","megawatthours","megawatthours","megawatthours","ratio","megawatthours","megawatthours","megawatthours","megawatthours","megawatthours","megawatthours","megawatthours"
"2013","HI","Hawaii","359777","2789803","386071","426369","9521204","5748256","0","510507","2173","9500991","983145","745848","0","1","10267052","9503164","0","0","10267052","10267052","-172987","megawatthours","megawatthours","megawatthours","megawatthours","megawatthours","megawatthours","megawatthours","megawatthours","megawatthours","megawatthours","megawatthours","megawatthours","megawatthours","ratio","megawatthours","megawatthours","megawatthours","megawatthours","megawatthours","megawatthours","megawatthours"
"2013","IA","Iowa","217216","740","2118104","2460132","54335437","41932708","0","2508987","0","46705216","12401988","2335320","4291861","1.08","56670757","46705216","0","0","56670757","56670757","704561","megawatthours","megawatthours","megawatthours","megawatthours","megawatthours","megawatthours","megawatthours","megawatthours","megawatthours","megawatthours","megawatthours","megawatthours","megawatthours","ratio","megawatthours","megawatthours","megawatthours","megawatthours","megawatthours","megawatthours","megawatthours"
"2013","ID","Idaho","0","164007","609498","609028","14576630","9600216","0","1300448","93121","24114935","4812407","609498","-11304730",".57","15202365","24208056","24378","16237","15186128","15202365","365185","megawatthours","megawatthours","megawatthours","megawatthours","megawatthours","megawatthours","megawatthours","megawatthours","megawatthours","megawatthours","megawatthours","megawatthours","megawatthours","ratio","megawatthours","megawatthours","megawatthours","megawatthours","megawatthours","megawatthours","megawatthours"
"2013","IL","Illinois","643714","560597","2660295","3762261","199700911","11571734","97874229","7617707","451507","43479152","187568580","3304009","47680899","1.31","203004919","141804888","0","0","203004919","203004919","2139165","megawatthours","megawatthours","megawatthours","megawatthours","megawatthours","megawatthours","megawatthours","megawatthours","megawatthours","megawatthours","megawatthours","megawatthours","megawatthours","ratio","megawatthours","megawatthours","megawatthours","megawatthours","megawatthours","megawatthours","megawatthours"
"2013","IN","Indiana","219930","7317889","3235980","8577181","106947567","96047678","0","5666744","0","105487389","3582000","3455910","-10858603",".91","110487109","105487389","23092","83632","110403477","110487109","1591306","megawatthours","megawatthours","megawatthours","megawatthours","megawatthours","megawatthours","megawatthours","megawatthours","megawatthours","megawatthours","megawatthours","megawatthours","megawatthours","ratio","megawatthours","megawatthours","megawatthours","megawatthours","megawatthours","megawatthours","megawatthours"
"2013","KS","Kansas","0","0","75689","77023","48396893","39808763","0","2140588",NA,"39847397","8588130","75689","5806465","1.14","48472581","39847397","0","0","48472581","48472581","601109","megawatthours","megawatthours","megawatthours","megawatthours","megawatthours","megawatthours","megawatthours","megawatthours","megawatthours","megawatthours","megawatthours","megawatthours","megawatthours","ratio","megawatthours","megawatthours","megawatthours","megawatthours","megawatthours","megawatthours","megawatthours"
"2013","KY","Kentucky","0","0","432688","255070","89308333","89098127","0","4553483","111955","84651887","210206","432688","-1110059",".99","89741021","84763842","0","0","89741021","89741021","1278685","megawatthours","megawatthours","megawatthours","megawatthours","megawatthours","megawatthours","megawatthours","megawatthours","megawatthours","megawatthours","megawatthours","megawatthours","megawatthours","ratio","megawatthours","megawatthours","megawatthours","megawatthours","megawatthours","megawatthours","megawatthours"
"2013","LA","Louisiana","202585","2246533","30123331","19578774","71684261","56226016","0","4609571","0","85807932","13211712","30325916","-9280536",".92","102010177","85807932","0","0","102010177","102010177","1294436","megawatthours","megawatthours","megawatthours","megawatthours","megawatthours","megawatthours","megawatthours","megawatthours","megawatthours","megawatthours","megawatthours","megawatthours","megawatthours","ratio","megawatthours","megawatthours","megawatthours","megawatthours","megawatthours","megawatthours","megawatthours"
"2013","MA","Massachusetts","526844","1897773","174999","1123088","32183178","611320","25486873","2968820","309066","29469135","29674084","701843","-26060514",".57","34132489","55265074","2332","1247468","32885021","34132489","833688","megawatthours","megawatthours","megawatthours","megawatthours","megawatthours","megawatthours","megawatthours","megawatthours","megawatthours","megawatthours","megawatthours","megawatthours","megawatthours","ratio","megawatthours","megawatthours","megawatthours","megawatthours","megawatthours","megawatthours","megawatthours"
"2013","MD","Maryland","443515","1823517","322541","872571","35084756","30205","33076087","3325218","13688","28809703","33231034","766056","-30881323",".54","36150435","61899478","722","299623","35850812","36150435","933770","megawatthours","megawatthours","megawatthours","megawatthours","megawatthours","megawatthours","megawatthours","megawatthours","megawatthours","megawatthours","megawatthours","megawatthours","megawatthours","ratio","megawatthours","megawatthours","megawatthours","megawatthours","megawatthours","megawatthours","megawatthours"
"2013","ME","Maine","205500","611503","4717464","3441547","9107074","597","11695257","636849",NA,"159790","8494974","4922964","2790596","1.17","19129618","11855047","226742","5099580","14030038","19129618","178837","megawatthours","megawatthours","megawatthours","megawatthours","megawatthours","megawatthours","megawatthours","megawatthours","megawatthours","megawatthours","megawatthours","megawatthours","megawatthours","ratio","megawatthours","megawatthours","megawatthours","megawatthours","megawatthours","megawatthours","megawatthours"
"2013","MI","Michigan","861283","7312667","1511775","2359430","103044743","83171310","9992639","5535180","440435","92605231","12560766","2373058","-1251369",".99","111450755","103038305","214848","6032954","105417801","111450755","1554360","megawatthours","megawatthours","megawatthours","megawatthours","megawatthours","megawatthours","megawatthours","megawatthours","megawatthours","megawatthours","megawatthours","megawatthours","megawatthours","ratio","megawatthours","megawatthours","megawatthours","megawatthours","megawatthours","megawatthours","megawatthours"
"2013","MN","Minnesota","183285","493800","1487023","1120909","49626679","41155904","0","3687536","942126","67701977","7976975","1670308","-15273728",".8","59476774","68644103","262439","8179786","51296988","59476774","1035515","megawatthours","megawatthours","megawatthours","megawatthours","megawatthours","megawatthours","megawatthours","megawatthours","megawatthours","megawatthours","megawatthours","megawatthours","megawatthours","ratio","megawatthours","megawatthours","megawatthours","megawatthours","megawatthours","megawatthours","megawatthours"
"2013","MO","Missouri","165911","58545","57373","282997","91403309","89217205","0","4480592",NA,"83406957","2127559","223284","2199618","1.02","91628380","83406957","0","1787","91626593","91628380","1258216","megawatthours","megawatthours","megawatthours","megawatthours","megawatthours","megawatthours","megawatthours","megawatthours","megawatthours","megawatthours","megawatthours","megawatthours","megawatthours","ratio","megawatthours","megawatthours","megawatthours","megawatthours","megawatthours","megawatthours","megawatthours"
"2013","MS","Mississippi","22550","0","2794384","1769782","49993330","45413403","0","2620551",NA,"48781990","4579927","2816934","-1097948",".98","52810264","48781990","0","0","52810264","52810264","735889","megawatthours","megawatthours","megawatthours","megawatthours","megawatthours","megawatthours","megawatthours","megawatthours","megawatthours","megawatthours","megawatthours","megawatthours","megawatthours","ratio","megawatthours","megawatthours","megawatthours","megawatthours","megawatthours","megawatthours","megawatthours"
"2013","MT","Montana","0","448668","14977","15777","27672349","7361898","2697085","754502",NA,"11348089","19861783","14977","12312424","1.8","27745718","14045174","405966","58392","27687326","27745718","211875","megawatthours","megawatthours","megawatthours","megawatthours","megawatthours","megawatthours","megawatthours","megawatthours","megawatthours","megawatthours","megawatthours","megawatthours","megawatthours","ratio","megawatthours","megawatthours","megawatthours","megawatthours","megawatthours","megawatthours","megawatthours"
"2013","NC","North Carolina","170933","2325081","2926568","2307431","122838792","116317050","0","6971730","0","129779905","4196661","3097501","-15080537",".89","125936293","129779905","0","0","125936293","125936293","1957765","megawatthours","megawatthours","megawatthours","megawatthours","megawatthours","megawatthours","megawatthours","megawatthours","megawatthours","megawatthours","megawatthours","megawatthours","megawatthours","ratio","megawatthours","megawatthours","megawatthours","megawatthours","megawatthours","megawatthours","megawatthours"
"2013","ND","North Dakota","56","0","165354","181386","34856263","31044374","0","861285",NA,"16032967","3811889","165410","19537633","2.12","36982623","16032967","127490","1960950","35021673","36982623","241862","megawatthours","megawatthours","megawatthours","megawatthours","megawatthours","megawatthours","megawatthours","megawatthours","megawatthours","megawatthours","megawatthours","megawatthours","megawatthours","ratio","megawatthours","megawatthours","megawatthours","megawatthours","megawatthours","megawatthours","megawatthours"
"2013","NE","Nebraska","18271","0","332978","431743","36753379","35170167","0","1649225",NA,"30700605","1583212","351249","3859928","1.12","37104628","30700605","0","0","37104628","37104628","463127","megawatthours","megawatthours","megawatthours","megawatthours","megawatthours","megawatthours","megawatthours","megawatthours","megawatthours","megawatthours","megawatthours","megawatthours","megawatthours","ratio","megawatthours","megawatthours","megawatthours","megawatthours","megawatthours","megawatthours","megawatthours"
"2013","NH","New Hampshire","70131","0","30019","121277","19678370","2266903","5106382","593241","4","5936890","17411467","100150","8070459","1.68","19995025","11043276","182","216505","19778520","19995025","166591","megawatthours","megawatthours","megawatthours","megawatthours","megawatthours","megawatthours","megawatthours","megawatthours","megawatthours","megawatthours","megawatthours","megawatthours","megawatthours","ratio","megawatthours","megawatthours","megawatthours","megawatthours","megawatthours","megawatthours","megawatthours"
"2013","NJ","New Jersey","562017","7435593","793083","1384856","63395841","-122674","38590917","4009763","250648","35800834","56082922","1355101","-16051643",".8","65112247","74642399","871","361305","64750942","65112247","1126001","megawatthours","megawatthours","megawatthours","megawatthours","megawatthours","megawatthours","megawatthours","megawatthours","megawatthours","megawatthours","megawatthours","megawatthours","megawatthours","ratio","megawatthours","megawatthours","megawatthours","megawatthours","megawatthours","megawatthours","megawatthours"
"2013","NM","New Mexico","89051","279474","2289","146089","35779625","29833095","0","1239045","2835","23062191","5667056","91340","11092099","1.45","35893475","23065026","3274","22510","35870965","35893475","347942","megawatthours","megawatthours","megawatthours","megawatthours","megawatthours","megawatthours","megawatthours","megawatthours","megawatthours","megawatthours","megawatthours","megawatthours","megawatthours","ratio","megawatthours","megawatthours","megawatthours","megawatthours","megawatthours","megawatthours","megawatthours"
"2013","NV","Nevada","98453","2153869","250560","231329","36094861","27888008","2018706","1891534","31758","33160751","6052984","349013","-1408028",".96","36460568","35211215","3347","16694","36443874","36460568","531171","megawatthours","megawatthours","megawatthours","megawatthours","megawatthours","megawatthours","megawatthours","megawatthours","megawatthours","megawatthours","megawatthours","megawatthours","megawatthours","ratio","megawatthours","megawatthours","megawatthours","megawatthours","megawatthours","megawatthours","megawatthours"
"2013","NY","New York","1132339","15473146","938727","2106068","134045764","33860490","77091758","7944873","404503","70398866","84712127","2071066","-6065287",".96","154824451","147895127","712633","18707621","136116830","154824451","2231038","megawatthours","megawatthours","megawatthours","megawatthours","megawatthours","megawatthours","megawatthours","megawatthours","megawatthours","megawatthours","megawatthours","megawatthours","megawatthours","ratio","megawatthours","megawatthours","megawatthours","megawatthours","megawatthours","megawatthours","megawatthours"
"2013","OH","Ohio","185803","538679","870578","1179645","136227809","88763825","93153631","8074439","173422","56979965","46925305","1056380","-24544335",".85","137284189","150307018","0","0","137284189","137284189","2267422","megawatthours","megawatthours","megawatthours","megawatthours","megawatthours","megawatthours","megawatthours","megawatthours","megawatthours","megawatthours","megawatthours","megawatthours","megawatthours","ratio","megawatthours","megawatthours","megawatthours","megawatthours","megawatthours","megawatthours","megawatthours"
"2013","OK","Oklahoma","-55941","2062328","792281","1232712","72937340","53348841","0","3219373",NA,"59929172","17526171","736340","8388375","1.13","73673680","59929172","0","0","73673680","73673680","904048","megawatthours","megawatthours","megawatthours","megawatthours","megawatthours","megawatthours","megawatthours","megawatthours","megawatthours","megawatthours","megawatthours","megawatthours","megawatthours","ratio","megawatthours","megawatthours","megawatthours","megawatthours","megawatthours","megawatthours","megawatthours"
"2013","OR","Oregon","98414","5385568","594813","589349","59202287","43254167","1972418","2559256","58368","45610192","10562552","693228","8446112","1.16","60271024","47640978","316652","375509","59895515","60271024","718677","megawatthours","megawatthours","megawatthours","megawatthours","megawatthours","megawatthours","megawatthours","megawatthours","megawatthours","megawatthours","megawatthours","megawatthours","megawatthours","ratio","megawatthours","megawatthours","megawatthours","megawatthours","megawatthours","megawatthours","megawatthours"
"2013","PA","Pennsylvania","354967","9942781","2876222","4847618","223554442","1105740","98649283","7856699","30674","47573806","212505920","3231189","66729936","1.41","227927605","146253763","33312","1141975","226785630","227927605","2206277","megawatthours","megawatthours","megawatthours","megawatthours","megawatthours","megawatthours","megawatthours","megawatthours","megawatthours","megawatthours","megawatthours","megawatthours","megawatthours","ratio","megawatthours","megawatthours","megawatthours","megawatthours","megawatthours","megawatthours","megawatthours"
"2013","RI","Rhode Island","53901","0","0","18283","6192905","10659","2638964","417999",NA,"5142158","6182246","53901","-1935555",".77","6399358","7781122","128","152551","6246807","6399358","117380","megawatthours","megawatthours","megawatthours","megawatthours","megawatthours","megawatthours","megawatthours","megawatthours","megawatthours","megawatthours","megawatthours","megawatthours","megawatthours","ratio","megawatthours","megawatthours","megawatthours","megawatthours","megawatthours","megawatthours","megawatthours"
"2013","SC","South Carolina","8890","944382","1984461","2270508","93256543","91795732","0","4222476",NA,"78602094","516429","1993351","8969082","1.1","95249894","78602094","0","0","95249894","95249894","1185734","megawatthours","megawatthours","megawatthours","megawatthours","megawatthours","megawatthours","megawatthours","megawatthours","megawatthours","megawatthours","megawatthours","megawatthours","megawatthours","ratio","megawatthours","megawatthours","megawatthours","megawatthours","megawatthours","megawatthours","megawatthours"
"2013","SD","South Dakota","25","0","0","382","10108862","8030545","0","655906",NA,"12209799","2078317","25","-2941389",".77","10108887","12209799","0","0","10108887","10108887","184188","megawatthours","megawatthours","megawatthours","megawatthours","megawatthours","megawatthours","megawatthours","megawatthours","megawatthours","megawatthours","megawatthours","megawatthours","megawatthours","ratio","megawatthours","megawatthours","megawatthours","megawatthours","megawatthours","megawatthours","megawatthours"
"2013","TN","Tennessee","197946","0","3321057","2511517","76132617","75988871","0","5207797","13302","96930711","143746","3519002","-26474134",".75","79651619","96944013","0","0","79651619","79651619","1462426","megawatthours","megawatthours","megawatthours","megawatthours","megawatthours","megawatthours","megawatthours","megawatthours","megawatthours","megawatthours","megawatthours","megawatthours","megawatthours","ratio","megawatthours","megawatthours","megawatthours","megawatthours","megawatthours","megawatthours","megawatthours"
"2013","TX","Texas","734307","42941809","40731331","37002303","391914528","96131888","0","20349926","10011263","368805991","252840832","41465637","-9173135",".98","433389212","378817254","678304","9046","433380166","433389212","5714560","megawatthours","megawatthours","megawatthours","megawatthours","megawatthours","megawatthours","megawatthours","megawatthours","megawatthours","megawatthours","megawatthours","megawatthours","megawatthours","ratio","megawatthours","megawatthours","megawatthours","megawatthours","megawatthours","megawatthours","megawatthours"
"2013","US","United States","12233670","147618619","150015073","143461937","3903715325","2388058409","559210699","200098551","18464996","3147192126","1368038297","162248742","0","1","4135213113","3724867821","11373211","69249049","4065964067","4135213116","55411596","megawatthours","megawatthours","megawatthours","megawatthours","megawatthours","megawatthours","megawatthours","megawatthours","megawatthours","megawatthours","megawatthours","megawatthours","megawatthours","ratio","megawatthours","megawatthours","megawatthours","megawatthours","megawatthours","megawatthours","megawatthours"
"2013","UT","Utah","83725","9716","1053185","1227680","41379841","39526881","0","1637054",NA,"30474034","1843244","1136910","8700585","1.26","42516751","30474034","17689","0","42516751","42516751","459709","megawatthours","megawatthours","megawatthours","megawatthours","megawatthours","megawatthours","megawatthours","megawatthours","megawatthours","megawatthours","megawatthours","megawatthours","megawatthours","ratio","megawatthours","megawatthours","megawatthours","megawatthours","megawatthours","megawatthours","megawatthours"
"2013","VA","Virginia","450717","1080585","2052518","2452991","74393330","63724860","0","5936655","0","110511827","9587886","2503235","-43672009",".64","76896565","110511827","0","0","76896565","76896565","1667101","megawatthours","megawatthours","megawatthours","megawatthours","megawatthours","megawatthours","megawatthours","megawatthours","megawatthours","megawatthours","megawatthours","megawatthours","megawatthours","ratio","megawatthours","megawatthours","megawatthours","megawatthours","megawatthours","megawatthours","megawatthours"
"2013","VT","Vermont","3479","24900","0","3908","6881431","872238","0","300170","5457","5582255","5984293","3479","12647597","3.12","18627383","5587712","3704","11742473","6884910","18627383","84292","megawatthours","megawatthours","megawatthours","megawatthours","megawatthours","megawatthours","megawatthours","megawatthours","megawatthours","megawatthours","megawatthours","megawatthours","megawatthours","ratio","megawatthours","megawatthours","megawatthours","megawatthours","megawatthours","megawatthours","megawatthours"
"2013","WA","Washington","25715","1042190","1433007","1244298","112714194","100013661","2089434","4989626","43186","90750103","11658343","1458722","7323509","1.07","116062177","92882723","8220860","1889261","114172916","116062177","1401161","megawatthours","megawatthours","megawatthours","megawatthours","megawatthours","megawatthours","megawatthours","megawatthours","megawatthours","megawatthours","megawatthours","megawatthours","megawatthours","ratio","megawatthours","megawatthours","megawatthours","megawatthours","megawatthours","megawatthours","megawatthours"
"2013","WI","Wisconsin","130195","728849","1939942","2129923","63892655","47027455","0","3713319","301355","68822688","16136351","2070137","-10047247",".87","65962792","69124043","0","0","65962792","65962792","1042755","megawatthours","megawatthours","megawatthours","megawatthours","megawatthours","megawatthours","megawatthours","megawatthours","megawatthours","megawatthours","megawatthours","megawatthours","megawatthours","ratio","megawatthours","megawatthours","megawatthours","megawatthours","megawatthours","megawatthours","megawatthours"
"2013","WV","West Virginia","0","404904","1135916","556760","74727151","46351104","0","1686789","0","31399850","27971143","1135916","41745993","2.22","75863067","31399850","0","0","75863067","75863067","473675","megawatthours","megawatthours","megawatthours","megawatthours","megawatthours","megawatthours","megawatthours","megawatthours","megawatthours","megawatthours","megawatthours","megawatthours","megawatthours","ratio","megawatthours","megawatthours","megawatthours","megawatthours","megawatthours","megawatthours","megawatthours"
"2013","WY","Wyoming","0","0","1273901","1318703","51209164","48089178","0","916109",NA,"17053514","3119986","1273901","32935668","2.68","52486593","17053514","5343","3528","52483065","52486593","257257","megawatthours","megawatthours","megawatthours","megawatthours","megawatthours","megawatthours","megawatthours","megawatthours","megawatthours","megawatthours","megawatthours","megawatthours","megawatthours","ratio","megawatthours","megawatthours","megawatthours","megawatthours","megawatthours","megawatthours","megawatthours"
"2012","AK","Alaska","277858","201405","87230","354337","6581331","6361802","0","347474",NA,"6416411","18124","365088","0","1","6947691","6416411",NA,"1272","6946419","6947691","-170531","megawatthours","megawatthours","megawatthours","megawatthours","megawatthours","megawatthours","megawatthours","megawatthours","megawatthours","megawatthours","megawatthours","megawatthours","megawatthours","ratio","megawatthours","megawatthours","megawatthours","megawatthours","megawatthours","megawatthours","megawatthours"
"2012","AL","Alabama","0","4393369","4247306","5286916","148631382","108425247","0","4667126","0","86182548","35812766","4247306","55268345","1.57","152878688","86182548",NA,"0","152878688","152878688","1473752","megawatthours","megawatthours","megawatthours","megawatthours","megawatthours","megawatthours","megawatthours","megawatthours","megawatthours","megawatthours","megawatthours","megawatthours","megawatthours","ratio","megawatthours","megawatthours","megawatthours","megawatthours","megawatthours","megawatthours","megawatthours"
"2012","AR","Arkansas","6155","1500191","1942446","1979856","63057077","44603847","0","2537631","33463","46826104","16953039","1948601","12827308","1.25","65005678","46859567",NA,"0","65005678","65005678","801315","megawatthours","megawatthours","megawatthours","megawatthours","megawatthours","megawatthours","megawatthours","megawatthours","megawatthours","megawatthours","megawatthours","megawatthours","megawatthours","ratio","megawatthours","megawatthours","megawatthours","megawatthours","megawatthours","megawatthours","megawatthours"
"2012","AZ","Arizona","120974","83912","192852","340733","110591167","92799750","0","4064977","26189","75037154","17707505","313826","30169213","1.37","110988314","75063343","66437","83320","110904994","110988314","1283610","megawatthours","megawatthours","megawatthours","megawatthours","megawatthours","megawatthours","megawatthours","megawatthours","megawatthours","megawatthours","megawatthours","megawatthours","megawatthours","ratio","megawatthours","megawatthours","megawatthours","megawatthours","megawatthours","megawatthours","megawatthours"
"2012","CA","California","2894426","18163487","15400490","10750313","181223651","82486064","24193157","14055012","942213","234402668","80574100","18294916","-80660537",".72","208393315","259538038","272295","8874748","199518567","208393315","4438193","megawatthours","megawatthours","megawatthours","megawatthours","megawatthours","megawatthours","megawatthours","megawatthours","megawatthours","megawatthours","megawatthours","megawatthours","megawatthours","ratio","megawatthours","megawatthours","megawatthours","megawatthours","megawatthours","megawatthours","megawatthours"
"2012","CO","Colorado","24979","366360","71953","51480","52459770","41532785","0","2907271","231022","53454275","10560625","96931","-5006750",".91","52556701","53685297","1365","0","52556701","52556701","918038","megawatthours","megawatthours","megawatthours","megawatthours","megawatthours","megawatthours","megawatthours","megawatthours","megawatthours","megawatthours","megawatthours","megawatthours","megawatthours","ratio","megawatthours","megawatthours","megawatthours","megawatthours","megawatthours","megawatthours","megawatthours"
"2012","CT","Connecticut","396574","780874","336681","786983","35384289","36816","18959533","1597127","40388","10492417","34566599","733255","3736766","1.12","36117544","29492338",NA,"0","36117544","36117544","504330","megawatthours","megawatthours","megawatthours","megawatthours","megawatthours","megawatthours","megawatthours","megawatthours","megawatthours","megawatthours","megawatthours","megawatthours","megawatthours","ratio","megawatthours","megawatthours","megawatthours","megawatthours","megawatthours","megawatthours","megawatthours"
"2012","DC","District of Columbia","62388","0","0","0","9399","0","8450115","609711",NA,"2808730","9399","62388","-11989300",".01","71787","11258845","0","0","71787","71787","192530","megawatthours","megawatthours","megawatthours","megawatthours","megawatthours","megawatthours","megawatthours","megawatthours","megawatthours","megawatthours","megawatthours","megawatthours","megawatthours","ratio","megawatthours","megawatthours","megawatthours","megawatthours","megawatthours","megawatthours","megawatthours"
"2012","DE","Delaware","3638","1143118","771380","734593","7858676","12435","4453264","623817","2152","7063915","6703123","775018","-4441032",".66","8633694","11519331","0","0","8633694","8633694","196985","megawatthours","megawatthours","megawatthours","megawatthours","megawatthours","megawatthours","megawatthours","megawatthours","megawatthours","megawatthours","megawatthours","megawatthours","megawatthours","ratio","megawatthours","megawatthours","megawatthours","megawatthours","megawatthours","megawatthours","megawatthours"
"2012","FL","Florida","64755","5816994","5414202","5256483","215617179","198199458","0","11950389","549","220673784","11600728","5478957","-20558679",".91","221096136","220674333","0","0","221096136","221096136","3773610","megawatthours","megawatthours","megawatthours","megawatthours","megawatthours","megawatthours","megawatthours","megawatthours","megawatthours","megawatthours","megawatthours","megawatthours","megawatthours","ratio","megawatthours","megawatthours","megawatthours","megawatthours","megawatthours","megawatthours","megawatthours"
"2012","GA","Georgia","30845","380258","4768818","4956342","117506701","100995036","0","7093025",NA,"130978872","16131407","4799663","-22961660",".84","122306364","130978872","0","0","122306364","122306364","2239786","megawatthours","megawatthours","megawatthours","megawatthours","megawatthours","megawatthours","megawatthours","megawatthours","megawatthours","megawatthours","megawatthours","megawatthours","megawatthours","ratio","megawatthours","megawatthours","megawatthours","megawatthours","megawatthours","megawatthours","megawatthours"
"2012","HI","Hawaii","301196","2826474","426224","402384","9741849","6012748","0","521999","0","9639157","902627","727420","0","1","10469269","9639157","0","0","10469269","10469269","-94271","megawatthours","megawatthours","megawatthours","megawatthours","megawatthours","megawatthours","megawatthours","megawatthours","megawatthours","megawatthours","megawatthours","megawatthours","megawatthours","ratio","megawatthours","megawatthours","megawatthours","megawatthours","megawatthours","megawatthours","megawatthours"
"2012","IA","Iowa","204177","0","2067024","2531538","54404204","43385935","0","2475329",NA,"45709100","11018269","2271201","5177715","1.1","56675406","45709100","82","0","56675406","56675406","781642","megawatthours","megawatthours","megawatthours","megawatthours","megawatthours","megawatthours","megawatthours","megawatthours","megawatthours","megawatthours","megawatthours","megawatthours","megawatthours","ratio","megawatthours","megawatthours","megawatthours","megawatthours","megawatthours","megawatthours","megawatthours"
"2012","ID","Idaho","0","165579","591802","591218","14907287","10633123","0","1284091","218452","23493407","4108585","591802","-10479692",".6","15533668","23711859","20711","34579","15499089","15533668","405481","megawatthours","megawatthours","megawatthours","megawatthours","megawatthours","megawatthours","megawatthours","megawatthours","megawatthours","megawatthours","megawatthours","megawatthours","megawatthours","ratio","megawatthours","megawatthours","megawatthours","megawatthours","megawatthours","megawatthours","megawatthours"
"2012","IL","Illinois","491623","627657","2628051","3642664","194445688","12424396","81652022","7773260","644397","61243585","181393636","3119673","40160459","1.26","197570972","143540004","0","5610","197565362","197570972","2454586","megawatthours","megawatthours","megawatthours","megawatthours","megawatthours","megawatthours","megawatthours","megawatthours","megawatthours","megawatthours","megawatthours","megawatthours","megawatthours","ratio","megawatthours","megawatthours","megawatthours","megawatthours","megawatthours","megawatthours","megawatthours"
"2012","IN","Indiana","232306","7527422","3261193","8344927","111202230","99680685","0","5695557","288491","104884934","3994124","3493499","-6300133",".95","114728573","105173425","16294","32844","114695729","114728573","1798503","megawatthours","megawatthours","megawatthours","megawatthours","megawatthours","megawatthours","megawatthours","megawatthours","megawatthours","megawatthours","megawatthours","megawatthours","megawatthours","ratio","megawatthours","megawatthours","megawatthours","megawatthours","megawatthours","megawatthours","megawatthours"
"2012","KS","Kansas","0","0","64534","67572","44360157","39949146","0","2182051",NA,"40293476","4411011","64534","1192559","1.03","44424691","40293476","0","0","44424691","44424691","689033","megawatthours","megawatthours","megawatthours","megawatthours","megawatthours","megawatthours","megawatthours","megawatthours","megawatthours","megawatthours","megawatthours","megawatthours","megawatthours","ratio","megawatthours","megawatthours","megawatthours","megawatthours","megawatthours","megawatthours","megawatthours"
"2012","KY","Kentucky","0","0","468277","271434","89481412","89155630","0","4822328",NA,"89048490","325782","468277","-5715325",".94","89949689","89048490","0","0","89949689","89949689","1522761","megawatthours","megawatthours","megawatthours","megawatthours","megawatthours","megawatthours","megawatthours","megawatthours","megawatthours","megawatthours","megawatthours","megawatthours","megawatthours","ratio","megawatthours","megawatthours","megawatthours","megawatthours","megawatthours","megawatthours","megawatthours"
"2012","LA","Louisiana","45015","5848697","27989972","20674036","75372718","52048167","0","4588505",NA,"84730743","17475854","28034988","-8034504",".93","103407706","84730743","0","0","103407706","103407706","1448926","megawatthours","megawatthours","megawatthours","megawatthours","megawatthours","megawatthours","megawatthours","megawatthours","megawatthours","megawatthours","megawatthours","megawatthours","megawatthours","ratio","megawatthours","megawatthours","megawatthours","megawatthours","megawatthours","megawatthours","megawatthours"
"2012","MA","Massachusetts","469212","2911534","196993","1117746","34912217","591343","25468551","2995436","307590","29537183","31409340","666205","-23801184",".61","36651645","55313324","80446","1073224","35578421","36651645","945878","megawatthours","megawatthours","megawatthours","megawatthours","megawatthours","megawatthours","megawatthours","megawatthours","megawatthours","megawatthours","megawatthours","megawatthours","megawatthours","ratio","megawatthours","megawatthours","megawatthours","megawatthours","megawatthours","megawatthours","megawatthours"
"2012","MD","Maryland","235266","1846834","544635","708468","37029843","8955","32485461","3347449","29488","29298603","35174054","779901","-29116759",".56","37809744","61813552","0","0","37809744","37809744","1057034","megawatthours","megawatthours","megawatthours","megawatthours","megawatthours","megawatthours","megawatthours","megawatthours","megawatthours","megawatthours","megawatthours","megawatthours","megawatthours","ratio","megawatthours","megawatthours","megawatthours","megawatthours","megawatthours","megawatthours","megawatthours"
"2012","ME","Maine","207995","622028","4654404","3479054","10185897","168","11405116","626077",NA,"155943","9563701","4862399","1229438","1.07","17713395","11561059","620069","2665099","15048296","17713395","197698","megawatthours","megawatthours","megawatthours","megawatthours","megawatthours","megawatthours","megawatthours","megawatthours","megawatthours","megawatthours","megawatthours","megawatthours","megawatthours","ratio","megawatthours","megawatthours","megawatthours","megawatthours","megawatthours","megawatthours","megawatthours"
"2012","MI","Michigan","967956","11051885","1363033","2368855","105827061","80474999","9198981","5676320","445628","95173582","14300177","2330989","-2227684",".98","112730116","104818191","302005","4572066","108158050","112730116","1792429","megawatthours","megawatthours","megawatthours","megawatthours","megawatthours","megawatthours","megawatthours","megawatthours","megawatthours","megawatthours","megawatthours","megawatthours","megawatthours","ratio","megawatthours","megawatthours","megawatthours","megawatthours","megawatthours","megawatthours","megawatthours"
"2012","MN","Minnesota","172657","835479","1324439","1024472","51257337","42338049","0","3681848","843958","67144577","8083809","1497097","-14588588",".8","59728192","67988535","459296","6973759","52754433","59728192","1162628","megawatthours","megawatthours","megawatthours","megawatthours","megawatthours","megawatthours","megawatthours","megawatthours","megawatthours","megawatthours","megawatthours","megawatthours","megawatthours","ratio","megawatthours","megawatthours","megawatthours","megawatthours","megawatthours","megawatthours","megawatthours"
"2012","MO","Missouri","159504","49454","51548","229605","91593269","88747138","0","4464201",NA,"82435359","2796677","211052","3275857","1.04","91815894","82435359","1197","11573","91804321","91815894","1409674","megawatthours","megawatthours","megawatthours","megawatthours","megawatthours","megawatthours","megawatthours","megawatthours","megawatthours","megawatthours","megawatthours","megawatthours","megawatthours","ratio","megawatthours","megawatthours","megawatthours","megawatthours","megawatthours","megawatthours","megawatthours"
"2012","MS","Mississippi","21552","0","2980118","1880883","51582625","41844010","0","2620384",NA,"48387675","9738615","3001670","867906","1.02","54584295","48387675","0","0","54584295","54584295","827447","megawatthours","megawatthours","megawatthours","megawatthours","megawatthours","megawatthours","megawatthours","megawatthours","megawatthours","megawatthours","megawatthours","megawatthours","megawatthours","ratio","megawatthours","megawatthours","megawatthours","megawatthours","megawatthours","megawatthours","megawatthours"
"2012","MT","Montana","0","454794","8652","9553","27796130","8486141","2695432","750757",NA,"11167951","18855195","8652","12769007","1.84","27973304","13863383","343536","168522","27804782","27973304","237069","megawatthours","megawatthours","megawatthours","megawatthours","megawatthours","megawatthours","megawatthours","megawatthours","megawatthours","megawatthours","megawatthours","megawatthours","megawatthours","ratio","megawatthours","megawatthours","megawatthours","megawatthours","megawatthours","megawatthours","megawatthours"
"2012","NC","North Carolina","50383","2470619","2374108","2162396","114257272","107715547","0","6936304",NA,"128084893","4071106","2424491","-22692127",".84","116681763","128084893","0","0","116681763","116681763","2190298","megawatthours","megawatthours","megawatthours","megawatthours","megawatthours","megawatthours","megawatthours","megawatthours","megawatthours","megawatthours","megawatthours","megawatthours","megawatthours","ratio","megawatthours","megawatthours","megawatthours","megawatthours","megawatthours","megawatthours","megawatthours"
"2012","ND","North Dakota","54","0","122783","166297","36002322","31983457","0","796981",NA,"14716956","4018865","122837","21534011","2.33","37682626","14716956","216715","1557467","36125159","37682626","251665","megawatthours","megawatthours","megawatthours","megawatthours","megawatthours","megawatthours","megawatthours","megawatthours","megawatthours","megawatthours","megawatthours","megawatthours","megawatthours","ratio","megawatthours","megawatthours","megawatthours","megawatthours","megawatthours","megawatthours","megawatthours"
"2012","NE","Nebraska","17741","0","344599","441919","33854952","32782885","0","1669455",NA,"30827939","1072067","362340","750811","1.02","34217292","30827939","0","0","34217292","34217292","527169","megawatthours","megawatthours","megawatthours","megawatthours","megawatthours","megawatthours","megawatthours","megawatthours","megawatthours","megawatthours","megawatthours","megawatthours","megawatthours","ratio","megawatthours","megawatthours","megawatthours","megawatthours","megawatthours","megawatthours","megawatthours"
"2012","NH","New Hampshire","48640","0","28963","95495","19144716","2016722","4089459","588668","0","6780802","17127994","77603","7482010","1.64","19222319","10870261","0","0","19222319","19222319","185885","megawatthours","megawatthours","megawatthours","megawatthours","megawatthours","megawatthours","megawatthours","megawatthours","megawatthours","megawatthours","megawatthours","megawatthours","megawatthours","ratio","megawatthours","megawatthours","megawatthours","megawatthours","megawatthours","megawatthours","megawatthours"
"2012","NJ","New Jersey","534209","7407485","774084","1182238","63955115","-88066","37356364","4064412","167423","37529127","56635697","1308293","-16319588",".8","65263408","75052914","0","0","65263408","65263408","1283432","megawatthours","megawatthours","megawatthours","megawatthours","megawatthours","megawatthours","megawatthours","megawatthours","megawatthours","megawatthours","megawatthours","megawatthours","megawatthours","ratio","megawatthours","megawatthours","megawatthours","megawatthours","megawatthours","megawatthours","megawatthours"
"2012","NM","New Mexico","81205","285260","309","129910","36554395","30704865","0","1255211",NA,"23178568","5564270","81514","11696588","1.47","36666147","23178568","9508","30238","36635909","36666147","396362","megawatthours","megawatthours","megawatthours","megawatthours","megawatthours","megawatthours","megawatthours","megawatthours","megawatthours","megawatthours","megawatthours","megawatthours","megawatthours","ratio","megawatthours","megawatthours","megawatthours","megawatthours","megawatthours","megawatthours","megawatthours"
"2012","NV","Nevada","92289","2147174","264369","82568","34816605","24186037","1613116","1905132","32159","33534643","8483394","356658","-2452907",".94","35318554","35179918","2254","145291","35173263","35318554","601589","megawatthours","megawatthours","megawatthours","megawatthours","megawatthours","megawatthours","megawatthours","megawatthours","megawatthours","megawatthours","megawatthours","megawatthours","megawatthours","ratio","megawatthours","megawatthours","megawatthours","megawatthours","megawatthours","megawatthours","megawatthours"
"2012","NY","New York","1061013","15601678","944593","1697019","133762638","34141686","71154545","7752825","327179","71680944","84019274","2005605","-2763261",".98","152658253","143162668","360868","16890009","135768244","152658253","2448133","megawatthours","megawatthours","megawatthours","megawatthours","megawatthours","megawatthours","megawatthours","megawatthours","megawatthours","megawatthours","megawatthours","megawatthours","megawatthours","ratio","megawatthours","megawatthours","megawatthours","megawatthours","megawatthours","megawatthours","megawatthours"
"2012","OH","Ohio","282651","529558","1317487","1454390","128145593","75183893","80423134","8256143","160952","71872778","52432142","1600138","-35028733",".79","129745731","152456864","0","0","129745731","129745731","2607067","megawatthours","megawatthours","megawatthours","megawatthours","megawatthours","megawatthours","megawatthours","megawatthours","megawatthours","megawatthours","megawatthours","megawatthours","megawatthours","ratio","megawatthours","megawatthours","megawatthours","megawatthours","megawatthours","megawatthours","megawatthours"
"2012","OK","Oklahoma","9626","2010948","854648","889179","77032314","56746305","0","3213530",NA,"59340624","18275061","864274","13438509","1.21","77896588","59340624","0","0","77896588","77896588","1014746","megawatthours","megawatthours","megawatthours","megawatthours","megawatthours","megawatthours","megawatthours","megawatthours","megawatthours","megawatthours","megawatthours","megawatthours","megawatthours","ratio","megawatthours","megawatthours","megawatthours","megawatthours","megawatthours","megawatthours","megawatthours"
"2012","OR","Oregon","72787","4510781","613446","633264","60246497","47144491","1591542","2528386",NA,"45097314","8591225","686233","10750238","1.21","61854493","46688856","455353","921763","60932730","61854493","798396","megawatthours","megawatthours","megawatthours","megawatthours","megawatthours","megawatthours","megawatthours","megawatthours","megawatthours","megawatthours","megawatthours","megawatthours","megawatthours","ratio","megawatthours","megawatthours","megawatthours","megawatthours","megawatthours","megawatthours","megawatthours"
"2012","PA","Pennsylvania","361657","11044872","2243258","3698506","220814801","1037609","94111543","7836605","122234","50475950","208732320","2604915","66039758","1.42","224780057","144709727","20874","1360342","223419715","224780057","2474588","megawatthours","megawatthours","megawatthours","megawatthours","megawatthours","megawatthours","megawatthours","megawatthours","megawatthours","megawatthours","megawatthours","megawatthours","megawatthours","ratio","megawatthours","megawatthours","megawatthours","megawatthours","megawatthours","megawatthours","megawatthours"
"2012","RI","Rhode Island","52306","0","0","57194","8256730","10552","2692691","417437",NA,"5015643","8246178","52306","-5744","1","8309036","7708334","0","0","8309036","8309036","131815","megawatthours","megawatthours","megawatthours","megawatthours","megawatthours","megawatthours","megawatthours","megawatthours","megawatthours","megawatthours","megawatthours","megawatthours","megawatthours","ratio","megawatthours","megawatthours","megawatthours","megawatthours","megawatthours","megawatthours","megawatthours"
"2012","SC","South Carolina","210","822413","1964194","2307431","94791278","92821769","0","4212147",NA,"77780953","1147096","1964404","11125069","1.13","96755682","77780953","0","0","96755682","96755682","1330082","megawatthours","megawatthours","megawatthours","megawatthours","megawatthours","megawatthours","megawatthours","megawatthours","megawatthours","megawatthours","megawatthours","megawatthours","megawatthours","ratio","megawatthours","megawatthours","megawatthours","megawatthours","megawatthours","megawatthours","megawatthours"
"2012","SD","South Dakota","0","0","0","575","11473397","9785973","0","635454",NA,"11734210","1687424","0","-1097501",".91","11473397","11734210","0","0","11473397","11473397","200659","megawatthours","megawatthours","megawatthours","megawatthours","megawatthours","megawatthours","megawatthours","megawatthours","megawatthours","megawatthours","megawatthours","megawatthours","megawatthours","ratio","megawatthours","megawatthours","megawatthours","megawatthours","megawatthours","megawatthours","megawatthours"
"2012","TN","Tennessee","164390","0","2548433","2465319","75011440","74897122","0","5219438","0","96381472","114318","2712824","-27990123",".74","77724264","96381472","0","0","77724264","77724264","1648158","megawatthours","megawatthours","megawatthours","megawatthours","megawatthours","megawatthours","megawatthours","megawatthours","megawatthours","megawatthours","megawatthours","megawatthours","megawatthours","ratio","megawatthours","megawatthours","megawatthours","megawatthours","megawatthours","megawatthours","megawatthours"
"2012","TX","Texas","707174","45751677","41214657","34343671","387890679","96763006","0","19771834","3361974","361742157","245375996","41921831","4126271","1.01","429894349","365104131","305030","81839","429812510","429894349","6243412","megawatthours","megawatthours","megawatthours","megawatthours","megawatthours","megawatthours","megawatthours","megawatthours","megawatthours","megawatthours","megawatthours","megawatthours","megawatthours","ratio","megawatthours","megawatthours","megawatthours","megawatthours","megawatthours","megawatthours","megawatthours"
"2012","US","United States","11300753","164152677","146106611","137656510","3890357903","2342015457","514290099","200079915","8263438","3172096249","1384189769","157407364","0","1","4107022336","3694649786","11995651","59257073","4047765267","4107022340","62640478","megawatthours","megawatthours","megawatthours","megawatthours","megawatthours","megawatthours","megawatthours","megawatthours","megawatthours","megawatthours","megawatthours","megawatthours","megawatthours","ratio","megawatthours","megawatthours","megawatthours","megawatthours","megawatthours","megawatthours","megawatthours"
"2012","UT","Utah","37815","9429","1021755","1118193","38343390","36386135","0","1609638",NA,"29723368","1947826","1059570","6453198","1.2","39414536","29723368","1858","11575","39402961","39414536","508280","megawatthours","megawatthours","megawatthours","megawatthours","megawatthours","megawatthours","megawatthours","megawatthours","megawatthours","megawatthours","megawatthours","megawatthours","megawatthours","ratio","megawatthours","megawatthours","megawatthours","megawatthours","megawatthours","megawatthours","megawatthours"
"2012","VA","Virginia","253178","1484439","1988565","2081360","68497492","56188401","0","5837525",NA,"107794985","10824652","2241743","-46817968",".6","70739235","107794985","0","0","70739235","70739235","1843333","megawatthours","megawatthours","megawatthours","megawatthours","megawatthours","megawatthours","megawatthours","megawatthours","megawatthours","megawatthours","megawatthours","megawatthours","megawatthours","ratio","megawatthours","megawatthours","megawatthours","megawatthours","megawatthours","megawatthours","megawatthours"
"2012","VT","Vermont","3413","0","23268","3891","6585105","622570","0","298430",NA,"5510764","5962535","26681","12203453","3.06","18126474","5510764","15700","11514688","6611786","18126474","94236","megawatthours","megawatthours","megawatthours","megawatthours","megawatthours","megawatthours","megawatthours","megawatthours","megawatthours","megawatthours","megawatthours","megawatthours","megawatthours","ratio","megawatthours","megawatthours","megawatthours","megawatthours","megawatthours","megawatthours","megawatthours"
"2012","WA","Washington","7020","1075813","1366478","818833","115461975","106615302","2296073","5000384","37537","90002831","7770860","1373499","10927423","1.1","119082182","92336441","8420115","2246709","116835473","119082182","1578986","megawatthours","megawatthours","megawatthours","megawatthours","megawatthours","megawatthours","megawatthours","megawatthours","megawatthours","megawatthours","megawatthours","megawatthours","megawatthours","ratio","megawatthours","megawatthours","megawatthours","megawatthours","megawatthours","megawatthours","megawatthours"
"2012","WI","Wisconsin","71941","994009","2003500","2206313","61675497","40543431","0","3726880",NA,"68820090","20138057","2075441","-12179194",".84","63750938","68820090","0","0","63750938","63750938","1176848","megawatthours","megawatthours","megawatthours","megawatthours","megawatthours","megawatthours","megawatthours","megawatthours","megawatthours","megawatthours","megawatthours","megawatthours","megawatthours","ratio","megawatthours","megawatthours","megawatthours","megawatthours","megawatthours","megawatthours","megawatthours"
"2012","WV","West Virginia","0","408719","1007086","495461","72406319","47363441","0","1668876",NA,"30817241","24634159","1007086","39904841","2.19","73413405","30817241","0","0","73413405","73413405","526986","megawatthours","megawatthours","megawatthours","megawatthours","megawatthours","megawatthours","megawatthours","megawatthours","megawatthours","megawatthours","megawatthours","megawatthours","megawatthours","ratio","megawatthours","megawatthours","megawatthours","megawatthours","megawatthours","megawatthours","megawatthours"
"2012","WY","Wyoming","0","0","1231772","1282643","48356834","45228452","0","919066",NA,"16971354","3128382","1231772","30122220","2.55","49589138","16971354","3639","532","49588606","49589138","290216","megawatthours","megawatthours","megawatthours","megawatthours","megawatthours","megawatthours","megawatthours","megawatthours","megawatthours","megawatthours","megawatthours","megawatthours","megawatthours","ratio","megawatthours","megawatthours","megawatthours","megawatthours","megawatthours","megawatthours","megawatthours"
"2011","AK","Alaska","275338","209150","112700","377445","6482994","6273844","0","390507",NA,"6319540","0","388039","0","1","6872170","6319540","0","1137","6871033","6872170","-215323","megawatthours","megawatthours","megawatthours","megawatthours","megawatthours","megawatthours","megawatthours","megawatthours","megawatthours","megawatthours","megawatthours","megawatthours","megawatthours","ratio","megawatthours","megawatthours","megawatthours","megawatthours","megawatthours","megawatthours","megawatthours"
"2011","AL","Alabama","0","3773959","4306357","5157007","152032853","118834736","0","5499347","458868","88536501","29424158","4306357","56123696","1.56","156339210","88995369","0","0","156339210","156339210","563791","megawatthours","megawatthours","megawatthours","megawatthours","megawatthours","megawatthours","megawatthours","megawatthours","megawatthours","megawatthours","megawatthours","megawatthours","megawatthours","ratio","megawatthours","megawatthours","megawatthours","megawatthours","megawatthours","megawatthours","megawatthours"
"2011","AR","Arkansas","5504","1452214","1930278","1958246","59371754","44714614","0","2961635","18864","47908965","13204926","1935782","8156201","1.15","61307536","47927829","0","0","61307536","61307536","303626","megawatthours","megawatthours","megawatthours","megawatthours","megawatthours","megawatthours","megawatthours","megawatthours","megawatthours","megawatthours","megawatthours","megawatthours","megawatthours","ratio","megawatthours","megawatthours","megawatthours","megawatthours","megawatthours","megawatthours","megawatthours"
"2011","AZ","Arizona","68293","82838","296157","399316","107760907","94061752","0","4631040","7795","74935850","13616317","364450","28103262","1.35","108622818","74943645","70782","497461","108125357","108622818","474772","megawatthours","megawatthours","megawatthours","megawatthours","megawatthours","megawatthours","megawatthours","megawatthours","megawatthours","megawatthours","megawatthours","megawatthours","megawatthours","ratio","megawatthours","megawatthours","megawatthours","megawatthours","megawatthours","megawatthours","megawatthours"
"2011","CA","California","2880277","18656710","15652598","10195768","182271967","105360204","22120408","16186330","844917","238976375","58255052","18532875","-83293067",".71","207074353","261941700","384207","6269511","200804842","207074353","1659416","megawatthours","megawatthours","megawatthours","megawatthours","megawatthours","megawatthours","megawatthours","megawatthours","megawatthours","megawatthours","megawatthours","megawatthours","megawatthours","ratio","megawatthours","megawatthours","megawatthours","megawatthours","megawatthours","megawatthours","megawatthours"
"2011","CO","Colorado","21945","343368","63552","41384","51347057","44122878","0","3303382","226232","53232053","6880812","85497","-5716900",".9","51432689","53458285","7877","135","51432554","51432689","338661","megawatthours","megawatthours","megawatthours","megawatthours","megawatthours","megawatthours","megawatthours","megawatthours","megawatthours","megawatthours","megawatthours","megawatthours","megawatthours","ratio","megawatthours","megawatthours","megawatthours","megawatthours","megawatthours","megawatthours","megawatthours"
"2011","CT","Connecticut","211290","406618","233206","487407","33300725","92735","18475613","1845096","18052","11365328","32801371","444496","3710154","1.11","36093207","29858993","2398","2347986","33745221","36093207","189158","megawatthours","megawatthours","megawatthours","megawatthours","megawatthours","megawatthours","megawatthours","megawatthours","megawatthours","megawatthours","megawatthours","megawatthours","megawatthours","ratio","megawatthours","megawatthours","megawatthours","megawatthours","megawatthours","megawatthours","megawatthours"
"2011","DC","District of Columbia","0","0","0","0","200874","71199","8495797","714461",NA,"3066258","129675","0","-12148889",".02","200874","11562055","0","0","200874","200874","73246","megawatthours","megawatthours","megawatthours","megawatthours","megawatthours","megawatthours","megawatthours","megawatthours","megawatthours","megawatthours","megawatthours","megawatthours","megawatthours","ratio","megawatthours","megawatthours","megawatthours","megawatthours","megawatthours","megawatthours","megawatthours"
"2011","DE","Delaware","4825","750678","396634","409495","6188736","19752","4134859","709595","478","7347959","5418306","401459","-6084938",".52","6590195","11483296","0","0","6590195","6590195","72747","megawatthours","megawatthours","megawatthours","megawatthours","megawatthours","megawatthours","megawatthours","megawatthours","megawatthours","megawatthours","megawatthours","megawatthours","megawatthours","ratio","megawatthours","megawatthours","megawatthours","megawatthours","megawatthours","megawatthours","megawatthours"
"2011","FL","Florida","67377","5711247","5689053","5454173","216138144","200023291","0","13909155","636","225089786","10403605","5756430","-23985137",".9","221894574","225090422","0","0","221894574","221894574","1425961","megawatthours","megawatthours","megawatthours","megawatthours","megawatthours","megawatthours","megawatthours","megawatthours","megawatthours","megawatthours","megawatthours","megawatthours","megawatthours","ratio","megawatthours","megawatthours","megawatthours","megawatthours","megawatthours","megawatthours","megawatthours"
"2011","GA","Georgia","24936","260774","4736109","4456905","119988296","106661687","0","8426869",NA,"136371149","13065835","4761045","-25369501",".83","124749341","136371149","0","0","124749341","124749341","863919","megawatthours","megawatthours","megawatthours","megawatthours","megawatthours","megawatthours","megawatthours","megawatthours","megawatthours","megawatthours","megawatthours","megawatthours","megawatthours","ratio","megawatthours","megawatthours","megawatthours","megawatthours","megawatthours","megawatthours","megawatthours"
"2011","HI","Hawaii","317726","2827766","392857","507899","10012750","6376331","0","615567","0","9961653","808653","710583","0","1","10723333","9961653","0","0","10723333","10723333","-361786","megawatthours","megawatthours","megawatthours","megawatthours","megawatthours","megawatthours","megawatthours","megawatthours","megawatthours","megawatthours","megawatthours","megawatthours","megawatthours","ratio","megawatthours","megawatthours","megawatthours","megawatthours","megawatthours","megawatthours","megawatthours"
"2011","IA","Iowa","226759","0","1944432","2481073","54200722","43304734","0","2821181",NA,"45654877","10895988","2171191","5125466","1.1","56371913","45654877","90","0","56371913","56371913","289226","megawatthours","megawatthours","megawatthours","megawatthours","megawatthours","megawatthours","megawatthours","megawatthours","megawatthours","megawatthours","megawatthours","megawatthours","megawatthours","ratio","megawatthours","megawatthours","megawatthours","megawatthours","megawatthours","megawatthours","megawatthours"
"2011","ID","Idaho","0","149567","622768","614189","15946018","12616029","0","1438044","151660","23120064","3180422","622768","-8919739",".65","16598192","23271724","46546","29406","16568786","16598192","147428","megawatthours","megawatthours","megawatthours","megawatthours","megawatthours","megawatthours","megawatthours","megawatthours","megawatthours","megawatthours","megawatthours","megawatthours","megawatthours","ratio","megawatthours","megawatthours","megawatthours","megawatthours","megawatthours","megawatthours","megawatthours"
"2011","IL","Illinois","447408","501770","2862947","3813428","196189372","12242294","69967693","8829418","412746","72505128","183445309","3310356","43066276","1.28","199499878","142885567","0","150","199499728","199499878","905188","megawatthours","megawatthours","megawatthours","megawatthours","megawatthours","megawatthours","megawatthours","megawatthours","megawatthours","megawatthours","megawatthours","megawatthours","megawatthours","ratio","megawatthours","megawatthours","megawatthours","megawatthours","megawatthours","megawatthours","megawatthours"
"2011","IN","Indiana","223688","7529203","3018731","8110579","118888995","104840027","0","6538887","298493","105519646","6519765","3242419","989622","1.01","122132166","105818139","4574","752","122131414","122132166","670364","megawatthours","megawatthours","megawatthours","megawatthours","megawatthours","megawatthours","megawatthours","megawatthours","megawatthours","megawatthours","megawatthours","megawatthours","megawatthours","ratio","megawatthours","megawatthours","megawatthours","megawatthours","megawatthours","megawatthours","megawatthours"
"2011","KS","Kansas","0","0","1408","1408","45358432","42582626","0","2518733",NA,"40760399","2775806","1408","1821080","1.04","45359840","40760399","0","0","45359840","45359840","258220","megawatthours","megawatthours","megawatthours","megawatthours","megawatthours","megawatthours","megawatthours","megawatthours","megawatthours","megawatthours","megawatthours","megawatthours","megawatthours","ratio","megawatthours","megawatthours","megawatthours","megawatthours","megawatthours","megawatthours","megawatthours"
"2011","KY","Kentucky","0","0","579450","369324","97771532","97617419","0","5532899",NA,"89538341","154113","579450","2343187","1.02","98350982","89538341","0","0","98350982","98350982","567231","megawatthours","megawatthours","megawatthours","megawatthours","megawatthours","megawatthours","megawatthours","megawatthours","megawatthours","megawatthours","megawatthours","megawatthours","megawatthours","ratio","megawatthours","megawatthours","megawatthours","megawatthours","megawatthours","megawatthours","megawatthours"
"2011","LA","Louisiana","47030","5093953","28325098","20289364","77118609","54924000","0","5337059",NA,"86369081","17100656","28372128","-7051921",".94","105490737","86369081","0","0","105490737","105490737","547153","megawatthours","megawatthours","megawatthours","megawatthours","megawatthours","megawatthours","megawatthours","megawatthours","megawatthours","megawatthours","megawatthours","megawatthours","megawatthours","ratio","megawatthours","megawatthours","megawatthours","megawatthours","megawatthours","megawatthours","megawatthours"
"2011","MA","Massachusetts","490071","2692009","172288","587603","37392461","609632","24981272","3433867","301949","30286691","34090820","662360","-17462834",".71","42491256","55569912","10669","4436435","38054821","42491256","352039","megawatthours","megawatthours","megawatthours","megawatthours","megawatthours","megawatthours","megawatthours","megawatthours","megawatthours","megawatthours","megawatthours","megawatthours","megawatthours","ratio","megawatthours","megawatthours","megawatthours","megawatthours","megawatthours","megawatthours","megawatthours"
"2011","MD","Maryland","236330","1869224","614207","895573","40967530","7872","31962314","3930057","562","31636835","39090434","850538","-26806150",".61","42022099","63599711","0","204031","41818068","42022099","402908","megawatthours","megawatthours","megawatthours","megawatthours","megawatthours","megawatthours","megawatthours","megawatthours","megawatthours","megawatthours","megawatthours","megawatthours","megawatthours","ratio","megawatthours","megawatthours","megawatthours","megawatthours","megawatthours","megawatthours","megawatthours"
"2011","ME","Maine","176454","628404","4906840","3523261","10890394","754","11259971","705396",NA,"155374","10261236","5083294","2910653","1.18","19212479","11415345","585508","3238791","15973688","19212479","72317","megawatthours","megawatthours","megawatthours","megawatthours","megawatthours","megawatthours","megawatthours","megawatthours","megawatthours","megawatthours","megawatthours","megawatthours","megawatthours","ratio","megawatthours","megawatthours","megawatthours","megawatthours","megawatthours","megawatthours","megawatthours"
"2011","MI","Michigan","788951","7347404","1239509","1927006","107141047","87609471","9361428","6491641","461327","95230803","12184173","2028459","-899647",".99","113694750","105053558","456671","4525243","109169507","113694750","665520","megawatthours","megawatthours","megawatthours","megawatthours","megawatthours","megawatthours","megawatthours","megawatthours","megawatthours","megawatthours","megawatthours","megawatthours","megawatthours","ratio","megawatthours","megawatthours","megawatthours","megawatthours","megawatthours","megawatthours","megawatthours"
"2011","MN","Minnesota","166894","385298","1569754","1111847","51383413","44310941","0","4234885","781804","67750904","6687174","1736648","-13483638",".82","61074247","68532708","244287","7954186","53120061","61074247","434159","megawatthours","megawatthours","megawatthours","megawatthours","megawatthours","megawatthours","megawatthours","megawatthours","megawatthours","megawatthours","megawatthours","megawatthours","megawatthours","ratio","megawatthours","megawatthours","megawatthours","megawatthours","megawatthours","megawatthours","megawatthours"
"2011","MO","Missouri","145672","40925","71150","232858","94659574","92620740","0","5206413",NA,"84254841","1997909","216822","4659966","1.05","94888038","84254841","201","11641","94876397","94888038","533759","megawatthours","megawatthours","megawatthours","megawatthours","megawatthours","megawatthours","megawatthours","megawatthours","megawatthours","megawatthours","megawatthours","megawatthours","megawatthours","ratio","megawatthours","megawatthours","megawatthours","megawatthours","megawatthours","megawatthours","megawatthours"
"2011","MS","Mississippi","24073","0","1831376","1755077","49715494","41831306","0","3048747",NA,"49337557","7884188","1855449","-2882995",".95","51570943","49337557","0","0","51570943","51570943","312556","megawatthours","megawatthours","megawatthours","megawatthours","megawatthours","megawatthours","megawatthours","megawatthours","megawatthours","megawatthours","megawatthours","megawatthours","megawatthours","ratio","megawatthours","megawatthours","megawatthours","megawatthours","megawatthours","megawatthours","megawatthours"
"2011","MT","Montana","0","444292","8581","9516","30119962","9547800","2656946","852016",NA,"11131135","20127870","8581","15022823","1.99","30169821","13788081","410037","41278","30128543","30169821","87348","megawatthours","megawatthours","megawatthours","megawatthours","megawatthours","megawatthours","megawatthours","megawatthours","megawatthours","megawatthours","megawatthours","megawatthours","megawatthours","ratio","megawatthours","megawatthours","megawatthours","megawatthours","megawatthours","megawatthours","megawatthours"
"2011","NC","North Carolina","61606","2719424","2126283","2253177","116201966","110370151","0","8100214",NA,"131084933","3112391","2187889","-23878900",".83","118389855","131084933","0","0","118389855","118389855","830431","megawatthours","megawatthours","megawatthours","megawatthours","megawatthours","megawatthours","megawatthours","megawatthours","megawatthours","megawatthours","megawatthours","megawatthours","megawatthours","ratio","megawatthours","megawatthours","megawatthours","megawatthours","megawatthours","megawatthours","megawatthours"
"2011","ND","North Dakota","28","0","169113","181394","34910759","30794746","0","848860",NA,"13737016","4116013","169141","21517279","2.41","36752355","13737016","380781","1672455","35079900","36752355","87025","megawatthours","megawatthours","megawatthours","megawatthours","megawatthours","megawatthours","megawatthours","megawatthours","megawatthours","megawatthours","megawatthours","megawatthours","megawatthours","ratio","megawatthours","megawatthours","megawatthours","megawatthours","megawatthours","megawatthours","megawatthours"
"2011","NE","Nebraska","17114","0","278358","373667","35799579","34977559","0","1833793",NA,"29676084","822020","295472","4023507","1.13","36095051","29676084","0","0","36095051","36095051","188000","megawatthours","megawatthours","megawatthours","megawatthours","megawatthours","megawatthours","megawatthours","megawatthours","megawatthours","megawatthours","megawatthours","megawatthours","megawatthours","ratio","megawatthours","megawatthours","megawatthours","megawatthours","megawatthours","megawatthours","megawatthours"
"2011","NH","New Hampshire","19946","0","31464","46857","20014531","2994495","3506886","671611","4074","7357647","17020036","51410","9263802","1.79","20920603","10868607","873","854662","20065941","20920603","68853","megawatthours","megawatthours","megawatthours","megawatthours","megawatthours","megawatthours","megawatthours","megawatthours","megawatthours","megawatthours","megawatthours","megawatthours","megawatthours","ratio","megawatthours","megawatthours","megawatthours","megawatthours","megawatthours","megawatthours","megawatthours"
"2011","NJ","New Jersey","508978","7529823","810988","1139952","63374130","-173470","34184326","4749444","153186","42522250","56017778","1319966","-18295403",".78","64940666","76859762","0","246570","64694096","64940666","486911","megawatthours","megawatthours","megawatthours","megawatthours","megawatthours","megawatthours","megawatthours","megawatthours","megawatthours","megawatthours","megawatthours","megawatthours","megawatthours","ratio","megawatthours","megawatthours","megawatthours","megawatthours","megawatthours","megawatthours","megawatthours"
"2011","NM","New Mexico","79797","279666","42952","156042","38058390","32291832","0","1423828",NA,"23041665","5486892","122749","13441025","1.54","38225893","23041665","17363","44754","38181139","38225893","145970","megawatthours","megawatthours","megawatthours","megawatthours","megawatthours","megawatthours","megawatthours","megawatthours","megawatthours","megawatthours","megawatthours","megawatthours","megawatthours","ratio","megawatthours","megawatthours","megawatthours","megawatthours","megawatthours","megawatthours","megawatthours"
"2011","NV","Nevada","92020","2167210","168989","74527","31674909","21672875","1466514","2095822","32449","32417516","7834824","261009","-4194868",".88","32115806","33916479","8983","179888","31935918","32115806","214863","megawatthours","megawatthours","megawatthours","megawatthours","megawatthours","megawatthours","megawatthours","megawatthours","megawatthours","megawatthours","megawatthours","megawatthours","megawatthours","ratio","megawatthours","megawatthours","megawatthours","megawatthours","megawatthours","megawatthours","megawatthours"
"2011","NY","New York","732231","13755549","1005287","1652121","135742829","35935731","68259408","8901163","236390","75550811","86051550","1737518","-7579872",".95","149569678","144046609","1637113","12089331","137480347","149569678","912544","megawatthours","megawatthours","megawatthours","megawatthours","megawatthours","megawatthours","megawatthours","megawatthours","megawatthours","megawatthours","megawatthours","megawatthours","megawatthours","ratio","megawatthours","megawatthours","megawatthours","megawatthours","megawatthours","megawatthours","megawatthours"
"2011","OH","Ohio","172134","652498","961619","1269395","134452052","85006849","66348400","9562337","8","88397902","48792705","1133753","-30972564",".81","135585804","154746310","0","0","135585804","135585804","980327","megawatthours","megawatthours","megawatthours","megawatthours","megawatthours","megawatthours","megawatthours","megawatthours","megawatthours","megawatthours","megawatthours","megawatthours","megawatthours","ratio","megawatthours","megawatthours","megawatthours","megawatthours","megawatthours","megawatthours","megawatthours"
"2011","OK","Oklahoma","22521","2205220","798499","867857","73784694","58373558","0","3698151",NA,"59846794","13205916","821020","9813779","1.15","74605714","59846794","0","0","74605714","74605714","379133","megawatthours","megawatthours","megawatthours","megawatthours","megawatthours","megawatthours","megawatthours","megawatthours","megawatthours","megawatthours","megawatthours","megawatthours","megawatthours","ratio","megawatthours","megawatthours","megawatthours","megawatthours","megawatthours","megawatthours","megawatthours"
"2011","OR","Oregon","62648","4361189","459242","522723","59173274","48984868","1411510","2914895",NA,"45759936","5827218","521890","9070780","1.18","60400762","47171446","422084","705598","59695164","60400762","298834","megawatthours","megawatthours","megawatthours","megawatthours","megawatthours","megawatthours","megawatthours","megawatthours","megawatthours","megawatthours","megawatthours","megawatthours","megawatthours","ratio","megawatthours","megawatthours","megawatthours","megawatthours","megawatthours","megawatthours","megawatthours"
"2011","PA","Pennsylvania","276699","11200087","2612030","2873888","224425993","1760067","83581670","9192250","119778","65055790","211465839","2888729","65984204","1.41","227981362","148757238","231396","666640","227314722","227981362","942386","megawatthours","megawatthours","megawatthours","megawatthours","megawatthours","megawatthours","megawatthours","megawatthours","megawatthours","megawatthours","megawatthours","megawatthours","megawatthours","ratio","megawatthours","megawatthours","megawatthours","megawatthours","megawatthours","megawatthours","megawatthours"
"2011","RI","Rhode Island","47754","0","0","17765","8674519","10473","2467097","477814",NA,"5265323","8664046","47754","1052712","1.13","9330318","7732420","621","608045","8722273","9330318","48985","megawatthours","megawatthours","megawatthours","megawatthours","megawatthours","megawatthours","megawatthours","megawatthours","megawatthours","megawatthours","megawatthours","megawatthours","megawatthours","ratio","megawatthours","megawatthours","megawatthours","megawatthours","megawatthours","megawatthours","megawatthours"
"2011","SC","South Carolina","58","785785","2052600","2423171","100919909","99328278","0","4973680",NA,"80488546","805846","2052658","14577271","1.16","102972567","80488546","0","0","102972567","102972567","509900","megawatthours","megawatthours","megawatthours","megawatthours","megawatthours","megawatthours","megawatthours","megawatthours","megawatthours","megawatthours","megawatthours","megawatthours","megawatthours","ratio","megawatthours","megawatthours","megawatthours","megawatthours","megawatthours","megawatthours","megawatthours"
"2011","SD","South Dakota","25","0","0","581","11998861","9838617","0","721725",NA,"11679600","2160244","25","-477005",".96","11998892","11679600","0","6","11998886","11998892","73991","megawatthours","megawatthours","megawatthours","megawatthours","megawatthours","megawatthours","megawatthours","megawatthours","megawatthours","megawatthours","megawatthours","megawatthours","megawatthours","ratio","megawatthours","megawatthours","megawatthours","megawatthours","megawatthours","megawatthours","megawatthours"
"2011","TN","Tennessee","126082","0","2356320","2452534","78621460","78540493","0","6224678","0","100733329","80967","2482402","-28944831",".74","81103862","100733329","0","0","81103862","81103862","638152","megawatthours","megawatthours","megawatthours","megawatthours","megawatthours","megawatthours","megawatthours","megawatthours","megawatthours","megawatthours","megawatthours","megawatthours","megawatthours","ratio","megawatthours","megawatthours","megawatthours","megawatthours","megawatthours","megawatthours","megawatthours"
"2011","TX","Texas","497384","44969357","38137987","33579432","396841553","99451077","0","23238430","5690036","370375080","252421119","38635370","-12861","1","435559180","376065116","306668","82256","435476924","435559180","2382394","megawatthours","megawatthours","megawatthours","megawatthours","megawatthours","megawatthours","megawatthours","megawatthours","megawatthours","megawatthours","megawatthours","megawatthours","megawatthours","ratio","megawatthours","megawatthours","megawatthours","megawatthours","megawatthours","megawatthours","megawatthours"
"2011","US","United States","10080000","156031914","141874717","132754037","3948186209","2460851000","466964497","231716623","10259330","3272622353","1331303294","151954717","0","1","4152440637","3749846180","15048552","52299710","4100140926","4152440636","23075244","megawatthours","megawatthours","megawatthours","megawatthours","megawatthours","megawatthours","megawatthours","megawatthours","megawatthours","megawatthours","megawatthours","megawatthours","megawatthours","ratio","megawatthours","megawatthours","megawatthours","megawatthours","megawatthours","megawatthours","megawatthours"
"2011","UT","Utah","15","9441","805754","859036","40030381","38392512","0","1783299",NA,"28858946","1628428","805769","9162061","1.29","40847430","28858946","1265","11280","40836150","40847430","182823","megawatthours","megawatthours","megawatthours","megawatthours","megawatthours","megawatthours","megawatthours","megawatthours","megawatthours","megawatthours","megawatthours","megawatthours","megawatthours","ratio","megawatthours","megawatthours","megawatthours","megawatthours","megawatthours","megawatthours","megawatthours"
"2011","VA","Virginia","386830","1999340","1805233","1845371","64478796","53328664","0","6811405",NA,"110228265","9150792","2192063","-52912485",".56","66670859","110228265","0","0","66670859","66670859","698303","megawatthours","megawatthours","megawatthours","megawatthours","megawatthours","megawatthours","megawatthours","megawatthours","megawatthours","megawatthours","megawatthours","megawatthours","megawatthours","ratio","megawatthours","megawatthours","megawatthours","megawatthours","megawatthours","megawatthours","megawatthours"
"2011","VT","Vermont","3854","0","23892","5064","6748473","699768","0","342966",NA,"5550184","6048705","27746","3364713","1.57","9300249","5550184","2161","2524030","6776219","9300249","35161","megawatthours","megawatthours","megawatthours","megawatthours","megawatthours","megawatthours","megawatthours","megawatthours","megawatthours","megawatthours","megawatthours","megawatthours","megawatthours","ratio","megawatthours","megawatthours","megawatthours","megawatthours","megawatthours","megawatthours","megawatthours"
"2011","WA","Washington","6583","1193709","1348579","1003912","113907439","103334454","2322385","5791603","39026","91363506","9379276","1355162","7387481","1.07","118307638","93724917","9805972","3045037","115262601","118307638","593753","megawatthours","megawatthours","megawatthours","megawatthours","megawatthours","megawatthours","megawatthours","megawatthours","megawatthours","megawatthours","megawatthours","megawatthours","megawatthours","ratio","megawatthours","megawatthours","megawatthours","megawatthours","megawatthours","megawatthours","megawatthours"
"2011","WI","Wisconsin","114853","638956","2049780","2216040","61124711","44934059","0","4239761",NA,"68611622","15551696","2164633","-12212738",".84","63289344","68611622","0","0","63289344","63289344","434659","megawatthours","megawatthours","megawatthours","megawatthours","megawatthours","megawatthours","megawatthours","megawatthours","megawatthours","megawatthours","megawatthours","megawatthours","megawatthours","ratio","megawatthours","megawatthours","megawatthours","megawatthours","megawatthours","megawatthours","megawatthours"
"2011","WV","West Virginia","0","407290","1036357","512099","77963266","55529639","0","1930356",NA,"31238753","22026337","1036357","45120516","2.33","78999624","31238753","0","0","78999624","78999624","197899","megawatthours","megawatthours","megawatthours","megawatthours","megawatthours","megawatthours","megawatthours","megawatthours","megawatthours","megawatthours","megawatthours","megawatthours","megawatthours","ratio","megawatthours","megawatthours","megawatthours","megawatthours","megawatthours","megawatthours","megawatthours"
"2011","WY","Wyoming","0","0","1215351","1260281","46423120","43195035","0","1076307",NA,"17417762","3228085","1215351","27775369","2.4","47649487","17417762","9425","11016","47638471","47649487","110343","megawatthours","megawatthours","megawatthours","megawatthours","megawatthours","megawatthours","megawatthours","megawatthours","megawatthours","megawatthours","megawatthours","megawatthours","megawatthours","ratio","megawatthours","megawatthours","megawatthours","megawatthours","megawatthours","megawatthours","megawatthours"
"2010","AK","Alaska","234386","204196","115944","342426","6409246","6205050","0","385928",NA,"6247038","0","350330","0","1","6760633","6247038","0","1057","6759576","6760633","-214759","megawatthours","megawatthours","megawatthours","megawatthours","megawatthours","megawatthours","megawatthours","megawatthours","megawatthours","megawatthours","megawatthours","megawatthours","megawatthours","ratio","megawatthours","megawatthours","megawatthours","megawatthours","megawatthours","megawatthours","megawatthours"
"2010","AL","Alabama","0","4243149","4217849","5007573","147932663","122766490","0","5613291","0","90862645","20923024","4217849","49869705","1.49","152150512","90862645","0","0","152150512","152150512","797298","megawatthours","megawatthours","megawatthours","megawatthours","megawatthours","megawatthours","megawatthours","megawatthours","megawatthours","megawatthours","megawatthours","megawatthours","megawatthours","ratio","megawatthours","megawatthours","megawatthours","megawatthours","megawatthours","megawatthours","megawatthours"
"2010","AR","Arkansas","5603","1220329","1934355","1938621","59060227","47108063","0","2977335","14015","48180270","10731835","1939958","7467050","1.14","61000185","48194285","0","0","61000185","61000185","422893","megawatthours","megawatthours","megawatthours","megawatthours","megawatthours","megawatthours","megawatthours","megawatthours","megawatthours","megawatthours","megawatthours","megawatthours","megawatthours","ratio","megawatthours","megawatthours","megawatthours","megawatthours","megawatthours","megawatthours","megawatthours"
"2010","AZ","Arizona","72359","187909","304160","408959","111374439","91232664","0","4499462","1293","72831737","19953866","376519","33439022","1.43","111999844","72833030","180279","248887","111750957","111999844","639093","megawatthours","megawatthours","megawatthours","megawatthours","megawatthours","megawatthours","megawatthours","megawatthours","megawatthours","megawatthours","megawatthours","megawatthours","megawatthours","ratio","megawatthours","megawatthours","megawatthours","megawatthours","megawatthours","megawatthours","megawatthours"
"2010","CA","California","2300044","19582003","16009948","10073764","185815603","96939535","17576741","15971461","1454701","239499450","69294065","18309992","-79646642",".72","207599179","258530892","401156","3473583","204125596","207599179","2268548","megawatthours","megawatthours","megawatthours","megawatthours","megawatthours","megawatthours","megawatthours","megawatthours","megawatthours","megawatthours","megawatthours","megawatthours","megawatthours","ratio","megawatthours","megawatthours","megawatthours","megawatthours","megawatthours","megawatthours","megawatthours"
"2010","CO","Colorado","4245","1134511","60588","43359","50655959","39584166","0","3269143","201335","52716451","9937281","64833","-5976958",".89","50720807","52917786","3136","15","50720792","50720807","464341","megawatthours","megawatthours","megawatthours","megawatthours","megawatthours","megawatthours","megawatthours","megawatthours","megawatthours","megawatthours","megawatthours","megawatthours","megawatthours","ratio","megawatthours","megawatthours","megawatthours","megawatthours","megawatthours","megawatthours","megawatthours"
"2010","CT","Connecticut","69779","1723788","305799","611350","32974046","65570","16676808","1877535","38711","13676247","31184688","375577","1983482","1.06","35298490","30391766","167676","1948867","33349623","35298490","266681","megawatthours","megawatthours","megawatthours","megawatthours","megawatthours","megawatthours","megawatthours","megawatthours","megawatthours","megawatthours","megawatthours","megawatthours","megawatthours","ratio","megawatthours","megawatthours","megawatthours","megawatthours","megawatthours","megawatthours","megawatthours"
"2010","DC","District of Columbia","0","0","0","0","199858","0","8488505","733734",NA,"3388490","199858","0","-12515089",".02","199858","11876995","0","0","199858","199858","104218","megawatthours","megawatthours","megawatthours","megawatthours","megawatthours","megawatthours","megawatthours","megawatthours","megawatthours","megawatthours","megawatthours","megawatthours","megawatthours","ratio","megawatthours","megawatthours","megawatthours","megawatthours","megawatthours","megawatthours","megawatthours"
"2010","DE","Delaware","0","758313","0","2042","5627645","30059","4023393","716989",NA,"7582539","4839273","0","-6799157",".45","5627645","11605932","0","0","5627645","5627645","101839","megawatthours","megawatthours","megawatthours","megawatthours","megawatthours","megawatthours","megawatthours","megawatthours","megawatthours","megawatthours","megawatthours","megawatthours","megawatthours","ratio","megawatthours","megawatthours","megawatthours","megawatthours","megawatthours","megawatthours","megawatthours"
"2010","FL","Florida","68668","6914176","5464337","4882462","223562930","206062185","0","14283613","543","231209071","10586569","5533005","-23308564",".91","229095935","231209614","0","0","229095935","229095935","2028810","megawatthours","megawatthours","megawatthours","megawatthours","megawatthours","megawatthours","megawatthours","megawatthours","megawatthours","megawatthours","megawatthours","megawatthours","megawatthours","ratio","megawatthours","megawatthours","megawatthours","megawatthours","megawatthours","megawatthours","megawatthours"
"2010","GA","Georgia","22764","178024","4834824","4867547","132719353","120425913","0","8690376",NA,"140671580","12115416","4857588","-17886922",".88","137576941","140671580","0","0","137576941","137576941","1234360","megawatthours","megawatthours","megawatthours","megawatthours","megawatthours","megawatthours","megawatthours","megawatthours","megawatthours","megawatthours","megawatthours","megawatthours","megawatthours","ratio","megawatthours","megawatthours","megawatthours","megawatthours","megawatthours","megawatthours","megawatthours"
"2010","HI","Hawaii","312807","2945122","400491","471529","10122738","6416068","0","618798","3405","10013104","761548","713298","0","1","10836036","10016509","0","0","10836036","10836036","-270800","megawatthours","megawatthours","megawatthours","megawatthours","megawatthours","megawatthours","megawatthours","megawatthours","megawatthours","megawatthours","megawatthours","megawatthours","megawatthours","ratio","megawatthours","megawatthours","megawatthours","megawatthours","megawatthours","megawatthours","megawatthours"
"2010","IA","Iowa","238701","0","1765013","2283033","55505007","46188988","0","2807507","0","45445269","9316019","2003714","6574140","1.13","57508721","45445269","0","0","57508721","57508721","398772","megawatthours","megawatthours","megawatthours","megawatthours","megawatthours","megawatthours","megawatthours","megawatthours","megawatthours","megawatthours","megawatthours","megawatthours","megawatthours","ratio","megawatthours","megawatthours","megawatthours","megawatthours","megawatthours","megawatthours","megawatthours"
"2010","ID","Idaho","0","156031","605667","552273","11418898","8589208","0","1408389","109990","22687678","2673659","605667","-12957418",".48","12029345","22797668","28389","4781","12024564","12029345","200044","megawatthours","megawatthours","megawatthours","megawatthours","megawatthours","megawatthours","megawatthours","megawatthours","megawatthours","megawatthours","megawatthours","megawatthours","megawatthours","ratio","megawatthours","megawatthours","megawatthours","megawatthours","megawatthours","megawatthours","megawatthours"
"2010","IL","Illinois","432188","484903","2738453","3715097","198181231","12418332","66870142","8942991","464639","77425893","185277996","3170641","42663502","1.27","201352505","144760674","0","633","201351872","201352505","1270241","megawatthours","megawatthours","megawatthours","megawatthours","megawatthours","megawatthours","megawatthours","megawatthours","megawatthours","megawatthours","megawatthours","megawatthours","megawatthours","ratio","megawatthours","megawatthours","megawatthours","megawatthours","megawatthours","megawatthours","megawatthours"
"2010","IN","Indiana","234734","7525108","3104799","7997274","121841205","107852560","0","6548096","290720","105703656","6463537","3339534","3712284","1.03","125187219","105994376","5114","6480","125180739","125187219","930076","megawatthours","megawatthours","megawatthours","megawatthours","megawatthours","megawatthours","megawatthours","megawatthours","megawatthours","megawatthours","megawatthours","megawatthours","megawatthours","ratio","megawatthours","megawatthours","megawatthours","megawatthours","megawatthours","megawatthours","megawatthours"
"2010","KS","Kansas","0","0","0","0","47923762","45270047","0","2497099","0","40420675","2653716","0","4651306","1.11","47923762","40420675","0","0","47923762","47923762","354682","megawatthours","megawatthours","megawatthours","megawatthours","megawatthours","megawatthours","megawatthours","megawatthours","megawatthours","megawatthours","megawatthours","megawatthours","megawatthours","ratio","megawatthours","megawatthours","megawatthours","megawatthours","megawatthours","megawatthours","megawatthours"
"2010","KY","Kentucky","0","0","574144","458870","97643514","97472144","0","5780510",NA,"93569426","171370","574144","-2412197",".98","98217658","93569426","0","0","98217658","98217658","821050","megawatthours","megawatthours","megawatthours","megawatthours","megawatthours","megawatthours","megawatthours","megawatthours","megawatthours","megawatthours","megawatthours","megawatthours","megawatthours","ratio","megawatthours","megawatthours","megawatthours","megawatthours","megawatthours","megawatthours","megawatthours"
"2010","LA","Louisiana","47190","5083189","28294054","20489652","74543696","51680682","0","5256033",NA,"85079692","17779825","28341244","-8686991",".92","102884940","85079692","0","0","102884940","102884940","746554","megawatthours","megawatthours","megawatthours","megawatthours","megawatthours","megawatthours","megawatthours","megawatthours","megawatthours","megawatthours","megawatthours","megawatthours","megawatthours","ratio","megawatthours","megawatthours","megawatthours","megawatthours","megawatthours","megawatthours","megawatthours"
"2010","MA","Massachusetts","496596","3191557","168823","602178","42139405","802906","25300480","3528957","310740","31512202","38144942","665419","-15563226",".75","46518989","57123422","326413","3714165","42804824","46518989","501245","megawatthours","megawatthours","megawatthours","megawatthours","megawatthours","megawatthours","megawatthours","megawatthours","megawatthours","megawatthours","megawatthours","megawatthours","megawatthours","ratio","megawatthours","megawatthours","megawatthours","megawatthours","megawatthours","megawatthours","megawatthours"
"2010","MD","Maryland","39980","2236734","448800","997202","43118484","2996","29253025","4036281",NA,"36082473","40878753","488780","-27224218",".62","43718067","65335498","0","110803","43607264","43718067","573304","megawatthours","megawatthours","megawatthours","megawatthours","megawatthours","megawatthours","megawatthours","megawatthours","megawatthours","megawatthours","megawatthours","megawatthours","megawatthours","ratio","megawatthours","megawatthours","megawatthours","megawatthours","megawatthours","megawatthours","megawatthours"
"2010","ME","Maine","178946","603178","4956554","3428666","11883159","1759","11379980","712395","0","151588","11278222","5135500","3092046","1.18","19858985","11531568","993123","2840325","17018660","19858985","101187","megawatthours","megawatthours","megawatthours","megawatthours","megawatthours","megawatthours","megawatthours","megawatthours","megawatthours","megawatthours","megawatthours","megawatthours","megawatthours","ratio","megawatthours","megawatthours","megawatthours","megawatthours","megawatthours","megawatthours","megawatthours"
"2010","MI","Michigan","624181","7474970","1215481","1899233","109711709","89666874","9083972","6403217","484","94564763","12569865","1839663","2254058","1.02","117668998","103649219","2553774","6117627","111551371","117668998","909497","megawatthours","megawatthours","megawatthours","megawatthours","megawatthours","megawatthours","megawatthours","megawatthours","megawatthours","megawatthours","megawatthours","megawatthours","megawatthours","ratio","megawatthours","megawatthours","megawatthours","megawatthours","megawatthours","megawatthours","megawatthours"
"2010","MN","Minnesota","142872","559934","1629514","1071880","51897840","45428599","0","4188514","764977","67034729","5909307","1772387","-12878512",".83","61452966","67799706","676451","7782739","53670227","61452966","594926","megawatthours","megawatthours","megawatthours","megawatthours","megawatthours","megawatthours","megawatthours","megawatthours","megawatthours","megawatthours","megawatthours","megawatthours","megawatthours","ratio","megawatthours","megawatthours","megawatthours","megawatthours","megawatthours","megawatthours","megawatthours"
"2010","MO","Missouri","124625","54513","114435","256411","92073929","90176805","0","5318146","0","86085117","1842611","239060","-100799","1","92316611","86085117","2360","3622","92312989","92316611","755377","megawatthours","megawatthours","megawatthours","megawatthours","megawatthours","megawatthours","megawatthours","megawatthours","megawatthours","megawatthours","megawatthours","megawatthours","megawatthours","ratio","megawatthours","megawatthours","megawatthours","megawatthours","megawatthours","megawatthours","megawatthours"
"2010","MS","Mississippi","22368","0","1844888","1797858","52620005","40841436","0","3069562",NA,"49687166","11778569","1867255","-503319",".99","54487260","49687166","0","0","54487260","54487260","435993","megawatthours","megawatthours","megawatthours","megawatthours","megawatthours","megawatthours","megawatthours","megawatthours","megawatthours","megawatthours","megawatthours","megawatthours","megawatthours","ratio","megawatthours","megawatthours","megawatthours","megawatthours","megawatthours","megawatthours","megawatthours"
"2010","MT","Montana","0","397527","103166","70512","29688014","6271180","2619716","850770",NA,"11151737","23019307","103166","14602114","1.95","30041198","13771453","625508","250017","29791181","30041198","120841","megawatthours","megawatthours","megawatthours","megawatthours","megawatthours","megawatthours","megawatthours","megawatthours","megawatthours","megawatthours","megawatthours","megawatthours","megawatthours","ratio","megawatthours","megawatthours","megawatthours","megawatthours","megawatthours","megawatthours","megawatthours"
"2010","NC","North Carolina","77608","2597870","2146387","2368925","126454488","121251138","0","8427411",NA,"136414947","2605480","2223995","-19729808",".87","128678483","136414947","0","0","128678483","128678483","1197009","megawatthours","megawatthours","megawatthours","megawatthours","megawatthours","megawatthours","megawatthours","megawatthours","megawatthours","megawatthours","megawatthours","megawatthours","megawatthours","ratio","megawatthours","megawatthours","megawatthours","megawatthours","megawatthours","megawatthours","megawatthours"
"2010","ND","North Dakota","46","0","179534","192272","34559962","31343796","0","800409",NA,"12956263","3216166","179580","21796539","2.5","36337040","12956263","477869","1597498","34739542","36337040","113688","megawatthours","megawatthours","megawatthours","megawatthours","megawatthours","megawatthours","megawatthours","megawatthours","megawatthours","megawatthours","megawatthours","megawatthours","megawatthours","ratio","megawatthours","megawatthours","megawatthours","megawatthours","megawatthours","megawatthours","megawatthours"
"2010","NE","Nebraska","12542","5820","160448","227081","36457016","36242921","0","1844033",NA,"29849460","208275","172990","4447510","1.14","36630006","29849460","0","0","36630006","36630006","261922","megawatthours","megawatthours","megawatthours","megawatthours","megawatthours","megawatthours","megawatthours","megawatthours","megawatthours","megawatthours","megawatthours","megawatthours","megawatthours","ratio","megawatthours","megawatthours","megawatthours","megawatthours","megawatthours","megawatthours","megawatthours"
"2010","NH","New Hampshire","19560","0","33696","66936","22142656","3979333","3177136","672764","5667","7707271","18163323","53256","11108822","1.94","22894236","10890074","60082","698324","22195912","22894236","95558","megawatthours","megawatthours","megawatthours","megawatthours","megawatthours","megawatthours","megawatthours","megawatthours","megawatthours","megawatthours","megawatthours","megawatthours","megawatthours","ratio","megawatthours","megawatthours","megawatthours","megawatthours","megawatthours","megawatthours","megawatthours"
"2010","NJ","New Jersey","401517","8040567","740483","963418","64540493","-186385","28697392","4891528","170174","50311861","56686311","1142000","-19912379",".77","65816775","79179427","0","134281","65682494","65816775","694781","megawatthours","megawatthours","megawatthours","megawatthours","megawatthours","megawatthours","megawatthours","megawatthours","megawatthours","megawatthours","megawatthours","megawatthours","megawatthours","ratio","megawatthours","megawatthours","megawatthours","megawatthours","megawatthours","megawatthours","megawatthours"
"2010","NM","New Mexico","73479","417179","251","108664","36177812","30848406","0","1385573",NA,"22428344","4912227","73730","12109242","1.5","36292799","22428344","64173","41257","36251542","36292799","196803","megawatthours","megawatthours","megawatthours","megawatthours","megawatthours","megawatthours","megawatthours","megawatthours","megawatthours","megawatthours","megawatthours","megawatthours","megawatthours","ratio","megawatthours","megawatthours","megawatthours","megawatthours","megawatthours","megawatthours","megawatthours"
"2010","NV","Nevada","62188","2156977","200879","84101","34883181","23710917","1423716","2086395","31617","32317262","9015287","263067","-1092557",".97","35184494","33772595","37613","38246","35146248","35184494","296347","megawatthours","megawatthours","megawatthours","megawatthours","megawatthours","megawatthours","megawatthours","megawatthours","megawatthours","megawatthours","megawatthours","megawatthours","megawatthours","ratio","megawatthours","megawatthours","megawatthours","megawatthours","megawatthours","megawatthours","megawatthours"
"2010","NY","New York","764937","11183162","1047082","1654901","135149635","34633335","65503804","8934521","232561","78887208","89333139","1812018","-12490415",".92","146334974","144623573","2343356","9373320","136961654","146334974","1269038","megawatthours","megawatthours","megawatthours","megawatthours","megawatthours","megawatthours","megawatthours","megawatthours","megawatthours","megawatthours","megawatthours","megawatthours","megawatthours","ratio","megawatthours","megawatthours","megawatthours","megawatthours","megawatthours","megawatthours","megawatthours"
"2010","OH","Ohio","0","651983","1025918","1128580","142572419","92198096","48815621","9522759","152811","105176986","49722340","1025918","-22551010",".86","143598337","154145418","0","0","143598337","143598337","1352590","megawatthours","megawatthours","megawatthours","megawatthours","megawatthours","megawatthours","megawatthours","megawatthours","megawatthours","megawatthours","megawatthours","megawatthours","megawatthours","ratio","megawatthours","megawatthours","megawatthours","megawatthours","megawatthours","megawatthours","megawatthours"
"2010","OK","Oklahoma","25859","2381670","876445","1077701","71348429","57421195","0","3573595",NA,"57845980","11545564","902304","9245872","1.15","72250733","57845980","0","0","72250733","72250733","507585","megawatthours","megawatthours","megawatthours","megawatthours","megawatthours","megawatthours","megawatthours","megawatthours","megawatthours","megawatthours","megawatthours","megawatthours","megawatthours","ratio","megawatthours","megawatthours","megawatthours","megawatthours","megawatthours","megawatthours","megawatthours"
"2010","OR","Oregon","20963","6420563","590034","530183","54516002","41142684","1500080","2843380","0","44525865","6952755","610997","5542405","1.11","55561686","46025945","215906","434687","55126999","55561686","403867","megawatthours","megawatthours","megawatthours","megawatthours","megawatthours","megawatthours","megawatthours","megawatthours","megawatthours","megawatthours","megawatthours","megawatthours","megawatthours","ratio","megawatthours","megawatthours","megawatthours","megawatthours","megawatthours","megawatthours","megawatthours"
"2010","PA","Pennsylvania","256091","12168048","2588434","2783710","226907780","1086500","34176551","9202661",NA,"114787417","213653232","2844526","67915553","1.42","230520982","148963968","347966","768676","229752306","230520982","1307124","megawatthours","megawatthours","megawatthours","megawatthours","megawatthours","megawatthours","megawatthours","megawatthours","megawatthours","megawatthours","megawatthours","megawatthours","megawatthours","ratio","megawatthours","megawatthours","megawatthours","megawatthours","megawatthours","megawatthours","megawatthours"
"2010","RI","Rhode Island","31545","0","0","53446","7707174","10827","2447379","481819",NA,"5351848","7696347","31545","-207115",".98","8238843","7799227","43030","500124","7738719","8238843","68436","megawatthours","megawatthours","megawatthours","megawatthours","megawatthours","megawatthours","megawatthours","megawatthours","megawatthours","megawatthours","megawatthours","megawatthours","megawatthours","ratio","megawatthours","megawatthours","megawatthours","megawatthours","megawatthours","megawatthours","megawatthours"
"2010","SC","South Carolina","2083","769683","1736573","2106674","102414477","100610887","0","5095386",NA,"82479293","1033907","1738656","13748043","1.15","104153133","82479293","0","0","104153133","104153133","723736","megawatthours","megawatthours","megawatthours","megawatthours","megawatthours","megawatthours","megawatthours","megawatthours","megawatthours","megawatthours","megawatthours","megawatthours","megawatthours","ratio","megawatthours","megawatthours","megawatthours","megawatthours","megawatthours","megawatthours","megawatthours"
"2010","SD","South Dakota","25","0","0","467","10049612","8682448","0","701558",NA,"11356149","1367164","25","-2108185",".83","10049636","11356149","0","0","10049636","10049636","99648","megawatthours","megawatthours","megawatthours","megawatthours","megawatthours","megawatthours","megawatthours","megawatthours","megawatthours","megawatthours","megawatthours","megawatthours","megawatthours","ratio","megawatthours","megawatthours","megawatthours","megawatthours","megawatthours","megawatthours","megawatthours"
"2010","TN","Tennessee","100713","0","2368698","2431053","79879214","79816049","0","6395329","107000","103414537","63165","2469411","-30907671",".73","82348625","103521537","0","0","82348625","82348625","908377","megawatthours","megawatthours","megawatthours","megawatthours","megawatthours","megawatthours","megawatthours","megawatthours","megawatthours","megawatthours","megawatthours","megawatthours","megawatthours","ratio","megawatthours","megawatthours","megawatthours","megawatthours","megawatthours","megawatthours","megawatthours"
"2010","TX","Texas","497181","43044645","40824289","33873361","370373576","95099161","0","22144706","5870581","352586969","232229770","41321470","-5937938",".99","411993538","358457550","310478","298492","411695046","411993538","3145380","megawatthours","megawatthours","megawatthours","megawatthours","megawatthours","megawatthours","megawatthours","megawatthours","megawatthours","megawatthours","megawatthours","megawatthours","megawatthours","ratio","megawatthours","megawatthours","megawatthours","megawatthours","megawatthours","megawatthours","megawatthours"
"2010","US","United States","8591598","162042109","144082263","131910249","3972386037","2471632103","379277453","231965709","10225964","3365337951","1338711826","152673862","0","1","4170143085","3754841368","19106180","45083186","4125059899","4170143085","32319579","megawatthours","megawatthours","megawatthours","megawatthours","megawatthours","megawatthours","megawatthours","megawatthours","megawatthours","megawatthours","megawatthours","megawatthours","megawatthours","ratio","megawatthours","megawatthours","megawatthours","megawatthours","megawatthours","megawatthours","megawatthours"
"2010","UT","Utah","209","9464","1200721","1243780","41048424","39522124","0","1732496",NA,"28044001","1516836","1200930","10987444","1.35","42266789","28044001","12988","17434","42249355","42266789","246079","megawatthours","megawatthours","megawatthours","megawatthours","megawatthours","megawatthours","megawatthours","megawatthours","megawatthours","megawatthours","megawatthours","megawatthours","megawatthours","ratio","megawatthours","megawatthours","megawatthours","megawatthours","megawatthours","megawatthours","megawatthours"
"2010","VA","Virginia","361778","2544588","1854890","1989510","70749788","58902054","0","7030689",NA,"113806135","9303146","2216668","-50858500",".59","72966456","113806135","0","0","72966456","72966456","998622","megawatthours","megawatthours","megawatthours","megawatthours","megawatthours","megawatthours","megawatthours","megawatthours","megawatthours","megawatthours","megawatthours","megawatthours","megawatthours","ratio","megawatthours","megawatthours","megawatthours","megawatthours","megawatthours","megawatthours","megawatthours"
"2010","VT","Vermont","0","0","25308","19806","6594682","720853","0","345636",NA,"5594833","5873829","25308","3036806","1.5","9078422","5594833","32247","2458432","6619990","9078422","49093","megawatthours","megawatthours","megawatthours","megawatthours","megawatthours","megawatthours","megawatthours","megawatthours","megawatthours","megawatthours","megawatthours","megawatthours","megawatthours","ratio","megawatthours","megawatthours","megawatthours","megawatthours","megawatthours","megawatthours","megawatthours"
"2010","WA","Washington","68131","1740163","1277329","1043383","102127269","88057219","2263012","5583473",NA,"88116958","12329887","1345460","-1279785",".99","105684149","90379970","9164045","2211420","103472729","105684149","793063","megawatthours","megawatthours","megawatthours","megawatthours","megawatthours","megawatthours","megawatthours","megawatthours","megawatthours","megawatthours","megawatthours","megawatthours","megawatthours","ratio","megawatthours","megawatthours","megawatthours","megawatthours","megawatthours","megawatthours","megawatthours"
"2010","WI","Wisconsin","142106","662839","2095521","2246656","62076440","45579970","0","4247371",NA,"68752417","15833631","2237627","-11535663",".85","64314067","68752417","0","0","64314067","64314067","603286","megawatthours","megawatthours","megawatthours","megawatthours","megawatthours","megawatthours","megawatthours","megawatthours","megawatthours","megawatthours","megawatthours","megawatthours","megawatthours","ratio","megawatthours","megawatthours","megawatthours","megawatthours","megawatthours","megawatthours","megawatthours"
"2010","WV","West Virginia","0","387724","924055","445681","79864892","56719755","0","1978853",NA,"32031803","22757413","924055","46051539","2.33","80788947","32031803","0","0","80788947","80788947","281072","megawatthours","megawatthours","megawatthours","megawatthours","megawatthours","megawatthours","megawatthours","megawatthours","megawatthours","megawatthours","megawatthours","megawatthours","megawatthours","ratio","megawatthours","megawatthours","megawatthours","megawatthours","megawatthours","megawatthours","megawatthours"
"2010","WY","Wyoming","0","0","973202","1000189","47146052","44738543","0","1057231",NA,"17113458","2407509","973202","28772554","2.49","48126648","17113458","33049","7394","48119254","48126648","150167","megawatthours","megawatthours","megawatthours","megawatthours","megawatthours","megawatthours","megawatthours","megawatthours","megawatthours","megawatthours","megawatthours","megawatthours","megawatthours","ratio","megawatthours","megawatthours","megawatthours","megawatthours","megawatthours","megawatthours","megawatthours"
"2009","AK","Alaska","216819","209379","109199","337332","6376141","6166762","0","399143",NA,"6270171","0","326019","0","1","6703367","6270171","0","1208","6702159","6703367","-303279","megawatthours","megawatthours","megawatthours","megawatthours","megawatthours","megawatthours","megawatthours","megawatthours","megawatthours","megawatthours","megawatthours","megawatthours","megawatthours","ratio","megawatthours","megawatthours","megawatthours","megawatthours","megawatthours","megawatthours","megawatthours"
"2009","AL","Alabama","0","4605863","4565712","4827750","138689844","118781555","0","5273674","417287","82427315","15302426","4565712","49562730","1.53","143255556","82844602","0","0","143255556","143255556","746799","megawatthours","megawatthours","megawatthours","megawatthours","megawatthours","megawatthours","megawatthours","megawatthours","megawatthours","megawatthours","megawatthours","megawatthours","megawatthours","ratio","megawatthours","megawatthours","megawatthours","megawatthours","megawatthours","megawatthours","megawatthours"
"2009","AR","Arkansas","2532","1361416","1884481","1916328","55570726","45423149","0","2748289","17331","43155773","8786161","1887013","9230836","1.19","57457739","43173104","0","0","57457739","57457739","389182","megawatthours","megawatthours","megawatthours","megawatthours","megawatthours","megawatthours","megawatthours","megawatthours","megawatthours","megawatthours","megawatthours","megawatthours","megawatthours","ratio","megawatthours","megawatthours","megawatthours","megawatthours","megawatthours","megawatthours","megawatthours"
"2009","AZ","Arizona","71842","301143","244801","344107","111654607","89640192","0","4674551",NA,"73432929","21713272","316643","32626672","1.41","112094234","73432929","354017","122984","111971250","112094234","661958","megawatthours","megawatthours","megawatthours","megawatthours","megawatthours","megawatthours","megawatthours","megawatthours","megawatthours","megawatthours","megawatthours","megawatthours","megawatthours","ratio","megawatthours","megawatthours","megawatthours","megawatthours","megawatthours","megawatthours","megawatthours"
"2009","CA","California","2243754","21008878","15632805","10035114","186899573","85123706","16923930","16524428","2076259","240583487","80766990","17876559","-81178433",".72","207823280","259583676","518488","3047148","204776132","207823280","2340007","megawatthours","megawatthours","megawatthours","megawatthours","megawatthours","megawatthours","megawatthours","megawatthours","megawatthours","megawatthours","megawatthours","megawatthours","megawatthours","ratio","megawatthours","megawatthours","megawatthours","megawatthours","megawatthours","megawatthours","megawatthours"
"2009","CO","Colorado","3101","1530733","50043","43472","50512808","37467527","0","3248814","198951","50836955","11514548","53144","-4222317",".92","50565952","51035906","15","0","50565952","50565952","460061","megawatthours","megawatthours","megawatthours","megawatthours","megawatthours","megawatthours","megawatthours","megawatthours","megawatthours","megawatthours","megawatthours","megawatthours","megawatthours","ratio","megawatthours","megawatthours","megawatthours","megawatthours","megawatthours","megawatthours","megawatthours"
"2009","CT","Connecticut","46645","1874004","279200","554157","30880377","47137","13016458","1891629","38739","16660567","28959236","325845","1177837","1.04","33772967","29715764","165708","2566745","31206222","33772967","267872","megawatthours","megawatthours","megawatthours","megawatthours","megawatthours","megawatthours","megawatthours","megawatthours","megawatthours","megawatthours","megawatthours","megawatthours","megawatthours","ratio","megawatthours","megawatthours","megawatthours","megawatthours","megawatthours","megawatthours","megawatthours"
"2009","DC","District of Columbia","0","0","0",NA,"35499","0","7867266","727883",NA,"3567109","35499","0","-12229834","0","35499","11434375","0","0","35499","35499","103075","megawatthours","megawatthours","megawatthours","megawatthours","megawatthours","megawatthours","megawatthours","megawatthours","megawatthours","megawatthours","megawatthours","megawatthours","megawatthours","ratio","megawatthours","megawatthours","megawatthours","megawatthours","megawatthours","megawatthours","megawatthours"
"2009","DE","Delaware","0","675335","458880","489100","4382683","12768","4045099","716641",NA,"7212679","3694580","458880","-7723439",".39","4841563","11257778","0","0","4841563","4841563","101483","megawatthours","megawatthours","megawatthours","megawatthours","megawatthours","megawatthours","megawatthours","megawatthours","megawatthours","megawatthours","megawatthours","megawatthours","megawatthours","ratio","megawatthours","megawatthours","megawatthours","megawatthours","megawatthours","megawatthours","megawatthours"
"2009","FL","Florida","64295","7202635","4848201","4986384","213039813","195063261","0","14307027",NA,"224750322","10773917","4912496","-28117427",".89","217952308","224750322","0","0","217952308","217952308","2026003","megawatthours","megawatthours","megawatthours","megawatthours","megawatthours","megawatthours","megawatthours","megawatthours","megawatthours","megawatthours","megawatthours","megawatthours","megawatthours","ratio","megawatthours","megawatthours","megawatthours","megawatthours","megawatthours","megawatthours","megawatthours"
"2009","GA","Georgia","24142","25308","4493861","4546158","124180373","115074702","0","8324195",NA,"130765505","9080363","4518004","-16116262",".89","128698376","130765505","0","0","128698376","128698376","1178780","megawatthours","megawatthours","megawatthours","megawatthours","megawatthours","megawatthours","megawatthours","megawatthours","megawatthours","megawatthours","megawatthours","megawatthours","megawatthours","ratio","megawatthours","megawatthours","megawatthours","megawatthours","megawatthours","megawatthours","megawatthours"
"2009","HI","Hawaii","323031","3121676","252535","524094","10434967","6509550","0","644607","251","10125934","803741","575566","0","1","11010533","10126185","0","0","11010533","11010533","-284353","megawatthours","megawatthours","megawatthours","megawatthours","megawatthours","megawatthours","megawatthours","megawatthours","megawatthours","megawatthours","megawatthours","megawatthours","megawatthours","ratio","megawatthours","megawatthours","megawatthours","megawatthours","megawatthours","megawatthours","megawatthours"
"2009","IA","Iowa","233318","0","1299495","1931968","50327250","41723059","0","2778086","309537","43331658","8604192","1532813","3115412","1.06","51860063","43641195","0","0","51860063","51860063","393402","megawatthours","megawatthours","megawatthours","megawatthours","megawatthours","megawatthours","megawatthours","megawatthours","megawatthours","megawatthours","megawatthours","megawatthours","megawatthours","ratio","megawatthours","megawatthours","megawatthours","megawatthours","megawatthours","megawatthours","megawatthours"
"2009","ID","Idaho","0","192033","606546","623181","12493606","9977502","0","1448447","0","22753779","2324071","606546","-11974571",".52","13114469","22753779","58520","14317","13100152","13114469","205113","megawatthours","megawatthours","megawatthours","megawatthours","megawatthours","megawatthours","megawatthours","megawatthours","megawatthours","megawatthours","megawatthours","megawatthours","megawatthours","ratio","megawatthours","megawatthours","megawatthours","megawatthours","megawatthours","megawatthours","megawatthours"
"2009","IL","Illinois","440215","531194","2350767","3289437","191073375","10633876","62493959","8701236","491895","73702612","179908306","2790982","43960894","1.29","193873825","136688466","1620","9468","193864357","193873825","1232173","megawatthours","megawatthours","megawatthours","megawatthours","megawatthours","megawatthours","megawatthours","megawatthours","megawatthours","megawatthours","megawatthours","megawatthours","megawatthours","ratio","megawatthours","megawatthours","megawatthours","megawatthours","megawatthours","megawatthours","megawatthours"
"2009","IN","Indiana","193029","5984426","2671224","7502074","113806027","103594020","0","6321934","294234","99017579","4227581","2864253","2608109","1.02","116677008","99311813","37835","6728","116670280","116677008","895242","megawatthours","megawatthours","megawatthours","megawatthours","megawatthours","megawatthours","megawatthours","megawatthours","megawatthours","megawatthours","megawatthours","megawatthours","megawatthours","ratio","megawatthours","megawatthours","megawatthours","megawatthours","megawatthours","megawatthours","megawatthours"
"2009","KS","Kansas","0","0","0","0","46677308","44443224","0","2434473","130913","38112431","2234084","0","5654634","1.14","46677308","38243344","114","0","46677308","46677308","344743","megawatthours","megawatthours","megawatthours","megawatthours","megawatthours","megawatthours","megawatthours","megawatthours","megawatthours","megawatthours","megawatthours","megawatthours","megawatthours","ratio","megawatthours","megawatthours","megawatthours","megawatthours","megawatthours","megawatthours","megawatthours"
"2009","KY","Kentucky","0","0","481519","381874","90148908","90029962","0","5658939","0","88896757","118946","481519","-5108499",".95","90630427","88896757","0","0","90630427","90630427","801356","megawatthours","megawatthours","megawatthours","megawatthours","megawatthours","megawatthours","megawatthours","megawatthours","megawatthours","megawatthours","megawatthours","megawatthours","megawatthours","ratio","megawatthours","megawatthours","megawatthours","megawatthours","megawatthours","megawatthours","megawatthours"
"2009","LA","Louisiana","44752","4836103","25774795","18914254","65174129","43591889","0","5007903",NA,"78669582","16746137","25819547","-12307227",".88","90993676","78669582","0","0","90993676","90993676","709164","megawatthours","megawatthours","megawatthours","megawatthours","megawatthours","megawatthours","megawatthours","megawatthours","megawatthours","megawatthours","megawatthours","megawatthours","megawatthours","ratio","megawatthours","megawatthours","megawatthours","megawatthours","megawatthours","megawatthours","megawatthours"
"2009","MA","Massachusetts","524889","1917792","192662","658587","38249100","447912","24625087","3460367","309334","29424777","35883397","717551","-15428615",".74","43878057","54359198","338502","4911406","38966651","43878057","490019","megawatthours","megawatthours","megawatthours","megawatthours","megawatthours","megawatthours","megawatthours","megawatthours","megawatthours","megawatthours","megawatthours","megawatthours","megawatthours","ratio","megawatthours","megawatthours","megawatthours","megawatthours","megawatthours","megawatthours","megawatthours"
"2009","MD","Maryland","31890","2795440","453133","1084931","43289809","2294","26626682","3984264",NA,"35962461","40492074","485023","-24447713",".64","43774832","62589143","0","0","43774832","43774832","564207","megawatthours","megawatthours","megawatthours","megawatthours","megawatthours","megawatthours","megawatthours","megawatthours","megawatthours","megawatthours","megawatthours","megawatthours","megawatthours","ratio","megawatthours","megawatthours","megawatthours","megawatthours","megawatthours","megawatthours","megawatthours"
"2009","ME","Maine","184120","478959","4739851","3085306","11425878","867","11132596","718245",NA,"150371","10946052","4923971","3141979","1.2","18954172","11282967","623965","2604323","16349849","18954172","101710","megawatthours","megawatthours","megawatthours","megawatthours","megawatthours","megawatthours","megawatthours","megawatthours","megawatthours","megawatthours","megawatthours","megawatthours","megawatthours","ratio","megawatthours","megawatthours","megawatthours","megawatthours","megawatthours","megawatthours","megawatthours"
"2009","MI","Michigan","603624","6203600","1158593","1792173","99440389","82787341","4046710","6246131","420152","93654152","10449447","1762216","-204074","1","108779039","98121014","1939287","7576434","101202605","108779039","884508","megawatthours","megawatthours","megawatthours","megawatthours","megawatthours","megawatthours","megawatthours","megawatthours","megawatthours","megawatthours","megawatthours","megawatthours","megawatthours","ratio","megawatthours","megawatthours","megawatthours","megawatthours","megawatthours","megawatthours","megawatthours"
"2009","MN","Minnesota","130034","627532","1440881","1085600","50920935","44442211","0","4074359","606482","63397981","5851191","1570914","-9457250",".87","60778785","64004463","494647","8286936","52491849","60778785","576966","megawatthours","megawatthours","megawatthours","megawatthours","megawatthours","megawatthours","megawatthours","megawatthours","megawatthours","megawatthours","megawatthours","megawatthours","megawatthours","ratio","megawatthours","megawatthours","megawatthours","megawatthours","megawatthours","megawatthours","megawatthours"
"2009","MO","Missouri","104410","41372","120828","245721","88129034","86704766","0","5086056","19186","79878114","1382896","225238","3063425","1.04","89023520","79897300","10786","669248","88354272","89023520","720231","megawatthours","megawatthours","megawatthours","megawatthours","megawatthours","megawatthours","megawatthours","megawatthours","megawatthours","megawatthours","megawatthours","megawatthours","megawatthours","ratio","megawatthours","megawatthours","megawatthours","megawatthours","megawatthours","megawatthours","megawatthours"
"2009","MS","Mississippi","24052","0","1789235","1881334","46888197","34759024","0","2931371",NA,"46049154","12129173","1813287","-2575483",".95","48701484","46049154","0","0","48701484","48701484","415108","megawatthours","megawatthours","megawatthours","megawatthours","megawatthours","megawatthours","megawatthours","megawatthours","megawatthours","megawatthours","megawatthours","megawatthours","megawatthours","ratio","megawatthours","megawatthours","megawatthours","megawatthours","megawatthours","megawatthours","megawatthours"
"2009","MT","Montana","0","479335","104773","192482","26607963","6275963","3049501","913724",NA,"11304274","19852665","104773","10835220","1.67","26928464","14353775","503871","215729","26712735","26928464","129392","megawatthours","megawatthours","megawatthours","megawatthours","megawatthours","megawatthours","megawatthours","megawatthours","megawatthours","megawatthours","megawatthours","megawatthours","megawatthours","ratio","megawatthours","megawatthours","megawatthours","megawatthours","megawatthours","megawatthours","megawatthours"
"2009","NC","North Carolina","64649","2187502","1853036","2213347","116489718","112961309","0","8126378",NA,"127657979","1340907","1917685","-20741069",".85","118407403","127657979","0","0","118407403","118407403","1150768","megawatthours","megawatthours","megawatthours","megawatthours","megawatthours","megawatthours","megawatthours","megawatthours","megawatthours","megawatthours","megawatthours","megawatthours","megawatthours","ratio","megawatthours","megawatthours","megawatthours","megawatthours","megawatthours","megawatthours","megawatthours"
"2009","ND","North Dakota","85","0","195922","208738","34000459","31375152","0","805176",NA,"12648580","2625307","196008","21159930","2.47","35545958","12648580","609514","1349491","34196467","35545958","114020","megawatthours","megawatthours","megawatthours","megawatthours","megawatthours","megawatthours","megawatthours","megawatthours","megawatthours","megawatthours","megawatthours","megawatthours","megawatthours","ratio","megawatthours","megawatthours","megawatthours","megawatthours","megawatthours","megawatthours","megawatthours"
"2009","NE","Nebraska","14414","4720","42034","61168","33945444","33776062","0","1811193",NA,"28452194","164662","56448","3420843","1.11","34001892","28452194","13","0","34001892","34001892","256481","megawatthours","megawatthours","megawatthours","megawatthours","megawatthours","megawatthours","megawatthours","megawatthours","megawatthours","megawatthours","megawatthours","megawatthours","megawatthours","ratio","megawatthours","megawatthours","megawatthours","megawatthours","megawatthours","megawatthours","megawatthours"
"2009","NH","New Hampshire","26590","0","34912","82821","20102620","3788395","1880791","681039","11326","8806376","16314225","61502","9636055","1.83","21265985","10698493","71136","1101863","20164122","21265985","96441","megawatthours","megawatthours","megawatthours","megawatthours","megawatthours","megawatthours","megawatthours","megawatthours","megawatthours","megawatthours","megawatthours","megawatthours","megawatthours","ratio","megawatthours","megawatthours","megawatthours","megawatthours","megawatthours","megawatthours","megawatthours"
"2009","NJ","New Jersey","385107","8716570","714602","1265628","60711530","-186672","21436132","4823950","163366","54180355","52181631","1099709","-20741307",".75","61811239","75779853","0","0","61811239","61811239","683114","megawatthours","megawatthours","megawatthours","megawatthours","megawatthours","megawatthours","megawatthours","megawatthours","megawatthours","megawatthours","megawatthours","megawatthours","megawatthours","ratio","megawatthours","megawatthours","megawatthours","megawatthours","megawatthours","megawatthours","megawatthours"
"2009","NM","New Mexico","70847","477229","317","123693","39603175","34245148","0","1378001",NA,"21647136","4880798","71164","16242146","1.69","39701512","21647136","115399","27173","39674339","39701512","195137","megawatthours","megawatthours","megawatthours","megawatthours","megawatthours","megawatthours","megawatthours","megawatthours","megawatthours","megawatthours","megawatthours","megawatthours","megawatthours","ratio","megawatthours","megawatthours","megawatthours","megawatthours","megawatthours","megawatthours","megawatthours"
"2009","NV","Nevada","0","2012703","204781","12870","37500352","26095005","1479099","2182409","32000","32772555","9392644","204781","882511","1.02","37742336","34283654","71843","37203","37705133","37742336","309049","megawatthours","megawatthours","megawatthours","megawatthours","megawatthours","megawatthours","megawatthours","megawatthours","megawatthours","megawatthours","megawatthours","megawatthours","megawatthours","ratio","megawatthours","megawatthours","megawatthours","megawatthours","megawatthours","megawatthours","megawatthours"
"2009","NY","New York","545600","8866160","1111183","1567327","131493767","35771414","62432480","8914229","275870","77326047","86856192","1656783","-8832194",".94","144404952","140034397","1458858","11254402","133150550","144404952","1262334","megawatthours","megawatthours","megawatthours","megawatthours","megawatthours","megawatthours","megawatthours","megawatthours","megawatthours","megawatthours","megawatthours","megawatthours","megawatthours","ratio","megawatthours","megawatthours","megawatthours","megawatthours","megawatthours","megawatthours","megawatthours"
"2009","OH","Ohio","0","472428","903040","970753","135187185","93939609","12952626","9313068","148911","133198256","40775148","903040","-21808230",".86","136094197","146299793","0","3972","136090225","136094197","1318814","megawatthours","megawatthours","megawatthours","megawatthours","megawatthours","megawatthours","megawatthours","megawatthours","megawatthours","megawatthours","megawatthours","megawatthours","megawatthours","ratio","megawatthours","megawatthours","megawatthours","megawatthours","megawatthours","megawatthours","megawatthours"
"2009","OK","Oklahoma","30371","2318470","778304","935019","74258134","57516914","0","3472167","0","54544580","14422750","808675","15623353","1.26","75066809","54544580","0","0","75066809","75066809","491690","megawatthours","megawatthours","megawatthours","megawatthours","megawatthours","megawatthours","megawatthours","megawatthours","megawatthours","megawatthours","megawatthours","megawatthours","megawatthours","ratio","megawatthours","megawatthours","megawatthours","megawatthours","megawatthours","megawatthours","megawatthours"
"2009","OR","Oregon","18371","6385776","962785","948298","55709700","42703218","2311843","3027986","1430","45253624","6620706","981156","5007823","1.1","57451993","47566897","472199","761137","56690856","57451993","428790","megawatthours","megawatthours","megawatthours","megawatthours","megawatthours","megawatthours","megawatthours","megawatthours","megawatthours","megawatthours","megawatthours","megawatthours","megawatthours","ratio","megawatthours","megawatthours","megawatthours","megawatthours","megawatthours","megawatthours","megawatthours"
"2009","PA","Pennsylvania","239448","10277785","2736055","2857324","216520640","1159659","11021219","9150592",NA,"132726219","205083196","2975504","62615453","1.4","220112567","143747438","445954","616423","219496144","220112567","1295806","megawatthours","megawatthours","megawatthours","megawatthours","megawatthours","megawatthours","megawatthours","megawatthours","megawatthours","megawatthours","megawatthours","megawatthours","megawatthours","ratio","megawatthours","megawatthours","megawatthours","megawatthours","megawatthours","megawatthours","megawatthours"
"2009","RI","Rhode Island","52733","0","0","56778","7644091","10612","1940367","484919",NA,"5677262","7633479","52733","204758","1.02","8483542","7617629","50790","786718","7696824","8483542","68669","megawatthours","megawatthours","megawatthours","megawatthours","megawatthours","megawatthours","megawatthours","megawatthours","megawatthours","megawatthours","megawatthours","megawatthours","megawatthours","ratio","megawatthours","megawatthours","megawatthours","megawatthours","megawatthours","megawatthours","megawatthours"
"2009","SC","South Carolina","40949","650103","1668206","1901942","98416331","97336653","0","4864540","0","76417479","429575","1709155","16252663","1.19","100125486","76417479","0","0","100125486","100125486","688862","megawatthours","megawatthours","megawatthours","megawatthours","megawatthours","megawatthours","megawatthours","megawatthours","megawatthours","megawatthours","megawatthours","megawatthours","megawatthours","ratio","megawatthours","megawatthours","megawatthours","megawatthours","megawatthours","megawatthours","megawatthours"
"2009","SD","South Dakota","49","0","0","429","8196482","7780254","0","700876",NA,"11010118","416228","49","-3613878",".69","8196795","11010118","0","264","8196531","8196795","99250","megawatthours","megawatthours","megawatthours","megawatthours","megawatthours","megawatthours","megawatthours","megawatthours","megawatthours","megawatthours","megawatthours","megawatthours","megawatthours","ratio","megawatthours","megawatthours","megawatthours","megawatthours","megawatthours","megawatthours","megawatthours"
"2009","TN","Tennessee","117231","0","2086559","2267084","77513099","77432806","0","6041716","107700","94802144","80293","2203790","-24357317",".77","79716889","94909844","0","0","79716889","79716889","855561","megawatthours","megawatthours","megawatthours","megawatthours","megawatthours","megawatthours","megawatthours","megawatthours","megawatthours","megawatthours","megawatthours","megawatthours","megawatthours","ratio","megawatthours","megawatthours","megawatthours","megawatthours","megawatthours","megawatthours","megawatthours"
"2009","TX","Texas","468080","44780254","34494295","32232087","362205534","90418339","0","21984182","6617473","338733947","227006941","34962375","-5402774",".99","397615218","345351420","337146","447308","397167910","397615218","3113157","megawatthours","megawatthours","megawatthours","megawatthours","megawatthours","megawatthours","megawatthours","megawatthours","megawatthours","megawatthours","megawatthours","megawatthours","megawatthours","ratio","megawatthours","megawatthours","megawatthours","megawatthours","megawatthours","megawatthours","megawatthours"
"2009","US","United States","8164521","159145778","132329109","126937958","3809837297","2372775997","294229222","228962715","12688627","3289877285","1277915522","140493630","0","1","4002521521","3596795134","18137984","52190595","3950330926","4002521521","31687730","megawatthours","megawatthours","megawatthours","megawatthours","megawatthours","megawatthours","megawatthours","megawatthours","megawatthours","megawatthours","megawatthours","megawatthours","megawatthours","ratio","megawatthours","megawatthours","megawatthours","megawatthours","megawatthours","megawatthours","megawatthours"
"2009","UT","Utah","2757","10006","1213382","1092589","42326807","40991819","0","1756098",NA,"27586700","1324982","1216139","12824087","1.42","43551184","27586700","43030","8238","43542946","43551184","248679","megawatthours","megawatthours","megawatthours","megawatthours","megawatthours","megawatthours","megawatthours","megawatthours","megawatthours","megawatthours","megawatthours","megawatthours","megawatthours","ratio","megawatthours","megawatthours","megawatthours","megawatthours","megawatthours","megawatthours","megawatthours"
"2009","VA","Virginia","333718","2607854","2287814","2436293","67460533","59225368","876","6904441",NA,"108461587","5627311","2621533","-48698862",".59","70082066","108462463","0","0","70082066","70082066","977731","megawatthours","megawatthours","megawatthours","megawatthours","megawatthours","megawatthours","megawatthours","megawatthours","megawatthours","megawatthours","megawatthours","megawatthours","megawatthours","ratio","megawatthours","megawatthours","megawatthours","megawatthours","megawatthours","megawatthours","megawatthours"
"2009","VT","Vermont","0","0","24972","1287","7257376","711507","0","349894",NA,"5496513","6545869","24972","3948595","1.66","9887108","5496513","41271","2604760","7282348","9887108","49548","megawatthours","megawatthours","megawatthours","megawatthours","megawatthours","megawatthours","megawatthours","megawatthours","megawatthours","megawatthours","megawatthours","megawatthours","megawatthours","ratio","megawatthours","megawatthours","megawatthours","megawatthours","megawatthours","megawatthours","megawatthours"
"2009","WA","Washington","58836","2084959","1062360","887911","103348937","90733028","4946501","5742536","0","85263501","10530950","1121196","638330","1.01","107620156","90210002","9328182","3150023","104470133","107620156","813194","megawatthours","megawatthours","megawatthours","megawatthours","megawatthours","megawatthours","megawatthours","megawatthours","megawatthours","megawatthours","megawatthours","megawatthours","megawatthours","ratio","megawatthours","megawatthours","megawatthours","megawatthours","megawatthours","megawatthours","megawatthours"
"2009","WI","Wisconsin","184190","875699","2060727","2200039","57714143","41375366","0","4219624",NA,"66286439","15463079","2244917","-13344578",".82","59959060","66286439","0","0","59959060","59959060","597536","megawatthours","megawatthours","megawatthours","megawatthours","megawatthours","megawatthours","megawatthours","megawatthours","megawatthours","megawatthours","megawatthours","megawatthours","megawatthours","ratio","megawatthours","megawatthours","megawatthours","megawatthours","megawatthours","megawatthours","megawatthours"
"2009","WV","West Virginia","0","413403","960368","371391","69822146","51708607","0","1926995",NA,"30271329","17700136","960368","37939920","2.16","70782514","30271329","0","0","70782514","70782514","272880","megawatthours","megawatthours","megawatthours","megawatthours","megawatthours","megawatthours","megawatthours","megawatthours","megawatthours","megawatthours","megawatthours","megawatthours","megawatthours","ratio","megawatthours","megawatthours","megawatthours","megawatthours","megawatthours","megawatthours","megawatthours"
"2009","WY","Wyoming","0","0","929437","970224","45099776","43182207","0","1054290",NA,"16561937","1917569","929437","27257135","2.45","46038158","16561937","45275","8946","46029212","46038158","149297","megawatthours","megawatthours","megawatthours","megawatthours","megawatthours","megawatthours","megawatthours","megawatthours","megawatthours","megawatthours","megawatthours","megawatthours","megawatthours","ratio","megawatthours","megawatthours","megawatthours","megawatthours","megawatthours","megawatthours","megawatthours"
"2008","AK","Alaska","225098","177106","110483","328146","6439254","6262148","0","402966","0","6325944","0","335581","0","1","6776064","6325944","0","1230","6774834","6776064","-280991","megawatthours","megawatthours","megawatthours","megawatthours","megawatthours","megawatthours","megawatthours","megawatthours","megawatthours","megawatthours","megawatthours","megawatthours","megawatthours","ratio","megawatthours","megawatthours","megawatthours","megawatthours","megawatthours","megawatthours","megawatthours"
"2008","AL","Alabama","0","2569428","4562425","4726425","141307470","128054895","0","5714398","425598","89281681","10683147","4562425","44550279","1.44","145869895","89707279","0","0","145869895","145869895","1171515","megawatthours","megawatthours","megawatthours","megawatthours","megawatthours","megawatthours","megawatthours","megawatthours","megawatthours","megawatthours","megawatthours","megawatthours","megawatthours","ratio","megawatthours","megawatthours","megawatthours","megawatthours","megawatthours","megawatthours","megawatthours"
"2008","AR","Arkansas","3163","1285899","1941389","1987076","53105975","45880232","0","2938802","19396","46115285","5939844","1944553","3387482","1.07","55050528","46134681","0","0","55050528","55050528","602487","megawatthours","megawatthours","megawatthours","megawatthours","megawatthours","megawatthours","megawatthours","megawatthours","megawatthours","megawatthours","megawatthours","megawatthours","megawatthours","ratio","megawatthours","megawatthours","megawatthours","megawatthours","megawatthours","megawatthours","megawatthours"
"2008","AZ","Arizona","69505","370153","349910","455943","119039757","94452931","0","4858304",NA,"76267916","24216673","419415","36618328","1.44","119547088","76267916","350592","87916","119459172","119547088","996006","megawatthours","megawatthours","megawatthours","megawatthours","megawatthours","megawatthours","megawatthours","megawatthours","megawatthours","megawatthours","megawatthours","megawatthours","megawatthours","ratio","megawatthours","megawatthours","megawatthours","megawatthours","megawatthours","megawatthours","megawatthours"
"2008","CA","California","2100480","21534860","15934693","13462354","189949090","83346844","18661682","17081619","1388918","248104619","85067386","18035173","-89521954",".7","213353797","268155219","674638","5369534","207984263","213353797","3501921","megawatthours","megawatthours","megawatthours","megawatthours","megawatthours","megawatthours","megawatthours","megawatthours","megawatthours","megawatthours","megawatthours","megawatthours","megawatthours","ratio","megawatthours","megawatthours","megawatthours","megawatthours","megawatthours","megawatthours","megawatthours"
"2008","CO","Colorado","38995","1545150","51994","100801","53350605","41176711","0","3321501","195867","51946606","10628743","90989","-2805490",".95","53443430","52142473","3200","1836","53441594","53443430","680944","megawatthours","megawatthours","megawatthours","megawatthours","megawatthours","megawatthours","megawatthours","megawatthours","megawatthours","megawatthours","megawatthours","megawatthours","megawatthours","ratio","megawatthours","megawatthours","megawatthours","megawatthours","megawatthours","megawatthours","megawatthours"
"2008","CT","Connecticut","43870","1956376","218409","492675","30147193","52334","11724416","1971947","39972","19192156","28138483","262280","-1426242",".96","32570527","30956544","171332","2161054","30409473","32570527","404271","megawatthours","megawatthours","megawatthours","megawatthours","megawatthours","megawatthours","megawatthours","megawatthours","megawatthours","megawatthours","megawatthours","megawatthours","megawatthours","ratio","megawatthours","megawatthours","megawatthours","megawatthours","megawatthours","megawatthours","megawatthours"
"2008","DC","District of Columbia","0","0","0",NA,"72316","0","7766791","739960",NA,"3849443","72316","0","-12435578",".01","72316","11616234","0","0","72316","72316","151700","megawatthours","megawatthours","megawatthours","megawatthours","megawatthours","megawatthours","megawatthours","megawatthours","megawatthours","megawatthours","megawatthours","megawatthours","megawatthours","ratio","megawatthours","megawatthours","megawatthours","megawatthours","megawatthours","megawatthours","megawatthours"
"2008","DE","Delaware","0","1578822","699392","750358","6824447","19068","3959586","748403","0","7789197","5226557","699392","-5877137",".56","7523839","11748783","0","0","7523839","7523839","153431","megawatthours","megawatthours","megawatthours","megawatthours","megawatthours","megawatthours","megawatthours","megawatthours","megawatthours","megawatthours","megawatthours","megawatthours","megawatthours","ratio","megawatthours","megawatthours","megawatthours","megawatthours","megawatthours","megawatthours","megawatthours"
"2008","FL","Florida","69751","8325523","4575096","4923836","214991972","196524348","0","14407318","0","226172795","10142101","4644846","-28820791",".88","219636818","226172795","0","0","219636818","219636818","2953660","megawatthours","megawatthours","megawatthours","megawatthours","megawatthours","megawatthours","megawatthours","megawatthours","megawatthours","megawatthours","megawatthours","megawatthours","megawatthours","ratio","megawatthours","megawatthours","megawatthours","megawatthours","megawatthours","megawatthours","megawatthours"
"2008","GA","Georgia","1855","113555","4595961","4649564","131575580","126031263","0","8610619",NA,"135173514","5430762","4597815","-14025574",".91","136173395","135173514","0","0","136173395","136173395","1765272","megawatthours","megawatthours","megawatthours","megawatthours","megawatthours","megawatthours","megawatthours","megawatthours","megawatthours","megawatthours","megawatthours","megawatthours","megawatthours","ratio","megawatthours","megawatthours","megawatthours","megawatthours","megawatthours","megawatthours","megawatthours"
"2008","HI","Hawaii","329887","3190375","254554","395634","10791944","6700636","0","661866","268","10390011","900933","584441","0","1","11376385","10390279","0","0","11376385","11376385","-71394","megawatthours","megawatthours","megawatthours","megawatthours","megawatthours","megawatthours","megawatthours","megawatthours","megawatthours","megawatthours","megawatthours","megawatthours","megawatthours","ratio","megawatthours","megawatthours","megawatthours","megawatthours","megawatthours","megawatthours","megawatthours"
"2008","IA","Iowa","244255","0","978532","1173955","51863999","44751377","0","2897612","325885","45162185","7112622","1222787","2933106","1.06","53086786","45488070","0","0","53086786","53086786","594043","megawatthours","megawatthours","megawatthours","megawatthours","megawatthours","megawatthours","megawatthours","megawatthours","megawatthours","megawatthours","megawatthours","megawatthours","megawatthours","ratio","megawatthours","megawatthours","megawatthours","megawatthours","megawatthours","megawatthours","megawatthours"
"2008","ID","Idaho","0","134085","581110","612952","11389443","8893983","0","1522537","8177","23893313","2361375","581110","-14412979",".45","12024815","23901490","88678","54262","11970553","12024815","312137","megawatthours","megawatthours","megawatthours","megawatthours","megawatthours","megawatthours","megawatthours","megawatthours","megawatthours","megawatthours","megawatthours","megawatthours","megawatthours","ratio","megawatthours","megawatthours","megawatthours","megawatthours","megawatthours","megawatthours","megawatthours"
"2008","IL","Illinois","523360","552207","2508433","3349834","196443385","3811235","64479615","9212360","516086","79624213","192079944","3031792","40446801","1.25","199527980","144619914","10435","52802","199475178","199527980","1888636","megawatthours","megawatthours","megawatthours","megawatthours","megawatthours","megawatthours","megawatthours","megawatthours","megawatthours","megawatthours","megawatthours","megawatthours","megawatthours","ratio","megawatthours","megawatthours","megawatthours","megawatthours","megawatthours","megawatthours","megawatthours"
"2008","IN","Indiana","217610","5300552","3264806","7896332","126027878","115887993","0","6814723","203817","106776887","4839333","3482416","6338892","1.05","129533013","106980704","105268","22719","129510294","129533013","1397094","megawatthours","megawatthours","megawatthours","megawatthours","megawatthours","megawatthours","megawatthours","megawatthours","megawatthours","megawatthours","megawatthours","megawatthours","megawatthours","ratio","megawatthours","megawatthours","megawatthours","megawatthours","megawatthours","megawatthours","megawatthours"
"2008","KS","Kansas","0","0","52","275","46630269","45275773","0","2545794","134108","39830953","1354496","52","3597275","1.08","46630321","39965061","0","0","46630321","46630321","521916","megawatthours","megawatthours","megawatthours","megawatthours","megawatthours","megawatthours","megawatthours","megawatthours","megawatthours","megawatthours","megawatthours","megawatthours","megawatthours","ratio","megawatthours","megawatthours","megawatthours","megawatthours","megawatthours","megawatthours","megawatthours"
"2008","KY","Kentucky","0","0","535176","365975","97328164","86012151","0","5951436","53049","93375365","11316013","535176","-3102595",".97","97863340","93428414","0","0","97863340","97863340","1220110","megawatthours","megawatthours","megawatthours","megawatthours","megawatthours","megawatthours","megawatthours","megawatthours","megawatthours","megawatthours","megawatthours","megawatthours","megawatthours","ratio","megawatthours","megawatthours","megawatthours","megawatthours","megawatthours","megawatthours","megawatthours"
"2008","LA","Louisiana","46308","4317306","26157391","19663178","66249443","43164448","0","5014871",NA,"78725774","18767689","26203699","-11978785",".89","92453141","78725774","0","0","92453141","92453141","1028104","megawatthours","megawatthours","megawatthours","megawatthours","megawatthours","megawatthours","megawatthours","megawatthours","megawatthours","megawatthours","megawatthours","megawatthours","megawatthours","ratio","megawatthours","megawatthours","megawatthours","megawatthours","megawatthours","megawatthours","megawatthours"
"2008","MA","Massachusetts","489445","1443612","219260","953240","41796774","507254","23890979","3559845","313420","31679706","39845907","708705","-14772984",".76","46682503","55884105","328490","4177025","42505478","46682503","729808","megawatthours","megawatthours","megawatthours","megawatthours","megawatthours","megawatthours","megawatthours","megawatthours","megawatthours","megawatthours","megawatthours","megawatthours","megawatthours","ratio","megawatthours","megawatthours","megawatthours","megawatthours","megawatthours","megawatthours","megawatthours"
"2008","MD","Maryland","40212","3086107","480557","1204206","46840184","5856","26559916","4033883","0","36765861","43748221","520769","-22029904",".68","47360953","63325777","0","0","47360953","47360953","826991","megawatthours","megawatthours","megawatthours","megawatthours","megawatthours","megawatthours","megawatthours","megawatthours","megawatthours","megawatthours","megawatthours","megawatthours","megawatthours","ratio","megawatthours","megawatthours","megawatthours","megawatthours","megawatthours","megawatthours","megawatthours"
"2008","ME","Maine","177026","574517","5400480","3635765","11517413","1080","11519627","743619","0","154046","10941817","5577506","2008468","1.12","18838120","11673673","624146","1743201","17094919","18838120","152450","megawatthours","megawatthours","megawatthours","megawatthours","megawatthours","megawatthours","megawatthours","megawatthours","megawatthours","megawatthours","megawatthours","megawatthours","megawatthours","ratio","megawatthours","megawatthours","megawatthours","megawatthours","megawatthours","megawatthours","megawatthours"
"2008","MI","Michigan","535131","7349933","1647284","2144060","112807391","94503953","2999260","6738319","461436","102320575","10953505","2182415","1249307","1.01","121294978","105781271","4000591","6305172","114989806","121294978","1381430","megawatthours","megawatthours","megawatthours","megawatthours","megawatthours","megawatthours","megawatthours","megawatthours","megawatthours","megawatthours","megawatthours","megawatthours","megawatthours","ratio","megawatthours","megawatthours","megawatthours","megawatthours","megawatthours","megawatthours","megawatthours"
"2008","MN","Minnesota","98214","783566","1650776","1024850","53014370","46758314","0","4382220","639293","68154845","5472490","1748990","-12568565",".83","63541079","68794138","1010032","8777719","54763360","63541079","898404","megawatthours","megawatthours","megawatthours","megawatthours","megawatthours","megawatthours","megawatthours","megawatthours","megawatthours","megawatthours","megawatthours","megawatthours","megawatthours","ratio","megawatthours","megawatthours","megawatthours","megawatthours","megawatthours","megawatthours","megawatthours"
"2008","MO","Missouri","151060","126817","149688","310758","90728047","89178555","0","5375154","106526","84275150","1422675","300748","52812","1","91237766","84381676","15400","208971","91028795","91237766","1101966","megawatthours","megawatthours","megawatthours","megawatthours","megawatthours","megawatthours","megawatthours","megawatthours","megawatthours","megawatthours","megawatthours","megawatthours","megawatthours","ratio","megawatthours","megawatthours","megawatthours","megawatthours","megawatthours","megawatthours","megawatthours"
"2008","MS","Mississippi","11918","0","1744934","1876320","46448859","33796221","0","3039866","0","47721235","12652637","1756852","-5054916",".91","48205711","47721235","0","0","48205711","48205711","623206","megawatthours","megawatthours","megawatthours","megawatthours","megawatthours","megawatthours","megawatthours","megawatthours","megawatthours","megawatthours","megawatthours","megawatthours","megawatthours","ratio","megawatthours","megawatthours","megawatthours","megawatthours","megawatthours","megawatthours","megawatthours"
"2008","MT","Montana","0","404942","128382","237895","29508755","6902037","2834421","976299","0","12491979","22201776","128382","12648765","1.73","29878534","15326400","489023","241397","29637137","29878534","200152","megawatthours","megawatthours","megawatthours","megawatthours","megawatthours","megawatthours","megawatthours","megawatthours","megawatthours","megawatthours","megawatthours","megawatthours","megawatthours","ratio","megawatthours","megawatthours","megawatthours","megawatthours","megawatthours","megawatthours","megawatthours"
"2008","NC","North Carolina","89804","2929299","2044048","2879503","123105211","118778090","0","8285476","0","130069257","1397821","2133852","-17693787",".88","125239063","130069257","0","0","125239063","125239063","1698614","megawatthours","megawatthours","megawatthours","megawatthours","megawatthours","megawatthours","megawatthours","megawatthours","megawatthours","megawatthours","megawatthours","megawatthours","megawatthours","ratio","megawatthours","megawatthours","megawatthours","megawatthours","megawatthours","megawatthours","megawatthours"
"2008","ND","North Dakota","286","0","194932","207865","32539361","30852784","0","790910","0","12416074","1686577","195218","19965252","2.41","34148242","12416074","605996","1413663","32734579","34148242","162145","megawatthours","megawatthours","megawatthours","megawatthours","megawatthours","megawatthours","megawatthours","megawatthours","megawatthours","megawatthours","megawatthours","megawatthours","megawatthours","ratio","megawatthours","megawatthours","megawatthours","megawatthours","megawatthours","megawatthours","megawatthours"
"2008","NE","Nebraska","12924","4873","49","17848","32360549","32355676","0","1835913",NA,"28821021","0","12973","1322466","1.04","32373779","28821021","149","257","32373522","32373779","376383","megawatthours","megawatthours","megawatthours","megawatthours","megawatthours","megawatthours","megawatthours","megawatthours","megawatthours","megawatthours","megawatthours","megawatthours","megawatthours","ratio","megawatthours","megawatthours","megawatthours","megawatthours","megawatthours","megawatthours","megawatthours"
"2008","NH","New Hampshire","17841","0","39972","51157","22819179","4348148","871285","699259","5504","10100500","18471030","57813","11870290","1.99","23815780","10977289","74429","938788","22876992","23815780","143356","megawatthours","megawatthours","megawatthours","megawatthours","megawatthours","megawatthours","megawatthours","megawatthours","megawatthours","megawatthours","megawatthours","megawatthours","megawatthours","ratio","megawatthours","megawatthours","megawatthours","megawatthours","megawatthours","megawatthours","megawatthours"
"2008","NJ","New Jersey","87597","10739832","761694","1312019","62825499","-206308","16949938","5129134","1429965","62139640","52291974","849291","-24337437",".72","63674789","80519543","0","0","63674789","63674789","1051529","megawatthours","megawatthours","megawatthours","megawatthours","megawatthours","megawatthours","megawatthours","megawatthours","megawatthours","megawatthours","megawatthours","megawatthours","megawatthours","ratio","megawatthours","megawatthours","megawatthours","megawatthours","megawatthours","megawatthours","megawatthours"
"2008","NM","New Mexico","51046","464384","229510","272224","36729281","33844547","0","1403838",NA,"22038108","2420350","280556","12928933","1.54","37048910","22038108","118004","39073","37009837","37048910","287802","megawatthours","megawatthours","megawatthours","megawatthours","megawatthours","megawatthours","megawatthours","megawatthours","megawatthours","megawatthours","megawatthours","megawatthours","megawatthours","ratio","megawatthours","megawatthours","megawatthours","megawatthours","megawatthours","megawatthours","megawatthours"
"2008","NV","Nevada","0","1899936","338507","47320","34751467","22979409","1335965","2241779","32500","33824031","9872122","338507","-2815650",".93","35192296","35192496","66761","102322","35089974","35192296","459590","megawatthours","megawatthours","megawatthours","megawatthours","megawatthours","megawatthours","megawatthours","megawatthours","megawatthours","megawatthours","megawatthours","megawatthours","megawatthours","ratio","megawatthours","megawatthours","megawatthours","megawatthours","megawatthours","megawatthours","megawatthours"
"2008","NY","New York","664040","10721630","1154340","1787417","138503720","38170043","62120469","9176243","296296","81636171","89612048","1818380","-3259341",".98","156999708","144052936","3361222","16677608","140322100","156999708","1881231","megawatthours","megawatthours","megawatthours","megawatthours","megawatthours","megawatthours","megawatthours","megawatthours","megawatthours","megawatthours","megawatthours","megawatthours","megawatthours","ratio","megawatthours","megawatthours","megawatthours","megawatthours","megawatthours","megawatthours","megawatthours"
"2008","OH","Ohio","0","297649","1071588","1213114","152340663","98396809","11756860","10153145","168232","147463715","53646205","1071588","-19424322",".89","153412251","159388807","0","0","153412251","153412251","2081507","megawatthours","megawatthours","megawatthours","megawatthours","megawatthours","megawatthours","megawatthours","megawatthours","megawatthours","megawatthours","megawatthours","megawatthours","megawatthours","ratio","megawatthours","megawatthours","megawatthours","megawatthours","megawatthours","megawatthours","megawatthours"
"2008","OK","Oklahoma","24418","2682498","895762","1345567","75408728","60074823","0","3584991","138410","56140456","12651408","920180","14384521","1.23","76328908","56278866","0","0","76328908","76328908","734963","megawatthours","megawatthours","megawatthours","megawatthours","megawatthours","megawatthours","megawatthours","megawatthours","megawatthours","megawatthours","megawatthours","megawatthours","megawatthours","ratio","megawatthours","megawatthours","megawatthours","megawatthours","megawatthours","megawatthours","megawatthours"
"2008","OR","Oregon","26466","6952104","1348367","1459427","57343605","44590530","2518124","3133266","10558","46658795","5800971","1374832","4620019","1.08","59314983","49187477","272439","596545","58718438","59314983","642354","megawatthours","megawatthours","megawatthours","megawatthours","megawatthours","megawatthours","megawatthours","megawatthours","megawatthours","megawatthours","megawatthours","megawatthours","megawatthours","ratio","megawatthours","megawatthours","megawatthours","megawatthours","megawatthours","megawatthours","megawatthours"
"2008","PA","Pennsylvania","245635","8978185","2821311","4460442","219283979","1224597","11281553","9580591","0","139119036","209081197","3066946","56477855","1.34","223239868","150400589","356263","888943","222350925","223239868","1964127","megawatthours","megawatthours","megawatthours","megawatthours","megawatthours","megawatthours","megawatthours","megawatthours","megawatthours","megawatthours","megawatthours","megawatthours","megawatthours","ratio","megawatthours","megawatthours","megawatthours","megawatthours","megawatthours","megawatthours","megawatthours"
"2008","RI","Rhode Island","52742","0","0","59177","7334524","10612","1095311","498048","0","6723283","7323912","52742","-488422",".94","8041361","7818594","51858","654095","7387266","8041361","102105","megawatthours","megawatthours","megawatthours","megawatthours","megawatthours","megawatthours","megawatthours","megawatthours","megawatthours","megawatthours","megawatthours","megawatthours","megawatthours","ratio","megawatthours","megawatthours","megawatthours","megawatthours","megawatthours","megawatthours","megawatthours"
"2008","SC","South Carolina","60298","505700","1738279","1977788","99179428","97921204","0","5137481","9950","80640622","752524","1798577","12158923","1.14","100978005","80650572","0","0","100978005","100978005","1053240","megawatthours","megawatthours","megawatthours","megawatthours","megawatthours","megawatthours","megawatthours","megawatthours","megawatthours","megawatthours","megawatthours","megawatthours","megawatthours","ratio","megawatthours","megawatthours","megawatthours","megawatthours","megawatthours","megawatthours","megawatthours"
"2008","SD","South Dakota","49","0","0","673","7082623","6942317","0","699055",NA,"10974086","140306","49","-4734456",".6","7082672","10974086","0","0","7082672","7082672","143314","megawatthours","megawatthours","megawatthours","megawatthours","megawatthours","megawatthours","megawatthours","megawatthours","megawatthours","megawatthours","megawatthours","megawatthours","megawatthours","ratio","megawatthours","megawatthours","megawatthours","megawatthours","megawatthours","megawatthours","megawatthours"
"2008","TN","Tennessee","82096","0","2240454","2472111","88340762","88262641","0","6635666","117102","104052677","78121","2322550","-23974629",".79","90663312","104169779","0","0","90663312","90663312","1360385","megawatthours","megawatthours","megawatthours","megawatthours","megawatthours","megawatthours","megawatthours","megawatthours","megawatthours","megawatthours","megawatthours","megawatthours","megawatthours","ratio","megawatthours","megawatthours","megawatthours","megawatthours","megawatthours","megawatthours","megawatthours"
"2008","TX","Texas","466791","45785202","34739659","28557855","369581332","94637160","0","22155964","6526348","341288299","229158970","35206449","1665211","1","405748775","347814647","1012880","960994","404787781","405748775","4542218","megawatthours","megawatthours","megawatthours","megawatthours","megawatthours","megawatthours","megawatthours","megawatthours","megawatthours","megawatthours","megawatthours","megawatthours","megawatthours","ratio","megawatthours","megawatthours","megawatthours","megawatthours","megawatthours","megawatthours","megawatthours"
"2008","US","United States","7925652","166914506","137113172","132196685","3974348935","2475366697","284386479","237855382","13566681","3436011459","1332067733","145038824","0","1","4176407140","3733964619","24198159","57019381","4119387760","4176407141","48192296","megawatthours","megawatthours","megawatthours","megawatthours","megawatthours","megawatthours","megawatthours","megawatthours","megawatthours","megawatthours","megawatthours","megawatthours","megawatthours","ratio","megawatthours","megawatthours","megawatthours","megawatthours","megawatthours","megawatthours","megawatthours"
"2008","UT","Utah","5762","-2076","1174649","16514","45398351","44424071","0","1795813",NA,"28191511","976356","1180411","16164557","1.53","46591109","28191511","54552","12346","46578763","46591109","368162","megawatthours","megawatthours","megawatthours","megawatthours","megawatthours","megawatthours","megawatthours","megawatthours","megawatthours","megawatthours","megawatthours","megawatthours","megawatthours","ratio","megawatthours","megawatthours","megawatthours","megawatthours","megawatthours","megawatthours","megawatthours"
"2008","VA","Virginia","386340","5020046","2522070","2696683","69770121","59780402","15518","7013828",NA,"110090819","4969674","2908410","-48576229",".6","72678531","110106337","0","0","72678531","72678531","1437912","megawatthours","megawatthours","megawatthours","megawatthours","megawatthours","megawatthours","megawatthours","megawatthours","megawatthours","megawatthours","megawatthours","megawatthours","megawatthours","ratio","megawatthours","megawatthours","megawatthours","megawatthours","megawatthours","megawatthours","megawatthours"
"2008","VT","Vermont","0","0","21096","0","6799120","752800","0","365718","0","5741204","6046320","21096","3131676","1.5","9354224","5741204","40650","2534008","6820216","9354224","74976","megawatthours","megawatthours","megawatthours","megawatthours","megawatthours","megawatthours","megawatthours","megawatthours","megawatthours","megawatthours","megawatthours","megawatthours","megawatthours","ratio","megawatthours","megawatthours","megawatthours","megawatthours","megawatthours","megawatthours","megawatthours"
"2008","WA","Washington","62959","1859588","836018","650283","109929473","93162079","2045163","5563148","0","85287721","14907806","898978","8868168","1.08","113801617","87332884","10246628","2973166","110828451","113801617","1140507","megawatthours","megawatthours","megawatthours","megawatthours","megawatthours","megawatthours","megawatthours","megawatthours","megawatthours","megawatthours","megawatthours","megawatthours","megawatthours","ratio","megawatthours","megawatthours","megawatthours","megawatthours","megawatthours","megawatthours","megawatthours"
"2008","WI","Wisconsin","171414","943351","2329386","2467351","60978755","45536712","0","4466795","0","70121827","14498692","2500800","-14492190",".81","63479555","70121827","30","0","63479555","63479555","915742","megawatthours","megawatthours","megawatthours","megawatthours","megawatthours","megawatthours","megawatthours","megawatthours","megawatthours","megawatthours","megawatthours","megawatthours","megawatthours","ratio","megawatthours","megawatthours","megawatthours","megawatthours","megawatthours","megawatthours","megawatthours"
"2008","WV","West Virginia","0","411413","906758","520854","90216339","66666509","0","2179901",NA,"34221103","23138417","906758","53754335","2.44","91123097","34221103","0","0","91123097","91123097","446904","megawatthours","megawatthours","megawatthours","megawatthours","megawatthours","megawatthours","megawatthours","megawatthours","megawatthours","megawatthours","megawatthours","megawatthours","megawatthours","ratio","megawatthours","megawatthours","megawatthours","megawatthours","megawatthours","megawatthours","megawatthours"
"2008","WY","Wyoming","0","0","963558","1001086","45536890","43909400","0","1063177","0","16690249","1627490","963558","27486234","2.44","46523182","16690249","64473","22734","46500448","46523182","217963","megawatthours","megawatthours","megawatthours","megawatthours","megawatthours","megawatthours","megawatthours","megawatthours","megawatthours","megawatthours","megawatthours","megawatthours","megawatthours","ratio","megawatthours","megawatthours","megawatthours","megawatthours","megawatthours","megawatthours","megawatthours"
"2007","AK","Alaska","237621","210155","147405","266640","6436366","6146078","0","400427","0","6326610","80133","385025","0","1","6822693","6326610","0","1301","6821392","6822693","-170984","megawatthours","megawatthours","megawatthours","megawatthours","megawatthours","megawatthours","megawatthours","megawatthours","megawatthours","megawatthours","megawatthours","megawatthours","megawatthours","ratio","megawatthours","megawatthours","megawatthours","megawatthours","megawatthours","megawatthours","megawatthours"
"2007","AL","Alabama","0","5705071","4646377","4620025","139179894","124273167","0","5812051","0","91828464","9201656","4646377","40102203","1.39","143826271","91828464","0","0","143826271","143826271","1463528","megawatthours","megawatthours","megawatthours","megawatthours","megawatthours","megawatthours","megawatthours","megawatthours","megawatthours","megawatthours","megawatthours","megawatthours","megawatthours","ratio","megawatthours","megawatthours","megawatthours","megawatthours","megawatthours","megawatthours","megawatthours"
"2007","AR","Arkansas","2136","846958","1913082","1995012","52681017","45522928","0","2978220","0","47054891","6311131","1915219","1818168","1.03","54596236","47054891","0","0","54596236","54596236","749944","megawatthours","megawatthours","megawatthours","megawatthours","megawatthours","megawatthours","megawatthours","megawatthours","megawatthours","megawatthours","megawatthours","megawatthours","megawatthours","ratio","megawatthours","megawatthours","megawatthours","megawatthours","megawatthours","megawatthours","megawatthours"
"2007","AZ","Arizona","70600","1853067","382365","493500","112888005","88825573","0","4885749","0","77193206","22209365","452966","29540165","1.35","113564183","77193206","221286","223213","113340970","113564183","1230277","megawatthours","megawatthours","megawatthours","megawatthours","megawatthours","megawatthours","megawatthours","megawatthours","megawatthours","megawatthours","megawatthours","megawatthours","megawatthours","ratio","megawatthours","megawatthours","megawatthours","megawatthours","megawatthours","megawatthours","megawatthours"
"2007","CA","California","2130746","22341666","16535739","9146403","192181096","87348589","19618460","16724081","1582758","243033693","82490841","18666485","-77964366",".74","216645045","264234911","292736","5797464","210847581","216645045","4211279","megawatthours","megawatthours","megawatthours","megawatthours","megawatthours","megawatthours","megawatthours","megawatthours","megawatthours","megawatthours","megawatthours","megawatthours","megawatthours","ratio","megawatthours","megawatthours","megawatthours","megawatthours","megawatthours","megawatthours","megawatthours"
"2007","CO","Colorado","27769","1782107","64189","270224","53815534","42353281","0","3246851","248794","51050362","9680147","91958","-1726737",".97","53908760","51299156","1679","1268","53907492","53908760","817587","megawatthours","megawatthours","megawatthours","megawatthours","megawatthours","megawatthours","megawatthours","megawatthours","megawatthours","megawatthours","megawatthours","megawatthours","megawatthours","ratio","megawatthours","megawatthours","megawatthours","megawatthours","megawatthours","megawatthours","megawatthours"
"2007","CT","Connecticut","43514","1831289","172176","505578","32955519","37217","10014749","2160116","39752","24074606","31087013","215690","-2667825",".93","35002762","34129107","331849","1831553","33171209","35002762","543937","megawatthours","megawatthours","megawatthours","megawatthours","megawatthours","megawatthours","megawatthours","megawatthours","megawatthours","megawatthours","megawatthours","megawatthours","megawatthours","ratio","megawatthours","megawatthours","megawatthours","megawatthours","megawatthours","megawatthours","megawatthours"
"2007","DC","District of Columbia","0","0","0","0","75251","0","7929210","766484","0","4180975","75251","0","-12994425",".01","75251","12110185","0","0","75251","75251","193008","megawatthours","megawatthours","megawatthours","megawatthours","megawatthours","megawatthours","megawatthours","megawatthours","megawatthours","megawatthours","megawatthours","megawatthours","megawatthours","ratio","megawatthours","megawatthours","megawatthours","megawatthours","megawatthours","megawatthours","megawatthours"
"2007","DE","Delaware","0","132091","1071164","909349","7462999","47830","4041151","751206","0","7827659","7283078","1071164","-5184363",".62","8534163","11868810","0","0","8534163","8534163","189161","megawatthours","megawatthours","megawatthours","megawatthours","megawatthours","megawatthours","megawatthours","megawatthours","megawatthours","megawatthours","megawatthours","megawatthours","megawatthours","ratio","megawatthours","megawatthours","megawatthours","megawatthours","megawatthours","megawatthours","megawatthours"
"2007","FL","Florida","82076","8419540","4880923","4877913","220453060","200533885","0","14625916","0","231084600","11499635","4963000","-28855311",".89","225416060","231084600","0","0","225416060","225416060","3682942","megawatthours","megawatthours","megawatthours","megawatthours","megawatthours","megawatthours","megawatthours","megawatthours","megawatthours","megawatthours","megawatthours","megawatthours","megawatthours","ratio","megawatthours","megawatthours","megawatthours","megawatthours","megawatthours","megawatthours","megawatthours"
"2007","GA","Georgia","4180","274279","5201763","5137962","139949215","132831987","0","8699796","0","137453878","6842949","5205943","-8327167",".95","145155158","137453878","0","0","145155158","145155158","2190689","megawatthours","megawatthours","megawatthours","megawatthours","megawatthours","megawatthours","megawatthours","megawatthours","megawatthours","megawatthours","megawatthours","megawatthours","megawatthours","ratio","megawatthours","megawatthours","megawatthours","megawatthours","megawatthours","megawatthours","megawatthours"
"2007","HI","Hawaii","304121","3524900","268417","338176","10960812","6928397","0","669970","261","10585038","507515","572538","0","1","11533350","10585299","0","0","11533350","11533350","-60095","megawatthours","megawatthours","megawatthours","megawatthours","megawatthours","megawatthours","megawatthours","megawatthours","megawatthours","megawatthours","megawatthours","megawatthours","megawatthours","ratio","megawatthours","megawatthours","megawatthours","megawatthours","megawatthours","megawatthours","megawatthours"
"2007","IA","Iowa","255734","0","1302850","1318347","48230634","42383472","0","2865220","330641","44938882","5847162","1558583","-385371",".99","49789217","45269523","9","0","49789217","49789217","721489","megawatthours","megawatthours","megawatthours","megawatthours","megawatthours","megawatthours","megawatthours","megawatthours","megawatthours","megawatthours","megawatthours","megawatthours","megawatthours","ratio","megawatthours","megawatthours","megawatthours","megawatthours","megawatthours","megawatthours","megawatthours"
"2007","ID","Idaho","0","177332","596380","663124","10887711","8611890","0","1503525","0","23755186","2098489","596380","-14772204",".44","11584495","23755186","56263","100404","11484091","11584495","378601","megawatthours","megawatthours","megawatthours","megawatthours","megawatthours","megawatthours","megawatthours","megawatthours","megawatthours","megawatthours","megawatthours","megawatthours","megawatthours","ratio","megawatthours","megawatthours","megawatthours","megawatthours","megawatthours","megawatthours","megawatthours"
"2007","IL","Illinois","535511","618522","2893587","3586830","196831583","9977633","61446825","9244192","0","84608326","186235428","3429098","39106909","1.24","200327047","146055151","6192","66366","200260681","200327047","2327773","megawatthours","megawatthours","megawatthours","megawatthours","megawatthours","megawatthours","megawatthours","megawatthours","megawatthours","megawatthours","megawatthours","megawatthours","megawatthours","ratio","megawatthours","megawatthours","megawatthours","megawatthours","megawatthours","megawatthours","megawatthours"
"2007","IN","Indiana","213780","5915341","3262881","7348413","127161337","116727908","0","6925472","0","109420150","4518088","3476661","5177545","1.04","130717238","109420150","101759","79239","130637999","130717238","1743898","megawatthours","megawatthours","megawatthours","megawatthours","megawatthours","megawatthours","megawatthours","megawatthours","megawatthours","megawatthours","megawatthours","megawatthours","megawatthours","ratio","megawatthours","megawatthours","megawatthours","megawatthours","megawatthours","megawatthours","megawatthours"
"2007","KS","Kansas","0","0","8523","8684","50113672","49256450","0","2542204","135155","40030822","857222","8523","6765480","1.16","50122496","40165977","0","300","50122196","50122496","640151","megawatthours","megawatthours","megawatthours","megawatthours","megawatthours","megawatthours","megawatthours","megawatthours","megawatthours","megawatthours","megawatthours","megawatthours","megawatthours","ratio","megawatthours","megawatthours","megawatthours","megawatthours","megawatthours","megawatthours","megawatthours"
"2007","KY","Kentucky","0","0","568829","477076","96656490","85259079","0","5848484","51838","92352262","11397411","568829","-2977043",".97","97225319","92404100","0","0","97225319","97225319","1472703","megawatthours","megawatthours","megawatthours","megawatthours","megawatthours","megawatthours","megawatthours","megawatthours","megawatthours","megawatthours","megawatthours","megawatthours","megawatthours","ratio","megawatthours","megawatthours","megawatthours","megawatthours","megawatthours","megawatthours","megawatthours"
"2007","LA","Louisiana","42950","4416107","26861693","20275838","65673685","43523037","0","5035988","0","79566937","17734541","26904643","-13568543",".87","92578329","79566937","0","0","92578329","92578329","1268109","megawatthours","megawatthours","megawatthours","megawatthours","megawatthours","megawatthours","megawatthours","megawatthours","megawatthours","megawatthours","megawatthours","megawatthours","megawatthours","ratio","megawatthours","megawatthours","megawatthours","megawatthours","megawatthours","megawatthours","megawatthours"
"2007","MA","Massachusetts","502938","2399988","273233","751286","46299804","493885","23841208","3616457","301873","32995741","43405931","776171","-14607639",".77","48010787","57138822","201203","934812","47075975","48010787","910658","megawatthours","megawatthours","megawatthours","megawatthours","megawatthours","megawatthours","megawatthours","megawatthours","megawatthours","megawatthours","megawatthours","megawatthours","megawatthours","ratio","megawatthours","megawatthours","megawatthours","megawatthours","megawatthours","megawatthours","megawatthours"
"2007","MD","Maryland","27881","3274842","597006","1182411","49573036","23712","26924046","4138737","24534","38442080","46274482","624887","-21556056",".7","50197924","65390660","0","0","50197924","50197924","1042172","megawatthours","megawatthours","megawatthours","megawatthours","megawatthours","megawatthours","megawatthours","megawatthours","megawatthours","megawatthours","megawatthours","megawatthours","megawatthours","ratio","megawatthours","megawatthours","megawatthours","megawatthours","megawatthours","megawatthours","megawatthours"
"2007","ME","Maine","173197","701780","5098599","3810538","10856771","1317","11701657","750662","0","158545","10153675","5271796","2882689","1.16","20391396","11860202","898282","4262829","16128567","20391396","189024","megawatthours","megawatthours","megawatthours","megawatthours","megawatthours","megawatthours","megawatthours","megawatthours","megawatthours","megawatthours","megawatthours","megawatthours","megawatthours","ratio","megawatthours","megawatthours","megawatthours","megawatthours","megawatthours","megawatthours","megawatthours"
"2007","MI","Michigan","627216","9327166","1542101","2005136","117140618","96785842","4292693","6917662","477943","104526113","11027611","2169318","-1857500",".98","120991796","109296749","2887818","1681860","119309936","120991796","1741932","megawatthours","megawatthours","megawatthours","megawatthours","megawatthours","megawatthours","megawatthours","megawatthours","megawatthours","megawatthours","megawatthours","megawatthours","megawatthours","ratio","megawatthours","megawatthours","megawatthours","megawatthours","megawatthours","megawatthours","megawatthours"
"2007","MN","Minnesota","97395","1142969","1670064","1035562","52710188","47793039","0","4318520","6115","68225067","3774180","1767458","-13333968",".83","64627724","68231182","3288985","10150078","54477646","64627724","1087444","megawatthours","megawatthours","megawatthours","megawatthours","megawatthours","megawatthours","megawatthours","megawatthours","megawatthours","megawatthours","megawatthours","megawatthours","megawatthours","ratio","megawatthours","megawatthours","megawatthours","megawatthours","megawatthours","megawatthours","megawatthours"
"2007","MO","Missouri","194007","44941","168412","138902","90790663","89925724","0","5413586","20041","85512809","819998","362418","-1294914",".99","91153915","85532850","300","834","91153081","91153915","1363191","megawatthours","megawatthours","megawatthours","megawatthours","megawatthours","megawatthours","megawatthours","megawatthours","megawatthours","megawatthours","megawatthours","megawatthours","megawatthours","ratio","megawatthours","megawatthours","megawatthours","megawatthours","megawatthours","megawatthours","megawatthours"
"2007","MS","Mississippi","11675","0","1887767","1970213","48144245","34426533","0","3047734","0","48153181","13717712","1899441","-3894890",".93","50043686","48153181","0","0","50043686","50043686","767448","megawatthours","megawatthours","megawatthours","megawatthours","megawatthours","megawatthours","megawatthours","megawatthours","megawatthours","megawatthours","megawatthours","megawatthours","megawatthours","ratio","megawatthours","megawatthours","megawatthours","megawatthours","megawatthours","megawatthours","megawatthours"
"2007","MT","Montana","0","481724","121046","121053","28810447","6342288","2700018","983058","0","12831967","21986435","121046","11993603","1.7","29026016","15531985","148774","94523","28931493","29026016","247543","megawatthours","megawatthours","megawatthours","megawatthours","megawatthours","megawatthours","megawatthours","megawatthours","megawatthours","megawatthours","megawatthours","megawatthours","megawatthours","ratio","megawatthours","megawatthours","megawatthours","megawatthours","megawatthours","megawatthours","megawatthours"
"2007","NC","North Carolina","76445","3033939","2103092","2415259","127935764","123215621","0","8347059","0","131880754","1686204","2179537","-14629639",".9","130115301","131880754","0","0","130115301","130115301","2101867","megawatthours","megawatthours","megawatthours","megawatthours","megawatthours","megawatthours","megawatthours","megawatthours","megawatthours","megawatthours","megawatthours","megawatthours","megawatthours","ratio","megawatthours","megawatthours","megawatthours","megawatthours","megawatthours","megawatthours","megawatthours"
"2007","ND","North Dakota","295","0","207455","213650","31016355","30402807","0","753541","0","11905695","613548","207750","19490976","2.46","32881382","11905695","327772","1657277","31224105","32881382","189749","megawatthours","megawatthours","megawatthours","megawatthours","megawatthours","megawatthours","megawatthours","megawatthours","megawatthours","megawatthours","megawatthours","megawatthours","megawatthours","ratio","megawatthours","megawatthours","megawatthours","megawatthours","megawatthours","megawatthours","megawatthours"
"2007","NE","Nebraska","16827","4521","18062","45500","32407810","32403289","0","1787911","0","28248400","0","34889","1919826","1.06","32452461","28248400","611","9762","32442699","32452461","450213","megawatthours","megawatthours","megawatthours","megawatthours","megawatthours","megawatthours","megawatthours","megawatthours","megawatthours","megawatthours","megawatthours","megawatthours","megawatthours","ratio","megawatthours","megawatthours","megawatthours","megawatthours","megawatthours","megawatthours","megawatthours"
"2007","NH","New Hampshire","28472","0","123971","117235","23124728","4887753","1403768","711145","11749","9820339","18236975","152443","11653443","1.94","24070977","11235856","174225","793806","23277171","24070977","179073","megawatthours","megawatthours","megawatthours","megawatthours","megawatthours","megawatthours","megawatthours","megawatthours","megawatthours","megawatthours","megawatthours","megawatthours","megawatthours","ratio","megawatthours","megawatthours","megawatthours","megawatthours","megawatthours","megawatthours","megawatthours"
"2007","NJ","New Jersey","80637","10652566","689974","940962","61900634","-191300","16176341","5185827","1278918","64479075","51439368","770611","-26695717",".7","62671245","81934334","0","0","62671245","62671245","1305839","megawatthours","megawatthours","megawatthours","megawatthours","megawatthours","megawatthours","megawatthours","megawatthours","megawatthours","megawatthours","megawatthours","megawatthours","megawatthours","ratio","megawatthours","megawatthours","megawatthours","megawatthours","megawatthours","megawatthours","megawatthours"
"2007","NM","New Mexico","58415","472197","17600","82595","35909318","34033374","0","1409358","0","22267394","1403747","76015","11846427","1.49","36022169","22267394","61505","36836","35985333","36022169","354890","megawatthours","megawatthours","megawatthours","megawatthours","megawatthours","megawatthours","megawatthours","megawatthours","megawatthours","megawatthours","megawatthours","megawatthours","megawatthours","ratio","megawatthours","megawatthours","megawatthours","megawatthours","megawatthours","megawatthours","megawatthours"
"2007","NV","Nevada","0","2256640","412459","15370","32257277","22376989","1298905","2255959","0","34344497","7623648","412459","-5512662",".86","33013253","35643402","43112","343517","32669736","33013253","568071","megawatthours","megawatthours","megawatthours","megawatthours","megawatthours","megawatthours","megawatthours","megawatthours","megawatthours","megawatthours","megawatthours","megawatthours","megawatthours","ratio","megawatthours","megawatthours","megawatthours","megawatthours","megawatthours","megawatthours","megawatthours"
"2007","NY","New York","663182","12388247","1246102","1594871","143969403","40247883","61621768","9378522","256401","86299354","91333274","1909284","-4346118",".97","160244589","148177523","3078192","14365902","145878687","160244589","2361599","megawatthours","megawatthours","megawatthours","megawatthours","megawatthours","megawatthours","megawatthours","megawatthours","megawatthours","megawatthours","megawatthours","megawatthours","megawatthours","ratio","megawatthours","megawatthours","megawatthours","megawatthours","megawatthours","megawatthours","megawatthours"
"2007","OH","Ohio","0","350043","903300","1090935","154252246","100536445","12842642","10238876","0","148928185","53365757","903300","-20217486",".88","155516593","161770827","55197","361048","155155545","155516593","2578244","megawatthours","megawatthours","megawatthours","megawatthours","megawatthours","megawatthours","megawatthours","megawatthours","megawatthours","megawatthours","megawatthours","megawatthours","megawatthours","ratio","megawatthours","megawatthours","megawatthours","megawatthours","megawatthours","megawatthours","megawatthours"
"2007","OK","Oklahoma","25892","2853754","891085","1400804","71902118","54177692","0","3493314","132643","55060557","14870672","916977","11852128","1.19","72819095","55193200","0","0","72819095","72819095","879649","megawatthours","megawatthours","megawatthours","megawatthours","megawatthours","megawatthours","megawatthours","megawatthours","megawatthours","megawatthours","megawatthours","megawatthours","megawatthours","ratio","megawatthours","megawatthours","megawatthours","megawatthours","megawatthours","megawatthours","megawatthours"
"2007","OR","Oregon","17160","6181357","1407868","1328967","53652765","43202516","2268542","3082151","0","46428423","4268893","1425028","2427616","1.04","56518971","48696965","207157","1441177","55077794","56518971","776114","megawatthours","megawatthours","megawatthours","megawatthours","megawatthours","megawatthours","megawatthours","megawatthours","megawatthours","megawatthours","megawatthours","megawatthours","megawatthours","ratio","megawatthours","megawatthours","megawatthours","megawatthours","megawatthours","megawatthours","megawatthours"
"2007","PA","Pennsylvania","384695","9033246","2925323","2324383","222778322","1077389","10962885","9593427","0","140610065","212667687","3310018","60243848","1.36","226245929","151572950","95607","157589","226088340","226245929","2415714","megawatthours","megawatthours","megawatthours","megawatthours","megawatthours","megawatthours","megawatthours","megawatthours","megawatthours","megawatthours","megawatthours","megawatthours","megawatthours","ratio","megawatthours","megawatthours","megawatthours","megawatthours","megawatthours","megawatthours","megawatthours"
"2007","RI","Rhode Island","49238","0","825","57705","6999781","11075","1141973","507164","0","6871049","6988706","50063","-1237631",".86","7606115","8013022","138146","556271","7049844","7606115","127709","megawatthours","megawatthours","megawatthours","megawatthours","megawatthours","megawatthours","megawatthours","megawatthours","megawatthours","megawatthours","megawatthours","megawatthours","megawatthours","ratio","megawatthours","megawatthours","megawatthours","megawatthours","megawatthours","megawatthours","megawatthours"
"2007","SC","South Carolina","68789","619373","1946078","1769634","101387274","99997011","0","5186702","0","81948158","770890","2014867","13191588","1.15","103402142","81948158","0","0","103402142","103402142","1306060","megawatthours","megawatthours","megawatthours","megawatthours","megawatthours","megawatthours","megawatthours","megawatthours","megawatthours","megawatthours","megawatthours","megawatthours","megawatthours","ratio","megawatthours","megawatthours","megawatthours","megawatthours","megawatthours","megawatthours","megawatthours"
"2007","SD","South Dakota","0","0","0","0","6136605","5991253","0","671109","0","10603301","145352","0","-5306832",".54","6136605","10603301","35","0","6136605","6136605","168992","megawatthours","megawatthours","megawatthours","megawatthours","megawatthours","megawatthours","megawatthours","megawatthours","megawatthours","megawatthours","megawatthours","megawatthours","megawatthours","ratio","megawatthours","megawatthours","megawatthours","megawatthours","megawatthours","megawatthours","megawatthours"
"2007","TN","Tennessee","121429","0","2394606","2620491","92597374","92474664","0","6754379","715894","106001040","122710","2516035","-22679210",".81","95113409","106716934","0","0","95113409","95113409","1700815","megawatthours","megawatthours","megawatthours","megawatthours","megawatthours","megawatthours","megawatthours","megawatthours","megawatthours","megawatthours","megawatthours","megawatthours","megawatthours","ratio","megawatthours","megawatthours","megawatthours","megawatthours","megawatthours","megawatthours","megawatthours"
"2007","TX","Texas","475530","46009738","37027937","29110904","367988829","97259636","0","21761762","8389163","335439419","224719455","37503467","5069147","1.01","405652602","343828582","402393","160306","405492296","405652602","5479814","megawatthours","megawatthours","megawatthours","megawatthours","megawatthours","megawatthours","megawatthours","megawatthours","megawatthours","megawatthours","megawatthours","megawatthours","megawatthours","ratio","megawatthours","megawatthours","megawatthours","megawatthours","megawatthours","megawatthours","megawatthours"
"2007","US","United States","8273395","177356481","143128081","125670185","4005343248","2504130899","282538015","238268363","14004473","3468018224","1323855868","151401476","0","1","4208140426","3764560712","20143593","51395702","4156744724","4208140426","59497573","megawatthours","megawatthours","megawatthours","megawatthours","megawatthours","megawatthours","megawatthours","megawatthours","megawatthours","megawatthours","megawatthours","megawatthours","megawatthours","ratio","megawatthours","megawatthours","megawatthours","megawatthours","megawatthours","megawatthours","megawatthours"
"2007","UT","Utah","45011","10633","901017","72631","44426547","43319965","0","1758610","0","27785447","1095949","946028","15296914","1.51","45394102","27785447","37666","21527","45372575","45394102","442834","megawatthours","megawatthours","megawatthours","megawatthours","megawatthours","megawatthours","megawatthours","megawatthours","megawatthours","megawatthours","megawatthours","megawatthours","megawatthours","ratio","megawatthours","megawatthours","megawatthours","megawatthours","megawatthours","megawatthours","megawatthours"
"2007","VA","Virginia","398376","4638270","2469206","2438542","75492925","64316732","43823","7061513","0","111525729","6537922","2867582","-44487255",".64","78360507","111569552","0","0","78360507","78360507","1778155","megawatthours","megawatthours","megawatthours","megawatthours","megawatthours","megawatthours","megawatthours","megawatthours","megawatthours","megawatthours","megawatthours","megawatthours","megawatthours","ratio","megawatthours","megawatthours","megawatthours","megawatthours","megawatthours","megawatthours","megawatthours"
"2007","VT","Vermont","0","0","1524","19028","5822058","701474","0","371147","0","5864006","5120584","1524","1968963","1.3","8433743","5864006","117140","2610161","5823582","8433743","93458","megawatthours","megawatthours","megawatthours","megawatthours","megawatthours","megawatthours","megawatthours","megawatthours","megawatthours","megawatthours","megawatthours","megawatthours","megawatthours","ratio","megawatthours","megawatthours","megawatthours","megawatthours","megawatthours","megawatthours","megawatthours"
"2007","WA","Washington","52256","1947956","661435","624040","106276525","90531201","2267351","5426820","0","83474596","13797369","713691","10572266","1.11","110612321","85741947","6880724","3622104","106990217","110612321","1366524","megawatthours","megawatthours","megawatthours","megawatthours","megawatthours","megawatthours","megawatthours","megawatthours","megawatthours","megawatthours","megawatthours","megawatthours","megawatthours","ratio","megawatthours","megawatthours","megawatthours","megawatthours","megawatthours","megawatthours","megawatthours"
"2007","WI","Wisconsin","125697","1064976","2509017","2554483","60755916","44284480","0","4512836","0","71301300","15406460","2634714","-16114283",".8","63390710","71301300","0","80","63390630","63390710","1136374","megawatthours","megawatthours","megawatthours","megawatthours","megawatthours","megawatthours","megawatthours","megawatthours","megawatthours","megawatthours","megawatthours","megawatthours","megawatthours","ratio","megawatthours","megawatthours","megawatthours","megawatthours","megawatthours","megawatthours","megawatthours"
"2007","WV","West Virginia","0","417189","1109877","544461","92823233","69347861","0","2163580","0","34183839","23058183","1109877","56496420","2.51","93933109","34183839","0","0","93933109","93933109","544809","megawatthours","megawatthours","megawatthours","megawatthours","megawatthours","megawatthours","megawatthours","megawatthours","megawatthours","megawatthours","megawatthours","megawatthours","megawatthours","ratio","megawatthours","megawatthours","megawatthours","megawatthours","megawatthours","megawatthours","megawatthours"
"2007","WY","Wyoming","0","0","1023697","1033540","44609789","43144350","0","983284","0","15535552","1465439","1023697","27778830","2.55","45665781","15535552","86976","32295","45633486","45665781","247600","megawatthours","megawatthours","megawatthours","megawatthours","megawatthours","megawatthours","megawatthours","megawatthours","megawatthours","megawatthours","megawatthours","megawatthours","megawatthours","ratio","megawatthours","megawatthours","megawatthours","megawatthours","megawatthours","megawatthours","megawatthours"
"2006","AK","Alaska","230541","187376","187760","289065","6255896","6068520","0","400853","0","6182291","0","418301","0","1","6675436","6182291","0","1239","6674197","6675436","92003","megawatthours","megawatthours","megawatthours","megawatthours","megawatthours","megawatthours","megawatthours","megawatthours","megawatthours","megawatthours","megawatthours","megawatthours","megawatthours","ratio","megawatthours","megawatthours","megawatthours","megawatthours","megawatthours","megawatthours","megawatthours"
"2006","AL","Alabama","0","4683179","4743686","6209972","136151755","124365180","0","5879439","0","90677695","7103396","4743686","39995621","1.4","140895441","90677695","0","0","140895441","140895441","4336476","megawatthours","megawatthours","megawatthours","megawatthours","megawatthours","megawatthours","megawatthours","megawatthours","megawatthours","megawatthours","megawatthours","megawatthours","megawatthours","ratio","megawatthours","megawatthours","megawatthours","megawatthours","megawatthours","megawatthours","megawatthours"
"2006","AR","Arkansas","3768","1150978","1979099","2054330","50185836","42068467","0","3023801","0","46635624","6966391","1982867","276970","1.01","52168703","46635624","0","0","52168703","52168703","2230254","megawatthours","megawatthours","megawatthours","megawatthours","megawatthours","megawatthours","megawatthours","megawatthours","megawatthours","megawatthours","megawatthours","megawatthours","megawatthours","ratio","megawatthours","megawatthours","megawatthours","megawatthours","megawatthours","megawatthours","megawatthours"
"2006","AZ","Arizona","72208","1959088","388734","268615","103931586","84355976","0","4749627","0","73252776","17616522","460943","22704459","1.28","104520074","73252776","309778","127546","104392528","104520074","3503165","megawatthours","megawatthours","megawatthours","megawatthours","megawatthours","megawatthours","megawatthours","megawatthours","megawatthours","megawatthours","megawatthours","megawatthours","megawatthours","ratio","megawatthours","megawatthours","megawatthours","megawatthours","megawatthours","megawatthours","megawatthours"
"2006","CA","California","2118380","21399211","16433712","14030060","198246596","100338454","21223282","17049934","2428113","239307133","76508931","18552092","-73427499",".75","219735141","262958528","564692","2936453","216798688","219735141","12575457","megawatthours","megawatthours","megawatthours","megawatthours","megawatthours","megawatthours","megawatthours","megawatthours","megawatthours","megawatthours","megawatthours","megawatthours","megawatthours","ratio","megawatthours","megawatthours","megawatthours","megawatthours","megawatthours","megawatthours","megawatthours"
"2006","CO","Colorado","28150","1532552","77691","150126","50592512","42055989","0","3224677","307242","49426456","7003971","105841","-4637397",".92","50699541","49733698","0","1188","50698353","50699541","2378413","megawatthours","megawatthours","megawatthours","megawatthours","megawatthours","megawatthours","megawatthours","megawatthours","megawatthours","megawatthours","megawatthours","megawatthours","megawatthours","ratio","megawatthours","megawatthours","megawatthours","megawatthours","megawatthours","megawatthours","megawatthours"
"2006","CT","Connecticut","38271","1873745","291413","302207","34352052","47612","1528796","2053930","34242","30114415","32430695","329684","600365","1.02","36027801","31677453","180841","1346065","34681736","36027801","1514910","megawatthours","megawatthours","megawatthours","megawatthours","megawatthours","megawatthours","megawatthours","megawatthours","megawatthours","megawatthours","megawatthours","megawatthours","megawatthours","ratio","megawatthours","megawatthours","megawatthours","megawatthours","megawatthours","megawatthours","megawatthours"
"2006","DC","District of Columbia","0","0","0","0","81467","0","5431453","738931","0","5964971","81467","0","-12598899",".01","81467","11396424","0","0","81467","81467","545011","megawatthours","megawatthours","megawatthours","megawatthours","megawatthours","megawatthours","megawatthours","megawatthours","megawatthours","megawatthours","megawatthours","megawatthours","megawatthours","ratio","megawatthours","megawatthours","megawatthours","megawatthours","megawatthours","megawatthours","megawatthours"
"2006","DE","Delaware","0","101557","1039234","493536","6142946","16558","2510689","749192","0","9043983","6024831","1039234","-5674757",".56","7182179","11554672","0","0","7182179","7182179","552579","megawatthours","megawatthours","megawatthours","megawatthours","megawatthours","megawatthours","megawatthours","megawatthours","megawatthours","megawatthours","megawatthours","megawatthours","megawatthours","ratio","megawatthours","megawatthours","megawatthours","megawatthours","megawatthours","megawatthours","megawatthours"
"2006","FL","Florida","90624","8656172","4833934","5274184","218827063","200015227","0","14797497","0","228219544","10155664","4924558","-30184830",".88","223751621","228219544","0","0","223751621","223751621","10914135","megawatthours","megawatthours","megawatthours","megawatthours","megawatthours","megawatthours","megawatthours","megawatthours","megawatthours","megawatthours","megawatthours","megawatthours","megawatthours","ratio","megawatthours","megawatthours","megawatthours","megawatthours","megawatthours","megawatthours","megawatthours"
"2006","GA","Georgia","3813","177932","5297002","5421307","132709393","127367613","0","8742495","0","134834168","5163848","5300815","-12020046",".92","138010208","134834168","0","0","138010208","138010208","6448170","megawatthours","megawatthours","megawatthours","megawatthours","megawatthours","megawatthours","megawatthours","megawatthours","megawatthours","megawatthours","megawatthours","megawatthours","megawatthours","ratio","megawatthours","megawatthours","megawatthours","megawatthours","megawatthours","megawatthours","megawatthours"
"2006","HI","Hawaii","338649","3566361","264445","365273","10956080","7040473","0","685211","0","10567912","349246","603094","0","1","11559174","10567912","0","0","11559174","11559174","305685","megawatthours","megawatthours","megawatthours","megawatthours","megawatthours","megawatthours","megawatthours","megawatthours","megawatthours","megawatthours","megawatthours","megawatthours","megawatthours","ratio","megawatthours","megawatthours","megawatthours","megawatthours","megawatthours","megawatthours","megawatthours"
"2006","IA","Iowa","278367","0","1321031","1595367","43884064","37494674","0","2809911","299634","43037201","6389390","1599398","-2737448",".94","45483462","43336835","73","0","45483462","45483462","2072496","megawatthours","megawatthours","megawatthours","megawatthours","megawatthours","megawatthours","megawatthours","megawatthours","megawatthours","megawatthours","megawatthours","megawatthours","megawatthours","ratio","megawatthours","megawatthours","megawatthours","megawatthours","megawatthours","megawatthours","megawatthours"
"2006","ID","Idaho","0","213884","634920","604855","12751165","10495090","0","1475846","0","22761749","2042191","634920","-11900761",".53","13425973","22761749","0","39888","13386085","13425973","1088534","megawatthours","megawatthours","megawatthours","megawatthours","megawatthours","megawatthours","megawatthours","megawatthours","megawatthours","megawatthours","megawatthours","megawatthours","megawatthours","ratio","megawatthours","megawatthours","megawatthours","megawatthours","megawatthours","megawatthours","megawatthours"
"2006","IL","Illinois","497628","592527","2830284","3606139","189099047","11094235","26510086","9236155","0","115937725","177412285","3327911","33926959","1.21","192426958","142447811","150","0","192426958","192426958","6812277","megawatthours","megawatthours","megawatthours","megawatthours","megawatthours","megawatthours","megawatthours","megawatthours","megawatthours","megawatthours","megawatthours","megawatthours","megawatthours","ratio","megawatthours","megawatthours","megawatthours","megawatthours","megawatthours","megawatthours","megawatthours"
"2006","IN","Indiana","225774","5525921","3607025","7524962","126656989","117643504","0","6851166","0","105664484","3487564","3832799","12943922","1.11","130520286","105664484","0","30498","130489788","130520286","5053189","megawatthours","megawatthours","megawatthours","megawatthours","megawatthours","megawatthours","megawatthours","megawatthours","megawatthours","megawatthours","megawatthours","megawatthours","megawatthours","ratio","megawatthours","megawatthours","megawatthours","megawatthours","megawatthours","megawatthours","megawatthours"
"2006","KS","Kansas","0","0","7238","7386","45516498","44621389","0","2577430","104833","39646469","895109","7238","1293972","1.03","45523736","39751302","0","0","45523736","45523736","1901025","megawatthours","megawatthours","megawatthours","megawatthours","megawatthours","megawatthours","megawatthours","megawatthours","megawatthours","megawatthours","megawatthours","megawatthours","megawatthours","ratio","megawatthours","megawatthours","megawatthours","megawatthours","megawatthours","megawatthours","megawatthours"
"2006","KY","Kentucky","0","0","526472","399822","98265542","86816479","0","5754024","127409","88616026","11449063","526472","50181","1","98792014","88743435","0","0","98792014","98792014","4243974","megawatthours","megawatthours","megawatthours","megawatthours","megawatthours","megawatthours","megawatthours","megawatthours","megawatthours","megawatthours","megawatthours","megawatthours","megawatthours","ratio","megawatthours","megawatthours","megawatthours","megawatthours","megawatthours","megawatthours","megawatthours"
"2006","LA","Louisiana","38616","4165057","27086726","23505570","63796488","40891159","0","5022921","0","77467748","18740272","27125342","4702917","1.05","90921829","77467748","0","0","90921829","90921829","3704737","megawatthours","megawatthours","megawatthours","megawatthours","megawatthours","megawatthours","megawatthours","megawatthours","megawatthours","megawatthours","megawatthours","megawatthours","megawatthours","ratio","megawatthours","megawatthours","megawatthours","megawatthours","megawatthours","megawatthours","megawatthours"
"2006","MA","Massachusetts","573881","1938335","295567","911950","44728328","942917","21055475","3621257","0","34794615","41847076","869448","-15965226",".74","46294290","55850090","116341","696515","45597775","46294290","2670917","megawatthours","megawatthours","megawatthours","megawatthours","megawatthours","megawatthours","megawatthours","megawatthours","megawatthours","megawatthours","megawatthours","megawatthours","megawatthours","ratio","megawatthours","megawatthours","megawatthours","megawatthours","megawatthours","megawatthours","megawatthours"
"2006","MD","Maryland","32118","2901687","604646","1323256","48320116","11941","21506787","4096075","0","41666356","45406488","636764","-21334789",".7","48956880","63173143","0","0","48956880","48956880","3021127","megawatthours","megawatthours","megawatthours","megawatthours","megawatthours","megawatthours","megawatthours","megawatthours","megawatthours","megawatthours","megawatthours","megawatthours","megawatthours","ratio","megawatthours","megawatthours","megawatthours","megawatthours","megawatthours","megawatthours","megawatthours"
"2006","ME","Maine","172342","700901","4851715","4344309","11792116","489","11453101","796530","662852","168815","11090726","5024057","6326058","1.44","20590388","12284768","591193","3774215","16816173","20590388","587494","megawatthours","megawatthours","megawatthours","megawatthours","megawatthours","megawatthours","megawatthours","megawatthours","megawatthours","megawatthours","megawatthours","megawatthours","megawatthours","ratio","megawatthours","megawatthours","megawatthours","megawatthours","megawatthours","megawatthours","megawatthours"
"2006","MI","Michigan","515407","9077221","1730994","2353796","110310338","97373706","5619061","7003745","499344","101899292","3859411","2246400","-9749351",".92","112913784","108017697","2473613","357046","112556738","112913784","5165727","megawatthours","megawatthours","megawatthours","megawatthours","megawatthours","megawatthours","megawatthours","megawatthours","megawatthours","megawatthours","megawatthours","megawatthours","megawatthours","ratio","megawatthours","megawatthours","megawatthours","megawatthours","megawatthours","megawatthours","megawatthours"
"2006","MN","Minnesota","104022","638659","1648517","1666353","51485250","46710674","0","4329287","0","66769931","4135917","1752539","-13130798",".83","64453797","66769931","3290575","11216008","53237789","64453797","3193136","megawatthours","megawatthours","megawatthours","megawatthours","megawatthours","megawatthours","megawatthours","megawatthours","megawatthours","megawatthours","megawatthours","megawatthours","megawatthours","ratio","megawatthours","megawatthours","megawatthours","megawatthours","megawatthours","megawatthours","megawatthours"
"2006","MO","Missouri","200749","30407","172114","160160","91313481","91118304","0","5317775","19690","81995540","164770","372862","433931","1","91689318","82015230","10","2975","91686343","91689318","3922212","megawatthours","megawatthours","megawatthours","megawatthours","megawatthours","megawatthours","megawatthours","megawatthours","megawatthours","megawatthours","megawatthours","megawatthours","megawatthours","ratio","megawatthours","megawatthours","megawatthours","megawatthours","megawatthours","megawatthours","megawatthours"
"2006","MS","Mississippi","6586","0","1881436","1963919","44340826","34158706","0","3043306","0","46936437","10182120","1888021","-5997499",".89","46228847","46936437","0","0","46228847","46228847","2244640","megawatthours","megawatthours","megawatthours","megawatthours","megawatthours","megawatthours","megawatthours","megawatthours","megawatthours","megawatthours","megawatthours","megawatthours","megawatthours","ratio","megawatthours","megawatthours","megawatthours","megawatthours","megawatthours","megawatthours","megawatthours"
"2006","MT","Montana","0","408031","115505","120358","28128032","6956390","2994469","895748","0","10820511","20763611","115505","12658405","1.81","28329056","13814980","299130","85520","28243536","28329056","660673","megawatthours","megawatthours","megawatthours","megawatthours","megawatthours","megawatthours","megawatthours","megawatthours","megawatthours","megawatthours","megawatthours","megawatthours","megawatthours","ratio","megawatthours","megawatthours","megawatthours","megawatthours","megawatthours","megawatthours","megawatthours"
"2006","NC","North Carolina","100709","2853993","2647550","2350399","122466526","117797331","0","8215019","0","126698979","1815202","2748259","-15760685",".89","125214784","126698979","0","0","125214784","125214784","6059121","megawatthours","megawatthours","megawatthours","megawatthours","megawatthours","megawatthours","megawatthours","megawatthours","megawatthours","megawatthours","megawatthours","megawatthours","megawatthours","ratio","megawatthours","megawatthours","megawatthours","megawatthours","megawatthours","megawatthours","megawatthours"
"2006","ND","North Dakota","0","0","189480","195339","30691657","30328375","0","729129","0","11245238","363282","189480","19125175","2.39","32888868","11245238","1251350","2007731","30881137","32888868","537781","megawatthours","megawatthours","megawatthours","megawatthours","megawatthours","megawatthours","megawatthours","megawatthours","megawatthours","megawatthours","megawatthours","megawatthours","megawatthours","ratio","megawatthours","megawatthours","megawatthours","megawatthours","megawatthours","megawatthours","megawatthours"
"2006","NE","Nebraska","16744","4485","49693","72863","31603531","31599046","0","1768564","0","27276292","0","66437","1319329","1.04","31669979","27276292","1288","10","31669969","31669979","1304433","megawatthours","megawatthours","megawatthours","megawatthours","megawatthours","megawatthours","megawatthours","megawatthours","megawatthours","megawatthours","megawatthours","megawatthours","megawatthours","ratio","megawatthours","megawatthours","megawatthours","megawatthours","megawatthours","megawatthours","megawatthours"
"2006","NH","New Hampshire","25164","0","166691","124832","21871840","4574520","1045521","719345","3819","10045003","17297320","191855","10196532","1.82","22646902","11094343","105993","583207","22063695","22646902","530564","megawatthours","megawatthours","megawatthours","megawatthours","megawatthours","megawatthours","megawatthours","megawatthours","megawatthours","megawatthours","megawatthours","megawatthours","megawatthours","ratio","megawatthours","megawatthours","megawatthours","megawatthours","megawatthours","megawatthours","megawatthours"
"2006","NJ","New Jersey","115191","9999001","820180","2209981","59764768","1042511","15567916","5166423","1124884","62988147","48723256","935371","-27960020",".68","60700139","79680947","0","0","60700139","60700139","3810579","megawatthours","megawatthours","megawatthours","megawatthours","megawatthours","megawatthours","megawatthours","megawatthours","megawatthours","megawatthours","megawatthours","megawatthours","megawatthours","ratio","megawatthours","megawatthours","megawatthours","megawatthours","megawatthours","megawatthours","megawatthours"
"2006","NM","New Mexico","49165","479405","35472","92839","37180988","35411074","0","1389818","0","21434957","1290509","84636","13381273","1.56","37296076","21434957","64851","30451","37265625","37296076","1025083","megawatthours","megawatthours","megawatthours","megawatthours","megawatthours","megawatthours","megawatthours","megawatthours","megawatthours","megawatthours","megawatthours","megawatthours","megawatthours","ratio","megawatthours","megawatthours","megawatthours","megawatthours","megawatthours","megawatthours","megawatthours"
"2006","NV","Nevada","0","2281996","345365","893050","31514657","19686302","1256311","2242534","0","33329949","9546359","345365","-6533132",".83","32017419","34586260","66846","157397","31860022","32017419","1654018","megawatthours","megawatthours","megawatthours","megawatthours","megawatthours","megawatthours","megawatthours","megawatthours","megawatthours","megawatthours","megawatthours","megawatthours","megawatthours","ratio","megawatthours","megawatthours","megawatthours","megawatthours","megawatthours","megawatthours","megawatthours"
"2006","NY","New York","727099","11623555","1350932","1717878","140187401","41598844","55136108","9222552","844353","86257558","86965002","2078031","-6013583",".96","154760858","142238019","2509908","12495426","142265432","154760858","6802244","megawatthours","megawatthours","megawatthours","megawatthours","megawatthours","megawatthours","megawatthours","megawatthours","megawatthours","megawatthours","megawatthours","megawatthours","megawatthours","ratio","megawatthours","megawatthours","megawatthours","megawatthours","megawatthours","megawatthours","megawatthours"
"2006","OH","Ohio","0","321877","1117355","1296078","154316720","98159139","13169988","9948153","0","140258856","55835704","1117355","-14662304",".91","156278445","153428844","225034","844370","155434075","156278445","7337422","megawatthours","megawatthours","megawatthours","megawatthours","megawatthours","megawatthours","megawatthours","megawatthours","megawatthours","megawatthours","megawatthours","megawatthours","megawatthours","ratio","megawatthours","megawatthours","megawatthours","megawatthours","megawatthours","megawatthours","megawatthours"
"2006","OK","Oklahoma","25038","2642147","1246164","986758","69343679","51917155","0","3559999","133862","54771452","14784377","1271202","9522846","1.16","70614880","54905314","0","0","70614880","70614880","2625735","megawatthours","megawatthours","megawatthours","megawatthours","megawatthours","megawatthours","megawatthours","megawatthours","megawatthours","megawatthours","megawatthours","megawatthours","megawatthours","ratio","megawatthours","megawatthours","megawatthours","megawatthours","megawatthours","megawatthours","megawatthours"
"2006","OR","Oregon","3966","4831305","1381711","1418985","51955018","43068822","1107239","3116757","0","46962026","4054891","1385677","-159486","1","53796843","48069265","470073","456148","53340695","53796843","2298815","megawatthours","megawatthours","megawatthours","megawatthours","megawatthours","megawatthours","megawatthours","megawatthours","megawatthours","megawatthours","megawatthours","megawatthours","megawatthours","ratio","megawatthours","megawatthours","megawatthours","megawatthours","megawatthours","megawatthours","megawatthours"
"2006","PA","Pennsylvania","399631","8853567","3171719","2872473","215240245","1311434","8905981","9476224","0","137244377","205075244","3571350","56097982","1.34","218843391","146150358","126611","31796","218811595","218843391","6989344","megawatthours","megawatthours","megawatthours","megawatthours","megawatthours","megawatthours","megawatthours","megawatthours","megawatthours","megawatthours","megawatthours","megawatthours","megawatthours","ratio","megawatthours","megawatthours","megawatthours","megawatthours","megawatthours","megawatthours","megawatthours"
"2006","RI","Rhode Island","62059","17876","1461","66119","5904204","11008","1028554","505687","0","6770572","5875320","63520","-2390504",".73","6376416","7799126","89064","408691","5967725","6376416","372977","megawatthours","megawatthours","megawatthours","megawatthours","megawatthours","megawatthours","megawatthours","megawatthours","megawatthours","megawatthours","megawatthours","megawatthours","megawatthours","ratio","megawatthours","megawatthours","megawatthours","megawatthours","megawatthours","megawatthours","megawatthours"
"2006","SC","South Carolina","83889","622501","1958471","1619838","97225245","95872763","0","5243994","0","80877321","729981","2042360","9276877","1.1","99267606","80877321","0","0","99267606","99267606","3867793","megawatthours","megawatthours","megawatthours","megawatthours","megawatthours","megawatthours","megawatthours","megawatthours","megawatthours","megawatthours","megawatthours","megawatthours","megawatthours","ratio","megawatthours","megawatthours","megawatthours","megawatthours","megawatthours","megawatthours","megawatthours"
"2006","SD","South Dakota","0","0","0","0","7132243","6989062","0","652045","0","10056387","143181","0","-4057115",".64","7132243","10056387","0","0","7132243","7132243","480926","megawatthours","megawatthours","megawatthours","megawatthours","megawatthours","megawatthours","megawatthours","megawatthours","megawatthours","megawatthours","megawatthours","megawatthours","megawatthours","ratio","megawatthours","megawatthours","megawatthours","megawatthours","megawatthours","megawatthours","megawatthours"
"2006","TN","Tennessee","108003","0","2723970","2376179","91079128","90960035","0","6738817","1194306","102737438","119093","2831974","-21732160",".81","93911102","103931744","0","0","93911102","93911102","4970324","megawatthours","megawatthours","megawatthours","megawatthours","megawatthours","megawatthours","megawatthours","megawatthours","megawatthours","megawatthours","megawatthours","megawatthours","megawatthours","ratio","megawatthours","megawatthours","megawatthours","megawatthours","megawatthours","megawatthours","megawatthours"
"2006","TX","Texas","521150","41779371","39387888","33121582","360673840","94637956","0","22221851","4465145","338259068","224256513","39909038","19001244","1.05","400662401","342724213","291883","79523","400582878","400662401","16390088","megawatthours","megawatthours","megawatthours","megawatthours","megawatthours","megawatthours","megawatthours","megawatthours","megawatthours","megawatthours","megawatthours","megawatthours","megawatthours","ratio","megawatthours","megawatthours","megawatthours","megawatthours","megawatthours","megawatthours","megawatthours"
"2006","US","United States","8370912","165852444","148254269","146926612","3908077046","2483655548","219184738","237953391","12397189","3438336913","1258569053","156625182","0","1","4107393536","3669918840","24271333","42691309","4064702227","4107393536","175103046","megawatthours","megawatthours","megawatthours","megawatthours","megawatthours","megawatthours","megawatthours","megawatthours","megawatthours","megawatthours","megawatthours","megawatthours","megawatthours","ratio","megawatthours","megawatthours","megawatthours","megawatthours","megawatthours","megawatthours","megawatthours"
"2006","UT","Utah","28497","11035","804681","967261","40430146","39590509","0","1709523","0","26365716","828602","833178","11940655","1.41","41278562","26365716","814","15238","41263324","41278562","1260887","megawatthours","megawatthours","megawatthours","megawatthours","megawatthours","megawatthours","megawatthours","megawatthours","megawatthours","megawatthours","megawatthours","megawatthours","megawatthours","ratio","megawatthours","megawatthours","megawatthours","megawatthours","megawatthours","megawatthours","megawatthours"
"2006","VA","Virginia","346884","4409041","2501710","2618130","70220942","61176351","41940","6919685","145461","106533840","4635550","2848594","-45677733",".62","73069537","106721241","0","0","73069537","73069537","5103726","megawatthours","megawatthours","megawatthours","megawatthours","megawatthours","megawatthours","megawatthours","megawatthours","megawatthours","megawatthours","megawatthours","megawatthours","megawatthours","ratio","megawatthours","megawatthours","megawatthours","megawatthours","megawatthours","megawatthours","megawatthours"
"2006","VT","Vermont","0","0","25195","25524","7059149","802680","0","375743","0","5795029","6256469","25195","3065279","1.47","9593278","5795029","80066","2508934","7084344","9593278","277135","megawatthours","megawatthours","megawatthours","megawatthours","megawatthours","megawatthours","megawatthours","megawatthours","megawatthours","megawatthours","megawatthours","megawatthours","megawatthours","ratio","megawatthours","megawatthours","megawatthours","megawatthours","megawatthours","megawatthours","megawatthours"
"2006","WA","Washington","78033","2385142","786012","759485","107339111","94067080","2091981","5513465","0","82941354","10886889","864045","4932257","1.05","110632759","85033335","11086396","2429604","108203155","110632759","4066546","megawatthours","megawatthours","megawatthours","megawatthours","megawatthours","megawatthours","megawatthours","megawatthours","megawatthours","megawatthours","megawatthours","megawatthours","megawatthours","ratio","megawatthours","megawatthours","megawatthours","megawatthours","megawatthours","megawatthours","megawatthours"
"2006","WI","Wisconsin","109795","784894","2457267","3586727","59072781","51914755","0","4527098","2000","69818749","6373132","2567063","-16050592",".79","61639877","69820749","0","34","61639843","61639877","3339035","megawatthours","megawatthours","megawatthours","megawatthours","megawatthours","megawatthours","megawatthours","megawatthours","megawatthours","megawatthours","megawatthours","megawatthours","megawatthours","ratio","megawatthours","megawatthours","megawatthours","megawatthours","megawatthours","megawatthours","megawatthours"
"2006","WV","West Virginia","0","470477","1222904","1390780","92592900","68163826","0","2095082","0","32312126","23958597","1222904","57861944","2.61","93815804","32312126","0","0","93815804","93815804","1545262","megawatthours","megawatthours","megawatthours","megawatthours","megawatthours","megawatthours","megawatthours","megawatthours","megawatthours","megawatthours","megawatthours","megawatthours","megawatthours","ratio","megawatthours","megawatthours","megawatthours","megawatthours","megawatthours","megawatthours","megawatthours"
"2006","WY","Wyoming","0","0","1011501","1216635","44388869","42905244","0","969121","0","14946612","1483625","1011501","28721461","2.72","45427963","14946612","74760","27593","45400370","45427963","714791","megawatthours","megawatthours","megawatthours","megawatthours","megawatthours","megawatthours","megawatthours","megawatthours","megawatthours","megawatthours","megawatthours","megawatthours","megawatthours","ratio","megawatthours","megawatthours","megawatthours","megawatthours","megawatthours","megawatthours","megawatthours"
"2005","AK","Alaska","245324","173942","211245","329542","6120090","5946148","0","395171","0","5912571","0","456569","0","1","6577962","5912571","0","1303","6576659","6577962","269890","megawatthours","megawatthours","megawatthours","megawatthours","megawatthours","megawatthours","megawatthours","megawatthours","megawatthours","megawatthours","megawatthours","megawatthours","megawatthours","ratio","megawatthours","megawatthours","megawatthours","megawatthours","megawatthours","megawatthours","megawatthours"
"2005","AL","Alabama","0","2173642","4650046","3540326","133298535","126303893","0","5961856","0","89201620","4821000","4650046","38526487","1.39","137948581","89201620","0","0","137948581","137948581","4255078","megawatthours","megawatthours","megawatthours","megawatthours","megawatthours","megawatthours","megawatthours","megawatthours","megawatthours","megawatthours","megawatthours","megawatthours","megawatthours","ratio","megawatthours","megawatthours","megawatthours","megawatthours","megawatthours","megawatthours","megawatthours"
"2005","AR","Arkansas","4243","1214876","2033112","2083209","45757153","40545220","0","3085467","110026","46054897","3997057","2037355","-3660114",".93","47794509","46164923","0","0","47794509","47794509","2202150","megawatthours","megawatthours","megawatthours","megawatthours","megawatthours","megawatthours","megawatthours","megawatthours","megawatthours","megawatthours","megawatthours","megawatthours","megawatthours","ratio","megawatthours","megawatthours","megawatthours","megawatthours","megawatthours","megawatthours","megawatthours"
"2005","AZ","Arizona","71835","1688843","412546","501869","100994273","82914964","0","4637778","0","69390686","16390466","484381","24060096","1.31","101581768","69390686","182646","103114","101478654","101581768","3310061","megawatthours","megawatthours","megawatthours","megawatthours","megawatthours","megawatthours","megawatthours","megawatthours","megawatthours","megawatthours","megawatthours","megawatthours","megawatthours","ratio","megawatthours","megawatthours","megawatthours","megawatthours","megawatthours","megawatthours","megawatthours"
"2005","CA","California","2150876","23458694","16614449","11672828","181527493","89348213","23406325","16992953","2261613","228581569","68720587","18765325","-77562381",".73","205922963","254249507","103051","5630145","200292818","205922963","12128159","megawatthours","megawatthours","megawatthours","megawatthours","megawatthours","megawatthours","megawatthours","megawatthours","megawatthours","megawatthours","megawatthours","megawatthours","megawatthours","ratio","megawatthours","megawatthours","megawatthours","megawatthours","megawatthours","megawatthours","megawatthours"
"2005","CO","Colorado","54162","1643453","70467","84018","49492066","41014609","0","3231724","327786","48025450","6834004","124629","-4268874",".92","49622900","48353236","194","6206","49616694","49622900","2306536","megawatthours","megawatthours","megawatthours","megawatthours","megawatthours","megawatthours","megawatthours","megawatthours","megawatthours","megawatthours","megawatthours","megawatthours","megawatthours","ratio","megawatthours","megawatthours","megawatthours","megawatthours","megawatthours","megawatthours","megawatthours"
"2005","CT","Connecticut","39754","1697139","207119","225040","33302875","41709","740480","2211931","0","32354549","31564027","246872","-2172761",".94","34887547","33095029","174431","1337800","33549747","34887547","1578692","megawatthours","megawatthours","megawatthours","megawatthours","megawatthours","megawatthours","megawatthours","megawatthours","megawatthours","megawatthours","megawatthours","megawatthours","megawatthours","ratio","megawatthours","megawatthours","megawatthours","megawatthours","megawatthours","megawatthours","megawatthours"
"2005","DC","District of Columbia","0","0","0","0","226042","0","7013288","789745","0","4802919","226042","0","-12943564",".02","226042","11816207","0","0","226042","226042","563654","megawatthours","megawatthours","megawatthours","megawatthours","megawatthours","megawatthours","megawatthours","megawatthours","megawatthours","megawatthours","megawatthours","megawatthours","megawatthours","ratio","megawatthours","megawatthours","megawatthours","megawatthours","megawatthours","megawatthours","megawatthours"
"2005","DE","Delaware","0","129440","903402","736050","7233166","25989","949693","811171","0","11187095","7077737","903402","-5391074",".6","8136568","12136788","0","0","8136568","8136568","578947","megawatthours","megawatthours","megawatthours","megawatthours","megawatthours","megawatthours","megawatthours","megawatthours","megawatthours","megawatthours","megawatthours","megawatthours","megawatthours","ratio","megawatthours","megawatthours","megawatthours","megawatthours","megawatthours","megawatthours","megawatthours"
"2005","FL","Florida","97299","8514852","5358850","5345764","214800262","196096285","0","15036505","0","224977011","10189125","5456149","-30494258",".88","220256412","224977011","0","0","220256412","220256412","10731809","megawatthours","megawatthours","megawatthours","megawatthours","megawatthours","megawatthours","megawatthours","megawatthours","megawatthours","megawatthours","megawatthours","megawatthours","megawatthours","ratio","megawatthours","megawatthours","megawatthours","megawatthours","megawatthours","megawatthours","megawatthours"
"2005","GA","Georgia","9857","140773","5159173","5092074","131498862","126444777","0","8840059","0","132265452","4913311","5169030","-10752011",".93","136667892","132265452","0","0","136667892","136667892","6309300","megawatthours","megawatthours","megawatthours","megawatthours","megawatthours","megawatthours","megawatthours","megawatthours","megawatthours","megawatthours","megawatthours","megawatthours","megawatthours","ratio","megawatthours","megawatthours","megawatthours","megawatthours","megawatthours","megawatthours","megawatthours"
"2005","HI","Hawaii","292932","3769263","265767","398184","10964106","6915159","0","704376","405","10538505","279684","558699","0","1","11522805","10538910","0","0","11522805","11522805","279121","megawatthours","megawatthours","megawatthours","megawatthours","megawatthours","megawatthours","megawatthours","megawatthours","megawatthours","megawatthours","megawatthours","megawatthours","megawatthours","ratio","megawatthours","megawatthours","megawatthours","megawatthours","megawatthours","megawatthours","megawatthours"
"2005","IA","Iowa","277809","0","1215871","1312879","42662479","41559024","0","2857683","0","42756808","1103455","1493681","-3500038",".93","44156162","42756808","820","2","44156160","44156162","2039577","megawatthours","megawatthours","megawatthours","megawatthours","megawatthours","megawatthours","megawatthours","megawatthours","megawatthours","megawatthours","megawatthours","megawatthours","megawatthours","ratio","megawatthours","megawatthours","megawatthours","megawatthours","megawatthours","megawatthours","megawatthours"
"2005","ID","Idaho","0","240043","657971","550252","10167013","8032438","0","1460540","0","21852681","1894532","657971","-13442088",".45","10914096","21852681","0","89112","10824984","10914096","1042412","megawatthours","megawatthours","megawatthours","megawatthours","megawatthours","megawatthours","megawatthours","megawatthours","megawatthours","megawatthours","megawatthours","megawatthours","megawatthours","ratio","megawatthours","megawatthours","megawatthours","megawatthours","megawatthours","megawatthours","megawatthours"
"2005","IL","Illinois","505850","617840","2968541","3567588","190645755","10767684","27937718","9690261","0","117048497","179260231","3474391","32506001","1.2","194121284","144986215","19136","1138","194120146","194121284","6916104","megawatthours","megawatthours","megawatthours","megawatthours","megawatthours","megawatthours","megawatthours","megawatthours","megawatthours","megawatthours","megawatthours","megawatthours","megawatthours","ratio","megawatthours","megawatthours","megawatthours","megawatthours","megawatthours","megawatthours","megawatthours"
"2005","IN","Indiana","250037","5649629","3439508","7349245","126682028","117373699","0","7121275","0","106548910","3658700","3689545","11622344","1.1","130383341","106548910","887","11768","130371573","130383341","5082575","megawatthours","megawatthours","megawatthours","megawatthours","megawatthours","megawatthours","megawatthours","megawatthours","megawatthours","megawatthours","megawatthours","megawatthours","megawatthours","ratio","megawatthours","megawatthours","megawatthours","megawatthours","megawatthours","megawatthours","megawatthours"
"2005","KS","Kansas","31","0","5250","5389","45857415","45421033","0","2608217","103264","38921019","436382","5281","2368409","1.05","45862696","39024283","253","0","45862696","45862696","1861529","megawatthours","megawatthours","megawatthours","megawatthours","megawatthours","megawatthours","megawatthours","megawatthours","megawatthours","megawatthours","megawatthours","megawatthours","megawatthours","ratio","megawatthours","megawatthours","megawatthours","megawatthours","megawatthours","megawatthours","megawatthours"
"2005","KY","Kentucky","0","0","520822","389447","97301597","85679912","0","5971871","133006","89218460","11621685","520822","-1763783",".98","97822419","89351466","250","0","97822419","97822419","4262226","megawatthours","megawatthours","megawatthours","megawatthours","megawatthours","megawatthours","megawatthours","megawatthours","megawatthours","megawatthours","megawatthours","megawatthours","megawatthours","ratio","megawatthours","megawatthours","megawatthours","megawatthours","megawatthours","megawatthours","megawatthours"
"2005","LA","Louisiana","38053","8253919","22072057","20420004","70506768","44157533","0","5172362","0","77389170","18095316","22110110","6343323","1.07","92616878","77389170","0","0","92616878","92616878","3691603","megawatthours","megawatthours","megawatthours","megawatthours","megawatthours","megawatthours","megawatthours","megawatthours","megawatthours","megawatthours","megawatthours","megawatthours","megawatthours","ratio","megawatthours","megawatthours","megawatthours","megawatthours","megawatthours","megawatthours","megawatthours"
"2005","MA","Massachusetts","589666","2895794","285921","1163572","46639856","1622208","15853967","3824848","17111","41356510","42121854","875587","-14023770",".78","50092177","57227588","332489","2576734","47515443","50092177","2729859","megawatthours","megawatthours","megawatthours","megawatthours","megawatthours","megawatthours","megawatthours","megawatthours","megawatthours","megawatthours","megawatthours","megawatthours","megawatthours","ratio","megawatthours","megawatthours","megawatthours","megawatthours","megawatthours","megawatthours","megawatthours"
"2005","MD","Maryland","53861","3195788","587506","1094648","52020233","44235","19202110","4569251","17815","49145460","48780210","641367","-23535283",".69","52661600","68365385","0","0","52661600","52661600","3261152","megawatthours","megawatthours","megawatthours","megawatthours","megawatthours","megawatthours","megawatthours","megawatthours","megawatthours","megawatthours","megawatthours","megawatthours","megawatthours","ratio","megawatthours","megawatthours","megawatthours","megawatthours","megawatthours","megawatthours","megawatthours"
"2005","ME","Maine","177275","729951","4809103","2588443","13857600","827","11993285","826282","196408","173186","13126822","4986378","7448426","1.53","21380882","12362879","150974","2536904","18843978","21380882","589732","megawatthours","megawatthours","megawatthours","megawatthours","megawatthours","megawatthours","megawatthours","megawatthours","megawatthours","megawatthours","megawatthours","megawatthours","megawatthours","ratio","megawatthours","megawatthours","megawatthours","megawatthours","megawatthours","megawatthours","megawatthours"
"2005","MI","Michigan","534676","10161162","1756221","2584479","119328874","104830689","11333864","7381644","508098","98602601","4337023","2290897","-4207616",".97","123300826","110444563","4411246","1681055","121619771","123300826","5268405","megawatthours","megawatthours","megawatthours","megawatthours","megawatthours","megawatthours","megawatthours","megawatthours","megawatthours","megawatthours","megawatthours","megawatthours","megawatthours","ratio","megawatthours","megawatthours","megawatthours","megawatthours","megawatthours","megawatthours","megawatthours"
"2005","MN","Minnesota","108350","937990","1849056","1466608","51061589","46791349","0","4412432","0","66019053","3332250","1957406","-12751842",".83","63158711","66019053","2328373","10139716","53018995","63158711","3149228","megawatthours","megawatthours","megawatthours","megawatthours","megawatthours","megawatthours","megawatthours","megawatthours","megawatthours","megawatthours","megawatthours","megawatthours","megawatthours","ratio","megawatthours","megawatthours","megawatthours","megawatthours","megawatthours","megawatthours","megawatthours"
"2005","MO","Missouri","162746","5236","182109","292893","90483375","90159045","0","5409718","19572","80920922","319094","344855","626940","1.01","90840538","80940494","2087","12308","90828230","90840538","3861007","megawatthours","megawatthours","megawatthours","megawatthours","megawatthours","megawatthours","megawatthours","megawatthours","megawatthours","megawatthours","megawatthours","megawatthours","megawatthours","ratio","megawatthours","megawatthours","megawatthours","megawatthours","megawatthours","megawatthours","megawatthours"
"2005","MS","Mississippi","19394","0","1725227","1166405","43322832","30619168","0","3067831","0","45901064","12703664","1744621","-6092172",".88","45067453","45901064","0","0","45067453","45067453","2189563","megawatthours","megawatthours","megawatthours","megawatthours","megawatthours","megawatthours","megawatthours","megawatthours","megawatthours","megawatthours","megawatthours","megawatthours","megawatthours","ratio","megawatthours","megawatthours","megawatthours","megawatthours","megawatthours","megawatthours","megawatthours"
"2005","MT","Montana","0","412466","88082","93256","27850696","6587015","2836405","900868","0","10642433","20851215","88082","12925428","1.85","28047799","13478838","99607","109021","27938778","28047799","642965","megawatthours","megawatthours","megawatthours","megawatthours","megawatthours","megawatthours","megawatthours","megawatthours","megawatthours","megawatthours","megawatthours","megawatthours","megawatthours","ratio","megawatthours","megawatthours","megawatthours","megawatthours","megawatthours","megawatthours","megawatthours"
"2005","NC","North Carolina","131243","3064175","3015348","2932328","126601987","121674733","0","8577390","0","128335377","1863079","3146591","-13288950",".91","129748578","128335377","0","0","129748578","129748578","6121829","megawatthours","megawatthours","megawatthours","megawatthours","megawatthours","megawatthours","megawatthours","megawatthours","megawatthours","megawatthours","megawatthours","megawatthours","megawatthours","ratio","megawatthours","megawatthours","megawatthours","megawatthours","megawatthours","megawatthours","megawatthours"
"2005","ND","North Dakota","0","0","204753","211673","31727862","31512768","0","724499","0","10839990","215094","204753","21553211","2.72","34094497","10839990","459499","2161882","31932615","34094497","517087","megawatthours","megawatthours","megawatthours","megawatthours","megawatthours","megawatthours","megawatthours","megawatthours","megawatthours","megawatthours","megawatthours","megawatthours","megawatthours","ratio","megawatthours","megawatthours","megawatthours","megawatthours","megawatthours","megawatthours","megawatthours"
"2005","NE","Nebraska","19219","8291","45581","75065","31399934","31391643","0","1802957","0","26975944","0","64800","1394819","1.05","31465040","26975944","4443","306","31464734","31465040","1286801","megawatthours","megawatthours","megawatthours","megawatthours","megawatthours","megawatthours","megawatthours","megawatthours","megawatthours","megawatthours","megawatthours","megawatthours","megawatthours","ratio","megawatthours","megawatthours","megawatthours","megawatthours","megawatthours","megawatthours","megawatthours"
"2005","NH","New Hampshire","29975","0","363648","216095","24076390","5638000","122674","751543","11155","11110799","18438390","393624","12438381","1.99","25046297","11244628","75140","576284","24470013","25046297","536389","megawatthours","megawatthours","megawatthours","megawatthours","megawatthours","megawatthours","megawatthours","megawatthours","megawatthours","megawatthours","megawatthours","megawatthours","megawatthours","ratio","megawatthours","megawatthours","megawatthours","megawatthours","megawatthours","megawatthours","megawatthours"
"2005","NJ","New Jersey","70301","11364634","1057484","2643267","59421798","1248594","16553409","5473634","1183598","64159806","46808569","1127785","-30730133",".66","60549583","81896813","0","0","60549583","60549583","3906625","megawatthours","megawatthours","megawatthours","megawatthours","megawatthours","megawatthours","megawatthours","megawatthours","megawatthours","megawatthours","megawatthours","megawatthours","megawatthours","ratio","megawatthours","megawatthours","megawatthours","megawatthours","megawatthours","megawatthours","megawatthours"
"2005","NM","New Mexico","51420","478727","238697","77971","34845525","33561875","0","1379420","0","20638951","804923","290117","12117239","1.52","35217965","20638951","97762","82323","35135642","35217965","984515","megawatthours","megawatthours","megawatthours","megawatthours","megawatthours","megawatthours","megawatthours","megawatthours","megawatthours","megawatthours","megawatthours","megawatthours","megawatthours","ratio","megawatthours","megawatthours","megawatthours","megawatthours","megawatthours","megawatthours","megawatthours"
"2005","NV","Nevada","0","2146195","0","587269","40213752","24112225","174816","2172204","0","32325814","13955332","0","4235393","1.12","40501873","32500630","42720","288121","40213752","40501873","1550339","megawatthours","megawatthours","megawatthours","megawatthours","megawatthours","megawatthours","megawatthours","megawatthours","megawatthours","megawatthours","megawatthours","megawatthours","megawatthours","ratio","megawatthours","megawatthours","megawatthours","megawatthours","megawatthours","megawatthours","megawatthours"
"2005","NY","New York","672305","14475137","1525111","3802866","144690003","39962653","56673120","10035224","237941","93236510","90252213","2197415","-13180888",".92","157604523","150147571","3436504","10717104","146887419","157604523","7162309","megawatthours","megawatthours","megawatthours","megawatthours","megawatthours","megawatthours","megawatthours","megawatthours","megawatthours","megawatthours","megawatthours","megawatthours","megawatthours","ratio","megawatthours","megawatthours","megawatthours","megawatthours","megawatthours","megawatthours","megawatthours"
"2005","OH","Ohio","149","327753","1080335","1264965","155895839","102750838","26715652","10705501","0","133460651","52817248","1080483","-21895152",".88","157025130","160176303","396514","48807","156976323","157025130","7640698","megawatthours","megawatthours","megawatthours","megawatthours","megawatthours","megawatthours","megawatthours","megawatthours","megawatthours","megawatthours","megawatthours","megawatthours","megawatthours","ratio","megawatthours","megawatthours","megawatthours","megawatthours","megawatthours","megawatthours","megawatthours"
"2005","OK","Oklahoma","18799","2822323","1234353","953406","67354675","54250814","0","3589554","136253","53570849","10281538","1253153","8747950","1.15","68607827","53707102","342","0","68607827","68607827","2561925","megawatthours","megawatthours","megawatthours","megawatthours","megawatthours","megawatthours","megawatthours","megawatthours","megawatthours","megawatthours","megawatthours","megawatthours","megawatthours","ratio","megawatthours","megawatthours","megawatthours","megawatthours","megawatthours","megawatthours","megawatthours"
"2005","OR","Oregon","5098","5946919","1473147","1266286","47846757","37407039","1554604","3102465","0","44864641","4492799","1478246","-2336153",".96","49846491","46419245","445386","521488","49325003","49846491","2214282","megawatthours","megawatthours","megawatthours","megawatthours","megawatthours","megawatthours","megawatthours","megawatthours","megawatthours","megawatthours","megawatthours","megawatthours","megawatthours","ratio","megawatthours","megawatthours","megawatthours","megawatthours","megawatthours","megawatthours","megawatthours"
"2005","PA","Pennsylvania","407557","7628602","3180966","3287425","214502602","1058313","11051983","9909931","0","137220957","205815687","3588524","52545952","1.32","218121535","148272940","316538","30410","218091125","218121535","7072886","megawatthours","megawatthours","megawatthours","megawatthours","megawatthours","megawatthours","megawatthours","megawatthours","megawatthours","megawatthours","megawatthours","megawatthours","megawatthours","ratio","megawatthours","megawatthours","megawatthours","megawatthours","megawatthours","megawatthours","megawatthours"
"2005","RI","Rhode Island","64735","18456","2045","69478","5986514","10805","888726","537968","0","7160386","5957253","66780","-2563578",".72","6460641","8049112","53112","407347","6053294","6460641","383957","megawatthours","megawatthours","megawatthours","megawatthours","megawatthours","megawatthours","megawatthours","megawatthours","megawatthours","megawatthours","megawatthours","megawatthours","megawatthours","ratio","megawatthours","megawatthours","megawatthours","megawatthours","megawatthours","megawatthours","megawatthours"
"2005","SC","South Carolina","81898","595290","1998225","1598662","100434542","99104373","0","5430677","0","81254088","734879","2080123","11952335","1.13","102514665","81254088","0","0","102514665","102514665","3875966","megawatthours","megawatthours","megawatthours","megawatthours","megawatthours","megawatthours","megawatthours","megawatthours","megawatthours","megawatthours","megawatthours","megawatthours","megawatthours","ratio","megawatthours","megawatthours","megawatthours","megawatthours","megawatthours","megawatthours","megawatthours"
"2005","SD","South Dakota","0","0","0","0","6520769","6368442","0","655727","0","9811017","152327","0","-4414128",".6","6520769","9811017","150","0","6520769","6520769","468003","megawatthours","megawatthours","megawatthours","megawatthours","megawatthours","megawatthours","megawatthours","megawatthours","megawatthours","megawatthours","megawatthours","megawatthours","megawatthours","ratio","megawatthours","megawatthours","megawatthours","megawatthours","megawatthours","megawatthours","megawatthours"
"2005","TN","Tennessee","101171","0","3034803","1808588","93981191","93942273","0","6944596","1613597","102291824","38918","3135974","-18691136",".84","97117165","103905421","0","0","97117165","97117165","4956476","megawatthours","megawatthours","megawatthours","megawatthours","megawatthours","megawatthours","megawatthours","megawatthours","megawatthours","megawatthours","megawatthours","megawatthours","megawatthours","ratio","megawatthours","megawatthours","megawatthours","megawatthours","megawatthours","megawatthours","megawatthours"
"2005","TX","Texas","507544","44758580","39282489","45497429","356878688","95187030","0","22340398","4140723","330117539","216933078","39790034","23863479","1.06","396746819","334258262","294462","78097","396668722","396746819","15944721","megawatthours","megawatthours","megawatthours","megawatthours","megawatthours","megawatthours","megawatthours","megawatthours","megawatthours","megawatthours","megawatthours","megawatthours","megawatthours","ratio","megawatthours","megawatthours","megawatthours","megawatthours","megawatthours","megawatthours","megawatthours"
"2005","US","United States","8491664","180374953","144739193","150015531","3902191893","2474845558","237054631","244683533","11193373","3412720509","1246971382","153230857","0","1","4099352066","3660968513","19150968","43929316","4055422750","4099352066","174399036","megawatthours","megawatthours","megawatthours","megawatthours","megawatthours","megawatthours","megawatthours","megawatthours","megawatthours","megawatthours","megawatthours","megawatthours","megawatthours","ratio","megawatthours","megawatthours","megawatthours","megawatthours","megawatthours","megawatthours","megawatthours"
"2005","UT","Utah","20135","7051","736829","741775","37408167","36695193","0","1670927","0","25000498","705923","756964","10340590","1.37","38206149","25000498","824","41018","38165131","38206149","1192569","megawatthours","megawatthours","megawatthours","megawatthours","megawatthours","megawatthours","megawatthours","megawatthours","megawatthours","megawatthours","megawatthours","megawatthours","megawatthours","ratio","megawatthours","megawatthours","megawatthours","megawatthours","megawatthours","megawatthours","megawatthours"
"2005","VA","Virginia","389315","5251187","2567909","2577487","75985821","65456080","22055","7275040","151499","108675998","5278554","2957224","-42376444",".65","78943045","108849552","0","0","78943045","78943045","5192320","megawatthours","megawatthours","megawatthours","megawatthours","megawatthours","megawatthours","megawatthours","megawatthours","megawatthours","megawatthours","megawatthours","megawatthours","megawatthours","ratio","megawatthours","megawatthours","megawatthours","megawatthours","megawatthours","megawatthours","megawatthours"
"2005","VT","Vermont","0","0","29997","30484","5686758","673607","0","393198","0","5883053","5013151","29997","1281175","1.19","7876361","5883053","38272","2159606","5716755","7876361","280632","megawatthours","megawatthours","megawatthours","megawatthours","megawatthours","megawatthours","megawatthours","megawatthours","megawatthours","megawatthours","megawatthours","megawatthours","megawatthours","ratio","megawatthours","megawatthours","megawatthours","megawatthours","megawatthours","megawatthours","megawatthours"
"2005","WA","Washington","72734","2516565","936861","522383","100956255","83152928","2030457","5575785","0","81394743","15286762","1009595","5979960","1.06","104498368","83425200","5537369","2532518","101965850","104498368","3979532","megawatthours","megawatthours","megawatthours","megawatthours","megawatthours","megawatthours","megawatthours","megawatthours","megawatthours","megawatthours","megawatthours","megawatthours","megawatthours","ratio","megawatthours","megawatthours","megawatthours","megawatthours","megawatthours","megawatthours","megawatthours"
"2005","WI","Wisconsin","164035","793073","2486814","4086924","59173815","55169108","0","4700937","2000","70333683","3211634","2650849","-16571114",".79","61824732","70335683","0","68","61824664","61824732","3355139","megawatthours","megawatthours","megawatthours","megawatthours","megawatthours","megawatthours","megawatthours","megawatthours","megawatthours","megawatthours","megawatthours","megawatthours","megawatthours","ratio","megawatthours","megawatthours","megawatthours","megawatthours","megawatthours","megawatthours","megawatthours"
"2005","WV","West Virginia","0","467260","1360885","1359996","92265401","61241831","0","2015236","21503","30130566","30556310","1360885","60019313","2.79","93626285","30152069","0","0","93626285","93626285","1438308","megawatthours","megawatthours","megawatthours","megawatthours","megawatthours","megawatthours","megawatthours","megawatthours","megawatthours","megawatthours","megawatthours","megawatthours","megawatthours","ratio","megawatthours","megawatthours","megawatthours","megawatthours","megawatthours","megawatthours","megawatthours"
"2005","WY","Wyoming","0","0","833491","349697","44733816","44031568","0","944905","0","14137727","702248","833491","29712054","2.87","45614918","14137727","145487","47611","45567307","45614918","674395","megawatthours","megawatthours","megawatthours","megawatthours","megawatthours","megawatthours","megawatthours","megawatthours","megawatthours","megawatthours","megawatthours","megawatthours","megawatthours","ratio","megawatthours","megawatthours","megawatthours","megawatthours","megawatthours","megawatthours","megawatthours"
"2004","AK","Alaska","269105","182145","209047","1079118","6048565","5866420","0","424157","0","5788484","0","478152","0","1","6527897","5788484","0","1180","6526717","6527897","314177","megawatthours","megawatthours","megawatthours","megawatthours","megawatthours","megawatthours","megawatthours","megawatthours","megawatthours","megawatthours","megawatthours","megawatthours","megawatthours","ratio","megawatthours","megawatthours","megawatthours","megawatthours","megawatthours","megawatthours","megawatthours"
"2004","AL","Alabama","0","1445678","5227446","6487857","132127325","124554606","0","6365524","0","86870519","6127041","5227446","39822338","1.41","137354771","86870519","0","0","137354771","137354771","4289902","megawatthours","megawatthours","megawatthours","megawatthours","megawatthours","megawatthours","megawatthours","megawatthours","megawatthours","megawatthours","megawatthours","megawatthours","megawatthours","ratio","megawatthours","megawatthours","megawatthours","megawatthours","megawatthours","megawatthours","megawatthours"
"2004","AR","Arkansas","4483","1435953","2227771","2395564","49695379","45055455","0","3200136","255598","43416762","3203971","2232253","2896081","1.06","51927632","43672360","0","0","51927632","51927632","2156660","megawatthours","megawatthours","megawatthours","megawatthours","megawatthours","megawatthours","megawatthours","megawatthours","megawatthours","megawatthours","megawatthours","megawatthours","megawatthours","ratio","megawatthours","megawatthours","megawatthours","megawatthours","megawatthours","megawatthours","megawatthours"
"2004","AZ","Arizona","51264","1873640","396639","374187","104116240","81351521","0","4904601","0","66933251","20891079","447903","29498352","1.39","104735473","66933251","93550","171330","104564143","104735473","3305345","megawatthours","megawatthours","megawatthours","megawatthours","megawatthours","megawatthours","megawatthours","megawatthours","megawatthours","megawatthours","megawatthours","megawatthours","megawatthours","ratio","megawatthours","megawatthours","megawatthours","megawatthours","megawatthours","megawatthours","megawatthours"
"2004","CA","California","1917669","24566735","17191102","15199327","175671583","75177122","24625312","18467454","1504739","225895922","75927726","19108772","-86931066",".69","196071360","252025973","48074","1291005","194780355","196071360","12445726","megawatthours","megawatthours","megawatthours","megawatthours","megawatthours","megawatthours","megawatthours","megawatthours","megawatthours","megawatthours","megawatthours","megawatthours","megawatthours","ratio","megawatthours","megawatthours","megawatthours","megawatthours","megawatthours","megawatthours","megawatthours"
"2004","CO","Colorado","93016","1685171","58598","495780","47717879","40436218","0","3423736","326920","46396921","5596490","151614","-4548577",".91","47906845","46723841","0","37353","47869492","47906845","2307350","megawatthours","megawatthours","megawatthours","megawatthours","megawatthours","megawatthours","megawatthours","megawatthours","megawatthours","megawatthours","megawatthours","megawatthours","megawatthours","ratio","megawatthours","megawatthours","megawatthours","megawatthours","megawatthours","megawatthours","megawatthours"
"2004","CT","Connecticut","42924","1965663","234677","1540638","32355806","45095","744435","2360558","0","31470175","30345047","277602","-2539158",".93","33694611","32214610","66216","1061203","32633408","33694611","1590845","megawatthours","megawatthours","megawatthours","megawatthours","megawatthours","megawatthours","megawatthours","megawatthours","megawatthours","megawatthours","megawatthours","megawatthours","megawatthours","ratio","megawatthours","megawatthours","megawatthours","megawatthours","megawatthours","megawatthours","megawatthours"
"2004","DC","District of Columbia","0","0","0","384","36487","0","3654329","836434","0","7760518","36487","0","-12778491","0","36487","11414847","0","0","36487","36487","563696","megawatthours","megawatthours","megawatthours","megawatthours","megawatthours","megawatthours","megawatthours","megawatthours","megawatthours","megawatthours","megawatthours","megawatthours","megawatthours","ratio","megawatthours","megawatthours","megawatthours","megawatthours","megawatthours","megawatthours","megawatthours"
"2004","DE","Delaware","0","128361","837522","564017","7018031","23751","1009966","861810","0","10751187","6865919","837522","-5348772",".59","7855553","11761153","0","0","7855553","7855553","580798","megawatthours","megawatthours","megawatthours","megawatthours","megawatthours","megawatthours","megawatthours","megawatthours","megawatthours","megawatthours","megawatthours","megawatthours","megawatthours","ratio","megawatthours","megawatthours","megawatthours","megawatthours","megawatthours","megawatthours","megawatthours"
"2004","FL","Florida","96247","8779323","5524283","6910150","212497397","193383664","0","16016997","0","218584494","10334411","5620530","-27284768",".89","218117928","218584494","0","0","218117928","218117928","10794295","megawatthours","megawatthours","megawatthours","megawatthours","megawatthours","megawatthours","megawatthours","megawatthours","megawatthours","megawatthours","megawatthours","megawatthours","megawatthours","ratio","megawatthours","megawatthours","megawatthours","megawatthours","megawatthours","megawatthours","megawatthours"
"2004","GA","Georgia","3262","32501","4996662","5562700","121812791","117918895","0","9486734","0","129465784","3861395","4999924","-18538738",".87","126812715","129465784","0","0","126812715","126812715","6393371","megawatthours","megawatthours","megawatthours","megawatthours","megawatthours","megawatthours","megawatthours","megawatthours","megawatthours","megawatthours","megawatthours","megawatthours","megawatthours","ratio","megawatthours","megawatthours","megawatthours","megawatthours","megawatthours","megawatthours","megawatthours"
"2004","HI","Hawaii","325256","3568387","267450","480616","10817697","6982469","0","786363","221267","10510253","266841","592706","0","1","11410403","10731520","0","0","11410403","11410403","-107961","megawatthours","megawatthours","megawatthours","megawatthours","megawatthours","megawatthours","megawatthours","megawatthours","megawatthours","megawatthours","megawatthours","megawatthours","megawatthours","ratio","megawatthours","megawatthours","megawatthours","megawatthours","megawatthours","megawatthours","megawatthours"
"2004","IA","Iowa","269695","0","1293923","1352242","41684570","40578049","0","2997191","286811","40615962","1106522","1563619","-2673632",".94","43248195","40902773","621","6","43248189","43248195","2019890","megawatthours","megawatthours","megawatthours","megawatthours","megawatthours","megawatthours","megawatthours","megawatthours","megawatthours","megawatthours","megawatthours","megawatthours","megawatthours","ratio","megawatthours","megawatthours","megawatthours","megawatthours","megawatthours","megawatthours","megawatthours"
"2004","ID","Idaho","0","247566","675281","711211","10187758","7765655","41","1595032","0","21767415","2174537","675281","-13542316",".45","10895820","21767456","0","32781","10863039","10895820","1074936","megawatthours","megawatthours","megawatthours","megawatthours","megawatthours","megawatthours","megawatthours","megawatthours","megawatthours","megawatthours","megawatthours","megawatthours","megawatthours","ratio","megawatthours","megawatthours","megawatthours","megawatthours","megawatthours","megawatthours","megawatthours"
"2004","IL","Illinois","578894","550937","2819094","4280370","188559791","19184751","27067038","10203972","516055","111670863","168824103","3397988","35602813","1.23","191959882","139253956","18123","2104","191957778","191959882","6876738","megawatthours","megawatthours","megawatthours","megawatthours","megawatthours","megawatthours","megawatthours","megawatthours","megawatthours","megawatthours","megawatthours","megawatthours","megawatthours","ratio","megawatthours","megawatthours","megawatthours","megawatthours","megawatthours","megawatthours","megawatthours"
"2004","IN","Indiana","255893","5630369","3926134","4760620","123588369","114690471","0","7554335","0","103094263","3267530","4182027","12025963","1.1","127770396","103094263","0","0","127770396","127770396","5091074","megawatthours","megawatthours","megawatthours","megawatthours","megawatthours","megawatthours","megawatthours","megawatthours","megawatthours","megawatthours","megawatthours","megawatthours","megawatthours","ratio","megawatthours","megawatthours","megawatthours","megawatthours","megawatthours","megawatthours","megawatthours"
"2004","KS","Kansas","689","0","4298","62166","46777672","46409328","0","2720484","104283","37022257","368344","4987","5101957","1.12","46782659","37126540","206","0","46782659","46782659","1833409","megawatthours","megawatthours","megawatthours","megawatthours","megawatthours","megawatthours","megawatthours","megawatthours","megawatthours","megawatthours","megawatthours","megawatthours","megawatthours","ratio","megawatthours","megawatthours","megawatthours","megawatthours","megawatthours","megawatthours","megawatthours"
"2004","KY","Kentucky","0","0","511597","188482","94018350","82921402","0","6339924","0","86521156","11096948","511597","-2603970",".97","94529947","86521156","0","0","94529947","94529947","4272649","megawatthours","megawatthours","megawatthours","megawatthours","megawatthours","megawatthours","megawatthours","megawatthours","megawatthours","megawatthours","megawatthours","megawatthours","megawatthours","ratio","megawatthours","megawatthours","megawatthours","megawatthours","megawatthours","megawatthours","megawatthours"
"2004","LA","Louisiana","19655","5233217","26505085","22071042","71647569","47603602","0","5842816","0","79737112","18810750","26524740","8632675","1.1","98172309","79737112","0","0","98172309","98172309","3937635","megawatthours","megawatthours","megawatthours","megawatthours","megawatthours","megawatthours","megawatthours","megawatthours","megawatthours","megawatthours","megawatthours","megawatthours","megawatthours","ratio","megawatthours","megawatthours","megawatthours","megawatthours","megawatthours","megawatthours","megawatthours"
"2004","MA","Massachusetts","572564","4053401","314221","2455540","46613697","1524169","12326389","4097417","304326","43286873","41036127","886785","-14798145",".76","48012630","55917588","31952","512147","47500483","48012630","2761362","megawatthours","megawatthours","megawatthours","megawatthours","megawatthours","megawatthours","megawatthours","megawatthours","megawatthours","megawatthours","megawatthours","megawatthours","megawatthours","ratio","megawatthours","megawatthours","megawatthours","megawatthours","megawatthours","megawatthours","megawatthours"
"2004","MD","Maryland","49417","2926029","590670","1198292","51412683","30023","13652063","4901556","0","53239637","48456631","640087","-23044978",".69","52052770","66891700","0","0","52052770","52052770","3303293","megawatthours","megawatthours","megawatthours","megawatthours","megawatthours","megawatthours","megawatthours","megawatthours","megawatthours","megawatthours","megawatthours","megawatthours","megawatthours","ratio","megawatthours","megawatthours","megawatthours","megawatthours","megawatthours","megawatthours","megawatthours"
"2004","ME","Maine","175866","1399971","4892005","4372401","14031015","1121","11774885","906253","129815","462968","12629923","5067871","9007802","1.64","23020878","12367668","124034","3921993","19098885","23020878","610749","megawatthours","megawatthours","megawatthours","megawatthours","megawatthours","megawatthours","megawatthours","megawatthours","megawatthours","megawatthours","megawatthours","megawatthours","megawatthours","ratio","megawatthours","megawatthours","megawatthours","megawatthours","megawatthours","megawatthours","megawatthours"
"2004","MI","Michigan","536342","13904316","1877911","2922287","116073017","99608512","13991287","7811664","517551","92097202","2560189","2414252","-4401794",".96","120541656","106606040","5258329","2054387","118487269","120541656","5264495","megawatthours","megawatthours","megawatthours","megawatthours","megawatthours","megawatthours","megawatthours","megawatthours","megawatthours","megawatthours","megawatthours","megawatthours","megawatthours","ratio","megawatthours","megawatthours","megawatthours","megawatthours","megawatthours","megawatthours","megawatthours"
"2004","MN","Minnesota","107087","308692","1923637","2931271","50333403","47232462","0","4641325","0","63340315","2792249","2030724","-16138192",".78","58516191","63340315","3541895","6152064","52364127","58516191","3127916","megawatthours","megawatthours","megawatthours","megawatthours","megawatthours","megawatthours","megawatthours","megawatthours","megawatthours","megawatthours","megawatthours","megawatthours","megawatthours","ratio","megawatthours","megawatthours","megawatthours","megawatthours","megawatthours","megawatthours","megawatthours"
"2004","MO","Missouri","155288","46230","183557","305146","87294066","86419717","0","5426402","19684","74034612","828119","338844","4488629","1.05","87632910","74054296","6276","0","87632910","87632910","3657002","megawatthours","megawatthours","megawatthours","megawatthours","megawatthours","megawatthours","megawatthours","megawatthours","megawatthours","megawatthours","megawatthours","megawatthours","megawatthours","ratio","megawatthours","megawatthours","megawatthours","megawatthours","megawatthours","megawatthours","megawatthours"
"2004","MS","Mississippi","24549","0","1739589","2385239","41898475","32838145","0","3373080","0","46032538","9060330","1764138","-8018602",".84","43662613","46032538","0","0","43662613","43662613","2273211","megawatthours","megawatthours","megawatthours","megawatthours","megawatthours","megawatthours","megawatthours","megawatthours","megawatthours","megawatthours","megawatthours","megawatthours","megawatthours","ratio","megawatthours","megawatthours","megawatthours","megawatthours","megawatthours","megawatthours","megawatthours"
"2004","MT","Montana","0","433670","78380","155392","26710388","6066404","2872648","949421","0","10084134","20210314","78380","12206457","1.83","26828904","12956782","76247","40136","26788768","26828904","639841","megawatthours","megawatthours","megawatthours","megawatthours","megawatthours","megawatthours","megawatthours","megawatthours","megawatthours","megawatthours","megawatthours","megawatthours","megawatthours","ratio","megawatthours","megawatthours","megawatthours","megawatthours","megawatthours","megawatthours","megawatthours"
"2004","NC","North Carolina","118777","3206616","2977113","4095759","123234067","118328694","0","9207628","0","125656807","1698756","3095890","-14743847",".9","126329957","125656807","0","0","126329957","126329957","6205274","megawatthours","megawatthours","megawatthours","megawatthours","megawatthours","megawatthours","megawatthours","megawatthours","megawatthours","megawatthours","megawatthours","megawatthours","megawatthours","ratio","megawatthours","megawatthours","megawatthours","megawatthours","megawatthours","megawatthours","megawatthours"
"2004","ND","North Dakota","0","0","200625","166732","29735481","29526814","0","770600","0","10516400","208667","200625","18233916","2.38","31449092","10516400","1408681","1512986","29936106","31449092","519328","megawatthours","megawatthours","megawatthours","megawatthours","megawatthours","megawatthours","megawatthours","megawatthours","megawatthours","megawatthours","megawatthours","megawatthours","megawatthours","ratio","megawatthours","megawatthours","megawatthours","megawatthours","megawatthours","megawatthours","megawatthours"
"2004","NE","Nebraska","22451","6","42125","72112","31944133","31944127","0","1896085","0","25875930","0","64576","2956224","1.1","32008709","25875930","2575","0","32008709","32008709","1277824","megawatthours","megawatthours","megawatthours","megawatthours","megawatthours","megawatthours","megawatthours","megawatthours","megawatthours","megawatthours","megawatthours","megawatthours","megawatthours","ratio","megawatthours","megawatthours","megawatthours","megawatthours","megawatthours","megawatthours","megawatthours"
"2004","NH","New Hampshire","33358","0","358312","456052","23484117","6169110","109875","804080","15300","10848134","17315007","391670","11979973","1.97","24327922","10973309","28212","452135","23875787","24327922","541892","megawatthours","megawatthours","megawatthours","megawatthours","megawatthours","megawatthours","megawatthours","megawatthours","megawatthours","megawatthours","megawatthours","megawatthours","megawatthours","ratio","megawatthours","megawatthours","megawatthours","megawatthours","megawatthours","megawatthours","megawatthours"
"2004","NJ","New Jersey","105538","10704736","1253726","2406897","54523077","1648908","18573596","5685717","251560","58768011","42169433","1359265","-31231110",".64","55882342","77593167","400","0","55882342","55882342","3831761","megawatthours","megawatthours","megawatthours","megawatthours","megawatthours","megawatthours","megawatthours","megawatthours","megawatthours","megawatthours","megawatthours","megawatthours","megawatthours","ratio","megawatthours","megawatthours","megawatthours","megawatthours","megawatthours","megawatthours","megawatthours"
"2004","NM","New Mexico","41777","0","67165","445845","32831418","32242728","0","1454216","0","19845735","588690","108943","10716494","1.48","33019151","19845735","22224","78790","32940361","33019151","980036","megawatthours","megawatthours","megawatthours","megawatthours","megawatthours","megawatthours","megawatthours","megawatthours","megawatthours","megawatthours","megawatthours","megawatthours","megawatthours","ratio","megawatthours","megawatthours","megawatthours","megawatthours","megawatthours","megawatthours","megawatthours"
"2004","NV","Nevada","0","2398924","0","232503","37667435","24246391","2","2294315","0","31310598","11022120","0","2704100","1.08","37870398","31310600","14948","202963","37667435","37870398","1546202","megawatthours","megawatthours","megawatthours","megawatthours","megawatthours","megawatthours","megawatthours","megawatthours","megawatthours","megawatthours","megawatthours","megawatthours","megawatthours","ratio","megawatthours","megawatthours","megawatthours","megawatthours","megawatthours","megawatthours","megawatthours"
"2004","NY","New York","614409","13744027","1468441","4221296","135881943","40955819","48731118","10631007","370277","95980314","81182097","2082850","-19723083",".88","147422804","145081709","4264422","9458010","137964794","147422804","7164528","megawatthours","megawatthours","megawatthours","megawatthours","megawatthours","megawatthours","megawatthours","megawatthours","megawatthours","megawatthours","megawatthours","megawatthours","megawatthours","ratio","megawatthours","megawatthours","megawatthours","megawatthours","megawatthours","megawatthours","megawatthours"
"2004","OH","Ohio","160","319134","1022053","1487894","147323692","142305499","27881805","11300706","131832","126207477","4699059","1022213","-24858371",".86","148348733","154221114","67940","2828","148345905","148348733","7615857","megawatthours","megawatthours","megawatthours","megawatthours","megawatthours","megawatthours","megawatthours","megawatthours","megawatthours","megawatthours","megawatthours","megawatthours","megawatthours","ratio","megawatthours","megawatthours","megawatthours","megawatthours","megawatthours","megawatthours","megawatthours"
"2004","OK","Oklahoma","17547","2255750","1244614","1153762","59467400","48298390","0","3732829","130752","50811290","8913259","1262161","3537430","1.06","60729560","50942042","450","0","60729560","60729560","2515656","megawatthours","megawatthours","megawatthours","megawatthours","megawatthours","megawatthours","megawatthours","megawatthours","megawatthours","megawatthours","megawatthours","megawatthours","megawatthours","ratio","megawatthours","megawatthours","megawatthours","megawatthours","megawatthours","megawatthours","megawatthours"
"2004","OR","Oregon","5777","5891122","1590608","691393","49784893","39092958","845420","3344056","0","44791028","4800813","1596385","2591680","1.05","53903961","45636448","77434","2522683","51381278","53903961","2253651","megawatthours","megawatthours","megawatthours","megawatthours","megawatthours","megawatthours","megawatthours","megawatthours","megawatthours","megawatthours","megawatthours","megawatthours","megawatthours","ratio","megawatthours","megawatthours","megawatthours","megawatthours","megawatthours","megawatthours","megawatthours"
"2004","PA","Pennsylvania","414081","6675843","3332133","4483086","210912286","33900004","12653443","10515215","0","130848050","170336439","3746215","53374292","1.33","214744775","143501493","262799","86274","214658501","214744775","7086493","megawatthours","megawatthours","megawatthours","megawatthours","megawatthours","megawatthours","megawatthours","megawatthours","megawatthours","megawatthours","megawatthours","megawatthours","megawatthours","ratio","megawatthours","megawatthours","megawatthours","megawatthours","megawatthours","megawatthours","megawatthours"
"2004","RI","Rhode Island","33220","0","2397","65036","4903803","12402","844239","577970","0","7043336","4891401","35616","-3613858",".59","5261349","7887575","20087","321929","4939420","5261349","389510","megawatthours","megawatthours","megawatthours","megawatthours","megawatthours","megawatthours","megawatthours","megawatthours","megawatthours","megawatthours","megawatthours","megawatthours","megawatthours","ratio","megawatthours","megawatthours","megawatthours","megawatthours","megawatthours","megawatthours","megawatthours"
"2004","SC","South Carolina","86714","854836","2105842","2043966","95747373","94406828","0","5855363","0","79908340","485709","2192556","8228091","1.09","97939929","79908340","0","0","97939929","97939929","3946090","megawatthours","megawatthours","megawatthours","megawatthours","megawatthours","megawatthours","megawatthours","megawatthours","megawatthours","megawatthours","megawatthours","megawatthours","megawatthours","ratio","megawatthours","megawatthours","megawatthours","megawatthours","megawatthours","megawatthours","megawatthours"
"2004","SD","South Dakota","0","0","0","0","7510214","7357617","0","675154","0","9213844","152597","0","-2834629",".73","7510214","9213844","841","0","7510214","7510214","455005","megawatthours","megawatthours","megawatthours","megawatthours","megawatthours","megawatthours","megawatthours","megawatthours","megawatthours","megawatthours","megawatthours","megawatthours","megawatthours","ratio","megawatthours","megawatthours","megawatthours","megawatthours","megawatthours","megawatthours","megawatthours"
"2004","TN","Tennessee","110533","0","3083213","3392795","94400796","94371964","0","7302734","0","99660665","28832","3193746","-14293762",".87","97594544","99660665","0","2","97594542","97594544","4921514","megawatthours","megawatthours","megawatthours","megawatthours","megawatthours","megawatthours","megawatthours","megawatthours","megawatthours","megawatthours","megawatthours","megawatthours","megawatthours","ratio","megawatthours","megawatthours","megawatthours","megawatthours","megawatthours","megawatthours","megawatthours"
"2004","TX","Texas","475882","49840547","41951006","41749468","347872244","92054150","0","23493372","2498874","318115966","205977547","42426888","30100655","1.08","390378129","320614840","294683","78997","390299132","390378129","15832830","megawatthours","megawatthours","megawatthours","megawatthours","megawatthours","megawatthours","megawatthours","megawatthours","megawatthours","megawatthours","megawatthours","megawatthours","megawatthours","ratio","megawatthours","megawatthours","megawatthours","megawatthours","megawatthours","megawatthours","megawatthours"
"2004","US","United States","8269686","184259161","153925180","168470004","3808360397","2505231152","221759318","259925502","7817330","3317635480","1118870083","162194866","0","1","4004765326","3547212128","22897864","34210063","3970555263","4004765326","174561362","megawatthours","megawatthours","megawatthours","megawatthours","megawatthours","megawatthours","megawatthours","megawatthours","megawatthours","megawatthours","megawatthours","megawatthours","megawatthours","ratio","megawatthours","megawatthours","megawatthours","megawatthours","megawatthours","megawatthours","megawatthours"
"2004","UT","Utah","21246","6982","611875","360581","37578856","37165917","0","1796120","0","24511704","405957","633121","10708190","1.39","38226828","24511704","0","14851","38211977","38226828","1210454","megawatthours","megawatthours","megawatthours","megawatthours","megawatthours","megawatthours","megawatthours","megawatthours","megawatthours","megawatthours","megawatthours","megawatthours","megawatthours","ratio","megawatthours","megawatthours","megawatthours","megawatthours","megawatthours","megawatthours","megawatthours"
"2004","VA","Virginia","360767","4508634","2663726","2998532","75875547","65103653","25907","7725061","161349","105236917","6263260","3024493","-39458324",".67","78900040","105424173","0","0","78900040","78900040","5206131","megawatthours","megawatthours","megawatthours","megawatthours","megawatthours","megawatthours","megawatthours","megawatthours","megawatthours","megawatthours","megawatthours","megawatthours","megawatthours","ratio","megawatthours","megawatthours","megawatthours","megawatthours","megawatthours","megawatthours","megawatthours"
"2004","VT","Vermont","0","0","26602","70982","5443776","643426","0","415019","0","5663772","4800350","26602","1049527","1.16","7422483","5663772","14402","1952104","5470379","7422483","279692","megawatthours","megawatthours","megawatthours","megawatthours","megawatthours","megawatthours","megawatthours","megawatthours","megawatthours","megawatthours","megawatthours","megawatthours","megawatthours","ratio","megawatthours","megawatthours","megawatthours","megawatthours","megawatthours","megawatthours","megawatthours"
"2004","WA","Washington","94996","2582512","932179","1394018","101137877","83500909","375520","5860732","0","79606088","15054456","1027175","7523404","1.08","104393793","79981608","7076947","2228741","102165052","104393793","3949709","megawatthours","megawatthours","megawatthours","megawatthours","megawatthours","megawatthours","megawatthours","megawatthours","megawatthours","megawatthours","megawatthours","megawatthours","megawatthours","ratio","megawatthours","megawatthours","megawatthours","megawatthours","megawatthours","megawatthours","megawatthours"
"2004","WI","Wisconsin","163289","406981","2384442","2758806","57897202","56142364","0","4980988","70337","67905372","1347857","2547732","-15871347",".79","60444933","67975709","0","0","60444933","60444933","3356825","megawatthours","megawatthours","megawatthours","megawatthours","megawatthours","megawatthours","megawatthours","megawatthours","megawatthours","megawatthours","megawatthours","megawatthours","megawatthours","ratio","megawatthours","megawatthours","megawatthours","megawatthours","megawatthours","megawatthours","megawatthours"
"2004","WV","West Virginia","0","464557","1702673","1818157","88046889","59083917","0","2119040","0","28918612","28498415","1702673","57282012","2.76","89749562","28918612","0","0","89749562","89749562","1428079","megawatthours","megawatthours","megawatthours","megawatthours","megawatthours","megawatthours","megawatthours","megawatthours","megawatthours","megawatthours","megawatthours","megawatthours","megawatthours","ratio","megawatthours","megawatthours","megawatthours","megawatthours","megawatthours","megawatthours","megawatthours"
"2004","WY","Wyoming","0","0","397729","662293","44409875","43059537","0","992121","0","13539513","1350338","397729","29550475","2.93","44826685","13539513","75296","19081","44807604","44826685","668618","megawatthours","megawatthours","megawatthours","megawatthours","megawatthours","megawatthours","megawatthours","megawatthours","megawatthours","megawatthours","megawatthours","megawatthours","megawatthours","ratio","megawatthours","megawatthours","megawatthours","megawatthours","megawatthours","megawatthours","megawatthours"
"2003","AK","Alaska","229859","162478","272934","1077994","5835940","5673462","0","408531","0","5563682","0","502793","0","1","6339891","5563682","0","1159","6338732","6339891","366601","megawatthours","megawatthours","megawatthours","megawatthours","megawatthours","megawatthours","megawatthours","megawatthours","megawatthours","megawatthours","megawatthours","megawatthours","megawatthours","ratio","megawatthours","megawatthours","megawatthours","megawatthours","megawatthours","megawatthours","megawatthours"
"2003","AL","Alabama","0","1310750","5266043","6481099","132221179","126845720","0","6156524","0","83844220","4064709","5266043","44129506","1.47","137487222","83844220","0","0","137487222","137487222","3350491","megawatthours","megawatthours","megawatthours","megawatthours","megawatthours","megawatthours","megawatthours","megawatthours","megawatthours","megawatthours","megawatthours","megawatthours","megawatthours","ratio","megawatthours","megawatthours","megawatthours","megawatthours","megawatthours","megawatthours","megawatthours"
"2003","AR","Arkansas","7361","1549514","2177322","2393069","48216418","41636514","0","3165359","267217","42841042","5030391","2184683","2402445","1.05","50401101","43108259","0","0","50401101","50401101","1722645","megawatthours","megawatthours","megawatthours","megawatthours","megawatthours","megawatthours","megawatthours","megawatthours","megawatthours","megawatthours","megawatthours","megawatthours","megawatthours","ratio","megawatthours","megawatthours","megawatthours","megawatthours","megawatthours","megawatthours","megawatthours"
"2003","AZ","Arizona","17433","1823205","356186","373797","94022599","80348246","0","4705242","0","64079560","11851148","373619","23034492","1.32","94451403","64079560","71059","55185","94396218","94451403","2560677","megawatthours","megawatthours","megawatthours","megawatthours","megawatthours","megawatthours","megawatthours","megawatthours","megawatthours","megawatthours","megawatthours","megawatthours","megawatthours","ratio","megawatthours","megawatthours","megawatthours","megawatthours","megawatthours","megawatthours","megawatthours"
"2003","CA","California","2070584","25458401","18102025","15183496","172615934","81728209","23896284","17859286","1684169","217640863","65429324","20172608","-73900695",".73","196936943","243221316","22510","4148401","192788542","196936943","9719343","megawatthours","megawatthours","megawatthours","megawatthours","megawatthours","megawatthours","megawatthours","megawatthours","megawatthours","megawatthours","megawatthours","megawatthours","megawatthours","ratio","megawatthours","megawatthours","megawatthours","megawatthours","megawatthours","megawatthours","megawatthours"
"2003","CO","Colorado","119137","2313574","80967","495263","46416683","41226252","0","3414015","361534","46133111","2876856","200104","-5148171",".9","46618952","46494645","0","2165","46616787","46618952","1857968","megawatthours","megawatthours","megawatthours","megawatthours","megawatthours","megawatthours","megawatthours","megawatthours","megawatthours","megawatthours","megawatthours","megawatthours","megawatthours","ratio","megawatthours","megawatthours","megawatthours","megawatthours","megawatthours","megawatthours","megawatthours"
"2003","CT","Connecticut","45444","1985668","287609","1539033","29211997","59812","600100","2337233","0","31230118","27166517","333053","-5549845",".84","30017054","31830218","125944","472004","29545050","30017054","1271964","megawatthours","megawatthours","megawatthours","megawatthours","megawatthours","megawatthours","megawatthours","megawatthours","megawatthours","megawatthours","megawatthours","megawatthours","megawatthours","ratio","megawatthours","megawatthours","megawatthours","megawatthours","megawatthours","megawatthours","megawatthours"
"2003","DC","District of Columbia","0","0","0","384","74144","0","5220908","803772","0","5725475","74144","0","-12113439",".01","74144","10946383","0","0","74144","74144","437427","megawatthours","megawatthours","megawatthours","megawatthours","megawatthours","megawatthours","megawatthours","megawatthours","megawatthours","megawatthours","megawatthours","megawatthours","megawatthours","ratio","megawatthours","megawatthours","megawatthours","megawatthours","megawatthours","megawatthours","megawatthours"
"2003","DE","Delaware","0","109420","599012","563430","6793275","31107","2111340","925164","0","10488250","6652748","599012","-6636522",".53","7392287","12599590","0","0","7392287","7392287","503491","megawatthours","megawatthours","megawatthours","megawatthours","megawatthours","megawatthours","megawatthours","megawatthours","megawatthours","megawatthours","megawatthours","megawatthours","megawatthours","ratio","megawatthours","megawatthours","megawatthours","megawatthours","megawatthours","megawatthours","megawatthours"
"2003","FL","Florida","73251","10335088","5891365","6902953","206645396","188034719","0","15961705","7088","217371534","8275589","5964616","-29423864",".88","212610011","217378622","0","0","212610011","212610011","8686645","megawatthours","megawatthours","megawatthours","megawatthours","megawatthours","megawatthours","megawatthours","megawatthours","megawatthours","megawatthours","megawatthours","megawatthours","megawatthours","ratio","megawatthours","megawatthours","megawatthours","megawatthours","megawatthours","megawatthours","megawatthours"
"2003","GA","Georgia","2983","207241","5080653","5556906","118993198","115755114","0","9081345","0","123676657","3030843","5083636","-13628955",".9","124076834","123676657","0","0","124076834","124076834","4942231","megawatthours","megawatthours","megawatthours","megawatthours","megawatthours","megawatthours","megawatthours","megawatthours","megawatthours","megawatthours","megawatthours","megawatthours","megawatthours","ratio","megawatthours","megawatthours","megawatthours","megawatthours","megawatthours","megawatthours","megawatthours"
"2003","HI","Hawaii","0","3640052","291822","480116","10684550","6493205","0","762980","184426","10206410","551293","291822","0","1","10976371","10390836","0","0","10976371","10976371","-177924","megawatthours","megawatthours","megawatthours","megawatthours","megawatthours","megawatthours","megawatthours","megawatthours","megawatthours","megawatthours","megawatthours","megawatthours","megawatthours","ratio","megawatthours","megawatthours","megawatthours","megawatthours","megawatthours","megawatthours","megawatthours"
"2003","IA","Iowa","260605","0","1337453","1350833","40518135","39485141","0","3025774","238012","40969272","1032993","1598058","-3766215",".92","42116192","41207284","1319","0","42116192","42116192","1646680","megawatthours","megawatthours","megawatthours","megawatthours","megawatthours","megawatthours","megawatthours","megawatthours","megawatthours","megawatthours","megawatthours","megawatthours","megawatthours","ratio","megawatthours","megawatthours","megawatthours","megawatthours","megawatthours","megawatthours","megawatthours"
"2003","ID","Idaho","0","244575","657761","710470","9765175","7732812","0","1558048","4883","21213802","1787788","657761","-13200483",".44","10424878","21218685","0","1943","10422935","10424878","847918","megawatthours","megawatthours","megawatthours","megawatthours","megawatthours","megawatthours","megawatthours","megawatthours","megawatthours","megawatthours","megawatthours","megawatthours","megawatthours","ratio","megawatthours","megawatthours","megawatthours","megawatthours","megawatthours","megawatthours","megawatthours"
"2003","IL","Illinois","301188","582077","2968497","4275912","185785574","9563746","21177378","10004427","466234","114604279","175639752","3269686","37193892","1.24","189055260","136247891","160185","0","189055260","189055260","5444588","megawatthours","megawatthours","megawatthours","megawatthours","megawatthours","megawatthours","megawatthours","megawatthours","megawatthours","megawatthours","megawatthours","megawatthours","megawatthours","ratio","megawatthours","megawatthours","megawatthours","megawatthours","megawatthours","megawatthours","megawatthours"
"2003","IN","Indiana","229123","5474441","3371715","4755661","121287379","112395725","0","7377161","0","100467779","3417214","3600838","13023739","1.12","124888217","100467779","0","0","124888217","124888217","4014783","megawatthours","megawatthours","megawatthours","megawatthours","megawatthours","megawatthours","megawatthours","megawatthours","megawatthours","megawatthours","megawatthours","megawatthours","megawatthours","ratio","megawatthours","megawatthours","megawatthours","megawatthours","megawatthours","megawatthours","megawatthours"
"2003","KS","Kansas","990","0","34342","62101","46532228","46155505","0","2697411","0","36735390","376724","35332","5666718","1.14","46567560","36735390","0","0","46567560","46567560","1467979","megawatthours","megawatthours","megawatthours","megawatthours","megawatthours","megawatthours","megawatthours","megawatthours","megawatthours","megawatthours","megawatthours","megawatthours","megawatthours","ratio","megawatthours","megawatthours","megawatthours","megawatthours","megawatthours","megawatthours","megawatthours"
"2003","KY","Kentucky","0","0","455974","188286","91262846","80696982","0","6257518","43808","85175823","10565864","455974","-3163970",".97","91718820","85219631","0","0","91718820","91718820","3405453","megawatthours","megawatthours","megawatthours","megawatthours","megawatthours","megawatthours","megawatthours","megawatthours","megawatthours","megawatthours","megawatthours","megawatthours","megawatthours","ratio","megawatthours","megawatthours","megawatthours","megawatthours","megawatthours","megawatthours","megawatthours"
"2003","LA","Louisiana","23321","1844593","28348392","22048053","66513327","43485059","0","5710456","42555","77726767","21183675","28371713","8275482","1.1","94885040","77769322","0","0","94885040","94885040","3107732","megawatthours","megawatthours","megawatthours","megawatthours","megawatthours","megawatthours","megawatthours","megawatthours","megawatthours","megawatthours","megawatthours","megawatthours","megawatthours","ratio","megawatthours","megawatthours","megawatthours","megawatthours","megawatthours","megawatthours","megawatthours"
"2003","MA","Massachusetts","514326","5378236","335124","2452982","47535574","2055622","9739244","4076315","317673","45457440","40101716","849450","-13213701",".79","48659284","55514357","61456","274260","48385024","48659284","2218404","megawatthours","megawatthours","megawatthours","megawatthours","megawatthours","megawatthours","megawatthours","megawatthours","megawatthours","megawatthours","megawatthours","megawatthours","megawatthours","ratio","megawatthours","megawatthours","megawatthours","megawatthours","megawatthours","megawatthours","megawatthours"
"2003","MD","Maryland","30899","2812949","524397","1197044","51688941","51722","11565646","5232384","18422","59674515","48824270","555297","-27095484",".66","52244237","71258583","0","0","52244237","52244237","2847557","megawatthours","megawatthours","megawatthours","megawatthours","megawatthours","megawatthours","megawatthours","megawatthours","megawatthours","megawatthours","megawatthours","megawatthours","megawatthours","ratio","megawatthours","megawatthours","megawatthours","megawatthours","megawatthours","megawatthours","megawatthours"
"2003","ME","Maine","182850","1691119","5428121","4367847","13360665","1409","11203056","879070","370753","398028","11668137","5610971","8077292","1.6","21647416","11971837","236444","2675781","18971635","21647416","478405","megawatthours","megawatthours","megawatthours","megawatthours","megawatthours","megawatthours","megawatthours","megawatthours","megawatthours","megawatthours","megawatthours","megawatthours","megawatthours","ratio","megawatthours","megawatthours","megawatthours","megawatthours","megawatthours","megawatthours","megawatthours"
"2003","MI","Michigan","503966","9917144","1989785","2919243","108853308","96634055","10112012","7994648","2105726","96659455","2302109","2493752","-13442948",".89","112600412","108877193","4817768","1253352","111347060","112600412","4350831","megawatthours","megawatthours","megawatthours","megawatthours","megawatthours","megawatthours","megawatthours","megawatthours","megawatthours","megawatthours","megawatthours","megawatthours","megawatthours","ratio","megawatthours","megawatthours","megawatthours","megawatthours","megawatthours","megawatthours","megawatthours"
"2003","MN","Minnesota","116934","697304","1801984","2928218","53132078","49576276","0","4632385","585808","62501531","2858498","1918918","-17703983",".77","58902742","63087339","6363046","3851747","55050995","58902742","2521027","megawatthours","megawatthours","megawatthours","megawatthours","megawatthours","megawatthours","megawatthours","megawatthours","megawatthours","megawatthours","megawatthours","megawatthours","megawatthours","ratio","megawatthours","megawatthours","megawatthours","megawatthours","megawatthours","megawatthours","megawatthours"
"2003","MO","Missouri","134075","0","205468","304828","86885544","86102107","0","5451296","20064","74219824","783437","339543","4566697","1.06","87225087","74239888","208","0","87225087","87225087","2966693","megawatthours","megawatthours","megawatthours","megawatthours","megawatthours","megawatthours","megawatthours","megawatthours","megawatthours","megawatthours","megawatthours","megawatthours","megawatthours","ratio","megawatthours","megawatthours","megawatthours","megawatthours","megawatthours","megawatthours","megawatthours"
"2003","MS","Mississippi","26174","0","1455392","2382755","38666712","31358938","0","3344202","0","45543881","7307774","1481566","-10562162",".79","40148278","45543881","0","0","40148278","40148278","1819974","megawatthours","megawatthours","megawatthours","megawatthours","megawatthours","megawatthours","megawatthours","megawatthours","megawatthours","megawatthours","megawatthours","megawatthours","megawatthours","ratio","megawatthours","megawatthours","megawatthours","megawatthours","megawatthours","megawatthours","megawatthours"
"2003","MT","Montana","0","378065","77947","155230","26190780","6020681","2542449","941691","0","10282211","19792034","77947","11999804","1.84","26279796","12824660","1001","11070","26268726","26279796","512485","megawatthours","megawatthours","megawatthours","megawatthours","megawatthours","megawatthours","megawatthours","megawatthours","megawatthours","megawatthours","megawatthours","megawatthours","megawatthours","ratio","megawatthours","megawatthours","megawatthours","megawatthours","megawatthours","megawatthours","megawatthours"
"2003","NC","North Carolina","102155","3575185","3529109","4091493","123951055","118433112","0","8909411","31015","121304106","1942758","3631264","-7514965",".94","127582319","121335121","0","0","127582319","127582319","4848661","megawatthours","megawatthours","megawatthours","megawatthours","megawatthours","megawatthours","megawatthours","megawatthours","megawatthours","megawatthours","megawatthours","megawatthours","megawatthours","ratio","megawatthours","megawatthours","megawatthours","megawatthours","megawatthours","megawatthours","megawatthours"
"2003","ND","North Dakota","0","0","195399","166558","31126730","31075012","0","768140","0","10461108","51718","195399","19261086","2.45","32572957","10461108","1664421","1250828","31322129","32572957","418035","megawatthours","megawatthours","megawatthours","megawatthours","megawatthours","megawatthours","megawatthours","megawatthours","megawatthours","megawatthours","megawatthours","megawatthours","megawatthours","ratio","megawatthours","megawatthours","megawatthours","megawatthours","megawatthours","megawatthours","megawatthours"
"2003","NE","Nebraska","20458","21444","46203","72037","30389323","30367879","0","1898599","0","25856566","0","66661","1669897","1.06","30458386","25856566","0","2402","30455984","30458386","1033252","megawatthours","megawatthours","megawatthours","megawatthours","megawatthours","megawatthours","megawatthours","megawatthours","megawatthours","megawatthours","megawatthours","megawatthours","megawatthours","ratio","megawatthours","megawatthours","megawatthours","megawatthours","megawatthours","megawatthours","megawatthours"
"2003","NH","New Hampshire","33614","0","318032","455577","21245460","6231573","148266","805693","156291","10667985","15013888","351646","9526816","1.78","21797433","10972542","53453","200326","21597107","21797433","438473","megawatthours","megawatthours","megawatthours","megawatthours","megawatthours","megawatthours","megawatthours","megawatthours","megawatthours","megawatthours","megawatthours","megawatthours","megawatthours","ratio","megawatthours","megawatthours","megawatthours","megawatthours","megawatthours","megawatthours","megawatthours"
"2003","NJ","New Jersey","132687","12777285","1350960","2404390","55915704","1910115","6714348","5608625","1109784","68558380","41228304","1483647","-27646504",".67","57399351","76382512","0","0","57399351","57399351","3052314","megawatthours","megawatthours","megawatthours","megawatthours","megawatthours","megawatthours","megawatthours","megawatthours","megawatthours","megawatthours","megawatthours","megawatthours","megawatthours","ratio","megawatthours","megawatthours","megawatthours","megawatthours","megawatthours","megawatthours","megawatthours"
"2003","NM","New Mexico","54590","504173","133423","445381","32547639","31770151","0","1419402","0","19330491","273315","188014","11235850","1.52","32758652","19330491","0","22999","32735653","32758652","772464","megawatthours","megawatthours","megawatthours","megawatthours","megawatthours","megawatthours","megawatthours","megawatthours","megawatthours","megawatthours","megawatthours","megawatthours","megawatthours","ratio","megawatthours","megawatthours","megawatthours","megawatthours","megawatthours","megawatthours","megawatthours"
"2003","NV","Nevada","0","3235738","0","232260","33194888","24634871","0","2212511","0","30131660","5324279","0","-132708","1","33415784","30131660","0","220896","33194888","33415784","1204088","megawatthours","megawatthours","megawatthours","megawatthours","megawatthours","megawatthours","megawatthours","megawatthours","megawatthours","megawatthours","megawatthours","megawatthours","megawatthours","ratio","megawatthours","megawatthours","megawatthours","megawatthours","megawatthours","megawatthours","megawatthours"
"2003","NY","New York","550988","15614581","1919689","4216899","135172638","41578894","43657193","10576933","291060","100096450","77979164","2470678","-17249636",".9","147643066","144044703","4510693","9999750","137643316","147643066","5756156","megawatthours","megawatthours","megawatthours","megawatthours","megawatthours","megawatthours","megawatthours","megawatthours","megawatthours","megawatthours","megawatthours","megawatthours","megawatthours","ratio","megawatthours","megawatthours","megawatthours","megawatthours","megawatthours","megawatthours","megawatthours"
"2003","OH","Ohio","6045","381549","1040665","1486344","145591418","139086083","24940157","11174971","130318","127118763","6123786","1046710","-22820869",".87","146640185","152189238","13740","2057","146638128","146640185","6081619","megawatthours","megawatthours","megawatthours","megawatthours","megawatthours","megawatthours","megawatthours","megawatthours","megawatthours","megawatthours","megawatthours","megawatthours","megawatthours","ratio","megawatthours","megawatthours","megawatthours","megawatthours","megawatthours","megawatthours","megawatthours"
"2003","OK","Oklahoma","28176","5216555","1358413","1152560","59240267","49776514","0","3702846","140401","50287767","4247198","1386589","4479535","1.08","60626856","50428168","0","0","60626856","60626856","2015155","megawatthours","megawatthours","megawatthours","megawatthours","megawatthours","megawatthours","megawatthours","megawatthours","megawatthours","megawatthours","megawatthours","megawatthours","megawatthours","ratio","megawatthours","megawatthours","megawatthours","megawatthours","megawatthours","megawatthours","megawatthours"
"2003","OR","Oregon","8875","5358132","1018221","690673","47939043","38577937","0","3318564","0","45194730","4002974","1027096","-1075634",".98","49250518","45194730","6145","284379","48966139","49250518","1806022","megawatthours","megawatthours","megawatthours","megawatthours","megawatthours","megawatthours","megawatthours","megawatthours","megawatthours","megawatthours","megawatthours","megawatthours","megawatthours","ratio","megawatthours","megawatthours","megawatthours","megawatthours","megawatthours","megawatthours","megawatthours"
"2003","PA","Pennsylvania","398926","6773553","3399246","4478416","202551341","30099444","12405397","10307042","0","127963731","165678345","3798172","49974683","1.32","206367419","140369128","102811","17906","206349513","206367419","5609277","megawatthours","megawatthours","megawatthours","megawatthours","megawatthours","megawatthours","megawatthours","megawatthours","megawatthours","megawatthours","megawatthours","megawatthours","megawatthours","ratio","megawatthours","megawatthours","megawatthours","megawatthours","megawatthours","megawatthours","megawatthours"
"2003","RI","Rhode Island","42845","9295","2","64968","5578297","11771","699977","572492","0","7096649","5557231","42847","-2953885",".66","5765331","7796626","38473","144186","5621145","5765331","311560","megawatthours","megawatthours","megawatthours","megawatthours","megawatthours","megawatthours","megawatthours","megawatthours","megawatthours","megawatthours","megawatthours","megawatthours","megawatthours","ratio","megawatthours","megawatthours","megawatthours","megawatthours","megawatthours","megawatthours","megawatthours"
"2003","SC","South Carolina","55684","99823","1794375","2041837","91922619","91544429","0","5657938","0","77054098","278367","1850059","7979448","1.09","93772677","77054098","0","0","93772677","93772677","3079151","megawatthours","megawatthours","megawatthours","megawatthours","megawatthours","megawatthours","megawatthours","megawatthours","megawatthours","megawatthours","megawatthours","megawatthours","megawatthours","ratio","megawatthours","megawatthours","megawatthours","megawatthours","megawatthours","megawatthours","megawatthours"
"2003","SD","South Dakota","0","0","0","0","7943837","7904755","0","666727","0","9079990","39082","0","-2165724",".79","7943837","9079990","0","0","7943837","7943837","362845","megawatthours","megawatthours","megawatthours","megawatthours","megawatthours","megawatthours","megawatthours","megawatthours","megawatthours","megawatthours","megawatthours","megawatthours","megawatthours","ratio","megawatthours","megawatthours","megawatthours","megawatthours","megawatthours","megawatthours","megawatthours"
"2003","TN","Tennessee","111722","0","3376494","3389262","88733574","88678127","0","7155997","1071743","96384065","55447","3488217","-16287824",".85","92221792","97455808","0","1","92221791","92221792","3894422","megawatthours","megawatthours","megawatthours","megawatthours","megawatthours","megawatthours","megawatthours","megawatthours","megawatthours","megawatthours","megawatthours","megawatthours","megawatthours","ratio","megawatthours","megawatthours","megawatthours","megawatthours","megawatthours","megawatthours","megawatthours"
"2003","TX","Texas","495148","55431762","39276991","41705982","339427546","86882044","0","23694225","9783626","312902329","197113740","39772139","19665941","1.05","379279269","322685955","296621","79584","379199685","379279269","12894821","megawatthours","megawatthours","megawatthours","megawatthours","megawatthours","megawatthours","megawatthours","megawatthours","megawatthours","megawatthours","megawatthours","megawatthours","megawatthours","ratio","megawatthours","megawatthours","megawatthours","megawatthours","megawatthours","megawatthours","megawatthours"
"2003","US","United States","7496178","195673709","154529750","168294528","3721159278","2462280615","188784920","256538377","19700109","3285249457","1063204954","162025927","0","1","3913579756","3493734486","23974703","30394551","3883185205","3913579756","139163895","megawatthours","megawatthours","megawatthours","megawatthours","megawatthours","megawatthours","megawatthours","megawatthours","megawatthours","megawatthours","megawatthours","megawatthours","megawatthours","ratio","megawatthours","megawatthours","megawatthours","megawatthours","megawatthours","megawatthours","megawatthours"
"2003","UT","Utah","22087","9298","0","360206","38001579","37544892","0","1752021","0","23860350","447389","22087","11463216","1.43","38029428","23860350","0","5762","38023666","38029428","953481","megawatthours","megawatthours","megawatthours","megawatthours","megawatthours","megawatthours","megawatthours","megawatthours","megawatthours","megawatthours","megawatthours","megawatthours","megawatthours","ratio","megawatthours","megawatthours","megawatthours","megawatthours","megawatthours","megawatthours","megawatthours"
"2003","VA","Virginia","332445","4367778","2744845","2995409","72232130","61806347","30603","7453669","155313","101323815","6058005","3077290","-37713380",".67","75309436","101509731","0","16","75309420","75309436","4056420","megawatthours","megawatthours","megawatthours","megawatthours","megawatthours","megawatthours","megawatthours","megawatthours","megawatthours","megawatthours","megawatthours","megawatthours","megawatthours","ratio","megawatthours","megawatthours","megawatthours","megawatthours","megawatthours","megawatthours","megawatthours"
"2003","VT","Vermont","0","0","6076","70908","6021886","626337","0","393019","15530","5336899","5395549","6076","1984442","1.33","7969464","5352429","25615","1941502","6027962","7969464","213888","megawatthours","megawatthours","megawatthours","megawatthours","megawatthours","megawatthours","megawatthours","megawatthours","megawatthours","megawatthours","megawatthours","megawatthours","megawatthours","ratio","megawatthours","megawatthours","megawatthours","megawatthours","megawatthours","megawatthours","megawatthours"
"2003","WA","Washington","77409","3350437","920371","1392566","99096911","82205391","2020562","5737197","8645","76104294","13541083","997780","11143844","1.12","103540010","78133501","5401791","3445319","100094691","103540010","3122285","megawatthours","megawatthours","megawatthours","megawatthours","megawatthours","megawatthours","megawatthours","megawatthours","megawatthours","megawatthours","megawatthours","megawatthours","megawatthours","ratio","megawatthours","megawatthours","megawatthours","megawatthours","megawatthours","megawatthours","megawatthours"
"2003","WI","Wisconsin","131819","584872","2610645","2755932","57379960","56068698","0","4937417","63323","67178171","726390","2742464","-14745353",".8","60123345","67241494","0","920","60122425","60123345","2687031","megawatthours","megawatthours","megawatthours","megawatthours","megawatthours","megawatthours","megawatthours","megawatthours","megawatthours","megawatthours","megawatthours","megawatthours","megawatthours","ratio","megawatthours","megawatthours","megawatthours","megawatthours","megawatthours","megawatthours","megawatthours"
"2003","WV","West Virginia","0","446356","1779548","1816264","92932006","64056696","0","2077795","22004","28274989","28428954","1779548","63204176","3.01","94711554","28296993","0","0","94711554","94711554","1130773","megawatthours","megawatthours","megawatthours","megawatthours","megawatthours","megawatthours","megawatthours","megawatthours","megawatthours","megawatthours","megawatthours","megawatthours","megawatthours","ratio","megawatthours","megawatthours","megawatthours","megawatthours","megawatthours","megawatthours","megawatthours"
"2003","WY","Wyoming","0","0","312754","661603","43313848","42261405","0","973204","2684","13251152","1052443","312754","28897916","2.96","43655253","13253836","0","28651","43626602","43655253","529635","megawatthours","megawatthours","megawatthours","megawatthours","megawatthours","megawatthours","megawatthours","megawatthours","megawatthours","megawatthours","megawatthours","megawatthours","megawatthours","ratio","megawatthours","megawatthours","megawatthours","megawatthours","megawatthours","megawatthours","megawatthours"
"2002","AK","Alaska","156311","243668","895356","1064477","5715658","5471990","0","409964","0","5465489","0","1051667","0","1","6768265","5465489","0","940","6767325","6768265","891747","megawatthours","megawatthours","megawatthours","megawatthours","megawatthours","megawatthours","megawatthours","megawatthours","megawatthours","megawatthours","megawatthours","megawatthours","megawatthours","ratio","megawatthours","megawatthours","megawatthours","megawatthours","megawatthours","megawatthours","megawatthours"
"2002","AL","Alabama","0","1458857","5365177","6399833","127555493","123739223","0","6230830","0","83067078","2357413","5365177","40454195","1.44","132920670","83067078","0","0","132920670","132920670","3162167","megawatthours","megawatthours","megawatthours","megawatthours","megawatthours","megawatthours","megawatthours","megawatthours","megawatthours","megawatthours","megawatthours","megawatthours","megawatthours","ratio","megawatthours","megawatthours","megawatthours","megawatthours","megawatthours","megawatthours","megawatthours"
"2002","AR","Arkansas","7937","1304071","2178947","2363063","45424760","42873364","0","3197926","183987","42449558","1247325","2186884","154852","1","47611644","42633545","0","0","47611644","47611644","1622958","megawatthours","megawatthours","megawatthours","megawatthours","megawatthours","megawatthours","megawatthours","megawatthours","megawatthours","megawatthours","megawatthours","megawatthours","megawatthours","ratio","megawatthours","megawatthours","megawatthours","megawatthours","megawatthours","megawatthours","megawatthours"
"2002","AZ","Arizona","18397","1153078","295841","369110","93817428","81710063","0","4695658","0","62600737","10954286","314238","24465961","1.35","94214312","62600737","68525","82646","94131666","94214312","2383062","megawatthours","megawatthours","megawatthours","megawatthours","megawatthours","megawatthours","megawatthours","megawatthours","megawatthours","megawatthours","megawatthours","megawatthours","megawatthours","ratio","megawatthours","megawatthours","megawatthours","megawatthours","megawatthours","megawatthours","megawatthours"
"2002","CA","California","1958497","26975628","17142183","14993111","165109350","74588271","22641345","17707433","855473","212571987","63545451","19100680","-76698186",".71","186276547","236068805","196923","2066517","184210030","186276547","8986579","megawatthours","megawatthours","megawatthours","megawatthours","megawatthours","megawatthours","megawatthours","megawatthours","megawatthours","megawatthours","megawatthours","megawatthours","megawatthours","ratio","megawatthours","megawatthours","megawatthours","megawatthours","megawatthours","megawatthours","megawatthours"
"2002","CO","Colorado","143155","2865726","120558","489053","45336675","41509933","0","3456276","141066","45936696","961016","263713","-5681503",".89","45607095","46077762","0","6707","45600388","45607095","1754071","megawatthours","megawatthours","megawatthours","megawatthours","megawatthours","megawatthours","megawatthours","megawatthours","megawatthours","megawatthours","megawatthours","megawatthours","megawatthours","ratio","megawatthours","megawatthours","megawatthours","megawatthours","megawatthours","megawatthours","megawatthours"
"2002","CT","Connecticut","47541","2052655","311304","1519735","30952373","21463","390209","2330770","67454","30615280","28878256","358845","-2951239",".91","31636867","31072943","0","325649","31311218","31636867","1182873","megawatthours","megawatthours","megawatthours","megawatthours","megawatthours","megawatthours","megawatthours","megawatthours","megawatthours","megawatthours","megawatthours","megawatthours","megawatthours","ratio","megawatthours","megawatthours","megawatthours","megawatthours","megawatthours","megawatthours","megawatthours"
"2002","DC","District of Columbia","0","0","0","379","261980","0","5447797","834763","0","5680946","261980","0","-12125171",".02","261980","11128743","0","0","261980","261980","423645","megawatthours","megawatthours","megawatthours","megawatthours","megawatthours","megawatthours","megawatthours","megawatthours","megawatthours","megawatthours","megawatthours","megawatthours","megawatthours","ratio","megawatthours","megawatthours","megawatthours","megawatthours","megawatthours","megawatthours","megawatthours"
"2002","DE","Delaware","0","0","560038","556365","5442452","170994","1155101","901521","0","10863633","5271458","560038","-7375846",".45","6002490","12018734","0","0","6002490","6002490","457525","megawatthours","megawatthours","megawatthours","megawatthours","megawatthours","megawatthours","megawatthours","megawatthours","megawatthours","megawatthours","megawatthours","megawatthours","megawatthours","ratio","megawatthours","megawatthours","megawatthours","megawatthours","megawatthours","megawatthours","megawatthours"
"2002","FL","Florida","110845","9241656","4406595","6816397","198835335","182346629","0","15788126","7800","210473530","7247050","4517440","-30936022",".87","203352775","210481330","0","0","203352775","203352775","8012525","megawatthours","megawatthours","megawatthours","megawatthours","megawatthours","megawatthours","megawatthours","megawatthours","megawatthours","megawatthours","megawatthours","megawatthours","megawatthours","ratio","megawatthours","megawatthours","megawatthours","megawatthours","megawatthours","megawatthours","megawatthours"
"2002","GA","Georgia","2805","388372","9371560","5487228","117137851","111855967","0","9285372","0","123789078","4893512","9374365","-11280078",".92","126512216","123789078","0","0","126512216","126512216","4712356","megawatthours","megawatthours","megawatthours","megawatthours","megawatthours","megawatthours","megawatthours","megawatthours","megawatthours","megawatthours","megawatthours","megawatthours","megawatthours","ratio","megawatthours","megawatthours","megawatthours","megawatthours","megawatthours","megawatthours","megawatthours"
"2002","HI","Hawaii","0","3288683","461082","474096","11201988","7513051","0","742587","8256","9891638","400254","461082","0","1","11663069","9899894","0","0","11663069","11663069","1020114","megawatthours","megawatthours","megawatthours","megawatthours","megawatthours","megawatthours","megawatthours","megawatthours","megawatthours","megawatthours","megawatthours","megawatthours","megawatthours","ratio","megawatthours","megawatthours","megawatthours","megawatthours","megawatthours","megawatthours","megawatthours"
"2002","IA","Iowa","129302","167288","1262791","1333895","41136291","40051665","0","3067709","0","40897543","917339","1392093","-2995074",".93","42528385","40897543","0","0","42528385","42528385","1556872","megawatthours","megawatthours","megawatthours","megawatthours","megawatthours","megawatthours","megawatthours","megawatthours","megawatthours","megawatthours","megawatthours","megawatthours","megawatthours","ratio","megawatthours","megawatthours","megawatthours","megawatthours","megawatthours","megawatthours","megawatthours"
"2002","ID","Idaho","0","244565","696814","701562","9090119","8164140","0","1552674","0","20699666","681414","696814","-13253995",".42","9787559","20699666","525","626","9786933","9787559","787987","megawatthours","megawatthours","megawatthours","megawatthours","megawatthours","megawatthours","megawatthours","megawatthours","megawatthours","megawatthours","megawatthours","megawatthours","megawatthours","ratio","megawatthours","megawatthours","megawatthours","megawatthours","megawatthours","megawatthours","megawatthours"
"2002","IL","Illinois","389597","863157","2882420","4222297","184782432","17149913","16567835","10422270","498454","121879478","166769362","3272017","33267839","1.21","188054449","138945767","125015","0","188054449","188054449","5289336","megawatthours","megawatthours","megawatthours","megawatthours","megawatthours","megawatthours","megawatthours","megawatthours","megawatthours","megawatthours","megawatthours","megawatthours","megawatthours","ratio","megawatthours","megawatthours","megawatthours","megawatthours","megawatthours","megawatthours","megawatthours"
"2002","IN","Indiana","242283","21899","3435035","4696031","121930821","112029989","0","7608118","0","101428550","9878933","3677318","12704821","1.11","125608139","101428550","810","0","125608139","125608139","3861144","megawatthours","megawatthours","megawatthours","megawatthours","megawatthours","megawatthours","megawatthours","megawatthours","megawatthours","megawatthours","megawatthours","megawatthours","megawatthours","ratio","megawatthours","megawatthours","megawatthours","megawatthours","megawatthours","megawatthours","megawatthours"
"2002","KS","Kansas","848","0","16237","61323","47171361","46691936","0","2753869","0","36713540","479425","17085","6323378","1.15","47188446","36713540","0","0","47188446","47188446","1397597","megawatthours","megawatthours","megawatthours","megawatthours","megawatthours","megawatthours","megawatthours","megawatthours","megawatthours","megawatthours","megawatthours","megawatthours","megawatthours","ratio","megawatthours","megawatthours","megawatthours","megawatthours","megawatthours","megawatthours","megawatthours"
"2002","KY","Kentucky","0","0","576258","185925","91530410","80161524","0","6549102","43317","87266835","11368886","576258","-5076462",".95","92106668","87310152","0","0","92106668","92106668","3323690","megawatthours","megawatthours","megawatthours","megawatthours","megawatthours","megawatthours","megawatthours","megawatthours","megawatthours","megawatthours","megawatthours","megawatthours","megawatthours","ratio","megawatthours","megawatthours","megawatthours","megawatthours","megawatthours","megawatthours","megawatthours"
"2002","LA","Louisiana","32000","1649912","21425957","21771594","73513006","54921960","0","5947632","30600","79260989","16941134","21457957","6691528","1.08","94970963","79291589","0","0","94970963","94970963","3018443","megawatthours","megawatthours","megawatthours","megawatthours","megawatthours","megawatthours","megawatthours","megawatthours","megawatthours","megawatthours","megawatthours","megawatthours","megawatthours","ratio","megawatthours","megawatthours","megawatthours","megawatthours","megawatthours","megawatthours","megawatthours"
"2002","MA","Massachusetts","574899","5852457","412546","2422224","41040374","1156651","9827774","4066345","503439","43879763","34031265","987445","-17818231",".7","42525195","54210976","0","497377","42027818","42525195","2063683","megawatthours","megawatthours","megawatthours","megawatthours","megawatthours","megawatthours","megawatthours","megawatthours","megawatthours","megawatthours","megawatthours","megawatthours","megawatthours","ratio","megawatthours","megawatthours","megawatthours","megawatthours","megawatthours","megawatthours","megawatthours"
"2002","MD","Maryland","9504","2835393","574977","1182034","47694607","30734","9108454","5129151","0","59271452","44828480","584481","-27834212",".63","48279088","68379906","0","0","48279088","48279088","2603061","megawatthours","megawatthours","megawatthours","megawatthours","megawatthours","megawatthours","megawatthours","megawatthours","megawatthours","megawatthours","megawatthours","megawatthours","megawatthours","ratio","megawatthours","megawatthours","megawatthours","megawatthours","megawatthours","megawatthours","megawatthours"
"2002","ME","Maine","179639","3211973","6136498","4313079","16218896","865","10416152","872151","185826","1025206","13006058","6316137","11673818","1.89","24812174","11627184","192089","2277141","22535033","24812174","442619","megawatthours","megawatthours","megawatthours","megawatthours","megawatthours","megawatthours","megawatthours","megawatthours","megawatthours","megawatthours","megawatthours","megawatthours","megawatthours","ratio","megawatthours","megawatthours","megawatthours","megawatthours","megawatthours","megawatthours","megawatthours"
"2002","MI","Michigan","477004","10137521","1791980","2882639","115620103","100451718","4500202","7971953","1565547","100213318","5030864","2268984","-2644718",".98","118129319","106279067","2474343","240232","117889087","118129319","4045792","megawatthours","megawatthours","megawatthours","megawatthours","megawatthours","megawatthours","megawatthours","megawatthours","megawatthours","megawatthours","megawatthours","megawatthours","megawatthours","ratio","megawatthours","megawatthours","megawatthours","megawatthours","megawatthours","megawatthours","megawatthours"
"2002","MN","Minnesota","123654","552381","2327435","2891501","50326877","48568719","0","4712559","663691","62162361","1205777","2451089","-12980751",".82","59383442","62826052","2431052","6605476","52777966","59383442","2391639","megawatthours","megawatthours","megawatthours","megawatthours","megawatthours","megawatthours","megawatthours","megawatthours","megawatthours","megawatthours","megawatthours","megawatthours","megawatthours","ratio","megawatthours","megawatthours","megawatthours","megawatthours","megawatthours","megawatthours","megawatthours"
"2002","MO","Missouri","140367","0","186249","301006","80835582","79796801","0","5627270","20013","75000629","1038781","326616","-2341873",".97","81162334","75020642","136","136","81162198","81162334","2855858","megawatthours","megawatthours","megawatthours","megawatthours","megawatthours","megawatthours","megawatthours","megawatthours","megawatthours","megawatthours","megawatthours","megawatthours","megawatthours","ratio","megawatthours","megawatthours","megawatthours","megawatthours","megawatthours","megawatthours","megawatthours"
"2002","MS","Mississippi","25798","1365736","1370226","2352877","41492788","35099283","0","3409326","0","45451850","5027769","1396024","-7704961",".85","42888812","45451850","0","0","42888812","42888812","1730244","megawatthours","megawatthours","megawatthours","megawatthours","megawatthours","megawatthours","megawatthours","megawatthours","megawatthours","megawatthours","megawatthours","megawatthours","megawatthours","ratio","megawatthours","megawatthours","megawatthours","megawatthours","megawatthours","megawatthours","megawatthours"
"2002","MT","Montana","0","348123","72107","153283","25401599","6726239","2508202","962478","0","10323186","18327237","72107","11243329","1.79","25525809","12831388","0","52103","25473706","25525809","488460","megawatthours","megawatthours","megawatthours","megawatthours","megawatthours","megawatthours","megawatthours","megawatthours","megawatthours","megawatthours","megawatthours","megawatthours","megawatthours","ratio","megawatthours","megawatthours","megawatthours","megawatthours","megawatthours","megawatthours","megawatthours"
"2002","NC","North Carolina","106430","3271883","3577902","4040190","120783698","115597653","0","9272472","930628","122686468","1914162","3684332","-13131388",".9","124468030","123617096","0","0","124468030","124468030","4705810","megawatthours","megawatthours","megawatthours","megawatthours","megawatthours","megawatthours","megawatthours","megawatthours","megawatthours","megawatthours","megawatthours","megawatthours","megawatthours","ratio","megawatthours","megawatthours","megawatthours","megawatthours","megawatthours","megawatthours","megawatthours"
"2002","ND","North Dakota","0","0","159091","164470","31147221","31147221","0","766550","0","10219353","0","159091","20106566","2.59","32719850","10219353","1238190","1413538","31306312","32719850","389027","megawatthours","megawatthours","megawatthours","megawatthours","megawatthours","megawatthours","megawatthours","megawatthours","megawatthours","megawatthours","megawatthours","megawatthours","megawatthours","ratio","megawatthours","megawatthours","megawatthours","megawatthours","megawatthours","megawatthours","megawatthours"
"2002","NE","Nebraska","16663","7500","44104","71133","31557726","31550226","0","1924827","0","25661061","0","60767","3055679","1.11","31618493","25661061","0","0","31618493","31618493","976856","megawatthours","megawatthours","megawatthours","megawatthours","megawatthours","megawatthours","megawatthours","megawatthours","megawatthours","megawatthours","megawatthours","megawatthours","megawatthours","ratio","megawatthours","megawatthours","megawatthours","megawatthours","megawatthours","megawatthours","megawatthours"
"2002","NH","New Hampshire","30027","19609","241827","449865","15681224","12276456","170093","778854","0","10213294","3385159","271854","4720765","1.41","16278727","10383387","0","325649","15953078","16278727","395271","megawatthours","megawatthours","megawatthours","megawatthours","megawatthours","megawatthours","megawatthours","megawatthours","megawatthours","megawatthours","megawatthours","megawatthours","megawatthours","ratio","megawatthours","megawatthours","megawatthours","megawatthours","megawatthours","megawatthours","megawatthours"
"2002","NJ","New Jersey","118968","13693151","2264707","2374241","59185712","1569056","1234575","5656015","801234","73368045","43923506","2383675","-22363302",".73","61569387","75403854","0","0","61569387","61569387","2870446","megawatthours","megawatthours","megawatthours","megawatthours","megawatthours","megawatthours","megawatthours","megawatthours","megawatthours","megawatthours","megawatthours","megawatthours","megawatthours","ratio","megawatthours","megawatthours","megawatthours","megawatthours","megawatthours","megawatthours","megawatthours"
"2002","NM","New Mexico","55960","495910","143353","439796","30462394","29926241","0","1440704","0","19206917","40243","199313","9297795","1.43","30677017","19206917","0","15310","30661707","30677017","731162","megawatthours","megawatthours","megawatthours","megawatthours","megawatthours","megawatthours","megawatthours","megawatthours","megawatthours","megawatthours","megawatthours","megawatthours","megawatthours","ratio","megawatthours","megawatthours","megawatthours","megawatthours","megawatthours","megawatthours","megawatthours"
"2002","NV","Nevada","0","2427697","0","229348","32088935","25008568","0","2190602","0","29204272","4652670","0","-333153",".99","32173687","29204272","0","84752","32088935","32173687","1111737","megawatthours","megawatthours","megawatthours","megawatthours","megawatthours","megawatthours","megawatthours","megawatthours","megawatthours","megawatthours","megawatthours","megawatthours","megawatthours","ratio","megawatthours","megawatthours","megawatthours","megawatthours","megawatthours","megawatthours","megawatthours"
"2002","NY","New York","566636","17189102","2072701","4164024","136952350","43466278","23508144","11077073","235239","123931972","76296970","2639337","-13822539",".92","153666965","147675355","3111262","14075278","139591687","153666965","5621650","megawatthours","megawatthours","megawatthours","megawatthours","megawatthours","megawatthours","megawatthours","megawatthours","megawatthours","megawatthours","megawatthours","megawatthours","megawatthours","ratio","megawatthours","megawatthours","megawatthours","megawatthours","megawatthours","megawatthours","megawatthours"
"2002","OH","Ohio","7479","302029","434145","1467707","146627226","139904106","20436453","11521211","189329","132970645","6421090","441624","-23901099",".86","147068960","153596427","3902","110","147068850","147068960","5847052","megawatthours","megawatthours","megawatthours","megawatthours","megawatthours","megawatthours","megawatthours","megawatthours","megawatthours","megawatthours","megawatthours","megawatthours","megawatthours","ratio","megawatthours","megawatthours","megawatthours","megawatthours","megawatthours","megawatthours","megawatthours"
"2002","OK","Oklahoma","27172","2621718","1346108","1138108","57810139","51218320","0","3711886","0","49485466","3970101","1373280","4101134","1.07","59183419","49485466","0","0","59183419","59183419","1883794","megawatthours","megawatthours","megawatthours","megawatthours","megawatthours","megawatthours","megawatthours","megawatthours","megawatthours","megawatthours","megawatthours","megawatthours","megawatthours","ratio","megawatthours","megawatthours","megawatthours","megawatthours","megawatthours","megawatthours","megawatthours"
"2002","OR","Oregon","5804","5842112","801810","682012","46291754","39731986","0","3394574","0","45255173","717656","807614","-1805454",".96","48576402","45255173","8671","1477034","47099368","48576402","1722757","megawatthours","megawatthours","megawatthours","megawatthours","megawatthours","megawatthours","megawatthours","megawatthours","megawatthours","megawatthours","megawatthours","megawatthours","megawatthours","ratio","megawatthours","megawatthours","megawatthours","megawatthours","megawatthours","megawatthours","megawatthours"
"2002","PA","Pennsylvania","443223","5718126","3605967","4422262","200273688","30537243","11132108","10487836","0","128687762","164018319","4049190","48592359","1.31","204323258","139819870","96160","380","204322878","204323258","5322611","megawatthours","megawatthours","megawatthours","megawatthours","megawatthours","megawatthours","megawatthours","megawatthours","megawatthours","megawatthours","megawatthours","megawatthours","megawatthours","ratio","megawatthours","megawatthours","megawatthours","megawatthours","megawatthours","megawatthours","megawatthours"
"2002","RI","Rhode Island","46694","71000","3","64153","7010068","11836","927575","567125","0","6633124","6927232","46697","-1033293",".88","7382414","7560699","0","325649","7056765","7382414","287818","megawatthours","megawatthours","megawatthours","megawatthours","megawatthours","megawatthours","megawatthours","megawatthours","megawatthours","megawatthours","megawatthours","megawatthours","megawatthours","ratio","megawatthours","megawatthours","megawatthours","megawatthours","megawatthours","megawatthours","megawatthours"
"2002","SC","South Carolina","2222","415688","1823463","2016234","94737813","93689257","0","5837203","0","77819392","632868","1825685","9942487","1.11","96563498","77819392","0","0","96563498","96563498","2962400","megawatthours","megawatthours","megawatthours","megawatthours","megawatthours","megawatthours","megawatthours","megawatthours","megawatthours","megawatthours","megawatthours","megawatthours","megawatthours","ratio","megawatthours","megawatthours","megawatthours","megawatthours","megawatthours","megawatthours","megawatthours"
"2002","SD","South Dakota","0","0","0","0","7721958","7721958","0","670346","0","8936801","0","0","-2225029",".78","7722321","8936801","0","363","7721958","7722321","340203","megawatthours","megawatthours","megawatthours","megawatthours","megawatthours","megawatthours","megawatthours","megawatthours","megawatthours","megawatthours","megawatthours","megawatthours","megawatthours","ratio","megawatthours","megawatthours","megawatthours","megawatthours","megawatthours","megawatthours","megawatthours"
"2002","TN","Tennessee","86409","150","3249257","3346764","92778596","92570929","0","7368423","0","98233027","207517","3335665","-13230033",".88","96114261","98233027","0","0","96114261","96114261","3739498","megawatthours","megawatthours","megawatthours","megawatthours","megawatthours","megawatthours","megawatthours","megawatthours","megawatthours","megawatthours","megawatthours","megawatthours","megawatthours","ratio","megawatthours","megawatthours","megawatthours","megawatthours","megawatthours","megawatthours","megawatthours"
"2002","TX","Texas","470519","56862125","39931745","41183035","345226279","149587269","0","24838064","10285837","320845849","138776885","40402264","16793321","1.05","385708807","331131686","299155","80264","385628543","385708807","12605398","megawatthours","megawatthours","megawatthours","megawatthours","megawatthours","megawatthours","megawatthours","megawatthours","megawatthours","megawatthours","megawatthours","megawatthours","megawatthours","ratio","megawatthours","megawatthours","megawatthours","megawatthours","megawatthours","megawatthours","megawatthours"
"2002","US","United States","7414510","193669639","152579786","166184295","3698457956","2549457170","141373307","261332291","17429353","3325180731","955331147","159994296","0","1","3895231467","3483983391","15795682","36779215","3858452252","3895231467","133953919","megawatthours","megawatthours","megawatthours","megawatthours","megawatthours","megawatthours","megawatthours","megawatthours","megawatthours","megawatthours","megawatthours","megawatthours","megawatthours","ratio","megawatthours","megawatthours","megawatthours","megawatthours","megawatthours","megawatthours","megawatthours"
"2002","UT","Utah","23935","11247","15759","355689","36568309","36071946","0","1745263","0","23267188","485116","39694","10718270","1.41","36616803","23267188","0","8800","36608003","36616803","885727","megawatthours","megawatthours","megawatthours","megawatthours","megawatthours","megawatthours","megawatthours","megawatthours","megawatthours","megawatthours","megawatthours","megawatthours","megawatthours","ratio","megawatthours","megawatthours","megawatthours","megawatthours","megawatthours","megawatthours","megawatthours"
"2002","VA","Virginia","456195","4074281","2766923","2957850","71782533","62880125","313261","7562065","196028","100305309","4828127","3223118","-37211367",".67","75006026","100814598","0","375","75005651","75006026","3837773","megawatthours","megawatthours","megawatthours","megawatthours","megawatthours","megawatthours","megawatthours","megawatthours","megawatthours","megawatthours","megawatthours","megawatthours","megawatthours","ratio","megawatthours","megawatthours","megawatthours","megawatthours","megawatthours","megawatthours","megawatthours"
"2002","VT","Vermont","0","0","19543","70019","5436647","2971224","0","422249","0","5629263","2465423","19543","1623748","1.26","7889623","5629263","0","2433433","5456190","7889623","214293","megawatthours","megawatthours","megawatthours","megawatthours","megawatthours","megawatthours","megawatthours","megawatthours","megawatthours","megawatthours","megawatthours","megawatthours","megawatthours","ratio","megawatthours","megawatthours","megawatthours","megawatthours","megawatthours","megawatthours","megawatthours"
"2002","WA","Washington","32932","3268354","1078048","1375105","101654069","88568483","1088027","5737628","0","75403856","9817232","1110979","16434917","1.18","107126591","76491883","5548924","4361543","102765048","107126591","2911864","megawatthours","megawatthours","megawatthours","megawatthours","megawatthours","megawatthours","megawatthours","megawatthours","megawatthours","megawatthours","megawatthours","megawatthours","megawatthours","ratio","megawatthours","megawatthours","megawatthours","megawatthours","megawatthours","megawatthours","megawatthours"
"2002","WI","Wisconsin","146860","746414","2413017","2721376","55871561","54773666","0","5026802","16135","66999296","351481","2559877","-16164635",".78","58431438","67015431","0","0","58431438","58431438","2551118","megawatthours","megawatthours","megawatthours","megawatthours","megawatthours","megawatthours","megawatthours","megawatthours","megawatthours","megawatthours","megawatthours","megawatthours","megawatthours","ratio","megawatthours","megawatthours","megawatthours","megawatthours","megawatthours","megawatthours","megawatthours"
"2002","WV","West Virginia","0","408741","1638535","1793490","93123217","63341620","0","2135008","0","28463122","29372856","1638535","63078305","2.99","94761752","28463122","0","0","94761752","94761752","1083524","megawatthours","megawatthours","megawatthours","megawatthours","megawatthours","megawatthours","megawatthours","megawatthours","megawatthours","megawatthours","megawatthours","megawatthours","megawatthours","ratio","megawatthours","megawatthours","megawatthours","megawatthours","megawatthours","megawatthours","megawatthours"
"2002","WY","Wyoming","0","0","675609","653307","43108230","42532420","0","965678","0","12874060","575810","675609","29474549","3.06","43805026","12874060","0","21187","43783839","43805026","490085","megawatthours","megawatthours","megawatthours","megawatthours","megawatthours","megawatthours","megawatthours","megawatthours","megawatthours","megawatthours","megawatthours","megawatthours","megawatthours","ratio","megawatthours","megawatthours","megawatthours","megawatthours","megawatthours","megawatthours","megawatthours"
"2001","AK","Alaska","153358","237307","936914","1041829","5653498","5416191","0","426528","0","5454080","0","1090272","0","1","6745008","5454080","0","1238","6743770","6745008","863358","megawatthours","megawatthours","megawatthours","megawatthours","megawatthours","megawatthours","megawatthours","megawatthours","megawatthours","megawatthours","megawatthours","megawatthours","megawatthours","ratio","megawatthours","megawatthours","megawatthours","megawatthours","megawatthours","megawatthours","megawatthours"
"2001","AL","Alabama","0","698013","5858092","6263673","119487030","118744284","0","6206090","0","79358258","44733","5858092","37513134","1.43","125345122","79358258","0","0","125345122","125345122","2261376","megawatthours","megawatthours","megawatthours","megawatthours","megawatthours","megawatthours","megawatthours","megawatthours","megawatthours","megawatthours","megawatthours","megawatthours","megawatthours","ratio","megawatthours","megawatthours","megawatthours","megawatthours","megawatthours","megawatthours","megawatthours"
"2001","AR","Arkansas","8608","538784","1916480","2312787","45266948","44728133","0","3263622","0","41732449","31","1925088","1004453","1.02","47192036","41732449","0","0","47192036","47192036","1189199","megawatthours","megawatthours","megawatthours","megawatthours","megawatthours","megawatthours","megawatthours","megawatthours","megawatthours","megawatthours","megawatthours","megawatthours","megawatthours","ratio","megawatthours","megawatthours","megawatthours","megawatthours","megawatthours","megawatthours","megawatthours"
"2001","AZ","Arizona","22802","458816","331913","361257","89556555","85807868","7450","4870649","0","62274304","3289871","354715","21038692","1.31","89966224","62281754","0","54954","89911270","89966224","1774768","megawatthours","megawatthours","megawatthours","megawatthours","megawatthours","megawatthours","megawatthours","megawatthours","megawatthours","megawatthours","megawatthours","megawatthours","megawatthours","ratio","megawatthours","megawatthours","megawatthours","megawatthours","megawatthours","megawatthours","megawatthours"
"2001","CA","California","1824899","21304838","16668548","14674123","180102640","70132656","10097868","19375594","0","237660910","88665145","18493447","-72558322",".74","202015847","247758778","365041","3419761","198596086","202015847","7060082","megawatthours","megawatthours","megawatthours","megawatthours","megawatthours","megawatthours","megawatthours","megawatthours","megawatthours","megawatthours","megawatthours","megawatthours","megawatthours","ratio","megawatthours","megawatthours","megawatthours","megawatthours","megawatthours","megawatthours","megawatthours"
"2001","CO","Colorado","212101","2957507","81787","478648","46582125","41957723","0","3459411","0","44236038","1666895","293888","-2044335",".96","46912134","44236038","0","36121","46876013","46912134","1260541","megawatthours","megawatthours","megawatthours","megawatthours","megawatthours","megawatthours","megawatthours","megawatthours","megawatthours","megawatthours","megawatthours","megawatthours","megawatthours","ratio","megawatthours","megawatthours","megawatthours","megawatthours","megawatthours","megawatthours","megawatthours"
"2001","CT","Connecticut","40928","2080286","256480","1487402","30193232","2816826","14034","2388393","0","30526724","25296120","297408","-2544606",".92","31256315","30540758","0","765675","30490640","31256315","870283","megawatthours","megawatthours","megawatthours","megawatthours","megawatthours","megawatthours","megawatthours","megawatthours","megawatthours","megawatthours","megawatthours","megawatthours","megawatthours","ratio","megawatthours","megawatthours","megawatthours","megawatthours","megawatthours","megawatthours","megawatthours"
"2001","DC","District of Columbia","0","0","0","371","123239","0","2314224","850891","0","8566248","123239","0","-11918172",".01","123239","10880472","0","0","123239","123239","310048","megawatthours","megawatthours","megawatthours","megawatthours","megawatthours","megawatthours","megawatthours","megawatthours","megawatthours","megawatthours","megawatthours","megawatthours","megawatthours","ratio","megawatthours","megawatthours","megawatthours","megawatthours","megawatthours","megawatthours","megawatthours"
"2001","DE","Delaware","0","0","507062","544528","6300624","1872053","918603","889848","0","10460023","4428571","507062","-5785576",".54","6807686","11378626","0","0","6807686","6807686","324243","megawatthours","megawatthours","megawatthours","megawatthours","megawatthours","megawatthours","megawatthours","megawatthours","megawatthours","megawatthours","megawatthours","megawatthours","megawatthours","ratio","megawatthours","megawatthours","megawatthours","megawatthours","megawatthours","megawatthours","megawatthours"
"2001","FL","Florida","107234","8956926","5240368","6671374","185597739","170966177","0","15699512","0","200752133","5674637","5347602","-31233565",".86","190945341","200752133","0","0","190945341","190945341","5720590","megawatthours","megawatthours","megawatthours","megawatthours","megawatthours","megawatthours","megawatthours","megawatthours","megawatthours","megawatthours","megawatthours","megawatthours","megawatthours","ratio","megawatthours","megawatthours","megawatthours","megawatthours","megawatthours","megawatthours","megawatthours"
"2001","GA","Georgia","2818","386085","5515824","5370484","112798130","110564676","0","9211623","0","117790473","1847369","5518642","-12047226",".91","118316772","117790473","0","0","118316772","118316772","3356532","megawatthours","megawatthours","megawatthours","megawatthours","megawatthours","megawatthours","megawatthours","megawatthours","megawatthours","megawatthours","megawatthours","megawatthours","megawatthours","ratio","megawatthours","megawatthours","megawatthours","megawatthours","megawatthours","megawatthours","megawatthours"
"2001","HI","Hawaii","0","3224984","503785","464009","10129310","6383088","0","765187","0","9784563","521238","503785","0","1","10633095","9784563","0","0","10633095","10633095","82881","megawatthours","megawatthours","megawatthours","megawatthours","megawatthours","megawatthours","megawatthours","megawatthours","megawatthours","megawatthours","megawatthours","megawatthours","megawatthours","ratio","megawatthours","megawatthours","megawatthours","megawatthours","megawatthours","megawatthours","megawatthours"
"2001","IA","Iowa","130041","173268","1104502","1305516","39423970","38755520","0","3084638","0","39443755","495182","1234543","-2990022",".93","40663658","39443755","0","5145","40658513","40663658","1123981","megawatthours","megawatthours","megawatthours","megawatthours","megawatthours","megawatthours","megawatthours","megawatthours","megawatthours","megawatthours","megawatthours","megawatthours","megawatthours","ratio","megawatthours","megawatthours","megawatthours","megawatthours","megawatthours","megawatthours","megawatthours"
"2001","ID","Idaho","0","201283","782825","686636","8564115","6666589","0","1649782","0","21096017","1696243","782825","-14000508",".4","9351609","21096017","4484","4669","9346940","9351609","601148","megawatthours","megawatthours","megawatthours","megawatthours","megawatthours","megawatthours","megawatthours","megawatthours","megawatthours","megawatthours","megawatthours","megawatthours","megawatthours","ratio","megawatthours","megawatthours","megawatthours","megawatthours","megawatthours","megawatthours","megawatthours"
"2001","IL","Illinois","247966","832607","2712656","4132464","176288650","29835014","11769753","10638294","0","124263796","145621029","2960622","28696913","1.19","179249272","136033549","0","0","179249272","179249272","3876383","megawatthours","megawatthours","megawatthours","megawatthours","megawatthours","megawatthours","megawatthours","megawatthours","megawatthours","megawatthours","megawatthours","megawatthours","megawatthours","ratio","megawatthours","megawatthours","megawatthours","megawatthours","megawatthours","megawatthours","megawatthours"
"2001","IN","Indiana","224797","11921","4001393","4596119","118343490","114666355","0","7643135","0","97733968","3665213","4226190","14402974","1.13","122569679","97733968","0","0","122569679","122569679","2785006","megawatthours","megawatthours","megawatthours","megawatthours","megawatthours","megawatthours","megawatthours","megawatthours","megawatthours","megawatthours","megawatthours","megawatthours","megawatthours","ratio","megawatthours","megawatthours","megawatthours","megawatthours","megawatthours","megawatthours","megawatthours"
"2001","KS","Kansas","2057","0","38360","60018","44708105","44642712","0","2803356","0","35846951","65393","40417","5076668","1.13","44748522","35846951","0","0","44748522","44748522","1021487","megawatthours","megawatthours","megawatthours","megawatthours","megawatthours","megawatthours","megawatthours","megawatthours","megawatthours","megawatthours","megawatthours","megawatthours","megawatthours","ratio","megawatthours","megawatthours","megawatthours","megawatthours","megawatthours","megawatthours","megawatthours"
"2001","KY","Kentucky","97524","0","193695","181970","95126405","83677982","0","6254361","0","79975499","11448423","291219","6908617","1.08","95417624","79975499","0","0","95417624","95417624","2278965","megawatthours","megawatthours","megawatthours","megawatthours","megawatthours","megawatthours","megawatthours","megawatthours","megawatthours","megawatthours","megawatthours","megawatthours","megawatthours","ratio","megawatthours","megawatthours","megawatthours","megawatthours","megawatthours","megawatthours","megawatthours"
"2001","LA","Louisiana","64891","1551177","21893147","21308389","65936343","50378001","0","5841232","0","74692751","14007165","21958038","5210662","1.06","87894382","74692751","0","0","87894382","87894382","2128429","megawatthours","megawatthours","megawatthours","megawatthours","megawatthours","megawatthours","megawatthours","megawatthours","megawatthours","megawatthours","megawatthours","megawatthours","megawatthours","ratio","megawatthours","megawatthours","megawatthours","megawatthours","megawatthours","megawatthours","megawatthours"
"2001","MA","Massachusetts","558200","5768915","409079","2370690","37511155","1566491","3507163","4105375","0","48988912","30175749","967279","-18484438",".68","39615299","52496075","0","1136866","38478433","39615299","1495917","megawatthours","megawatthours","megawatthours","megawatthours","megawatthours","megawatthours","megawatthours","megawatthours","megawatthours","megawatthours","megawatthours","megawatthours","megawatthours","ratio","megawatthours","megawatthours","megawatthours","megawatthours","megawatthours","megawatthours","megawatthours"
"2001","MD","Maryland","30087","2807724","57000","1156886","48975253","88150","2457264","4820463","0","59182756","46079379","87087","-19118581",".72","49099540","61640020","0","37200","49062340","49099540","1756481","megawatthours","megawatthours","megawatthours","megawatthours","megawatthours","megawatthours","megawatthours","megawatthours","megawatthours","megawatthours","megawatthours","megawatthours","megawatthours","ratio","megawatthours","megawatthours","megawatthours","megawatthours","megawatthours","megawatthours","megawatthours"
"2001","ME","Maine","180232","2924452","4409800","4221315","14974783","0","8165733","950204","0","3984671","12050331","4590032","8934774","1.66","22466400","12150404","80562","2901585","19564815","22466400","346235","megawatthours","megawatthours","megawatthours","megawatthours","megawatthours","megawatthours","megawatthours","megawatthours","megawatthours","megawatthours","megawatthours","megawatthours","megawatthours","ratio","megawatthours","megawatthours","megawatthours","megawatthours","megawatthours","megawatthours","megawatthours"
"2001","MI","Michigan","239307","10501594","1638255","2821309","109968049","97067330","632604","8008765","0","101776743","2399126","1877562","-3595157",".97","111919624","102409347","2175612","74012","111845612","111919624","2918235","megawatthours","megawatthours","megawatthours","megawatthours","megawatthours","megawatthours","megawatthours","megawatthours","megawatthours","megawatthours","megawatthours","megawatthours","megawatthours","ratio","megawatthours","megawatthours","megawatthours","megawatthours","megawatthours","megawatthours","megawatthours"
"2001","MN","Minnesota","136561","510126","1654521","2829982","46732146","44798014","0","4745922","0","60686852","1424006","1791082","-10371899",".85","57393779","60686852","600755","8870551","48523228","57393779","1729320","megawatthours","megawatthours","megawatthours","megawatthours","megawatthours","megawatthours","megawatthours","megawatthours","megawatthours","megawatthours","megawatthours","megawatthours","megawatthours","ratio","megawatthours","megawatthours","megawatthours","megawatthours","megawatthours","megawatthours","megawatthours"
"2001","MO","Missouri","137462","0","190445","294602","79216968","78990878","0","5725522","0","73213157","226090","327907","-1480366",".98","79544875","73213157","0","0","79544875","79544875","2086267","megawatthours","megawatthours","megawatthours","megawatthours","megawatthours","megawatthours","megawatthours","megawatthours","megawatthours","megawatthours","megawatthours","megawatthours","megawatthours","ratio","megawatthours","megawatthours","megawatthours","megawatthours","megawatthours","megawatthours","megawatthours"
"2001","MS","Mississippi","22768","1439576","2156463","2302818","51267221","47550273","0","3463386","0","44286865","2277372","2179231","4431908","1.09","53446452","44286865","0","0","53446452","53446452","1261989","megawatthours","megawatthours","megawatthours","megawatthours","megawatthours","megawatthours","megawatthours","megawatthours","megawatthours","megawatthours","megawatthours","megawatthours","megawatthours","ratio","megawatthours","megawatthours","megawatthours","megawatthours","megawatthours","megawatthours","megawatthours"
"2001","MT","Montana","0","425959","74715","150022","24157768","4415943","1847486","895168","0","9599172","19315866","74715","11564270","1.91","24232483","11446658","55","0","24232483","24232483","326182","megawatthours","megawatthours","megawatthours","megawatthours","megawatthours","megawatthours","megawatthours","megawatthours","megawatthours","megawatthours","megawatthours","megawatthours","megawatthours","ratio","megawatthours","megawatthours","megawatthours","megawatthours","megawatthours","megawatthours","megawatthours"
"2001","NC","North Carolina","95303","3343443","3439648","3954232","113960902","109807278","0","9308319","0","119026943","810181","3534951","-14235130",".89","117495853","119026943","0","0","117495853","117495853","3391767","megawatthours","megawatthours","megawatthours","megawatthours","megawatthours","megawatthours","megawatthours","megawatthours","megawatthours","megawatthours","megawatthours","megawatthours","megawatthours","ratio","megawatthours","megawatthours","megawatthours","megawatthours","megawatthours","megawatthours","megawatthours"
"2001","ND","North Dakota","0","0","196339","160971","30135733","30135733","0","767157","0","9809757","0","196339","20045339","2.7","31842245","9809757","940294","1510173","30332072","31842245","279537","megawatthours","megawatthours","megawatthours","megawatthours","megawatthours","megawatthours","megawatthours","megawatthours","megawatthours","megawatthours","megawatthours","megawatthours","megawatthours","ratio","megawatthours","megawatthours","megawatthours","megawatthours","megawatthours","megawatthours","megawatthours"
"2001","NE","Nebraska","17002","8289","48254","69620","30419958","30411669","0","1933396","0","24722640","0","65256","3124617","1.11","30485214","24722640","0","0","30485214","30485214","704491","megawatthours","megawatthours","megawatthours","megawatthours","megawatthours","megawatthours","megawatthours","megawatthours","megawatthours","megawatthours","megawatthours","megawatthours","megawatthours","ratio","megawatthours","megawatthours","megawatthours","megawatthours","megawatthours","megawatthours","megawatthours"
"2001","NH","New Hampshire","30532","79606","295373","440294","14748724","13095085","1184","806712","0","10314367","1574033","325905","4423651","1.39","15840304","10315551","0","765675","15074629","15840304","293950","megawatthours","megawatthours","megawatthours","megawatthours","megawatthours","megawatthours","megawatthours","megawatthours","megawatthours","megawatthours","megawatthours","megawatthours","megawatthours","ratio","megawatthours","megawatthours","megawatthours","megawatthours","megawatthours","megawatthours","megawatthours"
"2001","NJ","New Jersey","172141","13417690","3104437","2323728","56144676","1630319","3041526","5722725","0","70135864","41096668","3276578","-21566433",".73","59421254","73177390","0","0","59421254","59421254","2085247","megawatthours","megawatthours","megawatthours","megawatthours","megawatthours","megawatthours","megawatthours","megawatthours","megawatthours","megawatthours","megawatthours","megawatthours","megawatthours","ratio","megawatthours","megawatthours","megawatthours","megawatthours","megawatthours","megawatthours","megawatthours"
"2001","NM","New Mexico","56677","493185","480618","430439","33074346","32210683","0","1464484","0","18726594","370478","537296","12886504","1.62","33611642","18726594","0","0","33611642","33611642","533629","megawatthours","megawatthours","megawatthours","megawatthours","megawatthours","megawatthours","megawatthours","megawatthours","megawatthours","megawatthours","megawatthours","megawatthours","megawatthours","ratio","megawatthours","megawatthours","megawatthours","megawatthours","megawatthours","megawatthours","megawatthours"
"2001","NV","Nevada","0","2445321","0","224469","33875970","27896065","0","2202780","0","28167293","3534584","0","2703023","1.09","33875970","28167293","0","0","33875970","33875970","802649","megawatthours","megawatthours","megawatthours","megawatthours","megawatthours","megawatthours","megawatthours","megawatthours","megawatthours","megawatthours","megawatthours","megawatthours","megawatthours","ratio","megawatthours","megawatthours","megawatthours","megawatthours","megawatthours","megawatthours","megawatthours"
"2001","NY","New York","620978","20400848","2132653","4075432","141160906","58568850","18585611","11275434","0","125595149","62191208","2753631","-7891852",".95","155759563","144180760","4082600","11845026","143914537","155759563","4108544","megawatthours","megawatthours","megawatthours","megawatthours","megawatthours","megawatthours","megawatthours","megawatthours","megawatthours","megawatthours","megawatthours","megawatthours","megawatthours","ratio","megawatthours","megawatthours","megawatthours","megawatthours","megawatthours","megawatthours","megawatthours"
"2001","OH","Ohio","19765","267985","1247496","1436481","140994549","135484174","11359673","12183921","0","144438041","5242390","1267261","-30160840",".83","142261810","155797714","0","0","142261810","142261810","4439579","megawatthours","megawatthours","megawatthours","megawatthours","megawatthours","megawatthours","megawatthours","megawatthours","megawatthours","megawatthours","megawatthours","megawatthours","megawatthours","ratio","megawatthours","megawatthours","megawatthours","megawatthours","megawatthours","megawatthours","megawatthours"
"2001","OK","Oklahoma","25628","2730764","1235635","1113894","53988186","50413729","0","3884110","0","49666725","843693","1261263","282207","1.01","55249448","49666725","0","0","55249448","55249448","1415292","megawatthours","megawatthours","megawatthours","megawatthours","megawatthours","megawatthours","megawatthours","megawatthours","megawatthours","megawatthours","megawatthours","megawatthours","megawatthours","ratio","megawatthours","megawatthours","megawatthours","megawatthours","megawatthours","megawatthours","megawatthours"
"2001","OR","Oregon","13301","5674672","837303","667502","44201306","38059649","0","3588353","0","45884830","466985","850604","-5589859",".89","45202687","45884830","11171","150777","45051910","45202687","1307524","megawatthours","megawatthours","megawatthours","megawatthours","megawatthours","megawatthours","megawatthours","megawatthours","megawatthours","megawatthours","megawatthours","megawatthours","megawatthours","ratio","megawatthours","megawatthours","megawatthours","megawatthours","megawatthours","megawatthours","megawatthours"
"2001","PA","Pennsylvania","404690","6170755","3761875","4328175","192410029","27633966","19339373","10577178","0","115912666","158605309","4166564","46888935","1.31","196576594","135252039","0","0","196576594","196576594","3854113","megawatthours","megawatthours","megawatthours","megawatthours","megawatthours","megawatthours","megawatthours","megawatthours","megawatthours","megawatthours","megawatthours","megawatthours","megawatthours","ratio","megawatthours","megawatthours","megawatthours","megawatthours","megawatthours","megawatthours","megawatthours"
"2001","RI","Rhode Island","50007","459334","2402","62788","7449485","0","945265","578152","0","6447652","6990151","52409","85770","1.01","8267569","7392917","0","765675","7501894","8267569","210667","megawatthours","megawatthours","megawatthours","megawatthours","megawatthours","megawatthours","megawatthours","megawatthours","megawatthours","megawatthours","megawatthours","megawatthours","megawatthours","ratio","megawatthours","megawatthours","megawatthours","megawatthours","megawatthours","megawatthours","megawatthours"
"2001","SC","South Carolina","54327","508632","1364080","1973337","87740581","86734778","0","5852150","0","74832367","497171","1418407","6340091","1.08","89158988","74832367","0","0","89158988","89158988","2132407","megawatthours","megawatthours","megawatthours","megawatthours","megawatthours","megawatthours","megawatthours","megawatthours","megawatthours","megawatthours","megawatthours","megawatthours","megawatthours","ratio","megawatthours","megawatthours","megawatthours","megawatthours","megawatthours","megawatthours","megawatthours"
"2001","SD","South Dakota","0","0","0","0","7400743","7400743","0","674661","0","8626999","0","0","-2146716",".78","7400777","8626999","0","34","7400743","7400777","245833","megawatthours","megawatthours","megawatthours","megawatthours","megawatthours","megawatthours","megawatthours","megawatthours","megawatthours","megawatthours","megawatthours","megawatthours","megawatthours","ratio","megawatthours","megawatthours","megawatthours","megawatthours","megawatthours","megawatthours","megawatthours"
"2001","TN","Tennessee","106560","167","2930746","3275559","93184679","92937315","0","7517755","0","96130718","247197","3037306","-10169084",".9","96221985","96130718","0","0","96221985","96221985","2739321","megawatthours","megawatthours","megawatthours","megawatthours","megawatthours","megawatthours","megawatthours","megawatthours","megawatthours","megawatthours","megawatthours","megawatthours","megawatthours","ratio","megawatthours","megawatthours","megawatthours","megawatthours","megawatthours","megawatthours","megawatthours"
"2001","TX","Texas","482826","35617950","40687609","40306838","331409572","265012955","1029155","24874695","0","317047501","30778667","41170435","20525270","1.06","372583612","318076656","2839","3604","372580008","372583612","9063845","megawatthours","megawatthours","megawatthours","megawatthours","megawatthours","megawatthours","megawatthours","megawatthours","megawatthours","megawatthours","megawatthours","megawatthours","megawatthours","ratio","megawatthours","megawatthours","megawatthours","megawatthours","megawatthours","megawatthours","megawatthours"
"2001","US","United States","7415941","169515452","149174675","162648616","3580053043","2629945673","97845964","265553891","0","3297833540","780591918","156590616","0","1","3775143903","3395679504","16473293","38500244","3736643659","3775143903","97274567","megawatthours","megawatthours","megawatthours","megawatthours","megawatthours","megawatthours","megawatthours","megawatthours","megawatthours","megawatthours","megawatthours","megawatthours","megawatthours","ratio","megawatthours","megawatthours","megawatthours","megawatthours","megawatthours","megawatthours","megawatthours"
"2001","UT","Utah","20965","9680","288719","348122","35544067","35138801","0","1815674","0","23217308","395586","309684","10158825","1.4","35853751","23217308","0","0","35853751","35853751","661595","megawatthours","megawatthours","megawatthours","megawatthours","megawatthours","megawatthours","megawatthours","megawatthours","megawatthours","megawatthours","megawatthours","megawatthours","megawatthours","ratio","megawatthours","megawatthours","megawatthours","megawatthours","megawatthours","megawatthours","megawatthours"
"2001","VA","Virginia","514904","4593146","2164303","2894919","71425537","62135492","609040","7542972","0","95844135","4696899","2679207","-32642807",".69","74104744","96453175","0","0","74104744","74104744","2748509","megawatthours","megawatthours","megawatthours","megawatthours","megawatthours","megawatthours","megawatthours","megawatthours","megawatthours","megawatthours","megawatthours","megawatthours","megawatthours","ratio","megawatthours","megawatthours","megawatthours","megawatthours","megawatthours","megawatthours","megawatthours"
"2001","VT","Vermont","0","0","35265","68529","5445347","4734002","31992","439303","0","5585446","711345","35265","2262811","1.36","8479694","5617438","0","2999082","5480612","8479694","160073","megawatthours","megawatthours","megawatthours","megawatthours","megawatthours","megawatthours","megawatthours","megawatthours","megawatthours","megawatthours","megawatthours","megawatthours","megawatthours","ratio","megawatthours","megawatthours","megawatthours","megawatthours","megawatthours","megawatthours","megawatthours"
"2001","WA","Washington","137980","4427127","1346769","1345849","81563915","67683216","1170963","6230173","0","78495247","9453572","1484749","-10176675",".89","86201086","79666210","8209880","3152421","83048665","86201086","2270151","megawatthours","megawatthours","megawatthours","megawatthours","megawatthours","megawatthours","megawatthours","megawatthours","megawatthours","megawatthours","megawatthours","megawatthours","megawatthours","ratio","megawatthours","megawatthours","megawatthours","megawatthours","megawatthours","megawatthours","megawatthours"
"2001","WI","Wisconsin","147714","568481","2312976","2663477","56302743","54959426","0","5100296","0","65218293","774836","2460689","-13416267",".81","58763433","65218293","0","0","58763433","58763433","1858447","megawatthours","megawatthours","megawatthours","megawatthours","megawatthours","megawatthours","megawatthours","megawatthours","megawatthours","megawatthours","megawatthours","megawatthours","megawatthours","ratio","megawatthours","megawatthours","megawatthours","megawatthours","megawatthours","megawatthours","megawatthours"
"2001","WV","West Virginia","0","306229","1464105","1755332","80372620","51608803","0","2163845","0","27669432","28457588","1464105","51213230","2.67","81836725","27669432","0","0","81836725","81836725","788462","megawatthours","megawatthours","megawatthours","megawatthours","megawatthours","megawatthours","megawatthours","megawatthours","megawatthours","megawatthours","megawatthours","megawatthours","megawatthours","ratio","megawatthours","megawatthours","megawatthours","megawatthours","megawatthours","megawatthours","megawatthours"
"2001","WY","Wyoming","0","0","663963","639408","44112978","43764015","0","1012696","0","12949505","348963","663963","30445094","3.12","44776941","12949505","0","0","44776941","44776941","369006","megawatthours","megawatthours","megawatthours","megawatthours","megawatthours","megawatthours","megawatthours","megawatthours","megawatthours","megawatthours","megawatthours","megawatthours","megawatthours","ratio","megawatthours","megawatthours","megawatthours","megawatthours","megawatthours","megawatthours","megawatthours"
"2000","AK","Alaska","146670","223962","848205","1069864","5161649","4937687","0","413027","0","5309970","0","994875","0","1","6157772","5309970","0","1247","6156525","6157772","5738365","megawatthours","megawatthours","megawatthours","megawatthours","megawatthours","megawatthours","megawatthours","megawatthours","megawatthours","megawatthours","megawatthours","megawatthours","megawatthours","ratio","megawatthours","megawatthours","megawatthours","megawatthours","megawatthours","megawatthours","megawatthours"
"2000","AL","Alabama","0","549830","5776146","6277371","118629197","118037076","0","6496787","0","83524220","42291","5776146","30759648","1.33","124405343","83524220","0","0","124405343","124405343","87059106","megawatthours","megawatthours","megawatthours","megawatthours","megawatthours","megawatthours","megawatthours","megawatthours","megawatthours","megawatthours","megawatthours","megawatthours","megawatthours","ratio","megawatthours","megawatthours","megawatthours","megawatthours","megawatthours","megawatthours","megawatthours"
"2000","AR","Arkansas","9626","0","2379533","2357831","41486607","41486451","0","3236654","0","41611188","156","2389160","-2777102",".94","43875767","41611188","0","0","43875767","43875767","43372246","megawatthours","megawatthours","megawatthours","megawatthours","megawatthours","megawatthours","megawatthours","megawatthours","megawatthours","megawatthours","megawatthours","megawatthours","megawatthours","ratio","megawatthours","megawatthours","megawatthours","megawatthours","megawatthours","megawatthours","megawatthours"
"2000","AZ","Arizona","25338","424752","346695","368812","88574544","88149792","129170","4754895","0","61000875","0","372033","20460223","1.3","88993795","61130045","0","47217","88946578","88993795","63717177","megawatthours","megawatthours","megawatthours","megawatthours","megawatthours","megawatthours","megawatthours","megawatthours","megawatthours","megawatthours","megawatthours","megawatthours","megawatthours","ratio","megawatthours","megawatthours","megawatthours","megawatthours","megawatthours","megawatthours","megawatthours"
"2000","CA","California","2103807","23410478","17716145","14598510","188262531","85856285","22734627","18983567","0","221322575","78995767","19819952","-62164770",".77","213589680","244057202","2126103","5507197","208082483","213589680","254386124","megawatthours","megawatthours","megawatthours","megawatthours","megawatthours","megawatthours","megawatthours","megawatthours","megawatthours","megawatthours","megawatthours","megawatthours","megawatthours","ratio","megawatthours","megawatthours","megawatthours","megawatthours","megawatthours","megawatthours","megawatthours"
"2000","CO","Colorado","145055","3043591","78825","464885","43941666","40108260","0","3346258","0","43020284","789816","223880","-4053818",".92","44176896","43020284","0","11350","44165546","44176896","44840971","megawatthours","megawatthours","megawatthours","megawatthours","megawatthours","megawatthours","megawatthours","megawatthours","megawatthours","megawatthours","megawatthours","megawatthours","megawatthours","ratio","megawatthours","megawatthours","megawatthours","megawatthours","megawatthours","megawatthours","megawatthours"
"2000","CT","Connecticut","46937","2401242","303552","3280319","32617080","16992594","0","2329796","0","29952407","13223244","350489","969602","1.03","34914747","29952407","362070","1947179","32967568","34914747","31220047","megawatthours","megawatthours","megawatthours","megawatthours","megawatthours","megawatthours","megawatthours","megawatthours","megawatthours","megawatthours","megawatthours","megawatthours","megawatthours","ratio","megawatthours","megawatthours","megawatthours","megawatthours","megawatthours","megawatthours","megawatthours"
"2000","DC","District of Columbia","0","0","0","1148","144374","97423","0","825710","0","10615521","46951","0","-11756740",".01","144374","10615521","0","0","144374","144374","11064787","megawatthours","megawatthours","megawatthours","megawatthours","megawatthours","megawatthours","megawatthours","megawatthours","megawatthours","megawatthours","megawatthours","megawatthours","megawatthours","ratio","megawatthours","megawatthours","megawatthours","megawatthours","megawatthours","megawatthours","megawatthours"
"2000","DE","Delaware","0","0","448036","492236","5539416","4137127","502727","876951","0","10771563","1402289","448036","-6652703",".47","5987452","11274290","0","0","5987452","5987452","11751437","megawatthours","megawatthours","megawatthours","megawatthours","megawatthours","megawatthours","megawatthours","megawatthours","megawatthours","megawatthours","megawatthours","megawatthours","megawatthours","ratio","megawatthours","megawatthours","megawatthours","megawatthours","megawatthours","megawatthours","megawatthours"
"2000","FL","Florida","109049","10037086","6104667","6760522","185602123","169888638","0","15233307","0","195842976","5676399","6213716","-27751457",".87","191815839","195842976","0","0","191815839","191815839","204131387","megawatthours","megawatthours","megawatthours","megawatthours","megawatthours","megawatthours","megawatthours","megawatthours","megawatthours","megawatthours","megawatthours","megawatthours","megawatthours","ratio","megawatthours","megawatthours","megawatthours","megawatthours","megawatthours","megawatthours","megawatthours"
"2000","GA","Georgia","23836","663635","5582235","5609740","118271341","116176834","0","9270605","0","119185076","1430873","5606071","-9747182",".93","123877412","119185076","0","0","123877412","123877412","124229194","megawatthours","megawatthours","megawatthours","megawatthours","megawatthours","megawatthours","megawatthours","megawatthours","megawatthours","megawatthours","megawatthours","megawatthours","megawatthours","ratio","megawatthours","megawatthours","megawatthours","megawatthours","megawatthours","megawatthours","megawatthours"
"2000","HI","Hawaii","0","2859573","542837","485049","10050567","6534692","0","753767","0","9690596","656302","542837","0","1","10593405","9690596","0","0","10593405","10593405","9829462","megawatthours","megawatthours","megawatthours","megawatthours","megawatthours","megawatthours","megawatthours","megawatthours","megawatthours","megawatthours","megawatthours","megawatthours","megawatthours","ratio","megawatthours","megawatthours","megawatthours","megawatthours","megawatthours","megawatthours","megawatthours"
"2000","IA","Iowa","147313","170700","1085317","1355547","40309381","39634091","0","3040382","0","39087867","504589","1232630","-2280974",".95","41542011","39087867","25","0","41542011","41542011","40742135","megawatthours","megawatthours","megawatthours","megawatthours","megawatthours","megawatthours","megawatthours","megawatthours","megawatthours","megawatthours","megawatthours","megawatthours","megawatthours","ratio","megawatthours","megawatthours","megawatthours","megawatthours","megawatthours","megawatthours","megawatthours"
"2000","ID","Idaho","0","193680","747275","687817","11163167","10114257","0","1776111","0","22834099","855230","747275","-13563780",".47","12037193","22834099","862","126751","11910442","12037193","23800478","megawatthours","megawatthours","megawatthours","megawatthours","megawatthours","megawatthours","megawatthours","megawatthours","megawatthours","megawatthours","megawatthours","megawatthours","megawatthours","ratio","megawatthours","megawatthours","megawatthours","megawatthours","megawatthours","megawatthours","megawatthours"
"2000","IL","Illinois","251069","788419","2914154","5084484","175330859","113565741","9100681","10477170","0","125596281","60976699","3165223","27481567","1.18","178496081","134696962","0","0","178496081","178496081","140397563","megawatthours","megawatthours","megawatthours","megawatthours","megawatthours","megawatthours","megawatthours","megawatthours","megawatthours","megawatthours","megawatthours","megawatthours","megawatthours","ratio","megawatthours","megawatthours","megawatthours","megawatthours","megawatthours","megawatthours","megawatthours"
"2000","IN","Indiana","199537","1024","4103504","4759443","123516477","119721399","0","7605253","0","97774925","3794054","4303041","18198799","1.17","127819518","97774925","0","0","127819518","127819518","101912931","megawatthours","megawatthours","megawatthours","megawatthours","megawatthours","megawatthours","megawatthours","megawatthours","megawatthours","megawatthours","megawatthours","megawatthours","megawatthours","ratio","megawatthours","megawatthours","megawatthours","megawatthours","megawatthours","megawatthours","megawatthours"
"2000","KS","Kansas","1818","0","33846","36452","44780241","44764909","0","2794088","0","35921461","15332","35664","4544141","1.11","44815905","35921461","0","0","44815905","44815905","37441717","megawatthours","megawatthours","megawatthours","megawatthours","megawatthours","megawatthours","megawatthours","megawatthours","megawatthours","megawatthours","megawatthours","megawatthours","megawatthours","ratio","megawatthours","megawatthours","megawatthours","megawatthours","megawatthours","megawatthours","megawatthours"
"2000","KY","Kentucky","0","0","153464","358581","92852619","81349922","0","6091687","0","78316156","11502697","153464","5205089","1.06","93006083","78316156","0","0","93006083","93006083","81630633","megawatthours","megawatthours","megawatthours","megawatthours","megawatthours","megawatthours","megawatthours","megawatthours","megawatthours","megawatthours","megawatthours","megawatthours","megawatthours","ratio","megawatthours","megawatthours","megawatthours","megawatthours","megawatthours","megawatthours","megawatthours"
"2000","LA","Louisiana","31710","1420939","22720521","23413783","70113404","57601142","0","6276359","0","80690346","11091323","22752231","2379870","1.03","92865635","80690346","0","0","92865635","92865635","84105302","megawatthours","megawatthours","megawatthours","megawatthours","megawatthours","megawatthours","megawatthours","megawatthours","megawatthours","megawatthours","megawatthours","megawatthours","megawatthours","ratio","megawatthours","megawatthours","megawatthours","megawatthours","megawatthours","megawatthours","megawatthours"
"2000","MA","Massachusetts","426204","5981291","428050","1183773","37843626","1704653","2910779","4027082","0","48862334","30157682","854254","-17566900",".7","40840974","51773113","363600","2143094","38697880","40840974","53964236","megawatthours","megawatthours","megawatthours","megawatthours","megawatthours","megawatthours","megawatthours","megawatthours","megawatthours","megawatthours","megawatthours","megawatthours","megawatthours","ratio","megawatthours","megawatthours","megawatthours","megawatthours","megawatthours","megawatthours","megawatthours"
"2000","MD","Maryland","24230","3050295","486797","1423701","50634353","31783195","57895","4719718","0","60619909","15800863","511027","-16882238",".75","51145380","60677804","0","0","51145380","51145380","63245798","megawatthours","megawatthours","megawatthours","megawatthours","megawatthours","megawatthours","megawatthours","megawatthours","megawatthours","megawatthours","megawatthours","megawatthours","megawatthours","ratio","megawatthours","megawatthours","megawatthours","megawatthours","megawatthours","megawatthours","megawatthours"
"2000","ME","Maine","198115","1691279","4536343","4492947","9313490","2781","5757648","946076","0","6405329","7619430","4734457","4262320","1.3","18284059","12162977","381268","4236111","14047948","18284059","12677738","megawatthours","megawatthours","megawatthours","megawatthours","megawatthours","megawatthours","megawatthours","megawatthours","megawatthours","megawatthours","megawatthours","megawatthours","megawatthours","ratio","megawatthours","megawatthours","megawatthours","megawatthours","megawatthours","megawatthours","megawatthours"
"2000","MI","Michigan","622156","10476171","1787762","2887280","101799678","89572141","401647","8149525","0","104370569","1751367","2409918","-13581288",".89","105538356","104772216","1656102","1328760","104209596","105538356","109206358","megawatthours","megawatthours","megawatthours","megawatthours","megawatthours","megawatthours","megawatthours","megawatthours","megawatthours","megawatthours","megawatthours","megawatthours","megawatthours","ratio","megawatthours","megawatthours","megawatthours","megawatthours","megawatthours","megawatthours","megawatthours"
"2000","MN","Minnesota","127160","605049","3008198","3001076","48287982","46615673","0","4650046","0","59782089","1067259","3135357","-7709793",".89","59939998","59782089","624792","8516659","51423339","59939998","62312169","megawatthours","megawatthours","megawatthours","megawatthours","megawatthours","megawatthours","megawatthours","megawatthours","megawatthours","megawatthours","megawatthours","megawatthours","megawatthours","ratio","megawatthours","megawatthours","megawatthours","megawatthours","megawatthours","megawatthours","megawatthours"
"2000","MO","Missouri","145284","0","165105","308583","76283550","76283550","0","5650386","0","72642699","0","310389","-4846461",".94","76593939","72642699","0","0","76593939","76593939","75717062","megawatthours","megawatthours","megawatthours","megawatthours","megawatthours","megawatthours","megawatthours","megawatthours","megawatthours","megawatthours","megawatthours","megawatthours","megawatthours","ratio","megawatthours","megawatthours","megawatthours","megawatthours","megawatthours","megawatthours","megawatthours"
"2000","MS","Mississippi","25798","0","2288945","2329385","35299819","33896003","0","3526396","0","45336178","1403816","2314743","-13214383",".74","37614562","45336178","0","0","37614562","37614562","47254884","megawatthours","megawatthours","megawatthours","megawatthours","megawatthours","megawatthours","megawatthours","megawatthours","megawatthours","megawatthours","megawatthours","megawatthours","megawatthours","ratio","megawatthours","megawatthours","megawatthours","megawatthours","megawatthours","megawatthours","megawatthours"
"2000","MT","Montana","0","486436","62660","223007","26389166","6627410","2090999","1134078","0","12488983","19275321","62660","10102981","1.62","26452083","14579982","3191","257","26451826","26452083","15197029","megawatthours","megawatthours","megawatthours","megawatthours","megawatthours","megawatthours","megawatthours","megawatthours","megawatthours","megawatthours","megawatthours","megawatthours","megawatthours","ratio","megawatthours","megawatthours","megawatthours","megawatthours","megawatthours","megawatthours","megawatthours"
"2000","NC","North Carolina","128542","3287468","3731876","3681185","118413938","114433191","0","9322749","0","119855456","693280","3860418","-12099876",".91","122274356","119855456","0","0","122274356","122274356","124927946","megawatthours","megawatthours","megawatthours","megawatthours","megawatthours","megawatthours","megawatthours","megawatthours","megawatthours","megawatthours","megawatthours","megawatthours","megawatthours","ratio","megawatthours","megawatthours","megawatthours","megawatthours","megawatthours","megawatthours","megawatthours"
"2000","ND","North Dakota","0","0","188278","187697","31122917","31122917","0","732206","0","9413409","0","188278","21404253","2.89","32747551","9413409","789690","1436356","31311195","32747551","9811801","megawatthours","megawatthours","megawatthours","megawatthours","megawatthours","megawatthours","megawatthours","megawatthours","megawatthours","megawatthours","megawatthours","megawatthours","megawatthours","ratio","megawatthours","megawatthours","megawatthours","megawatthours","megawatthours","megawatthours","megawatthours"
"2000","NE","Nebraska","18649","7470","38006","64125","29053209","29045739","0","1893960","0","24349189","0","56655","1811802","1.07","29109864","24349189","0","0","29109864","29109864","25379689","megawatthours","megawatthours","megawatthours","megawatthours","megawatthours","megawatthours","megawatthours","megawatthours","megawatthours","megawatthours","megawatthours","megawatthours","megawatthours","ratio","megawatthours","megawatthours","megawatthours","megawatthours","megawatthours","megawatthours","megawatthours"
"2000","NH","New Hampshire","29685","85942","353635","442426","14648177","12701500","183028","790193","0","9975875","1860735","383320","5226959","1.44","16978676","10158903","362070","1947179","15031497","16978676","10588852","megawatthours","megawatthours","megawatthours","megawatthours","megawatthours","megawatthours","megawatthours","megawatthours","megawatthours","megawatthours","megawatthours","megawatthours","megawatthours","ratio","megawatthours","megawatthours","megawatthours","megawatthours","megawatthours","megawatthours","megawatthours"
"2000","NJ","New Jersey","160998","14103680","2888915","2389390","55035303","25254292","7158304","5443050","0","62818825","15677331","3049913","-20368881",".74","58085216","69977129","0","0","58085216","58085216","72938681","megawatthours","megawatthours","megawatthours","megawatthours","megawatthours","megawatthours","megawatthours","megawatthours","megawatthours","megawatthours","megawatthours","megawatthours","megawatthours","ratio","megawatthours","megawatthours","megawatthours","megawatthours","megawatthours","megawatthours","megawatthours"
"2000","NM","New Mexico","52420","519687","409690","533488","33559911","32855587","14520","1462378","0","18786156","184637","462110","12943982","1.61","34022051","18800676","0","30","34022021","34022051","19596357","megawatthours","megawatthours","megawatthours","megawatthours","megawatthours","megawatthours","megawatthours","megawatthours","megawatthours","megawatthours","megawatthours","megawatthours","megawatthours","ratio","megawatthours","megawatthours","megawatthours","megawatthours","megawatthours","megawatthours","megawatthours"
"2000","NV","Nevada","0","2452624","0","202873","35484916","29341675","0","2161728","0","27791691","3690617","0","4327311","1.14","35484916","27791691","0","0","35484916","35484916","28967881","megawatthours","megawatthours","megawatthours","megawatthours","megawatthours","megawatthours","megawatthours","megawatthours","megawatthours","megawatthours","megawatthours","megawatthours","megawatthours","ratio","megawatthours","megawatthours","megawatthours","megawatthours","megawatthours","megawatthours","megawatthours"
"2000","NY","New York","619535","21188096","2327144","4328330","135132395","73187745","17518891","11047290","0","124507669","40756554","2946679","-12488371",".92","148742437","142026560","1999799","10663363","138079074","148742437","148037365","megawatthours","megawatthours","megawatthours","megawatthours","megawatthours","megawatthours","megawatthours","megawatthours","megawatthours","megawatthours","megawatthours","megawatthours","megawatthours","ratio","megawatthours","megawatthours","megawatthours","megawatthours","megawatthours","megawatthours","megawatthours"
"2000","OH","Ohio","4719","274511","1265892","1614592","147789670","144358306","4101397","12849396","0","161093460","3156854","1270611","-36142111",".8","149060281","165194857","0","0","149060281","149060281","172186186","megawatthours","megawatthours","megawatthours","megawatthours","megawatthours","megawatthours","megawatthours","megawatthours","megawatthours","megawatthours","megawatthours","megawatthours","megawatthours","ratio","megawatthours","megawatthours","megawatthours","megawatthours","megawatthours","megawatthours","megawatthours"
"2000","OK","Oklahoma","27161","3026693","1114853","1303557","54429942","51403249","0","3855261","0","49564141","0","1142015","4050","1","55571957","49564141","0","0","55571957","55571957","51661778","megawatthours","megawatthours","megawatthours","megawatthours","megawatthours","megawatthours","megawatthours","megawatthours","megawatthours","megawatthours","megawatthours","megawatthours","megawatthours","ratio","megawatthours","megawatthours","megawatthours","megawatthours","megawatthours","megawatthours","megawatthours"
"2000","OR","Oregon","5882","4464196","764268","768640","51019824","46059938","0","3914864","0","50330414","495690","770150","-4483116",".92","51970337","50330414","27013","180363","51789974","51970337","52460478","megawatthours","megawatthours","megawatthours","megawatthours","megawatthours","megawatthours","megawatthours","megawatthours","megawatthours","megawatthours","megawatthours","megawatthours","megawatthours","ratio","megawatthours","megawatthours","megawatthours","megawatthours","megawatthours","megawatthours","megawatthours"
"2000","PA","Pennsylvania","427992","6557648","3702682","4664603","197557306","97075771","35703426","10410927","0","98141900","93923887","4130674","51628652","1.34","201687980","133845326","0","0","201687980","201687980","139509891","megawatthours","megawatthours","megawatthours","megawatthours","megawatthours","megawatthours","megawatthours","megawatthours","megawatthours","megawatthours","megawatthours","megawatthours","megawatthours","ratio","megawatthours","megawatthours","megawatthours","megawatthours","megawatthours","megawatthours","megawatthours"
"2000","RI","Rhode Island","46566","505560","2311","59263","5922667","10823","181021","567922","0","7120315","5406284","48877","-628975",".93","7918723","7301336","362070","1947179","5971544","7918723","7610345","megawatthours","megawatthours","megawatthours","megawatthours","megawatthours","megawatthours","megawatthours","megawatthours","megawatthours","megawatthours","megawatthours","megawatthours","megawatthours","ratio","megawatthours","megawatthours","megawatthours","megawatthours","megawatthours","megawatthours","megawatthours"
"2000","SC","South Carolina","67150","564735","2114100","1926648","91164987","90421081","0","5990243","0","77011969","179172","2181250","7005809","1.08","93346237","77011969","0","0","93346237","93346237","80271247","megawatthours","megawatthours","megawatthours","megawatthours","megawatthours","megawatthours","megawatthours","megawatthours","megawatthours","megawatthours","megawatthours","megawatthours","megawatthours","ratio","megawatthours","megawatthours","megawatthours","megawatthours","megawatthours","megawatthours","megawatthours"
"2000","SD","South Dakota","0","0","0","0","9697337","9697337","0","644259","0","8282740","0","0","424388","1.05","9710209","8282740","0","12872","9697337","9710209","8633280","megawatthours","megawatthours","megawatthours","megawatthours","megawatthours","megawatthours","megawatthours","megawatthours","megawatthours","megawatthours","megawatthours","megawatthours","megawatthours","ratio","megawatthours","megawatthours","megawatthours","megawatthours","megawatthours","megawatthours","megawatthours"
"2000","TN","Tennessee","109392","146","3143260","3222306","92585932","92311813","0","7446014","0","95727709","273974","3252651","-11485449",".89","95838583","95727709","0","0","95838583","95838583","99779069","megawatthours","megawatthours","megawatthours","megawatthours","megawatthours","megawatthours","megawatthours","megawatthours","megawatthours","megawatthours","megawatthours","megawatthours","megawatthours","ratio","megawatthours","megawatthours","megawatthours","megawatthours","megawatthours","megawatthours","megawatthours"
"2000","TX","Texas","497377","28495205","40985618","42458738","336259368","297298634","0","24755499","0","318262529","10465530","41482994","20877993","1.06","377744751","318262529","18598","2388","377742363","377744751","331731939","megawatthours","megawatthours","megawatthours","megawatthours","megawatthours","megawatthours","megawatthours","megawatthours","megawatthours","megawatthours","megawatthours","megawatthours","megawatthours","ratio","megawatthours","megawatthours","megawatthours","megawatthours","megawatthours","megawatthours","megawatthours"
"2000","US","United States","7902773","164605717","156673290","170942510","3637528979","3015383376","111864202","266128783","0","3309550064","457539886","164576063","0","1","3850697317","3421414266","14829381","48592275","3802105042","3850697317","3566146796","megawatthours","megawatthours","megawatthours","megawatthours","megawatthours","megawatthours","megawatthours","megawatthours","megawatthours","megawatthours","megawatthours","megawatthours","megawatthours","ratio","megawatthours","megawatthours","megawatthours","megawatthours","megawatthours","megawatthours","megawatthours"
"2000","UT","Utah","24602","9133","308256","364369","36276215","35827490","0","1803427","0","23185277","439593","332857","10615576","1.41","36609073","23185277","0","0","36609073","36609073","24166520","megawatthours","megawatthours","megawatthours","megawatthours","megawatthours","megawatthours","megawatthours","megawatthours","megawatthours","megawatthours","megawatthours","megawatthours","megawatthours","ratio","megawatthours","megawatthours","megawatthours","megawatthours","megawatthours","megawatthours","megawatthours"
"2000","VA","Virginia","606409","5344130","2538386","2882976","74044576","65842720","0","7522840","0","96715402","2857726","3144795","-31241626",".71","77189371","96715402","0","0","77189371","77189371","100808559","megawatthours","megawatthours","megawatthours","megawatthours","megawatthours","megawatthours","megawatthours","megawatthours","megawatthours","megawatthours","megawatthours","megawatthours","megawatthours","ratio","megawatthours","megawatthours","megawatthours","megawatthours","megawatthours","megawatthours","megawatthours"
"2000","VT","Vermont","0","0","38150","45390","6264864","5307016","0","438590","0","5638614","957848","38150","3898951","1.58","10582540","5638614","362070","4279526","6303014","10582540","5877246","megawatthours","megawatthours","megawatthours","megawatthours","megawatthours","megawatthours","megawatthours","megawatthours","megawatthours","megawatthours","megawatthours","megawatthours","megawatthours","ratio","megawatthours","megawatthours","megawatthours","megawatthours","megawatthours","megawatthours","megawatthours"
"2000","WA","Washington","106251","4064721","1251318","1358902","106879308","96227037","3317442","7506950","0","93193679","6587550","1357569","-1096439",".99","112494074","96511121","5390058","4257197","108236877","112494074","100595634","megawatthours","megawatthours","megawatthours","megawatthours","megawatthours","megawatthours","megawatthours","megawatthours","megawatthours","megawatthours","megawatthours","megawatthours","megawatthours","ratio","megawatthours","megawatthours","megawatthours","megawatthours","megawatthours","megawatthours","megawatthours"
"2000","WI","Wisconsin","158732","723405","2529826","2724611","56955862","55665471","0","5067307","0","65146487","566986","2688557","-13394358",".82","59644419","65146487","0","0","59644419","59644419","67903600","megawatthours","megawatthours","megawatthours","megawatthours","megawatthours","megawatthours","megawatthours","megawatthours","megawatthours","megawatthours","megawatthours","megawatthours","megawatthours","ratio","megawatthours","megawatthours","megawatthours","megawatthours","megawatthours","megawatthours","megawatthours"
"2000","WV","West Virginia","0","451238","1665349","1743594","91199826","89708609","0","2154052","0","27692998","1039980","1665349","61816671","2.99","92865175","27692998","0","0","92865175","92865175","28865015","megawatthours","megawatthours","megawatthours","megawatthours","megawatthours","megawatthours","megawatthours","megawatthours","megawatthours","megawatthours","megawatthours","megawatthours","megawatthours","ratio","megawatthours","megawatthours","megawatthours","megawatthours","megawatthours","megawatthours","megawatthours"
"2000","WY","Wyoming","0","0","662661","662661","44831620","44585709","0","961999","0","12367684","245911","662661","31628151","3.28","45494281","12367684","0","0","45494281","45494281","12891101","megawatthours","megawatthours","megawatthours","megawatthours","megawatthours","megawatthours","megawatthours","megawatthours","megawatthours","megawatthours","megawatthours","megawatthours","megawatthours","ratio","megawatthours","megawatthours","megawatthours","megawatthours","megawatthours","megawatthours","megawatthours"
"1999","AK","Alaska","152551","226975","813467","1050726","4836290","4609315","0","415217","0","5292615","0","966017","0","1","5803719","5292615","0","1412","5802307","5803719","5382159","megawatthours","megawatthours","megawatthours","megawatthours","megawatthours","megawatthours","megawatthours","megawatthours","megawatthours","megawatthours","megawatthours","megawatthours","megawatthours","ratio","megawatthours","megawatthours","megawatthours","megawatthours","megawatthours","megawatthours","megawatthours"
"1999","AL","Alabama","0","746941","5953085","6668570","114704423","113908581","0","6307636","0","80401079","48901","5953085","30252413","1.33","120657508","80401079","0","0","120657508","120657508","84010390","megawatthours","megawatthours","megawatthours","megawatthours","megawatthours","megawatthours","megawatthours","megawatthours","megawatthours","megawatthours","megawatthours","megawatthours","megawatthours","ratio","megawatthours","megawatthours","megawatthours","megawatthours","megawatthours","megawatthours","megawatthours"
"1999","AR","Arkansas","12477","0","2409434","2384181","44132028","44130705","0","3121512","0","39788746","1323","2421911","1815335","1.04","46553939","39788746","0","0","46553939","46553939","41574919","megawatthours","megawatthours","megawatthours","megawatthours","megawatthours","megawatthours","megawatthours","megawatthours","megawatthours","megawatthours","megawatthours","megawatthours","megawatthours","ratio","megawatthours","megawatthours","megawatthours","megawatthours","megawatthours","megawatthours","megawatthours"
"1999","AZ","Arizona","36167","434337","326745","363441","83530261","83095924","0","4523703","0","57661946","0","362912","19060974","1.29","83893173","57661946","0","0","83893173","83893173","60250471","megawatthours","megawatthours","megawatthours","megawatthours","megawatthours","megawatthours","megawatthours","megawatthours","megawatthours","megawatthours","megawatthours","megawatthours","megawatthours","ratio","megawatthours","megawatthours","megawatthours","megawatthours","megawatthours","megawatthours","megawatthours"
"1999","CA","California","2024081","22963928","17544608","16951018","168750531","87874809","22849739","18422982","0","211981140","57911793","19568689","-75539862",".72","189771588","234830879","1263940","1452368","188319220","189771588","245372747","megawatthours","megawatthours","megawatthours","megawatthours","megawatthours","megawatthours","megawatthours","megawatthours","megawatthours","megawatthours","megawatthours","megawatthours","megawatthours","ratio","megawatthours","megawatthours","megawatthours","megawatthours","megawatthours","megawatthours","megawatthours"
"1999","CO","Colorado","184318","2897277","93970","509467","39243001","36167349","0","3182875","0","40570923","178374","278288","-6092539",".87","39523619","40570923","0","2330","39521289","39523619","42392202","megawatthours","megawatthours","megawatthours","megawatthours","megawatthours","megawatthours","megawatthours","megawatthours","megawatthours","megawatthours","megawatthours","megawatthours","megawatthours","ratio","megawatthours","megawatthours","megawatthours","megawatthours","megawatthours","megawatthours","megawatthours"
"1999","CT","Connecticut","546665","2243074","330073","725100","27720159","20484367","0","2338109","0","29803004","4992718","876738","-2978287",".91","30531267","29803004","21","1934370","28596897","30531267","31140896","megawatthours","megawatthours","megawatthours","megawatthours","megawatthours","megawatthours","megawatthours","megawatthours","megawatthours","megawatthours","megawatthours","megawatthours","megawatthours","ratio","megawatthours","megawatthours","megawatthours","megawatthours","megawatthours","megawatthours","megawatthours"
"1999","DC","District of Columbia","0","0","0","0","230003","230003","0","817299","0","10417813","0","0","-11483193",".02","230003","10417813","0","0","230003","230003","10885479","megawatthours","megawatthours","megawatthours","megawatthours","megawatthours","megawatthours","megawatthours","megawatthours","megawatthours","megawatthours","megawatthours","megawatthours","megawatthours","ratio","megawatthours","megawatthours","megawatthours","megawatthours","megawatthours","megawatthours","megawatthours"
"1999","DE","Delaware","0","0","612366","612366","6239372","6239372","58865","827857","0","10493508","0","612366","-5013373",".58","6851738","10552373","0","0","6851738","6851738","11026090","megawatthours","megawatthours","megawatthours","megawatthours","megawatthours","megawatthours","megawatthours","megawatthours","megawatthours","megawatthours","megawatthours","megawatthours","megawatthours","ratio","megawatthours","megawatthours","megawatthours","megawatthours","megawatthours","megawatthours","megawatthours"
"1999","FL","Florida","117282","9525895","6145881","6659195","181000260","166914264","0","14691750","0","187270257","4560101","6263163","-23299324",".89","187263423","187270257","0","0","187263423","187263423","195677068","megawatthours","megawatthours","megawatthours","megawatthours","megawatthours","megawatthours","megawatthours","megawatthours","megawatthours","megawatthours","megawatthours","megawatthours","megawatthours","ratio","megawatthours","megawatthours","megawatthours","megawatthours","megawatthours","megawatthours","megawatthours"
"1999","GA","Georgia","18986","715946","5553756","5590684","111766003","110536794","0","8838083","0","112655746","513263","5572742","-9330599",".93","117338745","112655746","0","0","117338745","117338745","117713015","megawatthours","megawatthours","megawatthours","megawatthours","megawatthours","megawatthours","megawatthours","megawatthours","megawatthours","megawatthours","megawatthours","megawatthours","megawatthours","ratio","megawatthours","megawatthours","megawatthours","megawatthours","megawatthours","megawatthours","megawatthours"
"1999","HI","Hawaii","0","2782036","567004","518935","9836925","6452068","0","735970","0","9381139","602821","567004","0","1","10403928","9381139","0","0","10403928","10403928","9658058","megawatthours","megawatthours","megawatthours","megawatthours","megawatthours","megawatthours","megawatthours","megawatthours","megawatthours","megawatthours","megawatthours","megawatthours","megawatthours","ratio","megawatthours","megawatthours","megawatthours","megawatthours","megawatthours","megawatthours","megawatthours"
"1999","IA","Iowa","114114","157213","1153917","1389192","37533449","37032053","0","2983833","0","38033812","344183","1268031","-3935361",".91","38869486","38033812","40393","68006","38801480","38869486","39741198","megawatthours","megawatthours","megawatthours","megawatthours","megawatthours","megawatthours","megawatthours","megawatthours","megawatthours","megawatthours","megawatthours","megawatthours","megawatthours","ratio","megawatthours","megawatthours","megawatthours","megawatthours","megawatthours","megawatthours","megawatthours"
"1999","ID","Idaho","0","208789","728554","664687","13708095","12456120","876000","1782620","0","21846394","1043186","728554","-11048092",".57","14522681","22722394","22339","86032","14436649","14522681","23742428","megawatthours","megawatthours","megawatthours","megawatthours","megawatthours","megawatthours","megawatthours","megawatthours","megawatthours","megawatthours","megawatthours","megawatthours","megawatthours","ratio","megawatthours","megawatthours","megawatthours","megawatthours","megawatthours","megawatthours","megawatthours"
"1999","IL","Illinois","249544","894504","2849965","4090793","160311008","149807865","444690","10409149","0","132236849","9608640","3099510","14226808","1.1","163410518","132681539","0","0","163410518","163410518","138637789","megawatthours","megawatthours","megawatthours","megawatthours","megawatthours","megawatthours","megawatthours","megawatthours","megawatthours","megawatthours","megawatthours","megawatthours","megawatthours","ratio","megawatthours","megawatthours","megawatthours","megawatthours","megawatthours","megawatthours","megawatthours"
"1999","IN","Indiana","194668","0","4559460","5168553","117010369","114182827","0","7589103","0","96735464","2827542","4754128","12995449","1.12","121764497","96735464","0","0","121764497","121764497","101078042","megawatthours","megawatthours","megawatthours","megawatthours","megawatthours","megawatthours","megawatthours","megawatthours","megawatthours","megawatthours","megawatthours","megawatthours","megawatthours","ratio","megawatthours","megawatthours","megawatthours","megawatthours","megawatthours","megawatthours","megawatthours"
"1999","KS","Kansas","2216","0","52723","55615","42015291","42002924","0","2653260","0","33820108","12367","54939","4037880","1.11","42071105","33820108","7750","875","42070230","42071105","35338339","megawatthours","megawatthours","megawatthours","megawatthours","megawatthours","megawatthours","megawatthours","megawatthours","megawatthours","megawatthours","megawatthours","megawatthours","megawatthours","ratio","megawatthours","megawatthours","megawatthours","megawatthours","megawatthours","megawatthours","megawatthours"
"1999","KY","Kentucky","0","0","12409","193346","92669500","81658150","0","6205408","0","79098015","11011350","12409","3748375","1.04","92681909","79098015","0","0","92681909","92681909","82648834","megawatthours","megawatthours","megawatthours","megawatthours","megawatthours","megawatthours","megawatthours","megawatthours","megawatthours","megawatthours","megawatthours","megawatthours","megawatthours","ratio","megawatthours","megawatthours","megawatthours","megawatthours","megawatthours","megawatthours","megawatthours"
"1999","LA","Louisiana","16806","1521673","22541745","22189003","67383202","64837110","0","6140187","0","78266678","1024419","22558551","1920935","1.02","89941753","78266678","0","0","89941753","89941753","81780174","megawatthours","megawatthours","megawatthours","megawatthours","megawatthours","megawatthours","megawatthours","megawatthours","megawatthours","megawatthours","megawatthours","megawatthours","megawatthours","ratio","megawatthours","megawatthours","megawatthours","megawatthours","megawatthours","megawatthours","megawatthours"
"1999","MA","Massachusetts","427603","6332803","452833","4302809","39694959","4359511","1586664","3876119","0","47820780","29002645","880435","-13045490",".77","42509765","49407444","21","1934370","40575395","42509765","51625405","megawatthours","megawatthours","megawatthours","megawatthours","megawatthours","megawatthours","megawatthours","megawatthours","megawatthours","megawatthours","megawatthours","megawatthours","megawatthours","ratio","megawatthours","megawatthours","megawatthours","megawatthours","megawatthours","megawatthours","megawatthours"
"1999","MD","Maryland","24883","1527960","467759","1091511","51192975","49323828","0","4635440","0","59086225","341187","492643","-14748689",".78","51685618","59086225","0","0","51685618","51685618","61738689","megawatthours","megawatthours","megawatthours","megawatthours","megawatthours","megawatthours","megawatthours","megawatthours","megawatthours","megawatthours","megawatthours","megawatthours","megawatthours","ratio","megawatthours","megawatthours","megawatthours","megawatthours","megawatthours","megawatthours","megawatthours"
"1999","ME","Maine","182346","828690","4524281","3913806","7967301","1189273","0","937003","0","11943634","5949337","4706627","3094417","1.22","17110209","11943634","583136","4436281","12673928","17110209","12479795","megawatthours","megawatthours","megawatthours","megawatthours","megawatthours","megawatthours","megawatthours","megawatthours","megawatthours","megawatthours","megawatthours","megawatthours","megawatthours","ratio","megawatthours","megawatthours","megawatthours","megawatthours","megawatthours","megawatthours","megawatthours"
"1999","MI","Michigan","683703","11079892","1877968","2973171","100678044","87874695","501329","8157531","0","103479677","1723457","2561671","-13892710",".88","104128931","103981006","1108301","889216","103239715","104128931","108648854","megawatthours","megawatthours","megawatthours","megawatthours","megawatthours","megawatthours","megawatthours","megawatthours","megawatthours","megawatthours","megawatthours","megawatthours","megawatthours","ratio","megawatthours","megawatthours","megawatthours","megawatthours","megawatthours","megawatthours","megawatthours"
"1999","MN","Minnesota","130607","605974","2797248","2858845","45591525","44153826","0","4503081","0","57399085","831725","2927855","-10022208",".85","55620155","57399085","1103213","7100775","48519380","55620155","59975811","megawatthours","megawatthours","megawatthours","megawatthours","megawatthours","megawatthours","megawatthours","megawatthours","megawatthours","megawatthours","megawatthours","megawatthours","megawatthours","ratio","megawatthours","megawatthours","megawatthours","megawatthours","megawatthours","megawatthours","megawatthours"
"1999","MO","Missouri","141028","0","169800","310124","73504882","73504882","69318","5416725","0","68975652","0","310828","-3811422",".95","73819269","69044970","122","3559","73815710","73819269","72144489","megawatthours","megawatthours","megawatthours","megawatthours","megawatthours","megawatthours","megawatthours","megawatthours","megawatthours","megawatthours","megawatthours","megawatthours","megawatthours","ratio","megawatthours","megawatthours","megawatthours","megawatthours","megawatthours","megawatthours","megawatthours"
"1999","MS","Mississippi","25084","0","2351101","2381026","32468786","32212133","0","3450308","0","43979792","256653","2376185","-14605799",".7","34844971","43979792","0","0","34844971","34844971","45954101","megawatthours","megawatthours","megawatthours","megawatthours","megawatthours","megawatthours","megawatthours","megawatthours","megawatthours","megawatthours","megawatthours","megawatthours","megawatthours","ratio","megawatthours","megawatthours","megawatthours","megawatthours","megawatthours","megawatthours","megawatthours"
"1999","MT","Montana","0","489744","66572","131849","31352763","27596974","1149744","1041970","0","12131855","3266045","66572","16469590","2.1","31438161","13281599","35360","18826","31419335","31438161","13877828","megawatthours","megawatthours","megawatthours","megawatthours","megawatthours","megawatthours","megawatthours","megawatthours","megawatthours","megawatthours","megawatthours","megawatthours","megawatthours","ratio","megawatthours","megawatthours","megawatthours","megawatthours","megawatthours","megawatthours","megawatthours"
"1999","NC","North Carolina","107359","2834663","4058828","3990375","113191429","109882388","0","9023182","0","115015125","474377","4166187","-11962882",".91","117357616","115015125","0","0","117357616","117357616","120178310","megawatthours","megawatthours","megawatthours","megawatthours","megawatthours","megawatthours","megawatthours","megawatthours","megawatthours","megawatthours","megawatthours","megawatthours","megawatthours","ratio","megawatthours","megawatthours","megawatthours","megawatthours","megawatthours","megawatthours","megawatthours"
"1999","ND","North Dakota","0","0","157573","157573","31259830","31259830","0","714871","0","9112193","0","157573","21011911","2.98","31598555","9112193","341256","181152","31417403","31598555","9521248","megawatthours","megawatthours","megawatthours","megawatthours","megawatthours","megawatthours","megawatthours","megawatthours","megawatthours","megawatthours","megawatthours","megawatthours","megawatthours","ratio","megawatthours","megawatthours","megawatthours","megawatthours","megawatthours","megawatthours","megawatthours"
"1999","NE","Nebraska","18289","8733","47762","74784","29989700","29980967","0","1789494","0","22810012","0","66051","4367738","1.17","30082480","22810012","68382","26729","30055751","30082480","23833981","megawatthours","megawatthours","megawatthours","megawatthours","megawatthours","megawatthours","megawatthours","megawatthours","megawatthours","megawatthours","megawatthours","megawatthours","megawatthours","ratio","megawatthours","megawatthours","megawatthours","megawatthours","megawatthours","megawatthours","megawatthours"
"1999","NH","New Hampshire","27870","94192","373357","461225","15788020","13875659","165209","775741","0","9722869","1818169","401226","7005536","1.63","18123617","9888078","21","1934370","16189247","18123617","10331969","megawatthours","megawatthours","megawatthours","megawatthours","megawatthours","megawatthours","megawatthours","megawatthours","megawatthours","megawatthours","megawatthours","megawatthours","megawatthours","ratio","megawatthours","megawatthours","megawatthours","megawatthours","megawatthours","megawatthours","megawatthours"
"1999","NJ","New Jersey","160361","13524590","3021560","2434464","53621500","38867608","121473","5546812","0","70581680","1229302","3181921","-22693636",".71","56803421","70703153","0","0","56803421","56803421","73877107","megawatthours","megawatthours","megawatthours","megawatthours","megawatthours","megawatthours","megawatthours","megawatthours","megawatthours","megawatthours","megawatthours","megawatthours","megawatthours","ratio","megawatthours","megawatthours","megawatthours","megawatthours","megawatthours","megawatthours","megawatthours"
"1999","NM","New Mexico","56984","524477","285915","387112","32178957","31654480","43800","1415378","0","17997502","0","342899","12236852","1.6","32521856","18041302","0","0","32521856","32521856","18851198","megawatthours","megawatthours","megawatthours","megawatthours","megawatthours","megawatthours","megawatthours","megawatthours","megawatthours","megawatthours","megawatthours","megawatthours","megawatthours","ratio","megawatthours","megawatthours","megawatthours","megawatthours","megawatthours","megawatthours","megawatthours"
"1999","NV","Nevada","0","2334811","0","244027","30532130","26485602","0","2059628","0","26253307","1711717","0","1014149","1.03","30532130","26253307","0","0","30532130","30532130","27431856","megawatthours","megawatthours","megawatthours","megawatthours","megawatthours","megawatthours","megawatthours","megawatthours","megawatthours","megawatthours","megawatthours","megawatthours","megawatthours","ratio","megawatthours","megawatthours","megawatthours","megawatthours","megawatthours","megawatthours","megawatthours"
"1999","NY","New York","834146","21096791","2471286","4344332","142975431","97009440","9543250","10934472","0","129834391","24869200","3305432","-9454649",".94","149450760","139377641","2192729","3169897","146280863","149450760","145634485","megawatthours","megawatthours","megawatthours","megawatthours","megawatthours","megawatthours","megawatthours","megawatthours","megawatthours","megawatthours","megawatthours","megawatthours","megawatthours","ratio","megawatthours","megawatthours","megawatthours","megawatthours","megawatthours","megawatthours","megawatthours"
"1999","OH","Ohio","3436","117106","1297749","1376555","141029246","140912140","0","12887396","0","164270662","0","1301185","-42367776",".77","142330431","164270830","0","0","142330431","142330431","171645163","megawatthours","megawatthours","megawatthours","megawatthours","megawatthours","megawatthours","megawatthours","megawatthours","megawatthours","megawatthours","megawatthours","megawatthours","megawatthours","ratio","megawatthours","megawatthours","megawatthours","megawatthours","megawatthours","megawatthours","megawatthours"
"1999","OK","Oklahoma","39272","3433579","1113717","1002821","53712371","50278792","0","3666588","0","46736630","0","1152989","2316335","1.04","54865361","46736630","0","0","54865361","54865361","48834699","megawatthours","megawatthours","megawatthours","megawatthours","megawatthours","megawatthours","megawatthours","megawatthours","megawatthours","megawatthours","megawatthours","megawatthours","megawatthours","ratio","megawatthours","megawatthours","megawatthours","megawatthours","megawatthours","megawatthours","megawatthours"
"1999","OR","Oregon","6303","3915583","645608","670217","56196436","51698318","547341","3729905","0","46996366","582535","651911","3702055","1.07","57325666","47543707","167483","477320","56848346","57325666","49678010","megawatthours","megawatthours","megawatthours","megawatthours","megawatthours","megawatthours","megawatthours","megawatthours","megawatthours","megawatthours","megawatthours","megawatthours","megawatthours","ratio","megawatthours","megawatthours","megawatthours","megawatthours","megawatthours","megawatthours","megawatthours"
"1999","PA","Pennsylvania","430820","7107445","3764115","4288063","190333112","161595988","32859903","10111170","0","96023410","21629679","4194934","49598244","1.34","194541396","128883313","29760","13350","194528046","194541396","134669051","megawatthours","megawatthours","megawatthours","megawatthours","megawatthours","megawatthours","megawatthours","megawatthours","megawatthours","megawatthours","megawatthours","megawatthours","megawatthours","ratio","megawatthours","megawatthours","megawatthours","megawatthours","megawatthours","megawatthours","megawatthours"
"1999","RI","Rhode Island","48832","472964","2364","61021","6325685","9436","495561","560938","0","6654512","5843285","51196","272035","1.03","8311251","7150073","21","1934370","6376881","8311251","7471046","megawatthours","megawatthours","megawatthours","megawatthours","megawatthours","megawatthours","megawatthours","megawatthours","megawatthours","megawatthours","megawatthours","megawatthours","megawatthours","ratio","megawatthours","megawatthours","megawatthours","megawatthours","megawatthours","megawatthours","megawatthours"
"1999","SC","South Carolina","65164","627468","2153938","1972255","88014407","87347364","0","5750820","0","73303562","39575","2219102","7813160","1.09","90233509","73303562","0","0","90233509","90233509","76594253","megawatthours","megawatthours","megawatthours","megawatthours","megawatthours","megawatthours","megawatthours","megawatthours","megawatthours","megawatthours","megawatthours","megawatthours","megawatthours","ratio","megawatthours","megawatthours","megawatthours","megawatthours","megawatthours","megawatthours","megawatthours"
"1999","SD","South Dakota","0","0","0","0","10557027","10557027","0","621525","0","7922354","0","0","1876577","1.21","10828151","7922354","44132","271124","10557027","10828151","8277995","megawatthours","megawatthours","megawatthours","megawatthours","megawatthours","megawatthours","megawatthours","megawatthours","megawatthours","megawatthours","megawatthours","megawatthours","megawatthours","ratio","megawatthours","megawatthours","megawatthours","megawatthours","megawatthours","megawatthours","megawatthours"
"1999","TN","Tennessee","136410","146","3289134","3381996","89894590","89682569","0","7310199","0","93180379","211876","3425544","-11449997",".89","93320134","93180379","0","0","93320134","93320134","97363370","megawatthours","megawatthours","megawatthours","megawatthours","megawatthours","megawatthours","megawatthours","megawatthours","megawatthours","megawatthours","megawatthours","megawatthours","megawatthours","ratio","megawatthours","megawatthours","megawatthours","megawatthours","megawatthours","megawatthours","megawatthours"
"1999","TX","Texas","503162","25590396","39321347","42987715","319120234","292458336","0","23680318","0","301844180","1071502","39824509","19709773","1.06","359148860","301844180","19575","204117","358944743","359148860","315394362","megawatthours","megawatthours","megawatthours","megawatthours","megawatthours","megawatthours","megawatthours","megawatthours","megawatthours","megawatthours","megawatthours","megawatthours","megawatthours","ratio","megawatthours","megawatthours","megawatthours","megawatthours","megawatthours","megawatthours","megawatthours"
"1999","US","United States","8563054","155404288","156264291","171629285","3529982463","3173673550","76188042","259840277","0","3235899039","200904625","164827345","0","1","3738024552","3312087081","14221773","43214744","3694809808","3738024552","3460478786","megawatthours","megawatthours","megawatthours","megawatthours","megawatthours","megawatthours","megawatthours","megawatthours","megawatthours","megawatthours","megawatthours","megawatthours","megawatthours","ratio","megawatthours","megawatthours","megawatthours","megawatthours","megawatthours","megawatthours","megawatthours"
"1999","UT","Utah","26310","8169","269853","327340","36488465","36071421","0","1716456","0","21879032","408876","296163","12184757","1.5","36784629","21879032","0","0","36784629","36784629","22861208","megawatthours","megawatthours","megawatthours","megawatthours","megawatthours","megawatthours","megawatthours","megawatthours","megawatthours","megawatthours","megawatthours","megawatthours","megawatthours","ratio","megawatthours","megawatthours","megawatthours","megawatthours","megawatthours","megawatthours","megawatthours"
"1999","VA","Virginia","543276","3233798","2641144","2983983","70713189","65071068","0","7298595","0","93032468","2408323","3184420","-30705823",".71","73897608","93032468","0","0","73897608","73897608","97208820","megawatthours","megawatthours","megawatthours","megawatthours","megawatthours","megawatthours","megawatthours","megawatthours","megawatthours","megawatthours","megawatthours","megawatthours","megawatthours","ratio","megawatthours","megawatthours","megawatthours","megawatthours","megawatthours","megawatthours","megawatthours"
"1999","VT","Vermont","0","0","35757","112268","5667836","4734555","0","433631","0","5527328","933281","35757","7161177","2.12","13540985","5527328","165078","7837392","5703593","13540985","5775459","megawatthours","megawatthours","megawatthours","megawatthours","megawatthours","megawatthours","megawatthours","megawatthours","megawatthours","megawatthours","megawatthours","megawatthours","megawatthours","ratio","megawatthours","megawatthours","megawatthours","megawatthours","megawatthours","megawatthours","megawatthours"
"1999","WA","Washington","117921","3047598","1362400","1422104","115603696","112071721","4874988","7769140","0","94155336","484377","1480321","7546923","1.06","125917939","99030324","7025492","8833922","117084017","125917939","103475932","megawatthours","megawatthours","megawatthours","megawatthours","megawatthours","megawatthours","megawatthours","megawatthours","megawatthours","megawatthours","megawatthours","megawatthours","megawatthours","ratio","megawatthours","megawatthours","megawatthours","megawatthours","megawatthours","megawatthours","megawatthours"
"1999","WI","Wisconsin","152010","813001","2636062","2767317","55750779","54704370","0","4985433","0","63547448","233407","2788072","-12513742",".82","58941432","63547448","3248","402581","58538851","58941432","66400179","megawatthours","megawatthours","megawatthours","megawatthours","megawatthours","megawatthours","megawatthours","megawatthours","megawatthours","megawatthours","megawatthours","megawatthours","megawatthours","ratio","megawatthours","megawatthours","megawatthours","megawatthours","megawatthours","megawatthours","megawatthours"
"1999","WV","West Virginia","0","435126","1687816","1763441","93004781","91677692","0","2129505","0","27144008","891963","1687816","64171644","3.1","94692597","27144008","0","0","94692597","94692597","28362540","megawatthours","megawatthours","megawatthours","megawatthours","megawatthours","megawatthours","megawatthours","megawatthours","megawatthours","megawatthours","megawatthours","megawatthours","megawatthours","ratio","megawatthours","megawatthours","megawatthours","megawatthours","megawatthours","megawatthours","megawatthours"
"1999","WY","Wyoming","0","0","670284","670284","42962207","42951057","0","924350","0","11782349","11150","670284","30384413","3.29","43632491","11782349","0","0","43632491","43632491","12311275","megawatthours","megawatthours","megawatthours","megawatthours","megawatthours","megawatthours","megawatthours","megawatthours","megawatthours","megawatthours","megawatthours","megawatthours","megawatthours","ratio","megawatthours","megawatthours","megawatthours","megawatthours","megawatthours","megawatthours","megawatthours"
"1998","AK","Alaska","150828","211373","876375","1104129","4801643","4590270","0","362264","0","5094584","0","1027202","0","1","5829837","5094584","0","992","5828845","5829837","5461375","megawatthours","megawatthours","megawatthours","megawatthours","megawatthours","megawatthours","megawatthours","megawatthours","megawatthours","megawatthours","megawatthours","megawatthours","megawatthours","ratio","megawatthours","megawatthours","megawatthours","megawatthours","megawatthours","megawatthours","megawatthours"
"1998","AL","Alabama","0","842095","5621779","6441674","114240345","113393840","0","5629812","0","79173033","4410","5621779","31423683","1.36","119862125","79173033","0","0","119862125","119862125","82723015","megawatthours","megawatthours","megawatthours","megawatthours","megawatthours","megawatthours","megawatthours","megawatthours","megawatthours","megawatthours","megawatthours","megawatthours","megawatthours","ratio","megawatthours","megawatthours","megawatthours","megawatthours","megawatthours","megawatthours","megawatthours"
"1998","AR","Arkansas","41182","0","2422110","2416635","43202008","43198908","0","2795613","0","39315195","3100","2463292","1749928","1.04","45665300","39315195","0","0","45665300","45665300","41078027","megawatthours","megawatthours","megawatthours","megawatthours","megawatthours","megawatthours","megawatthours","megawatthours","megawatthours","megawatthours","megawatthours","megawatthours","megawatthours","ratio","megawatthours","megawatthours","megawatthours","megawatthours","megawatthours","megawatthours","megawatthours"
"1998","AZ","Arizona","20228","410095","365506","385928","81709336","81299241","0","3970887","0","55843277","0","385735","19724756","1.32","82099071","55843277","0","4000","82095071","82099071","58347198","megawatthours","megawatthours","megawatthours","megawatthours","megawatthours","megawatthours","megawatthours","megawatthours","megawatthours","megawatthours","megawatthours","megawatthours","megawatthours","ratio","megawatthours","megawatthours","megawatthours","megawatthours","megawatthours","megawatthours","megawatthours"
"1998","CA","California","2037539","23266896","17441143","13870511","170122024","114926213","10038283","16812276","0","226395687","31928915","19478682","-75113861",".72","190952568","236433970","1968578","1351861","189600707","190952568","247035270","megawatthours","megawatthours","megawatthours","megawatthours","megawatthours","megawatthours","megawatthours","megawatthours","megawatthours","megawatthours","megawatthours","megawatthours","megawatthours","ratio","megawatthours","megawatthours","megawatthours","megawatthours","megawatthours","megawatthours","megawatthours"
"1998","CO","Colorado","161072","2850204","90582","507183","38629910","35471294","0","2814047","0","39574437","308412","251654","-5320256",".88","38882764","39574437","0","1200","38881564","38882764","41348891","megawatthours","megawatthours","megawatthours","megawatthours","megawatthours","megawatthours","megawatthours","megawatthours","megawatthours","megawatthours","megawatthours","megawatthours","megawatthours","ratio","megawatthours","megawatthours","megawatthours","megawatthours","megawatthours","megawatthours","megawatthours"
"1998","CT","Connecticut","481675","2263539","362505","598457","18847313","15122925","0","2059005","0","28956144","1460849","844180","-10892219",".66","21457064","28956144","6239","1765571","19691493","21457064","30254484","megawatthours","megawatthours","megawatthours","megawatthours","megawatthours","megawatthours","megawatthours","megawatthours","megawatthours","megawatthours","megawatthours","megawatthours","megawatthours","ratio","megawatthours","megawatthours","megawatthours","megawatthours","megawatthours","megawatthours","megawatthours"
"1998","DC","District of Columbia","0","0","0","0","243975","243975","0","731063","0","10281067","0","0","-11239425",".02","243975","10281067","0","0","243975","243975","10742056","megawatthours","megawatthours","megawatthours","megawatthours","megawatthours","megawatthours","megawatthours","megawatthours","megawatthours","megawatthours","megawatthours","megawatthours","megawatthours","ratio","megawatthours","megawatthours","megawatthours","megawatthours","megawatthours","megawatthours","megawatthours"
"1998","DE","Delaware","0","0","580846","580846","6317738","6317738","0","739366","0","10397825","0","580846","-4715811",".59","6898584","10397825","0","0","6898584","6898584","10864051","megawatthours","megawatthours","megawatthours","megawatthours","megawatthours","megawatthours","megawatthours","megawatthours","megawatthours","megawatthours","megawatthours","megawatthours","megawatthours","ratio","megawatthours","megawatthours","megawatthours","megawatthours","megawatthours","megawatthours","megawatthours"
"1998","FL","Florida","132489","9348091","6443329","7229835","183053177","169447167","0","13322354","0","187354592","4257920","6575818","-19643197",".91","189628995","187354592","0","0","189628995","189628995","195755253","megawatthours","megawatthours","megawatthours","megawatthours","megawatthours","megawatthours","megawatthours","megawatthours","megawatthours","megawatthours","megawatthours","megawatthours","megawatthours","ratio","megawatthours","megawatthours","megawatthours","megawatthours","megawatthours","megawatthours","megawatthours"
"1998","GA","Georgia","17786","791807","5390500","5422551","109915421","108716930","0","7873067","0","110720323","406684","5408285","-8350336",".93","115323706","110720323","0","0","115323706","115323706","115684832","megawatthours","megawatthours","megawatthours","megawatthours","megawatthours","megawatthours","megawatthours","megawatthours","megawatthours","megawatthours","megawatthours","megawatthours","megawatthours","ratio","megawatthours","megawatthours","megawatthours","megawatthours","megawatthours","megawatthours","megawatthours"
"1998","HI","Hawaii","0","2789931","489878","432239","9738204","6301169","0","658533","0","9261071","647104","489878","0","1","10228082","9261071","0","0","10228082","10228082","9559856","megawatthours","megawatthours","megawatthours","megawatthours","megawatthours","megawatthours","megawatthours","megawatthours","megawatthours","megawatthours","megawatthours","megawatthours","megawatthours","ratio","megawatthours","megawatthours","megawatthours","megawatthours","megawatthours","megawatthours","megawatthours"
"1998","IA","Iowa","108037","145669","1086550","1296156","37254201","37085476","0","2653618","0","37318292","23057","1194587","-3168399",".92","38556676","37318292","41264","107888","38448788","38556676","38991579","megawatthours","megawatthours","megawatthours","megawatthours","megawatthours","megawatthours","megawatthours","megawatthours","megawatthours","megawatthours","megawatthours","megawatthours","megawatthours","ratio","megawatthours","megawatthours","megawatthours","megawatthours","megawatthours","megawatthours","megawatthours"
"1998","ID","Idaho","0","214535","758335","772803","13150338","11978079","800607","1569842","0","21276346","957724","758335","-10602499",".57","14057116","22076953","70","148443","13908673","14057116","23066854","megawatthours","megawatthours","megawatthours","megawatthours","megawatthours","megawatthours","megawatthours","megawatthours","megawatthours","megawatthours","megawatthours","megawatthours","megawatthours","ratio","megawatthours","megawatthours","megawatthours","megawatthours","megawatthours","megawatthours","megawatthours"
"1998","IL","Illinois","269841","293627","3106334","3615722","135088388","131273709","479696","9364678","0","131217397","3521052","3376175","-8637603",".94","138464563","131697093","0","0","138464563","138464563","137602175","megawatthours","megawatthours","megawatthours","megawatthours","megawatthours","megawatthours","megawatthours","megawatthours","megawatthours","megawatthours","megawatthours","megawatthours","megawatthours","ratio","megawatthours","megawatthours","megawatthours","megawatthours","megawatthours","megawatthours","megawatthours"
"1998","IN","Indiana","196594","0","3715306","4298130","113559624","112771878","0","6546092","0","92058825","787746","3911900","14642484","1.14","117471525","92058825","0","0","117471525","117471525","96186592","megawatthours","megawatthours","megawatthours","megawatthours","megawatthours","megawatthours","megawatthours","megawatthours","megawatthours","megawatthours","megawatthours","megawatthours","megawatthours","ratio","megawatthours","megawatthours","megawatthours","megawatthours","megawatthours","megawatthours","megawatthours"
"1998","KS","Kansas","1243","0","91732","93703","41492252","41480827","0","2427630","0","34140176","11425","92975","3456095","1.09","41588927","34140176","0","3700","41585227","41588927","35670968","megawatthours","megawatthours","megawatthours","megawatthours","megawatthours","megawatthours","megawatthours","megawatthours","megawatthours","megawatthours","megawatthours","megawatthours","megawatthours","ratio","megawatthours","megawatthours","megawatthours","megawatthours","megawatthours","megawatthours","megawatthours"
"1998","KY","Kentucky","0","0","15652","11314","90917375","86151121","0","5393541","0","75850311","4766254","15652","6212315","1.07","90933027","75850311","0","0","90933027","90933027","79251310","megawatthours","megawatthours","megawatthours","megawatthours","megawatthours","megawatthours","megawatthours","megawatthours","megawatthours","megawatthours","megawatthours","megawatthours","megawatthours","ratio","megawatthours","megawatthours","megawatthours","megawatthours","megawatthours","megawatthours","megawatthours"
"1998","LA","Louisiana","28405","1663546","20584810","20351947","69035397","66107474","0","5526212","0","77716091","1264378","20613215","2823583","1.03","89648612","77716091","0","0","89648612","89648612","81200748","megawatthours","megawatthours","megawatthours","megawatthours","megawatthours","megawatthours","megawatthours","megawatthours","megawatthours","megawatthours","megawatthours","megawatthours","megawatthours","ratio","megawatthours","megawatthours","megawatthours","megawatthours","megawatthours","megawatthours","megawatthours"
"1998","MA","Massachusetts","358603","6295786","392163","1851289","44932848","26036881","0","3456342","0","48607144","12600181","750766","-6850456",".87","47449185","48607144","6239","1765571","45683614","47449185","50786602","megawatthours","megawatthours","megawatthours","megawatthours","megawatthours","megawatthours","megawatthours","megawatthours","megawatthours","megawatthours","megawatthours","megawatthours","megawatthours","ratio","megawatthours","megawatthours","megawatthours","megawatthours","megawatthours","megawatthours","megawatthours"
"1998","MD","Maryland","29566","1404885","399999","1065636","50223452","48513503","0","4112417","0","57833638","305063","429565","-13945102",".78","50653017","57833638","0","0","50653017","50653017","60426803","megawatthours","megawatthours","megawatthours","megawatthours","megawatthours","megawatthours","megawatthours","megawatthours","megawatthours","megawatthours","megawatthours","megawatthours","megawatthours","ratio","megawatthours","megawatthours","megawatthours","megawatthours","megawatthours","megawatthours","megawatthours"
"1998","ME","Maine","201274","841585","4606816","4659261","6195230","3549008","0","824757","0","11598695","1804636","4808090","1984713","1.15","14960269","11598695","15775","3956949","11003320","14960269","12118766","megawatthours","megawatthours","megawatthours","megawatthours","megawatthours","megawatthours","megawatthours","megawatthours","megawatthours","megawatthours","megawatthours","megawatthours","megawatthours","ratio","megawatthours","megawatthours","megawatthours","megawatthours","megawatthours","megawatthours","megawatthours"
"1998","MI","Michigan","638193","11014262","1931810","2872197","97907390","85146307","0","7146765","0","100506195","1746821","2570003","-13319056",".89","102504865","100506195","3561049","2027472","100477393","102504865","105012728","megawatthours","megawatthours","megawatthours","megawatthours","megawatthours","megawatthours","megawatthours","megawatthours","megawatthours","megawatthours","megawatthours","megawatthours","megawatthours","ratio","megawatthours","megawatthours","megawatthours","megawatthours","megawatthours","megawatthours","megawatthours"
"1998","MN","Minnesota","123878","650177","2761277","2899574","45132750","43976935","0","4034939","0","56744047","505638","2885155","-7428906",".88","56971792","56744047","1017758","8953887","48017905","56971792","59288357","megawatthours","megawatthours","megawatthours","megawatthours","megawatthours","megawatthours","megawatthours","megawatthours","megawatthours","megawatthours","megawatthours","megawatthours","megawatthours","ratio","megawatthours","megawatthours","megawatthours","megawatthours","megawatthours","megawatthours","megawatthours"
"1998","MO","Missouri","116623","0","176535","293159","74894188","74894188","24373","4907137","0","68985563","0","293159","-1893028",".98","75187946","69009936","314","599","75187347","75187946","72104219","megawatthours","megawatthours","megawatthours","megawatthours","megawatthours","megawatthours","megawatthours","megawatthours","megawatthours","megawatthours","megawatthours","megawatthours","megawatthours","ratio","megawatthours","megawatthours","megawatthours","megawatthours","megawatthours","megawatthours","megawatthours"
"1998","MS","Mississippi","21861","0","2391461","2417381","31995735","31991676","0","3022805","0","42510238","4059","2413322","-13075003",".72","34409057","42510238","0","0","34409057","34409057","44416327","megawatthours","megawatthours","megawatthours","megawatthours","megawatthours","megawatthours","megawatthours","megawatthours","megawatthours","megawatthours","megawatthours","megawatthours","megawatthours","ratio","megawatthours","megawatthours","megawatthours","megawatthours","megawatthours","megawatthours","megawatthours"
"1998","MT","Montana","0","442824","59336","109500","28401180","27616913","371268","1005806","0","13773564","341443","59336","12684082","1.8","28487356","14144832","4153","26840","28460516","28487356","14779060","megawatthours","megawatthours","megawatthours","megawatthours","megawatthours","megawatthours","megawatthours","megawatthours","megawatthours","megawatthours","megawatthours","megawatthours","megawatthours","ratio","megawatthours","megawatthours","megawatthours","megawatthours","megawatthours","megawatthours","megawatthours"
"1998","NC","North Carolina","118786","3024234","4656616","4567766","116603424","113112235","0","8077572","0","113596306","466955","4775401","-5506688",".96","121378825","113596306","0","0","121378825","121378825","118689777","megawatthours","megawatthours","megawatthours","megawatthours","megawatthours","megawatthours","megawatthours","megawatthours","megawatthours","megawatthours","megawatthours","megawatthours","megawatthours","ratio","megawatthours","megawatthours","megawatthours","megawatthours","megawatthours","megawatthours","megawatthours"
"1998","ND","North Dakota","0","0","152974","152974","30518976","30518976","0","584532","0","8220384","0","152974","21289803","3.22","30895741","8220384","424064","223791","30671950","30895741","8588968","megawatthours","megawatthours","megawatthours","megawatthours","megawatthours","megawatthours","megawatthours","megawatthours","megawatthours","megawatthours","megawatthours","megawatthours","megawatthours","ratio","megawatthours","megawatthours","megawatthours","megawatthours","megawatthours","megawatthours","megawatthours"
"1998","NE","Nebraska","20573","8400","47610","76582","28728609","28720209","0","1645781","0","23144897","0","68183","2896873","1.11","28826393","23144897","77840","29602","28796791","28826393","24182678","megawatthours","megawatthours","megawatthours","megawatthours","megawatthours","megawatthours","megawatthours","megawatthours","megawatthours","megawatthours","megawatthours","megawatthours","megawatthours","ratio","megawatthours","megawatthours","megawatthours","megawatthours","megawatthours","megawatthours","megawatthours"
"1998","NH","New Hampshire","26113","92418","372321","459167","15690418","14237580","49467","661528","0","9253715","1360420","398434","7456564","1.72","17854423","9303182","6239","1765571","16088852","17854423","9720329","megawatthours","megawatthours","megawatthours","megawatthours","megawatthours","megawatthours","megawatthours","megawatthours","megawatthours","megawatthours","megawatthours","megawatthours","megawatthours","ratio","megawatthours","megawatthours","megawatthours","megawatthours","megawatthours","megawatthours","megawatthours"
"1998","NJ","New Jersey","158334","13598422","3052189","2368657","50647109","35911086","0","4846808","0","68161512","1137601","3210523","-22277464",".71","53857632","68161512","0","0","53857632","53857632","71217757","megawatthours","megawatthours","megawatthours","megawatthours","megawatthours","megawatthours","megawatthours","megawatthours","megawatthours","megawatthours","megawatthours","megawatthours","megawatthours","ratio","megawatthours","megawatthours","megawatthours","megawatthours","megawatthours","megawatthours","megawatthours"
"1998","NM","New Mexico","55629","519633","320475","411715","31947965","31428332","0","1292249","0","18173120","0","376104","12025263","1.59","32324069","18173120","0","0","32324069","32324069","18987972","megawatthours","megawatthours","megawatthours","megawatthours","megawatthours","megawatthours","megawatthours","megawatthours","megawatthours","megawatthours","megawatthours","megawatthours","megawatthours","ratio","megawatthours","megawatthours","megawatthours","megawatthours","megawatthours","megawatthours","megawatthours"
"1998","NV","Nevada","0","2311913","0","247885","30613520","26552567","0","1780329","0","25037075","1749040","0","2648205","1.09","30613520","25037075","0","0","30613520","30613520","26159700","megawatthours","megawatthours","megawatthours","megawatthours","megawatthours","megawatthours","megawatthours","megawatthours","megawatthours","megawatthours","megawatthours","megawatthours","megawatthours","ratio","megawatthours","megawatthours","megawatthours","megawatthours","megawatthours","megawatthours","megawatthours"
"1998","NY","New York","1077433","21458712","3171069","3941806","140614749","115840453","3034117","9542336","0","131161408","3315584","4248502","-4203580",".97","147363047","134195525","1673523","2499796","144863251","147363047","140212631","megawatthours","megawatthours","megawatthours","megawatthours","megawatthours","megawatthours","megawatthours","megawatthours","megawatthours","megawatthours","megawatthours","megawatthours","megawatthours","ratio","megawatthours","megawatthours","megawatthours","megawatthours","megawatthours","megawatthours","megawatthours"
"1998","OH","Ohio","50934","155195","1285771","1455116","146603354","146448159","168","11362526","0","159793176","0","1336704","-30541752",".83","147940058","159793176","0","0","147940058","147940058","166958036","megawatthours","megawatthours","megawatthours","megawatthours","megawatthours","megawatthours","megawatthours","megawatthours","megawatthours","megawatthours","megawatthours","megawatthours","megawatthours","ratio","megawatthours","megawatthours","megawatthours","megawatthours","megawatthours","megawatthours","megawatthours"
"1998","OK","Oklahoma","36100","3538830","1200278","1141401","54992866","51454036","0","3405816","0","47896575","0","1236377","2730208","1.05","56229243","47896575","0","0","56229243","56229243","50044182","megawatthours","megawatthours","megawatthours","megawatthours","megawatthours","megawatthours","megawatthours","megawatthours","megawatthours","megawatthours","megawatthours","megawatthours","megawatthours","ratio","megawatthours","megawatthours","megawatthours","megawatthours","megawatthours","megawatthours","megawatthours"
"1998","OR","Oregon","5135","3686437","594290","627227","50549058","46352310","1823954","3335425","0","45082707","510311","599426","-653056",".99","51852887","46906661","113109","704403","51148484","51852887","49009875","megawatthours","megawatthours","megawatthours","megawatthours","megawatthours","megawatthours","megawatthours","megawatthours","megawatthours","megawatthours","megawatthours","megawatthours","megawatthours","ratio","megawatthours","megawatthours","megawatthours","megawatthours","megawatthours","megawatthours","megawatthours"
"1998","PA","Pennsylvania","433431","7732456","3890981","4444106","186867107","173903236","3948377","9258678","0","126258034","5231415","4324413","45589687","1.31","191202485","130206411","174823","10965","191191520","191202485","136044645","megawatthours","megawatthours","megawatthours","megawatthours","megawatthours","megawatthours","megawatthours","megawatthours","megawatthours","megawatthours","megawatthours","megawatthours","megawatthours","ratio","megawatthours","megawatthours","megawatthours","megawatthours","megawatthours","megawatthours","megawatthours"
"1998","RI","Rhode Island","51290","518320","15102","74062","7608119","2061351","19287","489764","0","6868343","5028448","66393","1740659","1.23","9440083","6887630","6239","1765571","7674512","9440083","7196460","megawatthours","megawatthours","megawatthours","megawatthours","megawatthours","megawatthours","megawatthours","megawatthours","megawatthours","megawatthours","megawatthours","megawatthours","megawatthours","ratio","megawatthours","megawatthours","megawatthours","megawatthours","megawatthours","megawatthours","megawatthours"
"1998","SC","South Carolina","63136","349393","2373482","2209065","84809942","84396897","0","5152029","0","72453886","63652","2436618","6317267","1.08","87246560","72453886","0","0","87246560","87246560","75702600","megawatthours","megawatthours","megawatthours","megawatthours","megawatthours","megawatthours","megawatthours","megawatthours","megawatthours","megawatthours","megawatthours","megawatthours","megawatthours","ratio","megawatthours","megawatthours","megawatthours","megawatthours","megawatthours","megawatthours","megawatthours"
"1998","SD","South Dakota","0","0","0","0","9088990","9088990","0","556349","0","7824031","0","0","320034","1.04","9111362","7824031","52309","22372","9088990","9111362","8174846","megawatthours","megawatthours","megawatthours","megawatthours","megawatthours","megawatthours","megawatthours","megawatthours","megawatthours","megawatthours","megawatthours","megawatthours","megawatthours","ratio","megawatthours","megawatthours","megawatthours","megawatthours","megawatthours","megawatthours","megawatthours"
"1998","TN","Tennessee","142588","177","3422422","3534364","94163447","94142638","0","6524124","0","91749889","20632","3565010","-4754751",".95","97728457","91749889","0","0","97728457","97728457","95863800","megawatthours","megawatthours","megawatthours","megawatthours","megawatthours","megawatthours","megawatthours","megawatthours","megawatthours","megawatthours","megawatthours","megawatthours","megawatthours","ratio","megawatthours","megawatthours","megawatthours","megawatthours","megawatthours","megawatthours","megawatthours"
"1998","TX","Texas","481985","23625873","37960871","39313178","316877309","293068377","0","21666855","0","304704764","183059","38442856","15675830","1.05","356058535","304704764","4625","738369","355320166","356058535","318367207","megawatthours","megawatthours","megawatthours","megawatthours","megawatthours","megawatthours","megawatthours","megawatthours","megawatthours","megawatthours","megawatthours","megawatthours","megawatthours","ratio","megawatthours","megawatthours","megawatthours","megawatthours","megawatthours","megawatthours","megawatthours"
"1998","US","United States","8748086","153790021","154131767","160865884","3457415645","3212170791","24412293","232111946","0","3239818459","91454833","162879854","0","1","3659808827","3264230752","13656482","39513328","3620295499","3659808827","3410615303","megawatthours","megawatthours","megawatthours","megawatthours","megawatthours","megawatthours","megawatthours","megawatthours","megawatthours","megawatthours","megawatthours","megawatthours","megawatthours","ratio","megawatthours","megawatthours","megawatthours","megawatthours","megawatthours","megawatthours","megawatthours"
"1998","UT","Utah","25714","0","328987","385813","35555728","35160477","0","1471953","0","20700326","395251","354701","12790436","1.55","35911973","20700326","0","1544","35910429","35911973","21628498","megawatthours","megawatthours","megawatthours","megawatthours","megawatthours","megawatthours","megawatthours","megawatthours","megawatthours","megawatthours","megawatthours","megawatthours","megawatthours","ratio","megawatthours","megawatthours","megawatthours","megawatthours","megawatthours","megawatthours","megawatthours"
"1998","VA","Virginia","610415","2827119","2662167","3093533","68926861","63814565","0","6442963","0","90608523","2285178","3272582","-29008475",".71","72199443","90608523","0","0","72199443","72199443","94671253","megawatthours","megawatthours","megawatthours","megawatthours","megawatthours","megawatthours","megawatthours","megawatthours","megawatthours","megawatthours","megawatthours","megawatthours","megawatthours","ratio","megawatthours","megawatthours","megawatthours","megawatthours","megawatthours","megawatthours","megawatthours"
"1998","VT","Vermont","0","0","44534","54456","4901763","4393537","0","381369","0","5363258","508226","44534","2816507","1.46","8873957","5363258","66924","3927660","4946297","8873957","5603740","megawatthours","megawatthours","megawatthours","megawatthours","megawatthours","megawatthours","megawatthours","megawatthours","megawatthours","megawatthours","megawatthours","megawatthours","megawatthours","ratio","megawatthours","megawatthours","megawatthours","megawatthours","megawatthours","megawatthours","megawatthours"
"1998","WA","Washington","115581","3245935","1319234","1384728","100723694","97127552","3822864","6746172","0","91049725","350206","1434815","-1343594",".99","109027212","94872589","4401860","6868703","102158509","109027212","99126517","megawatthours","megawatthours","megawatthours","megawatthours","megawatthours","megawatthours","megawatthours","megawatthours","megawatthours","megawatthours","megawatthours","megawatthours","megawatthours","ratio","megawatthours","megawatthours","megawatthours","megawatthours","megawatthours","megawatthours","megawatthours"
"1998","WI","Wisconsin","137991","913015","2623074","2752192","53686366","52529065","0","4413031","0","62061221","244286","2761065","-12067833",".83","57287439","62061221","33488","840008","56447431","57287439","64843940","megawatthours","megawatthours","megawatthours","megawatthours","megawatthours","megawatthours","megawatthours","megawatthours","megawatthours","megawatthours","megawatthours","megawatthours","megawatthours","ratio","megawatthours","megawatthours","megawatthours","megawatthours","megawatthours","megawatthours","megawatthours"
"1998","WV","West Virginia","0","442614","1828473","1926151","90993714","89605447","0","1885155","0","26511261","945653","1828473","63208614","3.13","92822187","26511261","0","0","92822187","92822187","27699980","megawatthours","megawatthours","megawatthours","megawatthours","megawatthours","megawatthours","megawatthours","megawatthours","megawatthours","megawatthours","megawatthours","megawatthours","megawatthours","ratio","megawatthours","megawatthours","megawatthours","megawatthours","megawatthours","megawatthours","megawatthours"
"1998","WY","Wyoming","0","0","646180","646180","44701116","44699071","0","827734","0","11640566","2045","646180","32344762","3.49","45347296","11640566","0","0","45347296","45347296","12162513","megawatthours","megawatthours","megawatthours","megawatthours","megawatthours","megawatthours","megawatthours","megawatthours","megawatthours","megawatthours","megawatthours","megawatthours","megawatthours","ratio","megawatthours","megawatthours","megawatthours","megawatthours","megawatthours","megawatthours","megawatthours"
"1997","AK","Alaska","225346","0","821497","1045859","5108003","5108003","0","364961","0","4840529","0","1046843","0","1","6156475","4840529","0","1629","6154846","6156475","5785627","megawatthours","megawatthours","megawatthours","megawatthours","megawatthours","megawatthours","megawatthours","megawatthours","megawatthours","megawatthours","megawatthours","megawatthours","megawatthours","ratio","megawatthours","megawatthours","megawatthours","megawatthours","megawatthours","megawatthours","megawatthours"
"1997","AL","Alabama","0","683325","5170528","5827652","114371803","113683627","0","5621134","0","74553869","4852","5170528","35978305","1.43","119542331","74553869","0","0","119542331","119542331","77862510","megawatthours","megawatthours","megawatthours","megawatthours","megawatthours","megawatthours","megawatthours","megawatthours","megawatthours","megawatthours","megawatthours","megawatthours","megawatthours","ratio","megawatthours","megawatthours","megawatthours","megawatthours","megawatthours","megawatthours","megawatthours"
"1997","AR","Arkansas","41799","0","2357719","2374581","42794081","42789637","0","2778945","0","36857530","4444","2399518","3882185","1.09","45193599","36857530","0","0","45193599","45193599","38493237","megawatthours","megawatthours","megawatthours","megawatthours","megawatthours","megawatthours","megawatthours","megawatthours","megawatthours","megawatthours","megawatthours","megawatthours","megawatthours","ratio","megawatthours","megawatthours","megawatthours","megawatthours","megawatthours","megawatthours","megawatthours"
"1997","AZ","Arizona","18785","382526","363392","381862","78443024","78060498","0","4105804","0","54455835","0","382177","17906853","1.29","78988401","54455835","48360","163200","78825201","78988401","56872546","megawatthours","megawatthours","megawatthours","megawatthours","megawatthours","megawatthours","megawatthours","megawatthours","megawatthours","megawatthours","megawatthours","megawatthours","megawatthours","ratio","megawatthours","megawatthours","megawatthours","megawatthours","megawatthours","megawatthours","megawatthours"
"1997","CA","California","2031715","21931565","18064398","12576708","152701482","112183063","3887","17181465","0","227876239","18586854","20096113","-81298045",".68","174468960","227880126","351817","1671365","172797595","174468960","237993266","megawatthours","megawatthours","megawatthours","megawatthours","megawatthours","megawatthours","megawatthours","megawatthours","megawatthours","megawatthours","megawatthours","megawatthours","megawatthours","ratio","megawatthours","megawatthours","megawatthours","megawatthours","megawatthours","megawatthours","megawatthours"
"1997","CO","Colorado","153690","2725860","89334","636824","37399536","34375573","0","2870303","0","38069234","298104","243024","-4982139",".88","37685582","38069234","0","43021","37642561","37685582","39758712","megawatthours","megawatthours","megawatthours","megawatthours","megawatthours","megawatthours","megawatthours","megawatthours","megawatthours","megawatthours","megawatthours","megawatthours","megawatthours","ratio","megawatthours","megawatthours","megawatthours","megawatthours","megawatthours","megawatthours","megawatthours"
"1997","CT","Connecticut","515058","2320840","364152","704595","16795086","13227766","0","2143693","0","28432096","1246481","879210","-12493084",".61","19373640","28432096","0","1699344","17674296","19373640","29693894","megawatthours","megawatthours","megawatthours","megawatthours","megawatthours","megawatthours","megawatthours","megawatthours","megawatthours","megawatthours","megawatthours","megawatthours","megawatthours","ratio","megawatthours","megawatthours","megawatthours","megawatthours","megawatthours","megawatthours","megawatthours"
"1997","DC","District of Columbia","0","0","0","0","70661","70661","0","762020","0","10106781","0","0","-11256777",".01","70661","10106781","0","0","70661","70661","10555311","megawatthours","megawatthours","megawatthours","megawatthours","megawatthours","megawatthours","megawatthours","megawatthours","megawatthours","megawatthours","megawatthours","megawatthours","megawatthours","ratio","megawatthours","megawatthours","megawatthours","megawatthours","megawatthours","megawatthours","megawatthours"
"1997","DE","Delaware","0","0","644036","644036","6578599","6578599","0","763200","0","10122428","0","644036","-4122987",".64","7222635","10122428","0","0","7222635","7222635","10571655","megawatthours","megawatthours","megawatthours","megawatthours","megawatthours","megawatthours","megawatthours","megawatthours","megawatthours","megawatthours","megawatthours","megawatthours","megawatthours","ratio","megawatthours","megawatthours","megawatthours","megawatthours","megawatthours","megawatthours","megawatthours"
"1997","FL","Florida","126566","9779297","6641554","7173492","161478874","147983676","0","13197557","0","175041015","3715901","6768120","-27941977",".86","168246994","175041015","0","0","168246994","168246994","182809199","megawatthours","megawatthours","megawatthours","megawatthours","megawatthours","megawatthours","megawatthours","megawatthours","megawatthours","megawatthours","megawatthours","megawatthours","megawatthours","ratio","megawatthours","megawatthours","megawatthours","megawatthours","megawatthours","megawatthours","megawatthours"
"1997","GA","Georgia","6242","568074","5052566","5630402","102567151","101780433","0","7709330","0","102249914","218644","5058808","-6978930",".94","107625959","102249914","0","0","107625959","107625959","106787678","megawatthours","megawatthours","megawatthours","megawatthours","megawatthours","megawatthours","megawatthours","megawatthours","megawatthours","megawatthours","megawatthours","megawatthours","megawatthours","ratio","megawatthours","megawatthours","megawatthours","megawatthours","megawatthours","megawatthours","megawatthours"
"1997","HI","Hawaii","0","2868654","574690","469097","9737556","6212643","0","705949","0","9363099","656259","574690","0","1","10312247","9363099","0","0","10312247","10312247","9596465","megawatthours","megawatthours","megawatthours","megawatthours","megawatthours","megawatthours","megawatthours","megawatthours","megawatthours","megawatthours","megawatthours","megawatthours","megawatthours","ratio","megawatthours","megawatthours","megawatthours","megawatthours","megawatthours","megawatthours","megawatthours"
"1997","IA","Iowa","112261","130284","1097517","1304141","34209160","34064343","0","2725447","0","36147983","14534","1209778","-4931097",".88","35584001","36147983","0","165062","35418939","35584001","37752198","megawatthours","megawatthours","megawatthours","megawatthours","megawatthours","megawatthours","megawatthours","megawatthours","megawatthours","megawatthours","megawatthours","megawatthours","megawatthours","ratio","megawatthours","megawatthours","megawatthours","megawatthours","megawatthours","megawatthours","megawatthours"
"1997","ID","Idaho","0","205317","707971","718779","14881039","13511823","1158549","1688426","0","21235282","1163899","707971","-9340466",".63","15758823","22393831","100","169813","15589010","15758823","23387650","megawatthours","megawatthours","megawatthours","megawatthours","megawatthours","megawatthours","megawatthours","megawatthours","megawatthours","megawatthours","megawatthours","megawatthours","megawatthours","ratio","megawatthours","megawatthours","megawatthours","megawatthours","megawatthours","megawatthours","megawatthours"
"1997","IL","Illinois","289332","281664","3113554","3453832","131737883","131138327","504614","9571891","0","126448704","317891","3402887","-7148924",".95","135140769","126953318","0","0","135140769","135140769","132587395","megawatthours","megawatthours","megawatthours","megawatthours","megawatthours","megawatthours","megawatthours","megawatthours","megawatthours","megawatthours","megawatthours","megawatthours","megawatthours","ratio","megawatthours","megawatthours","megawatthours","megawatthours","megawatthours","megawatthours","megawatthours"
"1997","IN","Indiana","198162","0","3979882","4178921","110550863","110466291","0","6721382","0","89146614","84572","4178044","14811335","1.15","114728907","89146614","0","0","114728907","114728907","93102865","megawatthours","megawatthours","megawatthours","megawatthours","megawatthours","megawatthours","megawatthours","megawatthours","megawatthours","megawatthours","megawatthours","megawatthours","megawatthours","ratio","megawatthours","megawatthours","megawatthours","megawatthours","megawatthours","megawatthours","megawatthours"
"1997","KS","Kansas","912","0","58976","60780","37857597","37843716","0","2433060","0","32270009","13881","59888","1750317","1.05","37917835","32270009","0","350","37917485","37917835","33702127","megawatthours","megawatthours","megawatthours","megawatthours","megawatthours","megawatthours","megawatthours","megawatthours","megawatthours","megawatthours","megawatthours","megawatthours","megawatthours","ratio","megawatthours","megawatthours","megawatthours","megawatthours","megawatthours","megawatthours","megawatthours"
"1997","KY","Kentucky","0","0","14049","9540","91558046","91558046","0","5793162","0","76835514","0","14049","5456680","1.06","91572095","76835514","0","0","91572095","91572095","80245408","megawatthours","megawatthours","megawatthours","megawatthours","megawatthours","megawatthours","megawatthours","megawatthours","megawatthours","megawatthours","megawatthours","megawatthours","megawatthours","ratio","megawatthours","megawatthours","megawatthours","megawatthours","megawatthours","megawatthours","megawatthours"
"1997","LA","Louisiana","31554","1567758","18849547","18941462","63940541","61120002","0","5721547","0","75885666","1252781","18881101","-2248147",".97","82821642","75885666","0","0","82821642","82821642","79253415","megawatthours","megawatthours","megawatthours","megawatthours","megawatthours","megawatthours","megawatthours","megawatthours","megawatthours","megawatthours","megawatthours","megawatthours","megawatthours","ratio","megawatthours","megawatthours","megawatthours","megawatthours","megawatthours","megawatthours","megawatthours"
"1997","MA","Massachusetts","347403","6646586","513101","1065147","44104826","33898697","222511","3610145","0","47659344","3559542","860504","-6837557",".87","46828343","47881855","0","1863013","44965330","46828343","50006808","megawatthours","megawatthours","megawatthours","megawatthours","megawatthours","megawatthours","megawatthours","megawatthours","megawatthours","megawatthours","megawatthours","megawatthours","megawatthours","ratio","megawatthours","megawatthours","megawatthours","megawatthours","megawatthours","megawatthours","megawatthours"
"1997","MD","Maryland","30063","1376564","457962","586429","46219370","44552905","0","4242170","0","56264488","289901","488026","-16353088",".74","46707396","56264488","0","0","46707396","46707396","58761463","megawatthours","megawatthours","megawatthours","megawatthours","megawatthours","megawatthours","megawatthours","megawatthours","megawatthours","megawatthours","megawatthours","megawatthours","megawatthours","ratio","megawatthours","megawatthours","megawatthours","megawatthours","megawatthours","megawatthours","megawatthours"
"1997","ME","Maine","206785","787336","4521466","4453381","5605156","3222785","0","901667","0","11958939","1595035","4728250","358974","1.03","13774466","11958939","7744","3441059","10333407","13774466","12489668","megawatthours","megawatthours","megawatthours","megawatthours","megawatthours","megawatthours","megawatthours","megawatthours","megawatthours","megawatthours","megawatthours","megawatthours","megawatthours","ratio","megawatthours","megawatthours","megawatthours","megawatthours","megawatthours","megawatthours","megawatthours"
"1997","MI","Michigan","635704","12287614","2803340","4098164","103531717","89564616","0","7342958","0","97390660","1679487","3439043","-806667",".99","110355052","97390660","2004494","3384292","106970760","110355052","101712779","megawatthours","megawatthours","megawatthours","megawatthours","megawatthours","megawatthours","megawatthours","megawatthours","megawatthours","megawatthours","megawatthours","megawatthours","megawatthours","ratio","megawatthours","megawatthours","megawatthours","megawatthours","megawatthours","megawatthours","megawatthours"
"1997","MN","Minnesota","129405","50352","2312611","2313512","40798280","40302526","0","4197671","0","55674293","445402","2442015","-9271152",".85","53249483","55674293","119906","10009187","43240296","53249483","58145070","megawatthours","megawatthours","megawatthours","megawatthours","megawatthours","megawatthours","megawatthours","megawatthours","megawatthours","megawatthours","megawatthours","megawatthours","megawatthours","ratio","megawatthours","megawatthours","megawatthours","megawatthours","megawatthours","megawatthours","megawatthours"
"1997","MO","Missouri","117933","0","183014","300947","71073239","71073239","38806","4954434","0","65672525","0","300947","-2272656",".97","71375346","65711331","0","1160","71374186","71375346","68627556","megawatthours","megawatthours","megawatthours","megawatthours","megawatthours","megawatthours","megawatthours","megawatthours","megawatthours","megawatthours","megawatthours","megawatthours","megawatthours","ratio","megawatthours","megawatthours","megawatthours","megawatthours","megawatthours","megawatthours","megawatthours"
"1997","MS","Mississippi","24477","0","2421952","2444783","31232523","31227619","0","3022568","0","40088725","4904","2446429","-11253984",".75","33678952","40088725","0","0","33678952","33678952","41867835","megawatthours","megawatthours","megawatthours","megawatthours","megawatthours","megawatthours","megawatthours","megawatthours","megawatthours","megawatthours","megawatthours","megawatthours","megawatthours","ratio","megawatthours","megawatthours","megawatthours","megawatthours","megawatthours","megawatthours","megawatthours"
"1997","MT","Montana","0","448963","65823","124649","28521123","27807273","0","898542","0","11917489","264886","65823","15240973","2.14","28601122","11917489","3186","14176","28586946","28601122","12446379","megawatthours","megawatthours","megawatthours","megawatthours","megawatthours","megawatthours","megawatthours","megawatthours","megawatthours","megawatthours","megawatthours","megawatthours","megawatthours","ratio","megawatthours","megawatthours","megawatthours","megawatthours","megawatthours","megawatthours","megawatthours"
"1997","NC","North Carolina","105194","1466920","4758042","4642792","110631455","107371092","0","8222039","0","109050025","1793443","4863236","-6730623",".94","115494691","109050025","0","0","115494691","115494691","113889582","megawatthours","megawatthours","megawatthours","megawatthours","megawatthours","megawatthours","megawatthours","megawatthours","megawatthours","megawatthours","megawatthours","megawatthours","megawatthours","ratio","megawatthours","megawatthours","megawatthours","megawatthours","megawatthours","megawatthours","megawatthours"
"1997","ND","North Dakota","0","0","132838","132838","29719764","29719764","0","624471","0","8282435","0","132838","20688015","3.19","30123067","8282435","152158","270465","29852602","30123067","8650008","megawatthours","megawatthours","megawatthours","megawatthours","megawatthours","megawatthours","megawatthours","megawatthours","megawatthours","megawatthours","megawatthours","megawatthours","megawatthours","ratio","megawatthours","megawatthours","megawatthours","megawatthours","megawatthours","megawatthours","megawatthours"
"1997","NE","Nebraska","9986","8395","42855","61236","28396425","28388030","0","1702639","0","22582344","0","52841","3140065","1.12","28449874","22582344","0","608","28449266","28449874","23584526","megawatthours","megawatthours","megawatthours","megawatthours","megawatthours","megawatthours","megawatthours","megawatthours","megawatthours","megawatthours","megawatthours","megawatthours","megawatthours","ratio","megawatthours","megawatthours","megawatthours","megawatthours","megawatthours","megawatthours","megawatthours"
"1997","NH","New Hampshire","25413","74823","351230","441219","15503579","14264333","85939","691177","0","9081230","1164424","376643","7304780","1.71","17579566","9167169","0","1699344","15880222","17579566","9574002","megawatthours","megawatthours","megawatthours","megawatthours","megawatthours","megawatthours","megawatthours","megawatthours","megawatthours","megawatthours","megawatthours","megawatthours","megawatthours","ratio","megawatthours","megawatthours","megawatthours","megawatthours","megawatthours","megawatthours","megawatthours"
"1997","NJ","New Jersey","152529","13369898","2916647","3151875","38687084","23761443","0","4969792","0","65915034","1555742","3069176","-32122885",".57","41756260","65915034","0","0","41756260","41756260","68840286","megawatthours","megawatthours","megawatthours","megawatthours","megawatthours","megawatthours","megawatthours","megawatthours","megawatthours","megawatthours","megawatthours","megawatthours","megawatthours","ratio","megawatthours","megawatthours","megawatthours","megawatthours","megawatthours","megawatthours","megawatthours"
"1997","NM","New Mexico","59562","506997","327656","429478","31075139","30568142","0","1321554","0","17527949","0","387218","11817020","1.6","31462357","17527949","0","0","31462357","31462357","18305826","megawatthours","megawatthours","megawatthours","megawatthours","megawatthours","megawatthours","megawatthours","megawatthours","megawatthours","megawatthours","megawatthours","megawatthours","megawatthours","ratio","megawatthours","megawatthours","megawatthours","megawatthours","megawatthours","megawatthours","megawatthours"
"1997","NV","Nevada","0","2330672","138","229913","27031385","22869773","0","1826046","0","24219096","1830941","138","-112896","1","27031524","24219096","0","0","27031524","27031524","25293924","megawatthours","megawatthours","megawatthours","megawatthours","megawatthours","megawatthours","megawatthours","megawatthours","megawatthours","megawatthours","megawatthours","megawatthours","megawatthours","ratio","megawatthours","megawatthours","megawatthours","megawatthours","megawatthours","megawatthours","megawatthours"
"1997","NY","New York","1028686","25108845","3408527","3935702","136394434","108098599","7672","9948168","0","131936253","3186990","4437213","-5502267",".96","143876339","131943925","1495074","3044692","140831647","143876339","137799485","megawatthours","megawatthours","megawatthours","megawatthours","megawatthours","megawatthours","megawatthours","megawatthours","megawatthours","megawatthours","megawatthours","megawatthours","megawatthours","ratio","megawatthours","megawatthours","megawatthours","megawatthours","megawatthours","megawatthours","megawatthours"
"1997","OH","Ohio","53273","44111","1464988","1523262","141292985","141248874","0","11951025","0","158508094","0","1518262","-34842360",".8","142811247","158508094","0","0","142811247","142811247","165542551","megawatthours","megawatthours","megawatthours","megawatthours","megawatthours","megawatthours","megawatthours","megawatthours","megawatthours","megawatthours","megawatthours","megawatthours","megawatthours","ratio","megawatthours","megawatthours","megawatthours","megawatthours","megawatthours","megawatthours","megawatthours"
"1997","OK","Oklahoma","32883","3173387","1277604","1224634","51553489","48380102","0","3351609","0","44452853","0","1310487","3041059","1.06","52863976","44452853","0","0","52863976","52863976","46425632","megawatthours","megawatthours","megawatthours","megawatthours","megawatthours","megawatthours","megawatthours","megawatthours","megawatthours","megawatthours","megawatthours","megawatthours","megawatthours","ratio","megawatthours","megawatthours","megawatthours","megawatthours","megawatthours","megawatthours","megawatthours"
"1997","OR","Oregon","6959","2166348","660034","683815","51745862","49068279","949493","3660694","0","47602798","511235","666992","-1231575",".98","53185356","48552291","0","772502","52412854","53185356","50707001","megawatthours","megawatthours","megawatthours","megawatthours","megawatthours","megawatthours","megawatthours","megawatthours","megawatthours","megawatthours","megawatthours","megawatthours","megawatthours","ratio","megawatthours","megawatthours","megawatthours","megawatthours","megawatthours","megawatthours","megawatthours"
"1997","PA","Pennsylvania","411496","7238719","3904709","4490246","189146990","177166516","201126","9656570","0","127875288","4741755","4316205","50027029","1.35","193577014","128076414","500","113818","193463196","193577014","133760348","megawatthours","megawatthours","megawatthours","megawatthours","megawatthours","megawatthours","megawatthours","megawatthours","megawatthours","megawatthours","megawatthours","megawatthours","megawatthours","ratio","megawatthours","megawatthours","megawatthours","megawatthours","megawatthours","megawatthours","megawatthours"
"1997","RI","Rhode Island","51372","539135","4602","59934","7653579","3562833","51247","508515","0","6693261","3551611","55975","1849752","1.24","9408898","6744508","0","1699344","7709554","9408898","7043826","megawatthours","megawatthours","megawatthours","megawatthours","megawatthours","megawatthours","megawatthours","megawatthours","megawatthours","megawatthours","megawatthours","megawatthours","megawatthours","ratio","megawatthours","megawatthours","megawatthours","megawatthours","megawatthours","megawatthours","megawatthours"
"1997","SC","South Carolina","67646","0","2331393","2116820","78429019","78374450","0","5167287","0","68534441","54569","2399040","4014178","1.05","80828059","68534441","0","0","80828059","80828059","71575943","megawatthours","megawatthours","megawatthours","megawatthours","megawatthours","megawatthours","megawatthours","megawatthours","megawatthours","megawatthours","megawatthours","megawatthours","megawatthours","ratio","megawatthours","megawatthours","megawatthours","megawatthours","megawatthours","megawatthours","megawatthours"
"1997","SD","South Dakota","0","0","0","0","12449501","12449501","0","586026","0","7772548","0","0","3816349","1.44","12527963","7772548","325","78462","12449501","12527963","8117489","megawatthours","megawatthours","megawatthours","megawatthours","megawatthours","megawatthours","megawatthours","megawatthours","megawatthours","megawatthours","megawatthours","megawatthours","megawatthours","ratio","megawatthours","megawatthours","megawatthours","megawatthours","megawatthours","megawatthours","megawatthours"
"1997","TN","Tennessee","114722","175","3383235","3469224","93316113","93293232","0","6553281","0","86917071","22707","3497957","-603976",".99","96814071","86917071","0","0","96814071","96814071","90774379","megawatthours","megawatthours","megawatthours","megawatthours","megawatthours","megawatthours","megawatthours","megawatthours","megawatthours","megawatthours","megawatthours","megawatthours","megawatthours","ratio","megawatthours","megawatthours","megawatthours","megawatthours","megawatthours","megawatthours","megawatthours"
"1997","TX","Texas","415446","19890667","38672095","38166791","297231972","277190347","0","21616568","0","286703509","150958","39087540","14373549","1.04","336845697","286703509","1103530","526185","336319512","336845697","299427180","megawatthours","megawatthours","megawatthours","megawatthours","megawatthours","megawatthours","megawatthours","megawatthours","megawatthours","megawatthours","megawatthours","megawatthours","megawatthours","ratio","megawatthours","megawatthours","megawatthours","megawatthours","megawatthours","megawatthours","megawatthours"
"1997","US","United States","8700542","148110732","154096608","156238896","3329375132","3122523144","5849464","237169405","0","3139760964","58741255","162797150","0","1","3535203511","3145610428","8974040","43031229","3492172282","3535203511","3285758217","megawatthours","megawatthours","megawatthours","megawatthours","megawatthours","megawatthours","megawatthours","megawatthours","megawatthours","megawatthours","megawatthours","megawatthours","megawatthours","ratio","megawatthours","megawatthours","megawatthours","megawatthours","megawatthours","megawatthours","megawatthours"
"1997","UT","Utah","24065","0","317003","365473","34371145","33969325","0","1536253","0","20375525","401820","341068","11903920","1.52","34740693","20375525","0","28480","34712213","34740693","21279780","megawatthours","megawatthours","megawatthours","megawatthours","megawatthours","megawatthours","megawatthours","megawatthours","megawatthours","megawatthours","megawatthours","megawatthours","megawatthours","ratio","megawatthours","megawatthours","megawatthours","megawatthours","megawatthours","megawatthours","megawatthours"
"1997","VA","Virginia","657491","3745571","2615906","3012075","65241937","58985991","0","6591226","0","87420340","2510375","3273397","-29466309",".7","68515334","87420340","0","0","68515334","68515334","91299984","megawatthours","megawatthours","megawatthours","megawatthours","megawatthours","megawatthours","megawatthours","megawatthours","megawatthours","megawatthours","megawatthours","megawatthours","megawatthours","ratio","megawatthours","megawatthours","megawatthours","megawatthours","megawatthours","megawatthours","megawatthours"
"1997","VT","Vermont","0","0","43410","43873","5637127","5323432","0","400520","0","5312146","313695","43410","3700300","1.61","9773816","5312146","119741","4093278","5680538","9773816","5547899","megawatthours","megawatthours","megawatthours","megawatthours","megawatthours","megawatthours","megawatthours","megawatthours","megawatthours","megawatthours","megawatthours","megawatthours","megawatthours","ratio","megawatthours","megawatthours","megawatthours","megawatthours","megawatthours","megawatthours","megawatthours"
"1997","WA","Washington","113510","2947067","1204832","1272012","120807826","117453024","2625620","6856003","0","88306489","407735","1318342","23842204","1.23","129325119","90932109","3567105","7198952","122126167","129325119","94967604","megawatthours","megawatthours","megawatthours","megawatthours","megawatthours","megawatthours","megawatthours","megawatthours","megawatthours","megawatthours","megawatthours","megawatthours","megawatthours","ratio","megawatthours","megawatthours","megawatthours","megawatthours","megawatthours","megawatthours","megawatthours"
"1997","WI","Wisconsin","127114","0","2562111","2701748","48724784","48560127","0","4530904","0","60094002","164657","2689225","-15062186",".78","52292437","60094002","0","878428","51414009","52292437","62760923","megawatthours","megawatthours","megawatthours","megawatthours","megawatthours","megawatthours","megawatthours","megawatthours","megawatthours","megawatthours","megawatthours","megawatthours","megawatthours","ratio","megawatthours","megawatthours","megawatthours","megawatthours","megawatthours","megawatthours","megawatthours"
"1997","WV","West Virginia","0","456423","1827648","1919885","89701229","88284461","0","1978960","0","26247224","960345","1827648","62109699","3.11","91528877","26247224","0","0","91528877","91528877","27412050","megawatthours","megawatthours","megawatthours","megawatthours","megawatthours","megawatthours","megawatthours","megawatthours","megawatthours","megawatthours","megawatthours","megawatthours","megawatthours","ratio","megawatthours","megawatthours","megawatthours","megawatthours","megawatthours","megawatthours","megawatthours"
"1997","WY","Wyoming","0","0","644476","644476","40765087","40765087","0","888644","0","11786205","0","644476","28199216","3.13","41409563","11786205","0","0","41409563","41409563","12309272","megawatthours","megawatthours","megawatthours","megawatthours","megawatthours","megawatthours","megawatthours","megawatthours","megawatthours","megawatthours","megawatthours","megawatthours","megawatthours","ratio","megawatthours","megawatthours","megawatthours","megawatthours","megawatthours","megawatthours","megawatthours"
"1996","AK","Alaska","208927","0","937696","1145441","4982268","4982268","0","370998","0","4779562","0","1146624","0","1","6130077","4779562","0","1185","6128892","6130077","5753154","megawatthours","megawatthours","megawatthours","megawatthours","megawatthours","megawatthours","megawatthours","megawatthours","megawatthours","megawatthours","megawatthours","megawatthours","megawatthours","ratio","megawatthours","megawatthours","megawatthours","megawatthours","megawatthours","megawatthours","megawatthours"
"1996","AL","Alabama","0","670529","5703321","6339694","115769588","115093211","0","5674489","0","73104419","5847","5703321","39351180","1.48","121472909","73104419","0","0","121472909","121472909","76367796","megawatthours","megawatthours","megawatthours","megawatthours","megawatthours","megawatthours","megawatthours","megawatthours","megawatthours","megawatthours","megawatthours","megawatthours","megawatthours","ratio","megawatthours","megawatthours","megawatthours","megawatthours","megawatthours","megawatthours","megawatthours"
"1996","AR","Arkansas","40028","0","2315701","2317783","43677832","43677535","0","2804982","0","36136576","297","2355730","5440411","1.13","46033562","36136576","0","0","46033562","46033562","37749714","megawatthours","megawatthours","megawatthours","megawatthours","megawatthours","megawatthours","megawatthours","megawatthours","megawatthours","megawatthours","megawatthours","megawatthours","megawatthours","ratio","megawatthours","megawatthours","megawatthours","megawatthours","megawatthours","megawatthours","megawatthours"
"1996","AZ","Arizona","21728","388256","367791","382802","71265299","70877043","0","4042890","0","52084539","0","389519","13147230","1.22","71654818","52084539","2641","0","71654818","71654818","54409590","megawatthours","megawatthours","megawatthours","megawatthours","megawatthours","megawatthours","megawatthours","megawatthours","megawatthours","megawatthours","megawatthours","megawatthours","megawatthours","ratio","megawatthours","megawatthours","megawatthours","megawatthours","megawatthours","megawatthours","megawatthours"
"1996","CA","California","2118233","21512982","17846277","12033448","155298692","114706047","0","16930260","0","218112485","19079663","19964510","-68517774",".72","176775004","218112485","283356","1511802","175263202","176775004","227849016","megawatthours","megawatthours","megawatthours","megawatthours","megawatthours","megawatthours","megawatthours","megawatthours","megawatthours","megawatthours","megawatthours","megawatthours","megawatthours","ratio","megawatthours","megawatthours","megawatthours","megawatthours","megawatthours","megawatthours","megawatthours"
"1996","CO","Colorado","176089","2632009","90240","475354","36871030","33971688","0","2877667","0","37072975","267333","266330","-4505771",".89","37137359","37072975","0","0","37137359","37137359","38727915","megawatthours","megawatthours","megawatthours","megawatthours","megawatthours","megawatthours","megawatthours","megawatthours","megawatthours","megawatthours","megawatthours","megawatthours","megawatthours","ratio","megawatthours","megawatthours","megawatthours","megawatthours","megawatthours","megawatthours","megawatthours"
"1996","CT","Connecticut","561893","2289052","307574","603708","19341930","15773738","0","2205772","0","28416945","1279140","869467","-10383589",".67","21536684","28416945","0","1325287","20211397","21536684","29685481","megawatthours","megawatthours","megawatthours","megawatthours","megawatthours","megawatthours","megawatthours","megawatthours","megawatthours","megawatthours","megawatthours","megawatthours","megawatthours","ratio","megawatthours","megawatthours","megawatthours","megawatthours","megawatthours","megawatthours","megawatthours"
"1996","DC","District of Columbia","0","0","0","0","109809","109809","0","786825","0","10136667","0","0","-11276323",".01","109809","10136667","0","0","109809","109809","10589170","megawatthours","megawatthours","megawatthours","megawatthours","megawatthours","megawatthours","megawatthours","megawatthours","megawatthours","megawatthours","megawatthours","megawatthours","megawatthours","ratio","megawatthours","megawatthours","megawatthours","megawatthours","megawatthours","megawatthours","megawatthours"
"1996","DE","Delaware","0","0","732595","691686","8121853","8121853","0","748327","0","9640700","0","732595","-1975272",".82","8854448","9640700","0","0","8854448","8854448","10071060","megawatthours","megawatthours","megawatthours","megawatthours","megawatthours","megawatthours","megawatthours","megawatthours","megawatthours","megawatthours","megawatthours","megawatthours","megawatthours","ratio","megawatthours","megawatthours","megawatthours","megawatthours","megawatthours","megawatthours","megawatthours"
"1996","FL","Florida","124606","11124861","6792412","7265917","160167920","145140217","0","13337892","0","171832022","3902842","6917017","-25934642",".87","167084937","171832022","0","0","167084937","167084937","179502589","megawatthours","megawatthours","megawatthours","megawatthours","megawatthours","megawatthours","megawatthours","megawatthours","megawatthours","megawatthours","megawatthours","megawatthours","megawatthours","ratio","megawatthours","megawatthours","megawatthours","megawatthours","megawatthours","megawatthours","megawatthours"
"1996","GA","Georgia","6648","0","5460360","5471688","98853033","98729242","0","7863631","0","101307136","123791","5467008","-9479853",".92","104320041","101307136","0","0","104320041","104320041","105829484","megawatthours","megawatthours","megawatthours","megawatthours","megawatthours","megawatthours","megawatthours","megawatthours","megawatthours","megawatthours","megawatthours","megawatthours","megawatthours","ratio","megawatthours","megawatthours","megawatthours","megawatthours","megawatthours","megawatthours","megawatthours"
"1996","HI","Hawaii","0","2931878","669415","563960","9958479","6420195","0","728011","0","9378961","606406","669415","0","1","10627894","9378961","0","0","10627894","10627894","9889940","megawatthours","megawatthours","megawatthours","megawatthours","megawatthours","megawatthours","megawatthours","megawatthours","megawatthours","megawatthours","megawatthours","megawatthours","megawatthours","ratio","megawatthours","megawatthours","megawatthours","megawatthours","megawatthours","megawatthours","megawatthours"
"1996","IA","Iowa","90517","131155","1058089","1244344","33540009","33386873","0","2716714","0","34999416","21982","1148606","-4626135",".88","34688615","34999416","0","0","34688615","34688615","36561792","megawatthours","megawatthours","megawatthours","megawatthours","megawatthours","megawatthours","megawatthours","megawatthours","megawatthours","megawatthours","megawatthours","megawatthours","megawatthours","ratio","megawatthours","megawatthours","megawatthours","megawatthours","megawatthours","megawatthours","megawatthours"
"1996","ID","Idaho","0","97711","708603","657130","13381204","12230805","662019","1690699","0","21119253","1052688","708603","-10206554",".58","14260168","21781272","0","170361","14089807","14260168","22753584","megawatthours","megawatthours","megawatthours","megawatthours","megawatthours","megawatthours","megawatthours","megawatthours","megawatthours","megawatthours","megawatthours","megawatthours","megawatthours","ratio","megawatthours","megawatthours","megawatthours","megawatthours","megawatthours","megawatthours","megawatthours"
"1996","IL","Illinois","258788","34283","2991200","3263035","144483038","144116009","401257","9779586","0","125589124","332746","3249988","6209605","1.04","147733026","125990381","0","0","147733026","147733026","131614582","megawatthours","megawatthours","megawatthours","megawatthours","megawatthours","megawatthours","megawatthours","megawatthours","megawatthours","megawatthours","megawatthours","megawatthours","megawatthours","ratio","megawatthours","megawatthours","megawatthours","megawatthours","megawatthours","megawatthours","megawatthours"
"1996","IN","Indiana","193145","0","4082423","4276358","105626532","105557018","0","6900675","0","88901372","69514","4275568","10038328","1.1","109902101","88901372","0","0","109902101","109902101","92869921","megawatthours","megawatthours","megawatthours","megawatthours","megawatthours","megawatthours","megawatthours","megawatthours","megawatthours","megawatthours","megawatthours","megawatthours","megawatthours","ratio","megawatthours","megawatthours","megawatthours","megawatthours","megawatthours","megawatthours","megawatthours"
"1996","KS","Kansas","1182","0","55461","57431","39885513","39874544","0","2428832","0","31290626","10969","56643","4794535","1.14","39942156","31290626","0","0","39942156","39942156","32687441","megawatthours","megawatthours","megawatthours","megawatthours","megawatthours","megawatthours","megawatthours","megawatthours","megawatthours","megawatthours","megawatthours","megawatthours","megawatthours","ratio","megawatthours","megawatthours","megawatthours","megawatthours","megawatthours","megawatthours","megawatthours"
"1996","KY","Kentucky","0","0","9272","7565","88438224","88438224","0","5978324","0","77018734","0","9272","1935306","1.02","88447496","77018734","0","0","88447496","88447496","80456841","megawatthours","megawatthours","megawatthours","megawatthours","megawatthours","megawatthours","megawatthours","megawatthours","megawatthours","megawatthours","megawatthours","megawatthours","megawatthours","ratio","megawatthours","megawatthours","megawatthours","megawatthours","megawatthours","megawatthours","megawatthours"
"1996","LA","Louisiana","26635","1377364","16526244","16661366","61187017","58643113","0","5842515","0","75269095","1166540","16552879","-6823657",".92","77739896","75269095","0","0","77739896","77739896","78629107","megawatthours","megawatthours","megawatthours","megawatthours","megawatthours","megawatthours","megawatthours","megawatthours","megawatthours","megawatthours","megawatthours","megawatthours","megawatthours","ratio","megawatthours","megawatthours","megawatthours","megawatthours","megawatthours","megawatthours","megawatthours"
"1996","MA","Massachusetts","437431","6139420","504439","994377","37012149","27758877","0","3671022","0","47293773","3113851","941869","-13579111",".74","39545160","47293773","0","1591142","37954018","39545160","49404961","megawatthours","megawatthours","megawatthours","megawatthours","megawatthours","megawatthours","megawatthours","megawatthours","megawatthours","megawatthours","megawatthours","megawatthours","megawatthours","ratio","megawatthours","megawatthours","megawatthours","megawatthours","megawatthours","megawatthours","megawatthours"
"1996","MD","Maryland","31517","1135731","450282","1224920","45792817","44380543","0","4424244","0","56997520","276544","481799","-17749735",".72","46274617","56997520","0","0","46274617","46274617","59541885","megawatthours","megawatthours","megawatthours","megawatthours","megawatthours","megawatthours","megawatthours","megawatthours","megawatthours","megawatthours","megawatthours","megawatthours","megawatthours","ratio","megawatthours","megawatthours","megawatthours","megawatthours","megawatthours","megawatthours","megawatthours"
"1996","ME","Maine","209366","814946","4498861","4357192","10226146","7800149","0","910225","0","11726431","1611051","4708227","6054250","1.46","19261032","11726431","30576","4326659","14934373","19261032","12249897","megawatthours","megawatthours","megawatthours","megawatthours","megawatthours","megawatthours","megawatthours","megawatthours","megawatthours","megawatthours","megawatthours","megawatthours","megawatthours","ratio","megawatthours","megawatthours","megawatthours","megawatthours","megawatthours","megawatthours","megawatthours"
"1996","MI","Michigan","625592","12044779","2915466","4026079","108977250","95155261","0","7475091","0","96301566","1777210","3541058","6249131","1.06","114644137","96301566","219123","2125829","112518308","114644137","100600465","megawatthours","megawatthours","megawatthours","megawatthours","megawatthours","megawatthours","megawatthours","megawatthours","megawatthours","megawatthours","megawatthours","megawatthours","megawatthours","ratio","megawatthours","megawatthours","megawatthours","megawatthours","megawatthours","megawatthours","megawatthours"
"1996","MN","Minnesota","121272","0","1983636","2108810","42223530","41791506","0","4264668","0","54941699","432024","2104908","-8550150",".86","53421102","54941699","255240","9092663","44328439","53421102","57394294","megawatthours","megawatthours","megawatthours","megawatthours","megawatthours","megawatthours","megawatthours","megawatthours","megawatthours","megawatthours","megawatthours","megawatthours","megawatthours","ratio","megawatthours","megawatthours","megawatthours","megawatthours","megawatthours","megawatthours","megawatthours"
"1996","MO","Missouri","120278","0","175009","295286","67827241","67827241","0","5033242","0","64843243","0","295286","-4713691",".94","68122527","64843243","0","0","68122527","68122527","67737838","megawatthours","megawatthours","megawatthours","megawatthours","megawatthours","megawatthours","megawatthours","megawatthours","megawatthours","megawatthours","megawatthours","megawatthours","megawatthours","ratio","megawatthours","megawatthours","megawatthours","megawatthours","megawatthours","megawatthours","megawatthours"
"1996","MS","Mississippi","24355","0","2411115","2385205","28841811","28838302","0","3075555","0","39622374","3509","2435471","-13231391",".7","31277282","39622374","0","0","31277282","31277282","41391110","megawatthours","megawatthours","megawatthours","megawatthours","megawatthours","megawatthours","megawatthours","megawatthours","megawatthours","megawatthours","megawatthours","megawatthours","megawatthours","ratio","megawatthours","megawatthours","megawatthours","megawatthours","megawatthours","megawatthours","megawatthours"
"1996","MT","Montana","0","452364","70284","134102","26767141","26039141","0","1072698","0","13819556","275636","70284","11352244","1.73","26875565","13819556","205","38140","26837425","26875565","14436464","megawatthours","megawatthours","megawatthours","megawatthours","megawatthours","megawatthours","megawatthours","megawatthours","megawatthours","megawatthours","megawatthours","megawatthours","megawatthours","ratio","megawatthours","megawatthours","megawatthours","megawatthours","megawatthours","megawatthours","megawatthours"
"1996","NC","North Carolina","147155","3247038","4379184","4665859","107671401","102786590","0","8406149","0","108296394","1637773","4526339","-9452105",".92","112197740","108296394","0","0","112197740","112197740","113130733","megawatthours","megawatthours","megawatthours","megawatthours","megawatthours","megawatthours","megawatthours","megawatthours","megawatthours","megawatthours","megawatthours","megawatthours","megawatthours","ratio","megawatthours","megawatthours","megawatthours","megawatthours","megawatthours","megawatthours","megawatthours"
"1996","ND","North Dakota","0","0","138778","138778","30769712","30769712","0","645359","0","8314159","0","138778","22436977","3.39","31835721","8314159","59628","927231","30908490","31835721","8685304","megawatthours","megawatthours","megawatthours","megawatthours","megawatthours","megawatthours","megawatthours","megawatthours","megawatthours","megawatthours","megawatthours","megawatthours","megawatthours","ratio","megawatthours","megawatthours","megawatthours","megawatthours","megawatthours","megawatthours","megawatthours"
"1996","NE","Nebraska","0","0","28412","28412","27322697","27322697","0","1668669","0","21497464","0","28412","3203809","1.13","27351109","21497464","0","0","27351109","27351109","22457105","megawatthours","megawatthours","megawatthours","megawatthours","megawatthours","megawatthours","megawatthours","megawatthours","megawatthours","megawatthours","megawatthours","megawatthours","megawatthours","ratio","megawatthours","megawatthours","megawatthours","megawatthours","megawatthours","megawatthours","megawatthours"
"1996","NH","New Hampshire","24678","84704","355420","444565","16683552","15418562","18356","709912","0","9127434","1180286","380099","8115378","1.79","18388937","9145790","0","1325287","17063650","18388937","9554057","megawatthours","megawatthours","megawatthours","megawatthours","megawatthours","megawatthours","megawatthours","megawatthours","megawatthours","megawatthours","megawatthours","megawatthours","megawatthours","ratio","megawatthours","megawatthours","megawatthours","megawatthours","megawatthours","megawatthours","megawatthours"
"1996","NJ","New Jersey","148847","13156286","2920864","2365275","34646871","19790697","0","5192071","0","66889430","1699888","3069711","-37420112",".5","37716583","66889430","0","0","37716583","37716583","69875369","megawatthours","megawatthours","megawatthours","megawatthours","megawatthours","megawatthours","megawatthours","megawatthours","megawatthours","megawatthours","megawatthours","megawatthours","megawatthours","ratio","megawatthours","megawatthours","megawatthours","megawatthours","megawatthours","megawatthours","megawatthours"
"1996","NM","New Mexico","51678","382239","362983","431388","29746628","29364389","0","1333028","0","17173393","0","414662","10870648","1.56","30161289","17173393","0","0","30161289","30161289","17940009","megawatthours","megawatthours","megawatthours","megawatthours","megawatthours","megawatthours","megawatthours","megawatthours","megawatthours","megawatthours","megawatthours","megawatthours","megawatthours","ratio","megawatthours","megawatthours","megawatthours","megawatthours","megawatthours","megawatthours","megawatthours"
"1996","NV","Nevada","0","2456153","138","227065","25580270","21362057","0","1752234","0","22574029","1762060","138","223640","1.01","25580408","22574029","0","0","25580408","25580408","23581733","megawatthours","megawatthours","megawatthours","megawatthours","megawatthours","megawatthours","megawatthours","megawatthours","megawatthours","megawatthours","megawatthours","megawatthours","megawatthours","ratio","megawatthours","megawatthours","megawatthours","megawatthours","megawatthours","megawatthours","megawatthours"
"1996","NY","New York","1082560","22950298","3859827","4051789","130789862","104360081","0","10209363","0","131527186","3479482","4942387","-4962556",".97","143243049","131527186","462109","7510801","135732248","143243049","137398554","megawatthours","megawatthours","megawatthours","megawatthours","megawatthours","megawatthours","megawatthours","megawatthours","megawatthours","megawatthours","megawatthours","megawatthours","megawatthours","ratio","megawatthours","megawatthours","megawatthours","megawatthours","megawatthours","megawatthours","megawatthours"
"1996","OH","Ohio","45842","48770","1437369","1494825","142954004","142900353","0","12309817","0","158587337","4880","1483211","-33699352",".81","144437215","158587337","0","0","144437215","144437215","165666668","megawatthours","megawatthours","megawatthours","megawatthours","megawatthours","megawatthours","megawatthours","megawatthours","megawatthours","megawatthours","megawatthours","megawatthours","megawatthours","ratio","megawatthours","megawatthours","megawatthours","megawatthours","megawatthours","megawatthours","megawatthours"
"1996","OK","Oklahoma","35109","3041598","1228265","1209405","50586247","47544649","0","3360344","0","43291303","0","1263374","3220956","1.07","51849621","43291303","0","0","51849621","51849621","45223821","megawatthours","megawatthours","megawatthours","megawatthours","megawatthours","megawatthours","megawatthours","megawatthours","megawatthours","megawatthours","megawatthours","megawatthours","megawatthours","ratio","megawatthours","megawatthours","megawatthours","megawatthours","megawatthours","megawatthours","megawatthours"
"1996","OR","Oregon","4746","2031852","634143","671969","50372883","47883913","1224598","3757628","0","47184912","457118","638889","-591722",".99","53785495","48409510","0","2773722","51011773","53785495","50570507","megawatthours","megawatthours","megawatthours","megawatthours","megawatthours","megawatthours","megawatthours","megawatthours","megawatthours","megawatthours","megawatthours","megawatthours","megawatthours","ratio","megawatthours","megawatthours","megawatthours","megawatthours","megawatthours","megawatthours","megawatthours"
"1996","PA","Pennsylvania","394927","7300615","3964417","4732596","187513281","175022081","0","9906315","0","127623026","5190585","4359344","48713174","1.34","192079808","127623026","7850","207183","191872625","192079808","133320113","megawatthours","megawatthours","megawatthours","megawatthours","megawatthours","megawatthours","megawatthours","megawatthours","megawatthours","megawatthours","megawatthours","megawatthours","megawatthours","ratio","megawatthours","megawatthours","megawatthours","megawatthours","megawatthours","megawatthours","megawatthours"
"1996","RI","Rhode Island","59719","379130","16459","83420","7643857","3301111","0","512629","0","6604198","3963616","76178","1626994","1.22","9045322","6604198","0","1325287","7720035","9045322","6899011","megawatthours","megawatthours","megawatthours","megawatthours","megawatthours","megawatthours","megawatthours","megawatthours","megawatthours","megawatthours","megawatthours","megawatthours","megawatthours","ratio","megawatthours","megawatthours","megawatthours","megawatthours","megawatthours","megawatthours","megawatthours"
"1996","SC","South Carolina","78342","0","2312490","2093418","76377721","76325556","0","5207346","0","67086215","52165","2390831","3411082","1.05","78768552","67086215","0","0","78768552","78768552","70080944","megawatthours","megawatthours","megawatthours","megawatthours","megawatthours","megawatthours","megawatthours","megawatthours","megawatthours","megawatthours","megawatthours","megawatthours","megawatthours","ratio","megawatthours","megawatthours","megawatthours","megawatthours","megawatthours","megawatthours","megawatthours"
"1996","SD","South Dakota","0","0","0","0","10066274","10066274","0","600494","0","7736162","0","0","1376542","1.16","10066274","7736162","0","0","10066274","10066274","8081502","megawatthours","megawatthours","megawatthours","megawatthours","megawatthours","megawatthours","megawatthours","megawatthours","megawatthours","megawatthours","megawatthours","megawatthours","megawatthours","ratio","megawatthours","megawatthours","megawatthours","megawatthours","megawatthours","megawatthours","megawatthours"
"1996","TN","Tennessee","86996","0","3365822","3412685","88669549","88647111","0","6804240","0","87659014","22438","3452818","-6345047",".94","92122367","87659014","0","0","92122367","92122367","91572102","megawatthours","megawatthours","megawatthours","megawatthours","megawatthours","megawatthours","megawatthours","megawatthours","megawatthours","megawatthours","megawatthours","megawatthours","megawatthours","ratio","megawatthours","megawatthours","megawatthours","megawatthours","megawatthours","megawatthours","megawatthours"
"1996","TX","Texas","462612","19080075","37001195","37623236","291485127","272282585","0","21613727","0","278449583","122467","37463807","15115523","1.05","328954500","278449583","1029628","5566","328948934","328954500","290879549","megawatthours","megawatthours","megawatthours","megawatthours","megawatthours","megawatthours","megawatthours","megawatthours","megawatthours","megawatthours","megawatthours","megawatthours","megawatthours","ratio","megawatthours","megawatthours","megawatthours","megawatthours","megawatthours","megawatthours","megawatthours"
"1996","US","United States","9029715","146566946","151016556","152638016","3284141351","3077442152","3317078","240714722","0","3097809945","60132253","160046271","0","1","3487684152","3101127023","3301986","43496530","3444187622","3487684152","3240413679","megawatthours","megawatthours","megawatthours","megawatthours","megawatthours","megawatthours","megawatthours","megawatthours","megawatthours","megawatthours","megawatthours","megawatthours","megawatthours","ratio","megawatthours","megawatthours","megawatthours","megawatthours","megawatthours","megawatthours","megawatthours"
"1996","UT","Utah","22078","0","277154","343584","32652628","32228605","0","1541417","0","19858069","424023","299233","10645709","1.48","32951860","19858069","0","0","32951860","32951860","20744533","megawatthours","megawatthours","megawatthours","megawatthours","megawatthours","megawatthours","megawatthours","megawatthours","megawatthours","megawatthours","megawatthours","megawatthours","megawatthours","ratio","megawatthours","megawatthours","megawatthours","megawatthours","megawatthours","megawatthours","megawatthours"
"1996","VA","Virginia","759998","3952388","2633181","2960768","63501945","56532918","0","6799322","0","87595643","3016640","3393179","-31500656",".68","66895125","87595643","0","0","66895125","66895125","91505903","megawatthours","megawatthours","megawatthours","megawatthours","megawatthours","megawatthours","megawatthours","megawatthours","megawatthours","megawatthours","megawatthours","megawatthours","megawatthours","ratio","megawatthours","megawatthours","megawatthours","megawatthours","megawatthours","megawatthours","megawatthours"
"1996","VT","Vermont","0","0","37184","37199","5312935","5004219","0","406698","0","5239492","308716","37184","2981584","1.48","9154865","5239492","287925","3804746","5350119","9154865","5473380","megawatthours","megawatthours","megawatthours","megawatthours","megawatthours","megawatthours","megawatthours","megawatthours","megawatthours","megawatthours","megawatthours","megawatthours","megawatthours","ratio","megawatthours","megawatthours","megawatthours","megawatthours","megawatthours","megawatthours","megawatthours"
"1996","WA","Washington","111940","4204129","1411224","1463148","117134965","112606349","1010848","6863629","0","87413258","324488","1523164","23939720","1.24","123928297","88424106","663705","5270168","118658129","123928297","92371356","megawatthours","megawatthours","megawatthours","megawatthours","megawatthours","megawatthours","megawatthours","megawatthours","megawatthours","megawatthours","megawatthours","megawatthours","megawatthours","ratio","megawatthours","megawatthours","megawatthours","megawatthours","megawatthours","megawatthours","megawatthours"
"1996","WI","Wisconsin","114254","32001","2472872","2599273","51830613","51651435","0","4559780","0","58743628","147177","2587125","-11405855",".83","54581210","58743628","0","163471","54417739","54581210","61365941","megawatthours","megawatthours","megawatthours","megawatthours","megawatthours","megawatthours","megawatthours","megawatthours","megawatthours","megawatthours","megawatthours","megawatthours","megawatthours","ratio","megawatthours","megawatthours","megawatthours","megawatthours","megawatthours","megawatthours","megawatthours"
"1996","WV","West Virginia","0","442350","1895045","1954313","85349344","83978125","0","2028005","0","26126778","928869","1895045","57895225","2.97","87244389","26126778","0","0","87244389","87244389","27293078","megawatthours","megawatthours","megawatthours","megawatthours","megawatthours","megawatthours","megawatthours","megawatthours","megawatthours","megawatthours","megawatthours","megawatthours","megawatthours","ratio","megawatthours","megawatthours","megawatthours","megawatthours","megawatthours","megawatthours","megawatthours"
"1996","WY","Wyoming","0","0","620365","620365","40851631","40851631","0","890714","0","11475069","0","620365","28581870","3.22","41471996","11475069","0","0","41471996","41471996","11987316","megawatthours","megawatthours","megawatthours","megawatthours","megawatthours","megawatthours","megawatthours","megawatthours","megawatthours","megawatthours","megawatthours","megawatthours","megawatthours","ratio","megawatthours","megawatthours","megawatthours","megawatthours","megawatthours","megawatthours","megawatthours"
"1995","AK","Alaska","229840","0","949354","1163688","4846922","4846922","0","353526","0","4631830","0","1179194","0","1","6027218","4631830","0","1102","6026116","6027218","5667897","megawatthours","megawatthours","megawatthours","megawatthours","megawatthours","megawatthours","megawatthours","megawatthours","megawatthours","megawatthours","megawatthours","megawatthours","megawatthours","ratio","megawatthours","megawatthours","megawatthours","megawatthours","megawatthours","megawatthours","megawatthours"
"1995","AL","Alabama","0","647195","4945610","5553211","100243757","99589284","0","5343282","0","70006764","7278","4945610","26383323","1.33","105189368","70006764","0","0","105189368","105189368","73387203","megawatthours","megawatthours","megawatthours","megawatthours","megawatthours","megawatthours","megawatthours","megawatthours","megawatthours","megawatthours","megawatthours","megawatthours","megawatthours","ratio","megawatthours","megawatthours","megawatthours","megawatthours","megawatthours","megawatthours","megawatthours"
"1995","AR","Arkansas","48021","0","2397242","2384854","39526825","39526825","0","2646305","0","34671434","0","2445262","2943104","1.08","41972087","34671434","0","0","41972087","41972087","36345622","megawatthours","megawatthours","megawatthours","megawatthours","megawatthours","megawatthours","megawatthours","megawatthours","megawatthours","megawatthours","megawatthours","megawatthours","megawatthours","ratio","megawatthours","megawatthours","megawatthours","megawatthours","megawatthours","megawatthours","megawatthours"
"1995","AZ","Arizona","31967","398613","383822","390273","69365151","68966538","0","3708564","0","48588969","0","415789","15424142","1.28","70117456","48588969","567","336516","69780940","70117456","50935204","megawatthours","megawatthours","megawatthours","megawatthours","megawatthours","megawatthours","megawatthours","megawatthours","megawatthours","megawatthours","megawatthours","megawatthours","megawatthours","ratio","megawatthours","megawatthours","megawatthours","megawatthours","megawatthours","megawatthours","megawatthours"
"1995","CA","California","2080608","21690967","16853559","10615263","162529176","121881402","0","16227105","0","212604724","18956807","18934168","-56119146",".77","183430507","212604724","228484","1967163","181463344","183430507","222870844","megawatthours","megawatthours","megawatthours","megawatthours","megawatthours","megawatthours","megawatthours","megawatthours","megawatthours","megawatthours","megawatthours","megawatthours","megawatthours","ratio","megawatthours","megawatthours","megawatthours","megawatthours","megawatthours","megawatthours","megawatthours"
"1995","CO","Colorado","197827","2426541","82198","449470","35337210","32673972","0","2695565","0","35316819","236697","280025","-4136272",".9","35617235","35316819","0","0","35617235","35617235","37022177","megawatthours","megawatthours","megawatthours","megawatthours","megawatthours","megawatthours","megawatthours","megawatthours","megawatthours","megawatthours","megawatthours","megawatthours","megawatthours","ratio","megawatthours","megawatthours","megawatthours","megawatthours","megawatthours","megawatthours","megawatthours"
"1995","CT","Connecticut","96567","2512344","327732","601542","31048171","26931900","0","2134814","0","27969969","1603927","424299","1264677","1.04","32748630","27969969","0","1276159","31472471","32748630","29320566","megawatthours","megawatthours","megawatthours","megawatthours","megawatthours","megawatthours","megawatthours","megawatthours","megawatthours","megawatthours","megawatthours","megawatthours","megawatthours","ratio","megawatthours","megawatthours","megawatthours","megawatthours","megawatthours","megawatthours","megawatthours"
"1995","DC","District of Columbia","0","0","0","0","188862","188862","0","787338","0","10315570","0","0","-11422474",".02","188862","10315570","0","0","188862","188862","10813682","megawatthours","megawatthours","megawatthours","megawatthours","megawatthours","megawatthours","megawatthours","megawatthours","megawatthours","megawatthours","megawatthours","megawatthours","megawatthours","ratio","megawatthours","megawatthours","megawatthours","megawatthours","megawatthours","megawatthours","megawatthours"
"1995","DE","Delaware","0","0","708735","667826","8324101","8324101","0","731160","0","9579533","0","708735","-1750671",".84","9032836","9579533","0","0","9032836","9032836","10042100","megawatthours","megawatthours","megawatthours","megawatthours","megawatthours","megawatthours","megawatthours","megawatthours","megawatthours","megawatthours","megawatthours","megawatthours","megawatthours","ratio","megawatthours","megawatthours","megawatthours","megawatthours","megawatthours","megawatthours","megawatthours"
"1995","FL","Florida","110519","9332853","6732650","6986229","160571205","147156684","0","12783877","0","167492138","4081667","6843169","-21123877",".89","167414374","167492138","0","0","167414374","167414374","175579896","megawatthours","megawatthours","megawatthours","megawatthours","megawatthours","megawatthours","megawatthours","megawatthours","megawatthours","megawatthours","megawatthours","megawatthours","megawatthours","ratio","megawatthours","megawatthours","megawatthours","megawatthours","megawatthours","megawatthours","megawatthours"
"1995","GA","Georgia","14296","0","5532584","5542991","102331716","102015724","0","7341890","0","96192170","315992","5546880","-402067","1","107878596","96192170","0","0","107878596","107878596","100837037","megawatthours","megawatthours","megawatthours","megawatthours","megawatthours","megawatthours","megawatthours","megawatthours","megawatthours","megawatthours","megawatthours","megawatthours","megawatthours","ratio","megawatthours","megawatthours","megawatthours","megawatthours","megawatthours","megawatthours","megawatthours"
"1995","HI","Hawaii","0","2808819","663563","571753","9640419","6190584","0","701246","0","9187608","641017","663563","0","1","10303982","9187608","0","0","10303982","10303982","9592977","megawatthours","megawatthours","megawatthours","megawatthours","megawatthours","megawatthours","megawatthours","megawatthours","megawatthours","megawatthours","megawatthours","megawatthours","megawatthours","ratio","megawatthours","megawatthours","megawatthours","megawatthours","megawatthours","megawatthours","megawatthours"
"1995","IA","Iowa","79455","144070","1011432","1201086","33662041","33501928","0","2618026","0","34300919","16043","1090887","-3857822",".9","34752928","34300919","0","0","34752928","34752928","35957221","megawatthours","megawatthours","megawatthours","megawatthours","megawatthours","megawatthours","megawatthours","megawatthours","megawatthours","megawatthours","megawatthours","megawatthours","megawatthours","ratio","megawatthours","megawatthours","megawatthours","megawatthours","megawatthours","megawatthours","megawatthours"
"1995","ID","Idaho","0","79329","775631","717375","11068974","10062854","0","1497490","0","19619846","926791","775631","-10237665",".54","11847403","19619846","0","2798","11844605","11847403","20567241","megawatthours","megawatthours","megawatthours","megawatthours","megawatthours","megawatthours","megawatthours","megawatthours","megawatthours","megawatthours","megawatthours","megawatthours","megawatthours","ratio","megawatthours","megawatthours","megawatthours","megawatthours","megawatthours","megawatthours","megawatthours"
"1995","IL","Illinois","288263","33709","2890545","3201875","145479125","145165161","0","9634616","0","126231065","280255","3178808","6567447","1.05","148657933","126231065","0","0","148657933","148657933","132326437","megawatthours","megawatthours","megawatthours","megawatthours","megawatthours","megawatthours","megawatthours","megawatthours","megawatthours","megawatthours","megawatthours","megawatthours","megawatthours","ratio","megawatthours","megawatthours","megawatthours","megawatthours","megawatthours","megawatthours","megawatthours"
"1995","IN","Indiana","196847","0","3725569","3922769","105234430","105188892","0","6640750","0","87005957","45538","3922415","11217917","1.11","109156845","87005957","0","0","109156845","109156845","91207249","megawatthours","megawatthours","megawatthours","megawatthours","megawatthours","megawatthours","megawatthours","megawatthours","megawatthours","megawatthours","megawatthours","megawatthours","megawatthours","ratio","megawatthours","megawatthours","megawatthours","megawatthours","megawatthours","megawatthours","megawatthours"
"1995","KS","Kansas","4920","0","174088","179871","38241697","38230483","0","2316996","0","30356882","11214","179008","4250439","1.12","38420706","30356882","0","0","38420706","38420706","31822734","megawatthours","megawatthours","megawatthours","megawatthours","megawatthours","megawatthours","megawatthours","megawatthours","megawatthours","megawatthours","megawatthours","megawatthours","megawatthours","ratio","megawatthours","megawatthours","megawatthours","megawatthours","megawatthours","megawatthours","megawatthours"
"1995","KY","Kentucky","0","0","4258","3392","86161578","86161578","0","5689909","0","74548198","0","4258","2253439","1.03","86165836","74548198","0","0","86165836","86165836","78147937","megawatthours","megawatthours","megawatthours","megawatthours","megawatthours","megawatthours","megawatthours","megawatthours","megawatthours","megawatthours","megawatthours","megawatthours","megawatthours","ratio","megawatthours","megawatthours","megawatthours","megawatthours","megawatthours","megawatthours","megawatthours"
"1995","LA","Louisiana","28109","1404266","16410332","16486132","68121282","65555229","0","5558552","0","72827190","1161787","16438442","2568034","1.03","84559724","72827190","0","0","84559724","84559724","76343824","megawatthours","megawatthours","megawatthours","megawatthours","megawatthours","megawatthours","megawatthours","megawatthours","megawatthours","megawatthours","megawatthours","megawatthours","megawatthours","ratio","megawatthours","megawatthours","megawatthours","megawatthours","megawatthours","megawatthours","megawatthours"
"1995","MA","Massachusetts","376752","6240919","487968","1074511","36789762","26971667","0","3549908","0","46510284","3577177","864720","-12908785",".75","39444847","46510284","0","1790365","37654482","39444847","48756139","megawatthours","megawatthours","megawatthours","megawatthours","megawatthours","megawatthours","megawatthours","megawatthours","megawatthours","megawatthours","megawatthours","megawatthours","megawatthours","ratio","megawatthours","megawatthours","megawatthours","megawatthours","megawatthours","megawatthours","megawatthours"
"1995","MD","Maryland","30118","1070587","439139","1253763","45896388","44658945","0","4286276","0","56158045","166856","469257","-16847818",".73","46365645","56158045","0","0","46365645","46365645","58869775","megawatthours","megawatthours","megawatthours","megawatthours","megawatthours","megawatthours","megawatthours","megawatthours","megawatthours","megawatthours","megawatthours","megawatthours","megawatthours","ratio","megawatthours","megawatthours","megawatthours","megawatthours","megawatthours","megawatthours","megawatthours"
"1995","ME","Maine","207455","802673","4583735","4401080","4971861","2668381","0","882419","0","11561302","1500807","4791190","1340767","1.1","14385158","11561302","26445","4622107","9763051","14385158","12119565","megawatthours","megawatthours","megawatthours","megawatthours","megawatthours","megawatthours","megawatthours","megawatthours","megawatthours","megawatthours","megawatthours","megawatthours","megawatthours","ratio","megawatthours","megawatthours","megawatthours","megawatthours","megawatthours","megawatthours","megawatthours"
"1995","MI","Michigan","562902","9611129","3335459","4436534","103546251","92478772","0","7228086","0","94701134","1456350","3898362","6602996","1.06","113245201","94701134","40982","5800588","107444613","113245201","99273999","megawatthours","megawatthours","megawatthours","megawatthours","megawatthours","megawatthours","megawatthours","megawatthours","megawatthours","megawatthours","megawatthours","megawatthours","megawatthours","ratio","megawatthours","megawatthours","megawatthours","megawatthours","megawatthours","megawatthours","megawatthours"
"1995","MN","Minnesota","92005","0","2177052","2279616","42901830","42502869","0","4118416","0","53958771","398961","2269056","-7127095",".88","53759819","53958771","147962","8588933","45170886","53759819","56564297","megawatthours","megawatthours","megawatthours","megawatthours","megawatthours","megawatthours","megawatthours","megawatthours","megawatthours","megawatthours","megawatthours","megawatthours","megawatthours","ratio","megawatthours","megawatthours","megawatthours","megawatthours","megawatthours","megawatthours","megawatthours"
"1995","MO","Missouri","140040","0","180664","320703","65400254","65400254","0","4751930","0","62258967","0","320703","-4358395",".94","65721407","62258967","0","450","65720957","65721407","65265292","megawatthours","megawatthours","megawatthours","megawatthours","megawatthours","megawatthours","megawatthours","megawatthours","megawatthours","megawatthours","megawatthours","megawatthours","megawatthours","ratio","megawatthours","megawatthours","megawatthours","megawatthours","megawatthours","megawatthours","megawatthours"
"1995","MS","Mississippi","22569","0","2560125","2554001","26398167","26395165","0","2890321","0","37868480","3002","2582694","-13646931",".68","28980862","37868480","0","0","28980862","28980862","39697049","megawatthours","megawatthours","megawatthours","megawatthours","megawatthours","megawatthours","megawatthours","megawatthours","megawatthours","megawatthours","megawatthours","megawatthours","megawatthours","ratio","megawatthours","megawatthours","megawatthours","megawatthours","megawatthours","megawatthours","megawatthours"
"1995","MT","Montana","0","149726","73326","100422","25887986","25411151","0","1024172","0","13418523","327109","73326","10856760","1.72","25961313","13418523","397","0","25961313","25961313","14066465","megawatthours","megawatthours","megawatthours","megawatthours","megawatthours","megawatthours","megawatthours","megawatthours","megawatthours","megawatthours","megawatthours","megawatthours","megawatthours","ratio","megawatthours","megawatthours","megawatthours","megawatthours","megawatthours","megawatthours","megawatthours"
"1995","NC","North Carolina","141480","3965192","4305299","4695917","101847879","96109819","0","7989173","0","104672756","1772868","4446778","-11531017",".9","106294657","104672756","0","0","106294657","106294657","109727133","megawatthours","megawatthours","megawatthours","megawatthours","megawatthours","megawatthours","megawatthours","megawatthours","megawatthours","megawatthours","megawatthours","megawatthours","megawatthours","ratio","megawatthours","megawatthours","megawatthours","megawatthours","megawatthours","megawatthours","megawatthours"
"1995","ND","North Dakota","0","0","162225","161975","28842021","28842021","0","601644","0","7882636","0","162225","20862305","3.34","29789637","7882636","54371","785391","29004246","29789637","8263272","megawatthours","megawatthours","megawatthours","megawatthours","megawatthours","megawatthours","megawatthours","megawatthours","megawatthours","megawatthours","megawatthours","megawatthours","megawatthours","ratio","megawatthours","megawatthours","megawatthours","megawatthours","megawatthours","megawatthours","megawatthours"
"1995","NE","Nebraska","0","0","25023","25023","25279277","25279277","0","1594623","0","20892479","0","25023","1787436","1.08","25304300","20892479","0","0","25304300","25304300","21901323","megawatthours","megawatthours","megawatthours","megawatthours","megawatthours","megawatthours","megawatthours","megawatthours","megawatthours","megawatthours","megawatthours","megawatthours","megawatthours","ratio","megawatthours","megawatthours","megawatthours","megawatthours","megawatthours","megawatthours","megawatthours"
"1995","NH","New Hampshire","24869","84886","289828","397428","15119683","13936033","0","687489","0","9007360","1098764","314696","6571343","1.65","16710539","9007360","0","1276159","15434380","16710539","9442302","megawatthours","megawatthours","megawatthours","megawatthours","megawatthours","megawatthours","megawatthours","megawatthours","megawatthours","megawatthours","megawatthours","megawatthours","megawatthours","ratio","megawatthours","megawatthours","megawatthours","megawatthours","megawatthours","megawatthours","megawatthours"
"1995","NJ","New Jersey","145955","13590669","2839999","2234797","42112704","27087559","0","5094999","0","66753785","1434476","2985954","-30042484",".6","45098658","66753785","0","0","45098658","45098658","69977155","megawatthours","megawatthours","megawatthours","megawatthours","megawatthours","megawatthours","megawatthours","megawatthours","megawatthours","megawatthours","megawatthours","megawatthours","megawatthours","ratio","megawatthours","megawatthours","megawatthours","megawatthours","megawatthours","megawatthours","megawatthours"
"1995","NM","New Mexico","21675","17215","360367","399257","29449118","29431903","0","1252921","0","16415546","0","382042","11353211","1.61","29831160","16415546","0","0","29831160","29831160","17208214","megawatthours","megawatthours","megawatthours","megawatthours","megawatthours","megawatthours","megawatthours","megawatthours","megawatthours","megawatthours","megawatthours","megawatthours","megawatthours","ratio","megawatthours","megawatthours","megawatthours","megawatthours","megawatthours","megawatthours","megawatthours"
"1995","NV","Nevada","0","2355808","138","213040","23963855","19997354","0","1576834","0","20659397","1610692","138","709299","1.03","23963993","20659397","0","0","23963993","23963993","21656988","megawatthours","megawatthours","megawatthours","megawatthours","megawatthours","megawatthours","megawatthours","megawatthours","megawatthours","megawatthours","megawatthours","megawatthours","megawatthours","ratio","megawatthours","megawatthours","megawatthours","megawatthours","megawatthours","megawatthours","megawatthours"
"1995","NY","New York","1085393","23753739","4271291","3910979","128056598","101160796","0","9958208","0","130470717","3142062","5356684","-4551196",".97","142415230","130470717","103028","9001949","133413281","142415230","136770809","megawatthours","megawatthours","megawatthours","megawatthours","megawatthours","megawatthours","megawatthours","megawatthours","megawatthours","megawatthours","megawatthours","megawatthours","megawatthours","ratio","megawatthours","megawatthours","megawatthours","megawatthours","megawatthours","megawatthours","megawatthours"
"1995","OH","Ohio","33627","19979","1425403","1464722","137884873","137860132","0","12107132","0","158625546","4762","1459030","-39208480",".78","139343903","158625546","0","0","139343903","139343903","166285161","megawatthours","megawatthours","megawatthours","megawatthours","megawatthours","megawatthours","megawatthours","megawatthours","megawatthours","megawatthours","megawatthours","megawatthours","megawatthours","ratio","megawatthours","megawatthours","megawatthours","megawatthours","megawatthours","megawatthours","megawatthours"
"1995","OK","Oklahoma","58326","3313929","1339825","1266863","51269217","47955288","0","3159288","0","41392452","0","1398150","6074237","1.13","52667367","41392452","0","0","52667367","52667367","43391183","megawatthours","megawatthours","megawatthours","megawatthours","megawatthours","megawatthours","megawatthours","megawatthours","megawatthours","megawatthours","megawatthours","megawatthours","megawatthours","ratio","megawatthours","megawatthours","megawatthours","megawatthours","megawatthours","megawatthours","megawatthours"
"1995","OR","Oregon","1014","275861","528200","543945","44736339","44031261","0","3489995","0","45725307","429217","529214","-5376212",".9","46093317","45725307","0","827764","45265553","46093317","47933265","megawatthours","megawatthours","megawatthours","megawatthours","megawatthours","megawatthours","megawatthours","megawatthours","megawatthours","megawatthours","megawatthours","megawatthours","megawatthours","ratio","megawatthours","megawatthours","megawatthours","megawatthours","megawatthours","megawatthours","megawatthours"
"1995","PA","Pennsylvania","384696","7128726","4835008","4978952","180231606","168941707","0","9636107","0","126250597","4161174","5219704","43352789","1.31","185473936","126250597","6900","22625","185451311","185473936","132346910","megawatthours","megawatthours","megawatthours","megawatthours","megawatthours","megawatthours","megawatthours","megawatthours","megawatthours","megawatthours","megawatthours","megawatthours","megawatthours","ratio","megawatthours","megawatthours","megawatthours","megawatthours","megawatthours","megawatthours","megawatthours"
"1995","RI","Rhode Island","56799","447324","21492","94414","4409921","653076","0","506470","0","6635677","3309521","78291","-1704929",".77","5764371","6635677","0","1276159","4488212","5764371","6956100","megawatthours","megawatthours","megawatthours","megawatthours","megawatthours","megawatthours","megawatthours","megawatthours","megawatthours","megawatthours","megawatthours","megawatthours","megawatthours","ratio","megawatthours","megawatthours","megawatthours","megawatthours","megawatthours","megawatthours","megawatthours"
"1995","SC","South Carolina","77357","0","2335018","2103273","78501275","78439814","0","4966819","0","65074395","61461","2412374","7662981","1.1","80913650","65074395","0","0","80913650","80913650","68216672","megawatthours","megawatthours","megawatthours","megawatthours","megawatthours","megawatthours","megawatthours","megawatthours","megawatthours","megawatthours","megawatthours","megawatthours","megawatthours","ratio","megawatthours","megawatthours","megawatthours","megawatthours","megawatthours","megawatthours","megawatthours"
"1995","SD","South Dakota","0","0","0","0","8811793","8811793","0","565840","0","7413542","0","0","467019","1.06","8811793","7413542","0","0","8811793","8811793","7771520","megawatthours","megawatthours","megawatthours","megawatthours","megawatthours","megawatthours","megawatthours","megawatthours","megawatthours","megawatthours","megawatthours","megawatthours","megawatthours","ratio","megawatthours","megawatthours","megawatthours","megawatthours","megawatthours","megawatthours","megawatthours"
"1995","TN","Tennessee","78243","0","3355255","3391015","82297336","82277534","0","6260984","0","82030329","19802","3433498","-6606931",".93","85730834","82030329","0","0","85730834","85730834","85991359","megawatthours","megawatthours","megawatthours","megawatthours","megawatthours","megawatthours","megawatthours","megawatthours","megawatthours","megawatthours","megawatthours","megawatthours","megawatthours","ratio","megawatthours","megawatthours","megawatthours","megawatthours","megawatthours","megawatthours","megawatthours"
"1995","TX","Texas","481631","18178373","37243737","37852016","279910877","261708943","0","20094800","0","263278592","23561","37725367","20323321","1.07","317636244","263278592","925370","0","317636244","317636244","275991622","megawatthours","megawatthours","megawatthours","megawatthours","megawatthours","megawatthours","megawatthours","megawatthours","megawatthours","megawatthours","megawatthours","megawatthours","megawatthours","ratio","megawatthours","megawatthours","megawatthours","megawatthours","megawatthours","megawatthours","megawatthours"
"1995","US","United States","8232203","141479514","151024977","150676542","3194230181","2994528592","0","229989806","0","3013286589","58222075","159257181","0","1","3396340894","3013286589","3622665","42853533","3353487361","3396340894","3159564460","megawatthours","megawatthours","megawatthours","megawatthours","megawatthours","megawatthours","megawatthours","megawatthours","megawatthours","megawatthours","megawatthours","megawatthours","megawatthours","ratio","megawatthours","megawatthours","megawatthours","megawatthours","megawatthours","megawatthours","megawatthours"
"1995","UT","Utah","28182","0","301596","381505","32477609","32101107","0","1408982","0","18460240","376502","329778","12027926","1.58","32807387","18460240","0","0","32807387","32807387","19351637","megawatthours","megawatthours","megawatthours","megawatthours","megawatthours","megawatthours","megawatthours","megawatthours","megawatthours","megawatthours","megawatthours","megawatthours","megawatthours","ratio","megawatthours","megawatthours","megawatthours","megawatthours","megawatthours","megawatthours","megawatthours"
"1995","VA","Virginia","554133","3856415","2516651","2699123","59925237","52727470","0","6500047","0","85162485","3341351","3070785","-32866650",".66","62996021","85162485","0","0","62996021","62996021","89274763","megawatthours","megawatthours","megawatthours","megawatthours","megawatthours","megawatthours","megawatthours","megawatthours","megawatthours","megawatthours","megawatthours","megawatthours","megawatthours","ratio","megawatthours","megawatthours","megawatthours","megawatthours","megawatthours","megawatthours","megawatthours"
"1995","VT","Vermont","0","0","40074","59569","5119988","4839820","0","389572","0","5104102","280168","40074","3368897","1.54","9553899","5104102","439703","4393837","5160062","9553899","5350564","megawatthours","megawatthours","megawatthours","megawatthours","megawatthours","megawatthours","megawatthours","megawatthours","megawatthours","megawatthours","megawatthours","megawatthours","megawatthours","ratio","megawatthours","megawatthours","megawatthours","megawatthours","megawatthours","megawatthours","megawatthours"
"1995","WA","Washington","110361","4692586","1358028","1418041","100729196","95671478","0","6743595","0","88353414","365132","1468389","1979467","1.02","103081053","88353414","1648456","883468","102197585","103081053","92619764","megawatthours","megawatthours","megawatthours","megawatthours","megawatthours","megawatthours","megawatthours","megawatthours","megawatthours","megawatthours","megawatthours","megawatthours","megawatthours","ratio","megawatthours","megawatthours","megawatthours","megawatthours","megawatthours","megawatthours","megawatthours"
"1995","WI","Wisconsin","109385","68342","2594069","2772603","51219677","51012390","0","4424337","0","57966904","138945","2703454","-11327915",".83","53923131","57966904","0","0","53923131","53923131","60765969","megawatthours","megawatthours","megawatthours","megawatthours","megawatthours","megawatthours","megawatthours","megawatthours","megawatthours","megawatthours","megawatthours","megawatthours","megawatthours","ratio","megawatthours","megawatthours","megawatthours","megawatthours","megawatthours","megawatthours","megawatthours"
"1995","WV","West Virginia","0","376729","1902190","1983968","78635239","77322168","0","1982678","0","25976705","936342","1902190","51295732","2.75","80537429","25976705","0","0","80537429","80537429","27231057","megawatthours","megawatthours","megawatthours","megawatthours","megawatthours","megawatthours","megawatthours","megawatthours","megawatthours","megawatthours","megawatthours","megawatthours","megawatthours","ratio","megawatthours","megawatthours","megawatthours","megawatthours","megawatthours","megawatthours","megawatthours"
"1995","WY","Wyoming","0","0","567887","567887","39683722","39683722","0","854731","0","11198535","0","567887","27645823","3.19","40251609","11198535","0","0","40251609","40251609","11739288","megawatthours","megawatthours","megawatthours","megawatthours","megawatthours","megawatthours","megawatthours","megawatthours","megawatthours","megawatthours","megawatthours","megawatthours","megawatthours","ratio","megawatthours","megawatthours","megawatthours","megawatthours","megawatthours","megawatthours","megawatthours"
"1994","AK","Alaska","219421","0","984978","1186222","4762116","4762116","0","344384","0","4533379","0","1204399","0","1","5967824","4533379","0","1309","5966515","5967824","5617721","megawatthours","megawatthours","megawatthours","megawatthours","megawatthours","megawatthours","megawatthours","megawatthours","megawatthours","megawatthours","megawatthours","megawatthours","megawatthours","ratio","megawatthours","megawatthours","megawatthours","megawatthours","megawatthours","megawatthours","megawatthours"
"1994","AL","Alabama","0","692589","4885299","5524010","95878960","95171057","0","5133856","0","67580676","15314","4885299","24963948","1.33","100764259","67580676","0","0","100764259","100764259","70593349","megawatthours","megawatthours","megawatthours","megawatthours","megawatthours","megawatthours","megawatthours","megawatthours","megawatthours","megawatthours","megawatthours","megawatthours","megawatthours","ratio","megawatthours","megawatthours","megawatthours","megawatthours","megawatthours","megawatthours","megawatthours"
"1994","AR","Arkansas","47035","0","2436601","2425213","39548511","39547768","0","2477953","0","32619098","743","2483636","5445927","1.15","42032147","32619098","0","0","42032147","42032147","34073222","megawatthours","megawatthours","megawatthours","megawatthours","megawatthours","megawatthours","megawatthours","megawatthours","megawatthours","megawatthours","megawatthours","megawatthours","megawatthours","ratio","megawatthours","megawatthours","megawatthours","megawatthours","megawatthours","megawatthours","megawatthours"
"1994","AZ","Arizona","33827","271485","425457","425142","71475213","71203728","0","3591843","0","47282035","0","459283","18902659","1.36","71934517","47282035","2488","21","71934496","71934517","49389819","megawatthours","megawatthours","megawatthours","megawatthours","megawatthours","megawatthours","megawatthours","megawatthours","megawatthours","megawatthours","megawatthours","megawatthours","megawatthours","ratio","megawatthours","megawatthours","megawatthours","megawatthours","megawatthours","megawatthours","megawatthours"
"1994","CA","California","2063102","21641993","16985617","10369644","167143271","126749186","0","16232813","0","213684302","18752093","19048718","-51419244",".79","188349134","213684302","101410","2157144","186191990","188349134","223210101","megawatthours","megawatthours","megawatthours","megawatthours","megawatthours","megawatthours","megawatthours","megawatthours","megawatthours","megawatthours","megawatthours","megawatthours","megawatthours","ratio","megawatthours","megawatthours","megawatthours","megawatthours","megawatthours","megawatthours","megawatthours"
"1994","CO","Colorado","218371","1774613","88213","484887","35345326","33324413","0","2621012","0","34502279","246300","306584","-3044441",".92","35651910","34502279","0","0","35651910","35651910","36040352","megawatthours","megawatthours","megawatthours","megawatthours","megawatthours","megawatthours","megawatthours","megawatthours","megawatthours","megawatthours","megawatthours","megawatthours","megawatthours","ratio","megawatthours","megawatthours","megawatthours","megawatthours","megawatthours","megawatthours","megawatthours"
"1994","CT","Connecticut","90698","2552302","235258","523034","30852961","27201416","0","2129007","0","28025671","1099243","325955","925634","1.03","32358212","28025671","0","1179296","31178916","32358212","29275022","megawatthours","megawatthours","megawatthours","megawatthours","megawatthours","megawatthours","megawatthours","megawatthours","megawatthours","megawatthours","megawatthours","megawatthours","megawatthours","ratio","megawatthours","megawatthours","megawatthours","megawatthours","megawatthours","megawatthours","megawatthours"
"1994","DC","District of Columbia","0","0","0","0","274252","274252","0","782049","0","10294675","0","0","-11271697",".02","274252","10294675","0","0","274252","274252","10753605","megawatthours","megawatthours","megawatthours","megawatthours","megawatthours","megawatthours","megawatthours","megawatthours","megawatthours","megawatthours","megawatthours","megawatthours","megawatthours","ratio","megawatthours","megawatthours","megawatthours","megawatthours","megawatthours","megawatthours","megawatthours"
"1994","DE","Delaware","0","0","729234","679092","8501043","8501043","0","706409","0","9298971","0","729234","-1199618",".88","9230277","9298971","0","0","9230277","9230277","9713507","megawatthours","megawatthours","megawatthours","megawatthours","megawatthours","megawatthours","megawatthours","megawatthours","megawatthours","megawatthours","megawatthours","megawatthours","megawatthours","ratio","megawatthours","megawatthours","megawatthours","megawatthours","megawatthours","megawatthours","megawatthours"
"1994","FL","Florida","197161","5777239","6830243","6959450","151119444","141790885","0","12119996","0","159544300","3551320","7027404","-20796253",".88","158146848","159544300","0","0","158146848","158146848","166656602","megawatthours","megawatthours","megawatthours","megawatthours","megawatthours","megawatthours","megawatthours","megawatthours","megawatthours","megawatthours","megawatthours","megawatthours","megawatthours","ratio","megawatthours","megawatthours","megawatthours","megawatthours","megawatthours","megawatthours","megawatthours"
"1994","GA","Georgia","3637","0","5546777","5535818","98805996","98752712","0","6830367","0","89913084","53284","5550414","3509292","1.03","104356410","89913084","0","0","104356410","104356410","93921302","megawatthours","megawatthours","megawatthours","megawatthours","megawatthours","megawatthours","megawatthours","megawatthours","megawatthours","megawatthours","megawatthours","megawatthours","megawatthours","ratio","megawatthours","megawatthours","megawatthours","megawatthours","megawatthours","megawatthours","megawatthours"
"1994","HI","Hawaii","0","2713002","718119","599348","9390783","6055087","0","679779","0","8948422","622693","718119","0","1","10108901","8948422","0","0","10108901","10108901","9419575","megawatthours","megawatthours","megawatthours","megawatthours","megawatthours","megawatthours","megawatthours","megawatthours","megawatthours","megawatthours","megawatthours","megawatthours","megawatthours","ratio","megawatthours","megawatthours","megawatthours","megawatthours","megawatthours","megawatthours","megawatthours"
"1994","IA","Iowa","89583","126536","962786","1153767","32114638","31963757","0","2509871","0","33039251","24345","1052369","-3889159",".9","33167007","33039251","0","0","33167007","33167007","34512102","megawatthours","megawatthours","megawatthours","megawatthours","megawatthours","megawatthours","megawatthours","megawatthours","megawatthours","megawatthours","megawatthours","megawatthours","megawatthours","ratio","megawatthours","megawatthours","megawatthours","megawatthours","megawatthours","megawatthours","megawatthours"
"1994","ID","Idaho","0","81259","729354","674830","7997443","7303193","0","1510106","0","19878615","612991","729354","-13501333",".39","8794112","19878615","0","67315","8726797","8794112","20764786","megawatthours","megawatthours","megawatthours","megawatthours","megawatthours","megawatthours","megawatthours","megawatthours","megawatthours","megawatthours","megawatthours","megawatthours","megawatthours","ratio","megawatthours","megawatthours","megawatthours","megawatthours","megawatthours","megawatthours","megawatthours"
"1994","IL","Illinois","307394","42545","2917757","3250970","138074145","137745525","0","9229154","0","121490048","286075","3225151","5039464","1.04","141299296","121490048","0","0","141299296","141299296","126905937","megawatthours","megawatthours","megawatthours","megawatthours","megawatthours","megawatthours","megawatthours","megawatthours","megawatthours","megawatthours","megawatthours","megawatthours","megawatthours","ratio","megawatthours","megawatthours","megawatthours","megawatthours","megawatthours","megawatthours","megawatthours"
"1994","IN","Indiana","165255","0","3531393","3696648","103485409","103485409","0","6366552","0","83807543","0","3696648","13184417","1.14","107182057","83807543","0","0","107182057","107182057","87543584","megawatthours","megawatthours","megawatthours","megawatthours","megawatthours","megawatthours","megawatthours","megawatthours","megawatthours","megawatthours","megawatthours","megawatthours","megawatthours","ratio","megawatthours","megawatthours","megawatthours","megawatthours","megawatthours","megawatthours","megawatthours"
"1994","KS","Kansas","4920","0","321223","326904","37293725","37283871","0","2249653","0","29613821","9854","326143","4406304","1.13","37619868","29613821","0","0","37619868","37619868","30933970","megawatthours","megawatthours","megawatthours","megawatthours","megawatthours","megawatthours","megawatthours","megawatthours","megawatthours","megawatthours","megawatthours","megawatthours","megawatthours","ratio","megawatthours","megawatthours","megawatthours","megawatthours","megawatthours","megawatthours","megawatthours"
"1994","KY","Kentucky","0","0","0","0","84097034","84097034","0","5506448","0","72485367","0","0","2801416","1.03","84097034","72485367","0","0","84097034","84097034","75716685","megawatthours","megawatthours","megawatthours","megawatthours","megawatthours","megawatthours","megawatthours","megawatthours","megawatthours","megawatthours","megawatthours","megawatthours","megawatthours","ratio","megawatthours","megawatthours","megawatthours","megawatthours","megawatthours","megawatthours","megawatthours"
"1994","LA","Louisiana","26250","1605817","16414610","16664498","62945100","60169910","0","5327656","0","70131806","1169374","16440860","713301","1.01","79385960","70131806","0","0","79385960","79385960","73258206","megawatthours","megawatthours","megawatthours","megawatthours","megawatthours","megawatthours","megawatthours","megawatthours","megawatthours","megawatthours","megawatthours","megawatthours","megawatthours","ratio","megawatthours","megawatthours","megawatthours","megawatthours","megawatthours","megawatthours","megawatthours"
"1994","MA","Massachusetts","314438","6648303","572296","1128044","37052328","27466049","0","3501391","0","46091354","2937976","886734","-12222262",".76","39472397","46091354","0","1533335","37939062","39472397","48146050","megawatthours","megawatthours","megawatthours","megawatthours","megawatthours","megawatthours","megawatthours","megawatthours","megawatthours","megawatthours","megawatthours","megawatthours","megawatthours","ratio","megawatthours","megawatthours","megawatthours","megawatthours","megawatthours","megawatthours","megawatthours"
"1994","MD","Maryland","26377","1066554","460929","1247185","44852311","43765565","0","4159280","0","54751623","20192","487307","-16068045",".74","45339618","54751623","0","0","45339618","45339618","57192385","megawatthours","megawatthours","megawatthours","megawatthours","megawatthours","megawatthours","megawatthours","megawatthours","megawatthours","megawatthours","megawatthours","megawatthours","megawatthours","ratio","megawatthours","megawatthours","megawatthours","megawatthours","megawatthours","megawatthours","megawatthours"
"1994","ME","Maine","208264","660636","4660339","4384524","11587547","9015544","0","881652","0","11605815","1911367","4868602","6570146","1.5","19635498","11605815","44516","3179349","16456149","19635498","12123194","megawatthours","megawatthours","megawatthours","megawatthours","megawatthours","megawatthours","megawatthours","megawatthours","megawatthours","megawatthours","megawatthours","megawatthours","megawatthours","ratio","megawatthours","megawatthours","megawatthours","megawatthours","megawatthours","megawatthours","megawatthours"
"1994","MI","Michigan","471502","9221499","3550695","4541485","94285190","83720636","0","6925090","0","91159987","1343056","4022196","2971852","1.03","105217614","91159987","1172","6910227","98307387","105217614","95223798","megawatthours","megawatthours","megawatthours","megawatthours","megawatthours","megawatthours","megawatthours","megawatthours","megawatthours","megawatthours","megawatthours","megawatthours","megawatthours","ratio","megawatthours","megawatthours","megawatthours","megawatthours","megawatthours","megawatthours","megawatthours"
"1994","MN","Minnesota","84744","0","2565819","2651372","41247091","40917280","0","3886066","0","51155105","329811","2650563","-5735100",".9","51753191","51155105","112872","7855537","43897654","51753191","53435546","megawatthours","megawatthours","megawatthours","megawatthours","megawatthours","megawatthours","megawatthours","megawatthours","megawatthours","megawatthours","megawatthours","megawatthours","megawatthours","ratio","megawatthours","megawatthours","megawatthours","megawatthours","megawatthours","megawatthours","megawatthours"
"1994","MO","Missouri","156960","0","201628","358588","61519090","61519090","0","4534640","0","59692758","0","358588","-5070808",".92","61877678","59692758","0","0","61877678","61877678","62353795","megawatthours","megawatthours","megawatthours","megawatthours","megawatthours","megawatthours","megawatthours","megawatthours","megawatthours","megawatthours","megawatthours","megawatthours","megawatthours","ratio","megawatthours","megawatthours","megawatthours","megawatthours","megawatthours","megawatthours","megawatthours"
"1994","MS","Mississippi","22282","0","2423205","2413746","26225010","26222313","0","2782386","0","36626569","2697","2445487","-12410270",".7","28670497","36626569","0","0","28670497","28670497","38259341","megawatthours","megawatthours","megawatthours","megawatthours","megawatthours","megawatthours","megawatthours","megawatthours","megawatthours","megawatthours","megawatthours","megawatthours","megawatthours","ratio","megawatthours","megawatthours","megawatthours","megawatthours","megawatthours","megawatthours","megawatthours"
"1994","MT","Montana","0","0","71837","89462","25081012","24705228","0","1001550","0","13184134","375784","71837","10365981","1.7","25152849","13184134","181","0","25152849","25152849","13771863","megawatthours","megawatthours","megawatthours","megawatthours","megawatthours","megawatthours","megawatthours","megawatthours","megawatthours","megawatthours","megawatthours","megawatthours","megawatthours","ratio","megawatthours","megawatthours","megawatthours","megawatthours","megawatthours","megawatthours","megawatthours"
"1994","NC","North Carolina","56092","3543713","4598626","4955835","96173945","91454784","0","7580618","0","99789182","1175447","4654718","-11094368",".9","100828662","99789182","0","0","100828662","100828662","104237667","megawatthours","megawatthours","megawatthours","megawatthours","megawatthours","megawatthours","megawatthours","megawatthours","megawatthours","megawatthours","megawatthours","megawatthours","megawatthours","ratio","megawatthours","megawatthours","megawatthours","megawatthours","megawatthours","megawatthours","megawatthours"
"1994","ND","North Dakota","0","0","152111","145035","29003713","29003713","0","583479","0","7680764","0","152111","21512860","3.46","30251272","7680764","123948","1095448","29155824","30251272","8023159","megawatthours","megawatthours","megawatthours","megawatthours","megawatthours","megawatthours","megawatthours","megawatthours","megawatthours","megawatthours","megawatthours","megawatthours","megawatthours","ratio","megawatthours","megawatthours","megawatthours","megawatthours","megawatthours","megawatthours","megawatthours"
"1994","NE","Nebraska","0","0","37606","37606","21945525","21945525","0","1509690","0","19873148","0","37606","-305543",".99","21983131","19873148","0","0","21983131","21983131","20759072","megawatthours","megawatthours","megawatthours","megawatthours","megawatthours","megawatthours","megawatthours","megawatthours","megawatthours","megawatthours","megawatthours","megawatthours","megawatthours","ratio","megawatthours","megawatthours","megawatthours","megawatthours","megawatthours","megawatthours","megawatthours"
"1994","NH","New Hampshire","22511","68381","353934","419655","13086053","11888117","0","680371","0","8956221","1129555","376445","4596569","1.46","14641794","8956221","0","1179296","13462498","14641794","9355478","megawatthours","megawatthours","megawatthours","megawatthours","megawatthours","megawatthours","megawatthours","megawatthours","megawatthours","megawatthours","megawatthours","megawatthours","megawatthours","ratio","megawatthours","megawatthours","megawatthours","megawatthours","megawatthours","megawatthours","megawatthours"
"1994","NJ","New Jersey","142083","12108422","2844870","2111202","45448389","31931596","0","5033346","0","66257593","1408371","2986953","-25877650",".65","48435342","66257593","0","0","48435342","48435342","69211278","megawatthours","megawatthours","megawatthours","megawatthours","megawatthours","megawatthours","megawatthours","megawatthours","megawatthours","megawatthours","megawatthours","megawatthours","megawatthours","ratio","megawatthours","megawatthours","megawatthours","megawatthours","megawatthours","megawatthours","megawatthours"
"1994","NM","New Mexico","20993","18111","333559","372663","30036122","30018011","0","1204734","0","15858794","0","354552","12603952","1.71","30390674","15858794","0","0","30390674","30390674","16565757","megawatthours","megawatthours","megawatthours","megawatthours","megawatthours","megawatthours","megawatthours","megawatthours","megawatthours","megawatthours","megawatthours","megawatthours","megawatthours","ratio","megawatthours","megawatthours","megawatthours","megawatthours","megawatthours","megawatthours","megawatthours"
"1994","NV","Nevada","0","2433444","0","201650","24517727","20519076","0","1522082","0","20036271","1565207","0","2052793","1.09","24524577","20036271","0","6850","24517727","24524577","20929464","megawatthours","megawatthours","megawatthours","megawatthours","megawatthours","megawatthours","megawatthours","megawatthours","megawatthours","megawatthours","megawatthours","megawatthours","megawatthours","ratio","megawatthours","megawatthours","megawatthours","megawatthours","megawatthours","megawatthours","megawatthours"
"1994","NY","New York","918095","13943072","4365640","3017654","120745835","103762902","0","9965003","0","131176571","3039861","5283734","-8312118",".94","139001002","131176571","189651","12971432","126029570","139001002","137024271","megawatthours","megawatthours","megawatthours","megawatthours","megawatthours","megawatthours","megawatthours","megawatthours","megawatthours","megawatthours","megawatthours","megawatthours","megawatthours","ratio","megawatthours","megawatthours","megawatthours","megawatthours","megawatthours","megawatthours","megawatthours"
"1994","OH","Ohio","55964","1304994","1379118","2239288","130328526","129020582","0","11727433","0","154376709","2950","1435082","-41379087",".76","131763609","154376709","0","0","131763609","131763609","161258647","megawatthours","megawatthours","megawatthours","megawatthours","megawatthours","megawatthours","megawatthours","megawatthours","megawatthours","megawatthours","megawatthours","megawatthours","megawatthours","ratio","megawatthours","megawatthours","megawatthours","megawatthours","megawatthours","megawatthours","megawatthours"
"1994","OK","Oklahoma","45367","3381386","1251394","1210606","48762011","45380625","0","3125516","0","41143443","0","1296761","3913335","1.08","50058772","41143443","0","0","50058772","50058772","42977567","megawatthours","megawatthours","megawatthours","megawatthours","megawatthours","megawatthours","megawatthours","megawatthours","megawatthours","megawatthours","megawatthours","megawatthours","megawatthours","ratio","megawatthours","megawatthours","megawatthours","megawatthours","megawatthours","megawatthours","megawatthours"
"1994","OR","Oregon","0","275838","275522","290105","38165291","37490089","0","3416262","0","44970742","399364","275522","-10929832",".78","39507175","44970742","0","1066362","38440813","39507175","46975484","megawatthours","megawatthours","megawatthours","megawatthours","megawatthours","megawatthours","megawatthours","megawatthours","megawatthours","megawatthours","megawatthours","megawatthours","megawatthours","ratio","megawatthours","megawatthours","megawatthours","megawatthours","megawatthours","megawatthours","megawatthours"
"1994","PA","Pennsylvania","380927","6588009","4749808","4885098","178947967","169029050","0","9347281","0","123045049","3330908","5130734","46214573","1.33","184220042","123045049","0","141341","184078701","184220042","128530257","megawatthours","megawatthours","megawatthours","megawatthours","megawatthours","megawatthours","megawatthours","megawatthours","megawatthours","megawatthours","megawatthours","megawatthours","megawatthours","ratio","megawatthours","megawatthours","megawatthours","megawatthours","megawatthours","megawatthours","megawatthours"
"1994","RI","Rhode Island","52086","399567","21212","90364","4659623","68641","0","499239","0","6571846","4191415","73298","-1458500",".8","5912217","6571846","0","1179296","4732921","5912217","6864816","megawatthours","megawatthours","megawatthours","megawatthours","megawatthours","megawatthours","megawatthours","megawatthours","megawatthours","megawatthours","megawatthours","megawatthours","megawatthours","ratio","megawatthours","megawatthours","megawatthours","megawatthours","megawatthours","megawatthours","megawatthours"
"1994","SC","South Carolina","75464","0","2609068","2367664","74257990","74193685","0","4699122","0","61857958","64305","2684532","7563656","1.11","76942521","61857958","0","0","76942521","76942521","64615517","megawatthours","megawatthours","megawatthours","megawatthours","megawatthours","megawatthours","megawatthours","megawatthours","megawatthours","megawatthours","megawatthours","megawatthours","megawatthours","ratio","megawatthours","megawatthours","megawatthours","megawatthours","megawatthours","megawatthours","megawatthours"
"1994","SD","South Dakota","0","0","0","0","7991260","7991260","0","544986","0","7174054","0","0","-54761",".99","7991260","7174054","0","0","7991260","7991260","7493861","megawatthours","megawatthours","megawatthours","megawatthours","megawatthours","megawatthours","megawatthours","megawatthours","megawatthours","megawatthours","megawatthours","megawatthours","megawatthours","ratio","megawatthours","megawatthours","megawatthours","megawatthours","megawatthours","megawatthours","megawatthours"
"1994","TN","Tennessee","95841","0","3367771","3402422","74871345","74853548","0","6269751","0","82533292","17797","3463612","-14233260",".85","78334957","82533292","0","0","78334957","78334957","86212530","megawatthours","megawatthours","megawatthours","megawatthours","megawatthours","megawatthours","megawatthours","megawatthours","megawatthours","megawatthours","megawatthours","megawatthours","megawatthours","ratio","megawatthours","megawatthours","megawatthours","megawatthours","megawatthours","megawatthours","megawatthours"
"1994","TX","Texas","443035","15447585","36126972","33398359","270609518","255140538","0","19612968","0","258179737","21395","36570008","16621182","1.06","307179595","258179737","964770","70","307179525","307179595","269689097","megawatthours","megawatthours","megawatthours","megawatthours","megawatthours","megawatthours","megawatthours","megawatthours","megawatthours","megawatthours","megawatthours","megawatthours","megawatthours","ratio","megawatthours","megawatthours","megawatthours","megawatthours","megawatthours","megawatthours","megawatthours"
"1994","US","United States","7619327","123499656","151177735","146325329","3088725330","2910712079","0","222927982","0","2934562864","54513595","158797062","0","1","3294355567","2934562864","2009882","46833176","3247522391","3294355567","3066336815","megawatthours","megawatthours","megawatthours","megawatthours","megawatthours","megawatthours","megawatthours","megawatthours","megawatthours","megawatthours","megawatthours","megawatthours","megawatthours","ratio","megawatthours","megawatthours","megawatthours","megawatthours","megawatthours","megawatthours","megawatthours"
"1994","UT","Utah","29092","0","328318","404016","34839424","34455058","0","1355776","0","17847064","384366","357410","15180146","1.76","35196834","17847064","0","0","35196834","35196834","18642662","megawatthours","megawatthours","megawatthours","megawatthours","megawatthours","megawatthours","megawatthours","megawatthours","megawatthours","megawatthours","megawatthours","megawatthours","megawatthours","ratio","megawatthours","megawatthours","megawatthours","megawatthours","megawatthours","megawatthours","megawatthours"
"1994","VA","Virginia","333414","4061982","2608173","2737415","59107339","52732286","0","6245203","0","82210138","2313071","2941587","-30156199",".67","62048926","82210138","0","0","62048926","62048926","85874974","megawatthours","megawatthours","megawatthours","megawatthours","megawatthours","megawatthours","megawatthours","megawatthours","megawatthours","megawatthours","megawatthours","megawatthours","megawatthours","ratio","megawatthours","megawatthours","megawatthours","megawatthours","megawatthours","megawatthours","megawatthours"
"1994","VT","Vermont","0","0","41025","64173","5576005","5293892","0","384883","0","5066504","282113","41025","2977978","1.49","9103687","5066504","443336","3486657","5617030","9103687","5292359","megawatthours","megawatthours","megawatthours","megawatthours","megawatthours","megawatthours","megawatthours","megawatthours","megawatthours","megawatthours","megawatthours","megawatthours","megawatthours","ratio","megawatthours","megawatthours","megawatthours","megawatthours","megawatthours","megawatthours","megawatthours"
"1994","WA","Washington","89142","4567805","1245440","1134517","87251894","82347668","0","6619205","0","87133397","336421","1334582","-6341351",".94","91409367","87133397","25538","2822891","88586476","91409367","91017707","megawatthours","megawatthours","megawatthours","megawatthours","megawatthours","megawatthours","megawatthours","megawatthours","megawatthours","megawatthours","megawatthours","megawatthours","megawatthours","ratio","megawatthours","megawatthours","megawatthours","megawatthours","megawatthours","megawatthours","megawatthours"
"1994","WI","Wisconsin","108002","66554","2613702","2785420","49637252","49437481","0","4209417","0","55411611","133217","2721704","-9790455",".84","52358955","55411611","0","0","52358955","52358955","57881796","megawatthours","megawatthours","megawatthours","megawatthours","megawatthours","megawatthours","megawatthours","megawatthours","megawatthours","megawatthours","megawatthours","megawatthours","megawatthours","ratio","megawatthours","megawatthours","megawatthours","megawatthours","megawatthours","megawatthours","megawatthours"
"1994","WV","West Virginia","0","414419","1959084","2114023","79470458","77702716","0","1882120","0","24775708","1353323","1959084","53640349","2.93","81429542","24775708","0","0","81429542","81429542","25880183","megawatthours","megawatthours","megawatthours","megawatthours","megawatthours","megawatthours","megawatthours","megawatthours","megawatthours","megawatthours","megawatthours","megawatthours","megawatthours","ratio","megawatthours","megawatthours","megawatthours","megawatthours","megawatthours","megawatthours","megawatthours"
"1994","WY","Wyoming","0","0","665116","646676","42337169","42337169","0","888531","0","11696380","0","665116","29883620","3.28","43002285","11696380","0","0","43002285","43002285","12217791","megawatthours","megawatthours","megawatthours","megawatthours","megawatthours","megawatthours","megawatthours","megawatthours","megawatthours","megawatthours","megawatthours","megawatthours","megawatthours","ratio","megawatthours","megawatthours","megawatthours","megawatthours","megawatthours","megawatthours","megawatthours"
"1993","AK","Alaska","211513","0","928717","1124748","4581047","4581047","0","350118","0","4374627","0","1140231","0","1","5722600","4374627","0","1322","5721278","5722600","5366983","megawatthours","megawatthours","megawatthours","megawatthours","megawatthours","megawatthours","megawatthours","megawatthours","megawatthours","megawatthours","megawatthours","megawatthours","megawatthours","ratio","megawatthours","megawatthours","megawatthours","megawatthours","megawatthours","megawatthours","megawatthours"
"1993","AL","Alabama","0","787844","4414607","5174420","94922390","94123557","0","5206804","0","65057675","10989","4414607","26034116","1.36","99336997","65057675","0","0","99336997","99336997","68025845","megawatthours","megawatthours","megawatthours","megawatthours","megawatthours","megawatthours","megawatthours","megawatthours","megawatthours","megawatthours","megawatthours","megawatthours","megawatthours","ratio","megawatthours","megawatthours","megawatthours","megawatthours","megawatthours","megawatthours","megawatthours"
"1993","AR","Arkansas","48662","0","2399384","2394744","38050606","38049072","0","2534100","0","31662933","1534","2448046","4822988","1.14","40498652","31662933","0","0","40498652","40498652","33107506","megawatthours","megawatthours","megawatthours","megawatthours","megawatthours","megawatthours","megawatthours","megawatthours","megawatthours","megawatthours","megawatthours","megawatthours","megawatthours","ratio","megawatthours","megawatthours","megawatthours","megawatthours","megawatthours","megawatthours","megawatthours"
"1993","AZ","Arizona","31290","0","412657","409151","68025039","68025039","0","3554122","0","44407854","0","443947","18433896","1.37","68468986","44407854","2255","0","68468986","68468986","46433895","megawatthours","megawatthours","megawatthours","megawatthours","megawatthours","megawatthours","megawatthours","megawatthours","megawatthours","megawatthours","megawatthours","megawatthours","megawatthours","ratio","megawatthours","megawatthours","megawatthours","megawatthours","megawatthours","megawatthours","megawatthours"
"1993","CA","California","1754267","21598133","17394028","10771434","167842349","125782063","0","16847078","0","210499926","20462154","19148295","-48214715",".8","189003198","210499926","45872","2012553","186990645","189003198","220103692","megawatthours","megawatthours","megawatthours","megawatthours","megawatthours","megawatthours","megawatthours","megawatthours","megawatthours","megawatthours","megawatthours","megawatthours","megawatthours","ratio","megawatthours","megawatthours","megawatthours","megawatthours","megawatthours","megawatthours","megawatthours"
"1993","CO","Colorado","220635","1012843","88618","481247","33930931","32687317","0","2637733","0","32957803","230771","309253","-2892441",".92","34240184","32957803","0","0","34240184","34240184","34461453","megawatthours","megawatthours","megawatthours","megawatthours","megawatthours","megawatthours","megawatthours","megawatthours","megawatthours","megawatthours","megawatthours","megawatthours","megawatthours","ratio","megawatthours","megawatthours","megawatthours","megawatthours","megawatthours","megawatthours","megawatthours"
"1993","CT","Connecticut","104077","2690508","317015","624526","32463479","28714867","0","2179996","0","27238487","1058104","421092","3271262","1.11","33960329","27238487","0","1075758","32884571","33960329","28481208","megawatthours","megawatthours","megawatthours","megawatthours","megawatthours","megawatthours","megawatthours","megawatthours","megawatthours","megawatthours","megawatthours","megawatthours","megawatthours","ratio","megawatthours","megawatthours","megawatthours","megawatthours","megawatthours","megawatthours","megawatthours"
"1993","DC","District of Columbia","0","0","0","0","188452","188452","0","830319","0","10374622","0","0","-11500189",".02","188452","10374622","0","0","188452","188452","10847947","megawatthours","megawatthours","megawatthours","megawatthours","megawatthours","megawatthours","megawatthours","megawatthours","megawatthours","megawatthours","megawatthours","megawatthours","megawatthours","ratio","megawatthours","megawatthours","megawatthours","megawatthours","megawatthours","megawatthours","megawatthours"
"1993","DE","Delaware","0","0","711219","652910","8306462","8306462","0","729997","0","9121134","0","711219","-1259359",".88","9017681","9121134","0","0","9017681","9017681","9537269","megawatthours","megawatthours","megawatthours","megawatthours","megawatthours","megawatthours","megawatthours","megawatthours","megawatthours","megawatthours","megawatthours","megawatthours","megawatthours","ratio","megawatthours","megawatthours","megawatthours","megawatthours","megawatthours","megawatthours","megawatthours"
"1993","FL","Florida","247106","2137878","6010379","6407566","145676670","140066943","0","12224966","0","152747819","3471849","6257485","-20166689",".88","151934155","152747819","0","0","151934155","151934155","159716724","megawatthours","megawatthours","megawatthours","megawatthours","megawatthours","megawatthours","megawatthours","megawatthours","megawatthours","megawatthours","megawatthours","megawatthours","megawatthours","ratio","megawatthours","megawatthours","megawatthours","megawatthours","megawatthours","megawatthours","megawatthours"
"1993","GA","Georgia","24483","0","5674928","5677444","95748158","95737505","0","7138284","0","89191041","10653","5699410","954161","1.01","101447569","89191041","0","0","101447569","101447569","93260255","megawatthours","megawatthours","megawatthours","megawatthours","megawatthours","megawatthours","megawatthours","megawatthours","megawatthours","megawatthours","megawatthours","megawatthours","megawatthours","ratio","megawatthours","megawatthours","megawatthours","megawatthours","megawatthours","megawatthours","megawatthours"
"1993","HI","Hawaii","0","2584600","762927","753131","9180760","6083815","0","692924","0","8657911","512344","762927","0","1","9943687","8657911","0","0","9943687","9943687","9241352","megawatthours","megawatthours","megawatthours","megawatthours","megawatthours","megawatthours","megawatthours","megawatthours","megawatthours","megawatthours","megawatthours","megawatthours","megawatthours","ratio","megawatthours","megawatthours","megawatthours","megawatthours","megawatthours","megawatthours","megawatthours"
"1993","IA","Iowa","83586","98493","860640","1041965","31104787","30991690","0","2569393","0","32103910","14604","944226","-4122132",".89","32049012","32103910","0","0","32049012","32049012","33568606","megawatthours","megawatthours","megawatthours","megawatthours","megawatthours","megawatthours","megawatthours","megawatthours","megawatthours","megawatthours","megawatthours","megawatthours","megawatthours","ratio","megawatthours","megawatthours","megawatthours","megawatthours","megawatthours","megawatthours","megawatthours"
"1993","ID","Idaho","0","83127","734718","693243","9798715","9022654","0","1498217","0","18719840","692934","734718","-10558104",".5","10533433","18719840","0","0","10533433","10533433","19573906","megawatthours","megawatthours","megawatthours","megawatthours","megawatthours","megawatthours","megawatthours","megawatthours","megawatthours","megawatthours","megawatthours","megawatthours","megawatthours","ratio","megawatthours","megawatthours","megawatthours","megawatthours","megawatthours","megawatthours","megawatthours"
"1993","IL","Illinois","293151","42089","2763299","3076869","140396641","140081020","0","9426874","0","117786375","273532","3056450","10745137","1.08","143453091","117786375","0","0","143453091","143453091","123160217","megawatthours","megawatthours","megawatthours","megawatthours","megawatthours","megawatthours","megawatthours","megawatthours","megawatthours","megawatthours","megawatthours","megawatthours","megawatthours","ratio","megawatthours","megawatthours","megawatthours","megawatthours","megawatthours","megawatthours","megawatthours"
"1993","IN","Indiana","150696","0","3533294","3683990","99951149","99951149","0","6557276","0","81931490","0","3683990","11322749","1.12","103635139","81931490","0","0","103635139","103635139","85669498","megawatthours","megawatthours","megawatthours","megawatthours","megawatthours","megawatthours","megawatthours","megawatthours","megawatthours","megawatthours","megawatthours","megawatthours","megawatthours","ratio","megawatthours","megawatthours","megawatthours","megawatthours","megawatthours","megawatthours","megawatthours"
"1993","KS","Kansas","0","0","305005","305538","36437562","36432577","0","2305641","0","28808385","4985","305005","4285080","1.13","36742567","28808385","0","0","36742567","36742567","30122732","megawatthours","megawatthours","megawatthours","megawatthours","megawatthours","megawatthours","megawatthours","megawatthours","megawatthours","megawatthours","megawatthours","megawatthours","megawatthours","ratio","megawatthours","megawatthours","megawatthours","megawatthours","megawatthours","megawatthours","megawatthours"
"1993","KY","Kentucky","0","0","0","0","84997718","84997718","0","5454228","0","68149184","0","0","8216951","1.11","84997718","68149184","0","0","84997718","84997718","71258390","megawatthours","megawatthours","megawatthours","megawatthours","megawatthours","megawatthours","megawatthours","megawatthours","megawatthours","megawatthours","megawatthours","megawatthours","megawatthours","ratio","megawatthours","megawatthours","megawatthours","megawatthours","megawatthours","megawatthours","megawatthours"
"1993","LA","Louisiana","25052","1579013","16584423","16785837","62366060","59352572","0","5422746","0","67755825","1434476","16609475","2621153","1.03","78975535","67755825","0","0","78975535","78975535","70847094","megawatthours","megawatthours","megawatthours","megawatthours","megawatthours","megawatthours","megawatthours","megawatthours","megawatthours","megawatthours","megawatthours","megawatthours","megawatthours","ratio","megawatthours","megawatthours","megawatthours","megawatthours","megawatthours","megawatthours","megawatthours"
"1993","MA","Massachusetts","295085","5618536","604433","1257816","36179688","28163544","0","3623984","0","45280748","2397608","899519","-12098282",".76","38918861","45280748","0","1839654","37079207","38918861","47346620","megawatthours","megawatthours","megawatthours","megawatthours","megawatthours","megawatthours","megawatthours","megawatthours","megawatthours","megawatthours","megawatthours","megawatthours","megawatthours","ratio","megawatthours","megawatthours","megawatthours","megawatthours","megawatthours","megawatthours","megawatthours"
"1993","MD","Maryland","27480","1017379","426310","1211666","44524099","43488284","0","4311605","0","53872404","18435","453789","-15719053",".74","44977888","53872404","0","0","44977888","44977888","56330252","megawatthours","megawatthours","megawatthours","megawatthours","megawatthours","megawatthours","megawatthours","megawatthours","megawatthours","megawatthours","megawatthours","megawatthours","megawatthours","ratio","megawatthours","megawatthours","megawatthours","megawatthours","megawatthours","megawatthours","megawatthours"
"1993","ME","Maine","204250","801155","4611234","4472253","10798788","8075919","0","956591","0","11952356","1921714","4815484","4089918","1.3","17705844","11952356","145241","2091572","15614272","17705844","12497670","megawatthours","megawatthours","megawatthours","megawatthours","megawatthours","megawatthours","megawatthours","megawatthours","megawatthours","megawatthours","megawatthours","megawatthours","megawatthours","ratio","megawatthours","megawatthours","megawatthours","megawatthours","megawatthours","megawatthours","megawatthours"
"1993","MI","Michigan","452436","8905594","3574668","4557801","102341447","92250107","0","7010035","0","87588602","1185746","4027104","10072794","1.1","108788418","87588602","28736","2419866","106368552","108788418","91584706","megawatthours","megawatthours","megawatthours","megawatthours","megawatthours","megawatthours","megawatthours","megawatthours","megawatthours","megawatthours","megawatthours","megawatthours","megawatthours","ratio","megawatthours","megawatthours","megawatthours","megawatthours","megawatthours","megawatthours","megawatthours"
"1993","MN","Minnesota","85727","0","2406611","2486625","41548297","41254101","0","3938510","0","49210670","294196","2492338","-5174183",".91","50751507","49210670","479646","6710873","44040634","50751507","51455837","megawatthours","megawatthours","megawatthours","megawatthours","megawatthours","megawatthours","megawatthours","megawatthours","megawatthours","megawatthours","megawatthours","megawatthours","megawatthours","ratio","megawatthours","megawatthours","megawatthours","megawatthours","megawatthours","megawatthours","megawatthours"
"1993","MO","Missouri","149194","0","201506","348607","53202268","53202268","0","4691738","0","58622069","0","350700","-12494360",".81","53552968","58622069","0","0","53552968","53552968","61296619","megawatthours","megawatthours","megawatthours","megawatthours","megawatthours","megawatthours","megawatthours","megawatthours","megawatthours","megawatthours","megawatthours","megawatthours","megawatthours","ratio","megawatthours","megawatthours","megawatthours","megawatthours","megawatthours","megawatthours","megawatthours"
"1993","MS","Mississippi","22829","0","2681389","2656643","23237307","23234028","0","2781113","0","34749301","3279","2704218","-13211682",".66","25941525","34749301","0","0","25941525","25941525","36334688","megawatthours","megawatthours","megawatthours","megawatthours","megawatthours","megawatthours","megawatthours","megawatthours","megawatthours","megawatthours","megawatthours","megawatthours","megawatthours","ratio","megawatthours","megawatthours","megawatthours","megawatthours","megawatthours","megawatthours","megawatthours"
"1993","MT","Montana","0","0","51914","65601","23820940","23447322","0","1034773","0","12929227","373618","51914","9308690","1.64","23875895","12929227","329","3040","23872855","23875895","13519108","megawatthours","megawatthours","megawatthours","megawatthours","megawatthours","megawatthours","megawatthours","megawatthours","megawatthours","megawatthours","megawatthours","megawatthours","megawatthours","ratio","megawatthours","megawatthours","megawatthours","megawatthours","megawatthours","megawatthours","megawatthours"
"1993","NC","North Carolina","51229","3482248","2598189","3032691","92665027","88753614","0","7985562","0","99777554","429165","2649418","-17103687",".85","95314445","99777554","0","0","95314445","95314445","104329760","megawatthours","megawatthours","megawatthours","megawatthours","megawatthours","megawatthours","megawatthours","megawatthours","megawatthours","megawatthours","megawatthours","megawatthours","megawatthours","ratio","megawatthours","megawatthours","megawatthours","megawatthours","megawatthours","megawatthours","megawatthours"
"1993","ND","North Dakota","0","0","163587","150685","28499824","28499824","0","594807","0","7431958","0","163587","21357376","3.48","29963199","7431958","232400","1299788","28663411","29963199","7771033","megawatthours","megawatthours","megawatthours","megawatthours","megawatthours","megawatthours","megawatthours","megawatthours","megawatthours","megawatthours","megawatthours","megawatthours","megawatthours","ratio","megawatthours","megawatthours","megawatthours","megawatthours","megawatthours","megawatthours","megawatthours"
"1993","NE","Nebraska","0","0","36570","36570","22724286","22724286","0","1500554","0","18749041","0","36570","1637078","1.08","22760856","18749041","0","0","22760856","22760856","19604438","megawatthours","megawatthours","megawatthours","megawatthours","megawatthours","megawatthours","megawatthours","megawatthours","megawatthours","megawatthours","megawatthours","megawatthours","megawatthours","ratio","megawatthours","megawatthours","megawatthours","megawatthours","megawatthours","megawatthours","megawatthours"
"1993","NH","New Hampshire","15934","83396","341520","409591","15885306","14586006","0","701172","0","8760969","1215904","357454","7447499","1.75","17318518","8760969","0","1075758","16242760","17318518","9160677","megawatthours","megawatthours","megawatthours","megawatthours","megawatthours","megawatthours","megawatthours","megawatthours","megawatthours","megawatthours","megawatthours","megawatthours","megawatthours","ratio","megawatthours","megawatthours","megawatthours","megawatthours","megawatthours","megawatthours","megawatthours"
"1993","NJ","New Jersey","118053","9975388","2867872","1635068","45358958","34284622","0","5251860","0","65620646","1098948","2985925","-25588733",".65","48344883","65620646","0","0","48344883","48344883","68614499","megawatthours","megawatthours","megawatthours","megawatthours","megawatthours","megawatthours","megawatthours","megawatthours","megawatthours","megawatthours","megawatthours","megawatthours","megawatthours","ratio","megawatthours","megawatthours","megawatthours","megawatthours","megawatthours","megawatthours","megawatthours"
"1993","NM","New Mexico","19281","17169","343710","380159","28381537","28364368","0","1194653","0","14926879","0","362991","11926670","1.71","28744527","14926879","0","0","28744527","28744527","15607898","megawatthours","megawatthours","megawatthours","megawatthours","megawatthours","megawatthours","megawatthours","megawatthours","megawatthours","megawatthours","megawatthours","megawatthours","megawatthours","ratio","megawatthours","megawatthours","megawatthours","megawatthours","megawatthours","megawatthours","megawatthours"
"1993","NV","Nevada","0","2129856","0","197379","23502471","19820333","0","1480530","0","18498851","1552282","0","2661460","1.13","23503520","18498851","0","1049","23502471","23503520","19342834","megawatthours","megawatthours","megawatthours","megawatthours","megawatthours","megawatthours","megawatthours","megawatthours","megawatthours","megawatthours","megawatthours","megawatthours","megawatthours","ratio","megawatthours","megawatthours","megawatthours","megawatthours","megawatthours","megawatthours","megawatthours"
"1993","NY","New York","864267","9651716","4557654","3132421","118799112","106314502","0","10417995","0","130170179","2832894","5421920","-16892909",".88","129989248","130170179","221849","5768216","124221032","129989248","136109011","megawatthours","megawatthours","megawatthours","megawatthours","megawatthours","megawatthours","megawatthours","megawatthours","megawatthours","megawatthours","megawatthours","megawatthours","megawatthours","ratio","megawatthours","megawatthours","megawatthours","megawatthours","megawatthours","megawatthours","megawatthours"
"1993","OH","Ohio","64222","26093","1405004","1466426","133768065","133735428","0","11890653","0","148570665","6544","1469226","-32152396",".81","135237291","148570665","0","0","135237291","135237291","155348997","megawatthours","megawatthours","megawatthours","megawatthours","megawatthours","megawatthours","megawatthours","megawatthours","megawatthours","megawatthours","megawatthours","megawatthours","megawatthours","ratio","megawatthours","megawatthours","megawatthours","megawatthours","megawatthours","megawatthours","megawatthours"
"1993","OK","Oklahoma","43253","3138720","1166978","1099019","51949440","48810720","0","3243870","0","40531327","0","1210232","7493656","1.16","53159672","40531327","0","0","53159672","53159672","42380515","megawatthours","megawatthours","megawatthours","megawatthours","megawatthours","megawatthours","megawatthours","megawatthours","megawatthours","megawatthours","megawatthours","megawatthours","megawatthours","ratio","megawatthours","megawatthours","megawatthours","megawatthours","megawatthours","megawatthours","megawatthours"
"1993","OR","Oregon","66408","326465","346824","384707","41496352","40743085","0","3567732","0","44577902","426802","413233","-7233331",".86","42991068","44577902","0","1081483","41909585","42991068","46611704","megawatthours","megawatthours","megawatthours","megawatthours","megawatthours","megawatthours","megawatthours","megawatthours","megawatthours","megawatthours","megawatthours","megawatthours","megawatthours","ratio","megawatthours","megawatthours","megawatthours","megawatthours","megawatthours","megawatthours","megawatthours"
"1993","PA","Pennsylvania","388878","6691738","5093770","4616387","175731486","166200686","0","9602557","0","119981494","2839062","5482648","46031503","1.34","181214134","119981494","0","0","181214134","181214134","125455476","megawatthours","megawatthours","megawatthours","megawatthours","megawatthours","megawatthours","megawatthours","megawatthours","megawatthours","megawatthours","megawatthours","megawatthours","megawatthours","ratio","megawatthours","megawatthours","megawatthours","megawatthours","megawatthours","megawatthours","megawatthours"
"1993","RI","Rhode Island","52129","502446","19563","219851","4593604","53740","0","524096","0","6548438","4037418","71692","-1637013",".78","5741054","6548438","0","1075758","4665296","5741054","6847203","megawatthours","megawatthours","megawatthours","megawatthours","megawatthours","megawatthours","megawatthours","megawatthours","megawatthours","megawatthours","megawatthours","megawatthours","megawatthours","ratio","megawatthours","megawatthours","megawatthours","megawatthours","megawatthours","megawatthours","megawatthours"
"1993","SC","South Carolina","79918","0","2448944","2207518","75645971","75588386","0","4924689","0","61532725","57585","2528862","8846330","1.13","78174833","61532725","0","0","78174833","78174833","64340074","megawatthours","megawatthours","megawatthours","megawatthours","megawatthours","megawatthours","megawatthours","megawatthours","megawatthours","megawatthours","megawatthours","megawatthours","megawatthours","ratio","megawatthours","megawatthours","megawatthours","megawatthours","megawatthours","megawatthours","megawatthours"
"1993","SD","South Dakota","0","0","0","0","5255511","5255511","0","552609","0","6904707","0","0","-2523730",".68","5255511","6904707","0","0","5255511","5255511","7219728","megawatthours","megawatthours","megawatthours","megawatthours","megawatthours","megawatthours","megawatthours","megawatthours","megawatthours","megawatthours","megawatthours","megawatthours","megawatthours","ratio","megawatthours","megawatthours","megawatthours","megawatthours","megawatthours","megawatthours","megawatthours"
"1993","TN","Tennessee","99322","0","2154210","2228043","71630666","71614268","0","6389261","0","79832181","16398","2253533","-16061533",".82","73884199","79832181","0","0","73884199","73884199","83474410","megawatthours","megawatthours","megawatthours","megawatthours","megawatthours","megawatthours","megawatthours","megawatthours","megawatthours","megawatthours","megawatthours","megawatthours","megawatthours","ratio","megawatthours","megawatthours","megawatthours","megawatthours","megawatthours","megawatthours","megawatthours"
"1993","TX","Texas","500118","15793831","35198668","31554230","263989931","248174240","0","20015168","0","250084413","21860","35698785","17096725","1.06","299688730","250084413","801040","14","299688716","299688730","261494158","megawatthours","megawatthours","megawatthours","megawatthours","megawatthours","megawatthours","megawatthours","megawatthours","megawatthours","megawatthours","megawatthours","megawatthours","megawatthours","ratio","megawatthours","megawatthours","megawatthours","megawatthours","megawatthours","megawatthours","megawatthours"
"1993","US","United States","7000421","107976400","146293871","139237874","3043896805","2882524766","0","229013278","0","2861462340","53395639","153294293","0","1","3228548621","2861462340","3540891","31357523","3197191098","3228548621","2992993752","megawatthours","megawatthours","megawatthours","megawatthours","megawatthours","megawatthours","megawatthours","megawatthours","megawatthours","megawatthours","megawatthours","megawatthours","megawatthours","ratio","megawatthours","megawatthours","megawatthours","megawatthours","megawatthours","megawatthours","megawatthours"
"1993","UT","Utah","28923","0","339304","420238","33689875","33460939","0","1349938","0","16867129","228936","368227","15054208","1.79","34058102","16867129","0","0","34058102","34058102","17636669","megawatthours","megawatthours","megawatthours","megawatthours","megawatthours","megawatthours","megawatthours","megawatthours","megawatthours","megawatthours","megawatthours","megawatthours","megawatthours","ratio","megawatthours","megawatthours","megawatthours","megawatthours","megawatthours","megawatthours","megawatthours"
"1993","VA","Virginia","90720","4067684","2605571","2713544","58547219","52181906","0","6512481","0","81371781","2297630","2696291","-30437308",".67","61243511","81371781","0","0","61243511","61243511","85084253","megawatthours","megawatthours","megawatthours","megawatthours","megawatthours","megawatthours","megawatthours","megawatthours","megawatthours","megawatthours","megawatthours","megawatthours","megawatthours","ratio","megawatthours","megawatthours","megawatthours","megawatthours","megawatthours","megawatthours","megawatthours"
"1993","VT","Vermont","0","0","45875","57845","4597890","4300537","0","401414","0","5015558","297353","45875","1592672","1.26","7743382","5015558","499835","3099617","4643765","7743382","5244388","megawatthours","megawatthours","megawatthours","megawatthours","megawatthours","megawatthours","megawatthours","megawatthours","megawatthours","megawatthours","megawatthours","megawatthours","megawatthours","ratio","megawatthours","megawatthours","megawatthours","megawatthours","megawatthours","megawatthours","megawatthours"
"1993","WA","Washington","74935","2662828","1184979","1065936","86735862","83771148","0","7240853","0","90472611","301886","1259914","-13219397",".87","89796978","90472611","1083688","1801202","87995776","89796978","94600295","megawatthours","megawatthours","megawatthours","megawatthours","megawatthours","megawatthours","megawatthours","megawatthours","megawatthours","megawatthours","megawatthours","megawatthours","megawatthours","ratio","megawatthours","megawatthours","megawatthours","megawatthours","megawatthours","megawatthours","megawatthours"
"1993","WI","Wisconsin","11313","26653","2313854","2354569","47913385","47762861","0","4254301","0","53156402","123871","2325167","-9652845",".84","50238552","53156402","0","0","50238552","50238552","55581586","megawatthours","megawatthours","megawatthours","megawatthours","megawatthours","megawatthours","megawatthours","megawatthours","megawatthours","megawatthours","megawatthours","megawatthours","megawatthours","ratio","megawatthours","megawatthours","megawatthours","megawatthours","megawatthours","megawatthours","megawatthours"
"1993","WV","West Virginia","0","442981","1990540","2142462","72758623","71078069","0","1956145","0","24441525","1237573","1990540","47209794","2.71","74749163","24441525","0","0","74749163","74749163","25556640","megawatthours","megawatthours","megawatthours","megawatthours","megawatthours","megawatthours","megawatthours","megawatthours","megawatthours","megawatthours","megawatthours","megawatthours","megawatthours","ratio","megawatthours","megawatthours","megawatthours","megawatthours","megawatthours","megawatthours","megawatthours"
"1993","WY","Wyoming","0","0","616760","616760","40154595","40154595","0","951215","0","11885187","0","616760","27380203","3.04","40771355","11885187","0","0","40771355","40771355","12427435","megawatthours","megawatthours","megawatthours","megawatthours","megawatthours","megawatthours","megawatthours","megawatthours","megawatthours","megawatthours","megawatthours","megawatthours","megawatthours","ratio","megawatthours","megawatthours","megawatthours","megawatthours","megawatthours","megawatthours","megawatthours"
"1992","AK","Alaska","216258","0","915112","1130361","4167054","4167054","0","343009","0","4338934","0","1131370","0","1","5298954","4338934","0","530","5298424","5298954","4950476","megawatthours","megawatthours","megawatthours","megawatthours","megawatthours","megawatthours","megawatthours","megawatthours","megawatthours","megawatthours","megawatthours","megawatthours","megawatthours","ratio","megawatthours","megawatthours","megawatthours","megawatthours","megawatthours","megawatthours","megawatthours"
"1992","AL","Alabama","0","778496","3638459","4379722","91595962","90792233","0","4914509","0","62166661","25233","3638459","25273664","1.36","95234421","62166661","0","0","95234421","95234421","64979701","megawatthours","megawatthours","megawatthours","megawatthours","megawatthours","megawatthours","megawatthours","megawatthours","megawatthours","megawatthours","megawatthours","megawatthours","megawatthours","ratio","megawatthours","megawatthours","megawatthours","megawatthours","megawatthours","megawatthours","megawatthours"
"1992","AR","Arkansas","44830","0","2331314","2316191","37369959","37369823","0","2249168","0","28451112","136","2376143","7727644","1.24","39746102","28451112","0","0","39746102","39746102","29738523","megawatthours","megawatthours","megawatthours","megawatthours","megawatthours","megawatthours","megawatthours","megawatthours","megawatthours","megawatthours","megawatthours","megawatthours","megawatthours","ratio","megawatthours","megawatthours","megawatthours","megawatthours","megawatthours","megawatthours","megawatthours"
"1992","AZ","Arizona","30083","0","413665","404400","70108979","70108979","0","3450798","0","43651272","0","443748","21429218","1.44","70552727","43651272","2166","0","70552727","70552727","45626490","megawatthours","megawatthours","megawatthours","megawatthours","megawatthours","megawatthours","megawatthours","megawatthours","megawatthours","megawatthours","megawatthours","megawatthours","megawatthours","ratio","megawatthours","megawatthours","megawatthours","megawatthours","megawatthours","megawatthours","megawatthours"
"1992","CA","California","1738325","21148684","17039576","10049616","158377557","119309725","0","16873811","0","213447241","17919147","18777902","-60974474",".75","179253872","213447241","25311","2098414","177155458","179253872","223105728","megawatthours","megawatthours","megawatthours","megawatthours","megawatthours","megawatthours","megawatthours","megawatthours","megawatthours","megawatthours","megawatthours","megawatthours","megawatthours","ratio","megawatthours","megawatthours","megawatthours","megawatthours","megawatthours","megawatthours","megawatthours"
"1992","CO","Colorado","90147","1011572","76965","418642","33128377","31899303","0","2515647","0","31821970","217502","167113","-2514313",".93","33295489","31821970","0","0","33295489","33295489","33261914","megawatthours","megawatthours","megawatthours","megawatthours","megawatthours","megawatthours","megawatthours","megawatthours","megawatthours","megawatthours","megawatthours","megawatthours","megawatthours","ratio","megawatthours","megawatthours","megawatthours","megawatthours","megawatthours","megawatthours","megawatthours"
"1992","CT","Connecticut","107532","2670940","255700","455298","28848147","25153644","0","2144489","0","27126971","1023563","363232","-412839",".99","30113698","27126971","0","902319","29211379","30113698","28354465","megawatthours","megawatthours","megawatthours","megawatthours","megawatthours","megawatthours","megawatthours","megawatthours","megawatthours","megawatthours","megawatthours","megawatthours","megawatthours","ratio","megawatthours","megawatthours","megawatthours","megawatthours","megawatthours","megawatthours","megawatthours"
"1992","DC","District of Columbia","0","0","0","0","73991","73991","0","793939","0","10043021","0","0","-11227457",".01","73991","10043021","0","0","73991","73991","10497467","megawatthours","megawatthours","megawatthours","megawatthours","megawatthours","megawatthours","megawatthours","megawatthours","megawatthours","megawatthours","megawatthours","megawatthours","megawatthours","ratio","megawatthours","megawatthours","megawatthours","megawatthours","megawatthours","megawatthours","megawatthours"
"1992","DE","Delaware","0","0","716793","666708","6267492","6267492","0","674517","0","8532380","0","716793","-2617901",".73","6984285","8532380","0","0","6984285","6984285","8918470","megawatthours","megawatthours","megawatthours","megawatthours","megawatthours","megawatthours","megawatthours","megawatthours","megawatthours","megawatthours","megawatthours","megawatthours","megawatthours","ratio","megawatthours","megawatthours","megawatthours","megawatthours","megawatthours","megawatthours","megawatthours"
"1992","FL","Florida","263027","744962","5767685","6167149","137746429","133976775","0","11621691","0","147009940","3024693","6030713","-21659866",".87","143777142","147009940","0","0","143777142","143777142","153662140","megawatthours","megawatthours","megawatthours","megawatthours","megawatthours","megawatthours","megawatthours","megawatthours","megawatthours","megawatthours","megawatthours","megawatthours","megawatthours","ratio","megawatthours","megawatthours","megawatthours","megawatthours","megawatthours","megawatthours","megawatthours"
"1992","GA","Georgia","3020","0","5567835","5539276","91787372","91779352","0","6592408","0","83391431","8020","5570854","3511996","1.04","97358227","83391431","0","0","97358227","97358227","87164892","megawatthours","megawatthours","megawatthours","megawatthours","megawatthours","megawatthours","megawatthours","megawatthours","megawatthours","megawatthours","megawatthours","megawatthours","megawatthours","ratio","megawatthours","megawatthours","megawatthours","megawatthours","megawatthours","megawatthours","megawatthours"
"1992","HI","Hawaii","0","1760038","814750","606883","9029712","6861255","0","685150","0","8666889","408419","814750","0","1","9844463","8666889","0","0","9844463","9844463","9150038","megawatthours","megawatthours","megawatthours","megawatthours","megawatthours","megawatthours","megawatthours","megawatthours","megawatthours","megawatthours","megawatthours","megawatthours","megawatthours","ratio","megawatthours","megawatthours","megawatthours","megawatthours","megawatthours","megawatthours","megawatthours"
"1992","IA","Iowa","29192","123970","896553","1050950","29571179","29426852","0","2388062","0","30208072","20357","925745","-3497382",".9","30496924","30208072","0","0","30496924","30496924","31574985","megawatthours","megawatthours","megawatthours","megawatthours","megawatthours","megawatthours","megawatthours","megawatthours","megawatthours","megawatthours","megawatthours","megawatthours","megawatthours","ratio","megawatthours","megawatthours","megawatthours","megawatthours","megawatthours","megawatthours","megawatthours"
"1992","ID","Idaho","0","81173","727380","662610","6735625","6260025","0","1502671","0","19008207","394427","727380","-13664637",".36","7726036","19008207","0","263031","7463005","7726036","19868332","megawatthours","megawatthours","megawatthours","megawatthours","megawatthours","megawatthours","megawatthours","megawatthours","megawatthours","megawatthours","megawatthours","megawatthours","megawatthours","ratio","megawatthours","megawatthours","megawatthours","megawatthours","megawatthours","megawatthours","megawatthours"
"1992","IL","Illinois","134940","37664","2830994","2970365","125080293","124824093","0","8895172","0","112520519","218536","2965934","1423491","1.01","128046228","112520519","0","0","128046228","128046228","117612074","megawatthours","megawatthours","megawatthours","megawatthours","megawatthours","megawatthours","megawatthours","megawatthours","megawatthours","megawatthours","megawatthours","megawatthours","megawatthours","ratio","megawatthours","megawatthours","megawatthours","megawatthours","megawatthours","megawatthours","megawatthours"
"1992","IN","Indiana","146861","0","3572120","3718981","97299582","97299582","0","6085308","0","76976815","0","3718981","14392538","1.17","101018563","76976815","0","0","101018563","101018563","80460021","megawatthours","megawatthours","megawatthours","megawatthours","megawatthours","megawatthours","megawatthours","megawatthours","megawatthours","megawatthours","megawatthours","megawatthours","megawatthours","ratio","megawatthours","megawatthours","megawatthours","megawatthours","megawatthours","megawatthours","megawatthours"
"1992","KS","Kansas","0","0","304961","305221","31773533","31763765","0","2139915","0","27069105","9768","304961","1617217","1.05","32078494","27069105","0","0","32078494","32078494","28293987","megawatthours","megawatthours","megawatthours","megawatthours","megawatthours","megawatthours","megawatthours","megawatthours","megawatthours","megawatthours","megawatthours","megawatthours","megawatthours","ratio","megawatthours","megawatthours","megawatthours","megawatthours","megawatthours","megawatthours","megawatthours"
"1992","KY","Kentucky","0","0","0","0","77351259","77351259","0","5301965","0","67067820","0","0","1879588","1.02","77351259","67067820","0","0","77351259","77351259","70102639","megawatthours","megawatthours","megawatthours","megawatthours","megawatthours","megawatthours","megawatthours","megawatthours","megawatthours","megawatthours","megawatthours","megawatthours","megawatthours","ratio","megawatthours","megawatthours","megawatthours","megawatthours","megawatthours","megawatthours","megawatthours"
"1992","LA","Louisiana","30669","953995","16346615","16322502","56996839","55188230","0","5146269","0","65098330","854614","16377284","102404","1","73374123","65098330","0","0","73374123","73374123","68044029","megawatthours","megawatthours","megawatthours","megawatthours","megawatthours","megawatthours","megawatthours","megawatthours","megawatthours","megawatthours","megawatthours","megawatthours","megawatthours","ratio","megawatthours","megawatthours","megawatthours","megawatthours","megawatthours","megawatthours","megawatthours"
"1992","MA","Massachusetts","317653","4422232","568948","1053704","39201054","32838301","0","3557268","0","44998082","1940521","886601","-8890379",".82","41747184","44998082","0","1659529","40087655","41747184","47034243","megawatthours","megawatthours","megawatthours","megawatthours","megawatthours","megawatthours","megawatthours","megawatthours","megawatthours","megawatthours","megawatthours","megawatthours","megawatthours","ratio","megawatthours","megawatthours","megawatthours","megawatthours","megawatthours","megawatthours","megawatthours"
"1992","MD","Maryland","34470","1122296","414177","1286031","40728711","39586558","0","4030856","0","50988788","19857","448648","-16201806",".72","41177358","50988788","0","0","41177358","41177358","53296033","megawatthours","megawatthours","megawatthours","megawatthours","megawatthours","megawatthours","megawatthours","megawatthours","megawatthours","megawatthours","megawatthours","megawatthours","megawatthours","ratio","megawatthours","megawatthours","megawatthours","megawatthours","megawatthours","megawatthours","megawatthours"
"1992","ME","Maine","185187","824465","4531632","4391388","10966725","8334852","0","907777","0","11483027","1807409","4716820","4314660","1.33","17559418","11483027","318469","1875873","15683545","17559418","12002637","megawatthours","megawatthours","megawatthours","megawatthours","megawatthours","megawatthours","megawatthours","megawatthours","megawatthours","megawatthours","megawatthours","megawatthours","megawatthours","ratio","megawatthours","megawatthours","megawatthours","megawatthours","megawatthours","megawatthours","megawatthours"
"1992","MI","Michigan","331497","7907290","3535515","4466876","91454926","82679444","0","6627887","0","83840225","868192","3867012","740387","1.01","95405414","83840225","314833","83476","95321938","95405414","87634000","megawatthours","megawatthours","megawatthours","megawatthours","megawatthours","megawatthours","megawatthours","megawatthours","megawatthours","megawatthours","megawatthours","megawatthours","megawatthours","ratio","megawatthours","megawatthours","megawatthours","megawatthours","megawatthours","megawatthours","megawatthours"
"1992","MN","Minnesota","101121","0","2058281","2132519","38099484","37783876","0","3748110","0","47412154","315608","2159401","-7671345",".86","45729361","47412154","45502","5470476","40258885","45729361","49557550","megawatthours","megawatthours","megawatthours","megawatthours","megawatthours","megawatthours","megawatthours","megawatthours","megawatthours","megawatthours","megawatthours","megawatthours","megawatthours","ratio","megawatthours","megawatthours","megawatthours","megawatthours","megawatthours","megawatthours","megawatthours"
"1992","MO","Missouri","127583","0","196983","322032","56627107","56627107","0","4301384","0","54410855","0","324566","-4277395",".93","56951673","54410855","0","0","56951673","56951673","56872951","megawatthours","megawatthours","megawatthours","megawatthours","megawatthours","megawatthours","megawatthours","megawatthours","megawatthours","megawatthours","megawatthours","megawatthours","megawatthours","ratio","megawatthours","megawatthours","megawatthours","megawatthours","megawatthours","megawatthours","megawatthours"
"1992","MS","Mississippi","23617","0","2623401","2633837","20487946","20487946","0","2627842","0","33241190","0","2647018","-14274106",".62","23134964","33241190","0","0","23134964","23134964","34745354","megawatthours","megawatthours","megawatthours","megawatthours","megawatthours","megawatthours","megawatthours","megawatthours","megawatthours","megawatthours","megawatthours","megawatthours","megawatthours","ratio","megawatthours","megawatthours","megawatthours","megawatthours","megawatthours","megawatthours","megawatthours"
"1992","MT","Montana","0","0","56380","75355","25843264","25467703","0","1035318","0","13096382","375561","56380","11179025","1.76","25916736","13096382","229","17091","25899645","25916736","13688991","megawatthours","megawatthours","megawatthours","megawatthours","megawatthours","megawatthours","megawatthours","megawatthours","megawatthours","megawatthours","megawatthours","megawatthours","megawatthours","ratio","megawatthours","megawatthours","megawatthours","megawatthours","megawatthours","megawatthours","megawatthours"
"1992","NC","North Carolina","59515","3578912","2457532","2938325","87018205","83007307","0","7446497","0","94195331","431986","2517048","-16466046",".84","89535253","94195331","0","0","89535253","89535253","98457669","megawatthours","megawatthours","megawatthours","megawatthours","megawatthours","megawatthours","megawatthours","megawatthours","megawatthours","megawatthours","megawatthours","megawatthours","megawatthours","ratio","megawatthours","megawatthours","megawatthours","megawatthours","megawatthours","megawatthours","megawatthours"
"1992","ND","North Dakota","0","0","174574","159909","28592323","28592323","0","563525","0","7128380","0","174574","21420031","3.67","29449059","7128380","7275","682162","28766897","29449059","7450939","megawatthours","megawatthours","megawatthours","megawatthours","megawatthours","megawatthours","megawatthours","megawatthours","megawatthours","megawatthours","megawatthours","megawatthours","megawatthours","ratio","megawatthours","megawatthours","megawatthours","megawatthours","megawatthours","megawatthours","megawatthours"
"1992","NE","Nebraska","0","0","38251","38251","22387247","22387247","0","1405918","0","17784329","0","38251","2412686","1.12","22425498","17784329","0","0","22425498","22425498","18589071","megawatthours","megawatthours","megawatthours","megawatthours","megawatthours","megawatthours","megawatthours","megawatthours","megawatthours","megawatthours","megawatthours","megawatthours","megawatthours","ratio","megawatthours","megawatthours","megawatthours","megawatthours","megawatthours","megawatthours","megawatthours"
"1992","NH","New Hampshire","12814","86735","357499","416482","14746940","13451183","0","707872","0","8954313","1209022","370313","5942837","1.59","16019572","8954313","0","902319","15117253","16019572","9359493","megawatthours","megawatthours","megawatthours","megawatthours","megawatthours","megawatthours","megawatthours","megawatthours","megawatthours","megawatthours","megawatthours","megawatthours","megawatthours","ratio","megawatthours","megawatthours","megawatthours","megawatthours","megawatthours","megawatthours","megawatthours"
"1992","NJ","New Jersey","102215","8384116","2770851","1517249","40790944","31166593","0","4990061","0","63122357","1240235","2873067","-27369337",".61","43664010","63122357","0","0","43664010","43664010","65978647","megawatthours","megawatthours","megawatthours","megawatthours","megawatthours","megawatthours","megawatthours","megawatthours","megawatthours","megawatthours","megawatthours","megawatthours","megawatthours","ratio","megawatthours","megawatthours","megawatthours","megawatthours","megawatthours","megawatthours","megawatthours"
"1992","NM","New Mexico","24267","18890","318769","361926","27726403","27707513","0","1140863","0","14431480","0","343036","11829278","1.73","28069439","14431480","0","0","28069439","28069439","15084504","megawatthours","megawatthours","megawatthours","megawatthours","megawatthours","megawatthours","megawatthours","megawatthours","megawatthours","megawatthours","megawatthours","megawatthours","megawatthours","ratio","megawatthours","megawatthours","megawatthours","megawatthours","megawatthours","megawatthours","megawatthours"
"1992","NV","Nevada","0","1203364","0","144569","23347543","20962974","0","1398955","0","17696252","1181205","0","3436069","1.17","23349870","17696252","0","2327","23347543","23349870","18497005","megawatthours","megawatthours","megawatthours","megawatthours","megawatthours","megawatthours","megawatthours","megawatthours","megawatthours","megawatthours","megawatthours","megawatthours","megawatthours","ratio","megawatthours","megawatthours","megawatthours","megawatthours","megawatthours","megawatthours","megawatthours"
"1992","NY","New York","467797","6252400","4162803","3034147","121318323","112228796","0","10156014","0","128469688","2837127","4630601","-15568500",".89","129479034","128469688","477073","3530110","125948924","129479034","134282944","megawatthours","megawatthours","megawatthours","megawatthours","megawatthours","megawatthours","megawatthours","megawatthours","megawatthours","megawatthours","megawatthours","megawatthours","megawatthours","ratio","megawatthours","megawatthours","megawatthours","megawatthours","megawatthours","megawatthours","megawatthours"
"1992","OH","Ohio","74800","32738","1248823","1323622","136338104","136296552","0","11464099","0","145016464","8813","1323622","-25527168",".84","137661726","145016464","0","0","137661726","137661726","151578455","megawatthours","megawatthours","megawatthours","megawatthours","megawatthours","megawatthours","megawatthours","megawatthours","megawatthours","megawatthours","megawatthours","megawatthours","megawatthours","ratio","megawatthours","megawatthours","megawatthours","megawatthours","megawatthours","megawatthours","megawatthours"
"1992","OK","Oklahoma","28978","2895340","1139240","1056330","48838231","45942891","0","3025167","0","38267207","0","1168218","6943157","1.16","50006449","38267207","0","0","50006449","50006449","39998801","megawatthours","megawatthours","megawatthours","megawatthours","megawatthours","megawatthours","megawatthours","megawatthours","megawatthours","megawatthours","megawatthours","megawatthours","megawatthours","ratio","megawatthours","megawatthours","megawatthours","megawatthours","megawatthours","megawatthours","megawatthours"
"1992","OR","Oregon","59971","299540","430725","434536","41854678","41220343","0","3392212","0","42910176","334795","490696","-5071569",".89","43215853","42910176","0","870479","42345374","43215853","44851866","megawatthours","megawatthours","megawatthours","megawatthours","megawatthours","megawatthours","megawatthours","megawatthours","megawatthours","megawatthours","megawatthours","megawatthours","megawatthours","ratio","megawatthours","megawatthours","megawatthours","megawatthours","megawatthours","megawatthours","megawatthours"
"1992","PA","Pennsylvania","400567","6302005","4776794","4364273","174228284","166034292","0","9192976","0","116287618","1891988","5177360","48542382","1.37","179405645","116287618","0","0","179405645","179405645","121549635","megawatthours","megawatthours","megawatthours","megawatthours","megawatthours","megawatthours","megawatthours","megawatthours","megawatthours","megawatthours","megawatthours","megawatthours","megawatthours","ratio","megawatthours","megawatthours","megawatthours","megawatthours","megawatthours","megawatthours","megawatthours"
"1992","RI","Rhode Island","50008","291388","19563","120886","4715633","109308","0","505356","0","6392560","4314937","69571","-1506170",".79","5687523","6392560","0","902319","4785204","5687523","6681823","megawatthours","megawatthours","megawatthours","megawatthours","megawatthours","megawatthours","megawatthours","megawatthours","megawatthours","megawatthours","megawatthours","megawatthours","megawatthours","ratio","megawatthours","megawatthours","megawatthours","megawatthours","megawatthours","megawatthours","megawatthours"
"1992","SC","South Carolina","81589","0","2547676","2295353","71541245","71478648","0","4616813","0","58400921","62597","2629265","8449438","1.13","74170509","58400921","0","0","74170509","74170509","61043562","megawatthours","megawatthours","megawatthours","megawatthours","megawatthours","megawatthours","megawatthours","megawatthours","megawatthours","megawatthours","megawatthours","megawatthours","megawatthours","ratio","megawatthours","megawatthours","megawatthours","megawatthours","megawatthours","megawatthours","megawatthours"
"1992","SD","South Dakota","0","0","0","0","6246414","6246414","0","513363","0","6493846","0","0","-1061140",".85","6246414","6493846","0","0","6246414","6246414","6787697","megawatthours","megawatthours","megawatthours","megawatthours","megawatthours","megawatthours","megawatthours","megawatthours","megawatthours","megawatthours","megawatthours","megawatthours","megawatthours","ratio","megawatthours","megawatthours","megawatthours","megawatthours","megawatthours","megawatthours","megawatthours"
"1992","TN","Tennessee","101434","0","2234708","2300719","75411970","75396209","0","6212371","0","78584112","15761","2336142","-10685184",".88","77748112","78584112","0","0","77748112","77748112","82140041","megawatthours","megawatthours","megawatthours","megawatthours","megawatthours","megawatthours","megawatthours","megawatthours","megawatthours","megawatthours","megawatthours","megawatthours","megawatthours","ratio","megawatthours","megawatthours","megawatthours","megawatthours","megawatthours","megawatthours","megawatthours"
"1992","TX","Texas","496177","14417113","35391191","30294765","254404946","239964014","0","18927928","0","239431038","23819","35887368","20829366","1.08","290292314","239431038","0","0","290292314","290292314","250265295","megawatthours","megawatthours","megawatthours","megawatthours","megawatthours","megawatthours","megawatthours","megawatthours","megawatthours","megawatthours","megawatthours","megawatthours","megawatthours","ratio","megawatthours","megawatthours","megawatthours","megawatthours","megawatthours","megawatthours","megawatthours"
"1992","US","United States","6228133","91318913","143280470","133841242","2934373604","2797219151","0","218454479","0","2763365449","45835540","149508602","0","1","3112128807","2763365449","1863170","28246600","3083882207","3112128807","2888913951","megawatthours","megawatthours","megawatthours","megawatthours","megawatthours","megawatthours","megawatthours","megawatthours","megawatthours","megawatthours","megawatthours","megawatthours","megawatthours","ratio","megawatthours","megawatthours","megawatthours","megawatthours","megawatthours","megawatthours","megawatthours"
"1992","UT","Utah","30327","0","263372","304911","32943439","32920738","0","1309689","0","16567056","22701","293699","14593859","1.78","33237139","16567056","0","0","33237139","33237139","17316719","megawatthours","megawatthours","megawatthours","megawatthours","megawatthours","megawatthours","megawatthours","megawatthours","megawatthours","megawatthours","megawatthours","megawatthours","megawatthours","ratio","megawatthours","megawatthours","megawatthours","megawatthours","megawatthours","megawatthours","megawatthours"
"1992","VA","Virginia","182509","2885741","2650240","3111171","53519606","48963593","0","6043537","0","76448426","1670272","2832749","-29678463",".66","56352355","76448426","0","0","56352355","56352355","79907722","megawatthours","megawatthours","megawatthours","megawatthours","megawatthours","megawatthours","megawatthours","megawatthours","megawatthours","megawatthours","megawatthours","megawatthours","megawatthours","ratio","megawatthours","megawatthours","megawatthours","megawatthours","megawatthours","megawatthours","megawatthours"
"1992","VT","Vermont","0","0","40258","44731","4829885","4698045","0","390607","0","4941032","131840","40258","1381366","1.22","7611259","4941032","669689","2741116","4870143","7611259","5164612","megawatthours","megawatthours","megawatthours","megawatthours","megawatthours","megawatthours","megawatthours","megawatthours","megawatthours","megawatthours","megawatthours","megawatthours","megawatthours","ratio","megawatthours","megawatthours","megawatthours","megawatthours","megawatthours","megawatthours","megawatthours"
"1992","WA","Washington","78864","706236","1270461","1144802","85133104","84114917","0","7061030","0","89319316","311951","1349325","-7787678",".92","92727458","89319316","2623","6245029","86482429","92727458","93361019","megawatthours","megawatthours","megawatthours","megawatthours","megawatthours","megawatthours","megawatthours","megawatthours","megawatthours","megawatthours","megawatthours","megawatthours","megawatthours","ratio","megawatthours","megawatthours","megawatthours","megawatthours","megawatthours","megawatthours","megawatthours"
"1992","WI","Wisconsin","20287","22651","2259697","2299356","46613415","46463756","0","4025821","0","50925090","127008","2279984","-8415097",".85","48893398","50925090","0","0","48893398","48893398","53229450","megawatthours","megawatthours","megawatthours","megawatthours","megawatthours","megawatthours","megawatthours","megawatthours","megawatthours","megawatthours","megawatthours","megawatthours","megawatthours","ratio","megawatthours","megawatthours","megawatthours","megawatthours","megawatthours","megawatthours","megawatthours"
"1992","WV","West Virginia","0","353967","1904106","1990313","73255808","72333924","0","1883940","0","23831118","567918","1904106","48340675","2.8","75159914","23831118","0","0","75159914","75159914","24909478","megawatthours","megawatthours","megawatthours","megawatthours","megawatthours","megawatthours","megawatthours","megawatthours","megawatthours","megawatthours","megawatthours","megawatthours","megawatthours","ratio","megawatthours","megawatthours","megawatthours","megawatthours","megawatthours","megawatthours","megawatthours"
"1992","WY","Wyoming","0","0","621542","617999","41852352","41852352","0","924925","0","11699946","0","621542","29307278","3.23","42473894","11699946","0","0","42473894","42473894","12229373","megawatthours","megawatthours","megawatthours","megawatthours","megawatthours","megawatthours","megawatthours","megawatthours","megawatthours","megawatthours","megawatthours","megawatthours","megawatthours","ratio","megawatthours","megawatthours","megawatthours","megawatthours","megawatthours","megawatthours","megawatthours"
"1991","AK","Alaska","204537","0","898860","1102388","4286431","4286431","0","326774","0","4255713","0","1103397","0","1","5390491","4255713","0","663","5389828","5390491","5058359","megawatthours","megawatthours","megawatthours","megawatthours","megawatthours","megawatthours","megawatthours","megawatthours","megawatthours","megawatthours","megawatthours","megawatthours","megawatthours","ratio","megawatthours","megawatthours","megawatthours","megawatthours","megawatthours","megawatthours","megawatthours"
"1991","AL","Alabama","0","786954","2923624","3667285","85862988","85050801","0","4701328","0","61227325","25233","2923624","20206571","1.29","88786611","61227325","0","0","88786611","88786611","63813818","megawatthours","megawatthours","megawatthours","megawatthours","megawatthours","megawatthours","megawatthours","megawatthours","megawatthours","megawatthours","megawatthours","megawatthours","megawatthours","ratio","megawatthours","megawatthours","megawatthours","megawatthours","megawatthours","megawatthours","megawatthours"
"1991","AR","Arkansas","44957","0","2241153","2227895","38365135","38365135","0","2183780","0","28440257","0","2286110","8795107","1.28","40651245","28440257","0","0","40651245","40651245","29641691","megawatthours","megawatthours","megawatthours","megawatthours","megawatthours","megawatthours","megawatthours","megawatthours","megawatthours","megawatthours","megawatthours","megawatthours","megawatthours","ratio","megawatthours","megawatthours","megawatthours","megawatthours","megawatthours","megawatthours","megawatthours"
"1991","AZ","Arizona","13441","0","421763","403937","66767347","66767347","0","3213322","0","41848417","0","435203","20437111","1.44","67311127","41848417","2177","108577","67202550","67311127","43616265","megawatthours","megawatthours","megawatthours","megawatthours","megawatthours","megawatthours","megawatthours","megawatthours","megawatthours","megawatthours","megawatthours","megawatthours","megawatthours","ratio","megawatthours","megawatthours","megawatthours","megawatthours","megawatthours","megawatthours","megawatthours"
"1991","CA","California","1586533","19021491","15943468","10339906","141417643","104967938","0","16021185","0","208650489","17428214","17530001","-71767013",".69","162105515","208650489","167628","3157871","158947644","162105515","217464723","megawatthours","megawatthours","megawatthours","megawatthours","megawatthours","megawatthours","megawatthours","megawatthours","megawatthours","megawatthours","megawatthours","megawatthours","megawatthours","ratio","megawatthours","megawatthours","megawatthours","megawatthours","megawatthours","megawatthours","megawatthours"
"1991","CO","Colorado","25208","983900","68209","344749","32228176","31038231","0","2415396","0","31456688","206045","93417","-2911151",".92","32321592","31456688","0","0","32321592","32321592","32785547","megawatthours","megawatthours","megawatthours","megawatthours","megawatthours","megawatthours","megawatthours","megawatthours","megawatthours","megawatthours","megawatthours","megawatthours","megawatthours","ratio","megawatthours","megawatthours","megawatthours","megawatthours","megawatthours","megawatthours","megawatthours"
"1991","CT","Connecticut","112125","2561652","91604","327728","26832737","23552082","0","2086351","0","27171405","719003","203729","-2859466",".91","27573624","27171405","0","537158","27036466","27573624","28319239","megawatthours","megawatthours","megawatthours","megawatthours","megawatthours","megawatthours","megawatthours","megawatthours","megawatthours","megawatthours","megawatthours","megawatthours","megawatthours","ratio","megawatthours","megawatthours","megawatthours","megawatthours","megawatthours","megawatthours","megawatthours"
"1991","DC","District of Columbia","0","0","0","0","179814","179814","0","782833","0","10195163","0","0","-11239059",".02","179814","10195163","0","0","179814","179814","10625844","megawatthours","megawatthours","megawatthours","megawatthours","megawatthours","megawatthours","megawatthours","megawatthours","megawatthours","megawatthours","megawatthours","megawatthours","megawatthours","ratio","megawatthours","megawatthours","megawatthours","megawatthours","megawatthours","megawatthours","megawatthours"
"1991","DE","Delaware","0","0","234409","188275","7603723","7603723","0","655424","0","8535864","0","234409","-1722465",".82","7838132","8535864","0","0","7838132","7838132","8896449","megawatthours","megawatthours","megawatthours","megawatthours","megawatthours","megawatthours","megawatthours","megawatthours","megawatthours","megawatthours","megawatthours","megawatthours","megawatthours","ratio","megawatthours","megawatthours","megawatthours","megawatthours","megawatthours","megawatthours","megawatthours"
"1991","FL","Florida","280659","548869","5576330","6005886","133559701","130743964","0","11236398","0","146336241","2266868","5856989","-24490120",".85","139416690","146336241","0","0","139416690","139416690","152518070","megawatthours","megawatthours","megawatthours","megawatthours","megawatthours","megawatthours","megawatthours","megawatthours","megawatthours","megawatthours","megawatthours","megawatthours","megawatthours","ratio","megawatthours","megawatthours","megawatthours","megawatthours","megawatthours","megawatthours","megawatthours"
"1991","GA","Georgia","3452","0","5353185","5338036","90816494","90809416","0","6260962","0","81539086","7078","5356636","4841663","1.05","96173130","81539086","0","0","96173130","96173130","84983628","megawatthours","megawatthours","megawatthours","megawatthours","megawatthours","megawatthours","megawatthours","megawatthours","megawatthours","megawatthours","megawatthours","megawatthours","megawatthours","ratio","megawatthours","megawatthours","megawatthours","megawatthours","megawatthours","megawatthours","megawatthours"
"1991","HI","Hawaii","0","145716","847736","588512","7855500","7333192","0","654521","0","8524087","376591","847736","0","1","8703236","8524087","0","0","8703236","8703236","8039603","megawatthours","megawatthours","megawatthours","megawatthours","megawatthours","megawatthours","megawatthours","megawatthours","megawatthours","megawatthours","megawatthours","megawatthours","megawatthours","ratio","megawatthours","megawatthours","megawatthours","megawatthours","megawatthours","megawatthours","megawatthours"
"1991","IA","Iowa","26540","116571","875934","1020405","31365382","31228011","0","2363548","0","30781462","20800","902474","-2209287",".94","32267855","30781462","0","0","32267855","32267855","32081792","megawatthours","megawatthours","megawatthours","megawatthours","megawatthours","megawatthours","megawatthours","megawatthours","megawatthours","megawatthours","megawatthours","megawatthours","megawatthours","ratio","megawatthours","megawatthours","megawatthours","megawatthours","megawatthours","megawatthours","megawatthours"
"1991","ID","Idaho","0","81449","601580","590690","8827039","8281502","0","1385628","0","18045604","464088","601580","-10639243",".47","9572939","18045604","0","144321","9428618","9572939","18807919","megawatthours","megawatthours","megawatthours","megawatthours","megawatthours","megawatthours","megawatthours","megawatthours","megawatthours","megawatthours","megawatthours","megawatthours","megawatthours","ratio","megawatthours","megawatthours","megawatthours","megawatthours","megawatthours","megawatthours","megawatthours"
"1991","IL","Illinois","102433","37664","2059762","2184074","128112150","127851375","0","8973729","0","116868558","223111","2162195","-623992","1","130274345","116868558","0","0","130274345","130274345","121805557","megawatthours","megawatthours","megawatthours","megawatthours","megawatthours","megawatthours","megawatthours","megawatthours","megawatthours","megawatthours","megawatthours","megawatthours","megawatthours","ratio","megawatthours","megawatthours","megawatthours","megawatthours","megawatthours","megawatthours","megawatthours"
"1991","IN","Indiana","133718","0","3647594","3781311","98199986","98199986","0","5915020","0","77033736","0","3781311","15697508","1.18","101981297","77033736","0","0","101981297","101981297","80287954","megawatthours","megawatthours","megawatthours","megawatthours","megawatthours","megawatthours","megawatthours","megawatthours","megawatthours","megawatthours","megawatthours","megawatthours","megawatthours","ratio","megawatthours","megawatthours","megawatthours","megawatthours","megawatthours","megawatthours","megawatthours"
"1991","KS","Kansas","0","0","314454","314799","32316290","32314825","0","2161662","0","28152224","1465","314454","1099132","1.03","32630744","28152224","0","0","32630744","32630744","29341483","megawatthours","megawatthours","megawatthours","megawatthours","megawatthours","megawatthours","megawatthours","megawatthours","megawatthours","megawatthours","megawatthours","megawatthours","megawatthours","ratio","megawatthours","megawatthours","megawatthours","megawatthours","megawatthours","megawatthours","megawatthours"
"1991","KY","Kentucky","0","0","0","0","75505081","75505081","0","4929108","0","64193802","0","0","3606176","1.05","75505081","64193802","0","0","75505081","75505081","66905604","megawatthours","megawatthours","megawatthours","megawatthours","megawatthours","megawatthours","megawatthours","megawatthours","megawatthours","megawatthours","megawatthours","megawatthours","megawatthours","ratio","megawatthours","megawatthours","megawatthours","megawatthours","megawatthours","megawatthours","megawatthours"
"1991","LA","Louisiana","27529","1580946","15457489","15449070","59487674","57157976","0","4968307","0","64704299","748752","15485018","2486563","1.03","74972692","64704299","0","0","74972692","74972692","67437669","megawatthours","megawatthours","megawatthours","megawatthours","megawatthours","megawatthours","megawatthours","megawatthours","megawatthours","megawatthours","megawatthours","megawatthours","megawatthours","ratio","megawatthours","megawatthours","megawatthours","megawatthours","megawatthours","megawatthours","megawatthours"
"1991","MA","Massachusetts","325856","2573038","546313","971030","40147619","35802358","0","3439712","0","44796787","1772224","872169","-6874189",".86","43300478","44796787","0","2280689","41019789","43300478","46689186","megawatthours","megawatthours","megawatthours","megawatthours","megawatthours","megawatthours","megawatthours","megawatthours","megawatthours","megawatthours","megawatthours","megawatthours","megawatthours","ratio","megawatthours","megawatthours","megawatthours","megawatthours","megawatthours","megawatthours","megawatthours"
"1991","MD","Maryland","16393","1191769","407743","1323795","39426746","38215120","0","3924303","0","51107809","19857","424137","-17392660",".7","39850883","51107809","0","0","39850883","39850883","53266809","megawatthours","megawatthours","megawatthours","megawatthours","megawatthours","megawatthours","megawatthours","megawatthours","megawatthours","megawatthours","megawatthours","megawatthours","megawatthours","ratio","megawatthours","megawatthours","megawatthours","megawatthours","megawatthours","megawatthours","megawatthours"
"1991","ME","Maine","169308","750982","5021945","4264990","12153530","9518506","0","874024","0","11382784","1884042","5191252","6229911","1.48","19225636","11382784","242418","1880853","17344783","19225636","11863634","megawatthours","megawatthours","megawatthours","megawatthours","megawatthours","megawatthours","megawatthours","megawatthours","megawatthours","megawatthours","megawatthours","megawatthours","megawatthours","ratio","megawatthours","megawatthours","megawatthours","megawatthours","megawatthours","megawatthours","megawatthours"
"1991","MI","Michigan","578313","6702210","3436529","4371282","101963280","94567383","0","6489739","0","84518543","693687","4014843","10864462","1.11","106085752","84518543","553719","107629","105978123","106085752","88088942","megawatthours","megawatthours","megawatthours","megawatthours","megawatthours","megawatthours","megawatthours","megawatthours","megawatthours","megawatthours","megawatthours","megawatthours","megawatthours","ratio","megawatthours","megawatthours","megawatthours","megawatthours","megawatthours","megawatthours","megawatthours"
"1991","MN","Minnesota","95958","0","1434103","1432665","40602049","40427575","0","3743612","0","48754597","174474","1530061","-9623560",".82","45253085","48754597","268655","3120975","42132110","45253085","50814190","megawatthours","megawatthours","megawatthours","megawatthours","megawatthours","megawatthours","megawatthours","megawatthours","megawatthours","megawatthours","megawatthours","megawatthours","megawatthours","ratio","megawatthours","megawatthours","megawatthours","megawatthours","megawatthours","megawatthours","megawatthours"
"1991","MO","Missouri","144693","0","209343","353331","60120689","60120689","0","4339428","0","56514156","0","354036","-2823115",".96","60474725","56514156","0","0","60474725","60474725","58901545","megawatthours","megawatthours","megawatthours","megawatthours","megawatthours","megawatthours","megawatthours","megawatthours","megawatthours","megawatthours","megawatthours","megawatthours","megawatthours","ratio","megawatthours","megawatthours","megawatthours","megawatthours","megawatthours","megawatthours","megawatthours"
"1991","MS","Mississippi","0","0","2571488","2539517","23305127","23305127","0","2535386","0","33019383","0","2571488","-11108581",".7","25876615","33019383","0","0","25876615","25876615","34414251","megawatthours","megawatthours","megawatthours","megawatthours","megawatthours","megawatthours","megawatthours","megawatthours","megawatthours","megawatthours","megawatthours","megawatthours","megawatthours","ratio","megawatthours","megawatthours","megawatthours","megawatthours","megawatthours","megawatthours","megawatthours"
"1991","MT","Montana","0","0","44682","63225","28508465","28157328","0","1029423","0","13406600","351137","44682","13562541","1.9","28578579","13406600","196","25432","28553147","28578579","13972949","megawatthours","megawatthours","megawatthours","megawatthours","megawatthours","megawatthours","megawatthours","megawatthours","megawatthours","megawatthours","megawatthours","megawatthours","megawatthours","ratio","megawatthours","megawatthours","megawatthours","megawatthours","megawatthours","megawatthours","megawatthours"
"1991","NC","North Carolina","64605","3469805","1890241","2359108","87420437","83520063","0","7088502","0","92316483","430569","1954846","-14024193",".86","89375284","92316483","0","0","89375284","89375284","96216298","megawatthours","megawatthours","megawatthours","megawatthours","megawatthours","megawatthours","megawatthours","megawatthours","megawatthours","megawatthours","megawatthours","megawatthours","megawatthours","ratio","megawatthours","megawatthours","megawatthours","megawatthours","megawatthours","megawatthours","megawatthours"
"1991","ND","North Dakota","0","0","144115","133953","27535034","27535034","0","557089","0","7255201","0","144115","19716068","3.4","27932692","7255201","90457","253543","27679149","27932692","7561689","megawatthours","megawatthours","megawatthours","megawatthours","megawatthours","megawatthours","megawatthours","megawatthours","megawatthours","megawatthours","megawatthours","megawatthours","megawatthours","ratio","megawatthours","megawatthours","megawatthours","megawatthours","megawatthours","megawatthours","megawatthours"
"1991","NE","Nebraska","0","0","28413","28413","22971934","22971934","0","1428596","0","18605192","0","28413","2161970","1.1","23000347","18605192","0","0","23000347","23000347","19391148","megawatthours","megawatthours","megawatthours","megawatthours","megawatthours","megawatthours","megawatthours","megawatthours","megawatthours","megawatthours","megawatthours","megawatthours","megawatthours","ratio","megawatthours","megawatthours","megawatthours","megawatthours","megawatthours","megawatthours","megawatthours"
"1991","NH","New Hampshire","12887","90402","244603","148767","13963852","12705147","0","672771","0","8761774","1168303","257490","4944918","1.5","14758502","8761774","0","537160","14221342","14758502","9131902","megawatthours","megawatthours","megawatthours","megawatthours","megawatthours","megawatthours","megawatthours","megawatthours","megawatthours","megawatthours","megawatthours","megawatthours","megawatthours","ratio","megawatthours","megawatthours","megawatthours","megawatthours","megawatthours","megawatthours","megawatthours"
"1991","NJ","New Jersey","73891","3823827","1883350","1191437","41569224","37028965","0","4966636","0","64682551","716432","1957240","-28921046",".6","43526465","64682551","0","0","43526465","43526465","67415000","megawatthours","megawatthours","megawatthours","megawatthours","megawatthours","megawatthours","megawatthours","megawatthours","megawatthours","megawatthours","megawatthours","megawatthours","megawatthours","ratio","megawatthours","megawatthours","megawatthours","megawatthours","megawatthours","megawatthours","megawatthours"
"1991","NM","New Mexico","24267","18890","169452","212609","25083503","25064613","0","1081432","0","14083944","0","193719","9502591","1.6","25277222","14083944","0","0","25277222","25277222","14678902","megawatthours","megawatthours","megawatthours","megawatthours","megawatthours","megawatthours","megawatthours","megawatthours","megawatthours","megawatthours","megawatthours","megawatthours","megawatthours","ratio","megawatthours","megawatthours","megawatthours","megawatthours","megawatthours","megawatthours","megawatthours"
"1991","NV","Nevada","0","144124","0","122803","22065204","20922439","0","1276579","0","16625419","998641","0","3452082","1.19","22073154","16625419","0","7950","22065204","22073154","17327744","megawatthours","megawatthours","megawatthours","megawatthours","megawatthours","megawatthours","megawatthours","megawatthours","megawatthours","megawatthours","megawatthours","megawatthours","megawatthours","ratio","megawatthours","megawatthours","megawatthours","megawatthours","megawatthours","megawatthours","megawatthours"
"1991","NY","New York","206733","2814631","3091062","2860781","131302705","126076830","0","9936795","0","129410967","2411244","3297795","-7289273",".95","137859323","129410967","201721","3258823","134600500","137859323","134877808","megawatthours","megawatthours","megawatthours","megawatthours","megawatthours","megawatthours","megawatthours","megawatthours","megawatthours","megawatthours","megawatthours","megawatthours","megawatthours","ratio","megawatthours","megawatthours","megawatthours","megawatthours","megawatthours","megawatthours","megawatthours"
"1991","OH","Ohio","68995","26462","1238522","1307517","132728982","132693706","0","11184344","0","145658320","8813","1307517","-29106323",".82","134036499","145658320","0","0","134036499","134036499","151811512","megawatthours","megawatthours","megawatthours","megawatthours","megawatthours","megawatthours","megawatthours","megawatthours","megawatthours","megawatthours","megawatthours","megawatthours","megawatthours","ratio","megawatthours","megawatthours","megawatthours","megawatthours","megawatthours","megawatthours","megawatthours"
"1991","OK","Oklahoma","49846","2963591","1235591","1186632","47813680","44850089","0","3025659","0","39404397","0","1285437","4963868","1.11","49099117","39404397","0","0","49099117","49099117","41069000","megawatthours","megawatthours","megawatthours","megawatthours","megawatthours","megawatthours","megawatthours","megawatthours","megawatthours","megawatthours","megawatthours","megawatthours","megawatthours","ratio","megawatthours","megawatthours","megawatthours","megawatthours","megawatthours","megawatthours","megawatthours"
"1991","OR","Oregon","67238","324283","425182","435026","46952471","46298021","0","3351714","0","43650751","330167","492420","-122678","1","48767854","43650751","0","1322963","47444891","48767854","45494733","megawatthours","megawatthours","megawatthours","megawatthours","megawatthours","megawatthours","megawatthours","megawatthours","megawatthours","megawatthours","megawatthours","megawatthours","megawatthours","ratio","megawatthours","megawatthours","megawatthours","megawatthours","megawatthours","megawatthours","megawatthours"
"1991","PA","Pennsylvania","208107","4726397","4303475","3692195","168251128","162366875","0","8932913","0","116336998","1157855","4511581","42458225","1.33","172762709","116336998","0","0","172762709","172762709","121251541","megawatthours","megawatthours","megawatthours","megawatthours","megawatthours","megawatthours","megawatthours","megawatthours","megawatthours","megawatthours","megawatthours","megawatthours","megawatthours","ratio","megawatthours","megawatthours","megawatthours","megawatthours","megawatthours","megawatthours","megawatthours"
"1991","RI","Rhode Island","39071","292461","19563","74056","2867183","171457","0","491657","0","6403046","2403265","58634","-3708699",".48","3462976","6403046","0","537158","2925818","3462976","6673541","megawatthours","megawatthours","megawatthours","megawatthours","megawatthours","megawatthours","megawatthours","megawatthours","megawatthours","megawatthours","megawatthours","megawatthours","megawatthours","ratio","megawatthours","megawatthours","megawatthours","megawatthours","megawatthours","megawatthours","megawatthours"
"1991","SC","South Carolina","76742","0","2227620","2064577","69875645","69837984","0","4382057","0","57069331","37661","2304362","8258649","1.13","72180007","57069331","0","0","72180007","72180007","59480167","megawatthours","megawatthours","megawatthours","megawatthours","megawatthours","megawatthours","megawatthours","megawatthours","megawatthours","megawatthours","megawatthours","megawatthours","megawatthours","ratio","megawatthours","megawatthours","megawatthours","megawatthours","megawatthours","megawatthours","megawatthours"
"1991","SD","South Dakota","0","0","0","0","6572666","6572666","0","513317","0","6685140","0","0","-914883",".88","6572666","6685140","0","0","6572666","6572666","6967547","megawatthours","megawatthours","megawatthours","megawatthours","megawatthours","megawatthours","megawatthours","megawatthours","megawatthours","megawatthours","megawatthours","megawatthours","megawatthours","ratio","megawatthours","megawatthours","megawatthours","megawatthours","megawatthours","megawatthours","megawatthours"
"1991","TN","Tennessee","100748","0","2160387","2229398","73931670","73931670","0","6019171","0","78390141","0","2261135","-11608639",".87","76192805","78390141","0","0","76192805","76192805","81701654","megawatthours","megawatthours","megawatthours","megawatthours","megawatthours","megawatthours","megawatthours","megawatthours","megawatthours","megawatthours","megawatthours","megawatthours","megawatthours","ratio","megawatthours","megawatthours","megawatthours","megawatthours","megawatthours","megawatthours","megawatthours"
"1991","TX","Texas","468000","13588880","33904642","28337550","251956068","238343368","0","18455363","0","240351787","23819","34372642","16652634","1.06","286328723","240351787","446823","14","286328709","286328723","250505213","megawatthours","megawatthours","megawatthours","megawatthours","megawatthours","megawatthours","megawatthours","megawatthours","megawatthours","megawatthours","megawatthours","megawatthours","megawatthours","ratio","megawatthours","megawatthours","megawatthours","megawatthours","megawatthours","megawatthours","megawatthours"
"1991","US","United States","5659026","71941755","132579189","124057179","2935560672","2825022865","0","212079843","0","2762003040","38596052","138238215","0","1","3095729919","2762003040","2304579","21931032","3073798887","3095729919","2878459437","megawatthours","megawatthours","megawatthours","megawatthours","megawatthours","megawatthours","megawatthours","megawatthours","megawatthours","megawatthours","megawatthours","megawatthours","megawatthours","ratio","megawatthours","megawatthours","megawatthours","megawatthours","megawatthours","megawatthours","megawatthours"
"1991","UT","Utah","30327","0","294414","280458","30181164","30158463","0","1221446","0","15907404","22701","324741","12688879","1.71","30505906","15907404","0","0","30505906","30505906","16579392","megawatthours","megawatthours","megawatthours","megawatthours","megawatthours","megawatthours","megawatthours","megawatthours","megawatthours","megawatthours","megawatthours","megawatthours","megawatthours","ratio","megawatthours","megawatthours","megawatthours","megawatthours","megawatthours","megawatthours","megawatthours"
"1991","VA","Virginia","164514","2317857","2492830","2763433","52071752","48940655","0","5767394","0","75111148","813240","2657344","-29400320",".65","54729096","75111148","0","0","54729096","54729096","78284146","megawatthours","megawatthours","megawatthours","megawatthours","megawatthours","megawatthours","megawatthours","megawatthours","megawatthours","megawatthours","megawatthours","megawatthours","megawatthours","ratio","megawatthours","megawatthours","megawatthours","megawatthours","megawatthours","megawatthours","megawatthours"
"1991","VT","Vermont","0","0","34638","35275","5353347","5258829","0","361231","0","4704457","94518","34638","1822880","1.33","7419876","4704457","327830","2031891","5387985","7419876","4903195","megawatthours","megawatthours","megawatthours","megawatthours","megawatthours","megawatthours","megawatthours","megawatthours","megawatthours","megawatthours","megawatthours","megawatthours","megawatthours","ratio","megawatthours","megawatthours","megawatthours","megawatthours","megawatthours","megawatthours","megawatthours"
"1991","WA","Washington","94194","256829","977534","841701","101798835","101353045","0","7118988","0","92713509","188961","1071728","1642326","1.02","105487925","92713509","2955","2617362","102870563","105487925","96630100","megawatthours","megawatthours","megawatthours","megawatthours","megawatthours","megawatthours","megawatthours","megawatthours","megawatthours","megawatthours","megawatthours","megawatthours","megawatthours","ratio","megawatthours","megawatthours","megawatthours","megawatthours","megawatthours","megawatthours","megawatthours"
"1991","WI","Wisconsin","17207","0","2083468","2104152","47256060","47148818","0","3918498","0","51032208","107242","2100676","-7802914",".86","49356736","51032208","0","0","49356736","49356736","53188015","megawatthours","megawatthours","megawatthours","megawatthours","megawatthours","megawatthours","megawatthours","megawatthours","megawatthours","megawatthours","megawatthours","megawatthours","megawatthours","ratio","megawatthours","megawatthours","megawatthours","megawatthours","megawatthours","megawatthours","megawatthours"
"1991","WV","West Virginia","0","103","1869565","1871331","71554170","71254116","0","1814037","0","23624945","299950","1869565","46961239","2.77","73423734","23624945","0","0","73423734","73423734","24622963","megawatthours","megawatthours","megawatthours","megawatthours","megawatthours","megawatthours","megawatthours","megawatthours","megawatthours","megawatthours","megawatthours","megawatthours","megawatthours","ratio","megawatthours","megawatthours","megawatthours","megawatthours","megawatthours","megawatthours","megawatthours"
"1991","WY","Wyoming","0","0","631226","581226","38667162","38667162","0","902747","0","11756848","0","631226","26129796","2.98","39298388","11756848","0","0","39298388","39298388","12253506","megawatthours","megawatthours","megawatthours","megawatthours","megawatthours","megawatthours","megawatthours","megawatthours","megawatthours","megawatthours","megawatthours","megawatthours","megawatthours","ratio","megawatthours","megawatthours","megawatthours","megawatthours","megawatthours","megawatthours","megawatthours"
"1990","AK","Alaska","265533","0","840950","1106473","4493024","4493024","0","322955","0","4253840","0","1106482","0","1","5600415","4253840","0","909","5599506","5600415","5272100","megawatthours","megawatthours","megawatthours","megawatthours","megawatthours","megawatthours","megawatthours","megawatthours","megawatthours","megawatthours","megawatthours","megawatthours","megawatthours","ratio","megawatthours","megawatthours","megawatthours","megawatthours","megawatthours","megawatthours","megawatthours"
"1990","AL","Alabama","0","665814","2726687","3379559","76925446","76231696","0","4549600","0","59925613","27936","2726687","12515999","1.19","79652133","59925613","0","0","79652133","79652133","62523229","megawatthours","megawatthours","megawatthours","megawatthours","megawatthours","megawatthours","megawatthours","megawatthours","megawatthours","megawatthours","megawatthours","megawatthours","megawatthours","ratio","megawatthours","megawatthours","megawatthours","megawatthours","megawatthours","megawatthours","megawatthours"
"1990","AR","Arkansas","55375","0","1990787","2003697","37053436","37053436","0","2077595","0","27365296","0","2046162","8441119","1.28","39099598","27365296","0","0","39099598","39099598","28551515","megawatthours","megawatthours","megawatthours","megawatthours","megawatthours","megawatthours","megawatthours","megawatthours","megawatthours","megawatthours","megawatthours","megawatthours","megawatthours","ratio","megawatthours","megawatthours","megawatthours","megawatthours","megawatthours","megawatthours","megawatthours"
"1990","AZ","Arizona","30083","0","455232","446499","62288980","62288980","0","3148404","0","41469585","0","485315","16314712","1.35","62774295","41469585","2074","0","62774295","62774295","43267189","megawatthours","megawatthours","megawatthours","megawatthours","megawatthours","megawatthours","megawatthours","megawatthours","megawatthours","megawatthours","megawatthours","megawatthours","megawatthours","ratio","megawatthours","megawatthours","megawatthours","megawatthours","megawatthours","megawatthours","megawatthours"
"1990","CA","California","1730302","17547076","16572153","9653985","147482454","114528000","0","16026342","0","211092922","15407379","18302455","-66087034",".72","170927097","211092922","523792","5142187","165784910","170927097","220243249","megawatthours","megawatthours","megawatthours","megawatthours","megawatthours","megawatthours","megawatthours","megawatthours","megawatthours","megawatthours","megawatthours","megawatthours","megawatthours","ratio","megawatthours","megawatthours","megawatthours","megawatthours","megawatthours","megawatthours","megawatthours"
"1990","CO","Colorado","25208","930200","53888","329123","32469031","31312872","0","2337950","0","30794588","225959","79096","-1950402",".94","32548127","30794588","0","0","32548127","32548127","32129455","megawatthours","megawatthours","megawatthours","megawatthours","megawatthours","megawatthours","megawatthours","megawatthours","megawatthours","megawatthours","megawatthours","megawatthours","megawatthours","ratio","megawatthours","megawatthours","megawatthours","megawatthours","megawatthours","megawatthours","megawatthours"
"1990","CT","Connecticut","141781","1986752","190315","442483","34815151","32155574","0","2064077","0","27187238","672826","332097","4726491","1.16","35183934","27187238","0","36686","35147248","35183934","28365736","megawatthours","megawatthours","megawatthours","megawatthours","megawatthours","megawatthours","megawatthours","megawatthours","megawatthours","megawatthours","megawatthours","megawatthours","megawatthours","ratio","megawatthours","megawatthours","megawatthours","megawatthours","megawatthours","megawatthours","megawatthours"
"1990","DC","District of Columbia","0","0","0","0","361043","361043","0","747702","0","9848445","0","0","-10671862",".03","361043","9848445","0","0","361043","361043","10275355","megawatthours","megawatthours","megawatthours","megawatthours","megawatthours","megawatthours","megawatthours","megawatthours","megawatthours","megawatthours","megawatthours","megawatthours","megawatthours","ratio","megawatthours","megawatthours","megawatthours","megawatthours","megawatthours","megawatthours","megawatthours"
"1990","DE","Delaware","0","0","741836","701782","7099663","7099663","0","628918","0","8283867","0","741836","-1439359",".84","7841499","8283867","0","0","7841499","7841499","8642954","megawatthours","megawatthours","megawatthours","megawatthours","megawatthours","megawatthours","megawatthours","megawatthours","megawatthours","megawatthours","megawatthours","megawatthours","megawatthours","ratio","megawatthours","megawatthours","megawatthours","megawatthours","megawatthours","megawatthours","megawatthours"
"1990","FL","Florida","244761","647307","5290802","5589626","125966988","123623905","0","10897282","0","143534878","1695776","5535563","-29300599",".82","131502551","143534878","0","0","131502551","131502551","149756744","megawatthours","megawatthours","megawatthours","megawatthours","megawatthours","megawatthours","megawatthours","megawatthours","megawatthours","megawatthours","megawatthours","megawatthours","megawatthours","ratio","megawatthours","megawatthours","megawatthours","megawatthours","megawatthours","megawatthours","megawatthours"
"1990","GA","Georgia","2781","0","5110380","5105372","97573078","97565058","0","6107078","0","80440116","8020","5113161","12566626","1.14","102686239","80440116","0","0","102686239","102686239","83926990","megawatthours","megawatthours","megawatthours","megawatthours","megawatthours","megawatthours","megawatthours","megawatthours","megawatthours","megawatthours","megawatthours","megawatthours","megawatthours","ratio","megawatthours","megawatthours","megawatthours","megawatthours","megawatthours","megawatthours","megawatthours"
"1990","HI","Hawaii","0","542289","778856","557728","8923895","7996096","0","630943","0","8310537","385510","778856","0","1","9702751","8310537","0","0","9702751","9702751","9062940","megawatthours","megawatthours","megawatthours","megawatthours","megawatthours","megawatthours","megawatthours","megawatthours","megawatthours","megawatthours","megawatthours","megawatthours","megawatthours","ratio","megawatthours","megawatthours","megawatthours","megawatthours","megawatthours","megawatthours","megawatthours"
"1990","IA","Iowa","17195","123970","835445","977443","29191864","29047940","0","2234909","0","29437379","19955","852641","-2934233",".91","30044505","29437379","0","0","30044505","30044505","30713414","megawatthours","megawatthours","megawatthours","megawatthours","megawatthours","megawatthours","megawatthours","megawatthours","megawatthours","megawatthours","megawatthours","megawatthours","megawatthours","ratio","megawatthours","megawatthours","megawatthours","megawatthours","megawatthours","megawatthours","megawatthours"
"1990","ID","Idaho","0","80993","494879","431263","9196598","8617977","0","1366834","0","18003422","497628","494879","-10371225",".49","9797865","18003422","0","106388","9691477","9797865","18783821","megawatthours","megawatthours","megawatthours","megawatthours","megawatthours","megawatthours","megawatthours","megawatthours","megawatthours","megawatthours","megawatthours","megawatthours","megawatthours","ratio","megawatthours","megawatthours","megawatthours","megawatthours","megawatthours","megawatthours","megawatthours"
"1990","IL","Illinois","70055","37664","2097648","2173985","127224769","126977389","0","8470998","0","111576776","209716","2167702","4394380","1.04","129392471","111576776","0","0","129392471","129392471","116413343","megawatthours","megawatthours","megawatthours","megawatthours","megawatthours","megawatthours","megawatthours","megawatthours","megawatthours","megawatthours","megawatthours","megawatthours","megawatthours","ratio","megawatthours","megawatthours","megawatthours","megawatthours","megawatthours","megawatthours","megawatthours"
"1990","IN","Indiana","123443","0","3555175","3677651","97738497","97738497","0","5616789","0","73982219","0","3678618","18533509","1.22","101417115","73982219","0","0","101417115","101417115","77189157","megawatthours","megawatthours","megawatthours","megawatthours","megawatthours","megawatthours","megawatthours","megawatthours","megawatthours","megawatthours","megawatthours","megawatthours","megawatthours","ratio","megawatthours","megawatthours","megawatthours","megawatthours","megawatthours","megawatthours","megawatthours"
"1990","KS","Kansas","0","0","314749","315094","33870109","33868644","0","2061156","0","27148767","1465","314749","3770640","1.12","34184858","27148767","0","0","34184858","34184858","28325599","megawatthours","megawatthours","megawatthours","megawatthours","megawatthours","megawatthours","megawatthours","megawatthours","megawatthours","megawatthours","megawatthours","megawatthours","megawatthours","ratio","megawatthours","megawatthours","megawatthours","megawatthours","megawatthours","megawatthours","megawatthours"
"1990","KY","Kentucky","0","0","0","0","73807286","73807286","0","4638523","0","61096874","0","0","5362406","1.08","73807286","61096874","0","0","73807286","73807286","63745260","megawatthours","megawatthours","megawatthours","megawatthours","megawatthours","megawatthours","megawatthours","megawatthours","megawatthours","megawatthours","megawatthours","megawatthours","megawatthours","ratio","megawatthours","megawatthours","megawatthours","megawatthours","megawatthours","megawatthours","megawatthours"
"1990","LA","Louisiana","30669","1603665","15797112","17277108","60637847","58168408","0","4845712","0","63825890","865774","15827781","4946237","1.07","76465628","63825890","0","0","76465628","76465628","66592576","megawatthours","megawatthours","megawatthours","megawatthours","megawatthours","megawatthours","megawatthours","megawatthours","megawatthours","megawatthours","megawatthours","megawatthours","megawatthours","ratio","megawatthours","megawatthours","megawatthours","megawatthours","megawatthours","megawatthours","megawatthours"
"1990","MA","Massachusetts","305856","750576","546661","956631","38958495","36478610","0","3449968","0","45441672","1729309","852517","-9175323",".82","41732492","45441672","0","1921479","39811013","41732492","47411448","megawatthours","megawatthours","megawatthours","megawatthours","megawatthours","megawatthours","megawatthours","megawatthours","megawatthours","megawatthours","megawatthours","megawatthours","megawatthours","ratio","megawatthours","megawatthours","megawatthours","megawatthours","megawatthours","megawatthours","megawatthours"
"1990","MD","Maryland","70618","1227013","347398","1324282","32744277","31497406","0","3760640","0","49533730","19857","418016","-22330094",".6","33162292","49533730","0","0","33162292","33162292","51680888","megawatthours","megawatthours","megawatthours","megawatthours","megawatthours","megawatthours","megawatthours","megawatthours","megawatthours","megawatthours","megawatthours","megawatthours","megawatthours","ratio","megawatthours","megawatthours","megawatthours","megawatthours","megawatthours","megawatthours","megawatthours"
"1990","ME","Maine","167268","473220","4361912","4251383","11416834","9063595","0","875289","0","11528975","1880020","4529180","5249781","1.4","18284564","11528975","114982","2338550","15946014","18284564","12028731","megawatthours","megawatthours","megawatthours","megawatthours","megawatthours","megawatthours","megawatthours","megawatthours","megawatthours","megawatthours","megawatthours","megawatthours","megawatthours","ratio","megawatthours","megawatthours","megawatthours","megawatthours","megawatthours","megawatthours","megawatthours"
"1990","MI","Michigan","411321","6353648","3597089","4347354","96051325","89058681","0","6253358","0","82366869","638996","4008411","-3135880",".97","100099334","82366869","10957882","39599","100059735","100099334","85937260","megawatthours","megawatthours","megawatthours","megawatthours","megawatthours","megawatthours","megawatthours","megawatthours","megawatthours","megawatthours","megawatthours","megawatthours","megawatthours","ratio","megawatthours","megawatthours","megawatthours","megawatthours","megawatthours","megawatthours","megawatthours"
"1990","MN","Minnesota","101121","0","1180121","1272998","41789134","41549628","0","3580950","0","47166915","239506","1281242","-9042789",".83","44812363","47166915","1014279","1741988","43070375","44812363","49211483","megawatthours","megawatthours","megawatthours","megawatthours","megawatthours","megawatthours","megawatthours","megawatthours","megawatthours","megawatthours","megawatthours","megawatthours","megawatthours","ratio","megawatthours","megawatthours","megawatthours","megawatthours","megawatthours","megawatthours","megawatthours"
"1990","MO","Missouri","157956","0","184016","337933","59010858","59010858","0","4094002","0","53924637","0","341972","-1057567",".98","59352830","53924637","0","0","59352830","59352830","56262133","megawatthours","megawatthours","megawatthours","megawatthours","megawatthours","megawatthours","megawatthours","megawatthours","megawatthours","megawatthours","megawatthours","megawatthours","megawatthours","ratio","megawatthours","megawatthours","megawatthours","megawatthours","megawatthours","megawatthours","megawatthours"
"1990","MS","Mississippi","0","0","2277447","2205496","22923971","22923971","0","2439113","0","32127077","0","2277447","-10791733",".7","25201418","32127077","0","0","25201418","25201418","33519705","megawatthours","megawatthours","megawatthours","megawatthours","megawatthours","megawatthours","megawatthours","megawatthours","megawatthours","megawatthours","megawatthours","megawatthours","megawatthours","ratio","megawatthours","megawatthours","megawatthours","megawatthours","megawatthours","megawatthours","megawatthours"
"1990","MT","Montana","0","0","49306","70005","25980465","25718975","0","996429","0","13124583","261490","49306","11373538","1.77","26076825","13124583","168","47054","26029771","26076825","13693496","megawatthours","megawatthours","megawatthours","megawatthours","megawatthours","megawatthours","megawatthours","megawatthours","megawatthours","megawatthours","megawatthours","megawatthours","megawatthours","ratio","megawatthours","megawatthours","megawatthours","megawatthours","megawatthours","megawatthours","megawatthours"
"1990","NC","North Carolina","24465","2586515","2366018","3187450","82535286","79845217","0","6827139","0","89924487","103554","2390483","-15816964",".84","84925769","89924487","0","0","84925769","84925769","93822483","megawatthours","megawatthours","megawatthours","megawatthours","megawatthours","megawatthours","megawatthours","megawatthours","megawatthours","megawatthours","megawatthours","megawatthours","megawatthours","ratio","megawatthours","megawatthours","megawatthours","megawatthours","megawatthours","megawatthours","megawatthours"
"1990","ND","North Dakota","0","0","168771","154106","26824491","26824491","0","532497","0","7013850","0","168771","19156014","3.37","27243431","7013850","229869","250169","26993262","27243431","7317882","megawatthours","megawatthours","megawatthours","megawatthours","megawatthours","megawatthours","megawatthours","megawatthours","megawatthours","megawatthours","megawatthours","megawatthours","megawatthours","ratio","megawatthours","megawatthours","megawatthours","megawatthours","megawatthours","megawatthours","megawatthours"
"1990","NE","Nebraska","0","0","2910","2910","21630677","21630677","0","1356572","0","17868252","0","2910","1616352","1.08","21633587","17868252","0","0","21633587","21633587","18642792","megawatthours","megawatthours","megawatthours","megawatthours","megawatthours","megawatthours","megawatthours","megawatthours","megawatthours","megawatthours","megawatthours","megawatthours","megawatthours","ratio","megawatthours","megawatthours","megawatthours","megawatthours","megawatthours","megawatthours","megawatthours"
"1990","NH","New Hampshire","28299","93077","338481","425030","12038416","10810155","0","681739","0","8979614","1135184","366779","2381904","1.24","12441901","8979614","0","36705","12405196","12441901","9368853","megawatthours","megawatthours","megawatthours","megawatthours","megawatthours","megawatthours","megawatthours","megawatthours","megawatthours","megawatthours","megawatthours","megawatthours","megawatthours","ratio","megawatthours","megawatthours","megawatthours","megawatthours","megawatthours","megawatthours","megawatthours"
"1990","NJ","New Jersey","77749","2201872","948060","1094341","38943024","36488596","0","4772130","0","62856687","252556","1025809","-30448612",".57","39968833","62856687","0","0","39968833","39968833","65581364","megawatthours","megawatthours","megawatthours","megawatthours","megawatthours","megawatthours","megawatthours","megawatthours","megawatthours","megawatthours","megawatthours","megawatthours","megawatthours","ratio","megawatthours","megawatthours","megawatthours","megawatthours","megawatthours","megawatthours","megawatthours"
"1990","NM","New Mexico","24267","18890","285876","329033","28510061","28491171","0","1049283","0","13820760","0","310143","13336918","1.86","28820204","13820760","0","0","28820204","28820204","14419854","megawatthours","megawatthours","megawatthours","megawatthours","megawatthours","megawatthours","megawatthours","megawatthours","megawatthours","megawatthours","megawatthours","megawatthours","megawatthours","ratio","megawatthours","megawatthours","megawatthours","megawatthours","megawatthours","megawatthours","megawatthours"
"1990","NV","Nevada","0","0","0","34836","20050686","19286260","0","1241448","0","16351894","764426","0","1734196","1.09","20052733","16351894","0","2047","20050686","20052733","17060702","megawatthours","megawatthours","megawatthours","megawatthours","megawatthours","megawatthours","megawatthours","megawatthours","megawatthours","megawatthours","megawatthours","megawatthours","megawatthours","ratio","megawatthours","megawatthours","megawatthours","megawatthours","megawatthours","megawatthours","megawatthours"
"1990","NY","New York","178098","1261582","2817727","2739047","132349867","128655291","0","9818414","0","129324439","2432994","2995825","-8822843",".94","139148185","129324439","3090232","3802493","135345692","139148185","134930318","megawatthours","megawatthours","megawatthours","megawatthours","megawatthours","megawatthours","megawatthours","megawatthours","megawatthours","megawatthours","megawatthours","megawatthours","megawatthours","ratio","megawatthours","megawatthours","megawatthours","megawatthours","megawatthours","megawatthours","megawatthours"
"1990","OH","Ohio","87069","32016","1342799","1429869","126550659","126509829","0","10816092","0","142465472","8813","1429869","-31620437",".8","127980527","142465472","0","0","127980527","127980527","148640978","megawatthours","megawatthours","megawatthours","megawatthours","megawatthours","megawatthours","megawatthours","megawatthours","megawatthours","megawatthours","megawatthours","megawatthours","megawatthours","ratio","megawatthours","megawatthours","megawatthours","megawatthours","megawatthours","megawatthours","megawatthours"
"1990","OK","Oklahoma","48159","1016735","951056","957730","46079917","45063182","0","3226954","0","42504220","0","999215","-537952",".99","47079132","42504220","0","0","47079132","47079132","44346667","megawatthours","megawatthours","megawatthours","megawatthours","megawatthours","megawatthours","megawatthours","megawatthours","megawatthours","megawatthours","megawatthours","megawatthours","megawatthours","ratio","megawatthours","megawatthours","megawatthours","megawatthours","megawatthours","megawatthours","megawatthours"
"1990","OR","Oregon","63340","250427","516654","505414","49792242","49171999","0","3262881","0","42977443","369817","579994","3077931","1.06","51224696","42977443","0","852459","50372237","51224696","44840400","megawatthours","megawatthours","megawatthours","megawatthours","megawatthours","megawatthours","megawatthours","megawatthours","megawatthours","megawatthours","megawatthours","megawatthours","megawatthours","ratio","megawatthours","megawatthours","megawatthours","megawatthours","megawatthours","megawatthours","megawatthours"
"1990","PA","Pennsylvania","228616","4586829","4340586","3739464","171054110","165682846","0","8711961","0","114750659","784435","4569202","47068059","1.37","175623313","114750659","0","0","175623313","175623313","119724803","megawatthours","megawatthours","megawatthours","megawatthours","megawatthours","megawatthours","megawatthours","megawatthours","megawatthours","megawatthours","megawatthours","megawatthours","megawatthours","ratio","megawatthours","megawatthours","megawatthours","megawatthours","megawatthours","megawatthours","megawatthours"
"1990","RI","Rhode Island","43158","422234","0","52582","1064158","591756","0","487334","0","6418978","50168","43158","-6047030",".16","1144002","6418978","0","36686","1107316","1144002","6697226","megawatthours","megawatthours","megawatthours","megawatthours","megawatthours","megawatthours","megawatthours","megawatthours","megawatthours","megawatthours","megawatthours","megawatthours","megawatthours","ratio","megawatthours","megawatthours","megawatthours","megawatthours","megawatthours","megawatthours","megawatthours"
"1990","SC","South Carolina","67043","0","1975924","1787189","69320207","69259815","0","4225128","0","55651791","60392","2042967","9016456","1.14","71363174","55651791","0","0","71363174","71363174","58064150","megawatthours","megawatthours","megawatthours","megawatthours","megawatthours","megawatthours","megawatthours","megawatthours","megawatthours","megawatthours","megawatthours","megawatthours","megawatthours","ratio","megawatthours","megawatthours","megawatthours","megawatthours","megawatthours","megawatthours","megawatthours"
"1990","SD","South Dakota","0","0","0","0","6427473","6427473","0","480874","0","6333893","0","0","-668183",".91","6427473","6333893","0","0","6427473","6427473","6608448","megawatthours","megawatthours","megawatthours","megawatthours","megawatthours","megawatthours","megawatthours","megawatthours","megawatthours","megawatthours","megawatthours","megawatthours","megawatthours","ratio","megawatthours","megawatthours","megawatthours","megawatthours","megawatthours","megawatthours","megawatthours"
"1990","TN","Tennessee","86986","0","2198010","2254805","73902614","73902614","0","5856892","0","77144769","0","2284995","-10237478",".88","76187609","77144769","0","0","76187609","76187609","80488795","megawatthours","megawatthours","megawatthours","megawatthours","megawatthours","megawatthours","megawatthours","megawatthours","megawatthours","megawatthours","megawatthours","megawatthours","megawatthours","ratio","megawatthours","megawatthours","megawatthours","megawatthours","megawatthours","megawatthours","megawatthours"
"1990","TX","Texas","512438","13642255","33333780","28031066","247713418","234047343","0","18024745","0","237415127","23819","33846218","15499511","1.06","281560757","237415127","64596","1121","281559636","281560757","247706458","megawatthours","megawatthours","megawatthours","megawatthours","megawatthours","megawatthours","megawatthours","megawatthours","megawatthours","megawatthours","megawatthours","megawatthours","megawatthours","ratio","megawatthours","megawatthours","megawatthours","megawatthours","megawatthours","megawatthours","megawatthours"
"1990","US","United States","5837120","61275451","130668598","124368001","2901321622","2808151009","0","205939310","0","2712554665","31895161","136505717","0","1","3056272735","2712554665","16133584","18445396","3037827339","3056272735","2831362918","megawatthours","megawatthours","megawatthours","megawatthours","megawatthours","megawatthours","megawatthours","megawatthours","megawatthours","megawatthours","megawatthours","megawatthours","megawatthours","ratio","megawatthours","megawatthours","megawatthours","megawatthours","megawatthours","megawatthours","megawatthours"
"1990","UT","Utah","30327","0","250170","252135","32283041","32260340","0","1169307","0","15401674","22701","280497","15309286","1.89","32563539","15401674","0","0","32563539","32563539","16069292","megawatthours","megawatthours","megawatthours","megawatthours","megawatthours","megawatthours","megawatthours","megawatthours","megawatthours","megawatthours","megawatthours","megawatthours","megawatthours","ratio","megawatthours","megawatthours","megawatthours","megawatthours","megawatthours","megawatthours","megawatthours"
"1990","VA","Virginia","264869","2161720","2509438","2626953","49790151","47200499","0","5519159","0","72696269","427932","2774307","-28877488",".65","52564458","72696269","0","0","52564458","52564458","75847464","megawatthours","megawatthours","megawatthours","megawatthours","megawatthours","megawatthours","megawatthours","megawatthours","megawatthours","megawatthours","megawatthours","megawatthours","megawatthours","ratio","megawatthours","megawatthours","megawatthours","megawatthours","megawatthours","megawatthours","megawatthours"
"1990","VT","Vermont","0","0","37731","33832","5126377","4992578","0","358060","0","4716228","133799","37731","1590664","1.3","6972934","4716228","98793","1808826","5164108","6972934","4920666","megawatthours","megawatthours","megawatthours","megawatthours","megawatthours","megawatthours","megawatthours","megawatthours","megawatthours","megawatthours","megawatthours","megawatthours","megawatthours","ratio","megawatthours","megawatthours","megawatthours","megawatthours","megawatthours","megawatthours","megawatthours"
"1990","WA","Washington","100626","8460","1306738","1218129","100664171","100478861","0","6912296","0","91046151","176850","1407364","317343","1","102351585","91046151","36917","280050","102071535","102351585","94992764","megawatthours","megawatthours","megawatthours","megawatthours","megawatthours","megawatthours","megawatthours","megawatthours","megawatthours","megawatthours","megawatthours","megawatthours","megawatthours","ratio","megawatthours","megawatthours","megawatthours","megawatthours","megawatthours","megawatthours","megawatthours"
"1990","WI","Wisconsin","20287","22651","2064804","2104694","45683765","45550958","0","3735154","0","49198028","110156","2085091","-7348237",".87","47768856","49198028","0","0","47768856","47768856","51330637","megawatthours","megawatthours","megawatthours","megawatthours","megawatthours","megawatthours","megawatthours","megawatthours","megawatthours","megawatthours","megawatthours","megawatthours","megawatthours","ratio","megawatthours","megawatthours","megawatthours","megawatthours","megawatthours","megawatthours","megawatthours"
"1990","WV","West Virginia","0","0","1925409","1925622","77614135","77363692","0","1756232","0","23132431","250443","1925409","53623093","3.07","79539544","23132431","0","0","79539544","79539544","24135161","megawatthours","megawatthours","megawatthours","megawatthours","megawatthours","megawatthours","megawatthours","megawatthours","megawatthours","megawatthours","megawatthours","megawatthours","megawatthours","ratio","megawatthours","megawatthours","megawatthours","megawatthours","megawatthours","megawatthours","megawatthours"
"1990","WY","Wyoming","0","0","596811","546811","39378154","39378154","0","893500","0","11768839","0","596811","26790161","3.03","39974965","11768839","0","0","39974965","39974965","12278989","megawatthours","megawatthours","megawatthours","megawatthours","megawatthours","megawatthours","megawatthours","megawatthours","megawatthours","megawatthours","megawatthours","megawatthours","megawatthours","ratio","megawatthours","megawatthours","megawatthours","megawatthours","megawatthours","megawatthours","megawatthours"
